date,station,s5p_co,s5p_no2,s5p_o3,s5p_so2
2023-01-01,bundaran hotel indonesia,,7.532459661501615e-05,0.1203939578778049,
2023-01-01,jagakarsa,,,0.1205663813742514,
2023-01-01,jalan bdn ii,,7.040761358058458e-05,0.1188171555757961,
2023-01-01,kebon jeruk,,7.532459661501615e-05,0.1203939578778049,
2023-01-01,kelapa gading,,6.953471787971833e-05,0.1204102001501282,
2023-01-01,komp angkasa pura jakarta pusat,,6.953471787971833e-05,0.1204102001501282,
2023-01-01,lubang buaya,,7.826022601925621e-05,0.1197283576133639,
2023-01-01,us consulate jakarta pusat,,6.953471787971833e-05,0.1204102001501282,
2023-01-02,bundaran hotel indonesia,,9.659859090242902e-05,0.1193634755120803,
2023-01-02,jagakarsa,,7.787619692440912e-05,0.119610054766587,
2023-01-02,jalan bdn ii,,,0.1201948946778905,
2023-01-02,kebon jeruk,,9.659859090242902e-05,0.1193634755120803,
2023-01-02,kelapa gading,,6.349831478858377e-05,0.1198563605567763,
2023-01-02,komp angkasa pura jakarta pusat,,6.349831478858377e-05,0.1198563605567763,
2023-01-02,lubang buaya,,,0.1204724424279093,
2023-01-02,us consulate jakarta pusat,,6.349831478858377e-05,0.1198563605567763,
2023-01-03,bundaran hotel indonesia,,,0.1202552902112871,
2023-01-03,jagakarsa,,,0.1209364552658999,
2023-01-03,jalan bdn ii,,,0.119809397823904,
2023-01-03,kebon jeruk,,,0.1202552902112871,
2023-01-03,kelapa gading,,,0.1208728161520976,
2023-01-03,komp angkasa pura jakarta pusat,,,0.1208728161520976,
2023-01-03,lubang buaya,,,0.1198204235766481,
2023-01-03,us consulate jakarta pusat,,,0.1208728161520976,
2023-01-04,bundaran hotel indonesia,,0.00014010178338322234,0.1189938628768197,
2023-01-04,jagakarsa,,0.00012721786515525063,0.1186521892959698,
2023-01-04,jalan bdn ii,,8.469127928741517e-05,0.1189145761427632,
2023-01-04,kebon jeruk,,0.00014010178338322234,0.1189938628768197,
2023-01-04,kelapa gading,,0.00013201589109565617,0.1192773201085346,
2023-01-04,komp angkasa pura jakarta pusat,,0.00013201589109565617,0.1192773201085346,
2023-01-04,lubang buaya,,8.915422870267067e-05,0.1179698490827143,
2023-01-04,us consulate jakarta pusat,,0.00013201589109565617,0.1192773201085346,
2023-01-05,bundaran hotel indonesia,0.0329391707035304,0.0001227448677810382,0.1195195759431693,0.00017017980035296008
2023-01-05,jagakarsa,0.0314201479003771,9.701840667235309e-05,0.1194355393063612,0.00017017980035296008
2023-01-05,jalan bdn ii,0.0340492414716917,8.862334460491975e-05,0.1186825447109057,-2.5e-05
2023-01-05,kebon jeruk,0.0329391707035304,0.0001227448677810382,0.1195195759431693,0.00012637733596753496
2023-01-05,kelapa gading,0.0328507158451297,0.00010802914634372264,0.1199796305709655,0.0003622169522977515
2023-01-05,komp angkasa pura jakarta pusat,0.0328507158451297,0.00010802914634372264,0.1199796305709655,0.00017017980035296008
2023-01-05,lubang buaya,0.0320607217947242,0.00011687441392594108,0.1190024613992044,
2023-01-05,us consulate jakarta pusat,0.0328507158451297,0.00010802914634372264,0.1199796305709655,0.00017017980035296008
2023-01-06,bundaran hotel indonesia,0.0265619306189663,4.742528074129644e-05,0.1187053347521794,-0.0002
2023-01-06,jagakarsa,0.025017817614682,7.016199292439357e-05,0.1194227041309237,-0.0002
2023-01-06,jalan bdn ii,0.0270384295991738,4.319962181723544e-05,0.1190477417139174,-0.00041
2023-01-06,kebon jeruk,0.0265619306189663,4.742528074129644e-05,0.1187053347521794,-0.0002
2023-01-06,kelapa gading,0.0289540346666738,7.681127730599935e-05,0.1193413936670767,
2023-01-06,komp angkasa pura jakarta pusat,0.0289540346666738,7.681127730599935e-05,0.1193413936670767,-0.0002
2023-01-06,lubang buaya,0.0264382253009333,3.562778039917185e-05,0.1189242390202052,
2023-01-06,us consulate jakarta pusat,0.0289540346666738,7.681127730599935e-05,0.1193413936670767,-0.0002
2023-01-07,bundaran hotel indonesia,0.0301841469400821,5.995224353050715e-05,0.1183057138794437,0.00017020117692514736
2023-01-07,jagakarsa,0.0296422587637485,8.918627014236308e-05,0.1199066539397731,2.288970895905668e-05
2023-01-07,jalan bdn ii,0.0297699678675181,5.591527420419721e-05,0.119680471470464,-0.000127
2023-01-07,kebon jeruk,0.0301841469400821,5.995224353050715e-05,0.1183057138794437,0.00017020117692514736
2023-01-07,kelapa gading,0.0263758118249927,8.539346382553245e-05,0.1204818272590333,-5.56e-05
2023-01-07,komp angkasa pura jakarta pusat,0.0263758118249927,8.539346382553245e-05,0.1204818272590333,2.288970895905668e-05
2023-01-07,lubang buaya,0.0268065117688481,5.5163709437932906e-05,0.1200807585503728,0.00010073606039413962
2023-01-07,us consulate jakarta pusat,0.0263758118249927,8.539346382553245e-05,0.1204818272590333,2.288970895905668e-05
2023-01-08,bundaran hotel indonesia,,6.404809001078109e-05,0.1183117790257971,0.0011129749739578
2023-01-08,jagakarsa,,6.255223276919328e-05,0.1188758335117334,0.0011129749739578
2023-01-08,jalan bdn ii,,6.966822068081322e-05,0.1200626724856186,0.0002395384376690686
2023-01-08,kebon jeruk,,6.404809001078109e-05,0.1183117790257971,
2023-01-08,kelapa gading,,5.752758828402376e-05,0.1183038412609254,0.0001990764802948856
2023-01-08,komp angkasa pura jakarta pusat,,5.752758828402376e-05,0.1183038412609254,0.0011129749739578
2023-01-08,lubang buaya,,8.461429212598188e-05,0.1205910787373449,
2023-01-08,us consulate jakarta pusat,,5.752758828402376e-05,0.1183038412609254,0.0011129749739578
2023-01-09,bundaran hotel indonesia,0.0262375910054528,0.00010114116796798249,0.1187492035810804,6.5452579614553e-05
2023-01-09,jagakarsa,0.0255589398070834,0.00011739008757142086,0.1204965476356815,6.5452579614553e-05
2023-01-09,jalan bdn ii,0.0263997122009191,4.836780384144997e-05,0.1203383292047337,-0.00013
2023-01-09,kebon jeruk,0.0262375910054528,0.00010114116796798249,0.1187492035810804,0.0001412267634543542
2023-01-09,kelapa gading,0.0299479117620398,0.00010673375930916843,0.120066225677973,-3.47e-05
2023-01-09,komp angkasa pura jakarta pusat,0.0299479117620398,0.00010673375930916843,0.120066225677973,6.5452579614553e-05
2023-01-09,lubang buaya,0.0266708285013179,6.301845463002746e-05,0.1199513998178434,7.444804642497906e-05
2023-01-09,us consulate jakarta pusat,0.0299479117620398,0.00010673375930916843,0.120066225677973,6.5452579614553e-05
2023-01-10,bundaran hotel indonesia,0.0242689141679699,7.459515463174114e-05,0.1195607928327359,-0.000211
2023-01-10,jagakarsa,0.0254124780943558,9.403533417893786e-05,0.1194297848811045,-0.000211
2023-01-10,jalan bdn ii,0.0232207081342356,6.505082881654997e-05,0.1201547921701828,8.793491014413606e-05
2023-01-10,kebon jeruk,0.0242689141679699,7.459515463174114e-05,0.1195607928327359,-1.57e-05
2023-01-10,kelapa gading,0.0243649339300454,0.00010165524151001074,0.1189958501410331,4.312843645551409e-05
2023-01-10,komp angkasa pura jakarta pusat,0.0243649339300454,0.00010165524151001074,0.1189958501410331,-0.000211
2023-01-10,lubang buaya,0.0226226633491089,7.131814794774914e-05,0.1197906743293836,-0.000459
2023-01-10,us consulate jakarta pusat,0.0243649339300454,0.00010165524151001074,0.1189958501410331,-0.000211
2023-01-11,bundaran hotel indonesia,,0.00012407232120717647,0.1203124870357479,
2023-01-11,jagakarsa,,9.737251011209108e-05,0.1202029386184829,
2023-01-11,jalan bdn ii,0.0395417360632476,9.95957997697259e-05,0.11962719963775,0.0004170143674825093
2023-01-11,kebon jeruk,,0.00012407232120717647,0.1203124870357479,
2023-01-11,kelapa gading,,0.00010778203294286157,0.1204817109381983,
2023-01-11,komp angkasa pura jakarta pusat,,0.00010778203294286157,0.1204817109381983,
2023-01-11,lubang buaya,0.0407065894410573,0.00015115705150251475,0.1201023319282511,-0.000137
2023-01-11,us consulate jakarta pusat,,0.00010778203294286157,0.1204817109381983,
2023-01-12,bundaran hotel indonesia,0.0383871317177388,0.0002418829579664554,0.1197585194121571,-7e-05
2023-01-12,jagakarsa,0.0365396127066912,0.000183131051103838,0.1198589416670081,-7e-05
2023-01-12,jalan bdn ii,0.0301541171503345,0.00019838885227732936,0.1196662633438882,-0.000257
2023-01-12,kebon jeruk,0.0383871317177388,0.0002418829579664554,0.1197585194121571,-7e-05
2023-01-12,kelapa gading,0.0380477261963582,0.00018426009636258504,0.1201077739776271,-0.000169
2023-01-12,komp angkasa pura jakarta pusat,0.0380477261963582,0.00018426009636258504,0.1201077739776271,-7e-05
2023-01-12,lubang buaya,0.0291837402211063,0.00018795012496497133,0.1192245097299954,6.907532919862555e-05
2023-01-12,us consulate jakarta pusat,0.0380477261963582,0.00018426009636258504,0.1201077739776271,-7e-05
2023-01-13,bundaran hotel indonesia,,,,0.000372070878917939
2023-01-13,jagakarsa,,,,-4.4e-06
2023-01-13,kebon jeruk,,,,0.000372070878917939
2023-01-13,kelapa gading,,0.00010152044297504405,0.12030530173327,5.16451974660951e-05
2023-01-13,komp angkasa pura jakarta pusat,,0.00010152044297504405,0.12030530173327,-4.4e-06
2023-01-13,us consulate jakarta pusat,,0.00010152044297504405,0.12030530173327,-4.4e-06
2023-01-14,bundaran hotel indonesia,0.0318277323409134,0.00016393626772404435,0.1183888857490209,-0.00074
2023-01-14,jagakarsa,0.0331606851072483,0.00013216753220619728,0.1189895338297236,-0.00074
2023-01-14,jalan bdn ii,0.0292024978904418,0.00012456736663484815,0.1181169560897825,
2023-01-14,kebon jeruk,0.0318277323409134,0.00016393626772404435,0.1183888857490209,-0.00074
2023-01-14,kelapa gading,0.0333964445136692,0.00013575703797780967,0.1194533791727625,
2023-01-14,komp angkasa pura jakarta pusat,0.0333964445136692,0.00013575703797780967,0.1194533791727625,-0.00074
2023-01-14,lubang buaya,0.0301257352228273,0.00018777117690168413,0.1188829186736573,
2023-01-14,us consulate jakarta pusat,0.0333964445136692,0.00013575703797780967,0.1194533791727625,-0.00074
2023-01-15,bundaran hotel indonesia,0.0226419484683211,5.658980819598037e-05,0.1166104644678483,0.0003116700882094944
2023-01-15,jagakarsa,0.0253473053629776,6.881819973728013e-05,0.1172673488168923,0.0003116700882094944
2023-01-15,jalan bdn ii,0.023909098417618,4.917281446261872e-05,0.1168737586960609,2.823267833023201e-05
2023-01-15,kebon jeruk,0.0226419484683211,5.658980819598037e-05,0.1166104644678483,9.49980390690318e-05
2023-01-15,kelapa gading,0.0267741643660376,8.170657855547476e-05,0.1166703945866034,7.448094019846572e-05
2023-01-15,komp angkasa pura jakarta pusat,0.0267741643660376,8.170657855547476e-05,0.1166703945866034,0.0003116700882094944
2023-01-15,lubang buaya,0.026843574318567,4.934304614955423e-05,0.1166066346145204,-3.05e-05
2023-01-15,us consulate jakarta pusat,0.0267741643660376,8.170657855547476e-05,0.1166703945866034,0.0003116700882094944
2023-01-16,bundaran hotel indonesia,,0.00011848374534904568,0.1180640055986869,
2023-01-16,jagakarsa,,9.761078353643451e-05,0.1182394015927521,
2023-01-16,jalan bdn ii,,6.827324168350843e-05,0.1174473920620789,
2023-01-16,kebon jeruk,,0.00011848374534904568,0.1180640055986869,
2023-01-16,kelapa gading,,0.00010160799804096977,0.1186399658789995,
2023-01-16,komp angkasa pura jakarta pusat,,0.00010160799804096977,0.1186399658789995,
2023-01-16,lubang buaya,,6.815726915043136e-05,0.118052548233406,
2023-01-16,us consulate jakarta pusat,,0.00010160799804096977,0.1186399658789995,
2023-01-17,bundaran hotel indonesia,,,0.1171535001076682,
2023-01-17,jagakarsa,,,0.1172392930409894,
2023-01-17,jalan bdn ii,,,0.1173148594013754,
2023-01-17,kebon jeruk,,,0.1171535001076682,
2023-01-17,kelapa gading,,,0.1178243610985178,
2023-01-17,komp angkasa pura jakarta pusat,,,0.1178243610985178,
2023-01-17,lubang buaya,,,0.1173998168917842,
2023-01-17,us consulate jakarta pusat,,,0.1178243610985178,
2023-01-18,bundaran hotel indonesia,,0.00013171884847962962,0.1196691176144128,
2023-01-18,jagakarsa,,0.00012769219491076726,0.1189736160388552,
2023-01-18,jalan bdn ii,,0.00011509241310545748,0.1187401704679975,
2023-01-18,kebon jeruk,,0.00013171884847962962,0.1196691176144128,
2023-01-18,kelapa gading,,0.0001135395388341212,0.1187160518049312,
2023-01-18,komp angkasa pura jakarta pusat,,0.0001135395388341212,0.1187160518049312,
2023-01-18,lubang buaya,,0.00010616823268525952,0.1189909674974765,
2023-01-18,us consulate jakarta pusat,,0.0001135395388341212,0.1187160518049312,
2023-01-19,bundaran hotel indonesia,,9.86396550936521e-05,0.1181995700643176,
2023-01-19,jagakarsa,,8.650463382501333e-05,0.1187437023812383,
2023-01-19,jalan bdn ii,0.0242911223424739,0.0001353567025007912,0.1190004580870485,
2023-01-19,kebon jeruk,,9.86396550936521e-05,0.1181995700643176,
2023-01-19,kelapa gading,,9.77702829176906e-05,0.1186994553461928,
2023-01-19,komp angkasa pura jakarta pusat,,9.77702829176906e-05,0.1186994553461928,
2023-01-19,lubang buaya,0.0242911223185752,0.00013354740376687725,0.1190149749771971,
2023-01-19,us consulate jakarta pusat,,9.77702829176906e-05,0.1186994553461928,
2023-01-20,bundaran hotel indonesia,0.0259618373629651,7.495202011184178e-05,0.1175959791089615,
2023-01-20,jagakarsa,0.0278054028798676,8.911103030477027e-05,0.118245040374286,
2023-01-20,jalan bdn ii,,8.184592454945845e-05,0.1190446652255534,
2023-01-20,kebon jeruk,0.0259618373629651,7.495202011184178e-05,0.1175959791089615,
2023-01-20,kelapa gading,0.0286412181246006,9.144183065852168e-05,0.1183570629589564,
2023-01-20,komp angkasa pura jakarta pusat,0.0286412181246006,9.144183065852168e-05,0.1183570629589564,
2023-01-20,lubang buaya,,8.934956789648083e-05,0.118496487515016,
2023-01-20,us consulate jakarta pusat,0.0286412181246006,9.144183065852168e-05,0.1183570629589564,
2023-01-21,bundaran hotel indonesia,0.0314783680538994,9.42007274667571e-05,0.1182964417545175,
2023-01-21,jagakarsa,0.0314184513435539,9.307220217747208e-05,0.1190844769484616,
2023-01-21,jalan bdn ii,,6.28820611618581e-05,0.1194993328763375,
2023-01-21,kebon jeruk,0.0314783680538994,9.42007274667571e-05,0.1182964417545175,
2023-01-21,kelapa gading,0.032406071829231,0.00010010221050760848,0.1190389767719403,0.0006838641696333861
2023-01-21,komp angkasa pura jakarta pusat,0.032406071829231,0.00010010221050760848,0.1190389767719403,
2023-01-21,lubang buaya,0.0299179959344206,5.578146246946408e-05,0.1194014062571387,
2023-01-21,us consulate jakarta pusat,0.032406071829231,0.00010010221050760848,0.1190389767719403,
2023-01-22,bundaran hotel indonesia,0.0282187435397866,5.062934785874301e-05,0.1184522805192161,-0.000155
2023-01-22,jagakarsa,0.0276920835238778,6.938546752565084e-05,0.11780200983711,-0.000155
2023-01-22,jalan bdn ii,0.0293196947694663,4.828323825203588e-05,0.1206509081908631,9.330153588948668e-05
2023-01-22,kebon jeruk,0.0282187435397866,5.062934785874301e-05,0.1184522805192161,-0.000155
2023-01-22,kelapa gading,0.0279686693810099,7.563224606521781e-05,0.1174065487379859,8.743911786446335e-06
2023-01-22,komp angkasa pura jakarta pusat,0.0279686693810099,7.563224606521781e-05,0.1174065487379859,-0.000155
2023-01-22,lubang buaya,0.026323155090316,8.290878524515136e-05,0.1203737942997411,4.5674345037802464e-05
2023-01-22,us consulate jakarta pusat,0.0279686693810099,7.563224606521781e-05,0.1174065487379859,-0.000155
2023-01-23,bundaran hotel indonesia,0.0301038380949757,7.096332325998569e-05,0.1180440141048849,
2023-01-23,jagakarsa,0.0300709100925074,7.439623013284934e-05,0.1176915873052877,
2023-01-23,jalan bdn ii,0.0281396414118961,5.954739688323247e-05,0.1175794253004026,
2023-01-23,kebon jeruk,0.0301038380949757,7.096332325998569e-05,0.1180440141048849,
2023-01-23,kelapa gading,,7.00790807573121e-05,0.118596241199207,
2023-01-23,komp angkasa pura jakarta pusat,,7.00790807573121e-05,0.118596241199207,
2023-01-23,lubang buaya,0.0254163985364132,6.143798313241905e-05,0.1176342118010605,
2023-01-23,us consulate jakarta pusat,,7.00790807573121e-05,0.118596241199207,
2023-01-24,bundaran hotel indonesia,0.0239247875571349,6.494850489767536e-05,0.1181623306491075,7.411688269697196e-05
2023-01-24,jagakarsa,0.0244476472288108,7.423048642526626e-05,0.1179284661103267,7.411688269697196e-05
2023-01-24,jalan bdn ii,,4.893687273205602e-05,0.1178349014067569,-0.000228
2023-01-24,kebon jeruk,0.0239247875571349,6.494850489767536e-05,0.1181623306491075,-0.000117
2023-01-24,kelapa gading,0.0244294994582142,8.561457113508615e-05,0.1174660233502512,0.0004842519713124197
2023-01-24,komp angkasa pura jakarta pusat,0.0244294994582142,8.561457113508615e-05,0.1174660233502512,7.411688269697196e-05
2023-01-24,lubang buaya,,4.918821628133582e-05,0.1189508690587421,0.00010682950716865874
2023-01-24,us consulate jakarta pusat,0.0244294994582142,8.561457113508615e-05,0.1174660233502512,7.411688269697196e-05
2023-01-25,bundaran hotel indonesia,,5.793711602825264e-05,0.1194726864845288,
2023-01-25,jagakarsa,,6.188650812208576e-05,0.1198358815984193,
2023-01-25,jalan bdn ii,,4.7772164246752025e-05,0.119238903522682,
2023-01-25,kebon jeruk,,5.793711602825264e-05,0.1194726864845288,
2023-01-25,kelapa gading,,5.197512242218512e-05,0.1200241006463573,
2023-01-25,komp angkasa pura jakarta pusat,,5.197512242218512e-05,0.1200241006463573,
2023-01-25,lubang buaya,,5.150255375917074e-05,0.1193972394817154,
2023-01-25,us consulate jakarta pusat,,5.197512242218512e-05,0.1200241006463573,
2023-01-26,bundaran hotel indonesia,0.0285459898897867,0.00011330707269990268,0.1186463287081072,7.86667817199003e-05
2023-01-26,jagakarsa,0.0290201074416969,0.00010701699950464384,0.1190436280110435,7.86667817199003e-05
2023-01-26,jalan bdn ii,0.0262526368139635,6.371655432315515e-05,0.1176464787014298,
2023-01-26,kebon jeruk,0.0285459898897867,0.00011330707269990268,0.1186463287081072,0.0003809053898126919
2023-01-26,kelapa gading,0.0281369136634631,0.00010397810618082992,0.1188316252602016,0.000229196677120162
2023-01-26,komp angkasa pura jakarta pusat,0.0281369136634631,0.00010397810618082992,0.1188316252602016,7.86667817199003e-05
2023-01-26,lubang buaya,,6.667558429531685e-05,0.1171443117595972,
2023-01-26,us consulate jakarta pusat,0.0281369136634631,0.00010397810618082992,0.1188316252602016,7.86667817199003e-05
2023-01-27,bundaran hotel indonesia,,8.036906858246232e-05,0.1180740369535746,
2023-01-27,jagakarsa,,5.584953627497771e-05,0.1180878209515443,
2023-01-27,jalan bdn ii,,8.552168079534498e-05,0.117408744014341,
2023-01-27,kebon jeruk,,8.036906858246232e-05,0.1180740369535746,
2023-01-27,kelapa gading,,6.199056048314291e-05,0.118294729725659,
2023-01-27,komp angkasa pura jakarta pusat,,6.199056048314291e-05,0.118294729725659,
2023-01-27,lubang buaya,,9.841089095157e-05,0.117909070910906,
2023-01-27,us consulate jakarta pusat,,6.199056048314291e-05,0.118294729725659,
2023-01-28,bundaran hotel indonesia,,,0.1177963236513385,
2023-01-28,jagakarsa,,,0.1178921750244876,
2023-01-28,jalan bdn ii,,,0.1185397555570365,
2023-01-28,kebon jeruk,,,0.1177963236513385,
2023-01-28,kelapa gading,,,0.1179194270900515,
2023-01-28,komp angkasa pura jakarta pusat,,,0.1179194270900515,
2023-01-28,lubang buaya,,,0.1183161898408178,
2023-01-28,us consulate jakarta pusat,,,0.1179194270900515,
2023-01-29,kelapa gading,,,0.1176810735158547,
2023-01-29,komp angkasa pura jakarta pusat,,,0.1176810735158547,
2023-01-29,us consulate jakarta pusat,,,0.1176810735158547,
2023-01-30,bundaran hotel indonesia,0.0318720807087212,0.00010989804059436696,0.1163273103646164,0.0009106117025886687
2023-01-30,jagakarsa,,8.5307724729229e-05,0.1165016822915446,0.0009106117025886687
2023-01-30,jalan bdn ii,0.0303861369858523,8.941828941180339e-05,0.1166743681783083,
2023-01-30,kebon jeruk,0.0318720807087212,0.00010989804059436696,0.1163273103646164,
2023-01-30,kelapa gading,,9.178835316880412e-05,0.1166784449307309,0.001062072618271
2023-01-30,komp angkasa pura jakarta pusat,,9.178835316880412e-05,0.1166784449307309,0.0009106117025886687
2023-01-30,lubang buaya,0.0303861368458712,9.1896096582615e-05,0.1167824887699334,
2023-01-30,us consulate jakarta pusat,,9.178835316880412e-05,0.1166784449307309,0.0009106117025886687
2023-01-31,bundaran hotel indonesia,,7.6792326954914e-05,0.1166486040148422,
2023-01-31,jagakarsa,,9.465226471969912e-05,0.1169231619450094,
2023-01-31,jalan bdn ii,,4.185449307588448e-05,0.1175292810514198,
2023-01-31,kebon jeruk,,7.6792326954914e-05,0.1166486040148422,
2023-01-31,kelapa gading,,9.661640615483364e-05,0.1169119201749941,
2023-01-31,komp angkasa pura jakarta pusat,,9.661640615483364e-05,0.1169119201749941,
2023-01-31,lubang buaya,,5.996361625540999e-05,0.1171126015171429,
2023-01-31,us consulate jakarta pusat,,9.661640615483364e-05,0.1169119201749941,
2023-02-01,bundaran hotel indonesia,,0.0001017523636005023,0.1165938274103277,
2023-02-01,jagakarsa,,0.00010053667428528044,0.1171065522733019,
2023-02-01,jalan bdn ii,,0.00011992284502828227,0.1165898332684257,
2023-02-01,kebon jeruk,,0.0001017523636005023,0.1165938274103277,
2023-02-01,kelapa gading,,0.00010533429497572052,0.1172443477904758,
2023-02-01,komp angkasa pura jakarta pusat,,0.00010533429497572052,0.1172443477904758,
2023-02-01,lubang buaya,0.0292187998404915,0.0001176715999439012,0.1154888850648681,
2023-02-01,us consulate jakarta pusat,,0.00010533429497572052,0.1172443477904758,
2023-02-02,bundaran hotel indonesia,,,0.1169347851998205,
2023-02-02,jagakarsa,,,0.1168972602068727,
2023-02-02,jalan bdn ii,,,0.1179684606871906,
2023-02-02,kebon jeruk,,,0.1169347851998205,
2023-02-02,kelapa gading,,,0.1169585640300275,
2023-02-02,komp angkasa pura jakarta pusat,,,0.1169585640300275,
2023-02-02,lubang buaya,,,0.1181778623254922,
2023-02-02,us consulate jakarta pusat,,,0.1169585640300275,
2023-02-03,bundaran hotel indonesia,,7.156216169709708e-05,0.1186154964762625,
2023-02-03,jagakarsa,,5.273577029706894e-05,0.118428528340817,
2023-02-03,jalan bdn ii,,5.6260274202239616e-05,0.1180624388988672,
2023-02-03,kebon jeruk,,7.156216169709708e-05,0.1186154964762625,
2023-02-03,kelapa gading,,7.341018807545814e-05,0.1180938850285383,
2023-02-03,komp angkasa pura jakarta pusat,,7.341018807545814e-05,0.1180938850285383,
2023-02-03,lubang buaya,,5.674130561621545e-05,0.1180922347141997,
2023-02-03,us consulate jakarta pusat,,7.341018807545814e-05,0.1180938850285383,
2023-02-04,bundaran hotel indonesia,,8.57584457914002e-05,0.1175455680005004,
2023-02-04,jagakarsa,,9.669270049162826e-05,0.1178873074754139,
2023-02-04,jalan bdn ii,,7.12375908136695e-05,0.1166478932146234,
2023-02-04,kebon jeruk,,8.57584457914002e-05,0.1175455680005004,
2023-02-04,kelapa gading,,9.80039189081708e-05,0.1175736491302486,
2023-02-04,komp angkasa pura jakarta pusat,,9.80039189081708e-05,0.1175736491302486,
2023-02-04,lubang buaya,,7.97726168128797e-05,0.116577767531597,
2023-02-04,us consulate jakarta pusat,,9.80039189081708e-05,0.1175736491302486,
2023-02-05,bundaran hotel indonesia,0.0292380894355808,8.197926313704405e-05,0.115383946221426,
2023-02-05,jagakarsa,0.0300184860257465,9.306143005048496e-05,0.1156700291297265,
2023-02-05,jalan bdn ii,0.0303493638208742,4.706577726296015e-05,0.1159046586314154,0.000796706717975673
2023-02-05,kebon jeruk,0.0292380894355808,8.197926313704405e-05,0.115383946221426,0.0005463537149697507
2023-02-05,kelapa gading,0.0297966458336807,9.495583325835498e-05,0.1146793208127131,
2023-02-05,komp angkasa pura jakarta pusat,0.0297966458336807,9.495583325835498e-05,0.1146793208127131,
2023-02-05,lubang buaya,0.0294220563081806,5.013840767952205e-05,0.1146802403708898,
2023-02-05,us consulate jakarta pusat,0.0297966458336807,9.495583325835498e-05,0.1146793208127131,
2023-02-06,bundaran hotel indonesia,,7.83993883453461e-05,0.1170810454410031,0.0005418676677839356
2023-02-06,jagakarsa,,8.535946933478507e-05,0.116829079188793,0.0005418676677839356
2023-02-06,jalan bdn ii,,4.984386760947936e-05,0.1175061972596133,
2023-02-06,kebon jeruk,,7.83993883453461e-05,0.1170810454410031,0.0005418676677839356
2023-02-06,kelapa gading,0.0342940687615395,0.00010646789847309429,0.1174589488332628,0.0004367916508284189
2023-02-06,komp angkasa pura jakarta pusat,0.0342940687615395,0.00010646789847309429,0.1174589488332628,0.0005418676677839356
2023-02-06,lubang buaya,,4.434502105302407e-05,0.1172430590644661,0.00022420764415519192
2023-02-06,us consulate jakarta pusat,0.0342940687615395,0.00010646789847309429,0.1174589488332628,0.0005418676677839356
2023-02-07,bundaran hotel indonesia,,0.00011153867697889968,0.1186337792033785,
2023-02-07,jagakarsa,,8.974622254495153e-05,0.1179796436313026,
2023-02-07,jalan bdn ii,,9.51110443189394e-05,0.11740602827772,
2023-02-07,kebon jeruk,,0.00011153867697889968,0.1186337792033785,
2023-02-07,kelapa gading,,8.728047607600673e-05,0.1184254883959994,
2023-02-07,komp angkasa pura jakarta pusat,,8.728047607600673e-05,0.1184254883959994,
2023-02-07,lubang buaya,,9.496910802478838e-05,0.117396612872689,
2023-02-07,us consulate jakarta pusat,,8.728047607600673e-05,0.1184254883959994,
2023-02-08,bundaran hotel indonesia,,9.68808587688328e-05,0.1184925275289049,0.0001861951602109699
2023-02-08,jagakarsa,,0.00013529347392077898,0.1183916151823221,0.0001861951602109699
2023-02-08,jalan bdn ii,0.0314447805924086,,0.1184003446326695,0.00018985135687529488
2023-02-08,kebon jeruk,,9.68808587688328e-05,0.1184925275289049,0.0001861951602109699
2023-02-08,kelapa gading,,0.00016420869717807295,0.1184473376721622,2.7545349417603136e-05
2023-02-08,komp angkasa pura jakarta pusat,,0.00016420869717807295,0.1184473376721622,0.0001861951602109699
2023-02-08,lubang buaya,0.031444780615591,7.099592154538343e-05,0.1177487922328203,-7.42e-05
2023-02-08,us consulate jakarta pusat,,0.00016420869717807295,0.1184473376721622,0.0001861951602109699
2023-02-09,bundaran hotel indonesia,,5.5210311255139055e-05,0.1182910684136729,
2023-02-09,jagakarsa,,6.414405935943334e-05,0.118486736555308,
2023-02-09,jalan bdn ii,,5.0995858821890254e-05,0.1173526025142018,
2023-02-09,kebon jeruk,,5.5210311255139055e-05,0.1182910684136729,
2023-02-09,kelapa gading,,6.957727022108978e-05,0.1181143762900868,
2023-02-09,komp angkasa pura jakarta pusat,,6.957727022108978e-05,0.1181143762900868,
2023-02-09,lubang buaya,,4.768236342993291e-05,0.1176391729616589,
2023-02-09,us consulate jakarta pusat,,6.957727022108978e-05,0.1181143762900868,
2023-02-10,bundaran hotel indonesia,,7.409985462831118e-05,0.1175778668515633,
2023-02-10,jagakarsa,0.029104303018393,5.390280032109335e-05,0.1175524247242606,
2023-02-10,jalan bdn ii,,4.999501682577471e-05,0.1164474278747002,
2023-02-10,kebon jeruk,,7.409985462831118e-05,0.1175778668515633,
2023-02-10,kelapa gading,0.0290735294834578,6.44661119443865e-05,0.1174972418686702,-0.000134
2023-02-10,komp angkasa pura jakarta pusat,0.0290735294834578,6.44661119443865e-05,0.1174972418686702,
2023-02-10,lubang buaya,,5.146086664267233e-05,0.1161611188959933,
2023-02-10,us consulate jakarta pusat,0.0290735294834578,6.44661119443865e-05,0.1174972418686702,
2023-02-11,bundaran hotel indonesia,,0.00010933416329043908,0.1199171171006503,
2023-02-11,jagakarsa,,8.875234676990307e-05,0.1203015935435539,
2023-02-11,jalan bdn ii,,0.0001175123871840592,0.1189580681571812,
2023-02-11,kebon jeruk,,0.00010933416329043908,0.1199171171006503,
2023-02-11,kelapa gading,,8.904306883756725e-05,0.1195400729469784,
2023-02-11,komp angkasa pura jakarta pusat,,8.904306883756725e-05,0.1195400729469784,
2023-02-11,lubang buaya,,0.00011867249904044228,0.1192056403302072,
2023-02-11,us consulate jakarta pusat,,8.904306883756725e-05,0.1195400729469784,
2023-02-12,bundaran hotel indonesia,,9.578969976028112e-05,0.1187537215117894,
2023-02-12,jagakarsa,,0.00010142713688119448,0.1186559968170703,
2023-02-12,jalan bdn ii,,,0.1183057976631742,
2023-02-12,kebon jeruk,,9.578969976028112e-05,0.1187537215117894,
2023-02-12,kelapa gading,,0.00010179235684387768,0.1178091606336044,
2023-02-12,komp angkasa pura jakarta pusat,,0.00010179235684387768,0.1178091606336044,
2023-02-12,lubang buaya,,,0.1180701823973806,
2023-02-12,us consulate jakarta pusat,,0.00010179235684387768,0.1178091606336044,
2023-02-13,bundaran hotel indonesia,,3.3361947267296844e-05,0.1172515277749175,
2023-02-13,jagakarsa,,4.944517506377763e-05,0.1179095894236916,
2023-02-13,jalan bdn ii,,4.098824686704301e-05,0.1178639142628382,
2023-02-13,kebon jeruk,,3.3361947267296844e-05,0.1172515277749175,
2023-02-13,kelapa gading,,4.017556317566761e-05,0.1176981087826872,
2023-02-13,komp angkasa pura jakarta pusat,,4.017556317566761e-05,0.1176981087826872,
2023-02-13,lubang buaya,,3.2664221348408384e-05,0.1184853975992108,
2023-02-13,us consulate jakarta pusat,,4.017556317566761e-05,0.1176981087826872,
2023-02-14,kelapa gading,,,,0.0005844261683394079
2023-02-15,bundaran hotel indonesia,0.0267305751855805,5.3150511183289685e-05,0.1168033660247548,
2023-02-15,jagakarsa,,7.183266888647991e-05,0.1176082902254772,
2023-02-15,jalan bdn ii,,5.913057553923255e-05,0.1177041474178048,
2023-02-15,kebon jeruk,0.0267305751855805,5.3150511183289685e-05,0.1168033660247548,
2023-02-15,kelapa gading,,7.671196644781185e-05,0.1178958204357856,
2023-02-15,komp angkasa pura jakarta pusat,,7.671196644781185e-05,0.1178958204357856,
2023-02-15,lubang buaya,,5.429075256138843e-05,0.117860470996655,
2023-02-15,us consulate jakarta pusat,,7.671196644781185e-05,0.1178958204357856,
2023-02-16,bundaran hotel indonesia,,7.066007419016128e-05,0.1168465002131492,
2023-02-16,jagakarsa,,8.028086320797698e-05,0.1170417064344933,
2023-02-16,jalan bdn ii,,5.4050440851817954e-05,0.1166519691024211,
2023-02-16,kebon jeruk,,7.066007419016128e-05,0.1168465002131492,
2023-02-16,kelapa gading,,8.826768576530248e-05,0.1169689033581446,
2023-02-16,komp angkasa pura jakarta pusat,,8.826768576530248e-05,0.1169689033581446,
2023-02-16,lubang buaya,,5.348756611063365e-05,0.1159100017886878,
2023-02-16,us consulate jakarta pusat,,8.826768576530248e-05,0.1169689033581446,
2023-02-17,bundaran hotel indonesia,,7.880484030569293e-05,0.113633281648303,
2023-02-17,jagakarsa,,8.384955860266348e-05,0.1140977638057385,
2023-02-17,jalan bdn ii,0.0268455186208574,7.35119438302001e-05,0.1151179308493569,
2023-02-17,kebon jeruk,,7.880484030569293e-05,0.113633281648303,
2023-02-17,kelapa gading,,8.446682450963937e-05,0.1144768656644306,
2023-02-17,komp angkasa pura jakarta pusat,,8.446682450963937e-05,0.1144768656644306,
2023-02-17,lubang buaya,,7.772653446303415e-05,0.114639799731033,
2023-02-17,us consulate jakarta pusat,,8.446682450963937e-05,0.1144768656644306,
2023-02-18,bundaran hotel indonesia,0.0296189175083784,9.308268515528406e-05,0.11662027732608,0.00021172996751449608
2023-02-18,jagakarsa,0.0294579194082553,7.184499528814958e-05,0.1167831230920946,0.00021172996751449608
2023-02-18,jalan bdn ii,0.0308538632158967,9.986104132608452e-05,0.1158354229666578,-0.000139
2023-02-18,kebon jeruk,0.0296189175083784,9.308268515528406e-05,0.11662027732608,0.00021172996751449608
2023-02-18,kelapa gading,0.0296853391173437,7.796057462485287e-05,0.1161605329495486,0.0002472927774294615
2023-02-18,komp angkasa pura jakarta pusat,0.0296853391173437,7.796057462485287e-05,0.1161605329495486,0.00021172996751449608
2023-02-18,lubang buaya,0.0327773669880299,9.012897411042664e-05,0.1163015503852386,-0.0007
2023-02-18,us consulate jakarta pusat,0.0296853391173437,7.796057462485287e-05,0.1161605329495486,0.00021172996751449608
2023-02-19,bundaran hotel indonesia,0.0260865446050948,0.0001042259699739828,0.1147507340998342,0.0004641821235216208
2023-02-19,jagakarsa,0.0254169256276396,7.557488751877929e-05,0.1165864063686001,0.0004641821235216208
2023-02-19,jalan bdn ii,0.0260501694933637,0.00011448949345449278,0.1156237555200198,6.965865789738324e-06
2023-02-19,kebon jeruk,0.0260865446050948,0.0001042259699739828,0.1147507340998342,0.0004641821235216208
2023-02-19,kelapa gading,0.0288536207538008,7.935552030318276e-05,0.1172947269404556,-0.00032
2023-02-19,komp angkasa pura jakarta pusat,0.0288536207538008,7.935552030318276e-05,0.1172947269404556,0.0004641821235216208
2023-02-19,lubang buaya,0.0271296046477287,0.0001079903854462324,0.1167135903486868,4.754511025301391e-05
2023-02-19,us consulate jakarta pusat,0.0288536207538008,7.935552030318276e-05,0.1172947269404556,0.0004641821235216208
2023-02-20,bundaran hotel indonesia,0.0295676811783124,4.425131087771858e-05,0.1127648874522362,
2023-02-20,jagakarsa,,5.604146457827349e-05,0.1143056827528386,
2023-02-20,jalan bdn ii,,9.154954222627892e-05,0.1162910798394737,
2023-02-20,kebon jeruk,0.0295676811783124,4.425131087771858e-05,0.1127648874522362,
2023-02-20,kelapa gading,,5.5144058130155175e-05,0.1140557951072152,
2023-02-20,komp angkasa pura jakarta pusat,,5.5144058130155175e-05,0.1140557951072152,
2023-02-20,lubang buaya,,0.00010266385636208312,0.1161682855406665,
2023-02-20,us consulate jakarta pusat,,5.5144058130155175e-05,0.1140557951072152,
2023-02-21,bundaran hotel indonesia,0.0311542893140625,0.0001086106280553758,0.1145365154989754,0.0004135282360801154
2023-02-21,jagakarsa,0.0313929284699282,0.00011015169634902736,0.1153500889844016,0.0004135282360801154
2023-02-21,jalan bdn ii,0.0282775849309201,6.308176593802748e-05,0.1163066598730662,7.297655108902837e-05
2023-02-21,kebon jeruk,0.0311542893140625,0.0001086106280553758,0.1145365154989754,0.00031300440566744774
2023-02-21,kelapa gading,0.0314645431028997,0.00011493183887339122,0.1151763635254879,-0.000102
2023-02-21,komp angkasa pura jakarta pusat,0.0314645431028997,0.00011493183887339122,0.1151763635254879,0.0004135282360801154
2023-02-21,lubang buaya,0.0292993047393799,6.579529567388409e-05,0.1158831762726064,6.532931792448299e-05
2023-02-21,us consulate jakarta pusat,0.0314645431028997,0.00011493183887339122,0.1151763635254879,0.0004135282360801154
2023-02-22,bundaran hotel indonesia,0.0300839337960494,6.588399376321895e-05,0.1158193823356429,-9.03e-05
2023-02-22,jagakarsa,0.0305178265999327,6.207135342634252e-05,0.1165015946340311,-9.03e-05
2023-02-22,jalan bdn ii,0.0303027143225809,8.600568037394132e-05,0.1158632309199169,
2023-02-22,kebon jeruk,0.0300839337960494,6.588399376321895e-05,0.1158193823356429,
2023-02-22,kelapa gading,0.0305788241569445,7.207407176128812e-05,0.1168301806271891,-9.03e-05
2023-02-22,komp angkasa pura jakarta pusat,0.0305788241569445,7.207407176128812e-05,0.1168301806271891,-9.03e-05
2023-02-22,lubang buaya,0.0292110755485831,8.891591232903477e-05,0.116349363672056,
2023-02-22,us consulate jakarta pusat,0.0305788241569445,7.207407176128812e-05,0.1168301806271891,-9.03e-05
2023-02-23,bundaran hotel indonesia,,7.707661965752968e-05,0.1162926853703021,
2023-02-23,jagakarsa,,6.398399366206204e-05,0.1166920924877086,
2023-02-23,jalan bdn ii,0.0285074267404831,7.328796977422154e-05,0.1153485505414217,
2023-02-23,kebon jeruk,,7.707661965752968e-05,0.1162926853703021,
2023-02-23,kelapa gading,,6.045911969401345e-05,0.1162594185190312,
2023-02-23,komp angkasa pura jakarta pusat,,6.045911969401345e-05,0.1162594185190312,
2023-02-23,lubang buaya,0.0252828585920707,8.87865986216941e-05,0.1152696919451242,
2023-02-23,us consulate jakarta pusat,,6.045911969401345e-05,0.1162594185190312,
2023-02-24,bundaran hotel indonesia,,,0.1169761296534291,
2023-02-24,jagakarsa,,,0.1173636044293057,
2023-02-24,jalan bdn ii,,0.00011101976999394662,0.117572378756914,
2023-02-24,kebon jeruk,,,0.1169761296534291,
2023-02-24,kelapa gading,,,0.1172502360003638,
2023-02-24,komp angkasa pura jakarta pusat,,,0.1172502360003638,
2023-02-24,lubang buaya,,,0.1174902131983202,
2023-02-24,us consulate jakarta pusat,,,0.1172502360003638,
2023-02-25,bundaran hotel indonesia,,8.403637790376636e-05,0.1164870276438503,
2023-02-25,jagakarsa,,7.367411852983242e-05,0.1166323907988744,
2023-02-25,jalan bdn ii,,0.00010585329406540114,0.1161947894761386,
2023-02-25,kebon jeruk,,8.403637790376636e-05,0.1164870276438503,
2023-02-25,kelapa gading,,,0.117396118840512,
2023-02-25,komp angkasa pura jakarta pusat,,,0.117396118840512,
2023-02-25,lubang buaya,,0.00010585329447756804,0.1154420734416668,
2023-02-25,us consulate jakarta pusat,,,0.117396118840512,
2023-02-26,bundaran hotel indonesia,,6.025017155571411e-05,0.1171418770622418,
2023-02-26,jagakarsa,,5.635475615698733e-05,0.1173045527183624,
2023-02-26,jalan bdn ii,0.0309973234761043,7.484536197987811e-05,0.1160079978772337,
2023-02-26,kebon jeruk,,6.025017155571411e-05,0.1171418770622418,
2023-02-26,kelapa gading,,5.0792238985191016e-05,0.1173079319936442,
2023-02-26,komp angkasa pura jakarta pusat,,5.0792238985191016e-05,0.1173079319936442,
2023-02-26,lubang buaya,0.0318041244443734,7.089914365969133e-05,0.1161851832761594,
2023-02-26,us consulate jakarta pusat,,5.635475615698733e-05,0.1173079319936442,
2023-02-27,bundaran hotel indonesia,,0.00011013251398877572,0.1167835099340527,
2023-02-27,jagakarsa,,0.00011768217246018834,0.1172289800116219,
2023-02-27,jalan bdn ii,0.028252044023438,0.0001700307387079862,0.1157592774798942,
2023-02-27,kebon jeruk,,0.0001232312076021963,0.1167835099340527,
2023-02-27,kelapa gading,,,0.1167837444958879,
2023-02-27,komp angkasa pura jakarta pusat,,0.00011768217246018834,0.1167837444958879,
2023-02-27,lubang buaya,0.0282520446618044,0.00013890956991855307,0.1158673414277206,
2023-02-27,us consulate jakarta pusat,,0.00011768217246018834,0.1167837444958879,
2023-02-28,bundaran hotel indonesia,,0.00010758298382087988,0.1169371518682497,
2023-02-28,jagakarsa,0.0346499309614333,0.00010741179098820108,0.117040460043021,
2023-02-28,jalan bdn ii,,8.070009898977479e-05,0.1164224473846512,
2023-02-28,kebon jeruk,,0.00010758298382087988,0.1169371518682497,
2023-02-28,kelapa gading,0.0340484420664953,0.00010483969796998878,0.116667541658781,
2023-02-28,komp angkasa pura jakarta pusat,0.0340484420664953,0.00010483969796998878,0.116667541658781,
2023-02-28,lubang buaya,,6.539791993012681e-05,0.1158045320968589,
2023-02-28,us consulate jakarta pusat,0.0340484420664953,0.00010483969796998878,0.116667541658781,
2023-03-01,bundaran hotel indonesia,,0.0001016550945664266,0.1169487770098501,
2023-03-01,jagakarsa,,8.28665114410111e-05,0.1163306144469839,
2023-03-01,jalan bdn ii,,8.184580342199366e-05,0.1170252760344071,
2023-03-01,kebon jeruk,,0.0001016550945664266,0.1169487770098501,
2023-03-01,kelapa gading,,8.414467091183936e-05,0.1165820779274423,
2023-03-01,komp angkasa pura jakarta pusat,,8.414467091183936e-05,0.1165820779274423,
2023-03-01,lubang buaya,,0.00013856857846765623,0.1174683753662234,
2023-03-01,us consulate jakarta pusat,,8.414467091183936e-05,0.1165820779274423,
2023-03-03,bundaran hotel indonesia,,,0.1182217273922013,
2023-03-03,jagakarsa,0.0266452372923272,8.350822825982025e-05,0.1181934642913762,
2023-03-03,jalan bdn ii,,5.165304398836349e-05,0.1187396363218976,
2023-03-03,kebon jeruk,0.0264698301955546,8.036007735687408e-05,0.1182217273922013,
2023-03-03,kelapa gading,,9.678971935790148e-05,0.1192570128806016,
2023-03-03,komp angkasa pura jakarta pusat,0.0266452372923272,8.350822825982025e-05,0.1192570128806016,
2023-03-03,lubang buaya,0.0310464388471593,5.147821357479232e-05,0.1181864779019779,
2023-03-03,us consulate jakarta pusat,0.0266452372923272,8.350822825982025e-05,0.1192570128806016,
2023-03-04,bundaran hotel indonesia,,0.00010567374241026936,0.1176275371407835,
2023-03-04,jagakarsa,,8.686433401872235e-05,0.1174367928505967,
2023-03-04,jalan bdn ii,0.0277367056914146,9.225235448126265e-05,0.1187764489668545,
2023-03-04,kebon jeruk,,8.277137510524657e-05,0.1176275371407835,
2023-03-04,kelapa gading,,8.906105292996035e-05,0.118214392510357,
2023-03-04,komp angkasa pura jakarta pusat,,8.686433401872235e-05,0.118214392510357,
2023-03-04,lubang buaya,0.0284981514874179,9.131474670251948e-05,0.118186842004338,
2023-03-04,us consulate jakarta pusat,,8.686433401872235e-05,0.118214392510357,
2023-03-05,bundaran hotel indonesia,0.0327299770851905,5.16734826950979e-05,0.1177997349528751,
2023-03-05,jagakarsa,,8.627400459969809e-05,0.1190060642442713,
2023-03-05,jalan bdn ii,,5.607323994133092e-05,0.1168772201351015,0.00037109316825118113
2023-03-05,kebon jeruk,,5.306736841379912e-05,0.1177997349528751,
2023-03-05,kelapa gading,,7.659802903889016e-05,0.1177612277051801,
2023-03-05,komp angkasa pura jakarta pusat,,8.627400459969809e-05,0.1177612277051801,
2023-03-05,lubang buaya,,4.88256425407346e-05,0.1178328134929518,0.0003735237968778253
2023-03-05,us consulate jakarta pusat,,8.627400459969809e-05,0.1177612277051801,
2023-03-06,bundaran hotel indonesia,0.0302491094352721,7.470228277825019e-05,0.1158777822026221,0.00021352589812940803
2023-03-06,jagakarsa,0.0318599848134934,9.270626646515694e-05,0.1177439781525821,0.00021352589812940803
2023-03-06,jalan bdn ii,0.0281746333653838,6.154950195519014e-05,0.1172885307737394,-0.000438
2023-03-06,kebon jeruk,0.0302491094352721,7.426641537302991e-05,0.1158777822026221,-0.000145
2023-03-06,kelapa gading,0.0322424992104314,9.315555987949876e-05,0.1175649130854693,0.00011715649463171477
2023-03-06,komp angkasa pura jakarta pusat,0.0322424992104314,9.270626646515694e-05,0.1175649130854693,0.00021352589812940803
2023-03-06,lubang buaya,0.0283393473169105,5.897944904013299e-05,0.1172903237656885,4.378178683920905e-05
2023-03-06,us consulate jakarta pusat,0.0322424992104314,9.270626646515694e-05,0.1175649130854693,0.00021352589812940803
2023-03-07,bundaran hotel indonesia,0.0299767315740139,0.000111321583350672,0.1173478349780378,0.0002544562748049057
2023-03-07,jagakarsa,0.0340729113230078,9.219348750973496e-05,0.1176728388700318,0.0002544562748049057
2023-03-07,jalan bdn ii,0.0266107048924814,9.435411582795377e-05,0.1170192180786351,0.0006426471287044326
2023-03-07,kebon jeruk,0.0299767315740139,0.000111321583350672,0.1173478349780378,0.0002544562748049057
2023-03-07,kelapa gading,0.0328058641697203,0.0001016733348872246,0.1170672027847181,1.5008740179095862e-05
2023-03-07,komp angkasa pura jakarta pusat,0.0328058641697203,0.0001016733348872246,0.1170672027847181,0.0002544562748049057
2023-03-07,lubang buaya,0.0253101000676484,0.00010655094192678656,0.1168884308725996,0.00014422913414659602
2023-03-07,us consulate jakarta pusat,0.0328058641697203,0.0001016733348872246,0.1170672027847181,0.0002544562748049057
2023-03-08,bundaran hotel indonesia,,0.00014884733419161,0.1183488646460838,
2023-03-08,jagakarsa,,0.00016378753672394852,0.1183130382785881,
2023-03-08,jalan bdn ii,,8.017160594429764e-05,0.1186904972695941,
2023-03-08,kebon jeruk,,8.678219498707233e-05,0.1183488646460838,
2023-03-08,kelapa gading,,0.00014233901653105976,0.1183297036047465,
2023-03-08,komp angkasa pura jakarta pusat,,0.00016378753672394852,0.1183297036047465,
2023-03-08,lubang buaya,,7.875845470957123e-05,0.1183884988682394,
2023-03-08,us consulate jakarta pusat,,0.00016378753672394852,0.1183297036047465,
2023-03-09,bundaran hotel indonesia,0.035834959706274,0.00013344602884733604,0.1200315671236464,0.00018226702727520432
2023-03-09,jagakarsa,0.036808724730936,9.301799486366276e-05,0.120518664526523,0.00018226702727520432
2023-03-09,jalan bdn ii,0.036004999932506,0.00017455751100344807,0.1196924356142268,
2023-03-09,kebon jeruk,0.0350995160597453,0.00010575742523207774,0.1200315671236464,0.00018731248514310345
2023-03-09,kelapa gading,0.0359721771070691,9.021945978733194e-05,0.1210642098840753,0.00026257340653152664
2023-03-09,komp angkasa pura jakarta pusat,0.036808724730936,9.301799486366276e-05,0.1210642098840753,0.00018226702727520432
2023-03-09,lubang buaya,0.0365618270128643,0.00016117468245690055,0.1204304515905372,0.0007682054365481251
2023-03-09,us consulate jakarta pusat,0.036808724730936,9.301799486366276e-05,0.1210642098840753,0.00018226702727520432
2023-03-10,bundaran hotel indonesia,0.043847146240879,0.0003431521152923016,0.1271366421878331,-0.000376
2023-03-10,jagakarsa,0.0432125807547511,0.00014760766640091694,0.1264063131980694,-0.000376
2023-03-10,jalan bdn ii,,0.0002610000808189862,0.1242158525448171,
2023-03-10,kebon jeruk,0.0410223448585488,0.00025297159907596245,0.1271366421878331,
2023-03-10,kelapa gading,0.0439064935525578,0.00011854507879009643,0.126390087730841,-0.000403
2023-03-10,komp angkasa pura jakarta pusat,0.0432125807547511,0.00014760766640091694,0.126390087730841,-0.000376
2023-03-10,lubang buaya,0.0407270396384574,0.00023226814836742684,0.1255673354961573,
2023-03-10,us consulate jakarta pusat,0.0432125807547511,0.00014760766640091694,0.126390087730841,-0.000376
2023-03-11,bundaran hotel indonesia,0.0422909575038041,0.00013746746466559767,0.1246071296516644,0.0002008421889893872
2023-03-11,jagakarsa,0.037924344808407,8.827805948097459e-05,0.1242955256600491,0.0002008421889893872
2023-03-11,jalan bdn ii,0.0404644691938175,0.0002021580967259016,0.1243492030499333,0.0002314224550307711
2023-03-11,kebon jeruk,0.0422909575038041,0.00013746746466559767,0.1246071296516644,0.00014118753053279
2023-03-11,kelapa gading,0.0358932931221816,8.91916884241316e-05,0.1244051828228022,0.0004389004418592716
2023-03-11,komp angkasa pura jakarta pusat,0.0358932931221816,8.91916884241316e-05,0.1244051828228022,0.0002008421889893872
2023-03-11,lubang buaya,0.0416662569879084,0.00019068219343913688,0.1250947869133221,0.0004322885715193196
2023-03-11,us consulate jakarta pusat,0.0358932931221816,8.91916884241316e-05,0.1244051828228022,0.0002008421889893872
2023-03-12,bundaran hotel indonesia,0.0379474200381294,0.0001086280604622104,0.1232060067119162,0.00018672444991011647
2023-03-12,jagakarsa,0.0357816244945105,7.856741777951047e-05,0.1226709053007146,0.00018672444991011647
2023-03-12,jalan bdn ii,,0.00011444301133927842,0.1231969495137659,0.0002045744621119743
2023-03-12,kebon jeruk,0.0379474200381294,9.697356882654752e-05,0.1232060067119162,-3.6e-05
2023-03-12,kelapa gading,0.0355588535774525,8.34386975045271e-05,0.1233318867237734,0.00011739674773928322
2023-03-12,komp angkasa pura jakarta pusat,0.0355588535774525,7.856741777951047e-05,0.1233318867237734,0.00018672444991011647
2023-03-12,lubang buaya,0.0397384402364143,0.00011978263501744866,0.123248517675992,0.0001151335206921737
2023-03-12,us consulate jakarta pusat,0.0355588535774525,7.856741777951047e-05,0.1233318867237734,0.00018672444991011647
2023-03-13,bundaran hotel indonesia,0.0455711178481371,0.0001479207720827534,0.1238076424910195,0.0006650477307494409
2023-03-13,jagakarsa,0.0466375365386998,0.00011401162182108856,0.1235889879537377,0.0006650477307494409
2023-03-13,jalan bdn ii,0.0450243342687623,0.00013036593968430646,0.1230221925543906,0.0009585500869718796
2023-03-13,kebon jeruk,0.0456735118268955,0.00011378935982210935,0.1238076424910195,0.0006230858029363378
2023-03-13,kelapa gading,0.0467012149024625,0.00010515975191649528,0.1238830451903183,0.0005584987673187045
2023-03-13,komp angkasa pura jakarta pusat,0.0466375365386998,0.00011401162182108856,0.1238830451903183,0.0006650477307494409
2023-03-13,lubang buaya,0.0450395604817341,0.00016088017238084762,0.123071330787899,
2023-03-13,us consulate jakarta pusat,0.0466375365386998,0.00011401162182108856,0.1238830451903183,0.0006650477307494409
2023-03-14,bundaran hotel indonesia,,0.00011341682026228278,0.1228601755830614,
2023-03-14,jagakarsa,,,0.1228184471280157,
2023-03-14,jalan bdn ii,,0.0001589275165063786,0.1227913620982462,
2023-03-14,kebon jeruk,,0.00011341681934526396,0.1228601755830614,
2023-03-14,kelapa gading,,,0.1230614340342871,
2023-03-14,komp angkasa pura jakarta pusat,,,0.1230614340342871,
2023-03-14,lubang buaya,,0.00014636668642583492,0.1236289311179715,
2023-03-14,us consulate jakarta pusat,,,0.1230614340342871,
2023-03-15,bundaran hotel indonesia,,,0.1234993366328644,
2023-03-15,jagakarsa,,,0.1242686698014558,
2023-03-15,jalan bdn ii,,0.00014618300048187407,0.124805031550864,
2023-03-15,kebon jeruk,,,0.1234993366328644,
2023-03-15,kelapa gading,,0.0002955225045202087,0.1238414241343894,
2023-03-15,komp angkasa pura jakarta pusat,,,0.1238414241343894,
2023-03-15,lubang buaya,,0.00020738943146994277,0.1252276429694064,
2023-03-15,us consulate jakarta pusat,,,0.1238414241343894,
2023-03-16,bundaran hotel indonesia,0.037253279802651,0.0001298885431733288,0.1241095733554628,-9.13e-05
2023-03-16,jagakarsa,0.0351233677825372,8.192366495864553e-05,0.1240731947175008,-9.13e-05
2023-03-16,jalan bdn ii,0.037568495396154,0.0001247643228131943,0.1236372989507961,8.534526762706548e-05
2023-03-16,kebon jeruk,0.0353839782621956,8.453910765050083e-05,0.1241095733554628,-7.45e-05
2023-03-16,kelapa gading,0.0356299134486855,7.549740222660718e-05,0.1242001542795181,-7.15e-05
2023-03-16,komp angkasa pura jakarta pusat,0.0351233677825372,8.192366495864553e-05,0.1242001542795181,-9.13e-05
2023-03-16,lubang buaya,0.0368702559468571,9.221447598376736e-05,0.123655900429625,-0.0002
2023-03-16,us consulate jakarta pusat,0.0351233677825372,8.192366495864553e-05,0.1242001542795181,-9.13e-05
2023-03-17,bundaran hotel indonesia,0.0358116670925872,0.00019504509470543983,0.1250867508249283,-0.0002
2023-03-17,jagakarsa,,0.00010105954754197408,0.1248272050474227,-0.0002
2023-03-17,jalan bdn ii,0.0383353295554177,0.00021662751666680715,0.1250394991677336,0.0001698053405579919
2023-03-17,kebon jeruk,0.0393413717722075,0.000175712344200726,0.1250867508249283,-0.000269
2023-03-17,kelapa gading,0.0302142034150658,0.00010310253770982296,0.1247841618232741,-0.000135
2023-03-17,komp angkasa pura jakarta pusat,,0.00010105954754197408,0.1247841618232741,-0.0002
2023-03-17,lubang buaya,0.0379675679288391,0.00017546087147367188,0.1236474785943144,-0.000328
2023-03-17,us consulate jakarta pusat,,0.00010105954754197408,0.1247841618232741,-0.0002
2023-03-18,bundaran hotel indonesia,,,0.1252627220238527,0.0016918473364193
2023-03-18,jagakarsa,,,,0.0016918473364193
2023-03-18,jalan bdn ii,,0.0001271005958424946,0.1248380167705555,0.0016918473088184
2023-03-18,kebon jeruk,,0.00010193418683010844,0.1252627220238527,0.0016918473364193
2023-03-19,bundaran hotel indonesia,,0.00010126164710625036,0.1204821637865976,
2023-03-19,jagakarsa,0.0287544018665658,8.727776008466034e-05,0.1226085596602047,
2023-03-19,jalan bdn ii,,,0.1201807204206916,
2023-03-19,kebon jeruk,,9.104654326553156e-05,0.1204821637865976,
2023-03-19,kelapa gading,0.0294483276683499,8.737243057178202e-05,0.1230033775947719,3.002337673518081e-06
2023-03-19,komp angkasa pura jakarta pusat,0.0287544018665658,8.727776008466034e-05,0.1230033775947719,3.002337673518081e-06
2023-03-19,lubang buaya,,,0.121905010938969,
2023-03-19,us consulate jakarta pusat,0.0287544018665658,8.727776008466034e-05,0.1226085596602047,3.002337673518081e-06
2023-03-20,bundaran hotel indonesia,0.0460769340782115,0.00022129163212756745,0.1238654624225223,-7.3e-05
2023-03-20,jagakarsa,0.0428988041013531,0.00014526044528229018,0.124087511648512,-7.3e-05
2023-03-20,jalan bdn ii,0.0498122050723915,0.0002550992015298928,0.1229396163262013,-0.000262
2023-03-20,kebon jeruk,0.0485375212723601,0.00017105132401698417,0.1238654624225223,4.743810509978887e-05
2023-03-20,kelapa gading,0.0378578768390783,0.00012322727750891996,0.1226777437255006,-9.3e-05
2023-03-20,komp angkasa pura jakarta pusat,0.0428988041013531,0.00014526044528229018,0.1226777437255006,-7.3e-05
2023-03-20,lubang buaya,0.0434381576859652,0.00029588358548503696,0.1227266445992485,0.00016455275190406144
2023-03-20,us consulate jakarta pusat,0.0428988041013531,0.00014526044528229018,0.124087511648512,-7.3e-05
2023-03-21,bundaran hotel indonesia,0.0341120623677303,0.00017790267990704133,0.1212274281802964,-9.28e-05
2023-03-21,jagakarsa,0.0334482058612607,0.00014099269721024,0.1207435809140984,-9.28e-05
2023-03-21,jalan bdn ii,0.0289110148609862,0.00015547523874750703,0.1219677153504501,-0.000111
2023-03-21,kebon jeruk,0.0334703008189638,0.00018819382309545455,0.1212274281802964,-0.000125
2023-03-21,kelapa gading,0.0317667443445726,0.00011963157127744258,0.120899413336534,-2.5e-05
2023-03-21,komp angkasa pura jakarta pusat,0.0334482058612607,0.00014099269721024,0.120899413336534,-9.28e-05
2023-03-21,lubang buaya,0.0358816879606835,0.0001391417923558496,0.1208651243554236,-0.000125
2023-03-21,us consulate jakarta pusat,0.0334482058612607,0.00014099269721024,0.1207435809140984,-9.28e-05
2023-03-22,bundaran hotel indonesia,0.0397602753755374,0.0001871893574674997,0.1222462421134498,0.00015746401899059776
2023-03-22,jagakarsa,0.0415809524441592,0.00011959392539137723,0.1219578903126845,0.00015746401899059776
2023-03-22,jalan bdn ii,0.032733598362633,9.61155337604998e-05,0.1207038177735375,-0.000241
2023-03-22,kebon jeruk,0.0387780334411002,0.00016107248456707164,0.1222462421134498,-0.000158
2023-03-22,kelapa gading,0.0412066500557601,0.00011359579238656814,0.1213757307032025,-8.22e-05
2023-03-22,komp angkasa pura jakarta pusat,0.0415809524441592,0.00011959392539137723,0.1213757307032025,0.00015746401899059776
2023-03-22,lubang buaya,0.0328120234465073,0.00012936489265011277,0.1199138571847913,
2023-03-22,us consulate jakarta pusat,0.0415809524441592,0.00011959392539137723,0.1213757307032025,0.00015746401899059776
2023-03-23,bundaran hotel indonesia,,0.0001005065071525264,0.1200625452493291,0.0007285973567868983
2023-03-23,jagakarsa,,7.299272833053525e-05,0.1200059344576623,0.0007285973567868983
2023-03-23,jalan bdn ii,,0.0001496801773288943,0.1206928290881838,
2023-03-23,kebon jeruk,,9.941956610534232e-05,0.1200625452493291,0.0006713756516030122
2023-03-23,kelapa gading,,7.154489525258394e-05,0.1199041494150683,0.00025749457827313504
2023-03-23,komp angkasa pura jakarta pusat,,7.299272833053525e-05,0.1199041494150683,0.0007285973567868983
2023-03-23,lubang buaya,,0.00012599780591230082,0.1199878649088813,0.0006450396521013686
2023-03-23,us consulate jakarta pusat,,7.299272833053525e-05,0.1199041494150683,0.0007285973567868983
2023-03-24,bundaran hotel indonesia,0.0386375417045793,0.00015517836206537015,0.1223865313122912,-7.35e-05
2023-03-24,jagakarsa,0.0400560921853167,0.0001254606698105663,0.1219802089973772,-7.35e-05
2023-03-24,jalan bdn ii,0.0342872948556977,0.0001636357803234386,0.1210910019304329,
2023-03-24,kebon jeruk,0.0380716446792695,0.00015517836206537015,0.1223865313122912,-7.35e-05
2023-03-24,kelapa gading,0.0395949001818953,0.0001490258756932853,0.1225255759726838,
2023-03-24,komp angkasa pura jakarta pusat,0.0400560921853167,0.0001490258756932853,0.1225255759726838,-7.35e-05
2023-03-24,lubang buaya,0.0344101516674748,0.00023426513641177732,0.121243799895434,
2023-03-24,us consulate jakarta pusat,0.0400560921853167,0.0001254606698105663,0.1225255759726838,-7.35e-05
2023-03-25,bundaran hotel indonesia,,,0.122111196029061,
2023-03-25,jagakarsa,,0.00012913074264073258,0.1227639181193478,
2023-03-25,jalan bdn ii,,7.700831776730443e-05,0.1224147393574262,
2023-03-25,kebon jeruk,0.0326124273109904,0.0001024842936876672,0.122111196029061,
2023-03-25,kelapa gading,,0.00014577308843710188,0.12206092788871,
2023-03-25,komp angkasa pura jakarta pusat,,0.00012913074264073258,0.12206092788871,
2023-03-25,lubang buaya,,0.00010336896955684688,0.1232455055300518,
2023-03-25,us consulate jakarta pusat,,0.00012913074264073258,0.12206092788871,
2023-03-26,bundaran hotel indonesia,0.0356888581939075,0.00013642610637336198,0.1243392864996515,-9.94e-05
2023-03-26,jagakarsa,,0.00011015931496260862,0.1242985774510106,-9.94e-05
2023-03-26,jalan bdn ii,0.0295013327704589,0.00010762078804427644,0.1242260263629753,
2023-03-26,kebon jeruk,0.0289394948286564,0.00012645206024479834,0.1243392864996515,-0.000301
2023-03-26,kelapa gading,,0.00012372299257135656,0.1235157162910892,9.07379560589582e-05
2023-03-26,komp angkasa pura jakarta pusat,,0.00011015931496260862,0.1235157162910892,-9.94e-05
2023-03-26,lubang buaya,0.0318472316582955,0.00013814477942248617,0.1246252043419599,-7.99e-05
2023-03-26,us consulate jakarta pusat,,0.00011015931496260862,0.1235157162910892,-9.94e-05
2023-03-27,bundaran hotel indonesia,,0.00011642186153963706,0.1230903996729839,
2023-03-27,jagakarsa,,0.00011636717972182245,0.121994679391052,
2023-03-27,jalan bdn ii,,7.171070779328209e-05,0.1217497395327063,
2023-03-27,kebon jeruk,,0.00011801212272858228,0.1230903996729839,
2023-03-27,kelapa gading,,0.00010646169856371394,0.1220014580737905,
2023-03-27,komp angkasa pura jakarta pusat,,0.00011636717972182245,0.1220014580737905,
2023-03-27,lubang buaya,,6.738347607614959e-05,0.1216775191122776,
2023-03-27,us consulate jakarta pusat,,0.00011636717972182245,0.1220014580737905,
2023-03-28,bundaran hotel indonesia,,,0.1227441781120524,
2023-03-28,jagakarsa,,,0.1223383082545763,
2023-03-28,jalan bdn ii,,,0.1231512412613504,
2023-03-28,kebon jeruk,,,0.1227441781120524,
2023-03-28,kelapa gading,,,0.1224466601013145,
2023-03-28,komp angkasa pura jakarta pusat,,,0.1224466601013145,
2023-03-28,lubang buaya,,,0.122806927470556,
2023-03-28,us consulate jakarta pusat,,,0.1224466601013145,
2023-03-29,bundaran hotel indonesia,,8.789159833680266e-05,0.1218696304853858,
2023-03-29,jagakarsa,,6.781545342378482e-05,0.1217704941234962,
2023-03-29,jalan bdn ii,,8.9588092203377e-05,0.1219865284172199,
2023-03-29,kebon jeruk,,8.789159833680266e-05,0.1218696304853858,
2023-03-29,kelapa gading,,9.135298330581926e-05,0.121650492141062,
2023-03-29,komp angkasa pura jakarta pusat,,9.135298330581926e-05,0.121650492141062,
2023-03-29,lubang buaya,,9.527753218285516e-05,0.1223310016366859,
2023-03-29,us consulate jakarta pusat,,6.781545342378482e-05,0.121650492141062,
2023-03-30,bundaran hotel indonesia,0.0307870390152727,0.00011967028126971852,0.1231507099241956,0.0001438784634826119
2023-03-30,jagakarsa,0.031828600788915,0.00011078231350485354,0.1224170380801525,0.0001438784634826119
2023-03-30,jalan bdn ii,,7.684236960185806e-05,0.1213807449308554,-6.36e-05
2023-03-30,kebon jeruk,0.0316771328348702,0.00010111403251696332,0.1226948735938898,0.0001438784634826119
2023-03-30,kelapa gading,0.0318286013003942,9.841148176620968e-05,0.1224449348973803,-4.6e-05
2023-03-30,komp angkasa pura jakarta pusat,0.031828600788915,0.00011078231350485354,0.1224170380801525,-4.6e-05
2023-03-30,lubang buaya,,8.442186610938329e-05,0.1220771354456149,2.237027973875502e-05
2023-03-30,us consulate jakarta pusat,0.031828600788915,0.00011078231350485354,0.1224170380801525,-4.6e-05
2023-03-31,bundaran hotel indonesia,,9.04908023296828e-05,0.1222855600904287,
2023-03-31,jagakarsa,,0.000102304059914649,0.1224948528083649,
2023-03-31,jalan bdn ii,,5.547857943037289e-05,0.1226358240403809,
2023-03-31,kebon jeruk,,9.04908023296828e-05,0.1222855600904287,
2023-03-31,kelapa gading,,0.00014169503829459534,0.1228791330021878,
2023-03-31,komp angkasa pura jakarta pusat,,0.00014169503829459534,0.1228791330021878,
2023-03-31,lubang buaya,0.0254834776024094,6.130094098460855e-05,0.1224492785926917,
2023-03-31,us consulate jakarta pusat,,0.000102304059914649,0.1228791330021878,
2023-04-01,bundaran hotel indonesia,,8.149003122961779e-05,0.1210728594991439,-9.23e-05
2023-04-01,jagakarsa,,0.00010610640224141852,0.1211434470428763,-9.23e-05
2023-04-01,jalan bdn ii,,6.523518418508485e-05,0.1216209961636498,
2023-04-01,kebon jeruk,,8.140028761929424e-05,0.1210728594991439,
2023-04-01,kelapa gading,,9.422977843595092e-05,0.1216421735154737,-0.000339
2023-04-01,komp angkasa pura jakarta pusat,,0.00010610640224141852,0.1216421735154737,-9.23e-05
2023-04-01,lubang buaya,,8.875561936178297e-05,0.1218341954655323,-0.000139
2023-04-01,us consulate jakarta pusat,,0.00010610640224141852,0.1216421735154737,-9.23e-05
2023-04-02,bundaran hotel indonesia,,9.802219709108905e-05,0.1218254367968955,-5.43e-05
2023-04-02,jagakarsa,,0.00010175266637363716,0.1219311193481937,-5.43e-05
2023-04-02,jalan bdn ii,,5.600383563936088e-05,0.1220871546470939,-0.000353
2023-04-02,kebon jeruk,,8.107849960927623e-05,0.1218254367968955,-0.000132
2023-04-02,kelapa gading,,9.968115718814797e-05,0.1218281043214404,-2.7e-05
2023-04-02,komp angkasa pura jakarta pusat,,0.00010175266637363716,0.1218281043214404,-5.43e-05
2023-04-02,lubang buaya,,6.775317823246958e-05,0.1221932737717666,
2023-04-02,us consulate jakarta pusat,,0.00010175266637363716,0.1218281043214404,-5.43e-05
2023-04-04,bundaran hotel indonesia,0.0255882998831953,6.549315487979843e-05,0.1201712788454769,0.00037078253516458246
2023-04-04,jagakarsa,0.024963794368591,7.866173649265848e-05,0.1197495956715114,0.00037078253516458246
2023-04-04,jalan bdn ii,0.0244517061338405,5.8427343593048187e-05,0.1206637828841175,7.425764545350812e-05
2023-04-04,kebon jeruk,0.0255882998831953,6.549315487979843e-05,0.1201712788454769,0.00037078253516458246
2023-04-04,kelapa gading,0.0236798571973032,8.25668750688831e-05,0.1200090110040988,0.00037078254941203616
2023-04-04,komp angkasa pura jakarta pusat,0.0236798571973032,8.25668750688831e-05,0.1200090110040988,0.00037078254941203616
2023-04-04,lubang buaya,0.0233330148107488,4.7939496857478544e-05,0.1200664393754338,-2.67e-05
2023-04-04,us consulate jakarta pusat,0.024963794368591,7.866173649265848e-05,0.1200090110040988,0.00037078254941203616
2023-04-05,bundaran hotel indonesia,0.0284710438334739,0.00012391249763564347,0.1209652809759238,-0.000307
2023-04-05,jagakarsa,0.0287031655755671,0.00013305024842451851,0.1207491344778773,-0.000307
2023-04-05,jalan bdn ii,0.0274153782014546,6.137882477203028e-05,0.120983558072442,-0.000185
2023-04-05,kebon jeruk,0.0284710438334739,0.00012391249763564347,0.1209652809759238,-0.000307
2023-04-05,kelapa gading,0.0380297412712939,0.0001767423415224226,0.1212544898393599,-3.16e-05
2023-04-05,komp angkasa pura jakarta pusat,0.0380297412712939,0.0001767423415224226,0.1212544898393599,-3.16e-05
2023-04-05,lubang buaya,0.0351968639821638,0.0001310681899161974,0.121008901917913,-0.000166
2023-04-05,us consulate jakarta pusat,0.0287031655755671,0.00013305024842451851,0.1212544898393599,-3.16e-05
2023-04-06,bundaran hotel indonesia,,7.78625666368064e-05,0.1211098031216582,-0.000266
2023-04-06,jagakarsa,,9.745882266000952e-05,0.1211750466249293,-0.000266
2023-04-06,jalan bdn ii,0.0294153783268911,6.88438074232528e-05,0.1213931546957804,-0.000263
2023-04-06,kebon jeruk,,7.78625666368064e-05,0.1211098031216582,-0.000266
2023-04-06,kelapa gading,,0.0001613881038024855,0.1212184953889748,0.0005061096879632782
2023-04-06,komp angkasa pura jakarta pusat,,0.0001613881038024855,0.1212184953889748,0.0005061096879632782
2023-04-06,lubang buaya,,8.261333547572675e-05,0.1213705218450037,-0.00017
2023-04-06,us consulate jakarta pusat,,9.745882266000952e-05,0.1212184953889748,0.0005061096879632782
2023-04-07,bundaran hotel indonesia,0.036575710858199,0.00014963839781365054,0.1215358560530237,0.0003679005856376399
2023-04-07,jagakarsa,0.0383384690522902,0.00011585737617363068,0.1214584210100007,0.0003679005856376399
2023-04-07,jalan bdn ii,0.0285158423679293,6.994864494004491e-05,0.1208252288415303,-0.000233
2023-04-07,kebon jeruk,0.0328532350281034,0.00014963839781365054,0.1215358560530237,4.081555413945836e-05
2023-04-07,kelapa gading,0.037887262577838,0.00014472992835258007,0.1215485591485481,0.0003912504875346981
2023-04-07,komp angkasa pura jakarta pusat,0.0383384690522902,0.00014472992835258007,0.1215485591485481,0.0003679005856376399
2023-04-07,lubang buaya,0.0292956048783384,0.00010476100182078116,0.1200517294224074,0.0002150005020426613
2023-04-07,us consulate jakarta pusat,0.0383384690522902,0.00011585737617363068,0.1215485591485481,0.0003679005856376399
2023-04-08,bundaran hotel indonesia,0.0282625275017892,0.0001781913171631197,0.1214662648229759,-6.06e-05
2023-04-08,jagakarsa,0.0289274573767641,0.00011059935608575408,0.1209866782044579,-6.06e-05
2023-04-08,jalan bdn ii,0.0224676966720997,7.052357020634751e-05,0.1204946729700693,-9.19e-05
2023-04-08,kebon jeruk,0.0246592492737019,0.00011073443260322112,0.1214662648229759,2.336855555165542e-05
2023-04-08,kelapa gading,0.0336627331054913,0.00012833467437681017,0.1214004856841174,-0.000255
2023-04-08,komp angkasa pura jakarta pusat,0.0289274573767641,0.00011059935608575408,0.1214004856841174,-6.06e-05
2023-04-08,lubang buaya,0.0223782284314338,9.778982851802043e-05,0.1203141658642011,-8.52e-05
2023-04-08,us consulate jakarta pusat,0.0289274573767641,0.00011059935608575408,0.1214004856841174,-6.06e-05
2023-04-09,bundaran hotel indonesia,0.0302598606541489,5.451504513336853e-05,0.1199157806450733,
2023-04-09,jagakarsa,,0.0001417438446488676,0.1207860179751477,
2023-04-09,jalan bdn ii,0.0261970772574946,6.339939150190565e-05,0.1211825775328675,4.66019591510174e-05
2023-04-09,kebon jeruk,0.0302598606541489,5.451504513336853e-05,0.1199157806450733,
2023-04-09,kelapa gading,0.0237457753712919,9.813031960071976e-05,0.1206381851230238,
2023-04-09,komp angkasa pura jakarta pusat,0.0237457753712919,9.813031960071976e-05,0.1206381851230238,
2023-04-09,lubang buaya,0.0278876127441226,8.247316292076081e-05,0.1206925052935166,
2023-04-09,us consulate jakarta pusat,,0.0001417438446488676,0.1206381851230238,
2023-04-10,bundaran hotel indonesia,0.0244589953476906,5.920327432900354e-05,0.1177309450562168,-0.000174
2023-04-10,jagakarsa,0.0229968916490674,6.587857047203269e-05,0.1178412373823425,-0.000174
2023-04-10,jalan bdn ii,,5.198905084708163e-05,0.1174846433874596,-4.8e-05
2023-04-10,kebon jeruk,0.0244589953476906,5.920327432900354e-05,0.1177309450562168,-0.000174
2023-04-10,kelapa gading,,9.813970257834352e-05,0.1179307437050194,8.442370274799257e-05
2023-04-10,komp angkasa pura jakarta pusat,,9.813970257834352e-05,0.1179307437050194,8.442370274799257e-05
2023-04-10,lubang buaya,0.0215055828909683,6.327239602384024e-05,0.1175124349137835,-0.000177
2023-04-10,us consulate jakarta pusat,0.0229968916490674,6.587857047203269e-05,0.1179307437050194,8.442370274799257e-05
2023-04-11,bundaran hotel indonesia,0.0258081880241061,5.457511056004242e-05,0.1152496946408073,
2023-04-11,jagakarsa,0.0263214030751551,8.335339031290176e-05,0.1172729821367624,
2023-04-11,jalan bdn ii,0.0215209485211485,4.582247436346517e-05,0.1169892850160555,-0.000231
2023-04-11,kebon jeruk,0.0258081880241061,5.457511056004242e-05,0.1152496946408073,
2023-04-11,kelapa gading,0.0242696666832139,9.718654963183152e-05,0.1172125152910154,
2023-04-11,komp angkasa pura jakarta pusat,0.0242696666832139,9.718654963183152e-05,0.1172125152910154,
2023-04-11,lubang buaya,0.0259514494644445,8.365813749378435e-05,0.1173265169601304,
2023-04-11,us consulate jakarta pusat,0.0263214030751551,8.335339031290176e-05,0.1172125152910154,
2023-04-12,bundaran hotel indonesia,0.0228659071889832,6.517321011355475e-05,0.1170026925172128,9.541918334697714e-05
2023-04-12,jagakarsa,0.0239628340751614,9.279216484355209e-05,0.1179557864722737,-0.000153
2023-04-12,jalan bdn ii,0.0236704561542118,6.827739091491744e-05,0.1182581115091356,7.118498632274729e-05
2023-04-12,kebon jeruk,0.0228659071889832,6.517321011355475e-05,0.1170026925172128,-8e-05
2023-04-12,kelapa gading,0.0245331402440126,0.00012763012527909146,0.1171518875206854,9.652143005120068e-05
2023-04-12,komp angkasa pura jakarta pusat,0.0245331402440126,0.00012763012527909146,0.1171518875206854,-0.000153
2023-04-12,lubang buaya,0.0205233481003341,6.617372468868145e-05,0.1177765592220757,
2023-04-12,us consulate jakarta pusat,0.0239628340751614,9.279216484355209e-05,0.1171518875206854,9.541918334697714e-05
2023-04-13,bundaran hotel indonesia,,9.49579751567511e-05,0.1193102597413664,-0.000179
2023-04-13,jagakarsa,,9.872958225850306e-05,0.1195196682599002,-0.00017
2023-04-13,jalan bdn ii,,8.847118742022799e-05,0.1198193927345065,
2023-04-13,kebon jeruk,,9.49579751567511e-05,0.1193102597413664,-0.000179
2023-04-13,kelapa gading,0.0224669837516691,0.00012446416712128463,0.1191292471088878,-4.53e-05
2023-04-13,komp angkasa pura jakarta pusat,0.0224669837516691,0.00012446416712128463,0.1191292471088878,-0.00017
2023-04-13,lubang buaya,,8.430087793175312e-05,0.1202767926507238,
2023-04-13,us consulate jakarta pusat,,0.00012446416712128463,0.1191292471088878,-0.000179
2023-04-14,bundaran hotel indonesia,0.0236136550616674,8.900291189684764e-05,0.1191943282910188,
2023-04-14,jagakarsa,0.0236136550616674,9.964019914133888e-05,0.1195155136789256,-0.000289
2023-04-14,jalan bdn ii,,4.6941570124211706e-05,0.1176309513681126,
2023-04-14,kebon jeruk,0.0257733240242572,8.900291189684764e-05,0.1191943282910188,
2023-04-14,kelapa gading,0.023269165562155,0.00010346292175229688,0.1198554320977895,0.0009662929146703474
2023-04-14,komp angkasa pura jakarta pusat,0.0236136550616674,0.00010346292175229688,0.1198554320977895,-0.000289
2023-04-14,lubang buaya,,5.099001228911512e-05,0.1173933973527902,
2023-04-14,us consulate jakarta pusat,0.0236136550616674,0.00010346292175229688,0.1198554320977895,
2023-04-15,bundaran hotel indonesia,0.0241444014736286,0.00010671082132335076,0.1176449379758286,
2023-04-15,jagakarsa,0.0241444014736286,0.0001328481773254248,0.1189921004940722,0.0003607665781332427
2023-04-15,jalan bdn ii,0.0243514236580989,5.021131302611667e-05,0.1197946924498788,1.596603032332075e-05
2023-04-15,kebon jeruk,0.0241444014736286,0.00010671082132335076,0.1176449379758286,
2023-04-15,kelapa gading,0.0262779596531944,0.0001421202069531538,0.1194183177494537,-0.000198
2023-04-15,komp angkasa pura jakarta pusat,0.0262779596531944,0.0001421202069531538,0.1194183177494537,0.0003607665781332427
2023-04-15,lubang buaya,0.02535126370988,5.414639577322672e-05,0.1189612821995385,
2023-04-15,us consulate jakarta pusat,0.0241444014736286,0.0001421202069531538,0.1194183177494537,
2023-04-16,bundaran hotel indonesia,0.0288089287694764,9.705944466299556e-05,0.1189200621723663,-0.000251
2023-04-16,jagakarsa,0.0288089287694764,0.0001016378443855832,0.1180733397992865,-0.000151
2023-04-16,jalan bdn ii,0.0286137938095076,8.151903256783953e-05,0.1190101085102043,0.00013873767834076873
2023-04-16,kebon jeruk,0.0288089287694764,9.705944466299556e-05,0.1189200621723663,-0.000251
2023-04-16,kelapa gading,0.0300278711519992,0.00013439713192446955,0.1188901095647549,-0.000124
2023-04-16,komp angkasa pura jakarta pusat,0.0288089287694764,0.00013439713192446955,0.1188901095647549,-0.000124
2023-04-16,lubang buaya,0.0296097455234505,7.933304253134853e-05,0.1189242058261352,-0.000122
2023-04-16,us consulate jakarta pusat,0.0288089287694764,0.00013439713192446955,0.1188901095647549,-0.000302
2023-04-17,bundaran hotel indonesia,0.0269093539317657,0.00013567127642678703,0.118784841662094,-0.00019
2023-04-17,jagakarsa,0.0269093539317657,0.00012344611540458195,0.1198081590951135,0.00018273762588804892
2023-04-17,jalan bdn ii,0.0272873221040374,6.587981473917962e-05,0.1192172280459053,-3.79e-05
2023-04-17,kebon jeruk,0.0269093539317657,0.00013567127642678703,0.118784841662094,-0.00019
2023-04-17,kelapa gading,0.0310902515613895,0.00014560371978105345,0.1189459439057382,-0.000126
2023-04-17,komp angkasa pura jakarta pusat,0.0310902515613895,0.00014560371978105345,0.1189459439057382,-0.000126
2023-04-17,lubang buaya,0.0282611114444526,7.753292134409667e-05,0.1188235639212102,-5.61e-05
2023-04-17,us consulate jakarta pusat,0.0310902515613895,0.00014560371978105345,0.1189459439057382,-0.00015
2023-04-18,bundaran hotel indonesia,,0.00011066170188200052,0.1194274346830118,
2023-04-18,jagakarsa,,0.00010152467493650084,0.1190955197930296,
2023-04-18,jalan bdn ii,,0.00014463628965074064,0.1196164106594937,
2023-04-18,kebon jeruk,,0.00011066170188200052,0.1194274346830118,
2023-04-18,kelapa gading,,7.770615046320075e-05,0.119616260939689,
2023-04-18,komp angkasa pura jakarta pusat,,7.770615046320075e-05,0.119616260939689,
2023-04-18,lubang buaya,,0.00012561273237083066,0.1196981604768864,
2023-04-18,us consulate jakarta pusat,,7.770615046320075e-05,0.119616260939689,
2023-04-19,kelapa gading,,,,0.00039802075520065214
2023-04-19,lubang buaya,,,,-0.000781
2023-04-20,bundaran hotel indonesia,,,0.1204907128378956,
2023-04-20,jagakarsa,,,0.1211931692122673,0.0001425812401813489
2023-04-20,jalan bdn ii,,,0.1202452624025565,
2023-04-20,kebon jeruk,,,0.1204907128378956,
2023-04-20,kelapa gading,0.0293949433776851,0.0001536279802034113,0.1218532774738343,-0.000179
2023-04-20,komp angkasa pura jakarta pusat,,0.0001536279802034113,0.1218532774738343,0.0001425812401813489
2023-04-20,lubang buaya,,0.0001489854179852671,0.1209073376480473,
2023-04-20,us consulate jakarta pusat,,0.0001536279802034113,0.1218532774738343,
2023-04-21,bundaran hotel indonesia,0.0360181169481271,0.0001513763745926693,0.1223591366016238,0.00015551107214648385
2023-04-21,jagakarsa,0.0360181169481271,0.0001513763745926693,0.1219171960914464,0.000248450660541233
2023-04-21,jalan bdn ii,0.0360341031100228,0.00011332177777789916,0.1221700448756652,-0.000141
2023-04-21,kebon jeruk,0.0360181169481271,0.0001513763745926693,0.1223591366016238,6.073477309388911e-05
2023-04-21,kelapa gading,0.03612944976293,0.0001422449188512971,0.1224286353080549,-2.36e-05
2023-04-21,komp angkasa pura jakarta pusat,0.03612944976293,0.0001422449188512971,0.1224286353080549,0.000248450660541233
2023-04-21,lubang buaya,0.0353130830983619,9.46915477794408e-05,0.1227062137339626,9.33026980533138e-05
2023-04-21,us consulate jakarta pusat,0.03612944976293,0.0001422449188512971,0.1224286353080549,0.00015551107214648385
2023-04-22,bundaran hotel indonesia,0.0323096445829649,0.00010300782709832504,0.1215022937398661,0.00020227057750282803
2023-04-22,jagakarsa,0.0323096445829649,0.00010300782709832504,0.1218449959845961,-5.47e-06
2023-04-22,jalan bdn ii,0.0302877851473421,9.49205602142656e-05,0.1215882492692191,-6.98e-05
2023-04-22,kebon jeruk,0.0323096445829649,0.00010300782709832504,0.1215022937398661,0.00020227057750282803
2023-04-22,kelapa gading,0.035242946740277,7.458565678262447e-05,0.1215567172566024,2.846709552353009e-05
2023-04-22,komp angkasa pura jakarta pusat,0.035242946740277,7.458565678262447e-05,0.1215567172566024,2.846709552353009e-05
2023-04-22,lubang buaya,0.0355383568065546,8.608455405880532e-05,0.1209040428352427,9.858932361066715e-06
2023-04-22,us consulate jakarta pusat,0.035242946740277,7.458565678262447e-05,0.1215567172566024,2.5687856239453525e-05
2023-04-23,bundaran hotel indonesia,0.0340972366625762,0.00010199735610666296,0.1234648353135955,0.00017444716799856804
2023-04-23,jagakarsa,0.0340972366625762,0.00010199735610666296,0.1240010553908902,0.00020480152017430115
2023-04-23,jalan bdn ii,0.0333531222648658,9.247136900001411e-05,0.1230680697598187,0.0005642916618883324
2023-04-23,kebon jeruk,0.0340972366625762,0.00010199735610666296,0.1234648353135955,0.00017444716799856804
2023-04-23,kelapa gading,0.0327342152346148,9.38385000454289e-05,0.1240418786590173,9.673130210160298e-05
2023-04-23,komp angkasa pura jakarta pusat,0.0327342152346148,9.38385000454289e-05,0.1240418786590173,9.673130210160298e-05
2023-04-23,lubang buaya,0.0326461209484139,8.413748989079877e-05,0.1225220351704285,0.0005217915568289176
2023-04-23,us consulate jakarta pusat,0.0327342152346148,9.38385000454289e-05,0.1240418786590173,0.00036631860882726727
2023-04-24,bundaran hotel indonesia,0.0317560139581849,0.0001273150981061374,0.1251363720673861,-0.000195
2023-04-24,jagakarsa,0.0317560139581849,0.0001273150981061374,0.124705899633714,-0.000156
2023-04-24,jalan bdn ii,0.0302630811293819,0.0001124236964789035,0.1229670804112239,0.00018782910665127476
2023-04-24,kebon jeruk,0.0317560139581849,0.0001273150981061374,0.1251363720673861,-0.000195
2023-04-24,kelapa gading,0.0323361874333885,0.00010061528737807296,0.1248834124936452,0.0004665004297378305
2023-04-24,komp angkasa pura jakarta pusat,0.0323361874333885,0.00010061528737807296,0.1248834124936452,0.0004665004297378305
2023-04-24,lubang buaya,0.0330734212261261,9.577622803043365e-05,0.1230547560268791,-1.55e-05
2023-04-24,us consulate jakarta pusat,0.0323361874333885,0.00010061528737807296,0.1248834124936452,-4.71e-05
2023-04-25,bundaran hotel indonesia,,7.664034725324735e-05,0.1220612068182752,
2023-04-25,jagakarsa,,7.664034725324735e-05,0.1218637098160963,
2023-04-25,jalan bdn ii,,0.0001401722938723354,0.1234318284269254,
2023-04-25,kebon jeruk,,7.664034725324735e-05,0.1220612068182752,
2023-04-25,kelapa gading,,8.466647949954042e-05,0.1226663623791227,
2023-04-25,komp angkasa pura jakarta pusat,,8.466647949954042e-05,0.1226663623791227,
2023-04-25,lubang buaya,,0.0001345625876655564,0.1228610918748059,
2023-04-25,us consulate jakarta pusat,,8.466647949954042e-05,0.1226663623791227,
2023-04-26,bundaran hotel indonesia,0.034861380567836,0.0001774506501879539,0.1251659836500721,
2023-04-26,jagakarsa,0.034861380567836,0.0001774506501879539,0.1242736909751815,-1.67e-05
2023-04-26,jalan bdn ii,0.0341320298114177,0.00022878856707027808,0.1234591702841135,
2023-04-26,kebon jeruk,0.034861380567836,0.0001774506501879539,0.1251659836500721,-0.000289
2023-04-26,kelapa gading,0.0342871696610931,0.0001872044850603296,0.1248420560762893,9.19581351489832e-05
2023-04-26,komp angkasa pura jakarta pusat,0.0342871696610931,0.0001872044850603296,0.1248420560762893,-1.67e-05
2023-04-26,lubang buaya,0.0337805412615921,0.00026398663930985355,0.1237226943141131,
2023-04-26,us consulate jakarta pusat,0.0342871696610931,0.0001872044850603296,0.1248420560762893,
2023-04-27,bundaran hotel indonesia,0.0385652221886048,0.00019142735590957192,0.1271278744971553,0.00034522523848101814
2023-04-27,jagakarsa,0.0385652221886048,0.00019142735590957192,0.1260234444491442,0.00016319137178117513
2023-04-27,jalan bdn ii,0.0372396882326644,0.00020411574500643235,0.1264306353369877,
2023-04-27,kebon jeruk,0.0385652221886048,0.00019142735590957192,0.1271278744971553,-8.21e-05
2023-04-27,kelapa gading,0.0368319675247204,0.00017431631882767784,0.1265095442792327,3.67588204234133e-05
2023-04-27,komp angkasa pura jakarta pusat,0.0368319675247204,0.00017431631882767784,0.1265095442792327,0.00016319137178117513
2023-04-27,lubang buaya,0.0367285229687682,0.00014917955565071366,0.1261292721744467,
2023-04-27,us consulate jakarta pusat,0.0368319675247204,0.00017431631882767784,0.1265095442792327,0.00034522523848101814
2023-04-28,bundaran hotel indonesia,0.0309309122513533,0.0001770655942821977,0.1237526639820594,0.00018585873093998967
2023-04-28,jagakarsa,0.0309309122513533,0.0001770655942821977,0.1241480718127188,9.2760277627775e-05
2023-04-28,jalan bdn ii,0.0308683846952154,0.00018106473611636983,0.1257501214872754,5.4987054692845393e-05
2023-04-28,kebon jeruk,0.0309309122513533,0.0001770655942821977,0.1237526639820594,0.00018585873093998967
2023-04-28,kelapa gading,0.0326250725818395,0.00013313535574380637,0.1242365235761517,0.00024578900547169016
2023-04-28,komp angkasa pura jakarta pusat,0.0326250725818395,0.00013313535574380637,0.1242365235761517,0.00024578900547169016
2023-04-28,lubang buaya,0.0313658167117369,0.00010714453253158405,0.1255253298259469,-8.6e-05
2023-04-28,us consulate jakarta pusat,0.0326250725818395,0.00013313535574380637,0.1242365235761517,-6.75e-05
2023-04-29,bundaran hotel indonesia,,0.0001382636795519504,0.1208966263560153,
2023-04-29,jagakarsa,,0.0001382636795519504,0.1212675886960472,0.0003234190870618203
2023-04-29,jalan bdn ii,,0.00012294745076233576,0.120633091096638,
2023-04-29,kebon jeruk,,0.0001382636795519504,0.1208966263560153,
2023-04-29,kelapa gading,,0.00015389625799487047,0.1218135118306097,0.000255642471959802
2023-04-29,komp angkasa pura jakarta pusat,,0.00015389625799487047,0.1218135118306097,0.000255642471959802
2023-04-29,lubang buaya,,0.00013725997378775804,0.1210888668451452,
2023-04-29,us consulate jakarta pusat,,0.00015389625799487047,0.1218135118306097,0.0002885030435993572
2023-04-30,bundaran hotel indonesia,0.0300460113866784,0.00013548927411040555,0.1228034239652237,
2023-04-30,jagakarsa,0.0300460113866784,0.00013548927411040555,0.1225553581713577,
2023-04-30,jalan bdn ii,0.028602996149104,0.00011924439097139206,0.1231190493173959,
2023-04-30,kebon jeruk,0.0300460113866784,0.00013548927411040555,0.1228034239652237,
2023-04-30,kelapa gading,0.0298560182513955,0.0001418135457182937,0.1221660336575619,0.0002434414731161295
2023-04-30,komp angkasa pura jakarta pusat,0.0298560182513955,0.0001418135457182937,0.1221660336575619,
2023-04-30,lubang buaya,0.0285282056293869,0.00015706055135123427,0.1217629956011918,
2023-04-30,us consulate jakarta pusat,0.0298560182513955,0.0001418135457182937,0.1221660336575619,
2023-05-01,bundaran hotel indonesia,0.0309136400538379,0.00015546821536164068,0.123554233613191,
2023-05-01,jagakarsa,0.0309136400538379,0.00015546821536164068,0.1239208705135968,0.0005078030042242984
2023-05-01,jalan bdn ii,,0.00015291588338818608,0.1231062332374655,
2023-05-01,kebon jeruk,0.0309136400538379,0.00015546821536164068,0.123554233613191,
2023-05-01,kelapa gading,0.032448526489173,0.00017291023076537504,0.1240956759922975,
2023-05-01,komp angkasa pura jakarta pusat,0.032448526489173,0.00017291023076537504,0.1240956759922975,0.0005078030042242984
2023-05-01,lubang buaya,,0.00015078908001106168,0.1228886559302577,
2023-05-01,us consulate jakarta pusat,0.032448526489173,0.00017291023076537504,0.1240956759922975,
2023-05-02,bundaran hotel indonesia,0.0387034842929763,0.0002106999703631167,0.1234637029883105,
2023-05-02,jagakarsa,0.0387034842929763,0.0002106999703631167,0.1231984420085434,
2023-05-02,jalan bdn ii,0.036624250966279,0.00020949614332468,0.1229731291670258,
2023-05-02,kebon jeruk,0.0387034842929763,0.0002106999703631167,0.1234637029883105,
2023-05-02,kelapa gading,0.0360764767831905,0.0001927548710856028,0.1229977943994711,
2023-05-02,komp angkasa pura jakarta pusat,0.0360764767831905,0.0001927548710856028,0.1229977943994711,
2023-05-02,lubang buaya,0.0382571455027344,0.00017869649402505697,0.1235212811843852,
2023-05-02,us consulate jakarta pusat,0.0360764767831905,0.0001927548710856028,0.1229977943994711,
2023-05-03,bundaran hotel indonesia,0.0397737617558626,0.0002727794260504787,0.1222495587477018,3.905540160203215e-05
2023-05-03,jagakarsa,0.0397737617558626,0.0002727794260504787,0.1228896863066953,0.00015072162856575078
2023-05-03,jalan bdn ii,0.0364598965765398,0.00028067963410330875,0.1217140226317163,
2023-05-03,kebon jeruk,0.0397737617558626,0.0002727794260504787,0.1222495587477018,-4.78e-05
2023-05-03,kelapa gading,0.0364418141695363,0.0001968095750766469,0.1233573231484586,0.00014282915298303038
2023-05-03,komp angkasa pura jakarta pusat,0.0364418141695363,0.0001968095750766469,0.1233573231484586,0.00015072162856575078
2023-05-03,lubang buaya,0.0351047303806205,0.00017539465647189905,0.1224387579167231,0.000128798328389539
2023-05-03,us consulate jakarta pusat,0.0364418141695363,0.0001968095750766469,0.1233573231484586,3.905540160203215e-05
2023-05-04,bundaran hotel indonesia,0.036812163687125,0.00024059551120104425,0.1229630181057435,0.0002903427731379874
2023-05-04,jagakarsa,0.036812163687125,0.00024059551120104425,0.1239346794012482,0.0002550894768313864
2023-05-04,jalan bdn ii,,0.0002410103054623836,0.1203397006225668,
2023-05-04,kebon jeruk,0.036812163687125,0.00024059551120104425,0.1229630181057435,0.0002903427731379874
2023-05-04,kelapa gading,0.0376436290131199,0.0002123394921478916,0.1228160264591783,0.00012561735047275673
2023-05-04,komp angkasa pura jakarta pusat,0.0376436290131199,0.0002123394921478916,0.1228160264591783,0.00012561735047275673
2023-05-04,lubang buaya,,0.00018828913282223025,0.1218131916735681,
2023-05-04,us consulate jakarta pusat,0.0376436290131199,0.0002123394921478916,0.1228160264591783,
2023-05-05,bundaran hotel indonesia,,0.00021117455629321948,0.1230830343109354,0.0003548277515884012
2023-05-05,jagakarsa,,0.00021117455629321948,0.1224943853753823,0.00020473129709553355
2023-05-05,kebon jeruk,,0.00021117455629321948,0.1230830343109354,0.0003548277515884012
2023-05-05,kelapa gading,,0.00021810719946188325,0.1228221420112781,1.4960698790461756e-05
2023-05-05,komp angkasa pura jakarta pusat,,0.00021810719946188325,0.1228221420112781,1.4960698790461756e-05
2023-05-05,lubang buaya,,0.0001803920740452855,0.1223094090509644,
2023-05-05,us consulate jakarta pusat,,0.00021810719946188325,0.1228221420112781,0.0003476961720649764
2023-05-06,bundaran hotel indonesia,,0.0001262757783448193,0.1223556147172178,
2023-05-06,jagakarsa,,0.0001262757783448193,0.1220895866238671,
2023-05-06,jalan bdn ii,,0.00014791406763599218,0.1223997361308316,
2023-05-06,kebon jeruk,,0.0001262757783448193,0.1223556147172178,
2023-05-06,kelapa gading,,0.00015600784356803807,0.1219099205039292,
2023-05-06,komp angkasa pura jakarta pusat,,0.00015600784356803807,0.1219099205039292,
2023-05-06,lubang buaya,,0.00014496904646675438,0.1216387932950297,
2023-05-06,us consulate jakarta pusat,,0.00015600784356803807,0.1219099205039292,
2023-05-07,bundaran hotel indonesia,,0.00030318665853302845,0.121620634047442,
2023-05-07,jagakarsa,,0.00030318665853302845,0.1220595035209005,0.0004390841214583081
2023-05-07,jalan bdn ii,,0.0004628291403264749,0.1214455412342899,
2023-05-07,kebon jeruk,,0.00030318665853302845,0.121620634047442,
2023-05-07,kelapa gading,0.0321642724681138,0.00044946088140060446,0.1215157191754327,0.0003840406634514228
2023-05-07,komp angkasa pura jakarta pusat,0.0321642724681138,0.00044946088140060446,0.1215157191754327,0.0004390841214583081
2023-05-07,lubang buaya,,0.0004642453517013613,0.1214852288596048,
2023-05-07,us consulate jakarta pusat,0.0321642724681138,0.00044946088140060446,0.1215157191754327,
2023-05-08,bundaran hotel indonesia,0.0441593627957717,0.00030955668190178363,0.1205773686100491,0.00030863151758414576
2023-05-08,jagakarsa,0.0441593627957717,0.00030955668190178363,0.1215673822480455,0.0003029182462518262
2023-05-08,jalan bdn ii,0.0379207754309801,0.0003465283478297284,0.1205428621670701,
2023-05-08,kebon jeruk,0.0441593627957717,0.00030955668190178363,0.1205773686100491,-0.000132
2023-05-08,kelapa gading,0.0414448606929738,0.00028438245084976287,0.1204877563469647,0.00012402707938770008
2023-05-08,komp angkasa pura jakarta pusat,0.0414448606929738,0.00028438245084976287,0.1204877563469647,0.0003029182462518262
2023-05-08,lubang buaya,0.0384827415628508,0.0002473635690832888,0.1214063705731569,
2023-05-08,us consulate jakarta pusat,0.0414448606929738,0.00028438245084976287,0.1204877563469647,0.00030863151758414576
2023-05-09,bundaran hotel indonesia,0.0369958771411709,0.00026038572656848514,0.121023006919515,-8.28e-05
2023-05-09,jagakarsa,0.0369958771411709,0.00026038572656848514,0.1217705175770331,0.00013128106630366947
2023-05-09,jalan bdn ii,0.039189626443451,0.00022612437253569776,0.1208006842340629,0.0003785042634824239
2023-05-09,kebon jeruk,0.0369958771411709,0.00026038572656848514,0.121023006919515,-8.28e-05
2023-05-09,kelapa gading,0.0365610800509399,0.00016557357062442336,0.121666945706194,0.0003497513773845769
2023-05-09,komp angkasa pura jakarta pusat,0.0365610800509399,0.00016557357062442336,0.121666945706194,0.0003497513773845769
2023-05-09,lubang buaya,0.038496400807415,0.0001718441696486965,0.1207085540449065,-2.12e-05
2023-05-09,us consulate jakarta pusat,0.0365610800509399,0.00016557357062442336,0.121666945706194,0.00012865935610233156
2023-05-10,bundaran hotel indonesia,,0.00011334830317545932,0.1195068405119638,-0.000146
2023-05-10,jagakarsa,,0.00011334830317545932,0.1190273371669535,-8.92e-05
2023-05-10,jalan bdn ii,,8.484512799633578e-05,0.1185189476837438,-0.000113
2023-05-10,kebon jeruk,,0.00011334830317545932,0.1195068405119638,-0.000146
2023-05-10,kelapa gading,,7.88728156347244e-05,0.1192486306099451,0.0001506934279811327
2023-05-10,komp angkasa pura jakarta pusat,,7.88728156347244e-05,0.1192486306099451,0.0001506934279811327
2023-05-10,lubang buaya,,8.444400414349188e-05,0.1188855070938949,-3.62e-05
2023-05-10,us consulate jakarta pusat,,7.88728156347244e-05,0.1192486306099451,0.00034041884005291275
2023-05-11,bundaran hotel indonesia,,0.00014171259308051574,0.1169725393900057,
2023-05-11,jagakarsa,,0.00014171259308051574,0.1174754339362171,
2023-05-11,jalan bdn ii,,0.0001451082753196651,0.1178139844741073,
2023-05-11,kebon jeruk,,0.00014171259308051574,0.1169725393900057,
2023-05-11,kelapa gading,,0.00012935918438614045,0.1169761314546923,
2023-05-11,komp angkasa pura jakarta pusat,,0.00012935918438614045,0.1169761314546923,
2023-05-11,lubang buaya,,0.00013561329059717735,0.1178649423952458,
2023-05-11,us consulate jakarta pusat,,0.00012935918438614045,0.1169761314546923,
2023-05-12,bundaran hotel indonesia,0.0275766319666048,0.0001146870762383492,0.1171984360338872,0.0001548395301038394
2023-05-12,jagakarsa,0.0275766319666048,0.0001146870762383492,0.1179935316555821,0.00019054112392352703
2023-05-12,jalan bdn ii,0.0257367072305322,0.00012581056547561473,0.1162923258804107,
2023-05-12,kebon jeruk,0.0275766319666048,0.0001146870762383492,0.1171984360338872,-0.000188
2023-05-12,kelapa gading,0.0272927660694031,0.00010798435113177242,0.1184494026908852,4.875579577520637e-05
2023-05-12,komp angkasa pura jakarta pusat,0.0272927660694031,0.00010798435113177242,0.1184494026908852,0.00019054112392352703
2023-05-12,lubang buaya,0.0266340903795018,0.00010870773747101371,0.1169293523058225,1.0467557375608778e-06
2023-05-12,us consulate jakarta pusat,0.0272927660694031,0.00010798435113177242,0.1184494026908852,0.0001548395301038394
2023-05-13,bundaran hotel indonesia,0.0327586347144176,0.00018269509061308949,0.1194096942009024,0.00022036024807861192
2023-05-13,jagakarsa,0.0327586347144176,0.00018269509061308949,0.1179012800754621,0.0002143462050003801
2023-05-13,jalan bdn ii,,0.00011742199906591062,0.1197493436185289,0.00013420663123224158
2023-05-13,kebon jeruk,0.0327586347144176,0.00018269509061308949,0.1194096942009024,-0.000206
2023-05-13,kelapa gading,0.0317077559048876,0.00020220316506243237,0.1179001011129165,0.0003183218772539337
2023-05-13,komp angkasa pura jakarta pusat,0.0317077559048876,0.00020220316506243237,0.1179001011129165,0.0002143462050003801
2023-05-13,lubang buaya,0.0333294430520241,0.00017631983486772728,0.1182454759467147,
2023-05-13,us consulate jakarta pusat,0.0317077559048876,0.00020220316506243237,0.1179001011129165,0.00022036024807861192
2023-05-14,bundaran hotel indonesia,0.0399790149111207,0.0001984346941695764,0.118728341962191,0.0003902205752950685
2023-05-14,jagakarsa,0.0399790149111207,0.0001984346941695764,0.1176846145043571,0.00020725907282272444
2023-05-14,jalan bdn ii,0.0334720823238584,0.00026179197101873405,0.1164452659701383,0.00026847840526175883
2023-05-14,kebon jeruk,0.0399790149111207,0.0001984346941695764,0.118728341962191,-0.00019
2023-05-14,kelapa gading,0.0354475068049123,0.00018008023516252763,0.1175475356177765,0.0002347322039181048
2023-05-14,komp angkasa pura jakarta pusat,0.0354475068049123,0.00018008023516252763,0.1175475356177765,0.00020725907282272444
2023-05-14,lubang buaya,0.0377474936716567,0.0002247124491057763,0.1177527454515646,-2.86e-05
2023-05-14,us consulate jakarta pusat,0.0354475068049123,0.00018008023516252763,0.1175475356177765,0.0003902205752950685
2023-05-15,bundaran hotel indonesia,0.0350675836226816,0.00023685870530268564,0.1177450298036534,0.00013143468806935466
2023-05-15,jagakarsa,0.0350675836226816,0.00023685870530268564,0.1177450298036534,2.133208411037289e-05
2023-05-15,jalan bdn ii,0.036416318732817,0.00020201076153169892,0.1166117119169917,
2023-05-15,kebon jeruk,0.0350675836226816,0.00023685870530268564,0.1177450298036534,
2023-05-15,kelapa gading,0.0360174416140799,0.000323143744376905,0.1182574259026518,0.0005135097382832695
2023-05-15,komp angkasa pura jakarta pusat,0.0360174416140799,0.000323143744376905,0.1182574259026518,2.133208411037289e-05
2023-05-15,lubang buaya,0.0362564146197686,0.0002469083692480607,0.1168494817655916,
2023-05-15,us consulate jakarta pusat,0.0360174416140799,0.000323143744376905,0.1182574259026518,0.00013143468806935466
2023-05-16,bundaran hotel indonesia,0.0305471178303361,0.0002406225594474036,0.1187141563442897,
2023-05-16,jagakarsa,0.0305471178303361,0.0002406225594474036,0.1187141563442897,0.00045392647036628846
2023-05-16,jalan bdn ii,0.0298445796633962,0.0002957139762170565,0.1183470089155814,
2023-05-16,kebon jeruk,0.0305471178303361,0.0002406225594474036,0.1187141563442897,
2023-05-16,kelapa gading,0.0311540200377201,0.00021622313157288665,0.1179206322650903,-0.000466
2023-05-16,komp angkasa pura jakarta pusat,0.0311540200377201,0.00021622313157288665,0.1179206322650903,0.00045392647036628846
2023-05-16,lubang buaya,0.0297595103464161,0.00022694281144116068,0.1170326351517637,
2023-05-16,us consulate jakarta pusat,0.0311540200377201,0.00021622313157288665,0.1179206322650903,
2023-05-17,bundaran hotel indonesia,0.0391882555855912,0.00027035118393627187,0.1186254347291696,0.0001596600037539292
2023-05-17,jagakarsa,0.0391882555855912,0.00027035118393627187,0.1186254347291696,6.58473010166863e-05
2023-05-17,jalan bdn ii,0.0391752105349496,0.0003219951378096853,0.1185855963144779,
2023-05-17,kebon jeruk,0.0391882555855912,0.00027035118393627187,0.1186254347291696,0.0002717268920947805
2023-05-17,kelapa gading,0.040066490720055,0.00023768427475290052,0.1181797102303815,1.8014038506593402e-05
2023-05-17,komp angkasa pura jakarta pusat,0.040066490720055,0.00023768427475290052,0.1181797102303815,6.58473010166863e-05
2023-05-17,lubang buaya,0.0395433989980635,0.0002372978816151208,0.1178750259893546,-0.00042
2023-05-17,us consulate jakarta pusat,0.040066490720055,0.00023768427475290052,0.1181797102303815,0.0001596600037539292
2023-05-18,bundaran hotel indonesia,,0.0002023355262870349,0.1205536921201964,
2023-05-18,jagakarsa,,0.0002023355262870349,0.1205536921201964,
2023-05-18,jalan bdn ii,,0.00023480991401835115,0.120703069600395,
2023-05-18,kebon jeruk,,0.0002023355262870349,0.1205536921201964,
2023-05-18,kelapa gading,,0.00018394598911317093,0.1206841867495789,
2023-05-18,komp angkasa pura jakarta pusat,,0.00018394598911317093,0.1206841867495789,
2023-05-18,lubang buaya,,0.00021260729704690464,0.1205330934553479,
2023-05-18,us consulate jakarta pusat,,0.00018394598911317093,0.1206841867495789,
2023-05-19,bundaran hotel indonesia,0.037724272710651,0.00031208753285981943,0.1205484467635072,-4.26e-05
2023-05-19,jagakarsa,0.037724272710651,0.00031208753285981943,0.1205484467635072,-3.86e-05
2023-05-19,jalan bdn ii,,0.0004113947329034116,0.118739769305719,
2023-05-19,kebon jeruk,0.037724272710651,0.00031208753285981943,0.1205484467635072,0.00043807523794856863
2023-05-19,kelapa gading,0.0413751732738088,0.0003313994166122293,0.1197217917043,0.00016998422531749944
2023-05-19,komp angkasa pura jakarta pusat,0.0413751732738088,0.0003313994166122293,0.1197217917043,-3.86e-05
2023-05-19,lubang buaya,0.0417086386174674,0.00033525702869111735,0.1200337562077616,
2023-05-19,us consulate jakarta pusat,0.0413751732738088,0.0003313994166122293,0.1197217917043,-4.26e-05
2023-05-20,bundaran hotel indonesia,0.0350012822393232,0.000167617694571214,0.1182074755805303,0.0002290177044779397
2023-05-20,jagakarsa,0.0350012822393232,0.000167617694571214,0.1182074755805303,0.00020162165083646743
2023-05-20,jalan bdn ii,0.035509022441002,0.00014109482988623222,0.1179553204530236,0.00023792985259808087
2023-05-20,kebon jeruk,0.0350012822393232,0.000167617694571214,0.1182074755805303,0.0004185332483926608
2023-05-20,kelapa gading,0.0384825241980645,0.00013570880867547138,0.1181078147174621,0.00010746945131914336
2023-05-20,komp angkasa pura jakarta pusat,0.0384825241980645,0.00013570880867547138,0.1181078147174621,0.00020162165083646743
2023-05-20,lubang buaya,0.0381700490450013,0.00012888367755395472,0.118060232548568,0.00020316644527849695
2023-05-20,us consulate jakarta pusat,0.0384825241980645,0.00013570880867547138,0.1181078147174621,0.0002290177044779397
2023-05-21,bundaran hotel indonesia,,0.00016170989029113122,0.1168705821903449,0.00035369041801747354
2023-05-21,jagakarsa,,0.00016170989029113122,0.1168705821903449,-6.95e-05
2023-05-21,jalan bdn ii,,0.00016978909224308895,0.1168513824999877,
2023-05-21,kebon jeruk,,0.00016170989029113122,0.1168705821903449,0.0005697904350019359
2023-05-21,kelapa gading,,0.00016477465219598926,0.1173361666478863,-1.1e-05
2023-05-21,komp angkasa pura jakarta pusat,,0.00016477465219598926,0.1173361666478863,-6.95e-05
2023-05-21,lubang buaya,,0.00015466670592620803,0.1163997405696513,
2023-05-21,us consulate jakarta pusat,,0.00016477465219598926,0.1173361666478863,0.00035369041801747354
2023-05-22,bundaran hotel indonesia,0.0406976803339686,0.0002534145523230536,0.1203466941840204,7.710781611776077e-06
2023-05-22,jagakarsa,0.0406976803339686,0.0002534145523230536,0.1203466941840204,-0.000138
2023-05-22,jalan bdn ii,0.0404686714035378,0.0002493866170485699,0.1204326457397083,-7.28e-06
2023-05-22,kebon jeruk,0.0406976803339686,0.0002534145523230536,0.1203466941840204,3.418077332789411e-05
2023-05-22,kelapa gading,0.0398827576136943,0.0003200184973273964,0.1205065847667331,-2.38e-05
2023-05-22,komp angkasa pura jakarta pusat,0.0398827576136943,0.0003200184973273964,0.1205065847667331,-0.000138
2023-05-22,lubang buaya,0.037234685022834,0.0003574764049104072,0.1197854563324329,
2023-05-22,us consulate jakarta pusat,0.0398827576136943,0.0003200184973273964,0.1205065847667331,7.710781611776077e-06
2023-05-23,bundaran hotel indonesia,0.0368398589197202,0.00031055376286653967,0.1175835944033052,7.992399141950613e-05
2023-05-23,jagakarsa,0.0368398589197202,0.00031055376286653967,0.1175835944033052,0.0004410385630815129
2023-05-23,jalan bdn ii,0.0385043818745792,0.0002493969519707645,0.1186783530940431,
2023-05-23,kebon jeruk,0.0368398589197202,0.00031055376286653967,0.1175835944033052,0.00016750557983077354
2023-05-23,kelapa gading,0.0362431241292141,0.0002116302674848292,0.118693384623517,6.61933874090027e-05
2023-05-23,komp angkasa pura jakarta pusat,0.0362431241292141,0.0002116302674848292,0.118693384623517,0.0004410385630815129
2023-05-23,lubang buaya,0.038419653659449,0.0002068347339645243,0.1193268509776668,5.779384317363243e-05
2023-05-23,us consulate jakarta pusat,0.0362431241292141,0.0002116302674848292,0.118693384623517,7.992399141950613e-05
2023-05-24,bundaran hotel indonesia,0.0392798136553883,0.00038456801506417577,0.1182100432597479,
2023-05-24,jagakarsa,0.0392798136553883,0.00038456801506417577,0.1182100432597479,
2023-05-24,jalan bdn ii,0.0437490091524869,0.0003228833427901006,0.1183405974797347,
2023-05-24,kebon jeruk,0.0392798136553883,0.00038456801506417577,0.1182100432597479,
2023-05-24,kelapa gading,,0.0002677817032346366,0.1185128253484817,
2023-05-24,komp angkasa pura jakarta pusat,,0.0002677817032346366,0.1185128253484817,
2023-05-24,lubang buaya,,0.0001942245809990672,0.1186110931701885,0.0008320834546479538
2023-05-24,us consulate jakarta pusat,,0.0002677817032346366,0.1185128253484817,
2023-05-25,bundaran hotel indonesia,0.0469137069194909,0.00036015898880575095,0.1183596999830566,0.00016854973022749318
2023-05-25,jagakarsa,0.0469137069194909,0.00036015898880575095,0.1183596999830566,3.264491430566047e-05
2023-05-25,jalan bdn ii,0.0405664776667618,0.0002080171129331104,0.1179176725817768,
2023-05-25,kebon jeruk,0.0469137069194909,0.00036015898880575095,0.1183596999830566,0.000337421131170945
2023-05-25,kelapa gading,0.0429545528411986,0.0004655549814839102,0.1187739422026522,7.265319074765945e-05
2023-05-25,komp angkasa pura jakarta pusat,0.0429545528411986,0.0004655549814839102,0.1187739422026522,3.264491430566047e-05
2023-05-25,lubang buaya,0.0383241751843424,0.00023349049185585397,0.1179808593297513,0.00013465066430230657
2023-05-25,us consulate jakarta pusat,0.0429545528411986,0.0004655549814839102,0.1187739422026522,0.00016854973022749318
2023-05-26,bundaran hotel indonesia,0.0367578624521933,0.0001742194420333691,0.1160291133215912,-0.000352
2023-05-26,jagakarsa,0.0367578624521933,0.0001742194420333691,0.1160291133215912,0.0001788301280992472
2023-05-26,jalan bdn ii,0.0377352272284179,0.00014099204795917468,0.1162450496294221,0.00014632433215283467
2023-05-26,kebon jeruk,0.0367578624521933,0.0001742194420333691,0.1160291133215912,-0.000143
2023-05-26,kelapa gading,0.036374721217461,0.0001460593029798846,0.1167313125709757,-0.00022
2023-05-26,komp angkasa pura jakarta pusat,0.036374721217461,0.0001460593029798846,0.1167313125709757,0.0001788301280992472
2023-05-26,lubang buaya,0.0389367975747188,0.00015491487025499337,0.1175290678035423,-4.18e-05
2023-05-26,us consulate jakarta pusat,0.036374721217461,0.0001460593029798846,0.1167313125709757,-0.000352
2023-05-27,bundaran hotel indonesia,0.033297531142076,0.000259245924275252,0.1175462148114775,
2023-05-27,jagakarsa,0.033297531142076,0.000259245924275252,0.1175462148114775,
2023-05-27,jalan bdn ii,,0.0002475860836071729,0.1169509245407525,
2023-05-27,kebon jeruk,0.033297531142076,0.000259245924275252,0.1175462148114775,
2023-05-27,kelapa gading,0.0332975308738435,0.00023121904640701225,0.1176934064258166,
2023-05-27,komp angkasa pura jakarta pusat,0.0332975308738435,0.00023121904640701225,0.1176934064258166,
2023-05-27,lubang buaya,,0.0002956564254480952,0.1169127266832903,
2023-05-27,us consulate jakarta pusat,0.0332975308738435,0.00023121904640701225,0.1176934064258166,
2023-05-28,bundaran hotel indonesia,0.0405876899679782,0.0003365109269853018,0.1172246295574497,
2023-05-28,jagakarsa,0.0405876899679782,0.0003365109269853018,0.1172246295574497,-0.000117
2023-05-28,jalan bdn ii,0.0432094817762222,0.000211317005898944,0.1166706939683251,
2023-05-28,kebon jeruk,0.0405876899679782,0.0003365109269853018,0.1172246295574497,
2023-05-28,kelapa gading,0.0384956387354615,0.0003505167592473592,0.1169949018119087,-0.000232
2023-05-28,komp angkasa pura jakarta pusat,0.0384956387354615,0.0003505167592473592,0.1169949018119087,-0.000117
2023-05-28,lubang buaya,0.0414327421105073,0.00025114569767131675,0.1169204660821203,
2023-05-28,us consulate jakarta pusat,0.0384956387354615,0.0003505167592473592,0.1169949018119087,
2023-05-29,bundaran hotel indonesia,0.0400428624727484,0.0002536300898875282,0.1188022024420492,
2023-05-29,jagakarsa,0.0400428624727484,0.0002536300898875282,0.1188022024420492,-0.000213
2023-05-29,jalan bdn ii,0.0371811461748563,0.0002535302665569718,0.1180030803712411,
2023-05-29,kebon jeruk,0.0400428624727484,0.0002536300898875282,0.1188022024420492,0.00021904158427883577
2023-05-29,kelapa gading,0.0404221228125772,0.00028016827764208566,0.1185671416602681,
2023-05-29,komp angkasa pura jakarta pusat,0.0404221228125772,0.00028016827764208566,0.1185671416602681,-0.000213
2023-05-29,lubang buaya,0.0397180072461702,0.0002477856823556083,0.1185686347369701,
2023-05-29,us consulate jakarta pusat,0.0404221228125772,0.00028016827764208566,0.1185671416602681,
2023-05-30,bundaran hotel indonesia,0.0473139143423818,0.0003415917464464096,0.1161137079926684,0.00015316298242189918
2023-05-30,jagakarsa,0.0473139143423818,0.0003415917464464096,0.1161137079926684,0.00029204745566666654
2023-05-30,jalan bdn ii,0.0436670355813577,0.0003085305062522186,0.1161833323212488,
2023-05-30,kebon jeruk,0.0473139143423818,0.0003415917464464096,0.1161137079926684,0.0001531629837726059
2023-05-30,kelapa gading,0.0475649500355099,0.000316411748918354,0.1159907307266474,-2.49e-05
2023-05-30,komp angkasa pura jakarta pusat,0.0475649500355099,0.000316411748918354,0.1159907307266474,0.00029204745566666654
2023-05-30,lubang buaya,0.0414547020543757,0.0003934714232577756,0.1163144026290792,
2023-05-30,us consulate jakarta pusat,0.0475649500355099,0.000316411748918354,0.1159907307266474,0.00015316298242189918
2023-05-31,bundaran hotel indonesia,0.042244869466081,,0.1146910461546101,-3.54e-06
2023-05-31,jagakarsa,0.042244869466081,,0.1146910461546101,-4.37e-05
2023-05-31,jalan bdn ii,0.0381176082230934,,0.1152226308178722,-3.54e-05
2023-05-31,kebon jeruk,0.042244869466081,,0.1146910461546101,-5.1e-05
2023-05-31,kelapa gading,0.0408591838497601,,0.1145706971337313,1.519119604151962e-05
2023-05-31,komp angkasa pura jakarta pusat,0.0408591838497601,,0.1145706971337313,-4.37e-05
2023-05-31,lubang buaya,0.0371497067577623,,0.1142775554876178,-9.26e-05
2023-05-31,us consulate jakarta pusat,0.0408591838497601,,0.1145706971337313,-3.54e-06
2023-06-01,bundaran hotel indonesia,0.0357434190565616,0.00016393088353541915,0.1144224033089653,
2023-06-01,jagakarsa,0.0357434190565616,0.00016393088353541915,0.1144224033089653,
2023-06-01,jalan bdn ii,0.03404255147166,0.0002211452338814884,0.1149231216159749,
2023-06-01,kebon jeruk,0.0357434190565616,0.00016393088353541915,0.1144224033089653,
2023-06-01,kelapa gading,0.0356165888567214,0.0002103354257161196,0.1148615909550242,
2023-06-01,komp angkasa pura jakarta pusat,0.0356165888567214,0.0002103354257161196,0.1148615909550242,
2023-06-01,lubang buaya,0.0337463561297155,0.00031709062086170955,0.1156129973644358,
2023-06-01,us consulate jakarta pusat,0.0356165888567214,0.0002103354257161196,0.1148615909550242,
2023-06-02,bundaran hotel indonesia,0.0369831306657226,0.0002583266985609954,0.1162067375652362,-0.000402
2023-06-02,jagakarsa,0.0369831306657226,0.0002583266985609954,0.1162067375652362,-7.25e-05
2023-06-02,jalan bdn ii,0.0356027399273629,0.00019585036368766567,0.1165301126073573,
2023-06-02,kebon jeruk,0.0369831306657226,0.0002583266985609954,0.1162067375652362,0.000172243284962637
2023-06-02,kelapa gading,0.0372086051878594,0.00020377628199590516,0.1163552173482023,0.0002965412770067675
2023-06-02,komp angkasa pura jakarta pusat,0.0372086051878594,0.00020377628199590516,0.1163552173482023,-7.25e-05
2023-06-02,lubang buaya,0.0370360774820617,0.000186326304748856,0.1166323600058645,
2023-06-02,us consulate jakarta pusat,0.0372086051878594,0.00020377628199590516,0.1163552173482023,-0.000402
2023-06-03,bundaran hotel indonesia,0.039175377117513,0.00020590142972869385,0.1208050884412097,0.0006634666836369599
2023-06-03,jagakarsa,0.039175377117513,0.00020590142972869385,0.1208050884412097,0.0004256282002571687
2023-06-03,jalan bdn ii,0.0363885298699786,0.00020320129184800884,0.1214480945527594,0.0009310598791206574
2023-06-03,kebon jeruk,0.039175377117513,0.00020590142972869385,0.1208050884412097,0.0003755650018715024
2023-06-03,kelapa gading,0.0358681963802422,0.0001728272727229446,0.1209067279869095,0.0001034960059400677
2023-06-03,komp angkasa pura jakarta pusat,0.0358681963802422,0.0001728272727229446,0.1209067279869095,0.0004256282002571687
2023-06-03,lubang buaya,0.0359550404626755,0.00016051722228298222,0.120386380271086,0.0009310598871835232
2023-06-03,us consulate jakarta pusat,0.0358681963802422,0.0001728272727229446,0.1209067279869095,0.0006634666836369599
2023-06-04,bundaran hotel indonesia,0.0418079961762316,0.0002159583963105832,0.1201540352029366,0.0002478092431344309
2023-06-04,jagakarsa,0.0418079961762316,0.0002159583963105832,0.1201540352029366,6.545634902150293e-05
2023-06-04,jalan bdn ii,0.0402401656260056,0.00024139993471868017,0.1189254753390428,
2023-06-04,kebon jeruk,0.0418079961762316,0.0002159583963105832,0.1201540352029366,1.887894168964179e-05
2023-06-04,kelapa gading,0.0449873177283134,0.00024080840108219392,0.1194868828691,1.5460024649368885e-05
2023-06-04,komp angkasa pura jakarta pusat,0.0449873177283134,0.00024080840108219392,0.1194868828691,6.545634902150293e-05
2023-06-04,lubang buaya,0.0440959793712967,0.00030380753746256335,0.1189567631501842,0.000492284258847426
2023-06-04,us consulate jakarta pusat,0.0449873177283134,0.00024080840108219392,0.1194868828691,0.0002478092431344309
2023-06-05,bundaran hotel indonesia,0.0420520354325524,0.0003109700069293533,0.1197126789559491,0.00019510317046205768
2023-06-05,jagakarsa,0.0420520354325524,0.0003109700069293533,0.1197126789559491,0.00013786372494762066
2023-06-05,jalan bdn ii,0.0378185082556337,0.00030907347431319147,0.1187017012466108,
2023-06-05,kebon jeruk,0.0420520354325524,0.0003109700069293533,0.1197126789559491,-5.28e-05
2023-06-05,kelapa gading,0.0414312769092165,0.0002574257008763577,0.1192396476351024,-1.45e-05
2023-06-05,komp angkasa pura jakarta pusat,0.0414312769092165,0.0002574257008763577,0.1192396476351024,0.00013786372494762066
2023-06-05,lubang buaya,0.0385279596227811,0.00025715675299644734,0.1184753395702749,
2023-06-05,us consulate jakarta pusat,0.0414312769092165,0.0002574257008763577,0.1192396476351024,0.00019510317046205768
2023-06-06,bundaran hotel indonesia,,0.00033749994383876203,,
2023-06-06,jagakarsa,,0.00033749994383876203,,
2023-06-06,jalan bdn ii,,0.00023525029636290335,,
2023-06-06,kebon jeruk,,0.00033749994383876203,,
2023-06-06,kelapa gading,,0.00028945696701004203,,
2023-06-06,komp angkasa pura jakarta pusat,,0.00028945696701004203,,
2023-06-06,lubang buaya,,0.00021913757839079115,,
2023-06-06,us consulate jakarta pusat,,0.00028945696701004203,,
2023-06-07,bundaran hotel indonesia,0.0359202191107859,0.00019438244222651292,0.1169767439402558,0.0001810201612274745
2023-06-07,jagakarsa,0.0359202191107859,0.00019438244222651292,0.1169767439402558,-2.51e-05
2023-06-07,jalan bdn ii,0.0361114178579769,0.0001981354894560796,0.1178730381048846,
2023-06-07,kebon jeruk,0.0359202191107859,0.00019438244222651292,0.1169767439402558,
2023-06-07,kelapa gading,0.0358225293922887,0.00015180770839237566,0.1169879572215151,0.0002176709764823691
2023-06-07,komp angkasa pura jakarta pusat,0.0358225293922887,0.00015180770839237566,0.1169879572215151,-2.51e-05
2023-06-07,lubang buaya,0.0364432195004072,0.0001665002414047532,0.1170092821943618,
2023-06-07,us consulate jakarta pusat,0.0358225293922887,0.00015180770839237566,0.1169879572215151,0.0001810201612274745
2023-06-08,bundaran hotel indonesia,0.0346191219152316,,0.1170618600293732,0.00012738813995910665
2023-06-08,jagakarsa,0.0346191219152316,,0.1170618600293732,-1.11e-05
2023-06-08,jalan bdn ii,0.0329815932222874,,0.117602843755087,
2023-06-08,kebon jeruk,0.0346191219152316,,0.1170618600293732,7.00661424832775e-05
2023-06-08,kelapa gading,0.0322878482627774,,0.1178608000059005,0.00015930798944806084
2023-06-08,komp angkasa pura jakarta pusat,0.0322878482627774,,0.1178608000059005,-1.11e-05
2023-06-08,lubang buaya,0.0342013457418156,,0.1173369259872546,0.0005387714472176197
2023-06-08,us consulate jakarta pusat,0.0322878482627774,,0.1178608000059005,0.00012738813995910665
2023-06-09,bundaran hotel indonesia,0.030086368493935,0.00017599802897191096,0.1178456440030711,-0.000331
2023-06-09,jagakarsa,0.030086368493935,0.00017599802897191096,0.1178456440030711,0.00010607309578082783
2023-06-09,jalan bdn ii,0.030238940590552,0.0001380132197455613,0.1169691870631128,0.00015070824841451944
2023-06-09,kebon jeruk,0.030086368493935,0.00017599802897191096,0.1178456440030711,0.0002916433212086645
2023-06-09,kelapa gading,0.0305204955764154,0.00014101917665757386,0.1174779839397918,0.0001755629227729455
2023-06-09,komp angkasa pura jakarta pusat,0.0305204955764154,0.00014101917665757386,0.1174779839397918,0.00010607309578082783
2023-06-09,lubang buaya,0.0310816906187564,0.00012702955663605988,0.119003499296482,-8.99e-05
2023-06-09,us consulate jakarta pusat,0.0305204955764154,0.00014101917665757386,0.1174779839397918,-0.000331
2023-06-10,bundaran hotel indonesia,0.0390931979185609,0.0003905338059292408,0.1173481060262688,
2023-06-10,jagakarsa,0.0390931979185609,0.0003905338059292408,0.1173481060262688,6.042247273193367e-05
2023-06-10,jalan bdn ii,0.0355057626101095,0.00026508061660816964,0.1167041909570043,
2023-06-10,kebon jeruk,0.0390931979185609,0.0003905338059292408,0.1173481060262688,
2023-06-10,kelapa gading,0.0362716406314792,0.00028970887851543625,0.1165626229598395,0.0002441641785159431
2023-06-10,komp angkasa pura jakarta pusat,0.0362716406314792,0.00028970887851543625,0.1165626229598395,6.042247273193367e-05
2023-06-10,lubang buaya,0.0342580350232956,0.0002032698959647684,0.1162640514608259,
2023-06-10,us consulate jakarta pusat,0.0362716406314792,0.00028970887851543625,0.1165626229598395,
2023-06-11,bundaran hotel indonesia,0.0366469936143039,0.00018008523031443535,0.1163462595030981,0.0001128569317976432
2023-06-11,jagakarsa,0.0366469936143039,0.00018008523031443535,0.1163462595030981,7.8981728427912e-05
2023-06-11,jalan bdn ii,0.0341575493263498,0.00015992826815805318,0.1157209488128322,0.000526792652641137
2023-06-11,kebon jeruk,0.0366469936143039,0.00018008523031443535,0.1163462595030981,5.446017808575168e-05
2023-06-11,kelapa gading,0.0356695833780408,0.0001398947202950678,0.1174387027013821,0.00013182510431551572
2023-06-11,komp angkasa pura jakarta pusat,0.0356695833780408,0.0001398947202950678,0.1174387027013821,7.8981728427912e-05
2023-06-11,lubang buaya,0.0339342660876572,0.0001459659759312722,0.1161432364056639,0.000364092981685562
2023-06-11,us consulate jakarta pusat,0.0356695833780408,0.0001398947202950678,0.1174387027013821,0.0001128569317976432
2023-06-12,bundaran hotel indonesia,0.0316316405829584,0.0001823459371466952,0.113808599527233,
2023-06-12,jagakarsa,0.0316316405829584,0.0001823459371466952,0.113808599527233,
2023-06-12,jalan bdn ii,0.0313508971017295,0.00015100312418769315,0.114394857027809,
2023-06-12,kebon jeruk,0.0316316405829584,0.0001823459371466952,0.113808599527233,
2023-06-12,kelapa gading,,0.00014230478804608935,0.1138927357034302,
2023-06-12,komp angkasa pura jakarta pusat,,0.00014230478804608935,0.1138927357034302,
2023-06-12,lubang buaya,,0.00013383197369537902,0.1144658405758147,
2023-06-12,us consulate jakarta pusat,,0.00014230478804608935,0.1138927357034302,
2023-06-13,bundaran hotel indonesia,0.0293746074994683,0.0002574167386882453,0.1121898968742749,
2023-06-13,jagakarsa,0.0293746074994683,0.0002574167386882453,0.1121898968742749,0.00023090722986167825
2023-06-13,jalan bdn ii,0.02997839627978,0.0002231932151369481,0.1114867651997261,
2023-06-13,kebon jeruk,0.0293746074994683,0.0002574167386882453,0.1121898968742749,-4.02e-05
2023-06-13,kelapa gading,0.0293084953457279,0.00016833364496509932,0.1123640957339866,-0.000116
2023-06-13,komp angkasa pura jakarta pusat,0.0293084953457279,0.00016833364496509932,0.1123640957339866,0.00023090722986167825
2023-06-13,lubang buaya,0.0295715244593837,0.00017144054426854847,0.112895667056642,
2023-06-13,us consulate jakarta pusat,0.0293084953457279,0.00016833364496509932,0.1123640957339866,
2023-06-14,bundaran hotel indonesia,0.0283794674179728,0.00026766024679682887,0.113338533904147,-0.00034
2023-06-14,jagakarsa,0.0283794674179728,0.00026766024679682887,0.113338533904147,0.0001441173053794207
2023-06-14,jalan bdn ii,0.0308975730470102,0.0002167773873737903,0.113793104402238,
2023-06-14,kebon jeruk,0.0283794674179728,0.00026766024679682887,0.113338533904147,-7.99e-05
2023-06-14,kelapa gading,0.0320390807543979,0.00015214398633487915,0.1142702538901899,2.318634172990681e-05
2023-06-14,komp angkasa pura jakarta pusat,0.0320390807543979,0.00015214398633487915,0.1142702538901899,0.0001441173053794207
2023-06-14,lubang buaya,0.031260809316636,0.00015725415647700936,0.113939210222819,
2023-06-14,us consulate jakarta pusat,0.0320390807543979,0.00015214398633487915,0.1142702538901899,-0.00034
2023-06-15,bundaran hotel indonesia,,0.00016714344074802135,0.1137181678578092,-0.000212
2023-06-15,jagakarsa,,0.00016714344074802135,0.1137181678578092,0.0003280616503899761
2023-06-15,jalan bdn ii,,0.0001740630774281362,0.1139960217340481,
2023-06-15,kebon jeruk,,0.00016714344074802135,0.1137181678578092,
2023-06-15,kelapa gading,0.0278973211308493,0.00012950090842791506,0.1135723197131879,0.00016086865099556967
2023-06-15,komp angkasa pura jakarta pusat,0.0278973211308493,0.00012950090842791506,0.1135723197131879,0.0003280616503899761
2023-06-15,lubang buaya,0.0249364100804467,0.00014569555022915992,0.1135547508870429,
2023-06-15,us consulate jakarta pusat,0.0278973211308493,0.00012950090842791506,0.1135723197131879,-0.000212
2023-06-16,bundaran hotel indonesia,,,0.11646622028006,
2023-06-16,jagakarsa,,,0.11646622028006,
2023-06-16,jalan bdn ii,,,0.1164921564525826,
2023-06-16,kebon jeruk,,,0.11646622028006,
2023-06-16,kelapa gading,,,0.1165957197198719,
2023-06-16,komp angkasa pura jakarta pusat,,,0.1165957197198719,
2023-06-16,lubang buaya,,,0.1165714367259519,
2023-06-16,us consulate jakarta pusat,,,0.1165957197198719,
2023-06-17,bundaran hotel indonesia,,0.00011978264558210547,0.115885889240176,
2023-06-17,jagakarsa,,0.00011978264558210547,0.115885889240176,
2023-06-17,jalan bdn ii,,7.370520061661166e-05,0.11555572799328,
2023-06-17,kebon jeruk,,0.00011978264558210547,0.115885889240176,
2023-06-17,kelapa gading,0.0293573026515339,0.00014892045371775475,0.1161453352265653,
2023-06-17,komp angkasa pura jakarta pusat,0.0293573026515339,0.00014892045371775475,0.1161453352265653,
2023-06-17,lubang buaya,,0.00011858050997241458,0.1159139388912585,
2023-06-17,us consulate jakarta pusat,0.0293573026515339,0.00014892045371775475,0.1161453352265653,
2023-06-18,bundaran hotel indonesia,0.0324598327049626,0.00018737729180939129,0.1151512596806355,
2023-06-18,jagakarsa,0.0324598327049626,0.00018737729180939129,0.1151512596806355,8.618489845134003e-06
2023-06-18,jalan bdn ii,0.0323576887105929,0.00016506507777377268,0.1146601027546362,
2023-06-18,kebon jeruk,0.0324598327049626,0.00018737729180939129,0.1151512596806355,-0.000442
2023-06-18,kelapa gading,0.0337669553742198,0.00018853340915653448,0.1145571343090207,0.0002026454111690048
2023-06-18,komp angkasa pura jakarta pusat,0.0337669553742198,0.00018853340915653448,0.1145571343090207,8.618489845134003e-06
2023-06-18,lubang buaya,0.034613793251839,0.0001219820653867479,0.1142888002076466,
2023-06-18,us consulate jakarta pusat,0.0337669553742198,0.00018853340915653448,0.1145571343090207,
2023-06-19,bundaran hotel indonesia,,,0.1167016773364334,
2023-06-19,jagakarsa,,,0.1167016773364334,
2023-06-19,jalan bdn ii,,,0.1168112011790878,
2023-06-19,kebon jeruk,,,0.1167016773364334,
2023-06-19,kelapa gading,,,0.1156896331425906,
2023-06-19,komp angkasa pura jakarta pusat,,,0.1156896331425906,
2023-06-19,lubang buaya,,0.000497092273104123,0.1159714747217336,
2023-06-19,us consulate jakarta pusat,,,0.1156896331425906,
2023-06-20,bundaran hotel indonesia,0.0322403549045854,0.000247634907444381,0.1152290273064135,0.00016006625383461126
2023-06-20,jagakarsa,0.0322403549045854,0.000247634907444381,0.1152290273064135,8.891760954409041e-07
2023-06-20,jalan bdn ii,0.033184473899498,0.0002152735129230407,0.114780628127237,
2023-06-20,kebon jeruk,0.0322403549045854,0.000247634907444381,0.1152290273064135,0.0003209233336991832
2023-06-20,kelapa gading,0.0337497074500583,0.00015773946415682837,0.1145490558709264,-9.99e-05
2023-06-20,komp angkasa pura jakarta pusat,0.0337497074500583,0.00015773946415682837,0.1145490558709264,8.891760954409041e-07
2023-06-20,lubang buaya,0.0322001567029862,0.00017374828840968285,0.114635081532087,0.0002575225395572773
2023-06-20,us consulate jakarta pusat,0.0337497074500583,0.00015773946415682837,0.1145490558709264,0.00016006625383461126
2023-06-21,bundaran hotel indonesia,0.0379850629958364,0.0002593010084070275,0.1138624903967833,
2023-06-21,jagakarsa,0.0379850629958364,0.0002593010084070275,0.1138624903967833,0.00048505247850113474
2023-06-21,jalan bdn ii,0.0388208161323993,0.00020897851213193096,0.1135029978255672,
2023-06-21,kebon jeruk,0.0379850629958364,0.0002593010084070275,0.1138624903967833,0.000726381154628859
2023-06-21,kelapa gading,0.0366387063397001,0.0002228931269449589,0.1137039219851812,0.00030345952347060856
2023-06-21,komp angkasa pura jakarta pusat,0.0366387063397001,0.0002228931269449589,0.1137039219851812,0.00048505247850113474
2023-06-21,lubang buaya,0.0371049080327797,0.0002327859082995844,0.1141825107020197,
2023-06-21,us consulate jakarta pusat,0.0366387063397001,0.0002228931269449589,0.1137039219851812,
2023-06-22,bundaran hotel indonesia,,0.000110595443543835,0.1160543665154388,0.00017891344771160694
2023-06-22,jagakarsa,,0.000110595443543835,0.1160543665154388,2.1682798834302167e-05
2023-06-22,jalan bdn ii,,,,0.00040498103519072593
2023-06-22,kebon jeruk,,0.000110595443543835,0.1160543665154388,0.0001702033913535759
2023-06-22,kelapa gading,,0.00012002250356352322,0.1160550094861799,9.427252762965323e-05
2023-06-22,komp angkasa pura jakarta pusat,,0.00012002250356352322,0.1160550094861799,2.1682798834302167e-05
2023-06-22,lubang buaya,,0.00014911111840599248,0.1156751293848061,0.0004430155072764163
2023-06-22,us consulate jakarta pusat,,0.00012002250356352322,0.1160550094861799,0.00017891344771160694
2023-06-23,bundaran hotel indonesia,0.0373564827208436,0.0002106966840089933,0.1182184277416309,
2023-06-23,jagakarsa,0.0373564827208436,0.0002106966840089933,0.1182184277416309,0.0002002066226727471
2023-06-23,jalan bdn ii,0.0368075678348648,0.00018109330192188087,0.1176075969442605,
2023-06-23,kebon jeruk,0.0373564827208436,0.0002106966840089933,0.1182184277416309,
2023-06-23,kelapa gading,0.037213431502601,0.00017700612364400422,0.1170972563488736,-9.05e-05
2023-06-23,komp angkasa pura jakarta pusat,0.037213431502601,0.00017700612364400422,0.1170972563488736,0.0002002066226727471
2023-06-23,lubang buaya,0.0367696071392428,0.00016447535143726509,0.1169020996312383,
2023-06-23,us consulate jakarta pusat,0.037213431502601,0.00017700612364400422,0.1170972563488736,
2023-06-24,bundaran hotel indonesia,0.0417735927417341,0.00019260014104747008,0.1182158636314827,0.00013389872982652248
2023-06-24,jagakarsa,0.0417735927417341,0.00019260014104747008,0.1182158636314827,-0.00017
2023-06-24,jalan bdn ii,0.0395259158173542,0.0001970875745436135,0.1173954241216169,
2023-06-24,kebon jeruk,0.0417735927417341,0.00019260014104747008,0.1182158636314827,0.0002954904565876206
2023-06-24,kelapa gading,0.0463478214689639,0.0003285632763306443,0.1178983117591209,4.2888101977681386e-05
2023-06-24,komp angkasa pura jakarta pusat,0.0463478214689639,0.0003285632763306443,0.1178983117591209,-0.00017
2023-06-24,lubang buaya,0.0411749354486358,0.00029211922863073747,0.1174453640242529,
2023-06-24,us consulate jakarta pusat,0.0463478214689639,0.0003285632763306443,0.1178983117591209,0.00013389872982652248
2023-06-25,bundaran hotel indonesia,0.040244178204193,0.00020939159486962872,0.1192837215430154,-2.16e-05
2023-06-25,jagakarsa,0.040244178204193,0.00020939159486962872,0.1192837215430154,9.075658922613437e-06
2023-06-25,jalan bdn ii,0.0389296564167873,0.00024556184973412783,0.118635983510101,
2023-06-25,kebon jeruk,0.040244178204193,0.00020939159486962872,0.1192837215430154,3.216062450507072e-05
2023-06-25,kelapa gading,0.0387121574406264,0.00023691964483308332,0.1189173507268264,0.0002862667204846597
2023-06-25,komp angkasa pura jakarta pusat,0.0387121574406264,0.00023691964483308332,0.1189173507268264,9.075658922613437e-06
2023-06-25,lubang buaya,0.0335897828128831,0.00029526286570798915,0.1181378974163237,
2023-06-25,us consulate jakarta pusat,0.0387121574406264,0.00023691964483308332,0.1189173507268264,-2.16e-05
2023-06-26,bundaran hotel indonesia,0.0416442679704189,0.00030292457255183574,0.1177151895912642,0.0004324919084897094
2023-06-26,jagakarsa,0.0416442679704189,0.00030292457255183574,0.1177151895912642,0.0004343512215844858
2023-06-26,jalan bdn ii,0.0410894343739564,0.0002235183070108513,0.1170202397847698,0.0003224452487759085
2023-06-26,kebon jeruk,0.0416442679704189,0.00030292457255183574,0.1177151895912642,0.00017325865230047733
2023-06-26,kelapa gading,0.0409717033991686,0.0004681396092326672,0.1170368271927951,0.0003266710573406266
2023-06-26,komp angkasa pura jakarta pusat,0.0409717033991686,0.0004681396092326672,0.1170368271927951,0.0004343512215844858
2023-06-26,lubang buaya,0.0412630517005595,0.0003269806584176016,0.117222943655689,0.00027943067298857367
2023-06-26,us consulate jakarta pusat,0.0409717033991686,0.0004681396092326672,0.1170368271927951,0.0004324919084897094
2023-06-27,bundaran hotel indonesia,0.0389716945642259,0.0003488407900203417,0.1187401949633375,0.0004097596104872432
2023-06-27,jagakarsa,0.0389716945642259,0.0003488407900203417,0.1187401949633375,0.0004129387566045601
2023-06-27,jalan bdn ii,0.0355588299695018,0.0002267887834117589,0.1177479953939801,-3.61e-05
2023-06-27,kebon jeruk,0.0389716945642259,0.0003488407900203417,0.1187401949633375,0.00011712411357061371
2023-06-27,kelapa gading,0.0376074098392008,0.0002652892035246818,0.118407042528101,0.0001284496389421032
2023-06-27,komp angkasa pura jakarta pusat,0.0376074098392008,0.0002652892035246818,0.118407042528101,0.0004129387566045601
2023-06-27,lubang buaya,0.0348282416271652,0.0001927795322876752,0.1181108269467254,-0.000185
2023-06-27,us consulate jakarta pusat,0.0376074098392008,0.0002652892035246818,0.118407042528101,0.0004097596104872432
2023-06-28,bundaran hotel indonesia,0.0362674612565707,0.00022492358044325707,0.1189552990621997,
2023-06-28,jagakarsa,0.0362674612565707,0.00022492358044325707,0.1189552990621997,-0.00013
2023-06-28,jalan bdn ii,0.0351868198638482,0.00018882140952592173,0.1181791601417888,
2023-06-28,kebon jeruk,0.0362674612565707,0.00022492358044325707,0.1189552990621997,
2023-06-28,kelapa gading,0.0356010985438722,0.00019115894169969183,0.1186971914087316,-0.000205
2023-06-28,komp angkasa pura jakarta pusat,0.0356010985438722,0.00019115894169969183,0.1186971914087316,-0.00013
2023-06-28,lubang buaya,0.0341064866188726,0.00017643658829337292,0.1182642472243596,
2023-06-28,us consulate jakarta pusat,0.0356010985438722,0.00019115894169969183,0.1186971914087316,
2023-06-29,bundaran hotel indonesia,0.0321423477421116,0.00022764471196362655,0.1158064299029453,
2023-06-29,jagakarsa,0.0321423477421116,0.00022764471196362655,0.1158064299029453,0.0001383272382724113
2023-06-29,jalan bdn ii,0.0316605296509432,0.00013318902860856062,0.1167333118283162,
2023-06-29,kebon jeruk,0.0321423477421116,0.00022764471196362655,0.1158064299029453,
2023-06-29,kelapa gading,0.032221177729362,0.00022271033810782368,0.1169498260283112,-7.78e-05
2023-06-29,komp angkasa pura jakarta pusat,0.032221177729362,0.00022271033810782368,0.1169498260283112,0.0001383272382724113
2023-06-29,lubang buaya,0.0326874896508987,0.00014262842132264924,0.1171784488850779,
2023-06-29,us consulate jakarta pusat,0.032221177729362,0.00022271033810782368,0.1169498260283112,
2023-06-30,bundaran hotel indonesia,0.0365209951314484,0.00030955553799082353,,
2023-06-30,jagakarsa,0.0365209951314484,0.00030955553799082353,,-1.16e-05
2023-06-30,jalan bdn ii,0.0364747907083002,0.00024844953081287746,,
2023-06-30,kebon jeruk,0.0365209951314484,0.00030955553799082353,,
2023-06-30,kelapa gading,0.0366081336287197,0.00027692285097801974,,0.0002481652314396554
2023-06-30,komp angkasa pura jakarta pusat,0.0366081336287197,0.00027692285097801974,,-1.16e-05
2023-06-30,lubang buaya,0.0364823111501107,0.00019950287174842752,,
2023-06-30,us consulate jakarta pusat,0.0366081336287197,0.00027692285097801974,,
2023-07-01,bundaran hotel indonesia,0.0348439543012824,0.0001877396125060121,0.1158727669524557,
2023-07-01,jagakarsa,0.0348439543012824,0.0001877396125060121,0.1158727669524557,0.00012184362011469782
2023-07-01,jalan bdn ii,0.0360168191949678,0.00013844177390311826,0.1160893218429958,0.0002275938846380313
2023-07-01,kebon jeruk,0.0348439543012824,0.0001877396125060121,0.1158727669524557,0.00011309941439957318
2023-07-01,kelapa gading,0.0426163086954403,0.0003153130124804994,0.1168156185654958,0.00010971677212809356
2023-07-01,komp angkasa pura jakarta pusat,0.0426163086954403,0.0003153130124804994,0.1168156185654958,0.00012184362011469782
2023-07-01,lubang buaya,0.0383460489213481,0.0001850597337389885,0.1165790015540239,
2023-07-01,us consulate jakarta pusat,0.0426163086954403,0.0003153130124804994,0.1168156185654958,
2023-07-02,bundaran hotel indonesia,0.0320577018967591,0.00016567772676253826,0.1145196111486179,
2023-07-02,jagakarsa,0.0320577018967591,0.00016567772676253826,0.1145196111486179,6.815438538034234e-05
2023-07-02,jalan bdn ii,0.0326617832186152,0.00013046301500342197,0.113750279280436,-0.000267
2023-07-02,kebon jeruk,0.0318182653763453,0.00016567772676253826,0.1145196111486179,
2023-07-02,kelapa gading,0.0324175769228372,0.00018717020643604145,0.1146621772517577,2.5014247151668277e-05
2023-07-02,komp angkasa pura jakarta pusat,0.0320577018967591,0.00018717020643604145,0.1146621772517577,6.815438538034234e-05
2023-07-02,lubang buaya,0.0335925200413959,0.0001509539483521685,0.1149806576001013,0.0006031527071621793
2023-07-02,us consulate jakarta pusat,0.0320577018967591,0.00018717020643604145,0.1146621772517577,
2023-07-03,bundaran hotel indonesia,0.0350604221463685,0.0002688937065959468,0.1124175855397321,
2023-07-03,jagakarsa,0.0350604221463685,0.0002688937065959468,0.1124175855397321,0.0009962473700001787
2023-07-03,jalan bdn ii,0.0294225884594779,0.0002550721169429348,0.1117759847155356,
2023-07-03,kebon jeruk,0.0350604221463685,0.0002688937065959468,0.1124175855397321,
2023-07-03,kelapa gading,0.0344396407246761,0.00026287833899681226,0.1117688299593023,0.00046052137141349634
2023-07-03,komp angkasa pura jakarta pusat,0.0344396407246761,0.00026287833899681226,0.1117688299593023,0.0009962473700001787
2023-07-03,lubang buaya,0.0291836195866223,0.000265028350663346,0.1112965516126446,
2023-07-03,us consulate jakarta pusat,0.0344396407246761,0.00026287833899681226,0.1117688299593023,
2023-07-04,bundaran hotel indonesia,0.0325719935191906,0.0002385251352284944,0.1157350145153616,2.828586674216444e-05
2023-07-04,jagakarsa,0.0325719935191906,0.0002385251352284944,0.1157350145153616,-7.32e-06
2023-07-04,jalan bdn ii,,0.00027070841529852965,0.1142210988542947,
2023-07-04,kebon jeruk,0.0325719935191906,0.0002385251352284944,0.1157350145153616,-1.49e-05
2023-07-04,kelapa gading,0.0339958139302793,0.000296433765376917,0.1144115693134932,0.00025629717994809674
2023-07-04,komp angkasa pura jakarta pusat,0.0339958139302793,0.000296433765376917,0.1144115693134932,-7.32e-06
2023-07-04,lubang buaya,,0.0002865222931516365,0.1136134266818384,
2023-07-04,us consulate jakarta pusat,0.0339958139302793,0.000296433765376917,0.1144115693134932,2.828586674216444e-05
2023-07-05,bundaran hotel indonesia,0.0333478578698965,0.00031798664760452586,0.1152385061621642,0.0002419809594002636
2023-07-05,jagakarsa,0.0333478578698965,0.00031798664760452586,0.1152385061621642,0.0002190718757868817
2023-07-05,jalan bdn ii,0.0346334635612719,0.00026825795965745093,0.1158262812435074,
2023-07-05,kebon jeruk,0.0333478578698965,0.00031798664760452586,0.1152385061621642,0.0003441205121105332
2023-07-05,kelapa gading,0.0365689015370018,0.000391172631694004,0.1155476040196751,0.00013580379125817423
2023-07-05,komp angkasa pura jakarta pusat,0.0365689015370018,0.000391172631694004,0.1155476040196751,0.0002190718757868817
2023-07-05,lubang buaya,0.0367122785750757,0.0003684474137911138,0.1152802996042618,
2023-07-05,us consulate jakarta pusat,0.0365689015370018,0.000391172631694004,0.1155476040196751,0.0002419809594002636
2023-07-06,bundaran hotel indonesia,,0.0003270104034526331,0.1161789415432576,
2023-07-06,jagakarsa,,0.0003270104034526331,0.1161789415432576,
2023-07-06,jalan bdn ii,,0.00028141733527743847,0.1166256817903043,
2023-07-06,kebon jeruk,,0.0003270104034526331,0.1161789415432576,
2023-07-06,kelapa gading,,0.0003372285235329087,0.1172698924922362,
2023-07-06,komp angkasa pura jakarta pusat,,0.0003372285235329087,0.1172698924922362,
2023-07-06,lubang buaya,,0.00030270747663965194,0.1168505857001362,
2023-07-06,us consulate jakarta pusat,,0.0003372285235329087,0.1172698924922362,
2023-07-07,bundaran hotel indonesia,,,0.1164289904636018,
2023-07-07,jagakarsa,,,0.1164289904636018,
2023-07-07,jalan bdn ii,,,0.1163652208723831,
2023-07-07,kebon jeruk,,,0.1164289904636018,
2023-07-07,kelapa gading,,,0.1159954456966181,
2023-07-07,komp angkasa pura jakarta pusat,,,0.1159954456966181,
2023-07-07,lubang buaya,,,0.1160279098469784,
2023-07-07,us consulate jakarta pusat,,,0.1159954456966181,
2023-07-08,bundaran hotel indonesia,,,,0.000405097379619602
2023-07-08,jagakarsa,,,,-0.000605
2023-07-08,jalan bdn ii,,,,0.00040509737658903897
2023-07-08,kelapa gading,,0.00010038290415985598,0.1121813669814184,0.00012279669416837924
2023-07-08,komp angkasa pura jakarta pusat,,0.00010038290415985598,0.1121813669814184,-0.000605
2023-07-08,lubang buaya,,8.430192243332572e-05,0.1122418250789829,0.0006954651400359826
2023-07-08,us consulate jakarta pusat,,0.00010038290415985598,0.1121813669814184,0.000405097379619602
2023-07-09,bundaran hotel indonesia,0.0280233766714688,0.00010917074331170082,0.1116858205568669,-0.000469
2023-07-09,jagakarsa,0.0280233766714688,0.00010917074331170082,0.1116858205568669,0.0002590423236218857
2023-07-09,jalan bdn ii,0.0289774735132172,0.00011754925732417004,0.1121803018690455,-6.35e-05
2023-07-09,kebon jeruk,0.0280233766714688,0.00010917074331170082,0.1116858205568669,
2023-07-09,kelapa gading,0.0278462851476641,0.0001040438804207109,0.1116821686080675,-0.000188
2023-07-09,komp angkasa pura jakarta pusat,0.0278462851476641,0.0001040438804207109,0.1116821686080675,0.0002590423236218857
2023-07-09,lubang buaya,0.0288663560850048,0.00011288127998771512,0.1128587486149027,-4.76e-05
2023-07-09,us consulate jakarta pusat,0.0278462851476641,0.0001040438804207109,0.1116821686080675,-0.000469
2023-07-10,bundaran hotel indonesia,0.0291883614134611,0.00011354358671130012,0.1096648874782296,
2023-07-10,jagakarsa,0.0291883614134611,0.00011354358671130012,0.1096648874782296,-3.8e-05
2023-07-10,jalan bdn ii,0.0279093959320321,0.0001282391592584299,0.109874090928176,
2023-07-10,kebon jeruk,0.0291883614134611,0.00011354358671130012,0.1096648874782296,
2023-07-10,kelapa gading,0.0285785454011679,0.00010008161209467008,0.1096664657136547,-2.35e-05
2023-07-10,komp angkasa pura jakarta pusat,0.0285785454011679,0.00010008161209467008,0.1096664657136547,-3.8e-05
2023-07-10,lubang buaya,0.0288699454285192,0.0001227137938092911,0.1102299578022936,
2023-07-10,us consulate jakarta pusat,0.0285785454011679,0.00010008161209467008,0.1096664657136547,
2023-07-11,bundaran hotel indonesia,0.0329708498531324,0.0002158484416253083,0.110905517776483,7.661546408830714e-05
2023-07-11,jagakarsa,0.0329708498531324,0.0002158484416253083,0.110905517776483,5.327012868453597e-05
2023-07-11,jalan bdn ii,0.0350795816390255,0.0002478529917554375,0.1114745481287932,6.980982863347421e-05
2023-07-11,kebon jeruk,0.0329708498531324,0.0002158484416253083,0.110905517776483,-4.01e-05
2023-07-11,kelapa gading,0.0288775376627734,0.0002022209853619172,0.1113307634047345,0.00012641154455778108
2023-07-11,komp angkasa pura jakarta pusat,0.0288775376627734,0.0002022209853619172,0.1113307634047345,5.327012868453597e-05
2023-07-11,lubang buaya,0.0295780259525368,0.0001775965090348206,0.1121309615116242,
2023-07-11,us consulate jakarta pusat,0.0288775376627734,0.0002022209853619172,0.1113307634047345,7.661546408830714e-05
2023-07-12,bundaran hotel indonesia,0.040509955866242,0.00037487596639262986,0.1117212801615101,-0.000257
2023-07-12,jagakarsa,0.040509955866242,0.00037487596639262986,0.1117212801615101,2.3519427686555265e-05
2023-07-12,jalan bdn ii,0.0369411539554747,0.0002588773958529192,0.1103089091320632,0.0006986951468799918
2023-07-12,kebon jeruk,0.040509955866242,0.00037487596639262986,0.1117212801615101,0.00013595607595237502
2023-07-12,kelapa gading,0.0400849167609178,0.0004669911419694144,0.1113745823841137,0.00029716696565626645
2023-07-12,komp angkasa pura jakarta pusat,0.0400849167609178,0.0004669911419694144,0.1113745823841137,2.3519427686555265e-05
2023-07-12,lubang buaya,0.0336337970400929,0.00029575371761856684,0.1111315178961638,0.0005103903732502976
2023-07-12,us consulate jakarta pusat,0.0400849167609178,0.0004669911419694144,0.1113745823841137,-0.000257
2023-07-13,bundaran hotel indonesia,0.0338385343530124,0.0002937914561808901,0.1094017073999219,0.0001706552763573594
2023-07-13,jagakarsa,0.0338385343530124,0.0002937914561808901,0.1094017073999219,0.00036512802762148105
2023-07-13,jalan bdn ii,0.0309234317872009,0.00019022809659256364,0.1097728216143077,0.0005155428156458846
2023-07-13,kebon jeruk,0.0338385343530124,0.0002937914561808901,0.1094017073999219,1.0889023970299163e-05
2023-07-13,kelapa gading,0.0323425192561667,0.00024258856603118507,0.1086385169532137,0.0004631711917915378
2023-07-13,komp angkasa pura jakarta pusat,0.0323425192561667,0.00024258856603118507,0.1086385169532137,0.00036512802762148105
2023-07-13,lubang buaya,0.0310042752363265,0.0001694615442102551,0.108752272866316,0.0006047261648021258
2023-07-13,us consulate jakarta pusat,0.0323425192561667,0.00024258856603118507,0.1086385169532137,0.0001706552763573594
2023-07-14,bundaran hotel indonesia,0.0309311326657859,0.00023260318712498983,0.1099708582592148,
2023-07-14,jagakarsa,0.0309311326657859,0.00023260318712498983,0.1099708582592148,-0.000279
2023-07-14,jalan bdn ii,0.0299849100843592,0.00024261101376986264,0.1100431846999068,
2023-07-14,kebon jeruk,0.0309311326657859,0.00023260318712498983,0.1099708582592148,
2023-07-14,kelapa gading,0.0301441283470743,0.00024319138192367836,0.1098196097758931,-0.000301
2023-07-14,komp angkasa pura jakarta pusat,0.0301441283470743,0.00024319138192367836,0.1098196097758931,-0.000279
2023-07-14,lubang buaya,0.0259730817085646,0.00023078132872366984,0.109350626653498,
2023-07-14,us consulate jakarta pusat,0.0301441283470743,0.00024319138192367836,0.1098196097758931,
2023-07-15,bundaran hotel indonesia,0.034194919444151,0.00029017819036046425,0.1110687443117131,
2023-07-15,jagakarsa,0.034194919444151,0.00029017819036046425,0.1110687443117131,-0.00037
2023-07-15,jalan bdn ii,0.035048947760002,0.00046289496221740335,0.1102478908555768,
2023-07-15,kebon jeruk,0.034194919444151,0.00029017819036046425,0.1110687443117131,
2023-07-15,kelapa gading,0.0348390933060776,0.0003144398608175284,0.1109302514890888,-0.00031
2023-07-15,komp angkasa pura jakarta pusat,0.0348390933060776,0.0003144398608175284,0.1109302514890888,-0.00037
2023-07-15,lubang buaya,0.0283825266208082,0.0003826425536831875,0.1104388697658761,
2023-07-15,us consulate jakarta pusat,0.0348390933060776,0.0003144398608175284,0.1109302514890888,
2023-07-16,bundaran hotel indonesia,0.0354673036927534,0.00027106978021130906,0.1154180375006883,
2023-07-16,jagakarsa,0.0354673036927534,0.00027106978021130906,0.1154180375006883,-2.22e-05
2023-07-16,jalan bdn ii,0.0344537987112582,0.00017264585533652537,0.1144826727105165,-0.000149
2023-07-16,kebon jeruk,0.0354673036927534,0.00027106978021130906,0.1154180375006883,0.0011074011936021
2023-07-16,kelapa gading,0.0342225243514187,0.0003508775568806771,0.1150554449905395,-5.61e-05
2023-07-16,komp angkasa pura jakarta pusat,0.0342225243514187,0.0003508775568806771,0.1150554449905395,-2.22e-05
2023-07-16,lubang buaya,0.0335542937988088,0.0002096351969238497,0.1151116562119634,
2023-07-16,us consulate jakarta pusat,0.0342225243514187,0.0003508775568806771,0.1150554449905395,
2023-07-17,bundaran hotel indonesia,0.0325983924334136,,0.1138758998237125,2.030829817584316e-05
2023-07-17,jagakarsa,0.0325983924334136,,0.1138758998237125,0.00010427773663807472
2023-07-17,jalan bdn ii,0.0339069006022708,,0.1137631662442638,0.00022105148732241609
2023-07-17,kebon jeruk,0.0325983924334136,,0.1138758998237125,0.00030614373416394046
2023-07-17,kelapa gading,0.0321639309823382,,0.1150740822181215,0.00040935648381668695
2023-07-17,komp angkasa pura jakarta pusat,0.0321639309823382,,0.1150740822181215,0.00010427773663807472
2023-07-17,lubang buaya,0.0324381336237184,,0.1141698000469407,0.00026246001839399586
2023-07-17,us consulate jakarta pusat,0.0321639309823382,,0.1150740822181215,2.030829817584316e-05
2023-07-18,bundaran hotel indonesia,0.0277503957824933,0.0001347902714159339,0.1122163346000887,0.0003454521416930293
2023-07-18,jagakarsa,0.0277503957824933,0.0001347902714159339,0.1122163346000887,-8.2e-05
2023-07-18,jalan bdn ii,0.0293481217858407,0.00013423438326200476,0.112521292542989,0.0004888608310731484
2023-07-18,kebon jeruk,0.0277503957824933,0.0001347902714159339,0.1122163346000887,-1.2e-05
2023-07-18,kelapa gading,0.0280436537029062,0.0001004677136740732,0.1119112218820095,0.00011887419343206396
2023-07-18,komp angkasa pura jakarta pusat,0.0277503957824933,0.0001004677136740732,0.1119112218820095,-8.2e-05
2023-07-18,lubang buaya,0.0290681889165132,0.00012421495719740553,0.1115810045672611,0.0002913717917344136
2023-07-18,us consulate jakarta pusat,0.0277503957824933,0.0001004677136740732,0.1119112218820095,0.0003454521416930293
2023-07-19,bundaran hotel indonesia,0.0285845794009292,0.00012218585863528426,0.1130594728123705,-0.000307
2023-07-19,jagakarsa,0.0285845794009292,0.00012218585863528426,0.1130594728123705,-9.32e-05
2023-07-19,jalan bdn ii,0.029763679629566,0.0001340271482064376,0.1131393368316184,-0.000242
2023-07-19,kebon jeruk,0.0285845794009292,0.00012218585863528426,0.1130594728123705,-0.000168
2023-07-19,kelapa gading,0.0286647438403801,0.0001056784757329462,0.1127123424582157,-5.43e-05
2023-07-19,komp angkasa pura jakarta pusat,0.0286647438403801,0.0001056784757329462,0.1127123424582157,-9.32e-05
2023-07-19,lubang buaya,0.0298796192052695,0.00012454110509951507,0.1123983550682586,-0.000157
2023-07-19,us consulate jakarta pusat,0.0286647438403801,0.0001056784757329462,0.1127123424582157,-0.000307
2023-07-20,bundaran hotel indonesia,0.0403901565072512,0.00026581490029606764,0.1117775467460445,0.000338935746647072
2023-07-20,jagakarsa,0.0403901565072512,0.00026581490029606764,0.1117775467460445,7.853862868672674e-05
2023-07-20,jalan bdn ii,0.0426519365553862,0.0002589344085376163,0.1122808945106388,0.0003478567155282026
2023-07-20,kebon jeruk,0.0403901565072512,0.00026581490029606764,0.1117775467460445,0.0004606608354783711
2023-07-20,kelapa gading,0.0408218438063334,0.00029393288281660764,0.1124899376683141,3.240161970381103e-05
2023-07-20,komp angkasa pura jakarta pusat,0.0408218438063334,0.00029393288281660764,0.1124899376683141,7.853862868672674e-05
2023-07-20,lubang buaya,0.0426348367809573,0.00032284426881675995,0.1120260835568328,2.9141575732882343e-05
2023-07-20,us consulate jakarta pusat,0.0408218438063334,0.00029393288281660764,0.1124899376683141,0.000338935746647072
2023-07-21,bundaran hotel indonesia,0.0458072724370374,0.00034040602465904246,0.1139485052925041,0.000530568661519425
2023-07-21,jagakarsa,0.0458072724370374,0.00034040602465904246,0.1139485052925041,0.0003310701669371502
2023-07-21,jalan bdn ii,0.0490139622776202,0.00025518459036671514,0.1139588506484124,0.0001258363417902261
2023-07-21,kebon jeruk,0.0458072724370374,0.00034040602465904246,0.1139485052925041,0.000302236915644783
2023-07-21,kelapa gading,0.0500883884278578,0.0004011498441880908,0.113649197320144,0.0002130957725820287
2023-07-21,komp angkasa pura jakarta pusat,0.0500883884278578,0.0004011498441880908,0.113649197320144,0.0003310701669371502
2023-07-21,lubang buaya,0.0509909351545961,0.0003358316508819671,0.1139563676361421,0.00011092666277735668
2023-07-21,us consulate jakarta pusat,0.0500883884278578,0.0004011498441880908,0.113649197320144,0.000530568661519425
2023-07-22,bundaran hotel indonesia,0.0384246882353371,0.00023691843396209756,0.1118006917497475,-0.000108
2023-07-22,jagakarsa,0.0384246882353371,0.00023691843396209756,0.1118006917497475,4.763672710790056e-05
2023-07-22,jalan bdn ii,0.033366287681995,0.00019339928752279967,0.1109231674116551,0.0002897656837698854
2023-07-22,kebon jeruk,0.0384246882353371,0.00023691843396209756,0.1118006917497475,-3.16e-05
2023-07-22,kelapa gading,0.0372399358986088,0.0002045018935333302,0.1119241072742289,0.00041212911313252647
2023-07-22,komp angkasa pura jakarta pusat,0.0372399358986088,0.0002045018935333302,0.1119241072742289,4.763672710790056e-05
2023-07-22,lubang buaya,0.035672558206984,0.0001575444196633385,0.111726089918456,0.0002753835079434349
2023-07-22,us consulate jakarta pusat,0.0372399358986088,0.0002045018935333302,0.1119241072742289,-0.000108
2023-07-23,bundaran hotel indonesia,0.0306569755838849,0.00016763017288066756,0.1099724572397994,8.125201186292865e-06
2023-07-23,jagakarsa,0.0306569755838849,0.00016763017288066756,0.1099724572397994,0.0003952681378455122
2023-07-23,jalan bdn ii,0.030337095998524,0.00014071386510110544,0.109969053097456,
2023-07-23,kebon jeruk,0.0306569755838849,0.00016763017288066756,0.1099724572397994,-0.00022
2023-07-23,kelapa gading,0.0313294588917846,0.00013330522230682693,0.1100107251501257,0.0001733464517412433
2023-07-23,komp angkasa pura jakarta pusat,0.0313294588917846,0.00013330522230682693,0.1100107251501257,0.0003952681378455122
2023-07-23,lubang buaya,0.0306694873713193,0.00013060197299903168,0.1100126114136543,0.0005084553268392049
2023-07-23,us consulate jakarta pusat,0.0313294588917846,0.00013330522230682693,0.1100107251501257,8.125201186292865e-06
2023-07-24,jagakarsa,,,,0.0003638168837426609
2023-07-24,kelapa gading,,0.00014118442671147893,0.1132691941069992,
2023-07-24,komp angkasa pura jakarta pusat,,0.00014118442671147893,0.1132691941069992,0.0003638168837426609
2023-07-24,us consulate jakarta pusat,,0.00014118442671147893,0.1132691941069992,
2023-07-25,bundaran hotel indonesia,,0.0001545690345952378,0.1135352728505399,
2023-07-25,jagakarsa,,0.0001545690345952378,0.1135352728505399,
2023-07-25,jalan bdn ii,,0.0001265159899301128,0.1134338785271137,
2023-07-25,kebon jeruk,,0.0001545690345952378,0.1135352728505399,
2023-07-25,kelapa gading,0.0395730785447933,0.0003410578826289767,0.1127157048123453,
2023-07-25,komp angkasa pura jakarta pusat,0.0395730785447933,0.0003410578826289767,0.1127157048123453,
2023-07-25,lubang buaya,,0.00021774756395318384,0.1129834701254694,
2023-07-25,us consulate jakarta pusat,0.0395730785447933,0.0003410578826289767,0.1127157048123453,
2023-07-26,bundaran hotel indonesia,0.0509678336264669,0.0003585472048929757,0.1142681722981351,-2.9e-05
2023-07-26,jagakarsa,0.0509678336264669,0.0003585472048929757,0.1142681722981351,3.602251737853026e-05
2023-07-26,jalan bdn ii,0.0485110862869929,0.0004710430339815454,0.1139411658268175,
2023-07-26,kebon jeruk,0.0509678336264669,0.0003585472048929757,0.1142681722981351,-6.28e-05
2023-07-26,kelapa gading,0.0461687726465638,0.0004034057617945301,0.1144795790392093,8.03007364551842e-05
2023-07-26,komp angkasa pura jakarta pusat,0.0461687726465638,0.0004034057617945301,0.1144795790392093,3.602251737853026e-05
2023-07-26,lubang buaya,0.0460924430213194,0.0005958010354954277,0.1132880990852565,
2023-07-26,us consulate jakarta pusat,0.0461687726465638,0.0004034057617945301,0.1144795790392093,-2.9e-05
2023-07-27,bundaran hotel indonesia,0.0448915151690131,0.0004051663871016394,0.1147345426502473,
2023-07-27,jagakarsa,0.0448915151690131,0.0004051663871016394,0.1147345426502473,1.3361707764039524e-05
2023-07-27,jalan bdn ii,0.0423640588964908,0.0002213185360622277,0.1140340048990308,
2023-07-27,kebon jeruk,0.0448915151690131,0.0004051663871016394,0.1147345426502473,
2023-07-27,kelapa gading,0.0479493300087625,0.0004317542412678902,0.114710492871438,-4.72e-05
2023-07-27,komp angkasa pura jakarta pusat,0.0479493300087625,0.0004317542412678902,0.114710492871438,1.3361707764039524e-05
2023-07-27,lubang buaya,0.0471752955849879,0.0002774672541610104,0.1147560383567705,0.00013294609536658613
2023-07-27,us consulate jakarta pusat,0.0479493300087625,0.0004317542412678902,0.114710492871438,
2023-07-28,bundaran hotel indonesia,0.0439926681176374,0.00018149777796187957,0.1156810107759212,7.306684776610273e-05
2023-07-28,jagakarsa,0.0439926681176374,0.00018149777796187957,0.1156810107759212,-0.000124
2023-07-28,jalan bdn ii,0.0440087000353875,0.00018758501063567608,0.115861892872354,1.7827095113197775e-05
2023-07-28,kebon jeruk,0.0439926681176374,0.00018149777796187957,0.1156810107759212,0.0002342065245649708
2023-07-28,kelapa gading,0.0440427397679241,0.00014903921484701104,0.1157359479182209,0.0003578799663808931
2023-07-28,komp angkasa pura jakarta pusat,0.0440427397679241,0.00014903921484701104,0.1157359479182209,-0.000124
2023-07-28,lubang buaya,0.0444611500550585,0.0001855558345285816,0.1159551204253808,0.00021854811262933896
2023-07-28,us consulate jakarta pusat,0.0440427397679241,0.00014903921484701104,0.1157359479182209,7.306684776610273e-05
2023-07-29,bundaran hotel indonesia,0.0345151878425768,0.0001345368486313562,0.1160902675997605,-2.98e-05
2023-07-29,jagakarsa,0.0345151878425768,0.0001345368486313562,0.1160902675997605,-0.000156
2023-07-29,jalan bdn ii,0.033501205661923,0.0001381053322164357,0.1154480376319248,0.0005453642156088341
2023-07-29,kebon jeruk,0.0345151878425768,0.0001345368486313562,0.1160902675997605,-2.98e-05
2023-07-29,kelapa gading,0.0357123857157108,0.00011507930770424872,0.1163701487013322,-4.7e-05
2023-07-29,komp angkasa pura jakarta pusat,0.0357123857157108,0.00011507930770424872,0.1163701487013322,-4.7e-05
2023-07-29,lubang buaya,0.0347939113912538,0.00013577144470439258,0.1165643736528389,0.0004334045107633007
2023-07-29,us consulate jakarta pusat,0.0357123857157108,0.00011507930770424872,0.1163701487013322,-0.00028
2023-07-30,bundaran hotel indonesia,0.0363165132145472,0.0001824077541948685,0.1157153509400821,0.0006245313238506323
2023-07-30,jagakarsa,0.0363165132145472,0.0001824077541948685,0.1154664688153815,-4.42e-05
2023-07-30,jalan bdn ii,0.0369934970097705,0.0001857797387669244,0.1150404420802382,
2023-07-30,kebon jeruk,0.0375853375146427,0.0001824077541948685,0.1157153509400821,0.00048127856602651366
2023-07-30,kelapa gading,0.0342109246991163,0.0001541737244458012,0.1151495129091888,0.0001260444615201918
2023-07-30,komp angkasa pura jakarta pusat,0.0363165132145472,0.0001541737244458012,0.1151495129091888,-4.42e-05
2023-07-30,lubang buaya,0.0340930930899418,0.0001685371204615221,0.1150981678765945,-4.15e-05
2023-07-30,us consulate jakarta pusat,0.0363165132145472,0.0001541737244458012,0.1151495129091888,0.0006245313238506323
2023-07-31,bundaran hotel indonesia,0.0363598532954453,0.0001388725917822314,0.1147233902167278,-4.15e-05
2023-07-31,jagakarsa,0.0363598532954453,0.0001388725917822314,0.1151745579417843,0.0002280539663381168
2023-07-31,jalan bdn ii,0.0366591286814678,0.00013643331463147334,0.1154329079376964,-0.000346
2023-07-31,kebon jeruk,0.0363598532954453,0.0001388725917822314,0.1147233902167278,8.650981091141637e-05
2023-07-31,kelapa gading,0.0350522972849126,0.00012298039670998124,0.1150596671657192,0.0002745023550023644
2023-07-31,komp angkasa pura jakarta pusat,0.0350522972849126,0.00012298039670998124,0.1150596671657192,0.0002280539663381168
2023-07-31,lubang buaya,0.0351886513304747,0.00013036009647200027,0.1140968495308308,-0.000102
2023-07-31,us consulate jakarta pusat,0.0350522972849126,0.00012298039670998124,0.1150596671657192,-4.15e-05
2023-08-01,bundaran hotel indonesia,0.0339088987268958,0.00010717370154006868,0.1132611972940271,-9.39e-05
2023-08-01,jagakarsa,0.0339088987268958,0.00010717370154006868,0.1138610774463375,0.00018689837857728024
2023-08-01,jalan bdn ii,0.0306512596693483,0.00012908906326930674,0.1143147696602852,-0.000202
2023-08-01,kebon jeruk,0.0339088987268958,0.00010717370154006868,0.1132611972940271,0.00012169269474032708
2023-08-01,kelapa gading,0.0314804547598581,9.74886214949268e-05,0.1144404333408481,0.0001959337167555924
2023-08-01,komp angkasa pura jakarta pusat,0.0314804547598581,9.74886214949268e-05,0.1144404333408481,0.00018689837857728024
2023-08-01,lubang buaya,0.0308763763550054,0.00012167013711417488,0.1145000626185382,4.409385821443682e-05
2023-08-01,us consulate jakarta pusat,0.0314804547598581,9.74886214949268e-05,0.1144404333408481,-9.39e-05
2023-08-02,bundaran hotel indonesia,0.0271203102057936,0.00021670893195519,0.1131549234093557,
2023-08-02,jagakarsa,0.0271203102057936,0.00021670893195519,0.1137134016918916,0.00021811072104679064
2023-08-02,jalan bdn ii,0.0297476466577778,0.00014607380210956473,0.1143329719055133,
2023-08-02,kebon jeruk,0.0271203102057936,0.00021670893195519,0.1131549234093557,
2023-08-02,kelapa gading,0.0268015539672711,0.0001739576607151089,0.1144172570968609,0.0003381718283233116
2023-08-02,komp angkasa pura jakarta pusat,0.0268015539672711,0.0001739576607151089,0.1144172570968609,0.00021811072104679064
2023-08-02,lubang buaya,0.0278805342915882,0.00017356683040337117,0.1133772919026789,
2023-08-02,us consulate jakarta pusat,0.0268015539672711,0.0001739576607151089,0.1144172570968609,
2023-08-03,bundaran hotel indonesia,0.0359702096995745,0.00017157066228828873,0.1121600044373101,-3.77e-05
2023-08-03,jagakarsa,0.0359702096995745,0.00017157066228828873,0.1129552881748588,3.129600863464637e-05
2023-08-03,jalan bdn ii,0.0361417484984594,0.00016977196901676848,0.1123114535361177,
2023-08-03,kebon jeruk,0.0359702096995745,0.00017157066228828873,0.1121600044373101,0.0001505772027829713
2023-08-03,kelapa gading,0.0330428498735386,0.00012972097002802413,0.113134879227002,-0.000142
2023-08-03,komp angkasa pura jakarta pusat,0.0330428498735386,0.00012972097002802413,0.113134879227002,3.129600863464637e-05
2023-08-03,lubang buaya,0.0344310391277406,0.00015784571736181672,0.1118417609243727,
2023-08-03,us consulate jakarta pusat,0.0330428498735386,0.00012972097002802413,0.113134879227002,-3.77e-05
2023-08-04,bundaran hotel indonesia,0.0330424383196225,0.00026585280988197405,0.1139471191898153,0.0006226739671134753
2023-08-04,jagakarsa,0.0330424383196225,0.00026585280988197405,0.1139160553533378,0.0006564330827485717
2023-08-04,jalan bdn ii,0.0346077419177259,0.00020287921370839887,0.1130646678112223,
2023-08-04,kebon jeruk,0.0330424383196225,0.00026585280988197405,0.1139471191898153,0.00010760715372507244
2023-08-04,kelapa gading,0.0306062174126488,0.00020620884320811985,0.1129612630509855,0.0007411667117811528
2023-08-04,komp angkasa pura jakarta pusat,0.0306062174126488,0.00020620884320811985,0.1129612630509855,0.0006564330827485717
2023-08-04,lubang buaya,0.0299996664865599,0.0001675835157351161,0.112818859926369,
2023-08-04,us consulate jakarta pusat,0.0306062174126488,0.00020620884320811985,0.1129612630509855,0.0006226739671134753
2023-08-05,bundaran hotel indonesia,0.0316179930375677,0.00025048815025609223,0.1136566238528784,-7.63e-05
2023-08-05,jagakarsa,0.0316179930375677,0.00025048815025609223,0.1139463414119108,0.00018645242370448603
2023-08-05,jalan bdn ii,0.0323666229278878,0.00020340109404809643,0.1135994306553493,-0.000152
2023-08-05,kebon jeruk,0.0316179930375677,0.00025048815025609223,0.1136566238528784,0.0001313477850605688
2023-08-05,kelapa gading,0.0301036664152414,0.00020385894021806151,0.1140119144391977,0.0004808453211363021
2023-08-05,komp angkasa pura jakarta pusat,0.0301036664152414,0.00020385894021806151,0.1140119144391977,0.00018645242370448603
2023-08-05,lubang buaya,0.0313010335493367,0.00016185170004808075,0.1130575181212634,0.00012000488090363726
2023-08-05,us consulate jakarta pusat,0.0301036664152414,0.00020385894021806151,0.1140119144391977,-7.63e-05
2023-08-06,bundaran hotel indonesia,0.0436670553195757,0.00024547536874961053,0.1141853449559343,-4.77e-05
2023-08-06,jagakarsa,0.0436670553195757,0.00024547536874961053,0.1152854607754474,-7.91e-05
2023-08-06,jalan bdn ii,0.040016595839237,0.0002361264590782009,0.1132324034851333,
2023-08-06,kebon jeruk,0.0436670553195757,0.00024547536874961053,0.1141853449559343,-0.000156
2023-08-06,kelapa gading,0.0440522427251453,0.00029882700503083663,0.1139818859376153,-3.37e-05
2023-08-06,komp angkasa pura jakarta pusat,0.0440522427251453,0.00029882700503083663,0.1139818859376153,-7.91e-05
2023-08-06,lubang buaya,0.0409091814799221,0.0002844858459542218,0.1139291591725136,-0.000409
2023-08-06,us consulate jakarta pusat,0.0440522427251453,0.00029882700503083663,0.1139818859376153,-4.77e-05
2023-08-07,bundaran hotel indonesia,0.0386208257240204,0.0004907356767088351,0.1138976630603074,7.658499115164867e-05
2023-08-07,jagakarsa,0.0386208257240204,0.0004907356767088351,0.1148992246246155,-0.000118
2023-08-07,jalan bdn ii,0.0375050268968009,0.0004723532345712668,0.1141345146976287,
2023-08-07,kebon jeruk,0.0386208257240204,0.0004907356767088351,0.1138976630603074,-0.000244
2023-08-07,kelapa gading,0.0349921354771046,0.00025341565189334524,0.1150243288710478,0.00017344179427964386
2023-08-07,komp angkasa pura jakarta pusat,0.0349921354771046,0.00025341565189334524,0.1150243288710478,-0.000118
2023-08-07,lubang buaya,0.0398972120089754,0.00026679230518099665,0.1135474159647211,-0.000178
2023-08-07,us consulate jakarta pusat,0.0349921354771046,0.00025341565189334524,0.1150243288710478,7.658499115164867e-05
2023-08-08,bundaran hotel indonesia,0.0307900007292052,0.0001987867680274827,0.1149300112615918,0.00010072908683906826
2023-08-08,jagakarsa,0.0307900007292052,0.0001987867680274827,0.1149497144918091,7.319814158850713e-05
2023-08-08,jalan bdn ii,0.0334520237142947,0.0001518035460149704,0.1152053690607778,0.0003724600817395624
2023-08-08,kebon jeruk,0.0307900007292052,0.0001987867680274827,0.1149300112615918,0.00015347365258909233
2023-08-08,kelapa gading,0.0279856917064839,0.0001254578980035317,0.1152060232098788,0.0001093626539101176
2023-08-08,komp angkasa pura jakarta pusat,0.0279856917064839,0.0001254578980035317,0.1152060232098788,7.319814158850713e-05
2023-08-08,lubang buaya,0.0297265978805918,0.00013167198156965854,0.1149332369566057,0.0002489046643818158
2023-08-08,us consulate jakarta pusat,0.0279856917064839,0.0001254578980035317,0.1152060232098788,0.00010072908683906826
2023-08-10,bundaran hotel indonesia,0.0418427798759508,0.00027912395797925884,0.1169207643060104,0.00013722854779477954
2023-08-10,jagakarsa,0.0418427798759508,0.00027912395797925884,0.1169194221238744,5.099426882585809e-05
2023-08-10,jalan bdn ii,0.0411269296211093,0.000406994316140184,0.1165488006656691,-0.000453
2023-08-10,kebon jeruk,0.0418427798759508,0.00027912395797925884,0.1169207643060104,-0.000165
2023-08-10,kelapa gading,0.0360797668996006,0.0002474435594926323,0.116980892246265,0.00034729493365661225
2023-08-10,komp angkasa pura jakarta pusat,0.0360797668996006,0.0002474435594926323,0.116980892246265,5.099426882585809e-05
2023-08-10,lubang buaya,0.0396175509108974,0.0003126611588338743,0.1167158633497702,4.7966615552159125e-05
2023-08-10,us consulate jakarta pusat,0.0360797668996006,0.0002474435594926323,0.116980892246265,0.00013722854779477954
2023-08-11,bundaran hotel indonesia,0.0473432559470486,0.0004440892578741299,0.1173419537492607,-6.21e-06
2023-08-11,jagakarsa,0.0473432559470486,0.0004440892578741299,0.1170125936286256,-0.000281
2023-08-11,jalan bdn ii,0.0436851623766853,0.0003972985959197884,0.1162249978932207,
2023-08-11,kebon jeruk,0.0473432559470486,0.0004440892578741299,0.1173419537492607,-0.000145
2023-08-11,kelapa gading,0.0433718603925905,0.000636057454125309,0.1170583707030307,0.00014997162184030548
2023-08-11,komp angkasa pura jakarta pusat,0.0433718603925905,0.000636057454125309,0.1170583707030307,-0.000281
2023-08-11,lubang buaya,0.0418730373899636,0.0005761589733687558,0.1164421052065239,
2023-08-11,us consulate jakarta pusat,0.0433718603925905,0.000636057454125309,0.1170583707030307,-6.21e-06
2023-08-12,bundaran hotel indonesia,0.039625085774859,0.0004847300253373012,0.1153584207770771,-0.000534
2023-08-12,jagakarsa,0.039625085774859,0.0004847300253373012,0.1153064706056961,-0.000253
2023-08-12,jalan bdn ii,0.0400901962047007,0.0004079086781111242,0.1155275673813929,
2023-08-12,kebon jeruk,0.0440575815224175,0.0004847300253373012,0.1153584207770771,-0.000222
2023-08-12,kelapa gading,0.0387443149892536,0.0003761823971803085,0.1158294704317206,-9.91e-05
2023-08-12,komp angkasa pura jakarta pusat,0.039625085774859,0.0003761823971803085,0.1158294704317206,-0.000253
2023-08-12,lubang buaya,0.0382013283762657,0.0003310953687809493,0.1152651667105892,5.349102602432833e-05
2023-08-12,us consulate jakarta pusat,0.039625085774859,0.0003761823971803085,0.1158294704317206,-0.000534
2023-08-13,bundaran hotel indonesia,0.0354714664408776,0.00023490570058253837,0.1132839584329766,0.00023742632729478052
2023-08-13,jagakarsa,0.0354714664408776,0.00023490570058253837,0.1139184287321254,0.0001999037397675139
2023-08-13,jalan bdn ii,0.0357760518684098,0.00019313201528623053,0.1134878818774656,4.318809614576261e-05
2023-08-13,kebon jeruk,0.0354714664408776,0.00023490570058253837,0.1132839584329766,0.00023742632729478052
2023-08-13,kelapa gading,0.0337418250986099,0.00017386714887814272,0.1137395816347425,-7.68e-06
2023-08-13,komp angkasa pura jakarta pusat,0.0337418250986099,0.00017386714887814272,0.1137395816347425,-7.68e-06
2023-08-13,lubang buaya,0.0341149917623733,0.00014778709313548828,0.1127508423963296,0.000177661896629451
2023-08-13,us consulate jakarta pusat,0.0337418250986099,0.00017386714887814272,0.1137395816347425,0.000183207536105374
2023-08-14,bundaran hotel indonesia,0.0372790024708653,0.00028795874329046005,0.114803316334411,7.766140128076145e-05
2023-08-14,jagakarsa,0.0372790024708653,0.00028795874329046005,0.1157287947547578,-0.000328
2023-08-14,jalan bdn ii,0.0333611666751376,0.0002567395875564129,0.1149794818305512,0.0006601570840238733
2023-08-14,kebon jeruk,0.0372790024708653,0.00028795874329046005,0.114803316334411,7.766140128076145e-05
2023-08-14,kelapa gading,0.0363791969694303,0.00020207037496071132,0.1156428559929199,3.818555701390057e-06
2023-08-14,komp angkasa pura jakarta pusat,0.0363791969694303,0.00020207037496071132,0.1156428559929199,3.818555701390057e-06
2023-08-14,lubang buaya,0.0337180881306865,0.0001935433934811043,0.1153803666912764,0.0005385894927175092
2023-08-14,us consulate jakarta pusat,0.0363791969694303,0.00020207037496071132,0.1156428559929199,-7.4e-05
2023-08-15,bundaran hotel indonesia,0.0429906844671979,0.0002515816677320313,0.1172281203591901,-0.000269
2023-08-15,jagakarsa,0.0429906844671979,0.0002515816677320313,0.117470111515831,0.0001603253317343209
2023-08-15,jalan bdn ii,0.0407118814909065,0.0003372043257967026,0.1162538839979513,
2023-08-15,kebon jeruk,0.0429906844671979,0.0002515816677320313,0.1172281203591901,-0.000124
2023-08-15,kelapa gading,0.0429906846848121,0.00023303498912573327,0.118301041142822,0.00010288690746355445
2023-08-15,komp angkasa pura jakarta pusat,0.0429906846848121,0.00023303498912573327,0.118301041142822,0.0001603253317343209
2023-08-15,lubang buaya,0.0405325825366172,0.0002978601691680805,0.1163207009795943,
2023-08-15,us consulate jakarta pusat,0.0429906846848121,0.00023303498912573327,0.118301041142822,-0.000269
2023-08-16,bundaran hotel indonesia,0.0509617581609164,0.00036787935127294855,0.1142281259766686,-0.000261
2023-08-16,jagakarsa,0.0509617581609164,0.00036787935127294855,0.1146480901052934,-0.000209
2023-08-16,jalan bdn ii,0.0466687301077969,0.0004522205971483161,0.1140369245064925,-0.000317
2023-08-16,kebon jeruk,0.0509617581609164,0.00036787935127294855,0.1142281259766686,-0.000263
2023-08-16,kelapa gading,0.0477400388339052,0.0003535197246766327,0.1145699537547352,4.025666561469071e-05
2023-08-16,komp angkasa pura jakarta pusat,0.0477400388339052,0.0003535197246766327,0.1145699537547352,-0.000209
2023-08-16,lubang buaya,0.0465044754178112,0.0003890321654283842,0.1146003868423262,0.00016320086684201124
2023-08-16,us consulate jakarta pusat,0.0477400388339052,0.0003535197246766327,0.1145699537547352,-0.000261
2023-08-17,bundaran hotel indonesia,0.0387666738611469,0.0001481649839185813,0.1150805767224679,7.992448718277786e-05
2023-08-17,jagakarsa,0.0387666738611469,0.0001481649839185813,0.1154350454740671,-0.000227
2023-08-17,jalan bdn ii,0.0390813559849698,0.00020379109472572776,0.1138597201073987,-8.8e-05
2023-08-17,kebon jeruk,0.0387666738611469,0.0001481649839185813,0.1150805767224679,7.992448718277786e-05
2023-08-17,kelapa gading,0.0355540901488475,0.00015622819455265034,0.1147799576706494,8.212816002744698e-07
2023-08-17,komp angkasa pura jakarta pusat,0.0355540901488475,0.00015622819455265034,0.1147799576706494,8.212816002744698e-07
2023-08-17,lubang buaya,0.0382320661483438,0.00017234958440239526,0.1140357928406392,0.00010099029199645437
2023-08-17,us consulate jakarta pusat,0.0355540901488475,0.00015622819455265034,0.1147799576706494,-9.47e-06
2023-08-18,bundaran hotel indonesia,0.0327091565873963,0.00016347202733899203,0.1153075188463433,-8.45e-05
2023-08-18,jagakarsa,0.0327091565873963,0.00016347202733899203,0.1163990831002391,-0.000275
2023-08-18,jalan bdn ii,0.034089760459512,0.00010206701968248948,0.1152497102694038,-0.000236
2023-08-18,kebon jeruk,0.0327091565873963,0.00016347202733899203,0.1153075188463433,-8.45e-05
2023-08-18,kelapa gading,0.0351529141949104,0.0002591392721633503,0.1149869339938309,0.00016852471291255663
2023-08-18,komp angkasa pura jakarta pusat,0.0351529141949104,0.0002591392721633503,0.1149869339938309,0.00016852471291255663
2023-08-18,lubang buaya,0.0340087915959544,0.00015719578281663628,0.1158171027885982,-0.000183
2023-08-18,us consulate jakarta pusat,0.0351529141949104,0.0002591392721633503,0.1149869339938309,0.0004750250597022864
2023-08-19,bundaran hotel indonesia,0.0340067512110809,0.0001541609717224068,0.1123564431272932,-0.000319
2023-08-19,jagakarsa,0.0340067512110809,0.0001541609717224068,0.1130366761663018,-0.000251
2023-08-19,jalan bdn ii,0.0346157649601062,0.00012941709569530828,0.1117342176773245,
2023-08-19,kebon jeruk,0.0340067512110809,0.0001541609717224068,0.1123564431272932,-0.000319
2023-08-19,kelapa gading,0.0340591600984513,0.0001177879994928898,0.1126085231460263,-1.27e-05
2023-08-19,komp angkasa pura jakarta pusat,0.0340591600984513,0.0001177879994928898,0.1126085231460263,-1.27e-05
2023-08-19,lubang buaya,0.035013379558764,0.00011950502057508782,0.111558194457057,0.00026221932263189706
2023-08-19,us consulate jakarta pusat,0.0340591600984513,0.0001177879994928898,0.1126085231460263,-3.41e-05
2023-08-20,bundaran hotel indonesia,0.0371764078010671,0.00015032253889697036,0.1139469630719024,-0.00053
2023-08-20,jagakarsa,0.0371764078010671,0.00015032253889697036,0.1137114642639082,-0.000371
2023-08-20,jalan bdn ii,0.0371764078048377,0.00015231700804065366,0.1128851381073578,
2023-08-20,kebon jeruk,0.0371764078010671,0.00015032253889697036,0.1139469630719024,-9.59e-05
2023-08-20,kelapa gading,0.0348960037735484,0.00015116371149658878,0.1143716190698954,0.00044249379693972696
2023-08-20,komp angkasa pura jakarta pusat,0.0348960037735484,0.00015116371149658878,0.1143716190698954,-0.000371
2023-08-20,lubang buaya,0.0344508880677821,0.00013526957978842572,0.1137792516267968,
2023-08-20,us consulate jakarta pusat,0.0348960037735484,0.00015116371149658878,0.1143716190698954,-0.00053
2023-08-21,bundaran hotel indonesia,0.0348868402175223,0.00022661508655942784,0.1128539349187741,
2023-08-21,jagakarsa,0.0348868402175223,0.00022661508655942784,0.1140096029258946,0.0005087645456243447
2023-08-21,jalan bdn ii,0.0336342851936106,0.0001984286451671397,0.1129169563900321,
2023-08-21,kebon jeruk,0.0348868402175223,0.00022661508655942784,0.1128539349187741,
2023-08-21,kelapa gading,0.0319944310094165,0.00015184644589345803,0.1134218855203487,0.0002074547253610775
2023-08-21,komp angkasa pura jakarta pusat,0.0319944310094165,0.00015184644589345803,0.1134218855203487,0.0005087645456243447
2023-08-21,lubang buaya,0.0325079100518415,0.00013284414913505746,0.1128794200856436,
2023-08-21,us consulate jakarta pusat,0.0319944310094165,0.00015184644589345803,0.1134218855203487,
2023-08-22,bundaran hotel indonesia,0.0401943861191728,0.0002964801056442309,0.1118966191122474,-0.000201
2023-08-22,jagakarsa,0.0401943861191728,0.0002964801056442309,0.1122392492064107,-0.000108
2023-08-22,jalan bdn ii,0.0412975821518808,0.00023959968897516664,0.1126539632141375,-0.000224
2023-08-22,kebon jeruk,0.0401943861191728,0.0002964801056442309,0.1118966191122474,-0.000198
2023-08-22,kelapa gading,0.0348897237081073,0.00020765656076540256,0.1132314527122443,-0.000141
2023-08-22,komp angkasa pura jakarta pusat,0.0348897237081073,0.00020765656076540256,0.1132314527122443,-0.000108
2023-08-22,lubang buaya,0.0373067309429014,0.0001469447628000378,0.1130632406343154,-0.000151
2023-08-22,us consulate jakarta pusat,0.0348897237081073,0.00020765656076540256,0.1132314527122443,-0.000201
2023-08-23,bundaran hotel indonesia,0.049003069899794,0.00046605358766029685,0.1142716295506281,-2.59e-05
2023-08-23,jagakarsa,0.049003069899794,0.00046605358766029685,0.1143334336424884,0.00014992040100230377
2023-08-23,jalan bdn ii,0.0429778396552636,0.0007509616686682108,0.1124957342635896,-0.000109
2023-08-23,kebon jeruk,0.049003069899794,0.00046605358766029685,0.1142716295506281,-2.59e-05
2023-08-23,kelapa gading,0.0444020516590883,0.0003603325695232272,0.1141795975567774,8.35370309227088e-05
2023-08-23,komp angkasa pura jakarta pusat,0.0444020516590883,0.0003603325695232272,0.1141795975567774,8.35370309227088e-05
2023-08-23,lubang buaya,0.0418156982521653,0.0003523857894871118,0.1130197224892686,
2023-08-23,us consulate jakarta pusat,0.0444020516590883,0.0003603325695232272,0.1141795975567774,-9.5e-06
2023-08-24,bundaran hotel indonesia,0.03890632650425,0.00016765603735662037,0.116155203090575,0.00013682352058957218
2023-08-24,jagakarsa,0.03890632650425,0.00016765603735662037,0.1160075547229332,0.0003078759085436093
2023-08-24,jalan bdn ii,0.0410686495055938,0.0001547367665308698,0.1156846598144769,7.233867963455358e-06
2023-08-24,kebon jeruk,0.03890632650425,0.00016765603735662037,0.116155203090575,0.00013682352058957218
2023-08-24,kelapa gading,0.0382634343596621,0.00011861845115914358,0.116063284767372,0.00028474506657784755
2023-08-24,komp angkasa pura jakarta pusat,0.0382634343596621,0.00011861845115914358,0.116063284767372,0.00028474506657784755
2023-08-24,lubang buaya,0.0415813850471509,0.0001397195494882529,0.1159286035855607,0.0004408351791960071
2023-08-24,us consulate jakarta pusat,0.0382634343596621,0.00011861845115914358,0.116063284767372,0.0003669422003286032
2023-08-26,bundaran hotel indonesia,0.0389442578542299,0.0003410748951277405,0.1160293005134572,1.939877848738989e-05
2023-08-26,jagakarsa,0.0389442578542299,0.00016009439972462737,0.1153776612748609,-0.000183
2023-08-26,jalan bdn ii,0.0352102906877831,0.000215606521691044,0.1141828385464244,
2023-08-26,kebon jeruk,0.0393712370569976,0.0003410748951277405,0.1160293005134572,1.939877848738989e-05
2023-08-26,kelapa gading,0.0354722458345572,0.00013995107256804242,0.1159634611753217,0.00024069763242592
2023-08-26,komp angkasa pura jakarta pusat,0.0389442578542299,0.00013995107256804242,0.1159634611753217,0.00024069763242592
2023-08-26,lubang buaya,0.0351986407998922,0.0002274539379953639,0.1142095215104281,
2023-08-26,us consulate jakarta pusat,0.0389442578542299,0.00013995107256804242,0.1159634611753217,0.00038176720565385785
2023-08-27,bundaran hotel indonesia,0.0452692218813138,0.0001732618496933326,0.1178032723022141,-0.000251
2023-08-27,jagakarsa,0.0452692218813138,0.00010671936428154448,0.1178881177999789,-0.000118
2023-08-27,jalan bdn ii,0.0427256123040134,0.000161924515559081,0.1166439496641447,
2023-08-27,kebon jeruk,0.0452692218813138,0.0001732618496933326,0.1178032723022141,-0.000251
2023-08-27,kelapa gading,0.0492674932095922,0.00012904479425210889,0.1175502244534736,-0.000251
2023-08-27,komp angkasa pura jakarta pusat,0.0492674932095922,0.00012904479425210889,0.1175502244534736,-0.000251
2023-08-27,lubang buaya,0.047112530400832,0.00022650727302698368,0.117117239097588,
2023-08-27,us consulate jakarta pusat,0.0492674932095922,0.00012904479425210889,0.1175502244534736,-0.000114
2023-08-28,bundaran hotel indonesia,0.045571867190774,0.0004527287118420336,0.1193200485548018,4.472854632819052e-05
2023-08-28,jagakarsa,0.045571867190774,0.0001824295191696675,0.1204459327147669,-3.73e-05
2023-08-28,jalan bdn ii,0.0442900275369018,0.000175718050856397,0.1185594613139806,
2023-08-28,kebon jeruk,0.045571867190774,0.0004527287118420336,0.1193200485548018,4.472854632819052e-05
2023-08-28,kelapa gading,0.0395769729788439,0.0001648501904484469,0.1201816028750796,-0.000167
2023-08-28,komp angkasa pura jakarta pusat,0.0395769729788439,0.0001648501904484469,0.1201816028750796,-0.000167
2023-08-28,lubang buaya,0.0395572869703614,0.0001882990411368918,0.1191866726076334,
2023-08-28,us consulate jakarta pusat,0.045571867190774,0.0001648501904484469,0.1201816028750796,-0.000275
2023-08-29,bundaran hotel indonesia,0.0358419634587364,0.00017772502897659385,0.1207027077530937,0.000524158242419579
2023-08-29,jagakarsa,0.0368205672044543,0.00021882295665299304,0.1211467889700327,5.939057018586036e-05
2023-08-29,jalan bdn ii,0.0402831075070018,0.00017238429910961762,0.1206215952472451,-0.000119
2023-08-29,kebon jeruk,0.0358419634587364,0.00017772502897659385,0.1207027077530937,0.000524158242419579
2023-08-29,kelapa gading,0.0396235838846681,0.0001605316716525101,0.1209457736671972,-0.000103
2023-08-29,komp angkasa pura jakarta pusat,0.0396235838846681,0.0001605316716525101,0.1209457736671972,-0.000103
2023-08-29,lubang buaya,0.0381543103011123,0.00016412442767147685,0.1204546940588217,5.788046244863624e-05
2023-08-29,us consulate jakarta pusat,0.0368205672044543,0.0001605316716525101,0.1209457736671972,0.0001516647507632015
2023-08-30,bundaran hotel indonesia,0.0332857806538946,0.0002582641583574081,0.1200543371108563,0.0006535286808805523
2023-08-30,jagakarsa,,0.00014013886600214333,0.1202369624271465,0.00019421095503722348
2023-08-30,jalan bdn ii,0.0325522929596507,0.00015473278518472617,0.1196809532639072,0.0007741362268945859
2023-08-30,kebon jeruk,0.0332877266155269,0.0002582641583574081,0.1200543371108563,0.0006535286808805523
2023-08-30,kelapa gading,0.0343431507185989,0.00012322651988776035,0.1194404834359547,0.0005678083055919923
2023-08-30,komp angkasa pura jakarta pusat,,0.00012322651988776035,0.1194404834359547,0.0005678083055919923
2023-08-30,lubang buaya,0.0321186629166167,0.00014642330363476573,0.119377529974143,0.00010760227243896037
2023-08-30,us consulate jakarta pusat,,0.00012322651988776035,0.1194404834359547,3.169697895420403e-05
2023-08-31,bundaran hotel indonesia,0.0504025807838838,0.0003876934158183246,0.1184466687978167,-0.000132
2023-08-31,jagakarsa,0.0568400414578507,0.00019717440814978336,0.1184224806175384,0.0003799010241322188
2023-08-31,jalan bdn ii,0.0464995773943299,0.00023594715739130411,0.1184998867638028,
2023-08-31,kebon jeruk,0.0504025807838838,0.00027137455684875966,0.1184466687978167,-0.000132
2023-08-31,kelapa gading,0.0426995530292609,0.00012528882518306227,0.1188390416904458,3.988317237615174e-05
2023-08-31,komp angkasa pura jakarta pusat,0.0426995530292609,0.00019717440814978336,0.1188390416904458,3.988317237615174e-05
2023-08-31,lubang buaya,0.0405358087630464,0.00027728754259117807,0.1181573882786391,
2023-08-31,us consulate jakarta pusat,0.0568400414578507,0.00019717440814978336,0.1188390416904458,-3.58e-05
2023-09-01,bundaran hotel indonesia,0.0493680157105129,0.0003777527961275434,0.1167570103328737,-0.000236
2023-09-01,jagakarsa,0.0491674337514561,0.00017837011596012544,0.1169832257954927,-0.000405
2023-09-01,jalan bdn ii,0.0467494838892292,0.00020063120101313888,0.1163369457558433,
2023-09-01,kebon jeruk,0.0493680157105129,0.0003777527961275434,0.1167570103328737,-0.000236
2023-09-01,kelapa gading,0.0410405582448865,0.0001247329630120624,0.1171542340358334,-0.000355
2023-09-01,komp angkasa pura jakarta pusat,0.0410405582448865,0.0001247329630120624,0.1171542340358334,-0.000355
2023-09-01,lubang buaya,0.0468387627951314,0.0002452117433012595,0.1157028643697667,
2023-09-01,us consulate jakarta pusat,0.0491674337514561,0.00017837011596012544,0.1171542340358334,-0.000119
2023-09-02,bundaran hotel indonesia,0.0458454006419594,0.0001974051450072802,0.1172844315336942,-0.00013
2023-09-02,jagakarsa,0.0512364430184076,0.00013572752991177655,0.1176565209531213,-0.00013
2023-09-02,jalan bdn ii,0.0391752466608761,0.0001522520429241903,0.1160764827369707,
2023-09-02,kebon jeruk,0.0458454006419594,0.0001974051450072802,0.1172844315336942,-0.00013
2023-09-02,kelapa gading,0.0443406734230025,0.00013574605355223785,0.1173754622571355,-9.21e-05
2023-09-02,komp angkasa pura jakarta pusat,0.0443406734230025,0.00013574605355223785,0.1173754622571355,-9.21e-05
2023-09-02,lubang buaya,0.0410707774410109,0.00018024883286057585,0.1161000466564081,
2023-09-02,us consulate jakarta pusat,0.0512364430184076,0.00013572752991177655,0.1173754622571355,-9.21e-05
2023-09-03,bundaran hotel indonesia,0.0406567030654313,0.0002462625393509092,0.1190483543306427,-0.00026
2023-09-03,jagakarsa,0.037243133242941,0.0001998969400084425,0.1201076039432518,-0.000215
2023-09-03,jalan bdn ii,0.0440965371071308,0.00016096403529019718,0.1190096225804597,-0.00033
2023-09-03,kebon jeruk,0.0406567030654313,0.0002462625393509092,0.1190483543306427,-0.00026
2023-09-03,kelapa gading,0.0428467050448269,0.00011753659672094597,0.1199220319620344,0.0006371492838362982
2023-09-03,komp angkasa pura jakarta pusat,0.0428467050448269,0.00011753659672094597,0.1199220319620344,0.0006371492838362982
2023-09-03,lubang buaya,0.0428937193252785,0.00012310283573614274,0.1193873203322155,-4.94e-05
2023-09-03,us consulate jakarta pusat,0.037243133242941,0.0001998969400084425,0.1199220319620344,0.0002549090998708201
2023-09-04,bundaran hotel indonesia,0.0466796869256012,0.00019627122999062244,0.1173659036174084,5.312536850195108e-05
2023-09-04,jagakarsa,0.0465771505995502,0.00016055310382695503,0.1173065616605288,5.312536850195108e-05
2023-09-04,jalan bdn ii,0.0431051767193277,0.0001343761665248964,0.1175106842555265,0.00029785228273242296
2023-09-04,kebon jeruk,0.047000371248973,0.00024680812939788184,0.1173659036174084,5.312536850195108e-05
2023-09-04,kelapa gading,0.0466531622891473,0.00011338359435936994,0.1168247456932958,0.00028515736192083257
2023-09-04,komp angkasa pura jakarta pusat,0.0465771505995502,0.00016055310382695503,0.1168247456932958,0.00028515736192083257
2023-09-04,lubang buaya,0.0423967796055081,0.00014210992682021396,0.1175975813385121,0.00020761094353579444
2023-09-04,us consulate jakarta pusat,0.0465771505995502,0.00016055310382695503,0.1168247456932958,0.00028515736192083257
2023-09-05,bundaran hotel indonesia,0.0391347184082503,0.00021526541368021264,0.1179405360155251,7.292908952016261e-05
2023-09-05,jagakarsa,0.039134718409554,0.00011753479765372794,0.1174579655740302,7.292908952016261e-05
2023-09-05,jalan bdn ii,0.0367291942201021,0.0001759066387524508,0.1170431827740021,-0.000273
2023-09-05,kebon jeruk,0.0391347184082503,0.00021526541368021264,0.1179405360155251,7.292908952016261e-05
2023-09-05,kelapa gading,0.0346246976593353,0.00010831384866802404,0.1185517995504795,0.0005859683380665361
2023-09-05,komp angkasa pura jakarta pusat,0.0346246976593353,0.00010831384866802404,0.1185517995504795,0.0005859683380665361
2023-09-05,lubang buaya,0.0367291941171417,0.00013907363512975497,0.1168317208909692,0.0007430264975460053
2023-09-05,us consulate jakarta pusat,0.039134718409554,0.00011753479765372794,0.1185517995504795,0.0005859683380665361
2023-09-06,bundaran hotel indonesia,0.0533224273889286,0.00039500751187365263,0.1174575253703919,-0.000284
2023-09-06,jagakarsa,0.0457329399250686,0.00018052320686061363,0.117605425485276,-0.000284
2023-09-06,jalan bdn ii,0.0406369765503695,0.00022612665785651988,0.1165316891214622,-0.000139
2023-09-06,kebon jeruk,0.0533224273889286,0.00039500751187365263,0.1174575253703919,-0.000284
2023-09-06,kelapa gading,0.038369940904693,0.0001304456818889831,0.1176924522063592,-0.000237
2023-09-06,komp angkasa pura jakarta pusat,0.038369940904693,0.0001304456818889831,0.1176924522063592,-0.000237
2023-09-06,lubang buaya,0.0392724420128415,0.00018965146719672889,0.1168131725735203,-0.000568
2023-09-06,us consulate jakarta pusat,0.0457329399250686,0.00018052320686061363,0.1176924522063592,-0.000237
2023-09-07,bundaran hotel indonesia,0.0467212647429232,0.00016111815545291047,0.1182652210941352,5.988482095767297e-06
2023-09-07,jagakarsa,0.0415421184652337,0.00011569429482371612,0.1186952144451877,5.988482095767297e-06
2023-09-07,jalan bdn ii,0.0549254522867261,0.000207447684107184,0.118655241374335,-0.000279
2023-09-07,kebon jeruk,0.0467212647429232,0.00016111815545291047,0.1182652210941352,5.988482095767297e-06
2023-09-07,kelapa gading,0.0400210188891565,0.00012400776648948455,0.1187201767891164,-0.000169
2023-09-07,komp angkasa pura jakarta pusat,0.0400210188891565,0.00012400776648948455,0.1187201767891164,-0.000169
2023-09-07,lubang buaya,0.0484836846330781,0.00039221130573772296,0.1186082727658429,-0.000253
2023-09-07,us consulate jakarta pusat,0.0415421184652337,0.00011569429482371612,0.1187201767891164,-0.000169
2023-09-08,bundaran hotel indonesia,0.0415114460396305,0.00020096353524721837,0.1211777650082871,3.5917059418695884e-05
2023-09-08,jagakarsa,0.0388591556618294,0.00011974286595879276,0.1209747857127071,3.5917059418695884e-05
2023-09-08,jalan bdn ii,0.0495478301829206,0.00023344580895041976,0.1210220157445219,-0.000133
2023-09-08,kebon jeruk,0.043895474943439,0.00020096353524721837,0.1211777650082871,3.5917059418695884e-05
2023-09-08,kelapa gading,0.0376689636379842,9.739585588553292e-05,0.1214243347635532,-7.11e-05
2023-09-08,komp angkasa pura jakarta pusat,0.0388591556618294,9.739585588553292e-05,0.1214243347635532,-7.11e-05
2023-09-08,lubang buaya,0.0452391635891648,0.00015687854929859275,0.1217338148436636,0.00012784659930997286
2023-09-08,us consulate jakarta pusat,0.0388591556618294,0.00011974286595879276,0.1214243347635532,-7.11e-05
2023-09-09,bundaran hotel indonesia,0.0416906518917187,0.00018293678218691224,0.1199634868852226,0.00014965635363073412
2023-09-09,jagakarsa,0.0417724061490447,0.00011406727815030891,0.1191945853716364,0.00014965635363073412
2023-09-09,jalan bdn ii,0.0438527773801636,0.00018898049735867255,0.1184569666786797,0.00019626409354248596
2023-09-09,kebon jeruk,0.0442109758207325,0.0001920842169304726,0.1199634868852226,0.00014965635363073412
2023-09-09,kelapa gading,0.0413393306505593,9.948247918851128e-05,0.1197317495743669,0.00017509310306982053
2023-09-09,komp angkasa pura jakarta pusat,0.0417724061490447,0.00011406727815030891,0.1197317495743669,0.00017509310306982053
2023-09-09,lubang buaya,0.0436116284072751,0.00018769169691402476,0.1185251604087814,
2023-09-09,us consulate jakarta pusat,0.0417724061490447,0.00011406727815030891,0.1197317495743669,0.00017509310306982053
2023-09-11,bundaran hotel indonesia,0.0336317499552386,0.00019938373717976935,0.115970792867556,
2023-09-11,jagakarsa,0.0344148197058076,0.00015046164631646604,0.1170949150684166,
2023-09-11,jalan bdn ii,0.0340841660495004,0.00011469587964113868,0.1164528143040948,
2023-09-11,kebon jeruk,0.0361395910125692,0.00019938373717976935,0.115970792867556,
2023-09-11,kelapa gading,0.0327237968673299,9.984095523680778e-05,0.1170761324130017,-5.78e-06
2023-09-11,komp angkasa pura jakarta pusat,0.0344148197058076,9.984095523680778e-05,0.1170761324130017,-5.78e-06
2023-09-11,lubang buaya,0.0342223858976396,0.00011049048587676956,0.1166426140279453,4.643858076156684e-05
2023-09-11,us consulate jakarta pusat,0.0344148197058076,0.00015046164631646604,0.1170761324130017,-5.78e-06
2023-09-12,bundaran hotel indonesia,0.0313434586418325,0.00010117332199327228,0.1180312353585562,-9.68e-05
2023-09-12,jagakarsa,0.0304951076794826,0.0001314756462162263,0.1181878807680375,-9.68e-05
2023-09-12,jalan bdn ii,0.0314591938921383,0.00011240524625564576,0.1173306476281822,-1.67e-05
2023-09-12,kebon jeruk,0.0322030408957911,0.00014314966631130468,0.1180312353585562,-9.68e-05
2023-09-12,kelapa gading,0.0297887727931288,8.465890877965396e-05,0.1178243109757206,0.0002616378592002484
2023-09-12,komp angkasa pura jakarta pusat,0.0304951076794826,0.0001314756462162263,0.1178243109757206,0.0002616378592002484
2023-09-12,lubang buaya,0.0337118840696609,0.00011622147525904268,0.1184780432579567,0.0001832343681901944
2023-09-12,us consulate jakarta pusat,0.0304951076794826,0.0001314756462162263,0.1178243109757206,0.0002616378592002484
2023-09-13,bundaran hotel indonesia,0.0453572805133345,0.0002979947001869723,0.1163569296693784,-3.67e-05
2023-09-13,jagakarsa,0.0448758574156562,0.00016030122267394987,0.1171455851081048,-3.67e-05
2023-09-13,jalan bdn ii,0.0397589641439403,0.00030210314129169017,0.1156346206262241,
2023-09-13,kebon jeruk,0.0470093998779964,0.00033239131981077907,0.1163569296693784,-3.67e-05
2023-09-13,kelapa gading,0.0363125320712438,0.00011506129338076338,0.1166443080667664,-0.000463
2023-09-13,komp angkasa pura jakarta pusat,0.0448758574156562,0.00016030122267394987,0.1166443080667664,-0.000463
2023-09-13,lubang buaya,0.0375984657634348,0.0002545714361277267,0.1150663844832253,
2023-09-13,us consulate jakarta pusat,0.0448758574156562,0.00016030122267394987,0.1166443080667664,-0.000463
2023-09-14,bundaran hotel indonesia,0.0388590805788799,0.0001579527974720396,0.1152388093162534,
2023-09-14,jagakarsa,0.0412274647921679,0.00016494976339528406,0.1160657618046865,
2023-09-14,jalan bdn ii,,9.037566141329826e-05,0.1141122760355561,
2023-09-14,kebon jeruk,0.0377387785484355,0.00025028651498391994,0.1152388093162534,
2023-09-14,kelapa gading,0.0378206899357198,0.00013067769048441763,0.1157945632820806,
2023-09-14,komp angkasa pura jakarta pusat,0.0412274647921679,0.00016494976339528406,0.1157945632820806,
2023-09-14,lubang buaya,,9.573669434129086e-05,0.1140087829011075,
2023-09-14,us consulate jakarta pusat,0.0412274647921679,0.00016494976339528406,0.1157945632820806,
2023-09-15,bundaran hotel indonesia,0.0386808687349452,0.00010103966885591832,0.1176000765432321,1.6521043670000833e-05
2023-09-15,jagakarsa,0.0406043245976752,9.784960151820328e-05,0.1175705374916395,1.6521043670000833e-05
2023-09-15,jalan bdn ii,,0.00011589984747128696,0.1171770714586884,-2.12e-05
2023-09-15,kebon jeruk,0.037727329565918,0.00013742659901038235,0.1176000765432321,-0.000184
2023-09-15,kelapa gading,0.03968117988092,6.82160232917879e-05,0.1180314663922683,-0.000202
2023-09-15,komp angkasa pura jakarta pusat,0.0406043245976752,9.784960151820328e-05,0.1180314663922683,1.6521043670000833e-05
2023-09-15,lubang buaya,0.0403700898114244,0.00011905149477131612,0.11717504958737,8.676963829708548e-05
2023-09-15,us consulate jakarta pusat,0.0406043245976752,9.784960151820328e-05,0.1180314663922683,1.6521043670000833e-05
2023-09-16,bundaran hotel indonesia,0.0392942351766824,0.00013974109129907185,0.1172975804715151,-0.000557
2023-09-16,jagakarsa,0.0356840416630613,9.130219307838516e-05,0.1174671569276292,-0.000557
2023-09-16,jalan bdn ii,0.0386597947362943,0.0001718671525327067,0.1169729420462398,-0.000257
2023-09-16,kebon jeruk,0.0392942351766824,0.00013974109129907185,0.1172975804715151,-0.000557
2023-09-16,kelapa gading,0.0344191169552397,7.713591069569629e-05,0.1176758067222341,-0.000252
2023-09-16,komp angkasa pura jakarta pusat,0.0344191169552397,7.713591069569629e-05,0.1176758067222341,-0.000252
2023-09-16,lubang buaya,0.0370257179756583,0.00014027959601096513,0.1170957180268117,3.002438361264685e-05
2023-09-16,us consulate jakarta pusat,0.0356840416630613,9.130219307838516e-05,0.1176758067222341,-0.000252
2023-09-17,bundaran hotel indonesia,0.0411288647205548,0.00015257431324820412,0.1177796985145516,6.03607114481128e-05
2023-09-17,jagakarsa,0.0390692671563709,9.485342624663468e-05,0.11871160145639,6.03607114481128e-05
2023-09-17,jalan bdn ii,,0.00024238917977449336,0.1172250661725655,
2023-09-17,kebon jeruk,0.0432799131644259,0.00015257431324820412,0.1177796985145516,6.03607114481128e-05
2023-09-17,kelapa gading,0.0370395824358728,9.35945961385635e-05,0.1181008431972362,-9.38e-05
2023-09-17,komp angkasa pura jakarta pusat,0.0390692671563709,9.35945961385635e-05,0.1181008431972362,-9.38e-05
2023-09-17,lubang buaya,,0.00018058382832116405,0.1167680780873823,
2023-09-17,us consulate jakarta pusat,0.0390692671563709,9.485342624663468e-05,0.1181008431972362,-9.38e-05
2023-09-18,bundaran hotel indonesia,0.0576591615707361,0.00038275808976269047,0.1188476478338712,-0.000409
2023-09-18,jagakarsa,0.0578721178864835,0.00019370017561235543,0.1190553427381004,-0.000409
2023-09-18,jalan bdn ii,0.0452767282563737,0.00014579764644707932,0.1175058904511901,-0.000399
2023-09-18,kebon jeruk,0.0579545357115114,0.00023305673280002583,0.1188476478338712,-0.000409
2023-09-18,kelapa gading,0.0574898486976577,0.00018729056863241592,0.1197214145670401,-0.00022
2023-09-18,komp angkasa pura jakarta pusat,0.0578721178864835,0.00019370017561235543,0.1197214145670401,-0.00022
2023-09-18,lubang buaya,0.0413336048669071,0.00015931617522396718,0.1168391091211044,-0.000781
2023-09-18,us consulate jakarta pusat,0.0578721178864835,0.00019370017561235543,0.1197214145670401,-0.00022
2023-09-19,bundaran hotel indonesia,0.03931153519347,0.00041663492943526615,0.1172778650512176,
2023-09-19,jagakarsa,0.0380177366500598,0.00018124727506919287,0.1173775471596278,
2023-09-19,jalan bdn ii,0.0525857453927193,0.0003673713115235798,0.1169487281707207,
2023-09-19,kebon jeruk,0.0451805087640047,0.0003738131000643247,0.1172778650512176,
2023-09-19,kelapa gading,0.036116820397466,0.00017648409771558562,0.1173240425511894,
2023-09-19,komp angkasa pura jakarta pusat,0.0380177366500598,0.00018124727506919287,0.1173240425511894,
2023-09-19,lubang buaya,0.0395342476492594,0.0003149460496251491,0.1161478640145973,
2023-09-19,us consulate jakarta pusat,0.0380177366500598,0.00018124727506919287,0.1173240425511894,
2023-09-20,bundaran hotel indonesia,0.0410707807303657,0.00023658849074888403,0.117426350564234,-9.89e-05
2023-09-20,jagakarsa,0.0381728848423283,0.00011307810537193526,0.1169738705183441,-9.89e-05
2023-09-20,jalan bdn ii,0.0425222742779296,0.00016655556413904029,0.1175251795366983,-0.00018
2023-09-20,kebon jeruk,0.0418375398970721,0.0002589252394297912,0.117426350564234,-0.00032
2023-09-20,kelapa gading,0.0316553148687027,9.055779522051252e-05,0.1167869375854344,0.00016893160070929314
2023-09-20,komp angkasa pura jakarta pusat,0.0381728848423283,0.00011307810537193526,0.1167869375854344,-9.89e-05
2023-09-20,lubang buaya,0.038194284900697,0.00015389265466446428,0.1167422453365379,0.00016656507820378698
2023-09-20,us consulate jakarta pusat,0.0381728848423283,0.00011307810537193526,0.1167869375854344,-9.89e-05
2023-09-21,bundaran hotel indonesia,,0.00015226999369397635,0.1167565803260485,9.355993068608684e-05
2023-09-21,jagakarsa,0.0448446908873893,0.00011220782490769377,0.1170527090138849,9.355993068608684e-05
2023-09-21,jalan bdn ii,0.0421865125765135,0.0001835259979861698,0.1159301741861955,
2023-09-21,kebon jeruk,0.0474355375045682,0.00015226999369397635,0.1161216103394992,9.355993068608684e-05
2023-09-21,kelapa gading,0.0448446908244113,0.00013181991515979154,0.1160390265586192,-0.000136
2023-09-21,komp angkasa pura jakarta pusat,0.0448446908873893,0.00013181991515979154,0.1170527090138849,-0.000136
2023-09-21,lubang buaya,0.0387381283788726,0.00029945742244429725,0.11515517936894,
2023-09-21,us consulate jakarta pusat,0.0448446908873893,0.00011220782490769377,0.1170527090138849,-0.000136
2023-09-22,bundaran hotel indonesia,0.0387631299616235,0.00029572637650047105,0.1171674045937792,-8.33e-05
2023-09-22,jagakarsa,0.0382858600166547,0.00019396269805112848,0.117837336772308,-8.33e-05
2023-09-22,jalan bdn ii,0.0329723531705917,7.540322507518608e-05,0.1160988858696305,-2.93e-05
2023-09-22,kebon jeruk,0.0388369234630778,0.00018052905973975347,0.1177704221630128,-8.33e-05
2023-09-22,kelapa gading,0.0439550645597825,0.0001833743267026853,0.1172164510415225,0.0001478488943100015
2023-09-22,komp angkasa pura jakarta pusat,0.0382858600166547,0.00019396269805112848,0.117837336772308,0.0001478488943100015
2023-09-22,lubang buaya,0.0318603203426335,9.40640388784372e-05,0.1170379348709513,
2023-09-22,us consulate jakarta pusat,0.0382858600166547,0.00019396269805112848,0.117837336772308,0.0001478488943100015
2023-09-23,bundaran hotel indonesia,0.0358596089196938,0.0002119024663300396,0.1150702882966082,
2023-09-23,jagakarsa,0.0367059609768398,0.00013784412939017658,0.1157426161879895,
2023-09-23,jalan bdn ii,0.0430456240440506,0.00022146710524188564,0.1153692876529128,
2023-09-23,kebon jeruk,0.0385617133414451,0.0003398221254666218,0.1150702882966082,
2023-09-23,kelapa gading,0.0388875882397909,0.00010115993865406456,0.1150933370741523,
2023-09-23,komp angkasa pura jakarta pusat,0.0367059609768398,0.00013784412939017658,0.1150933370741523,
2023-09-23,lubang buaya,0.042556602550303,0.00016954301117247,0.1144042263715601,
2023-09-23,us consulate jakarta pusat,0.0367059609768398,0.00013784412939017658,0.1157426161879895,
2023-09-24,bundaran hotel indonesia,0.0463438781843652,0.0002606422568062002,0.1173600836461855,-0.000201
2023-09-24,jagakarsa,0.04315811836531,0.00013507210148592486,0.1168031842340888,-0.000201
2023-09-24,jalan bdn ii,0.0412268147322638,0.00018702285454091813,0.1161765941195359,-8.15e-05
2023-09-24,kebon jeruk,0.0504426516903097,0.0001929625799941532,0.1173600836461855,-0.000137
2023-09-24,kelapa gading,0.0393512526303549,0.0001223761780163305,0.1170407755374977,8.365672789928089e-06
2023-09-24,komp angkasa pura jakarta pusat,0.04315811836531,0.00013507210148592486,0.1170407755374977,-0.000201
2023-09-24,lubang buaya,0.0379405725559194,0.0002535923495329129,0.1156016273059544,-0.000103
2023-09-24,us consulate jakarta pusat,0.04315811836531,0.00013507210148592486,0.1168031842340888,-0.000201
2023-09-25,bundaran hotel indonesia,0.0453252204930991,0.000290481403381719,0.1176743918065291,0.00019434947076833847
2023-09-25,jagakarsa,0.0435880387656306,0.00016561493379800874,0.1187688837435988,0.00019434947076833847
2023-09-25,jalan bdn ii,0.0373137344348229,0.0002539086012699808,0.117153696004963,-1.28e-05
2023-09-25,kebon jeruk,0.0452214940482921,0.00032835728887704293,0.1176743918065291,-1.83e-05
2023-09-25,kelapa gading,0.0408940611399737,0.00011076505857112034,0.1176811922128932,-3.84e-05
2023-09-25,komp angkasa pura jakarta pusat,0.0435880387656306,0.00016561493379800874,0.1176811922128932,0.00019434947076833847
2023-09-25,lubang buaya,0.0370078447009,0.00017815610087755615,0.1176044992786464,0.0001416709413083938
2023-09-25,us consulate jakarta pusat,0.0435880387656306,0.00016561493379800874,0.1176811922128932,0.00019434947076833847
2023-09-26,kelapa gading,,7.305236340353616e-05,,0.00027917046742291003
2023-09-26,lubang buaya,,0.00015026016813117854,,9.252093471541324e-05
2023-09-27,bundaran hotel indonesia,,0.00014311087694951686,0.1201349661176138,-0.000136
2023-09-27,jagakarsa,0.0397307225363599,0.00014591436943584322,0.1201115655877267,-0.000136
2023-09-27,jalan bdn ii,0.0449909263905447,0.00014596951682241714,0.1197888277310404,0.0005065186583833886
2023-09-27,kebon jeruk,0.0455595737865751,0.00021064355970929467,0.1201349661176138,-0.000136
2023-09-27,kelapa gading,0.0376126421633548,9.38291269037313e-05,0.120485481655455,7.370647513059774e-05
2023-09-27,komp angkasa pura jakarta pusat,0.0397307225363599,0.00014591436943584322,0.120485481655455,7.370647513059774e-05
2023-09-27,lubang buaya,0.0441107090895593,0.00014241698922631393,0.1204048599701201,0.00025511921206103523
2023-09-27,us consulate jakarta pusat,0.0397307225363599,0.00014591436943584322,0.120485481655455,7.370647513059774e-05
2023-09-28,bundaran hotel indonesia,0.0407347897087847,9.770704326586138e-05,0.1196636168634357,1.5431505541653397e-06
2023-09-28,jagakarsa,0.0368527472444829,0.0001189106987016413,0.1192628968926438,1.5431505541653397e-06
2023-09-28,jalan bdn ii,0.0390398352177366,0.00010701781045121603,0.1202743477829236,6.516898869413185e-05
2023-09-28,kebon jeruk,0.0394874881789947,0.00011499993962011665,0.1196636168634357,3.3597556844318748e-06
2023-09-28,kelapa gading,0.0414309301184118,8.349028738864079e-05,0.1191817078116259,0.00018555982361075215
2023-09-28,komp angkasa pura jakarta pusat,0.0368527472444829,0.0001189106987016413,0.1191817078116259,1.5431505541653397e-06
2023-09-28,lubang buaya,,0.00011027279310207348,0.1200241520776788,0.0002494113533589978
2023-09-28,us consulate jakarta pusat,0.0368527472444829,0.0001189106987016413,0.1191817078116259,1.5431505541653397e-06
2023-09-29,bundaran hotel indonesia,,0.000120014706875387,0.1193585204955584,6.21936765979906e-05
2023-09-29,jagakarsa,0.0333600355696694,0.000158903325559585,0.118958308372485,6.21936765979906e-05
2023-09-29,jalan bdn ii,0.0455694187090477,0.00014021048716101936,0.1187060756419983,0.00020996897564043145
2023-09-29,kebon jeruk,0.0405934013074126,0.0001456132974613821,0.1193585204955584,0.0001599064057975563
2023-09-29,kelapa gading,0.035297601738855,8.807775954932676e-05,0.1190764038793705,9.284817108927997e-05
2023-09-29,komp angkasa pura jakarta pusat,0.0333600355696694,0.000158903325559585,0.1190764038793705,6.21936765979906e-05
2023-09-29,lubang buaya,,0.00014016117437174307,0.1192943204039996,0.0001899491686152847
2023-09-29,us consulate jakarta pusat,0.0333600355696694,0.000158903325559585,0.1190764038793705,6.21936765979906e-05
2023-09-30,bundaran hotel indonesia,0.0541659909656117,0.00024981119315372306,0.1192292114033118,0.00022388767167423973
2023-09-30,jagakarsa,,0.0001356818555331741,0.1200618845875917,0.00022388767167423973
2023-09-30,jalan bdn ii,0.0478414953620628,0.0002521006598908674,0.118445060687446,6.363153105114349e-05
2023-09-30,kebon jeruk,0.0541659909656117,0.0002326784873590514,0.1192292114033118,6.501995528797712e-05
2023-09-30,kelapa gading,0.0463903327473446,9.706776862606996e-05,0.1198952595018803,6.470156098253808e-05
2023-09-30,komp angkasa pura jakarta pusat,0.0463903327473446,0.0001356818555331741,0.1198952595018803,0.00022388767167423973
2023-09-30,lubang buaya,0.0468220783852754,0.00016532604577278645,0.1186913215229373,0.00022977031072206157
2023-09-30,us consulate jakarta pusat,0.0463903327473446,0.0001356818555331741,0.1198952595018803,0.00022388767167423973
2023-10-01,bundaran hotel indonesia,0.0534514888306127,0.00014659328714256776,0.118815232148541,0.00014689039029177687
2023-10-01,jagakarsa,0.055124384776347,9.165956963365144e-05,0.1187464776387761,0.00014689039029177687
2023-10-01,jalan bdn ii,0.0452207733895537,0.00017891403988284975,0.1174011933691716,0.0007479095938257957
2023-10-01,kebon jeruk,0.0528660094060798,0.00013520645724355874,0.118815232148541,0.0007256369352684705
2023-10-01,kelapa gading,0.0548171249297057,8.48881617679681e-05,0.1180190087993717,6.700280249725983e-05
2023-10-01,komp angkasa pura jakarta pusat,0.055124384776347,9.165956963365144e-05,0.1180190087993717,0.00014689039029177687
2023-10-01,lubang buaya,0.0442834669252742,0.00014905372473849107,0.1182244126604463,-2.68e-05
2023-10-01,us consulate jakarta pusat,0.055124384776347,9.165956963365144e-05,0.1180190087993717,0.00014689039029177687
2023-10-02,bundaran hotel indonesia,0.0598760551064902,0.0002908647613801169,0.1178466081692029,-4.54e-05
2023-10-02,jagakarsa,0.0549438876641132,0.00017811840209094643,0.1174492616699127,-4.54e-05
2023-10-02,jalan bdn ii,0.0421078409790547,0.00015963548061722306,0.1169188599006747,
2023-10-02,kebon jeruk,0.0598760545329271,0.00022296744512468456,0.1178466081692029,-4.54e-05
2023-10-02,kelapa gading,0.0538892634427105,0.0001585687354717347,0.1174328923855922,-0.000174
2023-10-02,komp angkasa pura jakarta pusat,0.0549438876641132,0.00017811840209094643,0.1174328923855922,-0.000174
2023-10-02,lubang buaya,0.0417128268977323,0.00020478277349440303,0.1169973046456296,
2023-10-02,us consulate jakarta pusat,0.0549438876641132,0.00017811840209094643,0.1174328923855922,-0.000174
2023-10-03,bundaran hotel indonesia,0.0545067242689527,0.0004718097249608584,0.1166778696793724,0.0004881398679493378
2023-10-03,jagakarsa,0.0563776051958108,0.0002834505087249294,0.116778873405727,0.0004881398679493378
2023-10-03,jalan bdn ii,,0.00016292037408772127,0.114798783213371,
2023-10-03,kebon jeruk,0.0543816128499123,0.00023849822905531345,0.1166778696793724,0.0004881398679493378
2023-10-03,kelapa gading,0.0540553083039453,0.000257635171392445,0.1170684448028485,0.0004257487440681065
2023-10-03,komp angkasa pura jakarta pusat,0.0563776051958108,0.0002834505087249294,0.1170684448028485,0.0004257487440681065
2023-10-03,lubang buaya,,0.00026908630493890044,0.1144254477057671,
2023-10-03,us consulate jakarta pusat,0.0563776051958108,0.0002834505087249294,0.1170684448028485,0.0004257487440681065
2023-10-04,bundaran hotel indonesia,0.0410605502542623,0.0002342868178678489,0.1155161605732663,-0.000225
2023-10-04,jagakarsa,0.0395774824914478,0.00015191019193433938,0.1156241897614172,-0.000225
2023-10-04,jalan bdn ii,0.0424511201075567,0.0002528434590499907,0.1148844958454872,0.00013751191690791992
2023-10-04,kebon jeruk,0.0441020103416231,0.000244666498850753,0.1155161605732663,0.00016728207524208745
2023-10-04,kelapa gading,0.0371580896293718,0.00010044823329250083,0.116146259974063,-0.000151
2023-10-04,komp angkasa pura jakarta pusat,0.0395774824914478,0.00015191019193433938,0.116146259974063,-0.000225
2023-10-04,lubang buaya,0.0390076226428157,0.00015899240874887535,0.1150565347394532,-0.000204
2023-10-04,us consulate jakarta pusat,0.0395774824914478,0.00015191019193433938,0.116146259974063,-0.000225
2023-10-05,bundaran hotel indonesia,0.0351643870139284,0.0001872208965197755,0.1156569088576759,1.1408092392177644e-05
2023-10-05,jagakarsa,0.0366077733111265,0.00014833953159256792,0.1159006467080561,1.1408092392177644e-05
2023-10-05,jalan bdn ii,0.0356637014604029,0.00011891243943784884,0.1153391987000177,2.9210008635060704e-05
2023-10-05,kebon jeruk,0.0365477748827403,0.0002649076101133036,0.1156569088576759,0.00018622984696898496
2023-10-05,kelapa gading,0.035584784166155,9.954205387793068e-05,0.1161432760729171,0.00018237525677405889
2023-10-05,komp angkasa pura jakarta pusat,0.0366077733111265,0.00014833953159256792,0.1161432760729171,1.1408092392177644e-05
2023-10-05,lubang buaya,0.0380545614717358,0.00011917139268527346,0.1154899501180516,0.00017131599957457386
2023-10-05,us consulate jakarta pusat,0.0366077733111265,0.00014833953159256792,0.1161432760729171,1.1408092392177644e-05
2023-10-06,bundaran hotel indonesia,0.0392219476947684,0.00021821659852817824,0.1154505996468921,0.0001941865578620797
2023-10-06,jagakarsa,0.0381561259451291,0.00011083530762189189,0.115854143340922,0.0001941865578620797
2023-10-06,jalan bdn ii,0.0442787968324678,0.00024832786142080384,0.1146715444060409,0.000336912028246997
2023-10-06,kebon jeruk,0.04749419224342,0.00019938820220751744,0.1154505996468921,0.0001030401337181922
2023-10-06,kelapa gading,0.0379384165813163,9.73429695218079e-05,0.1162054627967693,0.0002533517550939203
2023-10-06,komp angkasa pura jakarta pusat,0.0381561259451291,0.00011083530762189189,0.1162054627967693,0.0001941865578620797
2023-10-06,lubang buaya,0.0405672660364011,0.0001839510687875592,0.1151482279732365,0.0004442540049507416
2023-10-06,us consulate jakarta pusat,0.0381561259451291,0.00011083530762189189,0.1162054627967693,0.0001941865578620797
2023-10-07,bundaran hotel indonesia,,0.00013370906379352553,0.1174906419896601,0.00018277549998487605
2023-10-07,jagakarsa,,9.62693318617502e-05,0.1176795101508807,0.00018277549998487605
2023-10-07,jalan bdn ii,0.0461579032476872,0.00017054990514457787,0.1166442900097746,0.0011457200373774
2023-10-07,kebon jeruk,,0.00011708583539642984,0.1174906419896601,0.00018277549998487605
2023-10-07,kelapa gading,0.044287838364299,9.168554676619891e-05,0.1170271788040443,-0.000187
2023-10-07,komp angkasa pura jakarta pusat,,9.62693318617502e-05,0.1170271788040443,-0.000187
2023-10-07,lubang buaya,0.0461446051593263,0.0001762642760756826,0.1174916174338291,0.0005998211088697466
2023-10-07,us consulate jakarta pusat,,9.62693318617502e-05,0.1170271788040443,-0.000187
2023-10-08,bundaran hotel indonesia,0.0474330511106246,0.00014958800524481416,0.1188920885526031,-0.000312
2023-10-08,jagakarsa,0.0485756679513671,0.00010507332426011914,0.1196404986811189,-0.000312
2023-10-08,jalan bdn ii,0.0444779504026392,0.00017000757553245133,0.1184757065657899,-0.000182
2023-10-08,kebon jeruk,0.0456572100362409,0.00012214413928666776,0.1188920885526031,-0.000503
2023-10-08,kelapa gading,0.0488209839358469,9.278389585611722e-05,0.1194448231590353,-5.02e-05
2023-10-08,komp angkasa pura jakarta pusat,0.0485756679513671,0.00010507332426011914,0.1194448231590353,-0.000312
2023-10-08,lubang buaya,0.044726266988231,0.0001503360278937641,0.1184524911120792,
2023-10-08,us consulate jakarta pusat,0.0485756679513671,0.00010507332426011914,0.1194448231590353,-0.000312
2023-10-09,bundaran hotel indonesia,0.0491988566546514,0.00018275869030554188,0.1168042525441357,-0.000207
2023-10-09,jagakarsa,0.0515637458820048,0.00012151389623941551,0.1165239823337004,-0.000207
2023-10-09,jalan bdn ii,0.051982191971077,0.0001084264678279687,0.1166299201238033,-0.000291
2023-10-09,kebon jeruk,0.0505607392192469,0.0002176288834540503,0.1168042525441357,-2.31e-05
2023-10-09,kelapa gading,0.0496249812646447,9.663014554256468e-05,0.116484229049244,-0.000264
2023-10-09,komp angkasa pura jakarta pusat,0.0515637458820048,0.00012151389623941551,0.116484229049244,-0.000207
2023-10-09,lubang buaya,0.0521303936459403,0.0001097351828344474,0.1167253729680952,-0.000247
2023-10-09,us consulate jakarta pusat,0.0515637458820048,0.00012151389623941551,0.116484229049244,-0.000207
2023-10-10,bundaran hotel indonesia,0.0490850853926883,0.0001792273070442024,0.1188833901923145,-0.000141
2023-10-10,jagakarsa,0.0487395076330873,0.00013845633912753868,0.1187706360692214,-0.000141
2023-10-10,jalan bdn ii,0.0504707810379063,0.00012430191098316122,0.1187105023292217,0.00021580661654553693
2023-10-10,kebon jeruk,0.0491311306993505,0.0002643652095503335,0.1188833901923145,0.0003383669892348185
2023-10-10,kelapa gading,0.0527079644881418,9.150785460004273e-05,0.1197292683127076,1.207460367548855e-05
2023-10-10,komp angkasa pura jakarta pusat,0.0487395076330873,0.00013845633912753868,0.1197292683127076,-0.000141
2023-10-10,lubang buaya,0.0502141771868728,0.00011769241847679773,0.118624844104225,2.8894389064649684e-05
2023-10-10,us consulate jakarta pusat,0.0487395076330873,0.00013845633912753868,0.1197292683127076,-0.000141
2023-10-11,bundaran hotel indonesia,0.0511996737010253,0.00017969097667274264,0.119159157909993,0.0001908856916164836
2023-10-11,jagakarsa,0.0515302724068687,9.769019349321686e-05,0.1190613549599397,0.0001908856916164836
2023-10-11,jalan bdn ii,0.0519476368147362,0.0001963577392486798,0.118194093722892,9.204166693070632e-05
2023-10-11,kebon jeruk,0.0511996737010253,0.00018828504135750296,0.119159157909993,0.0004735142499449647
2023-10-11,kelapa gading,0.0503021646931359,9.228514237072923e-05,0.1196568735203337,0.000170053623504001
2023-10-11,komp angkasa pura jakarta pusat,0.0503021646931359,9.769019349321686e-05,0.1196568735203337,0.0001908856916164836
2023-10-11,lubang buaya,0.0509172177211507,0.00014934775166428074,0.1185050751355214,0.0002214534571314487
2023-10-11,us consulate jakarta pusat,0.0503021646931359,9.769019349321686e-05,0.1196568735203337,0.0001908856916164836
2023-10-12,bundaran hotel indonesia,,,,-0.000194
2023-10-12,jagakarsa,,,,-0.000194
2023-10-12,kebon jeruk,,,,-0.000194
2023-10-12,kelapa gading,,7.871631980058775e-05,0.1185632638842963,0.0001624603846155479
2023-10-12,komp angkasa pura jakarta pusat,,7.871631980058775e-05,0.1185632638842963,-0.000194
2023-10-12,lubang buaya,,,,0.0002993062128981286
2023-10-12,us consulate jakarta pusat,,7.871631980058775e-05,0.1185632638842963,-0.000194
2023-10-13,bundaran hotel indonesia,0.0434081487749817,0.00015612578278445164,0.1191627539669873,2.2911558914899978e-07
2023-10-13,jagakarsa,0.0403958931301493,0.00010162210873304475,0.1193852820535692,2.2911558914899978e-07
2023-10-13,jalan bdn ii,0.0436249219056308,0.0002158077898003855,0.1186095720301519,-2.58e-06
2023-10-13,kebon jeruk,0.0435502012199989,0.00013852986037622448,0.1191627539669873,-0.000235
2023-10-13,kelapa gading,0.0399763873981232,9.347347952368488e-05,0.1194010315602041,4.586509125983176e-05
2023-10-13,komp angkasa pura jakarta pusat,0.0403958931301493,0.00010162210873304475,0.1194010315602041,2.2911558914899978e-07
2023-10-13,lubang buaya,0.0432568000638683,0.0002104319301017056,0.1183065056883102,-0.000284
2023-10-13,us consulate jakarta pusat,0.0403958931301493,0.00010162210873304475,0.1194010315602041,2.2911558914899978e-07
2023-10-14,bundaran hotel indonesia,0.0479832576013018,0.00019619820268199244,0.118824042522077,-8.54e-05
2023-10-14,jagakarsa,0.0481926978144504,0.00011167670249681756,0.1183563097736712,-8.54e-05
2023-10-14,jalan bdn ii,0.0479018414740579,0.00017097356128714322,0.1178136746182298,1.3351868887621217e-05
2023-10-14,kebon jeruk,0.0495076078878195,0.0001817572567870656,0.118824042522077,-0.000218
2023-10-14,kelapa gading,0.044812371425944,9.41367307190403e-05,0.1183200072711424,-0.000113
2023-10-14,komp angkasa pura jakarta pusat,0.0481926978144504,0.00011167670249681756,0.1183200072711424,-8.54e-05
2023-10-14,lubang buaya,0.0439246108416664,0.0002101003947784832,0.117619711444298,-0.0003
2023-10-14,us consulate jakarta pusat,0.0481926978144504,0.00011167670249681756,0.1183200072711424,-8.54e-05
2023-10-15,bundaran hotel indonesia,0.0455954576005511,0.00013137086248581775,0.1187475760761242,0.00014501781909923833
2023-10-15,jagakarsa,0.043981978597577,0.00011207945016932504,0.1191695928272099,0.00014501781909923833
2023-10-15,jalan bdn ii,0.0469166048564421,0.00013583398858837042,0.1192063146221718,-0.000154
2023-10-15,kebon jeruk,0.0511555765001051,0.0001634599115021697,0.1187475760761242,-0.000102
2023-10-15,kelapa gading,0.043295024176387,8.155068302674132e-05,0.1204232010852008,-2.32e-05
2023-10-15,komp angkasa pura jakarta pusat,0.043981978597577,0.00011207945016932504,0.1204232010852008,0.00014501781909923833
2023-10-15,lubang buaya,0.0439903110902754,0.00013174544729738604,0.1192735210854275,-7.94e-05
2023-10-15,us consulate jakarta pusat,0.043981978597577,0.00011207945016932504,0.1204232010852008,0.00014501781909923833
2023-10-16,bundaran hotel indonesia,0.0545933548477009,0.00024289693753823163,0.1176565265923914,0.0003432984175637336
2023-10-16,jagakarsa,0.0492827419212554,0.00011266586206968492,0.1176274445562651,0.0003432984175637336
2023-10-16,jalan bdn ii,0.05458887723032,0.00015769553243186565,0.1180806101520449,0.0008917118413106155
2023-10-16,kebon jeruk,0.0545933548477009,0.00024289693753823163,0.1176565265923914,0.00041420310853020943
2023-10-16,kelapa gading,0.0441478834663147,0.000120644983549808,0.1179396623323681,0.0001906473135997376
2023-10-16,komp angkasa pura jakarta pusat,0.0441478834663147,0.000120644983549808,0.1179396623323681,0.0003432984175637336
2023-10-16,lubang buaya,0.0503483666595038,0.00013994762413328753,0.1182001205090323,0.00014782788525733034
2023-10-16,us consulate jakarta pusat,0.0441478834663147,0.000120644983549808,0.1179396623323681,0.0003432984175637336
2023-10-17,bundaran hotel indonesia,,0.00011309399923853296,0.115999222406326,-4.16e-05
2023-10-17,jagakarsa,,0.00011173988238479125,0.1146289378218981,-4.16e-05
2023-10-17,jalan bdn ii,0.0489023883146785,9.795229408071014e-05,0.1163281475541642,-0.000102
2023-10-17,kebon jeruk,,0.00011309399923853296,0.115999222406326,-4.16e-05
2023-10-17,kelapa gading,,9.555766183750188e-05,0.1159418715918797,0.00042426019228236926
2023-10-17,komp angkasa pura jakarta pusat,,9.555766183750188e-05,0.1159418715918797,-4.16e-05
2023-10-17,lubang buaya,0.0488983097758183,0.00010712837801800864,0.1169627279659564,0.00031885897461949474
2023-10-17,us consulate jakarta pusat,,9.555766183750188e-05,0.1159418715918797,-4.16e-05
2023-10-18,bundaran hotel indonesia,0.0501578514756403,0.00014268321730833905,0.1196480382957623,0.00023802598289389865
2023-10-18,jagakarsa,0.0470086791592157,9.595794457451892e-05,0.1199679827314442,0.00023802598289389865
2023-10-18,jalan bdn ii,0.0495512763280626,0.0001645276382070389,0.1198067145273368,-0.000295
2023-10-18,kebon jeruk,0.0501578514756403,0.00014268321730833905,0.1196480382957623,0.0004279624237205847
2023-10-18,kelapa gading,0.0473806984239742,0.00011154968195258572,0.120277940664427,-3.61e-05
2023-10-18,komp angkasa pura jakarta pusat,0.0473806984239742,0.00011154968195258572,0.120277940664427,0.00023802598289389865
2023-10-18,lubang buaya,0.0470392888307068,0.00016451448586061093,0.1194695761770601,0.00015422043952431714
2023-10-18,us consulate jakarta pusat,0.0470086791592157,0.00011154968195258572,0.120277940664427,0.00023802598289389865
2023-10-19,bundaran hotel indonesia,0.0449589373318778,0.0001480029806402818,0.1168895835241044,-0.000346
2023-10-19,jagakarsa,0.045491979747694,0.00010009101304634076,0.1170012889395895,-0.000346
2023-10-19,jalan bdn ii,0.0439103601895752,9.325158400681322e-05,0.1169971199744351,-0.000138
2023-10-19,kebon jeruk,0.0449589373318778,0.0001480029806402818,0.1168895835241044,-0.000165
2023-10-19,kelapa gading,0.0457831202036503,9.938203446969052e-05,0.116830033152364,0.00014066939595633318
2023-10-19,komp angkasa pura jakarta pusat,0.0457831202036503,9.938203446969052e-05,0.116830033152364,-0.000346
2023-10-19,lubang buaya,0.0433109127827661,9.57037455316708e-05,0.1176243706245972,-0.000198
2023-10-19,us consulate jakarta pusat,0.045491979747694,9.938203446969052e-05,0.116830033152364,-0.000346
2023-10-20,bundaran hotel indonesia,0.046190248615695,0.00013206999877497216,0.1189975763714353,-0.000163
2023-10-20,jagakarsa,0.042912204134157,9.55066138865933e-05,0.1189863709394507,-0.000163
2023-10-20,jalan bdn ii,0.0472127545722781,0.00012876265968362287,0.1196099780764684,-0.000214
2023-10-20,kebon jeruk,0.046190248615695,0.00013206999877497216,0.1189975763714353,-9.13e-05
2023-10-20,kelapa gading,0.0442310649293413,9.980111301198344e-05,0.1187514034045321,-0.000403
2023-10-20,komp angkasa pura jakarta pusat,0.0442310649293413,9.980111301198344e-05,0.1187514034045321,-0.000163
2023-10-20,lubang buaya,0.046139674312796,0.00013409727297642067,0.1186406854687049,5.022135338857386e-07
2023-10-20,us consulate jakarta pusat,0.0442310649293413,9.980111301198344e-05,0.1187514034045321,-0.000163
2023-10-21,bundaran hotel indonesia,0.0482705237567688,0.00011309579684017348,0.1184310358368384,0.000328089380942197
2023-10-21,jagakarsa,0.0465714693063598,8.639277589846776e-05,0.1183589706292255,0.000328089380942197
2023-10-21,jalan bdn ii,0.0527982036509053,0.00016957823135646804,0.1188093857715061,0.0004023717527199118
2023-10-21,kebon jeruk,0.0482705237567688,0.00011309579684017348,0.1184310358368384,0.0004521401633261142
2023-10-21,kelapa gading,0.0459751416369598,9.22124160724524e-05,0.1187649745820447,0.00040015695541314864
2023-10-21,komp angkasa pura jakarta pusat,0.0459751416369598,9.22124160724524e-05,0.1187649745820447,0.000328089380942197
2023-10-21,lubang buaya,0.0502450066599632,0.00014347238717819438,0.1192985909366716,0.000215704256144044
2023-10-21,us consulate jakarta pusat,0.0459751416369598,9.22124160724524e-05,0.1187649745820447,0.000328089380942197
2023-10-22,bundaran hotel indonesia,0.0669980048497782,0.00014446031972963744,0.1181662098908223,-0.000459
2023-10-22,jagakarsa,0.065233137611592,0.00012622602815486327,0.1183749000133854,-0.000459
2023-10-22,jalan bdn ii,,0.00015484384029986316,0.1179810372790557,
2023-10-22,kebon jeruk,0.0669980048497782,0.00014446031972963744,0.1181662098908223,-0.000459
2023-10-22,kelapa gading,,0.00010960915902506102,0.1176060803347607,-0.000459
2023-10-22,komp angkasa pura jakarta pusat,,0.00010960915902506102,0.1176060803347607,-0.000459
2023-10-22,lubang buaya,0.0465355172322901,0.00014950316627771395,0.1181030116383978,
2023-10-22,us consulate jakarta pusat,,0.00010960915902506102,0.1176060803347607,-0.000459
2023-10-23,bundaran hotel indonesia,,0.00012694496431286384,0.1198487165662601,0.0003195539707634137
2023-10-23,jagakarsa,0.0598204015831686,9.946045948973012e-05,0.1191781543822209,0.0003195539707634137
2023-10-23,jalan bdn ii,0.0517931221080998,0.00016384375644543,0.1200867099302373,-0.000291
2023-10-23,kebon jeruk,,0.00012694496431286384,0.1198487165662601,-4.6e-05
2023-10-23,kelapa gading,0.0598204024748263,9.420810982523735e-05,0.1194578720103908,0.0005932878461467296
2023-10-23,komp angkasa pura jakarta pusat,0.0598204024748263,9.420810982523735e-05,0.1194578720103908,0.0003195539707634137
2023-10-23,lubang buaya,0.051742501649841,0.00014935470332896596,0.1197451074374555,0.0003882726169705563
2023-10-23,us consulate jakarta pusat,0.0598204024748263,9.420810982523735e-05,0.1194578720103908,0.0003195539707634137
2023-10-24,bundaran hotel indonesia,0.067209593647635,0.0002066492904091677,0.1240045586515979,0.0004835600148130649
2023-10-24,jagakarsa,0.0619601410188189,0.00013538133920347326,0.1235997134379705,0.0004835600148130649
2023-10-24,jalan bdn ii,0.0580626405683309,0.00021842595093824783,0.1226264690962282,
2023-10-24,kebon jeruk,0.067209593647635,0.0002066492904091677,0.1240045586515979,-3.88e-05
2023-10-24,kelapa gading,0.0634623394499522,0.00013917836154261323,0.1233751739953324,-0.000617
2023-10-24,komp angkasa pura jakarta pusat,0.0634623394499522,0.00013917836154261323,0.1233751739953324,0.0004835600148130649
2023-10-24,lubang buaya,0.0651000397814785,0.0002676232095130497,0.1236065590059102,
2023-10-24,us consulate jakarta pusat,0.0634623394499522,0.00013917836154261323,0.1233751739953324,0.0004835600148130649
2023-10-25,bundaran hotel indonesia,0.0626222669255464,0.0002124896281944716,0.1253344229071519,-0.000183
2023-10-25,jagakarsa,0.0626983978869143,0.00013717957811527974,0.1248634498863708,-0.000183
2023-10-25,jalan bdn ii,0.0660481243908598,0.00021484232413460905,0.1215716903794358,-0.000177
2023-10-25,kebon jeruk,0.0626222669255464,0.0002124896281944716,0.1253344229071519,-0.000572
2023-10-25,kelapa gading,0.0615114666057061,0.00013699372715142931,0.124735698404018,-0.000112
2023-10-25,komp angkasa pura jakarta pusat,0.0615114666057061,0.00013699372715142931,0.124735698404018,-0.000183
2023-10-25,lubang buaya,0.0673018597734104,0.00022076971810612597,0.1247277598017307,0.0001177516544348077
2023-10-25,us consulate jakarta pusat,0.0615114666057061,0.00013699372715142931,0.124735698404018,-0.000183
2023-10-26,bundaran hotel indonesia,0.0575400492241312,0.0001876240919137206,0.1240233223663939,0.0001949262566903855
2023-10-26,jagakarsa,0.0496891478278526,0.0001322021292718462,0.123911988441163,0.0001949262566903855
2023-10-26,jalan bdn ii,0.0626921590670622,0.00027800840639670475,0.124073419419445,7.179796317259432e-05
2023-10-26,kebon jeruk,0.0575400492241312,0.0001876240919137206,0.1240233223663939,0.0003435218615850191
2023-10-26,kelapa gading,0.0522380304059941,0.000119908397784892,0.1239485753827512,0.00020210319442460505
2023-10-26,komp angkasa pura jakarta pusat,0.0522380304059941,0.000119908397784892,0.1239485753827512,0.0001949262566903855
2023-10-26,lubang buaya,0.0576301868032487,0.00025297908806936454,0.1238712631325957,0.0002707317657979849
2023-10-26,us consulate jakarta pusat,0.0522380304059941,0.000119908397784892,0.1239485753827512,0.0001949262566903855
2023-10-27,bundaran hotel indonesia,0.0535356197125296,0.00016975757387700796,0.1214993209061817,0.00014657689019619425
2023-10-27,jagakarsa,0.0540824596740778,0.00010596691449514436,0.1217562815695015,0.00014657689019619425
2023-10-27,jalan bdn ii,0.048247003349798,0.0002124662721691437,0.1214791097232016,0.00013723113887499974
2023-10-27,kebon jeruk,0.0535356197125296,0.00016975757387700796,0.1214993209061817,0.00014657689019619425
2023-10-27,kelapa gading,0.0508102299705036,8.839648270149915e-05,0.1210995879376305,0.0005469351624485435
2023-10-27,komp angkasa pura jakarta pusat,0.0508102299705036,8.839648270149915e-05,0.1210995879376305,0.00014657689019619425
2023-10-27,lubang buaya,0.0481312526278389,0.00018575955826320551,0.1201049217664129,7.720469267279075e-05
2023-10-27,us consulate jakarta pusat,0.0508102299705036,8.839648270149915e-05,0.1210995879376305,0.00014657689019619425
2023-10-28,bundaran hotel indonesia,,,,-0.000783
2023-10-28,jagakarsa,,,,-0.000783
2023-10-28,jalan bdn ii,,,,-0.000379
2023-10-28,kebon jeruk,,,,-0.000783
2023-10-28,kelapa gading,,9.4245103383285e-05,0.1232850024737253,-0.000527
2023-10-28,komp angkasa pura jakarta pusat,,9.4245103383285e-05,0.1232850024737253,-0.000783
2023-10-28,lubang buaya,,,,-0.000311
2023-10-28,us consulate jakarta pusat,,9.4245103383285e-05,0.1232850024737253,-0.000783
2023-10-29,bundaran hotel indonesia,,0.00011305574176214127,0.1263973240908906,2.766252669501119e-06
2023-10-29,jagakarsa,0.0509035175766629,9.699884773213378e-05,0.1261923252762373,2.766252669501119e-06
2023-10-29,jalan bdn ii,0.0509176791708895,0.0001490930028568463,0.1264192498511545,0.0006480392878993847
2023-10-29,kebon jeruk,,0.00011305574176214127,0.1263973240908906,0.0002102554364606965
2023-10-29,kelapa gading,0.0486717191650527,9.89519361947681e-05,0.126195915835976,-0.000104
2023-10-29,komp angkasa pura jakarta pusat,0.0486717191650527,9.89519361947681e-05,0.126195915835976,2.766252669501119e-06
2023-10-29,lubang buaya,0.0508060903472072,0.00015806660140082072,0.1257197522934089,-0.000167
2023-10-29,us consulate jakarta pusat,0.0486717191650527,9.89519361947681e-05,0.126195915835976,2.766252669501119e-06
2023-10-30,bundaran hotel indonesia,0.063987255388267,0.00019299152963441,0.1257554706009239,0.00010611677210472105
2023-10-30,jagakarsa,0.0611327833654382,0.00013758999879073542,0.1255339152496603,0.00010611677210472105
2023-10-30,jalan bdn ii,0.0611771001610169,0.0002616285827820682,0.1262660405150632,-0.000377
2023-10-30,kebon jeruk,0.063987255388267,0.00019299152963441,0.1257554706009239,-0.000193
2023-10-30,kelapa gading,0.0597279698484867,0.00013107220836144733,0.1249923733088922,3.4999553147273484e-05
2023-10-30,komp angkasa pura jakarta pusat,0.0597279698484867,0.00013107220836144733,0.1249923733088922,0.00010611677210472105
2023-10-30,lubang buaya,0.0579013072391433,0.00027617739139498745,0.1256376712092954,7.072870637949279e-05
2023-10-30,us consulate jakarta pusat,0.0597279698484867,0.00013107220836144733,0.1249923733088922,0.00010611677210472105
2023-10-31,bundaran hotel indonesia,0.0554507688131569,0.00022338854146371245,0.1247367223334466,5.1382897011585565e-05
2023-10-31,jagakarsa,0.0549776906263094,0.0001278048157755347,0.12470973478376,5.1382897011585565e-05
2023-10-31,jalan bdn ii,0.0550766422463718,0.00029214304457648706,0.1243645955282024,-0.000184
2023-10-31,kebon jeruk,0.0554507688131569,0.00022338854146371245,0.1247367223334466,0.0001580141023639273
2023-10-31,kelapa gading,0.0545427192244955,0.00012917430596696264,0.1253759158227719,0.00024346084181350655
2023-10-31,komp angkasa pura jakarta pusat,0.0545427192244955,0.00012917430596696264,0.1253759158227719,5.1382897011585565e-05
2023-10-31,lubang buaya,0.053874300320315,0.00028728744771767625,0.1252578812451501,-0.000309
2023-10-31,us consulate jakarta pusat,0.0545427192244955,0.00012917430596696264,0.1253759158227719,5.1382897011585565e-05
2023-11-01,bundaran hotel indonesia,0.0602421079851179,0.0001954459781265506,0.1227328956978099,-7.13e-05
2023-11-01,jagakarsa,0.0556679096938437,0.00012496017576746395,0.1222352340552148,-7.13e-05
2023-11-01,jalan bdn ii,0.0575034826828931,0.00029024533565582725,0.1233710865458867,0.0003216680690651492
2023-11-01,kebon jeruk,0.0602421079851179,0.0001954459781265506,0.1227328956978099,-7.13e-05
2023-11-01,kelapa gading,0.0520572433785738,0.000128967674949576,0.1225536385071801,0.00012431231387174049
2023-11-01,komp angkasa pura jakarta pusat,0.0520572433785738,0.000128967674949576,0.1225536385071801,-7.13e-05
2023-11-01,lubang buaya,0.051898576679464,0.00022957505974627407,0.1233758458521808,3.778444006272994e-07
2023-11-01,us consulate jakarta pusat,0.0520572433785738,0.000128967674949576,0.1225536385071801,-7.13e-05
2023-11-02,bundaran hotel indonesia,0.0553314127423415,0.0001769833718967687,0.1212182098983356,-0.000141
2023-11-02,jagakarsa,0.0543577685911606,0.00011999940124082414,0.1205060838219562,-0.000141
2023-11-02,jalan bdn ii,0.0508638951627843,0.00020325641016541115,0.1211261586555196,-0.000113
2023-11-02,kebon jeruk,0.0553314127423415,0.0001769833718967687,0.1212182098983356,-0.000141
2023-11-02,kelapa gading,0.0553421323574248,0.00011643849457300551,0.1205758393478439,3.412970037052962e-05
2023-11-02,komp angkasa pura jakarta pusat,0.0553421323574248,0.00011643849457300551,0.1205758393478439,-0.000141
2023-11-02,lubang buaya,0.0498236029438489,0.00019614551660472585,0.120698289678259,-0.000398
2023-11-02,us consulate jakarta pusat,0.0553421323574248,0.00011643849457300551,0.1205758393478439,-0.000141
2023-11-03,bundaran hotel indonesia,0.0537808297986809,0.00015694625054351802,0.1194190044864958,6.543475471616016e-05
2023-11-03,jagakarsa,0.0445839327828262,0.00012037462696459596,0.1192201338301223,6.543475471616016e-05
2023-11-03,jalan bdn ii,,0.00023777704501638496,0.1185953683635399,0.0003394048981602608
2023-11-03,kebon jeruk,0.0537808297986809,0.00015694625054351802,0.1194190044864958,0.0003455932390557829
2023-11-03,kelapa gading,0.0451201926199692,0.00012283127106428707,0.1190058929625088,-0.000296
2023-11-03,komp angkasa pura jakarta pusat,0.0451201926199692,0.00012283127106428707,0.1190058929625088,6.543475471616016e-05
2023-11-03,lubang buaya,0.0428169740076582,0.00018813942420000936,0.1190915191207667,
2023-11-03,us consulate jakarta pusat,0.0451201926199692,0.00012283127106428707,0.1190058929625088,6.543475471616016e-05
2023-11-04,bundaran hotel indonesia,0.0573653909526204,0.00021880256014828608,,
2023-11-04,jagakarsa,0.0582286056463658,0.00014038250691186167,,
2023-11-04,jalan bdn ii,0.0560623425640601,0.00020833122339557097,,
2023-11-04,kebon jeruk,0.0573653909526204,0.00021880256014828608,,
2023-11-04,kelapa gading,0.0575936567546211,0.00015021265981863058,,
2023-11-04,komp angkasa pura jakarta pusat,0.0575936567546211,0.00015021265981863058,,
2023-11-04,lubang buaya,,0.00014772755517088694,,
2023-11-04,us consulate jakarta pusat,0.0575936567546211,0.00015021265981863058,,
2023-11-05,bundaran hotel indonesia,,0.00018195954359709,0.1210029008010056,
2023-11-05,jagakarsa,,0.00011784488644011394,0.1207694485204079,
2023-11-05,jalan bdn ii,0.0421188007954801,0.00022269992561198217,0.1206314928687125,
2023-11-05,kebon jeruk,,0.00018195954359709,0.1210029008010056,
2023-11-05,kelapa gading,,0.0001359568497694181,0.1210151739068169,
2023-11-05,komp angkasa pura jakarta pusat,,0.0001359568497694181,0.1210151739068169,
2023-11-05,lubang buaya,0.0466980733230101,0.0001670391381975473,0.1205623836763655,
2023-11-05,us consulate jakarta pusat,,0.0001359568497694181,0.1210151739068169,
2023-11-06,bundaran hotel indonesia,0.0404882488072396,0.00017721540604613204,0.1175244207874712,-0.000142
2023-11-06,jagakarsa,0.0394056172873916,0.00010611407693731236,0.1169567218097123,-0.000142
2023-11-06,jalan bdn ii,0.0391926532679168,0.00016904721055086442,0.116948370094759,-4.71e-05
2023-11-06,kebon jeruk,0.0404882488072396,0.00017721540604613204,0.1175244207874712,-0.000142
2023-11-06,kelapa gading,0.040726634746774,0.0001155206268438973,0.1180657838720508,-2.99e-05
2023-11-06,komp angkasa pura jakarta pusat,0.040726634746774,0.0001155206268438973,0.1180657838720508,-0.000142
2023-11-06,lubang buaya,0.038921278096435,0.00014743036708776905,0.1169034179379258,-5.41e-05
2023-11-06,us consulate jakarta pusat,0.040726634746774,0.0001155206268438973,0.1180657838720508,-0.000142
2023-11-07,bundaran hotel indonesia,0.0542104505131163,0.00018707068148760423,0.1192873506714152,7.141492143922372e-06
2023-11-07,jagakarsa,0.0534321832941389,0.0001210161885900914,0.1186523429591192,7.141492143922372e-06
2023-11-07,jalan bdn ii,0.0503002087897075,0.000214062288752638,0.1192657554069303,-5.44e-05
2023-11-07,kebon jeruk,0.0542104505131163,0.00018707068148760423,0.1192873506714152,7.141492143922372e-06
2023-11-07,kelapa gading,,0.00010772508568656536,0.11827070535915,-1.71e-05
2023-11-07,komp angkasa pura jakarta pusat,,0.00010772508568656536,0.11827070535915,7.141492143922372e-06
2023-11-07,lubang buaya,0.0502672205474875,0.0001964514732814609,0.118976822315202,-2.29e-05
2023-11-07,us consulate jakarta pusat,,0.00010772508568656536,0.11827070535915,7.141492143922372e-06
2023-11-08,bundaran hotel indonesia,,0.0001439236248478431,0.1187845026798317,0.00014269235195756236
2023-11-08,jagakarsa,,0.00011984588824406756,0.1186296325241357,0.00014269235195756236
2023-11-08,jalan bdn ii,0.0474237906504519,0.00015624312372293427,0.1184558186761677,
2023-11-08,kebon jeruk,,0.0001439236248478431,0.1187845026798317,0.0007925175236739119
2023-11-08,kelapa gading,,0.00013004326395179273,0.1179145750776752,0.000921995807706494
2023-11-08,komp angkasa pura jakarta pusat,,0.00013004326395179273,0.1179145750776752,0.00014269235195756236
2023-11-08,lubang buaya,0.0471145121590142,0.00020125741020575385,0.1181065872349712,0.0018441508114897
2023-11-08,us consulate jakarta pusat,,0.00013004326395179273,0.1179145750776752,0.00014269235195756236
2023-11-09,bundaran hotel indonesia,0.0597776263695567,0.00019655059985490864,0.1203057651608452,-0.000106
2023-11-09,jagakarsa,0.0594912554976651,0.00015602236614104217,0.1204246142822723,-0.000106
2023-11-09,jalan bdn ii,0.0492375464307224,0.0002330404401206652,0.1189054381045754,
2023-11-09,kebon jeruk,0.0597776263695567,0.00019655059985490864,0.1203057651608452,-8.57e-05
2023-11-09,kelapa gading,0.0588988231999876,0.00014614785718813445,0.1203141646582133,0.00013131884162108576
2023-11-09,komp angkasa pura jakarta pusat,0.0588988231999876,0.00014614785718813445,0.1203141646582133,-0.000106
2023-11-09,lubang buaya,0.0509320321638353,0.0002326654293341906,0.1200688072624592,
2023-11-09,us consulate jakarta pusat,0.0588988231999876,0.00014614785718813445,0.1203141646582133,-0.000106
2023-11-10,bundaran hotel indonesia,0.0635229870476408,0.0003775278621019335,0.118308746799194,
2023-11-10,jagakarsa,0.0598759135941909,0.00027530330303202923,0.1201361044028493,
2023-11-10,jalan bdn ii,0.0505191750828361,0.000171400038329651,0.1199969630393398,
2023-11-10,kebon jeruk,0.0635229870476408,0.0003775278621019335,0.118308746799194,
2023-11-10,kelapa gading,0.0523348793225414,0.0002229358146685682,0.1196847264795681,
2023-11-10,komp angkasa pura jakarta pusat,0.0523348793225414,0.0002229358146685682,0.1196847264795681,
2023-11-10,lubang buaya,0.0504562301993172,0.0002020185994162947,0.1196796094369834,
2023-11-10,us consulate jakarta pusat,0.0523348793225414,0.0002229358146685682,0.1196847264795681,
2023-11-11,bundaran hotel indonesia,0.0533549238312261,0.000195443214314345,0.1213228980074065,-2.65e-05
2023-11-11,jagakarsa,0.0483178353628295,0.00013362872251843012,0.1206287373228581,-2.65e-05
2023-11-11,jalan bdn ii,0.0515886643128805,0.0001830898453500965,0.1221885254469914,0.0002124322082874736
2023-11-11,kebon jeruk,0.0533549238312261,0.000195443214314345,0.1213228980074065,-2.65e-05
2023-11-11,kelapa gading,0.048985877508348,0.0001247618644453479,0.1207958565964295,0.00027657255169481705
2023-11-11,komp angkasa pura jakarta pusat,0.048985877508348,0.0001247618644453479,0.1207958565964295,-2.65e-05
2023-11-11,lubang buaya,0.0526945701443982,0.00016828949870377458,0.1224980107889754,0.0002473587925191696
2023-11-11,us consulate jakarta pusat,0.048985877508348,0.0001247618644453479,0.1207958565964295,-2.65e-05
2023-11-12,bundaran hotel indonesia,0.0522992803558509,0.0001424850284046462,0.1227135994107738,0.00017134440849388502
2023-11-12,jagakarsa,0.0513736504806778,9.302243797163574e-05,0.1218707632041277,0.00017134440849388502
2023-11-12,jalan bdn ii,0.0452252267033837,0.00018362279580956984,0.120832516603421,-0.000214
2023-11-12,kebon jeruk,0.0522992803558509,0.0001424850284046462,0.1227135994107738,0.00017134440849388502
2023-11-12,kelapa gading,0.0511800735861522,9.620030632244216e-05,0.1216666287276885,0.00010709325697005412
2023-11-12,komp angkasa pura jakarta pusat,0.0511800735861522,9.620030632244216e-05,0.1216666287276885,0.00017134440849388502
2023-11-12,lubang buaya,0.0457337707547333,0.00016536384734740515,0.1210438907775848,0.00021436881283962692
2023-11-12,us consulate jakarta pusat,0.0511800735861522,9.620030632244216e-05,0.1216666287276885,0.00017134440849388502
2023-11-13,bundaran hotel indonesia,,,,0.0003108760916537415
2023-11-13,jagakarsa,,,,0.0003108760916537415
2023-11-13,kebon jeruk,,,,0.0003108760916537415
2023-11-13,kelapa gading,,8.915240597743593e-05,0.1171959144963162,9.79730570369468e-05
2023-11-13,komp angkasa pura jakarta pusat,,8.915240597743593e-05,0.1171959144963162,0.0003108760916537415
2023-11-13,lubang buaya,,,,-0.000311
2023-11-13,us consulate jakarta pusat,,8.915240597743593e-05,0.1171959144963162,0.0003108760916537415
2023-11-14,bundaran hotel indonesia,,0.00010137364939745354,0.1188209505834416,
2023-11-14,jagakarsa,,8.74235780144126e-05,0.1177885594848001,
2023-11-14,jalan bdn ii,,,0.1172209941882026,
2023-11-14,kebon jeruk,,0.00010137364939745354,0.1188209505834416,
2023-11-14,kelapa gading,,8.621111119189325e-05,0.1173097070730988,
2023-11-14,komp angkasa pura jakarta pusat,,8.621111119189325e-05,0.1173097070730988,
2023-11-14,lubang buaya,,,0.1177017698621292,
2023-11-14,us consulate jakarta pusat,,8.621111119189325e-05,0.1173097070730988,
2023-11-15,bundaran hotel indonesia,0.058670399793986,0.0003012230355857794,0.1183692093879895,-0.000685
2023-11-15,jagakarsa,0.0605843788087743,0.0002225947585644044,0.1184384174635012,-0.000685
2023-11-15,jalan bdn ii,0.0452228682497172,0.00015388201966841126,0.1175972265498301,
2023-11-15,kebon jeruk,0.058670399793986,0.0003012230355857794,0.1183692093879895,-0.000137
2023-11-15,kelapa gading,0.0527360845172902,0.00017400534774449357,0.1177798330608148,
2023-11-15,komp angkasa pura jakarta pusat,0.0527360845172902,0.00017400534774449357,0.1177798330608148,-0.000685
2023-11-15,lubang buaya,,0.00017240210316757333,0.1176758331048384,
2023-11-15,us consulate jakarta pusat,0.0527360845172902,0.00017400534774449357,0.1177798330608148,-0.000685
2023-11-16,bundaran hotel indonesia,0.0583238242960774,0.0002259606146094354,0.1204252642007799,-0.000253
2023-11-16,jagakarsa,0.0540711916302417,0.0001375412683994306,0.1199931560108685,-0.000253
2023-11-16,jalan bdn ii,0.0431461591299753,0.00022453275645288267,0.1211839908549906,-0.00032
2023-11-16,kebon jeruk,0.0583238242960774,0.0002259606146094354,0.1204252642007799,-0.000197
2023-11-16,kelapa gading,0.0454058082992072,0.00013470793736403776,0.119849890083558,-0.000153
2023-11-16,komp angkasa pura jakarta pusat,0.0454058082992072,0.00013470793736403776,0.119849890083558,-0.000253
2023-11-16,lubang buaya,0.0486864130061565,0.00022315991274863376,0.1211664438177562,-7.73e-05
2023-11-16,us consulate jakarta pusat,0.0454058082992072,0.00013470793736403776,0.119849890083558,-0.000253
2023-11-17,bundaran hotel indonesia,0.0553460869937766,0.0002151559872973389,0.1201105122147878,0.0002272810948570183
2023-11-17,jagakarsa,,0.00014725350724505834,0.1198413458779681,0.0002272810948570183
2023-11-17,jalan bdn ii,0.0474115108429789,0.0002833400501705063,0.121201104022123,
2023-11-17,kebon jeruk,0.0553460869937766,0.0002151559872973389,0.1201105122147878,0.0002272810948570183
2023-11-17,kelapa gading,,0.00013301280723834318,0.1207114497972665,-9.05e-05
2023-11-17,komp angkasa pura jakarta pusat,,0.00013301280723834318,0.1207114497972665,0.0002272810948570183
2023-11-17,lubang buaya,0.0458003249807632,0.0003225721282048643,0.1212305523966154,
2023-11-17,us consulate jakarta pusat,,0.00013301280723834318,0.1207114497972665,0.0002272810948570183
2023-11-18,bundaran hotel indonesia,0.0510869957720731,0.00019452272140501903,0.1182672000297712,0.00010761486020803703
2023-11-18,jagakarsa,0.0548613636726605,0.00013781424898071657,0.1184461141319171,0.00010761486020803703
2023-11-18,jalan bdn ii,0.0413559039959604,0.00011831093963066405,0.1163937588674232,
2023-11-18,kebon jeruk,0.0510869957720731,0.00019452272140501903,0.1182672000297712,0.00010761486020803703
2023-11-18,kelapa gading,0.0549015799864153,0.00015308321045325867,0.1194792019020589,0.00044035473018467255
2023-11-18,komp angkasa pura jakarta pusat,0.0549015799864153,0.00015308321045325867,0.1194792019020589,0.00010761486020803703
2023-11-18,lubang buaya,0.0433169850279307,0.0001184502483516804,0.1173496130278278,0.0005430677659523295
2023-11-18,us consulate jakarta pusat,0.0549015799864153,0.00015308321045325867,0.1194792019020589,0.00010761486020803703
2023-11-19,bundaran hotel indonesia,0.0475592446210035,0.0001409183026811379,0.1190630170152304,-0.00012
2023-11-19,jagakarsa,0.0487644755250691,0.00011473117070348616,0.1186922289234216,-0.00012
2023-11-19,jalan bdn ii,0.0408649653331686,0.00015911427866494642,0.1182866790130437,0.00017035138700655688
2023-11-19,kebon jeruk,0.0475592446210035,0.0001409183026811379,0.1190630170152304,0.00027582469258254587
2023-11-19,kelapa gading,0.0434269210566072,0.00012452079116920131,0.1190309529693394,-0.000209
2023-11-19,komp angkasa pura jakarta pusat,0.0434269210566072,0.00012452079116920131,0.1190309529693394,-0.00012
2023-11-19,lubang buaya,0.0403561102162049,0.00016728897398157568,0.1184686219479592,0.00023673320767596503
2023-11-19,us consulate jakarta pusat,0.0434269210566072,0.00012452079116920131,0.1190309529693394,-0.00012
2023-11-20,bundaran hotel indonesia,0.0400215933245522,0.0001522666650617947,0.1155862919341863,
2023-11-20,jagakarsa,0.0395277664600688,9.618771504546352e-05,0.1151857762284642,
2023-11-20,jalan bdn ii,,0.00019259165313917988,0.1163396310126825,
2023-11-20,kebon jeruk,0.0400215933245522,0.0001522666650617947,0.1155862919341863,
2023-11-20,kelapa gading,0.0387214586830061,0.0001127801331510574,0.1156414777583747,0.0004462925592128049
2023-11-20,komp angkasa pura jakarta pusat,0.0387214586830061,0.0001127801331510574,0.1156414777583747,
2023-11-20,lubang buaya,0.04337926975368,0.00021316279822784225,0.1164182224384184,
2023-11-20,us consulate jakarta pusat,0.0387214586830061,0.0001127801331510574,0.1156414777583747,
2023-11-21,bundaran hotel indonesia,0.0474213781763772,0.00023213770825128137,0.1201195677772239,0.0002152768420082284
2023-11-21,jagakarsa,0.0472496742629416,0.00013611111449926617,0.1203466707410272,0.0002152768420082284
2023-11-21,jalan bdn ii,0.0448528149040521,0.00023546292103326724,0.1203747117389774,
2023-11-21,kebon jeruk,0.0474213781763772,0.00023213770825128137,0.1201195677772239,-0.000261
2023-11-21,kelapa gading,0.0436217551526698,0.00013748761654884005,0.1197372157279872,-0.000287
2023-11-21,komp angkasa pura jakarta pusat,0.0436217551526698,0.00013748761654884005,0.1197372157279872,0.0002152768420082284
2023-11-21,lubang buaya,0.0344520282701274,0.0002374636050755156,0.120012245648472,
2023-11-21,us consulate jakarta pusat,0.0436217551526698,0.00013748761654884005,0.1197372157279872,0.0002152768420082284
2023-11-22,bundaran hotel indonesia,0.0531230747826773,0.0002281719025946337,0.1199785460536545,-8.36e-05
2023-11-22,jagakarsa,0.0471116703843287,0.00015932059864582783,0.1191647939878272,-8.36e-05
2023-11-22,jalan bdn ii,0.0424084183162511,0.00016138099839628064,0.1194334029290739,0.00014918774518123232
2023-11-22,kebon jeruk,0.0531230747826773,0.0002281719025946337,0.1199785460536545,-8.36e-05
2023-11-22,kelapa gading,0.0487035242680592,0.0001804470622796245,0.1195721629676578,-0.000136
2023-11-22,komp angkasa pura jakarta pusat,0.0487035242680592,0.0001804470622796245,0.1195721629676578,-8.36e-05
2023-11-22,lubang buaya,0.0513964636193525,0.00018698813743988043,0.1195328088833362,0.00017535070558813093
2023-11-22,us consulate jakarta pusat,0.0487035242680592,0.0001804470622796245,0.1195721629676578,-8.36e-05
2023-11-23,bundaran hotel indonesia,,0.00015332480609305538,0.1177019744403806,
2023-11-23,jagakarsa,,0.00014202726214347834,0.1180647207608446,
2023-11-23,jalan bdn ii,,0.00016999754800282947,0.1185584806929091,
2023-11-23,kebon jeruk,,0.00015332480609305538,0.1177019744403806,
2023-11-23,kelapa gading,,0.0001307534173006652,0.1179379836657691,
2023-11-23,komp angkasa pura jakarta pusat,,0.0001307534173006652,0.1179379836657691,
2023-11-23,lubang buaya,,0.0001570387074345701,0.1183127471898223,
2023-11-23,us consulate jakarta pusat,,0.0001307534173006652,0.1179379836657691,
2023-11-25,bundaran hotel indonesia,,,0.119060092675419,
2023-11-25,jagakarsa,,0.00017404255055532812,0.1189512465032372,
2023-11-25,jalan bdn ii,,0.0001898998711618385,0.1194469801393888,
2023-11-25,kebon jeruk,,,0.119060092675419,
2023-11-25,kelapa gading,,0.00017075660601316076,0.118534689497795,
2023-11-25,komp angkasa pura jakarta pusat,,0.00017075660601316076,0.118534689497795,
2023-11-25,lubang buaya,,0.00018493273207057008,0.1189522071346462,
2023-11-25,us consulate jakarta pusat,,0.00017075660601316076,0.118534689497795,
2023-11-26,bundaran hotel indonesia,0.0503808563985962,0.0001910781620071593,0.1188344328269844,-5.91e-05
2023-11-26,jagakarsa,0.0487663075184211,0.00013168413410751063,0.1185170682948783,-5.91e-05
2023-11-26,jalan bdn ii,0.041206704560136,0.00010423471405084168,0.1177853094338205,8.562579286410581e-05
2023-11-26,kebon jeruk,0.0503808563985962,0.0001910781620071593,0.1188344328269844,-0.000207
2023-11-26,kelapa gading,0.0415352097647257,0.00011337826976080618,0.1182202238404659,-0.000255
2023-11-26,komp angkasa pura jakarta pusat,0.0415352097647257,0.00011337826976080618,0.1182202238404659,-5.91e-05
2023-11-26,lubang buaya,0.0405960044753419,0.00010780361172890712,0.1182457219236269,-0.00029
2023-11-26,us consulate jakarta pusat,0.0415352097647257,0.00011337826976080618,0.1182202238404659,-5.91e-05
2023-11-27,bundaran hotel indonesia,,,0.1166324785653736,
2023-11-27,jagakarsa,,,0.1166901851346584,
2023-11-27,jalan bdn ii,,,0.1176768060539137,
2023-11-27,kebon jeruk,,,0.1166324785653736,
2023-11-27,kelapa gading,,,0.116682571287011,
2023-11-27,komp angkasa pura jakarta pusat,,,0.116682571287011,
2023-11-27,lubang buaya,,,0.1170096233772208,
2023-11-27,us consulate jakarta pusat,,,0.116682571287011,
2023-11-28,bundaran hotel indonesia,,0.0001616793916943272,0.1161953843058942,
2023-11-28,jagakarsa,,0.0001171798420985629,0.1157703058602115,
2023-11-28,jalan bdn ii,,0.0002140962792886048,0.1161430499052881,
2023-11-28,kebon jeruk,,0.0001616793916943272,0.1161953843058942,
2023-11-28,kelapa gading,,0.00011119004976468736,0.1152617042847572,0.0004834867585974328
2023-11-28,komp angkasa pura jakarta pusat,,0.00011119004976468736,0.1152617042847572,
2023-11-28,lubang buaya,,0.00017710518534951814,0.1163165073437903,
2023-11-28,us consulate jakarta pusat,,0.00011119004976468736,0.1152617042847572,
2023-11-29,kelapa gading,,,0.1187892168293412,-0.000257
2023-11-29,komp angkasa pura jakarta pusat,,,0.1187892168293412,
2023-11-29,lubang buaya,,,0.1194000246295752,0.0003943207934829937
2023-11-29,us consulate jakarta pusat,,,0.1187892168293412,
2023-11-30,bundaran hotel indonesia,0.0500808808159441,0.0001304161350828208,0.117009310109737,-0.000488
2023-11-30,jagakarsa,,0.0001248696335063237,0.1164273880326391,-0.000488
2023-11-30,jalan bdn ii,0.0442174696634076,0.00010734287045163098,0.1181589357911085,-0.000188
2023-11-30,kebon jeruk,0.0500808808159441,0.0001304161350828208,0.117009310109737,-0.000221
2023-11-30,kelapa gading,,0.00017770639823556477,0.1160371229949765,-0.00037
2023-11-30,komp angkasa pura jakarta pusat,,0.00017770639823556477,0.1160371229949765,-0.000488
2023-11-30,lubang buaya,0.0466760138900526,0.00013173607515469226,0.1189128933821941,-0.000191
2023-11-30,us consulate jakarta pusat,,0.00017770639823556477,0.1160371229949765,-0.000488
2023-12-01,bundaran hotel indonesia,,,0.1170796833448146,
2023-12-01,jagakarsa,,,0.1172829501778618,
2023-12-01,jalan bdn ii,,,0.1179910461862159,
2023-12-01,kebon jeruk,,,0.1170796833448146,
2023-12-01,kelapa gading,,,0.1169977199508856,
2023-12-01,komp angkasa pura jakarta pusat,,,0.1169977199508856,
2023-12-01,lubang buaya,,,0.1181315946924775,
2023-12-01,us consulate jakarta pusat,,,0.1169977199508856,
2023-12-02,bundaran hotel indonesia,0.0418735941241218,0.0001838369462824571,0.1174656199001723,-1.72e-05
2023-12-02,jagakarsa,0.0415713462730357,0.00011451481168197898,0.1171693460722403,-1.72e-05
2023-12-02,jalan bdn ii,0.0428996119425172,0.00018033367771127915,0.1177067376617964,-0.000368
2023-12-02,kebon jeruk,0.0418735941241218,0.0001838369462824571,0.1174656199001723,-1.72e-05
2023-12-02,kelapa gading,0.0409187617695023,0.00012433189307681518,0.1171829048591704,-0.000113
2023-12-02,komp angkasa pura jakarta pusat,0.0409187617695023,0.00012433189307681518,0.1171829048591704,-1.72e-05
2023-12-02,lubang buaya,0.0429934682276932,0.00015481049842395068,0.1173808592245684,-0.000531
2023-12-02,us consulate jakarta pusat,0.0409187617695023,0.00012433189307681518,0.1171829048591704,-1.72e-05
2023-12-03,bundaran hotel indonesia,,0.00022352091617354805,0.1181299495046736,
2023-12-03,jagakarsa,,0.00017335190990470204,0.1177323699732676,
2023-12-03,jalan bdn ii,,0.0001678395190660905,0.1181938698181047,
2023-12-03,kebon jeruk,,0.00022352091617354805,0.1181299495046736,
2023-12-03,kelapa gading,,0.0001678106559800891,0.1183737202382138,
2023-12-03,komp angkasa pura jakarta pusat,,0.0001678106559800891,0.1183737202382138,
2023-12-03,lubang buaya,,0.0001775902576947711,0.1182809208508965,
2023-12-03,us consulate jakarta pusat,,0.0001678106559800891,0.1183737202382138,
2023-12-04,bundaran hotel indonesia,,,0.1159917311106877,
2023-12-04,jagakarsa,,,0.1165888822078886,
2023-12-04,jalan bdn ii,,,0.1162280110541155,
2023-12-04,kebon jeruk,,,0.1159917311106877,
2023-12-04,kelapa gading,,,0.116700311341753,
2023-12-04,komp angkasa pura jakarta pusat,,,0.116700311341753,
2023-12-04,lubang buaya,,,0.1166207424344049,
2023-12-04,us consulate jakarta pusat,,,0.116700311341753,
2023-12-05,bundaran hotel indonesia,0.0351354628867604,0.0001699641154676108,0.1178978192915607,
2023-12-05,jagakarsa,,0.00011651446491828588,0.1172201240861646,
2023-12-05,jalan bdn ii,0.0331645655902679,0.00013896749877795764,0.1173134701836692,
2023-12-05,kebon jeruk,0.0351354628867604,0.0001699641154676108,0.1178978192915607,
2023-12-05,kelapa gading,,0.00011912107145567565,0.1170854367795573,
2023-12-05,komp angkasa pura jakarta pusat,,0.00011912107145567565,0.1170854367795573,
2023-12-05,lubang buaya,0.0330670921785315,0.00012724163465707364,0.1173442499926104,
2023-12-05,us consulate jakarta pusat,,0.00011912107145567565,0.1170854367795573,
2023-12-06,bundaran hotel indonesia,0.0486663380530433,0.0001716416834509041,0.1198691261686404,-8.55e-05
2023-12-06,jagakarsa,0.0477444066137327,0.00011972515820540076,0.1199404153644314,-8.55e-05
2023-12-06,jalan bdn ii,0.0351564141681016,0.0002357956166686985,0.1190456590258154,0.001215653863328
2023-12-06,kebon jeruk,0.0486663380530433,0.0001716416834509041,0.1198691261686404,0.0004856276039547887
2023-12-06,kelapa gading,0.0457189963326794,0.0001462744128549479,0.1192899397925827,0.00022668726842894297
2023-12-06,komp angkasa pura jakarta pusat,0.0457189963326794,0.0001462744128549479,0.1192899397925827,-8.55e-05
2023-12-06,lubang buaya,,0.0003451025231151835,0.1185538594643,
2023-12-06,us consulate jakarta pusat,0.0457189963326794,0.0001462744128549479,0.1192899397925827,-8.55e-05
2023-12-07,bundaran hotel indonesia,0.0555823257896868,0.00023016219183017355,0.1165127852778211,-0.000287
2023-12-07,jagakarsa,0.0445197075094473,0.0002358530698479641,0.116774852894696,-0.000287
2023-12-07,jalan bdn ii,0.0479982491023591,0.0001597498774330792,0.1166223287183752,0.0004048543811197297
2023-12-07,kebon jeruk,0.0555823257896868,0.00023016219183017355,0.1165127852778211,0.00019332804619059585
2023-12-07,kelapa gading,0.0496383533439026,0.0002826937968311086,0.1165035873831626,-0.000129
2023-12-07,komp angkasa pura jakarta pusat,0.0496383533439026,0.0002826937968311086,0.1165035873831626,-0.000287
2023-12-07,lubang buaya,0.0482437703235725,0.00017747140451180915,0.1171433055491795,-0.000178
2023-12-07,us consulate jakarta pusat,0.0496383533439026,0.0002826937968311086,0.1165035873831626,-0.000287
2023-12-08,bundaran hotel indonesia,0.0374019491085226,0.0002743267568913225,0.1164282276061328,
2023-12-08,jagakarsa,0.0381642503513489,0.00018146173352085224,0.1162448302206437,
2023-12-08,jalan bdn ii,,0.00025712863366327893,0.1149572325059815,
2023-12-08,kebon jeruk,0.0374019491085226,0.0002743267568913225,0.1164282276061328,
2023-12-08,kelapa gading,0.0409486370810191,0.00021795203195172167,0.1157097460794885,
2023-12-08,komp angkasa pura jakarta pusat,0.0409486370810191,0.00021795203195172167,0.1157097460794885,
2023-12-08,lubang buaya,,0.0002786891115510363,0.1156715281321243,
2023-12-08,us consulate jakarta pusat,0.0409486370810191,0.00021795203195172167,0.1157097460794885,
2023-12-09,bundaran hotel indonesia,,0.00010578047090551792,0.1144392594683577,
2023-12-09,jagakarsa,,0.00012262685826100982,0.1152340129459298,
2023-12-09,jalan bdn ii,,0.00014561747352499226,0.1151865880770377,
2023-12-09,kebon jeruk,,0.00010578047090551792,0.1144392594683577,
2023-12-09,kelapa gading,,4.659519016215092e-05,0.114480210086944,
2023-12-09,komp angkasa pura jakarta pusat,,4.659519016215092e-05,0.114480210086944,
2023-12-09,lubang buaya,,0.00014154501460686566,0.1153785773338458,
2023-12-09,us consulate jakarta pusat,,4.659519016215092e-05,0.114480210086944,
2023-12-10,bundaran hotel indonesia,,0.00018519271360589184,0.1159454617453247,
2023-12-10,jagakarsa,,0.00018952024494346144,0.1155900950272354,
2023-12-10,jalan bdn ii,,0.00011497912315880336,0.1157726046076966,
2023-12-10,kebon jeruk,,0.00018519271360589184,0.1159454617453247,
2023-12-10,kelapa gading,,0.00016984798928342668,0.1161221722899599,
2023-12-10,komp angkasa pura jakarta pusat,,0.00016984798928342668,0.1161221722899599,
2023-12-10,lubang buaya,,0.00012359730718161787,0.116020583121357,
2023-12-10,us consulate jakarta pusat,,0.00016984798928342668,0.1161221722899599,
2023-12-11,bundaran hotel indonesia,0.0410682744951976,0.00015619916048661246,0.1190619317930721,-8.83e-05
2023-12-11,jagakarsa,0.0442585130877372,0.0001186891671942076,0.1196366699537478,-8.83e-05
2023-12-11,jalan bdn ii,0.0337175916309982,0.00010133721245142522,0.1181214057658249,
2023-12-11,kebon jeruk,0.0410682744951976,0.00015619916048661246,0.1190619317930721,
2023-12-11,kelapa gading,0.0458067441464393,0.00013085153383660589,0.1200699902550608,-0.000537
2023-12-11,komp angkasa pura jakarta pusat,0.0458067441464393,0.00013085153383660589,0.1200699902550608,-8.83e-05
2023-12-11,lubang buaya,,0.000159541264878583,0.119697228093415,
2023-12-11,us consulate jakarta pusat,0.0458067441464393,0.00013085153383660589,0.1200699902550608,-8.83e-05
2023-12-12,bundaran hotel indonesia,0.0430049414948905,0.00015638323836506234,0.119737075727738,-0.000163
2023-12-12,jagakarsa,0.0440761588645263,0.0001318333608892573,0.1194196361589942,-0.000163
2023-12-12,jalan bdn ii,0.0356934753097741,0.00010598393446386016,0.1195528018043899,-4.6e-05
2023-12-12,kebon jeruk,0.0430049414948905,0.00015638323836506234,0.119737075727738,-0.00026
2023-12-12,kelapa gading,0.0423432795604079,0.00016670123632621904,0.1209822537564344,0.0003393093128829947
2023-12-12,komp angkasa pura jakarta pusat,0.0423432795604079,0.00016670123632621904,0.1209822537564344,-0.000163
2023-12-12,lubang buaya,0.0328366202166224,0.00014854667542922847,0.1202373742474841,
2023-12-12,us consulate jakarta pusat,0.0423432795604079,0.00016670123632621904,0.1209822537564344,-0.000163
2023-12-13,bundaran hotel indonesia,0.0425124206946396,0.00017498303461658008,0.1181132860724277,-6.49e-06
2023-12-13,jagakarsa,0.0413971091438022,0.00012344133333162013,0.1188466376518275,-6.49e-06
2023-12-13,jalan bdn ii,0.040205528940574,0.00011171530781058904,0.1176175173915203,0.0004197268544129473
2023-12-13,kebon jeruk,0.0425124206946396,0.00017498303461658008,0.1181132860724277,-6.49e-06
2023-12-13,kelapa gading,,0.00014632582647584844,0.1187833017450299,-0.00017
2023-12-13,komp angkasa pura jakarta pusat,,0.00014632582647584844,0.1187833017450299,-6.49e-06
2023-12-13,lubang buaya,0.0394598228147375,0.00016339806151364616,0.1176360845248879,
2023-12-13,us consulate jakarta pusat,,0.00014632582647584844,0.1187833017450299,-6.49e-06
2023-12-14,bundaran hotel indonesia,0.0420380681635164,0.00023776542317836792,0.1179730037632391,5.1724405273074345e-05
2023-12-14,jagakarsa,0.0480412547722424,0.00014589050605493732,0.1186210148656235,5.1724405273074345e-05
2023-12-14,jalan bdn ii,0.0363753720326909,9.86017356227032e-05,0.1173377852366221,2.6286244744490935e-05
2023-12-14,kebon jeruk,0.0420380681635164,0.00023776542317836792,0.1179730037632391,5.1724405273074345e-05
2023-12-14,kelapa gading,0.0494776136372789,0.0002471958440876692,0.1182325083749738,0.00028634953002680324
2023-12-14,komp angkasa pura jakarta pusat,0.0494776136372789,0.0002471958440876692,0.1182325083749738,5.1724405273074345e-05
2023-12-14,lubang buaya,0.0350558790025758,0.00011421050444582834,0.1174333460969337,
2023-12-14,us consulate jakarta pusat,0.0494776136372789,0.0002471958440876692,0.1182325083749738,5.1724405273074345e-05
2023-12-15,lubang buaya,,,,-0.000616
2023-12-16,bundaran hotel indonesia,0.0431286079953055,0.00014095819815057776,0.1156149001432489,0.0004656281822163908
2023-12-16,jagakarsa,0.0395227572191365,0.00011417853281420509,0.1154443121606174,0.0004656281822163908
2023-12-16,jalan bdn ii,0.0359959934759984,8.440340970892207e-05,0.1156707783737414,-0.00025
2023-12-16,kebon jeruk,0.0431286079953055,0.00014095819815057776,0.1156149001432489,0.0003615564175524891
2023-12-16,kelapa gading,0.040407652624627,0.00011847007694536398,0.1158880771227649,0.00019055491931589585
2023-12-16,komp angkasa pura jakarta pusat,0.040407652624627,0.00011847007694536398,0.1158880771227649,0.0004656281822163908
2023-12-16,lubang buaya,0.035603663990486,9.556740149401578e-05,0.1155085503505137,0.0003098233957080716
2023-12-16,us consulate jakarta pusat,0.040407652624627,0.00011847007694536398,0.1158880771227649,0.0004656281822163908
2023-12-17,bundaran hotel indonesia,0.0305867556121341,0.00010393298340845271,0.1152499441628776,-9.4e-05
2023-12-17,jagakarsa,0.0333616358418589,0.00010771173925185853,0.1161701856351769,-9.4e-05
2023-12-17,jalan bdn ii,0.0296058726912654,7.821859030777776e-05,0.1154675886759875,-5.42e-05
2023-12-17,kebon jeruk,0.0305867556121341,0.00010393298340845271,0.1152499441628776,0.00015582304202483403
2023-12-17,kelapa gading,0.0376819312164232,0.00012119708863104484,0.1159772160299807,-4.44e-05
2023-12-17,komp angkasa pura jakarta pusat,0.0376819312164232,0.00012119708863104484,0.1159772160299807,-9.4e-05
2023-12-17,lubang buaya,0.0329760034599147,8.240158062311598e-05,0.1163866592065957,8.521775705753467e-05
2023-12-17,us consulate jakarta pusat,0.0376819312164232,0.00012119708863104484,0.1159772160299807,-9.4e-05
2023-12-18,bundaran hotel indonesia,0.0352096703552439,0.00012575791673271672,0.1152228839419783,-0.000163
2023-12-18,jagakarsa,0.0385903840111434,0.00012435226572641154,0.1154614734944426,-0.000163
2023-12-18,jalan bdn ii,0.0348551639615248,8.33733745601266e-05,0.115453553604248,0.00012068524076870815
2023-12-18,kebon jeruk,0.0352096703552439,0.00012575791673271672,0.1152228839419783,-0.000163
2023-12-18,kelapa gading,0.0391452792668168,0.00014472353903412292,0.1154041657229121,0.00010054829064195926
2023-12-18,komp angkasa pura jakarta pusat,0.0391452792668168,0.00014472353903412292,0.1154041657229121,-0.000163
2023-12-18,lubang buaya,0.0381995560612347,9.108214573374112e-05,0.1150977808638341,-0.0002
2023-12-18,us consulate jakarta pusat,0.0391452792668168,0.00014472353903412292,0.1154041657229121,-0.000163
2023-12-19,bundaran hotel indonesia,0.0345622756135336,0.00013591465379614754,0.1163458204375735,4.926735918746186e-05
2023-12-19,jagakarsa,0.0362874678628936,0.00013700031702116425,0.1154419455274201,4.926735918746186e-05
2023-12-19,jalan bdn ii,0.0318551283110602,9.718181469289462e-05,0.1161179691034612,-1.92e-05
2023-12-19,kebon jeruk,0.0345622756135336,0.00013591465379614754,0.1163458204375735,4.926735918746186e-05
2023-12-19,kelapa gading,0.0362874677825157,0.0001647045774344448,0.1156184208058458,-0.000565
2023-12-19,komp angkasa pura jakarta pusat,0.0362874677825157,0.0001647045774344448,0.1156184208058458,4.926735918746186e-05
2023-12-19,lubang buaya,0.0312798039395743,0.00012013346866342037,0.1161594149191312,
2023-12-19,us consulate jakarta pusat,0.0362874677825157,0.0001647045774344448,0.1156184208058458,4.926735918746186e-05
2023-12-20,bundaran hotel indonesia,0.0364750517585394,0.0001511751060818419,0.1159664769518081,-0.000154
2023-12-20,jagakarsa,0.0363757834071468,0.0001345256015654668,0.1156874292960819,0.0002053745081695164
2023-12-20,jalan bdn ii,0.0338102981553547,8.897816813782716e-05,0.1149830980567956,-0.00048
2023-12-20,kebon jeruk,0.0364750517585394,0.0001511751060818419,0.1159664769518081,-0.000154
2023-12-20,kelapa gading,0.037361611599026,0.0001448595935397004,0.1153245863963446,-0.000133
2023-12-20,komp angkasa pura jakarta pusat,0.037361611599026,0.0001448595935397004,0.1153245863963446,0.0002053745081695164
2023-12-20,lubang buaya,0.033927341263911,9.673714351369497e-05,0.1163194196653291,0.0002949335297632353
2023-12-20,us consulate jakarta pusat,0.037361611599026,0.0001448595935397004,0.1153245863963446,0.0002053745081695164
2023-12-21,bundaran hotel indonesia,0.0367077759064915,0.0001317351240996218,0.1154946491550892,0.0005837125445288408
2023-12-21,jagakarsa,0.0356439317544833,0.0001025427531632431,0.1151465186612076,0.0005837125445288408
2023-12-21,jalan bdn ii,0.0331375016125111,7.702206289275392e-05,0.1151499053472417,-0.000337
2023-12-21,kebon jeruk,0.0367077759064915,0.0001317351240996218,0.1154946491550892,-9.44e-05
2023-12-21,kelapa gading,0.0358156184123099,0.0001079670446890161,0.1152230598742196,-0.000136
2023-12-21,komp angkasa pura jakarta pusat,0.0358156184123099,0.0001079670446890161,0.1152230598742196,0.0005837125445288408
2023-12-21,lubang buaya,0.0359868710614585,0.00012131166945862384,0.1147845231818642,-0.000465
2023-12-21,us consulate jakarta pusat,0.0358156184123099,0.0001079670446890161,0.1152230598742196,0.0005837125445288408
2023-12-22,bundaran hotel indonesia,0.0334563806510844,0.00012476220007033473,0.1130505422949935,
2023-12-22,jagakarsa,0.031738582954878,0.00012270011831899214,0.1137609006450635,
2023-12-22,jalan bdn ii,0.0330530851182253,9.203838846265296e-05,0.1126482379136338,
2023-12-22,kebon jeruk,0.0334563806510844,0.00012476220007033473,0.1130505422949935,
2023-12-22,kelapa gading,0.0355727039526005,0.0001120259435366228,0.1131209202059689,
2023-12-22,komp angkasa pura jakarta pusat,0.0355727039526005,0.0001120259435366228,0.1131209202059689,
2023-12-22,lubang buaya,0.0361318445616879,0.00010603217071669578,0.1132927678681455,
2023-12-22,us consulate jakarta pusat,0.0355727039526005,0.0001120259435366228,0.1131209202059689,
2023-12-23,bundaran hotel indonesia,0.0441366271370585,0.0001905264735081453,0.1141939659338192,-0.000367
2023-12-23,jagakarsa,0.0406384209106783,0.0001502886094447082,0.1140862764009029,-0.000367
2023-12-23,jalan bdn ii,0.0356031298364387,0.00012840191073877893,0.1130683681496033,
2023-12-23,kebon jeruk,0.0441366271370585,0.0001905264735081453,0.1141939659338192,-0.000367
2023-12-23,kelapa gading,0.0508234058420994,0.00016310105231039793,0.114661656578083,-0.000237
2023-12-23,komp angkasa pura jakarta pusat,0.0508234058420994,0.00016310105231039793,0.114661656578083,-0.000367
2023-12-23,lubang buaya,0.041005510502504,0.00022854989391933635,0.1141058099898503,
2023-12-23,us consulate jakarta pusat,0.0508234058420994,0.00016310105231039793,0.114661656578083,-0.000367
2023-12-24,bundaran hotel indonesia,0.0457737138737701,0.00012908478522594512,0.1171529915615034,-0.000246
2023-12-24,jagakarsa,0.0422853470965431,9.09500189555194e-05,0.1168057088403048,-0.000246
2023-12-24,jalan bdn ii,0.0415012851236015,0.00019590381364307643,0.116900863614766,
2023-12-24,kebon jeruk,0.0457737138737701,0.00012908478522594512,0.1171529915615034,-0.000246
2023-12-24,kelapa gading,0.0430946153184703,9.086111630400428e-05,0.1163836703887434,-8.3e-05
2023-12-24,komp angkasa pura jakarta pusat,0.0430946153184703,9.086111630400428e-05,0.1163836703887434,-0.000246
2023-12-24,lubang buaya,0.0384400021057637,0.0001960762365761812,0.1170059066183305,
2023-12-24,us consulate jakarta pusat,0.0430946153184703,9.086111630400428e-05,0.1163836703887434,-0.000246
2023-12-25,bundaran hotel indonesia,,0.0001214602366258486,0.1168839015399514,
2023-12-25,jagakarsa,,9.836385294097732e-05,0.1169621735396575,
2023-12-25,jalan bdn ii,,0.00018054143435333148,0.1164812112146637,
2023-12-25,kebon jeruk,,0.0001214602366258486,0.1168839015399514,
2023-12-25,kelapa gading,,9.537862577151025e-05,0.1169030028114594,
2023-12-25,komp angkasa pura jakarta pusat,,9.537862577151025e-05,0.1169030028114594,
2023-12-25,lubang buaya,,0.00018971150454891877,0.1171334980379,
2023-12-25,us consulate jakarta pusat,,9.537862577151025e-05,0.1169030028114594,
2023-12-26,bundaran hotel indonesia,,8.154804010004915e-05,0.1127139895025034,
2023-12-26,jagakarsa,,6.330517834858824e-05,0.1127337677862475,
2023-12-26,jalan bdn ii,,0.0001149259168499389,0.1139961813213772,
2023-12-26,kebon jeruk,,8.154804010004915e-05,0.1127139895025034,
2023-12-26,kelapa gading,,5.94152612975004e-05,0.1129561822326912,
2023-12-26,komp angkasa pura jakarta pusat,,5.94152612975004e-05,0.1129561822326912,
2023-12-26,lubang buaya,,8.805896902459455e-05,0.1137234178290105,
2023-12-26,us consulate jakarta pusat,,5.94152612975004e-05,0.1129561822326912,
2023-12-27,bundaran hotel indonesia,0.043480279051672,0.00016949476146913643,0.1136357867721047,
2023-12-27,jagakarsa,0.0450946939550049,0.00012869645472180728,0.1138193978480679,
2023-12-27,jalan bdn ii,0.0376811977055891,0.00014403705749209216,0.1130538254598273,
2023-12-27,kebon jeruk,0.043480279051672,0.00016949476146913643,0.1136357867721047,
2023-12-27,kelapa gading,0.0449054777534114,0.00014883848611665318,0.1141599444894779,
2023-12-27,komp angkasa pura jakarta pusat,0.0449054777534114,0.00014883848611665318,0.1141599444894779,
2023-12-27,lubang buaya,0.0372081174979161,0.00018916157727365311,0.1141453666350019,
2023-12-27,us consulate jakarta pusat,0.0449054777534114,0.00014883848611665318,0.1141599444894779,
2023-12-28,bundaran hotel indonesia,0.0437286701436626,0.00017124709668861322,0.1141727713423347,0.0003798420079774744
2023-12-28,jagakarsa,0.0438731905798601,0.000113196291719083,0.1138896072876396,0.0003798420079774744
2023-12-28,jalan bdn ii,0.0427400241685064,0.00016663575100805432,0.1134457146498256,0.00031399568666656315
2023-12-28,kebon jeruk,0.0437286701436626,0.00017124709668861322,0.1141727713423347,0.0001021608304585421
2023-12-28,kelapa gading,0.0398775113753031,0.0001166925609835254,0.1142728153156664,
2023-12-28,komp angkasa pura jakarta pusat,0.0398775113753031,0.0001166925609835254,0.1142728153156664,0.0003798420079774744
2023-12-28,lubang buaya,0.038134226685698,0.00013684684796222643,0.1135502169740893,
2023-12-28,us consulate jakarta pusat,0.0398775113753031,0.0001166925609835254,0.1142728153156664,0.0003798420079774744
2023-12-29,bundaran hotel indonesia,0.0362042800291692,0.00014211823310235054,0.1145252990725668,-2.86e-05
2023-12-29,jagakarsa,0.0382998928592671,0.0001086221405396194,0.114264086380336,-2.86e-05
2023-12-29,jalan bdn ii,0.0341606117911371,0.00015085858186659925,0.1145858975195932,
2023-12-29,kebon jeruk,0.0362042800291692,0.00014211823310235054,0.1145252990725668,-2.86e-05
2023-12-29,kelapa gading,0.0319462547819853,0.00011905043840827932,0.1137916600486758,-0.000251
2023-12-29,komp angkasa pura jakarta pusat,0.0319462547819853,0.00011905043840827932,0.1137916600486758,-2.86e-05
2023-12-29,lubang buaya,0.0333048079211072,0.0001326868556854855,0.1143647087143923,-0.000264
2023-12-29,us consulate jakarta pusat,0.0319462547819853,0.00011905043840827932,0.1137916600486758,-2.86e-05
2023-12-30,bundaran hotel indonesia,,0.00018316227255387585,0.1166067077647046,
2023-12-30,jagakarsa,,0.00010986350105140866,0.114405507678994,
2023-12-30,jalan bdn ii,0.0306057278491095,0.00020960318126213412,0.1154180024131958,
2023-12-30,kebon jeruk,,0.00018316227255387585,0.1166067077647046,
2023-12-30,kelapa gading,,0.0001272960859751485,0.1156183412880682,
2023-12-30,komp angkasa pura jakarta pusat,,0.0001272960859751485,0.1156183412880682,
2023-12-30,lubang buaya,0.0306057279635144,0.0002053244192707393,0.1145452079073562,
2023-12-30,us consulate jakarta pusat,,0.0001272960859751485,0.1156183412880682,
2024-01-02,bundaran hotel indonesia,,0.00017899392816899412,0.1138366104961306,
2024-01-02,jagakarsa,,0.00013239552014638882,0.113181897145178,
2024-01-02,jalan bdn ii,0.0402615558001543,0.00022588130162291896,0.113419672449631,
2024-01-02,kebon jeruk,,0.00017899392816899412,0.1138366104961306,
2024-01-02,kelapa gading,0.0341335236393923,0.00012574924681704432,0.1135944969672213,
2024-01-02,komp angkasa pura jakarta pusat,0.0341335236393923,0.00012574924681704432,0.1135944969672213,
2024-01-02,lubang buaya,,0.00019933951860581,0.1129598141253105,
2024-01-02,us consulate jakarta pusat,0.0341335236393923,0.00012574924681704432,0.1135944969672213,
2024-01-03,bundaran hotel indonesia,,0.00028140415097917986,0.1156473684046999,
2024-01-03,jagakarsa,,,0.1148972814616877,
2024-01-03,jalan bdn ii,,,0.1147804486324339,
2024-01-03,kebon jeruk,,0.00028140415097917986,0.1156473684046999,
2024-01-03,kelapa gading,,0.0002760728958149284,0.114293449557243,
2024-01-03,komp angkasa pura jakarta pusat,,0.0002760728958149284,0.114293449557243,
2024-01-03,lubang buaya,,,0.1150338904435837,
2024-01-03,us consulate jakarta pusat,,0.0002760728958149284,0.114293449557243,
2024-01-04,bundaran hotel indonesia,,,0.1119132460722471,
2024-01-04,jagakarsa,,,0.1117588341588644,
2024-01-04,jalan bdn ii,,,0.1135088865280691,
2024-01-04,kebon jeruk,,,0.1119132460722471,
2024-01-04,kelapa gading,,,0.111683113018468,
2024-01-04,komp angkasa pura jakarta pusat,,,0.111683113018468,
2024-01-04,lubang buaya,,,0.113353087791049,
2024-01-04,us consulate jakarta pusat,,,0.111683113018468,
2024-01-05,bundaran hotel indonesia,0.0271903788407784,0.00010909250327932307,0.1109409702556304,0.0006593175268805088
2024-01-05,jagakarsa,0.0281941034806791,6.964118178410416e-05,0.1108324012858905,0.0006593175268805088
2024-01-05,jalan bdn ii,0.0288841777860503,0.00013144210979674622,0.1107495389656933,
2024-01-05,kebon jeruk,0.0271903788407784,0.00010909250327932307,0.1109409702556304,0.0006593175268805088
2024-01-05,kelapa gading,0.0286542070121754,7.017580221591213e-05,0.1109053763277136,-0.000552
2024-01-05,komp angkasa pura jakarta pusat,0.0286542070121754,7.017580221591213e-05,0.1109053763277136,0.0006593175268805088
2024-01-05,lubang buaya,0.0291465442472486,0.00015207372008534364,0.11085700760518,
2024-01-05,us consulate jakarta pusat,0.0286542070121754,7.017580221591213e-05,0.1109053763277136,0.0006593175268805088
2024-01-06,bundaran hotel indonesia,0.0328297014674102,0.0001488994664729383,0.1121788136189719,
2024-01-06,jagakarsa,,0.00011816537714786045,0.1119099557342329,
2024-01-06,jalan bdn ii,0.0304898040616891,0.0001149863063225026,0.1118702333783518,
2024-01-06,kebon jeruk,0.0328297014674102,0.0001488994664729383,0.1121788136189719,
2024-01-06,kelapa gading,,0.00011958980572005908,0.1120877682505482,
2024-01-06,komp angkasa pura jakarta pusat,,0.00011958980572005908,0.1120877682505482,
2024-01-06,lubang buaya,0.0318450369560211,0.00013784900582656883,0.1107134059204391,
2024-01-06,us consulate jakarta pusat,,0.00011958980572005908,0.1120877682505482,
2024-01-07,bundaran hotel indonesia,,0.00017789651270266928,0.113150914588379,
2024-01-07,jagakarsa,,0.0001272103238169963,0.1121338888656822,
2024-01-07,jalan bdn ii,,,0.1117203663103011,
2024-01-07,kebon jeruk,,0.00017789651270266928,0.113150914588379,
2024-01-07,kelapa gading,0.0289613944527599,0.00012729041442220132,0.1133853555359011,
2024-01-07,komp angkasa pura jakarta pusat,0.0289613944527599,0.00012729041442220132,0.1133853555359011,
2024-01-07,lubang buaya,,,0.1113230754526712,
2024-01-07,us consulate jakarta pusat,0.0289613944527599,0.00012729041442220132,0.1133853555359011,
2024-01-08,bundaran hotel indonesia,,8.963671148585243e-05,0.1087922665051144,
2024-01-08,jagakarsa,,7.578245515844754e-05,0.109941974377397,
2024-01-08,jalan bdn ii,0.0276812671190509,0.00014830878975312516,0.1100557972382964,
2024-01-08,kebon jeruk,,8.963671148585243e-05,0.1087922665051144,
2024-01-08,kelapa gading,,7.460559339875173e-05,0.1098316722771013,
2024-01-08,komp angkasa pura jakarta pusat,,7.460559339875173e-05,0.1098316722771013,
2024-01-08,lubang buaya,0.0346735281250643,0.0001767185556140869,0.1095959221071761,
2024-01-08,us consulate jakarta pusat,,7.460559339875173e-05,0.1098316722771013,
2024-01-09,bundaran hotel indonesia,0.0313090353156834,0.00010351647889327084,0.109679524861206,4.848925880824341e-05
2024-01-09,jagakarsa,0.0347765541910386,0.0001212087859121407,0.1094730147916292,4.848925880824341e-05
2024-01-09,jalan bdn ii,0.0328248982494387,6.826379391453578e-05,0.1100777008889684,
2024-01-09,kebon jeruk,0.0313090353156834,0.00010351647889327084,0.109679524861206,4.848925880824341e-05
2024-01-09,kelapa gading,0.0366320463487731,0.00014142508370234584,0.1097086133800013,-0.000131
2024-01-09,komp angkasa pura jakarta pusat,0.0366320463487731,0.00014142508370234584,0.1097086133800013,4.848925880824341e-05
2024-01-09,lubang buaya,0.0316302986046904,0.0001127498270590571,0.1101776064691583,
2024-01-09,us consulate jakarta pusat,0.0366320463487731,0.00014142508370234584,0.1097086133800013,4.848925880824341e-05
2024-01-10,bundaran hotel indonesia,0.0447932852599905,0.0001408102946051155,0.1117526821529887,0.0003988302487091311
2024-01-10,jagakarsa,,0.00010130098762372416,0.1111767454961643,0.0003988302487091311
2024-01-10,jalan bdn ii,0.0355219132862665,0.00014236381494908486,0.1102900712349138,
2024-01-10,kebon jeruk,0.0447932852599905,0.0001408102946051155,0.1117526821529887,0.0003988302487091311
2024-01-10,kelapa gading,0.044850152379499,0.00012017456393161308,0.1112743763984076,0.0003935040320501148
2024-01-10,komp angkasa pura jakarta pusat,0.044850152379499,0.00012017456393161308,0.1112743763984076,0.0003988302487091311
2024-01-10,lubang buaya,0.0357703423940798,0.00013946425398099106,0.1100799696560577,
2024-01-10,us consulate jakarta pusat,0.044850152379499,0.00012017456393161308,0.1112743763984076,0.0003988302487091311
2024-01-11,bundaran hotel indonesia,,8.61361781017753e-05,0.1111503431657003,
2024-01-11,jagakarsa,,6.390505293386124e-05,0.1105080760583143,
2024-01-11,jalan bdn ii,,,0.1122850640709221,
2024-01-11,kebon jeruk,,8.61361781017753e-05,0.1111503431657003,
2024-01-11,kelapa gading,,7.822827613499957e-05,0.111104631751224,
2024-01-11,komp angkasa pura jakarta pusat,,7.822827613499957e-05,0.111104631751224,
2024-01-11,lubang buaya,,,0.1120775909488551,
2024-01-11,us consulate jakarta pusat,,7.822827613499957e-05,0.111104631751224,
2024-01-12,bundaran hotel indonesia,,6.821674421768634e-05,0.1124558195588015,0.0003621531217597463
2024-01-12,jagakarsa,,8.046716461292683e-05,0.1124257305265003,0.0003621531217597463
2024-01-12,jalan bdn ii,0.0291889629666789,6.319490341413073e-05,0.1121056845087553,0.0003636360677921071
2024-01-12,kebon jeruk,,6.821674421768634e-05,0.1124558195588015,0.0005642731392102284
2024-01-12,kelapa gading,,8.986394400576932e-05,0.1122470295735043,0.00019506143338869788
2024-01-12,komp angkasa pura jakarta pusat,,8.986394400576932e-05,0.1122470295735043,0.0003621531217597463
2024-01-12,lubang buaya,0.0292618293024917,7.684825368901243e-05,0.1127104859829639,0.0004342247173902767
2024-01-12,us consulate jakarta pusat,,8.986394400576932e-05,0.1122470295735043,0.0003621531217597463
2024-01-13,bundaran hotel indonesia,,8.691939254047788e-05,0.1116815674874941,
2024-01-13,jagakarsa,,7.242189054696434e-05,0.1114493059178957,
2024-01-13,jalan bdn ii,,7.997593891612319e-05,0.1115945964630851,
2024-01-13,kebon jeruk,,8.691939254047788e-05,0.1116815674874941,
2024-01-13,kelapa gading,,6.17523566961031e-05,0.1117209632655911,
2024-01-13,komp angkasa pura jakarta pusat,,6.17523566961031e-05,0.1117209632655911,
2024-01-13,lubang buaya,0.0297336875050163,0.00010147073763416992,0.1113853634429073,
2024-01-13,us consulate jakarta pusat,,6.17523566961031e-05,0.1117209632655911,
2024-01-14,bundaran hotel indonesia,0.028055695949906,0.00011248182725831828,0.112628102302733,
2024-01-14,jagakarsa,,9.241531939028108e-05,0.1125241035940272,
2024-01-14,jalan bdn ii,0.032270427441391,0.0001090027028165766,0.1121719375348534,
2024-01-14,kebon jeruk,0.028055695949906,0.00011248182725831828,0.112628102302733,
2024-01-14,kelapa gading,,9.95002618029552e-05,0.111554158418417,0.0002384565750772929
2024-01-14,komp angkasa pura jakarta pusat,,9.95002618029552e-05,0.111554158418417,
2024-01-14,lubang buaya,0.031425888620367,0.00012967011883297574,0.1124595089199206,0.00023845657280849105
2024-01-14,us consulate jakarta pusat,,9.95002618029552e-05,0.111554158418417,
2024-01-15,bundaran hotel indonesia,,8.338056298566445e-05,0.1129653409632375,
2024-01-15,jagakarsa,,7.058906107470622e-05,0.1125387010586567,
2024-01-15,jalan bdn ii,,0.00010650635485860736,0.1127299768188006,
2024-01-15,kebon jeruk,,8.338056298566445e-05,0.1129653409632375,
2024-01-15,kelapa gading,,7.598714691022546e-05,0.112496615345021,
2024-01-15,komp angkasa pura jakarta pusat,,7.598714691022546e-05,0.112496615345021,
2024-01-15,lubang buaya,,0.00011139962855448356,0.1125611121214497,
2024-01-15,us consulate jakarta pusat,,7.598714691022546e-05,0.112496615345021,
2024-01-17,bundaran hotel indonesia,,,0.1104458791872885,
2024-01-17,jagakarsa,,,0.110128649430451,
2024-01-17,jalan bdn ii,,,0.110516305121889,
2024-01-17,kebon jeruk,,,0.1104458791872885,
2024-01-17,kelapa gading,,,0.1103259781829001,
2024-01-17,komp angkasa pura jakarta pusat,,,0.1103259781829001,
2024-01-17,lubang buaya,,,0.1102520749244069,
2024-01-17,us consulate jakarta pusat,,,0.1103259781829001,
2024-01-18,bundaran hotel indonesia,,5.770009761182282e-05,0.1089994901035198,
2024-01-18,jagakarsa,,6.561300636527969e-05,0.1090858138639453,
2024-01-18,jalan bdn ii,,5.6764463579473664e-05,0.1098240104292743,
2024-01-18,kebon jeruk,,5.770009761182282e-05,0.1089994901035198,
2024-01-18,kelapa gading,,6.183241773279635e-05,0.1088136297364928,
2024-01-18,komp angkasa pura jakarta pusat,,6.183241773279635e-05,0.1088136297364928,
2024-01-18,lubang buaya,,4.8642630761631e-05,0.1094078931919508,
2024-01-18,us consulate jakarta pusat,,6.183241773279635e-05,0.1088136297364928,
2024-01-19,bundaran hotel indonesia,,,0.1085297067246822,
2024-01-19,jagakarsa,,,0.1086231167681454,
2024-01-19,jalan bdn ii,,,0.1088528082810653,
2024-01-19,kebon jeruk,,,0.1085297067246822,
2024-01-19,kelapa gading,,,0.1085437390436082,
2024-01-19,komp angkasa pura jakarta pusat,,,0.1085437390436082,
2024-01-19,lubang buaya,,,0.1093782952771857,
2024-01-19,us consulate jakarta pusat,,,0.1085437390436082,
2024-01-20,bundaran hotel indonesia,0.028686759235724,5.617654261117869e-05,0.107331871150246,0.0001881439983188497
2024-01-20,jagakarsa,0.0307842527818872,6.777567391106788e-05,0.1076204153889895,0.0001881439983188497
2024-01-20,jalan bdn ii,0.0289176070822933,4.8262043296706335e-05,0.1079395749465194,8.264607091419629e-05
2024-01-20,kebon jeruk,0.028686759235724,5.617654261117869e-05,0.107331871150246,0.0001881439983188497
2024-01-20,kelapa gading,0.032400262170598,8.018191814505827e-05,0.1074047881409968,-2.07e-05
2024-01-20,komp angkasa pura jakarta pusat,0.032400262170598,8.018191814505827e-05,0.1074047881409968,0.0001881439983188497
2024-01-20,lubang buaya,0.0285407603289254,5.467080227605919e-05,0.107236040855552,-0.000152
2024-01-20,us consulate jakarta pusat,0.032400262170598,8.018191814505827e-05,0.1074047881409968,0.0001881439983188497
2024-01-21,bundaran hotel indonesia,0.025923469347529,4.3775687757853855e-05,0.1067942700954692,1.84865288969596e-05
2024-01-21,jagakarsa,0.0272796090663341,6.157292978170227e-05,0.1078116496656104,1.84865288969596e-05
2024-01-21,jalan bdn ii,0.0259088537130586,5.039379184705747e-05,0.1071369605508722,-0.000163
2024-01-21,kebon jeruk,0.025923469347529,4.3775687757853855e-05,0.1067942700954692,1.84865288969596e-05
2024-01-21,kelapa gading,0.0293382164719608,6.868169590989015e-05,0.1080135877387198,0.0004925722876496469
2024-01-21,komp angkasa pura jakarta pusat,0.0293382164719608,6.868169590989015e-05,0.1080135877387198,1.84865288969596e-05
2024-01-21,lubang buaya,0.026181922817522,4.505169695000303e-05,0.1068456872384253,0.00045010471911741134
2024-01-21,us consulate jakarta pusat,0.0293382164719608,6.868169590989015e-05,0.1080135877387198,1.84865288969596e-05
2024-01-22,bundaran hotel indonesia,,5.592834972999718e-05,0.1105547136321861,-0.000219
2024-01-22,jagakarsa,,6.866734943858321e-05,0.1099104120892714,-0.000219
2024-01-22,jalan bdn ii,,6.014866260291542e-05,0.1107182548377344,-1.02e-05
2024-01-22,kebon jeruk,,5.592834972999718e-05,0.1105547136321861,-0.00027
2024-01-22,kelapa gading,,8.398464688925416e-05,0.1106637906549099,3.445664881958499e-05
2024-01-22,komp angkasa pura jakarta pusat,,8.398464688925416e-05,0.1106637906549099,-0.000219
2024-01-22,lubang buaya,,5.714616236720366e-05,0.1106643020853041,0.0004444803884946125
2024-01-22,us consulate jakarta pusat,,8.398464688925416e-05,0.1106637906549099,-0.000219
2024-01-23,bundaran hotel indonesia,,5.00254541757783e-05,0.1100666803436449,-5.69e-05
2024-01-23,jagakarsa,,6.44858793897089e-05,0.1102089761585028,-5.69e-05
2024-01-23,jalan bdn ii,0.0293324923139883,4.927114095630044e-05,0.1093477819744003,-0.000283
2024-01-23,kebon jeruk,,5.00254541757783e-05,0.1100666803436449,
2024-01-23,kelapa gading,,7.996525769086683e-05,0.1099689312467094,-3.97e-06
2024-01-23,komp angkasa pura jakarta pusat,,7.996525769086683e-05,0.1099689312467094,-5.69e-05
2024-01-23,lubang buaya,0.0293324926044068,5.731665423931292e-05,0.1101106493978289,1.2361760308907655e-05
2024-01-23,us consulate jakarta pusat,,7.996525769086683e-05,0.1099689312467094,-5.69e-05
2024-01-24,bundaran hotel indonesia,0.030356683662096,5.420057541732226e-05,0.110300205453786,0.00034405080461090464
2024-01-24,jagakarsa,,5.851851168546928e-05,0.1097061942002863,0.00034405080461090464
2024-01-24,jalan bdn ii,0.0290238934433093,4.79045576292968e-05,0.1105824263004341,-0.000106
2024-01-24,kebon jeruk,0.030356683662096,5.420057541732226e-05,0.110300205453786,-5.41e-05
2024-01-24,kelapa gading,,7.435740511351333e-05,0.1096064483586072,
2024-01-24,komp angkasa pura jakarta pusat,,7.435740511351333e-05,0.1096064483586072,0.00034405080461090464
2024-01-24,lubang buaya,0.0291934918045451,5.264656555120326e-05,0.1107323785624912,0.00022665571707891456
2024-01-24,us consulate jakarta pusat,,7.435740511351333e-05,0.1096064483586072,0.00034405080461090464
2024-01-25,bundaran hotel indonesia,0.0285016472644144,8.036951700284637e-05,0.1103384229129055,-5.64e-05
2024-01-25,jagakarsa,0.0287346719157586,9.972894473924284e-05,0.1107336866166372,-5.64e-05
2024-01-25,jalan bdn ii,0.0268910117557296,7.037867052029395e-05,0.1107840490902736,
2024-01-25,kebon jeruk,0.0285016472644144,8.036951700284637e-05,0.1103384229129055,-5.64e-05
2024-01-25,kelapa gading,0.0300632992745438,0.0001168216079367336,0.110978389682882,-0.000261
2024-01-25,komp angkasa pura jakarta pusat,0.0300632992745438,0.0001168216079367336,0.110978389682882,-5.64e-05
2024-01-25,lubang buaya,0.0266086578802624,7.631635976725127e-05,0.1103587891915882,
2024-01-25,us consulate jakarta pusat,0.0300632992745438,0.0001168216079367336,0.110978389682882,-5.64e-05
2024-01-26,bundaran hotel indonesia,,0.00012768773440580846,0.1095285703928702,
2024-01-26,jagakarsa,,9.396139191685828e-05,0.1097852333361842,
2024-01-26,jalan bdn ii,,,0.1098452399670393,
2024-01-26,kebon jeruk,,0.00012768773440580846,0.1095285703928702,
2024-01-26,kelapa gading,,0.00011259256099087726,0.1102751551112014,
2024-01-26,komp angkasa pura jakarta pusat,,0.00011259256099087726,0.1102751551112014,
2024-01-26,lubang buaya,,,0.1100812129908633,
2024-01-26,us consulate jakarta pusat,,0.00011259256099087726,0.1102751551112014,
2024-01-27,bundaran hotel indonesia,,,0.1093095059859025,
2024-01-27,jagakarsa,,,0.1092166701701262,
2024-01-27,jalan bdn ii,,,0.1098723262038831,
2024-01-27,kebon jeruk,,,0.1093095059859025,
2024-01-27,kelapa gading,,,0.1093519749501346,
2024-01-27,komp angkasa pura jakarta pusat,,,0.1093519749501346,
2024-01-27,lubang buaya,,,0.1095047884018666,
2024-01-27,us consulate jakarta pusat,,,0.1093519749501346,
2024-01-28,bundaran hotel indonesia,,8.882264294976932e-05,0.1108949109669188,
2024-01-28,jagakarsa,,6.780827134065704e-05,0.1101485623321618,
2024-01-28,jalan bdn ii,,,0.1101936005943647,
2024-01-28,kebon jeruk,,8.882264294976932e-05,0.1108949109669188,
2024-01-28,kelapa gading,,6.13390914133282e-05,0.110443400139033,
2024-01-28,komp angkasa pura jakarta pusat,,6.13390914133282e-05,0.110443400139033,
2024-01-28,lubang buaya,,,0.1101422272168212,
2024-01-28,us consulate jakarta pusat,,6.13390914133282e-05,0.110443400139033,
2024-01-29,bundaran hotel indonesia,0.0350183473863091,0.00010625847152348567,0.1098954682208687,
2024-01-29,jagakarsa,,9.145133618031716e-05,0.1093621586409431,
2024-01-29,jalan bdn ii,,0.00014725202673944817,0.1101603175348045,
2024-01-29,kebon jeruk,0.0350183473863091,0.00010625847152348567,0.1098954682208687,
2024-01-29,kelapa gading,,0.00010719067278573512,0.1105938940775588,
2024-01-29,komp angkasa pura jakarta pusat,,0.00010719067278573512,0.1105938940775588,
2024-01-29,lubang buaya,,0.00018204894680292355,0.1106510898493084,
2024-01-29,us consulate jakarta pusat,,0.00010719067278573512,0.1105938940775588,
2024-01-30,bundaran hotel indonesia,,6.075373491844818e-05,0.1104407152347002,
2024-01-30,jagakarsa,,4.020848494224456e-05,0.1105045771014665,
2024-01-30,jalan bdn ii,0.0337336511784313,8.953471597302528e-05,0.1110360787604599,
2024-01-30,kebon jeruk,,6.075373491844818e-05,0.1104407152347002,
2024-01-30,kelapa gading,,6.78587816737713e-05,0.1101127728083773,
2024-01-30,komp angkasa pura jakarta pusat,,6.78587816737713e-05,0.1101127728083773,
2024-01-30,lubang buaya,0.0333615185424684,0.00010397968603250392,0.1110640391860526,
2024-01-30,us consulate jakarta pusat,,6.78587816737713e-05,0.1101127728083773,
2024-01-31,bundaran hotel indonesia,,0.000114545815631623,0.110708395740287,
2024-01-31,jagakarsa,,9.430887272960972e-05,0.1099342738549229,
2024-01-31,jalan bdn ii,0.0335317199984618,0.00014207961183530045,0.109867811362037,
2024-01-31,kebon jeruk,,0.000114545815631623,0.110708395740287,
2024-01-31,kelapa gading,,0.00010167511468922012,0.1103719951965827,
2024-01-31,komp angkasa pura jakarta pusat,,0.00010167511468922012,0.1103719951965827,
2024-01-31,lubang buaya,0.0332094957593592,0.00014399432481688304,0.1098870429599663,
2024-01-31,us consulate jakarta pusat,,0.00010167511468922012,0.1103719951965827,
2024-02-02,bundaran hotel indonesia,0.0320514223557966,7.775904926034767e-05,0.1096022004395894,
2024-02-02,jagakarsa,0.0335304857331571,8.57067300550858e-05,0.1086903909931533,
2024-02-02,jalan bdn ii,0.0333736604169064,6.402784921269614e-05,0.1097666201467212,0.0001495005944141263
2024-02-02,kebon jeruk,0.0320514223557966,7.775904926034767e-05,0.1096022004395894,7.934587488615401e-05
2024-02-02,kelapa gading,0.0342062343365154,0.0001004664165719918,0.1090470311399862,
2024-02-02,komp angkasa pura jakarta pusat,0.0342062343365154,0.0001004664165719918,0.1090470311399862,
2024-02-02,lubang buaya,0.0337835788735892,7.472878819354227e-05,0.1087108530128961,
2024-02-02,us consulate jakarta pusat,0.0342062343365154,0.0001004664165719918,0.1090470311399862,
2024-02-03,bundaran hotel indonesia,,8.960419954549347e-05,0.1091499642904781,
2024-02-03,jagakarsa,,8.396074446440314e-05,0.109666106737749,
2024-02-03,jalan bdn ii,,0.000103073731364253,0.1112288823816544,
2024-02-03,kebon jeruk,,8.960419954549347e-05,0.1091499642904781,
2024-02-03,kelapa gading,,9.80814762224653e-05,0.1103806150141853,
2024-02-03,komp angkasa pura jakarta pusat,,9.80814762224653e-05,0.1103806150141853,
2024-02-03,lubang buaya,,7.125205066233216e-05,0.1104833163648289,
2024-02-03,us consulate jakarta pusat,,9.80814762224653e-05,0.1103806150141853,
2024-02-04,bundaran hotel indonesia,,5.568326916753357e-05,0.1103712448781628,
2024-02-04,jagakarsa,,6.695064668362143e-05,0.1111471094712204,
2024-02-04,jalan bdn ii,,4.91925811794068e-05,0.1101732414403793,
2024-02-04,kebon jeruk,,5.568326916753357e-05,0.1103712448781628,
2024-02-04,kelapa gading,,7.654422991581927e-05,0.1110240538571845,
2024-02-04,komp angkasa pura jakarta pusat,,7.654422991581927e-05,0.1110240538571845,
2024-02-04,lubang buaya,,5.303166285747718e-05,0.1100031417113767,
2024-02-04,us consulate jakarta pusat,,7.654422991581927e-05,0.1110240538571845,
2024-02-05,bundaran hotel indonesia,0.0302319075220329,0.00011238434939293592,0.1086970567968937,0.00014707673069351812
2024-02-05,jagakarsa,0.031194967870833,9.479007810812776e-05,0.1092637611411505,0.00014707673069351812
2024-02-05,jalan bdn ii,0.0315768310542599,9.502065147990062e-05,0.1089666707034771,
2024-02-05,kebon jeruk,0.0302319075220329,0.00011238434939293592,0.1086970567968937,0.00014707673069351812
2024-02-05,kelapa gading,0.0337534501495292,0.00011269350531127912,0.1090224473285659,0.00025293110413670167
2024-02-05,komp angkasa pura jakarta pusat,0.0337534501495292,0.00011269350531127912,0.1090224473285659,0.00014707673069351812
2024-02-05,lubang buaya,0.0294725502051807,9.123376887801868e-05,0.1092400347988987,
2024-02-05,us consulate jakarta pusat,0.0337534501495292,0.00011269350531127912,0.1090224473285659,0.00014707673069351812
2024-02-06,bundaran hotel indonesia,,0.00014710801871077448,0.1104568824413695,
2024-02-06,jagakarsa,,0.00013463047743325198,0.1110891769937273,
2024-02-06,jalan bdn ii,,,0.1092331116617976,
2024-02-06,kebon jeruk,,0.00014710801871077448,0.1104568824413695,
2024-02-06,kelapa gading,0.0294057166218416,0.00014426481963779076,0.1093766259718253,
2024-02-06,komp angkasa pura jakarta pusat,0.0294057166218416,0.00014426481963779076,0.1093766259718253,
2024-02-06,lubang buaya,,,0.1092062233241162,
2024-02-06,us consulate jakarta pusat,0.0294057166218416,0.00014426481963779076,0.1093766259718253,
2024-02-07,bundaran hotel indonesia,0.0279838100705315,8.965276014693714e-05,0.1122453921927921,
2024-02-07,jagakarsa,0.0280205121759181,0.00010165980073966816,0.1119284737366313,
2024-02-07,jalan bdn ii,0.0288192116978626,5.763153879628282e-05,0.1115733570547957,
2024-02-07,kebon jeruk,0.0279838100705315,8.965276014693714e-05,0.1122453921927921,
2024-02-07,kelapa gading,0.0273241232092069,0.00010421159942148116,0.1123813600878637,
2024-02-07,komp angkasa pura jakarta pusat,0.0273241232092069,0.00010421159942148116,0.1123813600878637,
2024-02-07,lubang buaya,0.0267122740240568,6.6723074971885e-05,0.1114887196011852,
2024-02-07,us consulate jakarta pusat,0.0273241232092069,0.00010421159942148116,0.1123813600878637,
2024-02-08,bundaran hotel indonesia,0.0277187189243939,9.751153276196784e-05,0.1127841728548603,-0.000154
2024-02-08,jagakarsa,0.0286719382692463,9.510818874780743e-05,0.1134120141202567,-0.000154
2024-02-08,jalan bdn ii,0.0259465496906354,6.666785018919985e-05,0.1122243525366697,-3.99e-05
2024-02-08,kebon jeruk,0.0277187189243939,9.751153276196784e-05,0.1127841728548603,2.330325722060608e-05
2024-02-08,kelapa gading,0.0304501625880246,0.00010086429027369554,0.1138714534328867,-6.37e-05
2024-02-08,komp angkasa pura jakarta pusat,0.0304501625880246,0.00010086429027369554,0.1138714534328867,-0.000154
2024-02-08,lubang buaya,0.0288963313956348,6.856726648898174e-05,0.1127081922824537,0.0001020853898130133
2024-02-08,us consulate jakarta pusat,0.0304501625880246,0.00010086429027369554,0.1138714534328867,-0.000154
2024-02-09,bundaran hotel indonesia,0.0297539531887954,0.00024217986732587155,0.1136262936258733,
2024-02-09,jagakarsa,0.0366144828146001,0.00012133925318882072,0.1129623102575669,
2024-02-09,jalan bdn ii,,0.0001843444218383785,0.1120672034570108,
2024-02-09,kebon jeruk,0.0297539531887954,0.00024217986732587155,0.1136262936258733,
2024-02-09,kelapa gading,0.0394705132101348,0.00011384876115633902,0.1127785664980791,
2024-02-09,komp angkasa pura jakarta pusat,0.0394705132101348,0.00011384876115633902,0.1127785664980791,
2024-02-09,lubang buaya,,0.00013213994556098604,0.1123487603523213,
2024-02-09,us consulate jakarta pusat,0.0394705132101348,0.00011384876115633902,0.1127785664980791,
2024-02-10,bundaran hotel indonesia,0.0285632416250226,9.02730760244873e-05,0.1104572875820558,
2024-02-10,jagakarsa,,8.219719388763433e-05,0.110226335766899,
2024-02-10,jalan bdn ii,0.0324939728150356,0.00012560502528036565,0.1103741270107023,
2024-02-10,kebon jeruk,0.0285632416250226,9.02730760244873e-05,0.1104572875820558,
2024-02-10,kelapa gading,,8.853740831237383e-05,0.1101325892297473,
2024-02-10,komp angkasa pura jakarta pusat,,8.853740831237383e-05,0.1101325892297473,
2024-02-10,lubang buaya,0.0287188555054074,0.0001462764626806723,0.1100483596473903,
2024-02-10,us consulate jakarta pusat,,8.853740831237383e-05,0.1101325892297473,
2024-02-11,bundaran hotel indonesia,0.0309320445449684,8.52850279659608e-05,0.1117475331104809,0.00012890340021857606
2024-02-11,jagakarsa,0.0298095168146395,7.770372923788285e-05,0.1116108687072177,0.00012890340021857606
2024-02-11,jalan bdn ii,0.0288015732097004,0.00011982719895538186,0.1111373554049131,0.0002092755320473263
2024-02-11,kebon jeruk,0.0309320445449684,8.52850279659608e-05,0.1117475331104809,0.00012890340021857606
2024-02-11,kelapa gading,0.0289360473705884,7.736817146352404e-05,0.1113417955378728,0.000198299126482959
2024-02-11,komp angkasa pura jakarta pusat,0.0289360473705884,7.736817146352404e-05,0.1113417955378728,0.00012890340021857606
2024-02-11,lubang buaya,0.0319042773677858,0.00011972065569870924,0.1113475726569626,-2.34e-05
2024-02-11,us consulate jakarta pusat,0.0289360473705884,7.736817146352404e-05,0.1113417955378728,0.00012890340021857606
2024-02-12,bundaran hotel indonesia,0.0328147687610258,9.080560846687848e-05,0.1114215948965592,0.0003390842590256873
2024-02-12,jagakarsa,0.0336219857931135,8.317353584493843e-05,0.1112038636647833,0.0003390842590256873
2024-02-12,jalan bdn ii,,9.348705899915596e-05,0.11119172604388,
2024-02-12,kebon jeruk,0.0328147687610258,9.080560846687848e-05,0.1114215948965592,0.0006168655882310939
2024-02-12,kelapa gading,0.033661908003721,8.041306924940241e-05,0.111464120906754,0.0006632163315128808
2024-02-12,komp angkasa pura jakarta pusat,0.033661908003721,8.041306924940241e-05,0.111464120906754,0.0003390842590256873
2024-02-12,lubang buaya,,8.696016279740049e-05,0.1109712326609374,
2024-02-12,us consulate jakarta pusat,0.033661908003721,8.041306924940241e-05,0.111464120906754,0.0003390842590256873
2024-02-13,bundaran hotel indonesia,0.0358276407105717,9.824483051909568e-05,0.111282643246172,0.00027615950852059
2024-02-13,jagakarsa,0.0364146732015014,9.073369568230816e-05,0.1110478657269047,0.00027615950852059
2024-02-13,jalan bdn ii,0.0349770689586197,0.00011708676965867552,0.1109860785757189,0.000698863716906174
2024-02-13,kebon jeruk,0.0358276407105717,9.824483051909568e-05,0.111282643246172,-0.000148
2024-02-13,kelapa gading,0.0331971532601968,8.18409779400501e-05,0.1115001814310214,0.0006294341317470158
2024-02-13,komp angkasa pura jakarta pusat,0.0331971532601968,8.18409779400501e-05,0.1115001814310214,0.00027615950852059
2024-02-13,lubang buaya,0.0343762031370644,0.00011124643899112471,0.1115671128446012,0.000391580185029992
2024-02-13,us consulate jakarta pusat,0.0331971532601968,8.18409779400501e-05,0.1115001814310214,0.00027615950852059
2024-02-14,bundaran hotel indonesia,,9.29011292992326e-05,0.1106319403427822,
2024-02-14,jagakarsa,,7.268073908995196e-05,0.110414229604158,
2024-02-14,jalan bdn ii,0.038111270183364,0.0001527767257982605,0.1097917806651742,0.00029303711947087347
2024-02-14,kebon jeruk,,9.29011292992326e-05,0.1106319403427822,0.00014568644942281414
2024-02-14,kelapa gading,,9.860106531086675e-05,0.1108743513935221,
2024-02-14,komp angkasa pura jakarta pusat,,9.860106531086675e-05,0.1108743513935221,
2024-02-14,lubang buaya,0.0380921183155767,0.00014684805235810105,0.1108999493192618,
2024-02-14,us consulate jakarta pusat,,9.860106531086675e-05,0.1108743513935221,
2024-02-15,bundaran hotel indonesia,,0.00017491031664672475,0.1125648105291686,
2024-02-15,jagakarsa,,0.0001290243007759377,0.112211911991343,
2024-02-15,jalan bdn ii,,0.0001425555068972532,0.1112693711947923,
2024-02-15,kebon jeruk,,0.00017491031664672475,0.1125648105291686,
2024-02-15,kelapa gading,,0.00016086388238801568,0.1121872763970369,0.0002703277522443838
2024-02-15,komp angkasa pura jakarta pusat,,0.00016086388238801568,0.1121872763970369,
2024-02-15,lubang buaya,,0.0001340796644035762,0.1113603012130062,
2024-02-15,us consulate jakarta pusat,,0.00016086388238801568,0.1121872763970369,
2024-02-16,bundaran hotel indonesia,,,0.1127113976938578,
2024-02-16,jagakarsa,,,0.112919023380174,
2024-02-16,jalan bdn ii,,,0.1125726626713432,
2024-02-16,kebon jeruk,,,0.1127113976938578,
2024-02-16,kelapa gading,,8.184498103633005e-05,0.1126009516406453,
2024-02-16,komp angkasa pura jakarta pusat,,8.184498103633005e-05,0.1126009516406453,
2024-02-16,lubang buaya,,0.00018183400261999796,0.1127784352789375,
2024-02-16,us consulate jakarta pusat,,8.184498103633005e-05,0.1126009516406453,
2024-02-18,bundaran hotel indonesia,0.0377792296730576,8.845506031176068e-05,0.1124575378377533,
2024-02-18,jagakarsa,0.0372901292886947,8.236331918842597e-05,0.111110263050913,
2024-02-18,jalan bdn ii,0.0369386371168454,0.00010496391904656151,0.11170783405412,
2024-02-18,kebon jeruk,0.0377792296730576,8.845506031176068e-05,0.1124575378377533,0.00014992609770415443
2024-02-18,kelapa gading,0.0370419510228121,9.115641917554912e-05,0.1120001488042328,-0.000216
2024-02-18,komp angkasa pura jakarta pusat,0.0370419510228121,9.115641917554912e-05,0.1120001488042328,
2024-02-18,lubang buaya,0.0374952679614424,0.00011663513997437424,0.1120854509413607,-0.000216
2024-02-18,us consulate jakarta pusat,0.0370419510228121,9.115641917554912e-05,0.1120001488042328,
2024-02-19,bundaran hotel indonesia,0.0358239383670974,0.00027953456320350983,0.1126097492747136,-0.000193
2024-02-19,jagakarsa,0.0358645675819515,0.00014796150395136157,0.111752327777203,-0.000193
2024-02-19,jalan bdn ii,,0.0004339914655065756,0.1106893241854613,
2024-02-19,kebon jeruk,0.0358239383670974,0.00027953456320350983,0.1126097492747136,-0.000336
2024-02-19,kelapa gading,0.0369053172758965,0.0001210884176825952,0.1115531076293224,-6.54e-05
2024-02-19,komp angkasa pura jakarta pusat,0.0369053172758965,0.0001210884176825952,0.1115531076293224,-0.000193
2024-02-19,lubang buaya,,0.0004301332165212873,0.1109816815496165,
2024-02-19,us consulate jakarta pusat,0.0369053172758965,0.0001210884176825952,0.1115531076293224,-0.000193
2024-02-20,bundaran hotel indonesia,0.0367347834172398,0.00013064853360318334,0.113352334661633,-0.000143
2024-02-20,jagakarsa,0.0329681834746415,7.61541494314553e-05,0.1123399046630305,-0.000143
2024-02-20,jalan bdn ii,0.0401749060071963,0.00014981035134816644,0.1135683692162544,0.00027713145968618393
2024-02-20,kebon jeruk,0.0367347834172398,0.00013064853360318334,0.113352334661633,-0.000313
2024-02-20,kelapa gading,0.0349888176324794,8.231706415827006e-05,0.1125107685841266,0.0001993540352497779
2024-02-20,komp angkasa pura jakarta pusat,0.0349888176324794,8.231706415827006e-05,0.1125107685841266,-0.000143
2024-02-20,lubang buaya,0.0410101463316453,0.0002616144399714197,0.1124872159615922,
2024-02-20,us consulate jakarta pusat,0.0349888176324794,8.231706415827006e-05,0.1125107685841266,-0.000143
2024-02-21,bundaran hotel indonesia,,,0.1127476114112621,
2024-02-21,jagakarsa,,,0.1119633899107954,
2024-02-21,jalan bdn ii,0.0389383868283593,0.0001578762952133295,0.1111673725888939,
2024-02-21,kebon jeruk,,,0.1127476114112621,
2024-02-21,kelapa gading,,,0.1116032714807358,
2024-02-21,komp angkasa pura jakarta pusat,,,0.1116032714807358,
2024-02-21,lubang buaya,0.0393704027430241,0.0001722106233999848,0.1114588168601338,
2024-02-21,us consulate jakarta pusat,,,0.1116032714807358,
2024-02-22,bundaran hotel indonesia,0.0291343406603407,0.00010028635850017324,0.1116855284082241,0.0005416249246337321
2024-02-22,jagakarsa,,8.572407840537318e-05,0.1107200858062832,0.0005416249246337321
2024-02-22,jalan bdn ii,0.0303354056362393,9.366431048500032e-05,0.1134089179545438,0.00018779147101611544
2024-02-22,kebon jeruk,0.0291343406603407,0.00010028635850017324,0.1116855284082241,0.0005416249246337321
2024-02-22,kelapa gading,,9.864400936634872e-05,0.1108808575804164,-5.62e-05
2024-02-22,komp angkasa pura jakarta pusat,,9.864400936634872e-05,0.1108808575804164,0.0005416249246337321
2024-02-22,lubang buaya,,8.546891707307079e-05,0.1127406722591146,-3.75e-05
2024-02-22,us consulate jakarta pusat,,9.864400936634872e-05,0.1108808575804164,0.0005416249246337321
2024-02-23,bundaran hotel indonesia,,7.851105181344842e-05,0.1111973085662887,
2024-02-23,jagakarsa,,9.044679758782933e-05,0.1101855596522635,
2024-02-23,jalan bdn ii,,6.292241220566698e-05,0.1105699238370114,9.939905306032326e-06
2024-02-23,kebon jeruk,,7.851105181344842e-05,0.1111973085662887,8.836314206824968e-05
2024-02-23,kelapa gading,,9.301403048657648e-05,0.1106279999230645,
2024-02-23,komp angkasa pura jakarta pusat,,9.301403048657648e-05,0.1106279999230645,
2024-02-23,lubang buaya,,6.40175508843538e-05,0.1104527979116497,
2024-02-23,us consulate jakarta pusat,,9.301403048657648e-05,0.1106279999230645,
2024-02-24,bundaran hotel indonesia,,0.0001030685542930585,0.1089109865036523,
2024-02-24,jagakarsa,,9.90813953857693e-05,0.1086813454298173,
2024-02-24,jalan bdn ii,0.0300651343075821,0.00012770122925643383,0.1103410619197987,
2024-02-24,kebon jeruk,,0.0001030685542930585,0.1089109865036523,
2024-02-24,kelapa gading,0.0303168461976109,9.705396459786078e-05,0.1092695019679657,8.469747949213979e-05
2024-02-24,komp angkasa pura jakarta pusat,,9.705396459786078e-05,0.1092695019679657,
2024-02-24,lubang buaya,,0.00015458650299434405,0.1101442961809283,
2024-02-24,us consulate jakarta pusat,,9.705396459786078e-05,0.1092695019679657,
2024-02-25,bundaran hotel indonesia,,0.0001381879563060245,0.1122701797141163,
2024-02-25,jagakarsa,0.0276401659761974,0.00012427711619394257,0.111893821003283,
2024-02-25,jalan bdn ii,,0.00013685386043284456,0.1128685823824534,
2024-02-25,kebon jeruk,0.0267963001307745,0.0001381879563060245,0.1122701797141163,
2024-02-25,kelapa gading,0.0302513298462587,0.00010098880479425224,0.1124702110060345,0.0007813975152354173
2024-02-25,komp angkasa pura jakarta pusat,0.0276401659761974,0.00010098880479425224,0.1124702110060345,
2024-02-25,lubang buaya,,0.00014793909460224602,0.1121322547134319,
2024-02-25,us consulate jakarta pusat,0.0276401659761974,0.00010098880479425224,0.1124702110060345,
2024-02-26,bundaran hotel indonesia,,7.462360909731498e-05,0.1121062323100604,
2024-02-26,jagakarsa,0.0326854826692867,6.471163998399684e-05,0.1124177889399957,
2024-02-26,jalan bdn ii,,6.703085245540717e-05,0.1113393570802889,
2024-02-26,kebon jeruk,,7.462360909731498e-05,0.1121062323100604,
2024-02-26,kelapa gading,0.0308075743291641,7.452335326524219e-05,0.1122187504243574,
2024-02-26,komp angkasa pura jakarta pusat,0.0308075743291641,7.452335326524219e-05,0.1122187504243574,
2024-02-26,lubang buaya,,7.326869481375744e-05,0.1111661789417928,
2024-02-26,us consulate jakarta pusat,0.0308075743291641,7.452335326524219e-05,0.1122187504243574,
2024-02-27,bundaran hotel indonesia,0.0310363472739533,0.00010664876414384358,0.1121373607375283,
2024-02-27,jagakarsa,0.0320706962642247,8.956119483585816e-05,0.1119251110014278,
2024-02-27,jalan bdn ii,0.0314695002839813,0.00012285761369146053,0.1114525377637662,
2024-02-27,kebon jeruk,0.0310363472739533,0.00010664876414384358,0.1121373607375283,
2024-02-27,kelapa gading,0.0305478723463834,7.650137266145364e-05,0.1123532341077407,
2024-02-27,komp angkasa pura jakarta pusat,0.0305478723463834,7.650137266145364e-05,0.1123532341077407,
2024-02-27,lubang buaya,0.032827357350344,0.0001349741014534917,0.1115199527422655,
2024-02-27,us consulate jakarta pusat,0.0305478723463834,7.650137266145364e-05,0.1123532341077407,
2024-02-28,bundaran hotel indonesia,,0.00013740617918187395,0.1120099034879831,
2024-02-28,jagakarsa,,0.00010126472371821591,0.1113974227252503,
2024-02-28,jalan bdn ii,,0.00013474743285107473,0.1130199724991615,
2024-02-28,kebon jeruk,,0.000122415552043126,0.1120099034879831,
2024-02-28,kelapa gading,,0.0001176380879026439,0.1118341900356116,
2024-02-28,komp angkasa pura jakarta pusat,,0.00010126472371821591,0.1118341900356116,
2024-02-28,lubang buaya,,0.00014821996622553803,0.1130131248217216,
2024-02-28,us consulate jakarta pusat,,0.00010126472371821591,0.1118341900356116,
2024-02-29,bundaran hotel indonesia,0.0267184570651782,7.364895060353188e-05,0.110059164098745,
2024-02-29,jagakarsa,0.0266178757666526,4.422224008859273e-05,0.1099554666924486,
2024-02-29,jalan bdn ii,0.0288312631163402,7.052865898056971e-05,0.1096017682514639,
2024-02-29,kebon jeruk,0.0293591459549482,5.909000546883181e-05,0.110059164098745,
2024-02-29,kelapa gading,0.0264809088457811,4.8316543356982085e-05,0.1099936964660015,
2024-02-29,komp angkasa pura jakarta pusat,0.0266178757666526,4.422224008859273e-05,0.1099936964660015,
2024-02-29,lubang buaya,0.0273397646273353,6.345622177657907e-05,0.1094507696321738,
2024-02-29,us consulate jakarta pusat,0.0266178757666526,4.422224008859273e-05,0.1099936964660015,
2024-03-01,bundaran hotel indonesia,0.0338600270291265,0.00012980274189951658,0.1081175594214594,-9.11e-05
2024-03-01,jagakarsa,0.033385946619033,9.852824052968088e-05,0.108196139007351,-9.11e-05
2024-03-01,jalan bdn ii,0.0359960751618157,0.00010696515666535846,0.1088612328950333,1.890068668504145e-05
2024-03-01,kebon jeruk,0.0338600270291265,8.543093187916148e-05,0.1081175594214594,-7.62e-05
2024-03-01,kelapa gading,0.032668986486974,0.0001112770444910637,0.1077714293116689,-8.92e-06
2024-03-01,komp angkasa pura jakarta pusat,0.032668986486974,9.852824052968088e-05,0.1077714293116689,-9.11e-05
2024-03-01,lubang buaya,0.0374943765253103,0.00013263437895458664,0.1091459680345722,-0.000418
2024-03-01,us consulate jakarta pusat,0.032668986486974,9.852824052968088e-05,0.1077714293116689,-9.11e-05
2024-03-02,bundaran hotel indonesia,,,0.1094210544677549,
2024-03-02,jagakarsa,,,0.1095822074460763,
2024-03-02,jalan bdn ii,,0.00021636779830256272,0.1095433782695359,
2024-03-02,kebon jeruk,,,0.1094210544677549,
2024-03-02,kelapa gading,,0.00014812544646148487,0.1092554033653093,
2024-03-02,komp angkasa pura jakarta pusat,,,0.1092554033653093,
2024-03-02,lubang buaya,,0.0002034971460783722,0.109627130382083,
2024-03-02,us consulate jakarta pusat,,,0.1092554033653093,
2024-03-03,bundaran hotel indonesia,,7.629030244382457e-05,0.1093580287535966,
2024-03-03,jagakarsa,,6.252791402294422e-05,0.108484330204559,
2024-03-03,jalan bdn ii,,0.00012899067934706233,0.1088055696742347,
2024-03-03,kebon jeruk,,7.629030244382457e-05,0.1093580287535966,
2024-03-03,kelapa gading,,6.497508592722422e-05,0.1086565929563486,
2024-03-03,komp angkasa pura jakarta pusat,,6.497508592722422e-05,0.1086565929563486,
2024-03-03,lubang buaya,,0.00012722933583994128,0.108786998765337,
2024-03-03,us consulate jakarta pusat,,6.497508592722422e-05,0.1086565929563486,
2024-03-05,bundaran hotel indonesia,0.0310312956892166,7.338503104911574e-05,0.1102434442179014,
2024-03-05,jagakarsa,0.0293162670005341,7.67451239249383e-05,0.1089148125222491,
2024-03-05,jalan bdn ii,,8.299078730482534e-05,0.1102174225315473,0.00032852299421890695
2024-03-05,kebon jeruk,0.0303607018174057,7.090014991132564e-05,0.1102434442179014,-0.000283
2024-03-05,kelapa gading,,9.715766705383063e-05,0.1092153937511879,
2024-03-05,komp angkasa pura jakarta pusat,0.0293162670005341,7.67451239249383e-05,0.1092153937511879,
2024-03-05,lubang buaya,,7.556971577938263e-05,0.1095946750878291,
2024-03-05,us consulate jakarta pusat,0.0293162670005341,7.67451239249383e-05,0.1092153937511879,
2024-03-06,bundaran hotel indonesia,0.0293704391818426,0.00012960635224953617,0.1093801633418015,8.380865132668125e-05
2024-03-06,jagakarsa,0.0304410630044906,0.00012421443608654525,0.1087714784815049,8.380865132668125e-05
2024-03-06,jalan bdn ii,0.0269596545732075,7.727552803896769e-05,0.1084371230005616,4.3028308838086285e-05
2024-03-06,kebon jeruk,0.0268944818311886,0.00010475889975062772,0.1093801633418015,
2024-03-06,kelapa gading,0.03128110417856,0.00012207491004192526,0.1090206368462661,0.0001636781932847436
2024-03-06,komp angkasa pura jakarta pusat,0.0304410630044906,0.00012421443608654525,0.1090206368462661,8.380865132668125e-05
2024-03-06,lubang buaya,0.0291213092677939,8.868679981019698e-05,0.108952436136213,0.00015598571025214166
2024-03-06,us consulate jakarta pusat,0.0304410630044906,0.00012421443608654525,0.1090206368462661,8.380865132668125e-05
2024-03-07,bundaran hotel indonesia,,0.0001029928852652276,0.1097766250272885,
2024-03-07,jagakarsa,,0.00010572475709060132,0.1096133198904038,
2024-03-07,jalan bdn ii,,9.491061878135809e-05,0.1093411589489157,
2024-03-07,kebon jeruk,,8.285744711525617e-05,0.1097766250272885,
2024-03-07,kelapa gading,,0.00010930490350765854,0.1088552725987582,
2024-03-07,komp angkasa pura jakarta pusat,,0.00010572475709060132,0.1088552725987582,
2024-03-07,lubang buaya,,9.150028803320456e-05,0.1087957380730616,
2024-03-07,us consulate jakarta pusat,,0.00010572475709060132,0.1088552725987582,
2024-03-08,bundaran hotel indonesia,,7.983805535512144e-05,0.1091816349875487,
2024-03-08,jagakarsa,,7.364526263531149e-05,0.1092190890863584,
2024-03-08,jalan bdn ii,,6.106862199733884e-05,0.1086177747168434,
2024-03-08,kebon jeruk,,7.620667877147426e-05,0.1091816349875487,
2024-03-08,kelapa gading,,8.346886655656345e-05,0.109460420746544,
2024-03-08,komp angkasa pura jakarta pusat,,7.364526263531149e-05,0.109460420746544,
2024-03-08,lubang buaya,,6.604501880858018e-05,0.1091434786482101,
2024-03-08,us consulate jakarta pusat,,7.364526263531149e-05,0.109460420746544,
2024-03-09,bundaran hotel indonesia,,,0.1104610678979805,
2024-03-09,jagakarsa,,,0.1104810392426915,
2024-03-09,jalan bdn ii,,,0.111011462856279,
2024-03-09,kebon jeruk,,,0.1104610678979805,
2024-03-09,kelapa gading,,,0.1106783260168301,
2024-03-09,komp angkasa pura jakarta pusat,,,0.1106783260168301,
2024-03-09,lubang buaya,,,0.110840712277625,
2024-03-09,us consulate jakarta pusat,,,0.1106783260168301,
2024-03-10,bundaran hotel indonesia,,,0.1096320896985281,
2024-03-10,jagakarsa,,,0.1098815617055566,
2024-03-10,jalan bdn ii,,,0.1094533831507599,
2024-03-10,kebon jeruk,,,0.1096320896985281,
2024-03-10,kelapa gading,,,0.1103670366316433,
2024-03-10,komp angkasa pura jakarta pusat,,,0.1103670366316433,
2024-03-10,lubang buaya,,,0.1093143616427356,
2024-03-10,us consulate jakarta pusat,,,0.1103670366316433,
2024-03-11,bundaran hotel indonesia,,,0.1102619624441562,
2024-03-11,jagakarsa,,,0.109835626244479,
2024-03-11,jalan bdn ii,,,0.1095708554110485,
2024-03-11,kebon jeruk,,,0.1102619624441562,
2024-03-11,kelapa gading,,,0.109937182283389,
2024-03-11,komp angkasa pura jakarta pusat,,,0.109937182283389,
2024-03-11,lubang buaya,,,0.1096618816228698,
2024-03-11,us consulate jakarta pusat,,,0.109937182283389,
2024-03-12,bundaran hotel indonesia,0.0322635022791661,6.409694440464762e-05,0.1074498100416013,
2024-03-12,jagakarsa,0.0314312599326233,4.480701390948052e-05,0.1073479433727885,
2024-03-12,jalan bdn ii,0.029718347854571,6.285063655575495e-05,0.108416934936672,
2024-03-12,kebon jeruk,0.0293351350565781,5.801796461568537e-05,0.1074498100416013,
2024-03-12,kelapa gading,0.0295608286504857,4.343459114940693e-05,0.1075852584634339,
2024-03-12,komp angkasa pura jakarta pusat,0.0314312599326233,4.480701390948052e-05,0.1075852584634339,
2024-03-12,lubang buaya,0.0299024836055871,5.358867708512068e-05,0.1086496523146983,
2024-03-12,us consulate jakarta pusat,0.0314312599326233,4.480701390948052e-05,0.1075852584634339,
2024-03-13,bundaran hotel indonesia,,6.303777389336912e-05,0.1092641780805674,
2024-03-13,jagakarsa,,5.915188888317384e-05,0.1094811358553068,
2024-03-13,jalan bdn ii,,6.05993998912828e-05,0.108643161495933,
2024-03-13,kebon jeruk,,6.303777389336912e-05,0.1092641780805674,
2024-03-13,kelapa gading,,6.257096098821728e-05,0.1092077687355575,
2024-03-13,komp angkasa pura jakarta pusat,,6.257096098821728e-05,0.1092077687355575,
2024-03-13,lubang buaya,,7.087654314669908e-05,0.1086943468369124,
2024-03-13,us consulate jakarta pusat,,6.257096098821728e-05,0.1092077687355575,
2024-03-14,bundaran hotel indonesia,,,0.1115903180689913,
2024-03-14,jagakarsa,,,0.1115663258541849,
2024-03-14,jalan bdn ii,,,0.1116498205980426,
2024-03-14,kebon jeruk,,,0.1115903180689913,
2024-03-14,kelapa gading,,,0.1113018524899695,
2024-03-14,komp angkasa pura jakarta pusat,,,0.1113018524899695,
2024-03-14,lubang buaya,,,0.1115053684261441,
2024-03-14,us consulate jakarta pusat,,,0.1113018524899695,
2024-03-15,bundaran hotel indonesia,,6.223358046468507e-05,0.1114627660981488,
2024-03-15,jagakarsa,,7.308463257351109e-05,0.1114311066362545,
2024-03-15,jalan bdn ii,,,0.1116409677247373,
2024-03-15,kebon jeruk,,5.23409126177852e-05,0.1114627660981488,
2024-03-15,kelapa gading,,6.211794859512381e-05,0.1122693780463982,
2024-03-15,komp angkasa pura jakarta pusat,,7.308463257351109e-05,0.1122693780463982,
2024-03-15,lubang buaya,,,0.1115457693051531,
2024-03-15,us consulate jakarta pusat,,7.308463257351109e-05,0.1122693780463982,
2024-03-16,bundaran hotel indonesia,0.0265424667667098,8.202861197892647e-05,0.1079575376066465,
2024-03-16,jagakarsa,0.0269068935591673,9.144557045588234e-05,0.1077789808169968,
2024-03-16,jalan bdn ii,0.0250087065399256,5.6396949495069104e-05,0.1076790929766914,
2024-03-16,kebon jeruk,0.0266024258659025,7.277405205025173e-05,0.1079575376066465,
2024-03-16,kelapa gading,,0.00011008255404748822,0.108162231330322,
2024-03-16,komp angkasa pura jakarta pusat,0.0269068935591673,9.144557045588234e-05,0.108162231330322,
2024-03-16,lubang buaya,0.0249178558423162,5.306129874504984e-05,0.1082787557244736,
2024-03-16,us consulate jakarta pusat,0.0269068935591673,9.144557045588234e-05,0.108162231330322,
2024-03-17,bundaran hotel indonesia,0.0285020171567809,5.666093851099234e-05,0.1079057845502596,
2024-03-17,jagakarsa,0.0229089128058123,8.557251514294122e-05,0.1079405572880978,
2024-03-17,jalan bdn ii,0.0282015934086157,4.387502252576806e-05,0.1078520781906162,
2024-03-17,kebon jeruk,0.0285020182141716,6.0472905635325385e-05,0.1079057845502596,
2024-03-17,kelapa gading,0.0229089129539743,9.890273323793136e-05,0.1090570514843873,
2024-03-17,komp angkasa pura jakarta pusat,0.0229089128058123,8.557251514294122e-05,0.1090570514843873,
2024-03-17,lubang buaya,0.0249889522861643,4.629450904333211e-05,0.1085984718395788,
2024-03-17,us consulate jakarta pusat,0.0229089128058123,8.557251514294122e-05,0.1090570514843873,
2024-03-18,bundaran hotel indonesia,0.0254681665130717,9.54392883883914e-05,0.1077531124884074,
2024-03-18,jagakarsa,0.0242141988646671,0.00010292077813284329,0.1085045085545568,
2024-03-18,jalan bdn ii,0.024389309803766,6.346757544802469e-05,0.1079179467625864,
2024-03-18,kebon jeruk,0.0275936985309674,9.2464949510707e-05,0.1077531124884074,
2024-03-18,kelapa gading,0.0253127681881394,9.183181804516772e-05,0.1083471147178812,
2024-03-18,komp angkasa pura jakarta pusat,0.0242141988646671,0.00010292077813284329,0.1083471147178812,
2024-03-18,lubang buaya,0.0228888355169196,7.174622260291498e-05,0.1083074308664205,
2024-03-18,us consulate jakarta pusat,0.0242141988646671,0.00010292077813284329,0.1083471147178812,
2024-03-19,bundaran hotel indonesia,0.0266402838897522,5.904098861793643e-05,0.1082790773952245,2.1689227048867485e-06
2024-03-19,jagakarsa,0.0249976027034711,8.308771938063798e-05,0.1082927376944319,2.1689227048867485e-06
2024-03-19,jalan bdn ii,0.0258019276204939,6.053528142656608e-05,0.1092688422574768,8.745560181164398e-05
2024-03-19,kebon jeruk,0.027568115196875,6.185449620727336e-05,0.1082790773952245,-0.000101
2024-03-19,kelapa gading,0.0258276570702354,0.00010237801387462867,0.1081034036389648,-3.85e-05
2024-03-19,komp angkasa pura jakarta pusat,0.0249976027034711,8.308771938063798e-05,0.1081034036389648,2.1689227048867485e-06
2024-03-19,lubang buaya,0.0242369270271012,6.119017021244402e-05,0.109635165676864,0.0002495824162343517
2024-03-19,us consulate jakarta pusat,0.0249976027034711,8.308771938063798e-05,0.1081034036389648,2.1689227048867485e-06
2024-03-20,kelapa gading,,,,0.0008019209433436106
2024-03-20,lubang buaya,,,,0.0004621652254733101
2024-03-21,bundaran hotel indonesia,0.0299569489726944,0.0001028638129775469,0.1103361018635221,-0.000384
2024-03-21,jagakarsa,0.0291582010482758,9.421832141576056e-05,0.1105247009920356,-0.000384
2024-03-21,jalan bdn ii,0.0307481015473805,7.883498279934154e-05,0.1091379172763502,-0.000318
2024-03-21,kebon jeruk,0.0297271863101665,8.142138144015807e-05,0.1103361018635221,-0.000384
2024-03-21,kelapa gading,0.0288761974619346,0.00010927583269980188,0.1106164865310156,-3.73e-05
2024-03-21,komp angkasa pura jakarta pusat,0.0291582010482758,9.421832141576056e-05,0.1106164865310156,-3.73e-05
2024-03-21,lubang buaya,0.0307879185663653,8.393403844845164e-05,0.1094213913000314,
2024-03-21,us consulate jakarta pusat,0.0291582010482758,9.421832141576056e-05,0.1105247009920356,-3.73e-05
2024-03-22,bundaran hotel indonesia,,9.455217112108792e-05,0.111989940768265,
2024-03-22,jagakarsa,0.0341034572680686,7.895298791055612e-05,0.1116384885209174,
2024-03-22,jalan bdn ii,0.0299529734465494,7.891668778830893e-05,0.111388676336432,
2024-03-22,kebon jeruk,,0.00010177083155526372,0.111989940768265,
2024-03-22,kelapa gading,0.0335614092348909,6.200965406850092e-05,0.1106187472984274,
2024-03-22,komp angkasa pura jakarta pusat,0.0341034572680686,7.895298791055612e-05,0.1106187472984274,
2024-03-22,lubang buaya,,8.785938075029093e-05,0.1122624556102114,
2024-03-22,us consulate jakarta pusat,0.0341034572680686,7.895298791055612e-05,0.1116384885209174,
2024-03-24,bundaran hotel indonesia,0.0342892284851667,0.00014132772758326703,0.1138789810776244,-8.35e-05
2024-03-24,jagakarsa,0.0376358537885315,0.00011816767563554744,0.1146418064116089,-8.35e-05
2024-03-24,jalan bdn ii,0.0347049933637324,0.00013894316439951168,0.1130081415895594,
2024-03-24,kebon jeruk,0.0352198539874211,0.00016481179505738834,0.1138789810776244,
2024-03-24,kelapa gading,0.0357558131264744,9.698249069654838e-05,0.1151566480664657,-4.63e-05
2024-03-24,komp angkasa pura jakarta pusat,0.0376358537885315,0.00011816767563554744,0.1151566480664657,-8.35e-05
2024-03-24,lubang buaya,0.0357635168771343,0.00013208310259985856,0.1134354752251238,
2024-03-24,us consulate jakarta pusat,0.0376358537885315,0.00011816767563554744,0.1151566480664657,-8.35e-05
2024-03-25,bundaran hotel indonesia,,0.00012481225244231165,0.1137157582182038,-0.000595
2024-03-25,jagakarsa,,0.00010730919424844448,0.1132382894124691,-0.000595
2024-03-25,jalan bdn ii,0.0322606304466087,0.00017286979933177742,0.1132456275107239,
2024-03-25,kebon jeruk,,0.0001294428259330102,0.1137157582182038,
2024-03-25,kelapa gading,,0.00010946668157509472,0.1139900547380769,0.00032375493692143306
2024-03-25,komp angkasa pura jakarta pusat,,0.00010730919424844448,0.1139900547380769,-0.000595
2024-03-25,lubang buaya,,0.0001400743802140321,0.1133764464016919,
2024-03-25,us consulate jakarta pusat,,0.00010730919424844448,0.1139900547380769,-0.000595
2024-03-26,bundaran hotel indonesia,,,0.1149940264237494,
2024-03-26,jagakarsa,,,0.1149829574358734,
2024-03-26,jalan bdn ii,,,0.1154888302218405,
2024-03-26,kebon jeruk,,,0.1149940264237494,
2024-03-26,kelapa gading,,0.0001360834582397733,0.1148365482708939,
2024-03-26,komp angkasa pura jakarta pusat,,0.0001360834582397733,0.1148365482708939,
2024-03-26,lubang buaya,,0.00015140818251736758,0.115476725593941,
2024-03-26,us consulate jakarta pusat,,,0.1148365482708939,
2024-03-27,bundaran hotel indonesia,,0.00010780110361433908,0.1140880068176274,
2024-03-27,jagakarsa,,0.00011150077995905908,0.1140325648352502,
2024-03-27,jalan bdn ii,,0.0001765531524458973,0.1146759383744355,
2024-03-27,kebon jeruk,,0.0001282166478329367,0.1140880068176274,
2024-03-27,kelapa gading,,,0.1140729155040777,
2024-03-27,komp angkasa pura jakarta pusat,,0.00011150077995905908,0.1140729155040777,
2024-03-27,lubang buaya,,0.00017417317065269755,0.1142495444890834,
2024-03-27,us consulate jakarta pusat,,0.00011150077995905908,0.1140729155040777,
2024-03-28,bundaran hotel indonesia,0.0460336922849843,0.0003322194380435332,0.1137306032569115,
2024-03-28,jagakarsa,0.0440924470770115,0.0001657889165943524,0.1136567265958661,
2024-03-28,jalan bdn ii,0.0343815328652852,0.0001650402957782986,0.1127882948802202,
2024-03-28,kebon jeruk,0.0470241835180662,0.00023222970209102144,0.1137306032569115,-0.000165
2024-03-28,kelapa gading,0.0478492390596241,0.00016889278121118745,0.1139385224274161,
2024-03-28,komp angkasa pura jakarta pusat,0.0440924470770115,0.0001657889165943524,0.1139385224274161,
2024-03-28,lubang buaya,0.037119087798747,0.00021377203090382072,0.1132210250052372,
2024-03-28,us consulate jakarta pusat,0.0440924470770115,0.0001657889165943524,0.1139385224274161,
2024-03-29,bundaran hotel indonesia,0.0333203794759952,0.00012574962366979442,0.1141567136670791,-0.000244
2024-03-29,jagakarsa,0.0362832287497405,0.000103097143867251,0.114481819131251,-0.000244
2024-03-29,jalan bdn ii,0.0380173063089605,0.00010049673744870535,0.1134705168827378,
2024-03-29,kebon jeruk,0.0339122450052269,0.000151641931587293,0.1141567136670791,-0.000245
2024-03-29,kelapa gading,0.0358807011003373,7.69321524025441e-05,0.1132930952579551,-6.46e-05
2024-03-29,komp angkasa pura jakarta pusat,0.0362832287497405,0.000103097143867251,0.1132930952579551,-0.000244
2024-03-29,lubang buaya,0.0389779592683314,8.991652927446811e-05,0.1134980829190102,
2024-03-29,us consulate jakarta pusat,0.0362832287497405,0.000103097143867251,0.1132930952579551,-0.000244
2024-03-30,bundaran hotel indonesia,0.033138570370329,0.0001104579839459276,0.115683775296754,0.00028526203360210406
2024-03-30,jagakarsa,,9.226599212568824e-05,0.1157357790773638,0.00028526203360210406
2024-03-30,jalan bdn ii,0.0359484066285608,0.0001415937367022968,0.1146598306094978,
2024-03-30,kebon jeruk,,9.75690607702334e-05,0.115683775296754,0.0002471911333618914
2024-03-30,kelapa gading,0.0319236216102648,7.656062817803688e-05,0.1148719234233704,-0.000171
2024-03-30,komp angkasa pura jakarta pusat,,9.226599212568824e-05,0.1148719234233704,0.00028526203360210406
2024-03-30,lubang buaya,0.0357106404237373,0.00010861863201942144,0.1129861881660805,
2024-03-30,us consulate jakarta pusat,,9.226599212568824e-05,0.1148719234233704,0.00028526203360210406
2024-03-31,bundaran hotel indonesia,0.0410517430606978,0.0001904280587369304,0.1128048124853108,
2024-03-31,jagakarsa,0.0414615795072246,0.0001605241956906767,0.1128249736818093,
2024-03-31,jalan bdn ii,0.0393495001502395,0.0001582929034434633,0.1121555080869948,
2024-03-31,kebon jeruk,0.0410517430606978,0.0001904280587369304,0.1128048124853108,
2024-03-31,kelapa gading,,0.00015705400728683938,0.113061774026296,
2024-03-31,komp angkasa pura jakarta pusat,,0.00015705400728683938,0.113061774026296,
2024-03-31,lubang buaya,,0.00023312136822295083,0.1130902992868829,
2024-03-31,us consulate jakarta pusat,0.0414615795072246,0.0001605241956906767,0.113061774026296,
2024-04-01,bundaran hotel indonesia,,,0.1119072253981329,
2024-04-01,jagakarsa,,,0.1121744881476519,
2024-04-01,jalan bdn ii,,0.0002165062806784793,0.1138259791170857,
2024-04-01,kebon jeruk,,,0.1119072253981329,
2024-04-01,kelapa gading,,,0.1117084535036047,
2024-04-01,komp angkasa pura jakarta pusat,,,0.1117084535036047,
2024-04-01,lubang buaya,,0.0002044150762753557,0.1134922939531253,
2024-04-01,us consulate jakarta pusat,,,0.1117084535036047,
2024-04-02,bundaran hotel indonesia,,0.0003265931969948144,0.1127558356151822,
2024-04-02,jagakarsa,,0.0002520390324720059,0.1129626266963725,
2024-04-02,jalan bdn ii,,0.00016375079343201713,0.1125965623117175,
2024-04-02,kebon jeruk,,0.0002671409401592799,0.1127558356151822,
2024-04-02,kelapa gading,,0.00017678318865379473,0.1133986472631356,
2024-04-02,komp angkasa pura jakarta pusat,,0.0002520390324720059,0.1133986472631356,
2024-04-02,lubang buaya,,0.0001673637781415036,0.1129257872386144,
2024-04-02,us consulate jakarta pusat,,0.0002520390324720059,0.1133986472631356,
2024-04-03,bundaran hotel indonesia,0.0293456956661402,0.0002372115783566192,0.1129542621049531,-0.000281
2024-04-03,jagakarsa,0.0309095334134399,0.00015890203982344371,0.1126853769430763,-0.000281
2024-04-03,jalan bdn ii,0.0274126946014529,0.0002664543617260103,0.1129833333878384,
2024-04-03,kebon jeruk,0.0304147585321235,0.00020287933425506457,0.1129542621049531,0.00017121227629096405
2024-04-03,kelapa gading,0.03112541328701,0.0001205427300779893,0.1135863388438347,4.1207143148233806e-05
2024-04-03,komp angkasa pura jakarta pusat,0.0309095334134399,0.00015890203982344371,0.1135863388438347,-0.000281
2024-04-03,lubang buaya,0.026154629702457,0.0002113966612114224,0.1118121013203687,
2024-04-03,us consulate jakarta pusat,0.0309095334134399,0.00015890203982344371,0.1135863388438347,-0.000281
2024-04-04,bundaran hotel indonesia,0.028658868747946,0.00018661734436298927,0.1143538506201186,0.0002749755490812055
2024-04-04,jagakarsa,0.036175584937237,0.00014323329149386633,0.1146232580358047,0.0002749755490812055
2024-04-04,jalan bdn ii,0.0314900722578751,0.0002126033651785929,0.1151183403762395,
2024-04-04,kebon jeruk,0.0330627866858375,0.00018747088194555136,0.1143538506201186,-0.000257
2024-04-04,kelapa gading,0.0367399307621748,0.00012577911979262432,0.1144095236291393,-0.000295
2024-04-04,komp angkasa pura jakarta pusat,0.036175584937237,0.00014323329149386633,0.1144095236291393,0.0002749755490812055
2024-04-04,lubang buaya,0.0308170389737943,0.000190033680952001,0.1150883069866118,
2024-04-04,us consulate jakarta pusat,0.036175584937237,0.00014323329149386633,0.1144095236291393,0.0002749755490812055
2024-04-05,kelapa gading,,,0.1148250972007684,
2024-04-05,komp angkasa pura jakarta pusat,,,0.1148250972007684,
2024-04-05,lubang buaya,,,0.1124820458612139,
2024-04-05,us consulate jakarta pusat,,,0.1148250972007684,
2024-04-06,bundaran hotel indonesia,,7.078208710108596e-05,0.1111532233671246,
2024-04-06,jagakarsa,,7.985853945955501e-05,0.1116542972078992,
2024-04-06,jalan bdn ii,,7.471693411737352e-05,0.1113309704175415,
2024-04-06,kebon jeruk,,7.078208710108596e-05,0.1111532233671246,
2024-04-06,kelapa gading,,9.742148447594366e-05,0.1118786835798269,
2024-04-06,komp angkasa pura jakarta pusat,,9.742148447594366e-05,0.1118786835798269,
2024-04-06,lubang buaya,,9.79969766923518e-05,0.1122971794726528,
2024-04-06,us consulate jakarta pusat,,7.985853945955501e-05,0.1118786835798269,
2024-04-07,bundaran hotel indonesia,0.0411238406489374,0.00020997525934291771,0.1134892007343275,
2024-04-07,jagakarsa,0.0440927419794947,0.00015416725304711885,0.1138791949902291,-7.12e-05
2024-04-07,jalan bdn ii,0.0337805856500559,8.761962470964812e-05,0.1134146718459029,
2024-04-07,kebon jeruk,0.0411238406489374,0.00020997525934291771,0.1134892007343275,
2024-04-07,kelapa gading,0.0364955930269085,0.00015860882298752405,0.1134577542792552,
2024-04-07,komp angkasa pura jakarta pusat,0.0364955930269085,0.00015860882298752405,0.1134577542792552,-7.12e-05
2024-04-07,lubang buaya,0.0339410203054693,8.100660534755987e-05,0.1128347930254463,
2024-04-07,us consulate jakarta pusat,0.0440927419794947,0.00015416725304711885,0.1134577542792552,
2024-04-08,bundaran hotel indonesia,0.0382542746495357,0.00016934123649914017,0.1131223365640486,-8.12e-05
2024-04-08,jagakarsa,0.0374606814317444,0.00012038297828459132,0.1132826377718533,-1.71e-05
2024-04-08,jalan bdn ii,,0.00012971949390977902,0.112990523702309,-0.000615
2024-04-08,kebon jeruk,0.0382542746495357,0.00016934123649914017,0.1131223365640486,-0.000451
2024-04-08,kelapa gading,0.0367548343501351,0.00011394518348454968,0.1136242602894832,9.328000544767222e-05
2024-04-08,komp angkasa pura jakarta pusat,0.0367548343501351,0.00011394518348454968,0.1136242602894832,-1.71e-05
2024-04-08,lubang buaya,,0.0001078875938043575,0.1132346825115522,
2024-04-08,us consulate jakarta pusat,0.0374606814317444,0.00012038297828459132,0.1136242602894832,-8.12e-05
2024-04-09,bundaran hotel indonesia,,0.00013622621063438985,0.1137006798170275,
2024-04-09,jagakarsa,,0.0001267063514462394,0.114044016589027,
2024-04-09,jalan bdn ii,,0.00012274156198988765,0.1135249587159516,
2024-04-09,kebon jeruk,0.0303521173023327,0.00013622621063438985,0.1137006798170275,
2024-04-09,kelapa gading,,0.0001225383239996996,0.1143797832310796,
2024-04-09,komp angkasa pura jakarta pusat,,0.0001225383239996996,0.1143797832310796,
2024-04-09,lubang buaya,,0.0001152371225883196,0.1135582584141474,
2024-04-09,us consulate jakarta pusat,,0.0001267063514462394,0.1143797832310796,
2024-04-10,bundaran hotel indonesia,,0.00015247778785472234,0.1128926255042845,-0.000532
2024-04-10,jagakarsa,,0.00015991952426863207,0.1134128626498403,-0.000105
2024-04-10,jalan bdn ii,,0.00010798011213598964,0.1130077404820931,-1.93e-05
2024-04-10,kebon jeruk,0.03296138892025,0.00016369494993212302,0.1128926255042845,-1.6e-05
2024-04-10,kelapa gading,,0.00010826634084650492,0.1128665879176068,-0.000146
2024-04-10,komp angkasa pura jakarta pusat,,0.00015991952426863207,0.1128665879176068,-0.000105
2024-04-10,lubang buaya,,0.00012044915515827136,0.1127972640168341,
2024-04-10,us consulate jakarta pusat,,0.00015991952426863207,0.1128665879176068,-0.000532
2024-04-11,bundaran hotel indonesia,,0.00012028529121462172,0.1131545541823034,
2024-04-11,jagakarsa,,0.00010354024764188976,0.1127220762836136,
2024-04-11,jalan bdn ii,0.0339567254730625,0.00012941191141468413,0.113149480263794,
2024-04-11,kebon jeruk,,0.00010162550293558336,0.1131545541823034,
2024-04-11,kelapa gading,0.0300492253410856,0.00011051812086682146,0.1138862196080171,-0.000445
2024-04-11,komp angkasa pura jakarta pusat,0.0300492253410856,0.00010354024764188976,0.1138862196080171,-0.000445
2024-04-11,lubang buaya,0.0304477954394267,0.00010292696089765768,0.1121605798535348,
2024-04-11,us consulate jakarta pusat,,0.00010354024764188976,0.1138862196080171,
2024-04-12,bundaran hotel indonesia,,0.0002042422565351217,0.1135633769717329,
2024-04-12,jagakarsa,0.0401462318696231,0.00014950582498602077,0.1124440850628012,-0.000405
2024-04-12,jalan bdn ii,,,0.1130448262811901,
2024-04-12,kebon jeruk,,0.0002042422565351217,0.1135633769717329,
2024-04-12,kelapa gading,0.0340516589250603,0.00013563385259394585,0.1132964896050184,-0.000287
2024-04-12,komp angkasa pura jakarta pusat,0.0340516589250603,0.00013563385259394585,0.1132964896050184,-0.000287
2024-04-12,lubang buaya,,,0.1123549810450562,
2024-04-12,us consulate jakarta pusat,0.0401462318696231,0.00013563385259394585,0.1132964896050184,
2024-04-13,bundaran hotel indonesia,0.0395129899481143,0.00013152050894903706,0.1141234331547633,-3.98e-05
2024-04-13,jagakarsa,0.0388094861404509,0.0001132231399160098,0.1141998275066486,-2.27e-05
2024-04-13,jalan bdn ii,0.0361534341062045,9.63499982678608e-05,0.1136834608045517,4.138434391682488e-05
2024-04-13,kebon jeruk,0.0395129899481143,0.00013152050894903706,0.1141234331547633,-8.95e-05
2024-04-13,kelapa gading,0.037936941228288,0.00012236208488967742,0.1141566842489498,-2.52e-05
2024-04-13,komp angkasa pura jakarta pusat,0.037936941228288,0.00012236208488967742,0.1141566842489498,-2.27e-05
2024-04-13,lubang buaya,0.0323468835690949,9.66949773072242e-05,0.1136920490584764,-8e-06
2024-04-13,us consulate jakarta pusat,0.0388094861404509,0.00012236208488967742,0.1141566842489498,-3.98e-05
2024-04-14,bundaran hotel indonesia,0.0366294833094405,0.00013651143293863765,0.1142537954461289,-0.000362
2024-04-14,jagakarsa,0.0366294833094405,8.40914812608279e-05,0.1120004201826899,-7.57e-05
2024-04-14,jalan bdn ii,,8.859362458013533e-05,0.1129341940632003,
2024-04-14,kebon jeruk,0.0366294833094405,0.00013651143293863765,0.1142537954461289,-0.000222
2024-04-14,kelapa gading,0.0343788982925737,9.47198025267705e-05,0.1120736219684037,-0.000139
2024-04-14,komp angkasa pura jakarta pusat,0.0343788982925737,9.47198025267705e-05,0.1120736219684037,-7.57e-05
2024-04-14,lubang buaya,,9.488262767627186e-05,0.1134312004828849,
2024-04-14,us consulate jakarta pusat,0.0366294833094405,9.47198025267705e-05,0.1120736219684037,-0.000362
2024-04-15,bundaran hotel indonesia,0.0297595532588313,9.436436319505557e-05,0.1119771927572702,
2024-04-15,jagakarsa,0.0297595532588313,8.721931538151621e-05,0.1127274845059193,0.00011596603039910494
2024-04-15,jalan bdn ii,0.03086491522969,9.121239286529254e-05,0.1116337517078209,
2024-04-15,kebon jeruk,0.0297595532588313,9.436436319505557e-05,0.1119771927572702,-0.000139
2024-04-15,kelapa gading,0.0245058642201014,9.33700497604045e-05,0.111747294238235,0.00031034834649078827
2024-04-15,komp angkasa pura jakarta pusat,0.0245058642201014,9.33700497604045e-05,0.111747294238235,0.00011596603039910494
2024-04-15,lubang buaya,0.0241156329765841,9.181134429306132e-05,0.1112641050938508,0.00019284635913057653
2024-04-15,us consulate jakarta pusat,0.0297595532588313,9.33700497604045e-05,0.111747294238235,
2024-04-16,bundaran hotel indonesia,0.0285539797843214,0.00014207108066763188,0.1113392184965521,-0.000564
2024-04-16,jagakarsa,0.0285539797843214,0.0001140608433073662,0.1126635361376462,-0.000248
2024-04-16,jalan bdn ii,0.0304080570187837,0.00011590665661519835,0.1115039022537184,
2024-04-16,kebon jeruk,0.0285539797843214,0.00014207108066763188,0.1113392184965521,-0.000564
2024-04-16,kelapa gading,0.0284021081113885,0.0001069844478697014,0.1121774479049435,0.0002782140215120623
2024-04-16,komp angkasa pura jakarta pusat,0.0284021081113885,0.0001069844478697014,0.1121774479049435,0.0002782140215120623
2024-04-16,lubang buaya,0.0289098198606393,0.0001044943942600218,0.1119153658297718,
2024-04-16,us consulate jakarta pusat,0.0284021081113885,0.0001069844478697014,0.1121774479049435,0.0001834570135123793
2024-04-17,bundaran hotel indonesia,,0.00014404491652318275,0.1123337889822867,
2024-04-17,jagakarsa,,0.00013149112033898204,0.1123492358675839,
2024-04-17,jalan bdn ii,,0.0001744082409316046,0.1124122951315264,
2024-04-17,kebon jeruk,,0.00014404491652318275,0.1123337889822867,
2024-04-17,kelapa gading,0.034122813170458,0.00012818874065625876,0.1126258503673009,8.385792872565754e-05
2024-04-17,komp angkasa pura jakarta pusat,0.034122813170458,0.00012818874065625876,0.1126258503673009,8.385792872565754e-05
2024-04-17,lubang buaya,0.0349527808012635,0.0001823174822574044,0.1127297276827637,
2024-04-17,us consulate jakarta pusat,0.034122813170458,0.00012818874065625876,0.1126258503673009,0.0003895978300451624
2024-04-18,bundaran hotel indonesia,0.0383386695313671,0.00026613586117613884,0.1122039356022466,-1.7e-05
2024-04-18,jagakarsa,0.0383386695313671,0.00026613586117613884,0.1127493194671565,-1.89e-05
2024-04-18,jalan bdn ii,0.0376557476189557,0.00021781294191319027,0.1117359809105624,9.854499522225972e-05
2024-04-18,kebon jeruk,0.0383386695313671,0.00026613586117613884,0.1122039356022466,-1.7e-05
2024-04-18,kelapa gading,0.0356056543499081,0.00025090243164406755,0.11261793896209,-0.000159
2024-04-18,komp angkasa pura jakarta pusat,0.0356056543499081,0.00025090243164406755,0.11261793896209,-0.000159
2024-04-18,lubang buaya,0.0324506228568838,0.000259766477682401,0.1119237187382604,-0.000276
2024-04-18,us consulate jakarta pusat,0.0356056543499081,0.00025090243164406755,0.11261793896209,-0.000294
2024-04-19,bundaran hotel indonesia,,0.00016087340438315743,0.1144932968771623,
2024-04-19,jagakarsa,,0.00016087340438315743,0.114338144269769,
2024-04-19,jalan bdn ii,,0.0001792697638478344,0.1139909368325053,
2024-04-19,kebon jeruk,,0.00016087340438315743,0.1144932968771623,
2024-04-19,kelapa gading,,0.0001232411193501023,0.114324793826394,
2024-04-19,komp angkasa pura jakarta pusat,,0.0001232411193501023,0.114324793826394,
2024-04-19,lubang buaya,,0.00014429535850028432,0.1143302875871521,
2024-04-19,us consulate jakarta pusat,,0.0001232411193501023,0.114324793826394,
2024-04-20,bundaran hotel indonesia,0.0299187936194596,0.00011578443680590402,0.1134462845228339,-0.00013
2024-04-20,jagakarsa,0.0299187936194596,0.00011578443680590402,0.113585297764946,0.00011758047540566892
2024-04-20,jalan bdn ii,0.0313498474033475,0.00010615604676190649,0.1138729350211279,-0.000164
2024-04-20,kebon jeruk,0.0299187936194596,0.00011578443680590402,0.1134462845228339,-0.00013
2024-04-20,kelapa gading,0.0304757685178953,0.00010669963596145104,0.1137521376536038,0.00025348038588649804
2024-04-20,komp angkasa pura jakarta pusat,0.0304757685178953,0.00010669963596145104,0.1137521376536038,0.00025348038588649804
2024-04-20,lubang buaya,0.0319969623988548,0.00010820113457013428,0.1133642167126938,-4.19e-05
2024-04-20,us consulate jakarta pusat,0.0304757685178953,0.00010669963596145104,0.1137521376536038,-0.000245
2024-04-21,jagakarsa,,,0.112930493008464,
2024-04-21,kelapa gading,,,0.1136282826469888,
2024-04-21,komp angkasa pura jakarta pusat,,,0.1136282826469888,
2024-04-21,lubang buaya,,,0.1119720178407457,
2024-04-21,us consulate jakarta pusat,,,0.1136282826469888,
2024-04-22,bundaran hotel indonesia,0.0332524492803154,0.0001988698825442445,0.1133583197487573,-0.000723
2024-04-22,jagakarsa,0.0332524492803154,0.0001988698825442445,0.1136493084310863,-0.000316
2024-04-22,jalan bdn ii,0.0332428724676481,0.0002843350045719083,0.1128376590947792,
2024-04-22,kebon jeruk,0.0332524492803154,0.0001988698825442445,0.1133583197487573,5.154901409087438e-05
2024-04-22,kelapa gading,0.0330652923070338,0.00017898465382330223,0.1138240456506586,0.00025706450355764333
2024-04-22,komp angkasa pura jakarta pusat,0.0330652923070338,0.00017898465382330223,0.1138240456506586,-0.000316
2024-04-22,lubang buaya,0.0331129580558834,0.00019961282593446863,0.1131810819471846,0.00014987860210326172
2024-04-22,us consulate jakarta pusat,0.0330652923070338,0.00017898465382330223,0.1138240456506586,-0.000723
2024-04-23,bundaran hotel indonesia,0.0350161081967088,0.00015113933013849977,0.1142818531142842,-0.000102
2024-04-23,jagakarsa,0.0350161081967088,0.00015113933013849977,0.1142904169135225,3.465474440938447e-05
2024-04-23,jalan bdn ii,0.0354274780446375,0.00026072850097153926,0.1138460624200345,0.0001679534706467668
2024-04-23,kebon jeruk,0.0350161081967088,0.00015113933013849977,0.1142818531142842,-0.000102
2024-04-23,kelapa gading,0.0346460239787506,0.00020274555768245,0.1133325127265432,-0.000434
2024-04-23,komp angkasa pura jakarta pusat,0.0346460239787506,0.00020274555768245,0.1133325127265432,-0.000434
2024-04-23,lubang buaya,0.0366784869427927,0.0002639619600942242,0.113635359894043,-0.000418
2024-04-23,us consulate jakarta pusat,0.0346460239787506,0.00020274555768245,0.1133325127265432,-0.00018
2024-04-24,bundaran hotel indonesia,,0.00025588649288015204,0.1147634030386392,
2024-04-24,jagakarsa,,0.00025588649288015204,0.1150281503201556,
2024-04-24,jalan bdn ii,0.0345102248104424,0.0004236530638704983,0.1147632068224812,
2024-04-24,kebon jeruk,,0.00025588649288015204,0.1147634030386392,
2024-04-24,kelapa gading,,0.00023635227485617228,0.1140774936269812,
2024-04-24,komp angkasa pura jakarta pusat,,0.00023635227485617228,0.1140774936269812,
2024-04-24,lubang buaya,0.0343137545164171,0.0002525689439490525,0.1142634195177904,
2024-04-24,us consulate jakarta pusat,,0.00023635227485617228,0.1140774936269812,
2024-04-25,bundaran hotel indonesia,,0.00017550695090712745,0.1147133808057267,
2024-04-25,jagakarsa,,0.00017550695090712745,0.1145854106332865,
2024-04-25,jalan bdn ii,,0.00016876376013860532,0.1138203556698558,
2024-04-25,kebon jeruk,,0.00017550695090712745,0.1147133808057267,
2024-04-25,kelapa gading,,0.00015719615999156133,0.1150260483502776,
2024-04-25,komp angkasa pura jakarta pusat,,0.00015719615999156133,0.1150260483502776,
2024-04-25,lubang buaya,,0.00017177404453857264,0.1135811335403186,
2024-04-25,us consulate jakarta pusat,,0.00015719615999156133,0.1150260483502776,
2024-04-26,bundaran hotel indonesia,0.0298834751070689,0.00013373299265944844,0.113308977364249,-0.00016
2024-04-26,jagakarsa,0.0298834751070689,0.00013373299265944844,0.1144912647539223,2.164995903303604e-05
2024-04-26,jalan bdn ii,0.0309779089646472,0.00012229134367675235,0.1126251897345037,
2024-04-26,kebon jeruk,0.0298834751070689,0.00013373299265944844,0.113308977364249,-0.00016
2024-04-26,kelapa gading,0.0303486364059682,9.947285366481254e-05,0.1142166666766118,0.0003823178735435686
2024-04-26,komp angkasa pura jakarta pusat,0.0303486364059682,9.947285366481254e-05,0.1142166666766118,0.0003823178735435686
2024-04-26,lubang buaya,0.033590733329325,9.82598187736596e-05,0.1133019717980308,
2024-04-26,us consulate jakarta pusat,0.0303486364059682,9.947285366481254e-05,0.1142166666766118,-9.08e-05
2024-04-27,bundaran hotel indonesia,,0.00016741089763884373,0.1141844196580004,
2024-04-27,jagakarsa,,0.00016741089763884373,0.1137254087861331,
2024-04-27,jalan bdn ii,,0.0001948825773000304,0.113983117860792,
2024-04-27,kebon jeruk,,0.00016741089763884373,0.1141844196580004,
2024-04-27,kelapa gading,,0.00015717841618763267,0.1136789870718458,
2024-04-27,komp angkasa pura jakarta pusat,,0.00015717841618763267,0.1136789870718458,
2024-04-27,lubang buaya,,0.00017468193283672637,0.1147011321108233,
2024-04-27,us consulate jakarta pusat,,0.00015717841618763267,0.1136789870718458,
2024-04-28,bundaran hotel indonesia,,0.00015384604535532582,0.1133121267973081,
2024-04-28,jagakarsa,,0.00015384604535532582,0.1133117850009265,
2024-04-28,jalan bdn ii,,0.00020049033740486292,0.1136939277280896,
2024-04-28,kebon jeruk,,0.00015384604535532582,0.1133121267973081,
2024-04-28,kelapa gading,,0.0001703783753192976,0.1130767151706886,
2024-04-28,komp angkasa pura jakarta pusat,,0.0001703783753192976,0.1130767151706886,
2024-04-28,lubang buaya,,0.0001971253160578943,0.1136236824988889,
2024-04-28,us consulate jakarta pusat,,0.0001703783753192976,0.1130767151706886,
2024-04-29,bundaran hotel indonesia,0.0312229327384206,0.0001492878982767389,0.1142711406331128,2.9050988989691186e-05
2024-04-29,jagakarsa,0.0312229327384206,0.0001492878982767389,0.1152598932687427,5.1816109230009e-05
2024-04-29,jalan bdn ii,0.0314172340313797,0.00013845728215906253,0.1140902486539854,-6.76e-05
2024-04-29,kebon jeruk,0.0312229327384206,0.0001492878982767389,0.1142711406331128,-0.000163
2024-04-29,kelapa gading,0.0284519278010283,0.00011930506376482344,0.1153116853299901,0.00011441145267955383
2024-04-29,komp angkasa pura jakarta pusat,0.0284519278010283,0.00011930506376482344,0.1153116853299901,5.1816109230009e-05
2024-04-29,lubang buaya,0.028814559593348,0.00012381469291427344,0.1149028401586585,0.0001667642055614785
2024-04-29,us consulate jakarta pusat,0.0284519278010283,0.00011930506376482344,0.1153116853299901,2.9050988989691186e-05
2024-04-30,bundaran hotel indonesia,,0.0002422405466627436,0.1147808073143795,
2024-04-30,jagakarsa,,0.0002422405466627436,0.1149265393856412,
2024-04-30,jalan bdn ii,0.0288827120287417,0.00022588842176888768,0.1149410812123131,
2024-04-30,kebon jeruk,,0.0002422405466627436,0.1147808073143795,
2024-04-30,kelapa gading,0.0255033729154232,0.00015290831441390322,0.1140472568613984,
2024-04-30,komp angkasa pura jakarta pusat,0.0255033729154232,0.00015290831441390322,0.1140472568613984,
2024-04-30,lubang buaya,0.0274648700555482,0.00016582514448500751,0.1144871862269343,
2024-04-30,us consulate jakarta pusat,0.0255033729154232,0.00015290831441390322,0.1140472568613984,
2024-05-01,bundaran hotel indonesia,,9.642931895887996e-05,0.1145813902688674,
2024-05-01,jagakarsa,,9.642931895887996e-05,0.1145127127537503,
2024-05-01,jalan bdn ii,,0.00010993225617855986,0.113988638470378,
2024-05-01,kebon jeruk,,9.642931895887996e-05,0.1145813902688674,
2024-05-01,kelapa gading,,8.938900515151144e-05,0.1142673664851684,
2024-05-01,komp angkasa pura jakarta pusat,,8.938900515151144e-05,0.1142673664851684,
2024-05-01,lubang buaya,,0.00010409420451517472,0.1133783528793467,
2024-05-01,us consulate jakarta pusat,,8.938900515151144e-05,0.1142673664851684,
2024-05-02,bundaran hotel indonesia,0.0343625764284573,0.00018569086811337404,0.1132365186510423,
2024-05-02,jagakarsa,0.0343625764284573,0.00018569086811337404,0.1125435528845301,
2024-05-02,jalan bdn ii,0.0349568167963418,0.0001515003147618953,0.1125265121443222,
2024-05-02,kebon jeruk,0.0343625764284573,0.00018569086811337404,0.1132365186510423,
2024-05-02,kelapa gading,,0.00016427194804945303,0.112471653576195,
2024-05-02,komp angkasa pura jakarta pusat,,0.00016427194804945303,0.112471653576195,
2024-05-02,lubang buaya,,0.00015552675535126004,0.1132225807787723,
2024-05-02,us consulate jakarta pusat,,0.00016427194804945303,0.112471653576195,
2024-05-03,bundaran hotel indonesia,0.036530537104242,0.0002406236496462445,0.1127758887467002,0.00015036364597045018
2024-05-03,jagakarsa,0.036530537104242,0.0002406236496462445,0.1129983163094501,0.00016382823046210356
2024-05-03,jalan bdn ii,,0.00030119169871534635,0.1123562919403728,
2024-05-03,kebon jeruk,0.036530537104242,0.0002406236496462445,0.1127758887467002,
2024-05-03,kelapa gading,0.0358734613041205,0.0002762303501040226,0.1128791465279695,1.443209792799284e-06
2024-05-03,komp angkasa pura jakarta pusat,0.0358734613041205,0.0002762303501040226,0.1128791465279695,0.00016382823046210356
2024-05-03,lubang buaya,,0.0003490902368814937,0.1120288500505924,
2024-05-03,us consulate jakarta pusat,0.0358734613041205,0.0002762303501040226,0.1128791465279695,0.00015036364597045018
2024-05-04,bundaran hotel indonesia,0.0387302364273929,0.00023603265326756085,0.1137744642012594,-0.000138
2024-05-04,jagakarsa,0.0387302364273929,0.00023603265326756085,0.1137716672281193,-2.01e-05
2024-05-04,jalan bdn ii,0.0384201416670357,0.00026180206528128965,0.1129862701710122,-0.000784
2024-05-04,kebon jeruk,0.0387302364273929,0.00023603265326756085,0.1137744642012594,-0.000138
2024-05-04,kelapa gading,0.0365900484407308,0.0002300888470211924,0.1136447176026199,-8.21e-05
2024-05-04,komp angkasa pura jakarta pusat,0.0365900484407308,0.0002300888470211924,0.1136447176026199,-8.21e-05
2024-05-04,lubang buaya,0.0352728369612027,0.00026587016713036025,0.1131889401815358,-0.0002
2024-05-04,us consulate jakarta pusat,0.0365900484407308,0.0002300888470211924,0.1136447176026199,-6.54e-05
2024-05-05,bundaran hotel indonesia,0.0409642423692002,0.00023574904005487264,0.1152184531890003,-7.8e-05
2024-05-05,jagakarsa,0.0409642423692002,0.00023574904005487264,0.1157641548506772,4.294203505736222e-06
2024-05-05,jalan bdn ii,0.0383119962366156,0.00018366938117994773,0.1148775552003668,0.00015412387300547508
2024-05-05,kebon jeruk,0.0409642423692002,0.00023574904005487264,0.1152184531890003,0.0005395024805577632
2024-05-05,kelapa gading,0.0330890689258464,0.000220754342071078,0.116068403108448,0.00025741643285170706
2024-05-05,komp angkasa pura jakarta pusat,0.0330890689258464,0.000220754342071078,0.116068403108448,4.294203505736222e-06
2024-05-05,lubang buaya,0.0362029223436606,0.0001881015406067352,0.1152356672398491,
2024-05-05,us consulate jakarta pusat,0.0330890689258464,0.000220754342071078,0.116068403108448,-7.8e-05
2024-05-06,bundaran hotel indonesia,0.0404431099465714,0.00032041197983975165,0.1136693915389321,
2024-05-06,jagakarsa,0.0404431099465714,0.00032041197983975165,0.1144345523040965,
2024-05-06,jalan bdn ii,0.0354379603625289,0.00023836487772047345,0.1134979013243517,
2024-05-06,kebon jeruk,0.0404431099465714,0.00032041197983975165,0.1136693915389321,
2024-05-06,kelapa gading,0.0365490954552403,0.000451706042241816,0.1142332604163797,
2024-05-06,komp angkasa pura jakarta pusat,0.0365490954552403,0.000451706042241816,0.1142332604163797,
2024-05-06,lubang buaya,0.034265214511838,0.0003343424645663145,0.1132317701440921,
2024-05-06,us consulate jakarta pusat,0.0365490954552403,0.000451706042241816,0.1142332604163797,
2024-05-07,kelapa gading,,,0.1136857725379117,-1.47e-05
2024-05-07,komp angkasa pura jakarta pusat,,,0.1136857725379117,-1.47e-05
2024-05-07,lubang buaya,,,0.1145147987045936,9.793407300218164e-05
2024-05-07,us consulate jakarta pusat,,,0.1136857725379117,-7.81e-06
2024-05-08,bundaran hotel indonesia,0.0326189085445043,0.000195828755286548,0.1147137827132972,
2024-05-08,jagakarsa,0.0326189085445043,0.000195828755286548,0.1147850323849909,
2024-05-08,jalan bdn ii,0.0362369662789236,0.00027094686051379606,0.1154613115364512,
2024-05-08,kebon jeruk,0.0326189085445043,0.000195828755286548,0.1147137827132972,
2024-05-08,kelapa gading,0.0307943280820666,0.000232239018288997,0.1151897031530767,
2024-05-08,komp angkasa pura jakarta pusat,0.0307943280820666,0.000232239018288997,0.1151897031530767,
2024-05-08,lubang buaya,0.0337380972614677,0.0003080587732505337,0.1146629427557985,
2024-05-08,us consulate jakarta pusat,0.0307943280820666,0.000232239018288997,0.1151897031530767,
2024-05-09,bundaran hotel indonesia,0.0374629470819016,0.00022816423286152533,0.1148330059277417,
2024-05-09,jagakarsa,0.0374629470819016,0.00022816423286152533,0.1155699412959328,-9.89e-05
2024-05-09,jalan bdn ii,0.0343617215948531,0.0002075624040562736,0.1154794530488197,
2024-05-09,kebon jeruk,0.0374629470819016,0.00022816423286152533,0.1148330059277417,8.428016157083163e-06
2024-05-09,kelapa gading,0.0361814112985457,0.00017806953752909965,0.1158076223224735,0.00012935522191548674
2024-05-09,komp angkasa pura jakarta pusat,0.0361814112985457,0.00017806953752909965,0.1158076223224735,-9.89e-05
2024-05-09,lubang buaya,0.0362105486885518,0.00014168242381737485,0.1148529396688255,
2024-05-09,us consulate jakarta pusat,0.0361814112985457,0.00017806953752909965,0.1158076223224735,
2024-05-10,bundaran hotel indonesia,0.0347370785098374,0.00014439537373838108,0.1164986619802697,0.00018761354458007133
2024-05-10,jagakarsa,0.0347370785098374,0.00014439537373838108,0.1167188745905419,0.00013192561541360516
2024-05-10,jalan bdn ii,0.036574982823674,0.00012925061237906022,0.1158927810108159,-0.000219
2024-05-10,kebon jeruk,0.0347370785098374,0.00014439537373838108,0.1164986619802697,0.00018761354458007133
2024-05-10,kelapa gading,0.0350894249770934,0.00011388458483576944,0.1166026855140721,-4.86e-05
2024-05-10,komp angkasa pura jakarta pusat,0.0350894249770934,0.00011388458483576944,0.1166026855140721,-4.86e-05
2024-05-10,lubang buaya,0.0387690951367293,0.0001261780151562789,0.1164894100417085,
2024-05-10,us consulate jakarta pusat,0.0350894249770934,0.00011388458483576944,0.1166026855140721,
2024-05-11,bundaran hotel indonesia,0.0343409598796401,0.00014141948838674676,0.1156742896251593,
2024-05-11,jagakarsa,0.0343409598796401,0.00014141948838674676,0.115596651664174,0.00016775262154504182
2024-05-11,jalan bdn ii,0.0341445661035748,0.0001186115449360808,0.1152087411153185,
2024-05-11,kebon jeruk,0.0343409598796401,0.00014141948838674676,0.1156742896251593,
2024-05-11,kelapa gading,0.0342740508119252,0.0001245215290762728,0.1155413083838755,-6.9e-05
2024-05-11,komp angkasa pura jakarta pusat,0.0342740508119252,0.0001245215290762728,0.1155413083838755,-6.9e-05
2024-05-11,lubang buaya,0.0348560531726551,0.00011538371323496526,0.1150552204160029,
2024-05-11,us consulate jakarta pusat,0.0342740508119252,0.0001245215290762728,0.1155413083838755,-0.000243
2024-05-12,bundaran hotel indonesia,0.0285786285572128,9.994085741239184e-05,0.1141050967859685,
2024-05-12,jagakarsa,0.0285786285572128,9.994085741239184e-05,0.1150522569170121,0.00018844131211490252
2024-05-12,jalan bdn ii,0.028640122492726,9.482659030144716e-05,0.1146656532887303,0.0005516642341005367
2024-05-12,kebon jeruk,0.0285786285572128,9.994085741239184e-05,0.1141050967859685,
2024-05-12,kelapa gading,,7.924617592863679e-05,0.1150508711535272,0.00044360605641762354
2024-05-12,komp angkasa pura jakarta pusat,,7.924617592863679e-05,0.1150508711535272,0.00044360605641762354
2024-05-12,lubang buaya,,9.5309637349437e-05,0.1153299768822967,0.0007189231277629947
2024-05-12,us consulate jakarta pusat,,7.924617592863679e-05,0.1150508711535272,
2024-05-13,bundaran hotel indonesia,,0.00017448611335483735,0.1139724945140573,
2024-05-13,jagakarsa,,0.00017448611335483735,0.1138722855770854,
2024-05-13,jalan bdn ii,,0.00016260312115525205,0.1142814001804351,
2024-05-13,kebon jeruk,,0.00017448611335483735,0.1139724945140573,
2024-05-13,kelapa gading,0.0285273764515932,0.0001648792039989671,0.114157479186665,3.3620908811756055e-05
2024-05-13,komp angkasa pura jakarta pusat,0.0285273764515932,0.0001648792039989671,0.114157479186665,
2024-05-13,lubang buaya,,0.00015877143363775937,0.1141776945148895,
2024-05-13,us consulate jakarta pusat,0.0285273764515932,0.0001648792039989671,0.114157479186665,
2024-05-14,bundaran hotel indonesia,,,0.114987884882809,
2024-05-14,jagakarsa,,,0.114987884882809,
2024-05-14,jalan bdn ii,,,0.1149318764353159,
2024-05-14,kebon jeruk,,,0.114987884882809,
2024-05-14,kelapa gading,,,0.1153833275618114,
2024-05-14,komp angkasa pura jakarta pusat,,,0.1153833275618114,
2024-05-14,lubang buaya,,,0.1150410856216865,
2024-05-14,us consulate jakarta pusat,,,0.1153833275618114,
2024-05-15,bundaran hotel indonesia,0.0344910990291276,0.00013821103659955,0.1137858123997809,-0.000328
2024-05-15,jagakarsa,0.0344910990291276,0.00013821103659955,0.1137858123997809,0.0001176490141825151
2024-05-15,jalan bdn ii,0.0372265404509589,0.00013324084222472013,0.1138297485774785,1.1087937379592967e-06
2024-05-15,kebon jeruk,0.0344910990291276,0.00013821103659955,0.1137858123997809,0.0001511040713605958
2024-05-15,kelapa gading,0.0332633640564314,0.0001037994993098934,0.1132891856500592,0.0001017031592834526
2024-05-15,komp angkasa pura jakarta pusat,0.0332633640564314,0.0001037994993098934,0.1132891856500592,0.0001176490141825151
2024-05-15,lubang buaya,0.0342544593191707,0.00011176829192384848,0.1142980446351562,4.365541264133821e-05
2024-05-15,us consulate jakarta pusat,0.0332633640564314,0.0001037994993098934,0.1132891856500592,-0.000328
2024-05-16,bundaran hotel indonesia,0.041090622563414,0.00027858257373232747,0.113313163077161,0.0002025530114278897
2024-05-16,jagakarsa,0.041090622563414,0.00027858257373232747,0.113313163077161,7.719620856545887e-05
2024-05-16,jalan bdn ii,0.0433643092029566,0.00028606338196407395,0.1135909036821945,
2024-05-16,kebon jeruk,0.041090622563414,0.00027858257373232747,0.113313163077161,0.0001940793869871616
2024-05-16,kelapa gading,0.0377565071658325,0.00018842156994078703,0.1129163302027022,7.225256341671405e-05
2024-05-16,komp angkasa pura jakarta pusat,0.0377565071658325,0.00018842156994078703,0.1129163302027022,7.719620856545887e-05
2024-05-16,lubang buaya,0.04098597991815,0.00019273656333710097,0.1124383142072156,
2024-05-16,us consulate jakarta pusat,0.0377565071658325,0.00018842156994078703,0.1129163302027022,0.0002025530114278897
2024-05-17,bundaran hotel indonesia,0.0348475658408626,0.0001231587006699568,0.114335036157268,0.00023832333506939197
2024-05-17,jagakarsa,0.0348475658408626,0.0001231587006699568,0.114335036157268,0.0001482120787501999
2024-05-17,jalan bdn ii,0.0347699932282197,0.0001103039496097774,0.1142402375613285,
2024-05-17,kebon jeruk,0.0348475658408626,0.0001231587006699568,0.114335036157268,
2024-05-17,kelapa gading,0.0346097347751257,0.00012129854824564475,0.1140662192796621,0.0002093853806758348
2024-05-17,komp angkasa pura jakarta pusat,0.0346097347751257,0.00012129854824564475,0.1140662192796621,0.0001482120787501999
2024-05-17,lubang buaya,0.0347699935874471,0.00010283981881260608,0.1141297439592437,
2024-05-17,us consulate jakarta pusat,0.0346097347751257,0.00012129854824564475,0.1140662192796621,0.00023832333506939197
2024-05-18,bundaran hotel indonesia,0.0389735704804401,0.0002121514772962922,0.1152432604573154,
2024-05-18,jagakarsa,0.0389735704804401,0.0002121514772962922,0.1152432604573154,-0.000118
2024-05-18,jalan bdn ii,0.0395666942698192,0.00018718513663740316,0.1149706555919556,
2024-05-18,kebon jeruk,0.0389735704804401,0.0002121514772962922,0.1152432604573154,
2024-05-18,kelapa gading,0.0376537965563526,0.0001636157279716896,0.1151262752425076,-0.000455
2024-05-18,komp angkasa pura jakarta pusat,0.0376537965563526,0.0001636157279716896,0.1151262752425076,-0.000118
2024-05-18,lubang buaya,0.0375869612440376,0.0001573309997802177,0.1147996591662536,
2024-05-18,us consulate jakarta pusat,0.0376537965563526,0.0001636157279716896,0.1151262752425076,
2024-05-19,bundaran hotel indonesia,0.0407211163741155,0.00016973800821234392,0.1176902312263178,5.779463685642213e-05
2024-05-19,jagakarsa,0.0407211163741155,0.00016973800821234392,0.1176902312263178,-2.27e-05
2024-05-19,jalan bdn ii,0.0397079733062842,0.00018476954360411877,0.1159567616254463,
2024-05-19,kebon jeruk,0.0407211163741155,0.00016973800821234392,0.1176902312263178,
2024-05-19,kelapa gading,0.045248779347253,0.0001608947819486992,0.1183101934983948,1.6748022534152166e-05
2024-05-19,komp angkasa pura jakarta pusat,0.045248779347253,0.0001608947819486992,0.1183101934983948,-2.27e-05
2024-05-19,lubang buaya,0.0411286464381674,0.0002279597096049936,0.1160522688048291,
2024-05-19,us consulate jakarta pusat,0.045248779347253,0.0001608947819486992,0.1183101934983948,5.779463685642213e-05
2024-05-20,bundaran hotel indonesia,0.0448173368008227,0.00026109115943351443,0.116432489225044,
2024-05-20,jagakarsa,0.0448173368008227,0.00026109115943351443,0.116432489225044,-2.53e-05
2024-05-20,jalan bdn ii,0.0457893920361955,0.00020267547987436573,0.1165359904962361,
2024-05-20,kebon jeruk,0.0448173368008227,0.00026109115943351443,0.116432489225044,0.0003103203558103855
2024-05-20,kelapa gading,0.0398603529316001,0.00017450891000298267,0.1169634804532353,6.286263288233306e-05
2024-05-20,komp angkasa pura jakarta pusat,0.0398603529316001,0.00017450891000298267,0.1169634804532353,-2.53e-05
2024-05-20,lubang buaya,0.0394114233435134,0.0001619256626400988,0.1168506190432695,
2024-05-20,us consulate jakarta pusat,0.0398603529316001,0.00017450891000298267,0.1169634804532353,
2024-05-21,bundaran hotel indonesia,0.0451172833097087,0.0003836518468072014,0.1185733297137732,
2024-05-21,jagakarsa,0.0451172833097087,0.0003836518468072014,0.1185733297137732,-0.00011
2024-05-21,jalan bdn ii,0.0466733556494926,0.00029733800213195587,0.118344074299214,0.0002294620674241972
2024-05-21,kebon jeruk,0.0451172833097087,0.0003836518468072014,0.1185733297137732,
2024-05-21,kelapa gading,0.0403593226837354,0.0002538157347493631,0.1176346356303929,0.00024262651151455705
2024-05-21,komp angkasa pura jakarta pusat,0.0403593226837354,0.0002538157347493631,0.1176346356303929,-0.00011
2024-05-21,lubang buaya,0.0455738898157524,0.0002398359354460957,0.1175238030373663,
2024-05-21,us consulate jakarta pusat,0.0403593226837354,0.0002538157347493631,0.1176346356303929,
2024-05-22,bundaran hotel indonesia,0.0364966930571593,0.0002578575027941808,0.1175091413827527,
2024-05-22,jagakarsa,0.0364966930571593,0.0002578575027941808,0.1175091413827527,
2024-05-22,jalan bdn ii,0.0375502773858786,0.0002359088969452552,0.1168962887466024,
2024-05-22,kebon jeruk,0.0364966930571593,0.0002578575027941808,0.1175091413827527,
2024-05-22,kelapa gading,0.0369311695959455,0.00018174685679146475,0.1189339142621702,
2024-05-22,komp angkasa pura jakarta pusat,0.0369311695959455,0.00018174685679146475,0.1189339142621702,
2024-05-22,lubang buaya,0.0348186846599188,0.00016107901487698558,0.1192567518374717,
2024-05-22,us consulate jakarta pusat,0.0369311695959455,0.00018174685679146475,0.1189339142621702,
2024-05-24,bundaran hotel indonesia,0.0338217024217791,0.0001895907141275032,0.1156567022297633,
2024-05-24,jagakarsa,0.0338217024217791,0.0001895907141275032,0.1156567022297633,0.00011452433399105494
2024-05-24,jalan bdn ii,0.0329245670345468,0.00013158922229082254,0.1156225606550431,
2024-05-24,kebon jeruk,0.0338217024217791,0.0001895907141275032,0.1156567022297633,
2024-05-24,kelapa gading,0.0331919647882188,0.00013865282217228773,0.1164869774291355,0.00030409818260222565
2024-05-24,komp angkasa pura jakarta pusat,0.0331919647882188,0.00013865282217228773,0.1164869774291355,0.00011452433399105494
2024-05-24,lubang buaya,0.0335232061716344,0.00010450197733177872,0.1155013624251763,
2024-05-24,us consulate jakarta pusat,0.0331919647882188,0.00013865282217228773,0.1164869774291355,
2024-05-25,bundaran hotel indonesia,,,0.1153650741963099,
2024-05-25,jagakarsa,,,0.1153650741963099,
2024-05-25,jalan bdn ii,,,0.1153371554068381,
2024-05-25,kebon jeruk,,,0.1153650741963099,
2024-05-25,kelapa gading,,,0.1155748202246234,
2024-05-25,komp angkasa pura jakarta pusat,,,0.1155748202246234,
2024-05-25,lubang buaya,,,0.1155287224629387,
2024-05-25,us consulate jakarta pusat,,,0.1155748202246234,
2024-05-26,bundaran hotel indonesia,0.0381452395753754,0.0001815903747921613,0.1179583578719062,
2024-05-26,jagakarsa,0.0381452395753754,0.0001815903747921613,0.1179583578719062,
2024-05-26,jalan bdn ii,0.0406283851161307,0.00018180201202013937,0.1182510160369243,0.00023577848788734925
2024-05-26,kebon jeruk,0.0381452395753754,0.0001815903747921613,0.1179583578719062,
2024-05-26,kelapa gading,,0.00019511465187160208,0.1173315632926571,0.00020787485255936597
2024-05-26,komp angkasa pura jakarta pusat,,0.00019511465187160208,0.1173315632926571,
2024-05-26,lubang buaya,0.0369417631832851,0.00018379379414050785,0.1185018730466669,0.0008706580238972037
2024-05-26,us consulate jakarta pusat,,0.00019511465187160208,0.1173315632926571,
2024-05-27,bundaran hotel indonesia,0.0340050697048959,0.0002773917989914215,0.1168418572355173,-3.99e-05
2024-05-27,jagakarsa,0.0340050697048959,0.0002773917989914215,0.1168418572355173,0.00043460531248593385
2024-05-27,jalan bdn ii,0.0369349380958043,0.00020535641881841803,0.1165450600363243,0.0001408803578968538
2024-05-27,kebon jeruk,0.0340050697048959,0.0002773917989914215,0.1168418572355173,-0.000235
2024-05-27,kelapa gading,0.0408699385891023,0.00020381559344770644,0.1178231981386875,-0.000119
2024-05-27,komp angkasa pura jakarta pusat,0.0408699385891023,0.00020381559344770644,0.1178231981386875,0.00043460531248593385
2024-05-27,lubang buaya,0.0387709105963951,0.00019193809664322788,0.1170951099553452,-6.41e-06
2024-05-27,us consulate jakarta pusat,0.0408699385891023,0.00020381559344770644,0.1178231981386875,-3.99e-05
2024-05-28,bundaran hotel indonesia,0.0357824897891474,0.000227973559453774,0.1157345902841884,0.0002540540170440522
2024-05-28,jagakarsa,0.0357824897891474,0.000227973559453774,0.1157345902841884,0.0002548791676496721
2024-05-28,jalan bdn ii,0.0320145058461942,0.00018330150902345696,0.1149714163403098,
2024-05-28,kebon jeruk,0.0357824897891474,0.000227973559453774,0.1157345902841884,-0.000166
2024-05-28,kelapa gading,0.0343796070436715,0.00016465853047695548,0.1155767225692171,0.000154596237659873
2024-05-28,komp angkasa pura jakarta pusat,0.0343796070436715,0.00016465853047695548,0.1155767225692171,0.0002548791676496721
2024-05-28,lubang buaya,0.0328287497734233,0.00015519795203678525,0.1145944569382518,-0.000181
2024-05-28,us consulate jakarta pusat,0.0343796070436715,0.00016465853047695548,0.1155767225692171,0.0002540540170440522
2024-05-29,bundaran hotel indonesia,0.0335778816431705,0.0002483457828552728,0.1152283629868016,
2024-05-29,jagakarsa,0.0335778816431705,0.0002483457828552728,0.1152283629868016,-0.000588
2024-05-29,jalan bdn ii,0.0335542213130084,0.0002053898454365179,0.1152271212672958,
2024-05-29,kebon jeruk,0.0335778816431705,0.0002483457828552728,0.1152283629868016,
2024-05-29,kelapa gading,0.033359934479054,0.00020442930210361383,0.1149917597948981,
2024-05-29,komp angkasa pura jakarta pusat,0.033359934479054,0.00020442930210361383,0.1149917597948981,-0.000588
2024-05-29,lubang buaya,0.0326010961047841,0.000180505135366418,0.1150472680252686,
2024-05-29,us consulate jakarta pusat,0.033359934479054,0.00020442930210361383,0.1149917597948981,
2024-05-30,bundaran hotel indonesia,0.0418711028502917,0.0002525335147477052,0.1151936146939952,-1.23e-05
2024-05-30,jagakarsa,0.0418711028502917,0.0002525335147477052,0.1151936146939952,5.501957822149152e-05
2024-05-30,jalan bdn ii,0.037954302591809,0.0002518816228600036,0.1136184500638933,
2024-05-30,kebon jeruk,0.0418711028502917,0.0002525335147477052,0.1151936146939952,-0.000119
2024-05-30,kelapa gading,0.046296437638855,0.0003000070673022663,0.1148825108564724,1.692583451473256e-05
2024-05-30,komp angkasa pura jakarta pusat,0.046296437638855,0.0003000070673022663,0.1148825108564724,5.501957822149152e-05
2024-05-30,lubang buaya,0.0423357624048582,0.0003662920612643758,0.113867823017858,
2024-05-30,us consulate jakarta pusat,0.046296437638855,0.0003000070673022663,0.1148825108564724,-1.23e-05
2024-05-31,bundaran hotel indonesia,0.0453506101920381,0.0003371394144360848,0.1147363069074281,2.835921978598037e-05
2024-05-31,jagakarsa,0.0453506101920381,0.0003371394144360848,0.1147363069074281,0.0001591341590813746
2024-05-31,jalan bdn ii,0.041120904194285,0.0002679634243888852,0.1147324101806935,0.00036949196658065216
2024-05-31,kebon jeruk,0.0453506101920381,0.0003371394144360848,0.1147363069074281,0.00011163163621003824
2024-05-31,kelapa gading,0.041869984046177,0.0002769010415549864,0.1156387670372484,0.0002036757415466729
2024-05-31,komp angkasa pura jakarta pusat,0.041869984046177,0.0002769010415549864,0.1156387670372484,0.0001591341590813746
2024-05-31,lubang buaya,0.0414091485407446,0.0002424781512266909,0.1155710671704873,-9.96e-05
2024-05-31,us consulate jakarta pusat,0.041869984046177,0.0002769010415549864,0.1156387670372484,2.835921978598037e-05
2024-06-01,bundaran hotel indonesia,,,0.1173578262520004,
2024-06-01,jagakarsa,,,0.1173578262520004,
2024-06-01,jalan bdn ii,,,0.116870664678012,
2024-06-01,kebon jeruk,,,0.1173578262520004,
2024-06-01,kelapa gading,,0.00010731360739953032,0.1169445041495718,
2024-06-01,komp angkasa pura jakarta pusat,,0.00010731360739953032,0.1169445041495718,
2024-06-01,lubang buaya,,0.0001275648138615166,0.1169578733851026,
2024-06-01,us consulate jakarta pusat,,0.00010731360739953032,0.1169445041495718,
2024-06-02,bundaran hotel indonesia,,0.0001394569043029365,0.1144512221132427,0.0002028426690453536
2024-06-02,jagakarsa,,0.0001394569043029365,0.1144512221132427,0.0002028426676781245
2024-06-02,jalan bdn ii,0.0338851883695718,0.0001681295709134198,0.1140676311913196,
2024-06-02,kebon jeruk,,0.0001394569043029365,0.1144512221132427,
2024-06-02,kelapa gading,,0.0001416784823207127,0.1136541588462735,0.00020821576137322668
2024-06-02,komp angkasa pura jakarta pusat,,0.0001416784823207127,0.1136541588462735,0.0002028426676781245
2024-06-02,lubang buaya,0.0338851884257748,0.00016167146260199353,0.1137536281757512,
2024-06-02,us consulate jakarta pusat,,0.0001416784823207127,0.1136541588462735,0.0002028426690453536
2024-06-03,bundaran hotel indonesia,,,0.1160248858483338,
2024-06-03,jagakarsa,,,0.1160248858483338,
2024-06-03,jalan bdn ii,,,0.1155763599906261,
2024-06-03,kebon jeruk,,,0.1160248858483338,
2024-06-03,kelapa gading,,,0.116777526369176,
2024-06-03,komp angkasa pura jakarta pusat,,,0.116777526369176,
2024-06-03,lubang buaya,,,0.1166808714465492,
2024-06-03,us consulate jakarta pusat,,,0.116777526369176,
2024-06-04,bundaran hotel indonesia,,0.0002587824719406816,0.1151853093326399,
2024-06-04,jagakarsa,,0.0002587824719406816,0.1151853093326399,0.0003779216460554348
2024-06-04,jalan bdn ii,,0.0003360555356897619,0.1165167939636705,
2024-06-04,kebon jeruk,,0.0002587824719406816,0.1151853093326399,
2024-06-04,kelapa gading,,,0.1160529889091698,
2024-06-04,komp angkasa pura jakarta pusat,,,0.1160529889091698,0.0003779216460554348
2024-06-04,lubang buaya,,0.0002297001922170148,0.1168013925125728,
2024-06-04,us consulate jakarta pusat,,,0.1160529889091698,
2024-06-05,bundaran hotel indonesia,0.0422705645493189,0.0003010282879259277,0.1166457292656051,-3.77e-05
2024-06-05,jagakarsa,0.0422705645493189,0.0003010282879259277,0.1166457292656051,-5.75e-05
2024-06-05,jalan bdn ii,0.0409663780986047,0.0002258717644496373,0.1166736737214007,-6.63e-05
2024-06-05,kebon jeruk,0.0422705645493189,0.0003010282879259277,0.1166457292656051,0.00015270168467502863
2024-06-05,kelapa gading,0.0440434519736975,0.00037771590186075566,0.1167375089718492,3.5953738801168415e-05
2024-06-05,komp angkasa pura jakarta pusat,0.0440434519736975,0.00037771590186075566,0.1167375089718492,-5.75e-05
2024-06-05,lubang buaya,0.0430708714524558,0.0003310469978464846,0.1165942367692432,
2024-06-05,us consulate jakarta pusat,0.0440434519736975,0.00037771590186075566,0.1167375089718492,-3.77e-05
2024-06-06,bundaran hotel indonesia,0.0323893159604292,0.000240828519046052,0.1184694075002361,0.0002354504868961417
2024-06-06,jagakarsa,0.0323893159604292,0.000240828519046052,0.1184694075002361,0.0005062724050416969
2024-06-06,jalan bdn ii,0.0331375184029047,0.0002026224865619824,0.1187355853558109,0.0009717616634709758
2024-06-06,kebon jeruk,0.0323893159604292,0.000240828519046052,0.1184694075002361,9.963974862491748e-05
2024-06-06,kelapa gading,0.0332102409867802,0.00017081614128177787,0.1183187183561247,0.00027923665934045
2024-06-06,komp angkasa pura jakarta pusat,0.0332102409867802,0.00017081614128177787,0.1183187183561247,0.0005062724050416969
2024-06-06,lubang buaya,0.033290886695251,0.00017803198863809803,0.1188556945538857,0.0003183694191620136
2024-06-06,us consulate jakarta pusat,0.0332102409867802,0.00017081614128177787,0.1183187183561247,0.0002354504868961417
2024-06-07,bundaran hotel indonesia,0.0326167213857274,0.0003000447386305251,0.1177851106313916,0.00013294415061587477
2024-06-07,jagakarsa,0.0326167213857274,0.0003000447386305251,0.1177851106313916,0.00033264919679354264
2024-06-07,jalan bdn ii,0.0346129601515787,0.0004934620320188607,0.11819708737662,-0.000835
2024-06-07,kebon jeruk,0.0326167213857274,0.0003000447386305251,0.1177851106313916,-0.000138
2024-06-07,kelapa gading,0.0332238212697239,0.0002648603165087738,0.1174982684698836,0.0004018958471288427
2024-06-07,komp angkasa pura jakarta pusat,0.0332238212697239,0.0002648603165087738,0.1174982684698836,0.00033264919679354264
2024-06-07,lubang buaya,0.0343938241382713,0.0003502381406310127,0.1166842523948532,0.00033810831289312503
2024-06-07,us consulate jakarta pusat,0.0332238212697239,0.0002648603165087738,0.1174982684698836,0.00013294415061587477
2024-06-08,kelapa gading,,,,0.0016336799782633
2024-06-09,bundaran hotel indonesia,0.0314867622863902,0.00011966431431422264,0.1163544161700865,
2024-06-09,jagakarsa,0.0314867622863902,0.00011966431431422264,0.1163544161700865,-0.000226
2024-06-09,jalan bdn ii,0.0339101195002118,0.000127215234698944,0.1161219903820924,
2024-06-09,kebon jeruk,0.0314867622863902,0.00011966431431422264,0.1163544161700865,
2024-06-09,kelapa gading,0.0313931171493266,0.0001761702605868923,0.1150062339004974,7.429879605649545e-05
2024-06-09,komp angkasa pura jakarta pusat,0.0313931171493266,0.0001761702605868923,0.1150062339004974,-0.000226
2024-06-09,lubang buaya,,0.00015856375447956345,0.115802890829917,
2024-06-09,us consulate jakarta pusat,0.0313931171493266,0.0001761702605868923,0.1150062339004974,
2024-06-10,bundaran hotel indonesia,0.0340748672967726,0.00032904382685928243,0.1158970685079518,0.00012199986511153128
2024-06-10,jagakarsa,0.0340748672967726,0.00032904382685928243,0.1158970685079518,6.074615132361723e-05
2024-06-10,jalan bdn ii,0.0341696623134948,0.0003839055235398105,0.1148974420388004,
2024-06-10,kebon jeruk,0.0340748672967726,0.00032904382685928243,0.1158970685079518,1.2688455244756353e-06
2024-06-10,kelapa gading,0.0338707382144329,0.0002262011191626267,0.1157859681345218,0.00014239792669160957
2024-06-10,komp angkasa pura jakarta pusat,0.0340748672967726,0.0002262011191626267,0.1157859681345218,6.074615132361723e-05
2024-06-10,lubang buaya,0.0351559797079893,0.00020932543074292156,0.1156345189616526,
2024-06-10,us consulate jakarta pusat,0.0340748672967726,0.0002262011191626267,0.1157859681345218,0.00012199986511153128
2024-06-11,bundaran hotel indonesia,0.0357717276684062,0.0002978525706411428,0.1174617566037513,
2024-06-11,jagakarsa,0.0357717276684062,0.0002978525706411428,0.1174617566037513,
2024-06-11,jalan bdn ii,,,0.1158387262154691,
2024-06-11,kebon jeruk,0.0357717276684062,0.0002978525706411428,0.1174617566037513,
2024-06-11,kelapa gading,0.0287767091691931,0.0002800762940362648,0.1161939626998758,
2024-06-11,komp angkasa pura jakarta pusat,0.0287767091691931,0.0002800762940362648,0.1161939626998758,
2024-06-11,lubang buaya,0.0273769163856691,0.0003170561338977861,0.117787362744958,
2024-06-11,us consulate jakarta pusat,0.0287767091691931,0.0002800762940362648,0.1161939626998758,
2024-06-12,bundaran hotel indonesia,,0.0003303089858884333,0.116551161486958,
2024-06-12,jagakarsa,,0.0003303089858884333,0.116551161486958,
2024-06-12,jalan bdn ii,0.0397956886487554,0.0002671834785605336,0.1162000927063067,
2024-06-12,kebon jeruk,,0.0003303089858884333,0.116551161486958,
2024-06-12,kelapa gading,,0.0002340916130246784,0.1161892712320373,
2024-06-12,komp angkasa pura jakarta pusat,,0.0002340916130246784,0.1161892712320373,
2024-06-12,lubang buaya,,0.00019948398438778095,0.1159002408860178,
2024-06-12,us consulate jakarta pusat,,0.0002340916130246784,0.1161892712320373,
2024-06-13,bundaran hotel indonesia,,0.0001499501067423028,0.1136983846744251,
2024-06-13,jagakarsa,,0.0001499501067423028,0.1136983846744251,
2024-06-13,jalan bdn ii,,0.00015021167243646028,0.1140351957110847,
2024-06-13,kebon jeruk,,0.0001499501067423028,0.1136983846744251,
2024-06-13,kelapa gading,,0.00012084942288148658,0.1137856861366518,
2024-06-13,komp angkasa pura jakarta pusat,,0.00012084942288148658,0.1137856861366518,
2024-06-13,lubang buaya,,0.00012169228577611722,0.1141841485525238,
2024-06-13,us consulate jakarta pusat,,0.00012084942288148658,0.1137856861366518,
2024-06-14,bundaran hotel indonesia,0.0324498565960427,0.0002806700408752324,0.1158480949955445,
2024-06-14,jagakarsa,0.0324498565960427,0.0002806700408752324,0.1158480949955445,2.2397868191080546e-06
2024-06-14,jalan bdn ii,0.0345470992926283,0.000294203962926198,0.1148054919682904,
2024-06-14,kebon jeruk,0.0324498565960427,0.0002806700408752324,0.1158480949955445,
2024-06-14,kelapa gading,0.0312251464973419,0.0002555519249210106,0.1159513550819016,0.00016108118494746968
2024-06-14,komp angkasa pura jakarta pusat,0.0312251464973419,0.0002555519249210106,0.1159513550819016,2.2397868191080546e-06
2024-06-14,lubang buaya,0.0321949302713379,0.0002642846946468397,0.1141313960487134,
2024-06-14,us consulate jakarta pusat,0.0312251464973419,0.0002555519249210106,0.1159513550819016,
2024-06-15,bundaran hotel indonesia,0.0417825212992948,0.00015040959300344805,0.1174501694327534,0.0001960066010962809
2024-06-15,jagakarsa,0.0417825212992948,0.00015040959300344805,0.1174501694327534,0.0003462895553443844
2024-06-15,jalan bdn ii,0.039304520021864,0.00011896594732185724,0.1174236933700809,0.00014136828476491554
2024-06-15,kebon jeruk,0.0417825212992948,0.00015040959300344805,0.1174501694327534,0.0002778443010429987
2024-06-15,kelapa gading,0.0450969057057282,0.0002023613272402855,0.1173819135264456,4.712573401489603e-05
2024-06-15,komp angkasa pura jakarta pusat,0.0450969057057282,0.0002023613272402855,0.1173819135264456,0.0003462895553443844
2024-06-15,lubang buaya,0.044717063416779,0.00013175010263388932,0.1177391866509327,3.6600085546097e-05
2024-06-15,us consulate jakarta pusat,0.0450969057057282,0.0002023613272402855,0.1173819135264456,0.0001960066010962809
2024-06-16,bundaran hotel indonesia,0.0399088912565545,0.00015474078848028123,0.1145038534353185,0.0007703079911686203
2024-06-16,jagakarsa,0.0399088912565545,0.00015474078848028123,0.1145038534353185,0.0001614011973694543
2024-06-16,jalan bdn ii,0.0403503039792979,0.00016074722654988314,0.1157525095114516,
2024-06-16,kebon jeruk,0.0399088912565545,0.00015474078848028123,0.1145038534353185,
2024-06-16,kelapa gading,0.0405542031656536,0.00019621124542827808,0.1149902337924961,0.0002064845304465606
2024-06-16,komp angkasa pura jakarta pusat,0.0405542031656536,0.00019621124542827808,0.1149902337924961,0.0001614011973694543
2024-06-16,lubang buaya,0.040492438020952,0.0001809154382310963,0.1153699648766991,
2024-06-16,us consulate jakarta pusat,0.0405542031656536,0.00019621124542827808,0.1149902337924961,0.0007703079911686203
2024-06-17,bundaran hotel indonesia,0.0345095032248462,0.00012487858642173385,0.1134101226920773,0.00013647531770261348
2024-06-17,jagakarsa,0.0345095032248462,0.00012487858642173385,0.1134101226920773,0.0001345735735637642
2024-06-17,jalan bdn ii,0.0347198141613686,0.000150828740270687,0.1128102274633546,5.978583415438574e-05
2024-06-17,kebon jeruk,0.0345095032248462,0.00012487858642173385,0.1134101226920773,7.748838522781857e-05
2024-06-17,kelapa gading,0.0352073895627998,0.00013932133607581388,0.11355216657287,0.0002445292776650936
2024-06-17,komp angkasa pura jakarta pusat,0.0352073895627998,0.00013932133607581388,0.11355216657287,0.0001345735735637642
2024-06-17,lubang buaya,0.0340917992072642,0.00015075679708929563,0.1126228464884819,
2024-06-17,us consulate jakarta pusat,0.0352073895627998,0.00013932133607581388,0.11355216657287,0.00013647531770261348
2024-06-18,bundaran hotel indonesia,,0.00014263269279652676,0.1142144019181493,
2024-06-18,jagakarsa,,0.00014263269279652676,0.1142144019181493,
2024-06-18,jalan bdn ii,,,0.1145414113332769,
2024-06-18,kebon jeruk,,0.00014263269279652676,0.1142144019181493,
2024-06-18,kelapa gading,,0.00010113613256379148,0.1142701126147157,
2024-06-18,komp angkasa pura jakarta pusat,,0.00010113613256379148,0.1142701126147157,
2024-06-18,lubang buaya,,0.0001254404172151712,0.1140526022748011,
2024-06-18,us consulate jakarta pusat,,0.00010113613256379148,0.1142701126147157,
2024-06-19,bundaran hotel indonesia,0.0354009142445388,0.00018017785668714628,0.1115396405688054,
2024-06-19,jagakarsa,0.0354009142445388,0.00018017785668714628,0.1115396405688054,8.988364543972179e-05
2024-06-19,jalan bdn ii,0.0380880504392845,0.0001479142314084986,0.1125251029320052,
2024-06-19,kebon jeruk,0.0354009142445388,0.00018017785668714628,0.1115396405688054,
2024-06-19,kelapa gading,0.0317822346970953,0.0001559329827413721,0.1123137027827254,5.081827329629368e-05
2024-06-19,komp angkasa pura jakarta pusat,0.0317822346970953,0.0001559329827413721,0.1123137027827254,8.988364543972179e-05
2024-06-19,lubang buaya,0.0337018467266473,0.00015728281411282776,0.1126435472246529,
2024-06-19,us consulate jakarta pusat,0.0317822346970953,0.0001559329827413721,0.1123137027827254,
2024-06-20,bundaran hotel indonesia,0.0348371850189128,0.00017567697812475414,0.109199115185897,0.00018365642402097293
2024-06-20,jagakarsa,0.0348371850189128,0.00017567697812475414,0.109199115185897,0.00042720711761581263
2024-06-20,jalan bdn ii,0.0334622668626814,0.00018439122013550773,0.1090351342107804,8.90907331353059e-05
2024-06-20,kebon jeruk,0.0348371850189128,0.00017567697812475414,0.109199115185897,0.0001322506057313144
2024-06-20,kelapa gading,0.0326341225818624,0.00014698712688570003,0.1099938929184774,0.00018942036050562615
2024-06-20,komp angkasa pura jakarta pusat,0.0326341225818624,0.00014698712688570003,0.1099938929184774,0.00042720711761581263
2024-06-20,lubang buaya,0.0328316231833888,0.0001792885867249694,0.1090652009343132,2.814101125404223e-05
2024-06-20,us consulate jakarta pusat,0.0326341225818624,0.00014698712688570003,0.1099938929184774,0.00018365642402097293
2024-06-21,bundaran hotel indonesia,0.0458124295344078,0.0003316064006630904,0.1118644806198395,0.0005677448642184057
2024-06-21,jagakarsa,0.0458124295344078,0.0003316064006630904,0.1118644806198395,0.0005565036385834833
2024-06-21,jalan bdn ii,0.040442001558373,0.00021646840569829512,0.1118594986636478,0.0003609033483902195
2024-06-21,kebon jeruk,0.0458124295344078,0.0003316064006630904,0.1118644806198395,0.0003107382120547465
2024-06-21,kelapa gading,0.042346586726019,0.0003315980891482104,0.1122931897253819,0.000576734985430442
2024-06-21,komp angkasa pura jakarta pusat,0.042346586726019,0.0003315980891482104,0.1122931897253819,0.0005565036385834833
2024-06-21,lubang buaya,0.0396394222110795,0.0001982612495978735,0.1120361189273894,0.00068899067280759
2024-06-21,us consulate jakarta pusat,0.042346586726019,0.0003315980891482104,0.1122931897253819,0.0005677448642184057
2024-06-22,bundaran hotel indonesia,,0.0003551808741309296,0.1134547894610954,
2024-06-22,jagakarsa,,0.0003551808741309296,0.1134547894610954,
2024-06-22,jalan bdn ii,,0.00023535898254942636,0.1139871928258786,
2024-06-22,kebon jeruk,,0.0003551808741309296,0.1134547894610954,
2024-06-22,kelapa gading,0.0399390526681347,0.0002840101672021157,0.1129116630142243,0.0004576486919925502
2024-06-22,komp angkasa pura jakarta pusat,0.0399390526681347,0.0002840101672021157,0.1129116630142243,
2024-06-22,lubang buaya,0.0352478810531093,0.00018483256555823887,0.1131475116980114,0.0003063489478115656
2024-06-22,us consulate jakarta pusat,0.0399390526681347,0.0002840101672021157,0.1129116630142243,
2024-06-23,bundaran hotel indonesia,0.0317970336933839,0.00010833490693141068,0.1114668759962716,0.00015130542761951555
2024-06-23,jagakarsa,0.0317970336933839,0.00010833490693141068,0.1114668759962716,0.00029268233359277287
2024-06-23,jalan bdn ii,0.0320612150997817,0.00013629974499042026,0.111451058043916,4.907784679430414e-05
2024-06-23,kebon jeruk,0.0317970336933839,0.00010833490693141068,0.1114668759962716,0.0004597593727980067
2024-06-23,kelapa gading,0.0298945588641362,8.681520530892481e-05,0.1118098864605272,0.00014003815448203444
2024-06-23,komp angkasa pura jakarta pusat,0.0298945588641362,8.681520530892481e-05,0.1118098864605272,0.00029268233359277287
2024-06-23,lubang buaya,0.0300494010515349,0.00012222096807822057,0.1120550375227052,0.0004911200043040228
2024-06-23,us consulate jakarta pusat,0.0298945588641362,8.681520530892481e-05,0.1118098864605272,0.00015130542761951555
2024-06-25,bundaran hotel indonesia,,0.00012136413296164334,0.112257203824088,
2024-06-25,jagakarsa,,0.00012136413296164334,0.112257203824088,
2024-06-25,jalan bdn ii,0.0327945201844958,9.602009401005962e-05,0.1123122681923994,
2024-06-25,kebon jeruk,,0.00012136413296164334,0.112257203824088,
2024-06-25,kelapa gading,0.0296245216176701,6.637369252243794e-05,0.1126944718607859,
2024-06-25,komp angkasa pura jakarta pusat,0.0296245216176701,6.637369252243794e-05,0.1126944718607859,
2024-06-25,lubang buaya,0.0313311718625489,7.741894949642915e-05,0.1120164273943998,
2024-06-25,us consulate jakarta pusat,0.0296245216176701,6.637369252243794e-05,0.1126944718607859,
2024-06-26,bundaran hotel indonesia,0.0289222877027924,0.00019760241298597773,0.1168472329012079,0.00014593557969999225
2024-06-26,jagakarsa,0.0289222877027924,0.00019760241298597773,0.1168472329012079,0.00015577520791890923
2024-06-26,jalan bdn ii,0.0285013501905515,0.00015403111970988694,0.1155358863449191,
2024-06-26,kebon jeruk,0.0289222877027924,0.00019760241298597773,0.1168472329012079,0.0002472921604813196
2024-06-26,kelapa gading,0.0291428139541559,0.00014585484741330224,0.1163627629955728,5.536930140206282e-05
2024-06-26,komp angkasa pura jakarta pusat,0.0291428139541559,0.00014585484741330224,0.1163627629955728,0.00015577520791890923
2024-06-26,lubang buaya,0.0287991418703724,0.00011896193504754528,0.1161175865482912,6.1438993846027e-05
2024-06-26,us consulate jakarta pusat,0.0291428139541559,0.00014585484741330224,0.1163627629955728,0.00014593557969999225
2024-06-27,bundaran hotel indonesia,0.0289647023220585,0.00021634523905313796,0.1144339863786749,
2024-06-27,jagakarsa,0.0289647023220585,0.00021634523905313796,0.1144339863786749,8.212918388871998e-05
2024-06-27,jalan bdn ii,0.0308942938795413,0.0001682613998906267,0.1146671842173749,0.0001656516260410501
2024-06-27,kebon jeruk,0.0289647023220585,0.00021634523905313796,0.1144339863786749,
2024-06-27,kelapa gading,0.0324322957041125,0.00015036556710612802,0.113559688282827,0.0001340905413182054
2024-06-27,komp angkasa pura jakarta pusat,0.0324322957041125,0.00015036556710612802,0.113559688282827,8.212918388871998e-05
2024-06-27,lubang buaya,0.0314593490394336,0.0001592167298941481,0.1135341478814667,0.00016565162518186066
2024-06-27,us consulate jakarta pusat,0.0324322957041125,0.00015036556710612802,0.113559688282827,
2024-06-28,bundaran hotel indonesia,0.0292857044546145,0.00020218033677385207,0.1142555752828808,6.34993352541113e-06
2024-06-28,jagakarsa,0.0292857044546145,0.00020218033677385207,0.1142555752828808,9.350951541199598e-05
2024-06-28,jalan bdn ii,0.0280257070647628,0.00018278985691773023,0.1130857438517751,
2024-06-28,kebon jeruk,0.0292857044546145,0.00020218033677385207,0.1142555752828808,1.1659441885366858e-05
2024-06-28,kelapa gading,0.0287685513486011,0.0001716035547156235,0.113468984067486,4.033854608078042e-05
2024-06-28,komp angkasa pura jakarta pusat,0.0287685513486011,0.0001716035547156235,0.113468984067486,9.350951541199598e-05
2024-06-28,lubang buaya,0.0280257072805422,0.00014674237498485702,0.1128569704645924,
2024-06-28,us consulate jakarta pusat,0.0287685513486011,0.0001716035547156235,0.113468984067486,6.34993352541113e-06
2024-06-29,bundaran hotel indonesia,,,0.1159099953061607,
2024-06-29,jagakarsa,,,0.1159099953061607,
2024-06-29,jalan bdn ii,,,0.1154828901754435,
2024-06-29,kebon jeruk,,,0.1159099953061607,
2024-06-29,kelapa gading,,,0.1163592505607543,
2024-06-29,komp angkasa pura jakarta pusat,,,0.1163592505607543,
2024-06-29,lubang buaya,,,0.1158348020489679,
2024-06-29,us consulate jakarta pusat,,,0.1163592505607543,
2024-06-30,bundaran hotel indonesia,0.0332858418886709,0.0001471914419198116,0.1144576689101592,0.0002403983201891504
2024-06-30,jagakarsa,0.0332858418886709,0.0001471914419198116,0.1144576689101592,0.00016396464195258067
2024-06-30,jalan bdn ii,0.0326385317716211,0.00018582869414979065,0.1135895492698834,-0.000172
2024-06-30,kebon jeruk,0.0332858418886709,0.0001471914419198116,0.1144576689101592,5.083636242810212e-05
2024-06-30,kelapa gading,0.0333644071672428,0.00015592972603170293,0.1146660361509637,0.00018020601590433644
2024-06-30,komp angkasa pura jakarta pusat,0.0333644071672428,0.00015592972603170293,0.1146660361509637,0.00016396464195258067
2024-06-30,lubang buaya,0.0323392240729507,0.000183094427360226,0.1137822491128552,
2024-06-30,us consulate jakarta pusat,0.0333644071672428,0.00015592972603170293,0.1146660361509637,0.0002403983201891504
2024-07-01,bundaran hotel indonesia,0.0405062313995051,0.00021757670515973825,0.1135812077360591,-0.000237
2024-07-01,jagakarsa,0.0405062313995051,0.00021757670515973825,0.1135812077360591,-0.000277
2024-07-01,jalan bdn ii,0.0405211993377913,0.0002531103600741441,0.1126953613228568,
2024-07-01,kebon jeruk,0.0405062313995051,0.00021757670515973825,0.1135812077360591,-0.000237
2024-07-01,kelapa gading,0.0350357405061275,0.0002690831589630879,0.112656150173679,-0.000395
2024-07-01,komp angkasa pura jakarta pusat,0.0350357405061275,0.0002690831589630879,0.112656150173679,-0.000277
2024-07-01,lubang buaya,0.0379583810626761,0.00034895323834829514,0.1120911141696391,
2024-07-01,us consulate jakarta pusat,0.0350357405061275,0.0002690831589630879,0.112656150173679,-0.000237
2024-07-02,bundaran hotel indonesia,,0.00021907030089373647,0.1133887202724557,-4.54e-05
2024-07-02,jagakarsa,,0.00021907030089373647,0.1133887202724557,-0.00011
2024-07-02,jalan bdn ii,0.0371859615253067,0.0002820968614278639,0.1139145864882263,-3.46e-05
2024-07-02,kebon jeruk,,0.00021907030089373647,0.1133887202724557,-0.000196
2024-07-02,kelapa gading,0.0347461289603411,0.00019376916733153323,0.1130394581030302,0.0001634914669833193
2024-07-02,komp angkasa pura jakarta pusat,0.0347461289603411,0.00019376916733153323,0.1130394581030302,-0.00011
2024-07-02,lubang buaya,0.036021013129307,0.00025638611867921635,0.1132323119568654,0.00014982574205812648
2024-07-02,us consulate jakarta pusat,0.0347461289603411,0.00019376916733153323,0.1130394581030302,-4.54e-05
2024-07-03,bundaran hotel indonesia,0.0479088147313725,0.0003078624796369742,0.115019035087573,
2024-07-03,jagakarsa,0.0479088147313725,0.0003078624796369742,0.115019035087573,
2024-07-03,jalan bdn ii,0.0371274658523448,0.0002982639372588576,0.1140850003003134,
2024-07-03,kebon jeruk,0.0479088147313725,0.0003078624796369742,0.115019035087573,8.360739318916078e-05
2024-07-03,kelapa gading,0.0394612240290628,0.0003325697769909867,0.1147401876843512,0.0001788433160082221
2024-07-03,komp angkasa pura jakarta pusat,0.0394612240290628,0.0003325697769909867,0.1147401876843512,
2024-07-03,lubang buaya,0.033867650825953,0.0003056893005160283,0.1136145029251759,
2024-07-03,us consulate jakarta pusat,0.0394612240290628,0.0003325697769909867,0.1147401876843512,
2024-07-04,bundaran hotel indonesia,0.0297207197508612,0.00021778584274482945,0.1143899049993522,
2024-07-04,jagakarsa,0.0297207197508612,0.00021778584274482945,0.1143899049993522,
2024-07-04,jalan bdn ii,0.0301512030437364,0.00018926652807479188,0.1149318709213331,
2024-07-04,kebon jeruk,0.0297207197508612,0.00021778584274482945,0.1143899049993522,
2024-07-04,kelapa gading,0.0298414048622363,0.00024016404673164344,0.1146991370956785,
2024-07-04,komp angkasa pura jakarta pusat,0.0298414048622363,0.00024016404673164344,0.1146991370956785,
2024-07-04,lubang buaya,0.0302707035355408,0.000217144315575142,0.1150350040062483,
2024-07-04,us consulate jakarta pusat,0.0298414048622363,0.00024016404673164344,0.1146991370956785,
2024-07-05,bundaran hotel indonesia,,,0.1144812743217478,
2024-07-05,jagakarsa,,,0.1144812743217478,
2024-07-05,jalan bdn ii,,0.00010631988590267416,0.1136387913640082,
2024-07-05,kebon jeruk,,,0.1144812743217478,
2024-07-05,kelapa gading,,,0.1152993392488511,
2024-07-05,komp angkasa pura jakarta pusat,,,0.1152993392488511,
2024-07-05,lubang buaya,,6.768677499145595e-05,0.1135918783293352,
2024-07-05,us consulate jakarta pusat,,,0.1152993392488511,
2024-07-06,bundaran hotel indonesia,,,0.1171915688484283,
2024-07-06,jagakarsa,,,0.1171915688484283,
2024-07-06,jalan bdn ii,,,0.1176178720880189,
2024-07-06,kebon jeruk,,,0.1171915688484283,
2024-07-06,kelapa gading,,,0.1173399014543595,
2024-07-06,komp angkasa pura jakarta pusat,,,0.1173399014543595,
2024-07-06,lubang buaya,,,0.1171674020373843,
2024-07-06,us consulate jakarta pusat,,,0.1173399014543595,
2024-07-07,bundaran hotel indonesia,0.0341978030217263,0.00015070107216830317,0.1150542117092498,0.0002992584793107226
2024-07-07,jagakarsa,0.0341978030217263,0.00015070107216830317,0.1150542117092498,6.705706087668284e-05
2024-07-07,jalan bdn ii,0.031621745322114,0.00012098506573677542,0.1154375750235374,0.0001090056492077216
2024-07-07,kebon jeruk,0.0341978030217263,0.00015070107216830317,0.1150542117092498,0.0002597001004108869
2024-07-07,kelapa gading,0.0316263644963644,0.00022551870668868093,0.1157950604559007,0.000270813888860885
2024-07-07,komp angkasa pura jakarta pusat,0.0316263644963644,0.00022551870668868093,0.1157950604559007,6.705706087668284e-05
2024-07-07,lubang buaya,0.0320945514564751,0.00015201782184486503,0.1154057015520091,-3.43e-05
2024-07-07,us consulate jakarta pusat,0.0316263644963644,0.00022551870668868093,0.1157950604559007,0.0002992584793107226
2024-07-08,bundaran hotel indonesia,0.0292652275331375,0.000245919998213639,0.1161515075145791,
2024-07-08,jagakarsa,0.0292652275331375,0.000245919998213639,0.1161515075145791,0.00015740974306827893
2024-07-08,jalan bdn ii,0.0311882631101112,0.00023340260935240373,0.116807650131412,
2024-07-08,kebon jeruk,0.0292652275331375,0.000245919998213639,0.1161515075145791,2.666663437454261e-05
2024-07-08,kelapa gading,0.0281942931641317,0.0001592228737110001,0.1159891519551354,0.00016611502249929674
2024-07-08,komp angkasa pura jakarta pusat,0.0281942931641317,0.0001592228737110001,0.1159891519551354,0.00015740974306827893
2024-07-08,lubang buaya,0.0306073267512006,0.00018859404638811063,0.1160546650262246,2.778342024742938e-05
2024-07-08,us consulate jakarta pusat,0.0281942931641317,0.0001592228737110001,0.1159891519551354,
2024-07-09,bundaran hotel indonesia,0.033655553445305,0.000226437301109928,0.1168636569473295,
2024-07-09,jagakarsa,0.033655553445305,0.000226437301109928,0.1168636569473295,-0.000135
2024-07-09,jalan bdn ii,0.0351702180375128,0.0002650330840486974,0.1171472524102562,
2024-07-09,kebon jeruk,0.033655553445305,0.000226437301109928,0.1168636569473295,
2024-07-09,kelapa gading,0.0319794388376773,0.00018173924846516732,0.1173933860207079,0.00026220022943120426
2024-07-09,komp angkasa pura jakarta pusat,0.0319794388376773,0.00018173924846516732,0.1173933860207079,-0.000135
2024-07-09,lubang buaya,0.0332566012274763,0.00020904728818048243,0.1180297232814246,-0.00031
2024-07-09,us consulate jakarta pusat,0.0319794388376773,0.00018173924846516732,0.1173933860207079,
2024-07-10,kelapa gading,,,0.1180132784460622,
2024-07-10,komp angkasa pura jakarta pusat,,,0.1180132784460622,
2024-07-10,lubang buaya,,,0.1192399073642385,
2024-07-10,us consulate jakarta pusat,,,0.1180132784460622,
2024-07-11,bundaran hotel indonesia,0.0395351304101482,0.00022564934755630675,0.1183482843282323,0.00027762430420493405
2024-07-11,jagakarsa,0.0395351304101482,0.00022564934755630675,0.1183482843282323,0.0009971301394413096
2024-07-11,jalan bdn ii,0.0353183847325826,0.0001793414062424901,0.1179878229256986,0.0003719504752316252
2024-07-11,kebon jeruk,0.0395351304101482,0.00022564934755630675,0.1183482843282323,0.0003025952773806193
2024-07-11,kelapa gading,0.040929199293137,0.00027164440683244786,0.1190632165679444,0.0008875638724596417
2024-07-11,komp angkasa pura jakarta pusat,0.040929199293137,0.00027164440683244786,0.1190632165679444,0.0009971301394413096
2024-07-11,lubang buaya,0.0384893682875405,0.00026097694509764,0.1188931071051586,0.00029297531135711685
2024-07-11,us consulate jakarta pusat,0.040929199293137,0.00027164440683244786,0.1190632165679444,0.00027762430420493405
2024-07-12,bundaran hotel indonesia,0.0387799189051832,0.00026201137758600905,0.1195753162063819,0.0007725234409400869
2024-07-12,jagakarsa,0.0387799189051832,0.00026201137758600905,0.1195753162063819,0.0006883632385443097
2024-07-12,jalan bdn ii,0.0379932844237157,0.0001688882667736346,0.1195307094742912,0.00037468280515051
2024-07-12,kebon jeruk,0.0387799189051832,0.00026201137758600905,0.1195753162063819,0.0004187480881773189
2024-07-12,kelapa gading,0.0377973861949597,0.00020718393724925607,0.119618155096096,0.0005605820773568032
2024-07-12,komp angkasa pura jakarta pusat,0.0377973861949597,0.00020718393724925607,0.119618155096096,0.0006883632385443097
2024-07-12,lubang buaya,0.0393633951161614,0.00018309036121373,0.1195076300115691,0.0012482591042211
2024-07-12,us consulate jakarta pusat,0.0377973861949597,0.00020718393724925607,0.119618155096096,0.0007725234409400869
2024-07-13,bundaran hotel indonesia,0.0438724572431509,0.00027564433552982904,0.1194973280892903,0.00021565166676312784
2024-07-13,jagakarsa,0.0438724572431509,0.00027564433552982904,0.1194973280892903,0.00030546690299739887
2024-07-13,jalan bdn ii,0.0441487307734397,0.00017181337773211172,0.1196065173412572,0.0004102951981983895
2024-07-13,kebon jeruk,0.0438724572431509,0.00027564433552982904,0.1194973280892903,0.00021370842895028692
2024-07-13,kelapa gading,0.0426987146305111,0.00026014425698451035,0.1193306218062258,0.0002453057685878878
2024-07-13,komp angkasa pura jakarta pusat,0.0426987146305111,0.00026014425698451035,0.1193306218062258,0.00030546690299739887
2024-07-13,lubang buaya,0.0438983217508113,0.000186032418987226,0.1194388443548895,0.0003842245970861445
2024-07-13,us consulate jakarta pusat,0.0426987146305111,0.00026014425698451035,0.1193306218062258,0.00021565166676312784
2024-07-14,bundaran hotel indonesia,0.0357545388664134,0.00022817698681859268,0.1177393429761297,0.00045626932935265006
2024-07-14,jagakarsa,0.0357545388664134,0.00022817698681859268,0.1177393429761297,0.0002253902772679859
2024-07-14,jalan bdn ii,0.0349570066300042,0.00022411148651522804,0.1172158717835102,
2024-07-14,kebon jeruk,0.0357545388664134,0.00022817698681859268,0.1177393429761297,0.00043576317441345
2024-07-14,kelapa gading,0.0349735109910387,0.00018014919951131732,0.1183569243264401,0.00015067020964579803
2024-07-14,komp angkasa pura jakarta pusat,0.0349735109910387,0.00018014919951131732,0.1183569243264401,0.0002253902772679859
2024-07-14,lubang buaya,0.0353381722328289,0.00017726330173133042,0.1173740951711608,0.000959254412223962
2024-07-14,us consulate jakarta pusat,0.0349735109910387,0.00018014919951131732,0.1183569243264401,0.00045626932935265006
2024-07-15,bundaran hotel indonesia,0.0378857315847641,0.00020713446395614088,0.117420788195703,2.284947389445959e-05
2024-07-15,jagakarsa,0.0378857315847641,0.00020713446395614088,0.117420788195703,0.00013766002988901602
2024-07-15,jalan bdn ii,0.038867075523917,0.00014614607352879302,0.1168295852083793,0.0003652734528666562
2024-07-15,kebon jeruk,0.0378857315847641,0.00020713446395614088,0.117420788195703,-0.000314
2024-07-15,kelapa gading,0.0378746649082031,0.00018651845840814173,0.1179611499945105,0.00013025631582889974
2024-07-15,komp angkasa pura jakarta pusat,0.0378746649082031,0.00018651845840814173,0.1179611499945105,0.00013766002988901602
2024-07-15,lubang buaya,0.0389658752430418,0.0001322900305208864,0.1180765631056279,-4.74e-05
2024-07-15,us consulate jakarta pusat,0.0378746649082031,0.00018651845840814173,0.1179611499945105,2.284947389445959e-05
2024-07-16,bundaran hotel indonesia,0.0354784578839491,0.000204730113474444,0.1164376159474959,0.00010130446047735064
2024-07-16,jagakarsa,0.0354784578839491,0.000204730113474444,0.1164376159474959,-8.91e-06
2024-07-16,jalan bdn ii,0.0313041684319913,0.0002017071888436833,0.1162959889123118,-0.000206
2024-07-16,kebon jeruk,0.0354784578839491,0.000204730113474444,0.1164376159474959,-1.81e-05
2024-07-16,kelapa gading,0.033841587269843,0.00018078364268296203,0.1167290719668961,-7.47e-05
2024-07-16,komp angkasa pura jakarta pusat,0.033841587269843,0.00018078364268296203,0.1167290719668961,-8.91e-06
2024-07-16,lubang buaya,0.0310385584049583,0.0001702639563124033,0.1162804860510306,3.50076559490663e-05
2024-07-16,us consulate jakarta pusat,0.033841587269843,0.00018078364268296203,0.1167290719668961,0.00010130446047735064
2024-07-17,bundaran hotel indonesia,0.031471476162671,0.00021383381900666785,0.1167385075184896,-0.000247
2024-07-17,jagakarsa,0.031471476162671,0.00021383381900666785,0.1167385075184896,-9.63e-05
2024-07-17,jalan bdn ii,0.0319713398447671,0.0001618614810814639,0.1154248960361685,
2024-07-17,kebon jeruk,0.031471476162671,0.00021383381900666785,0.1167385075184896,-5.88e-05
2024-07-17,kelapa gading,0.0309981396871506,0.00015206629113406165,0.1160263800037649,0.00022616017038982144
2024-07-17,komp angkasa pura jakarta pusat,0.0309981396871506,0.00015206629113406165,0.1160263800037649,-9.63e-05
2024-07-17,lubang buaya,0.0297839065207778,0.00011985372950358951,0.1158216815912085,
2024-07-17,us consulate jakarta pusat,0.0309981396871506,0.00015206629113406165,0.1160263800037649,-0.000247
2024-07-18,bundaran hotel indonesia,0.0378788405280359,0.0002043597052327933,0.113177370535309,
2024-07-18,jagakarsa,0.0378788405280359,0.0002043597052327933,0.113177370535309,0.00015739162318095367
2024-07-18,jalan bdn ii,0.0367645313315256,0.00016648995258820097,0.1135335619167145,
2024-07-18,kebon jeruk,0.0378788405280359,0.0002043597052327933,0.113177370535309,
2024-07-18,kelapa gading,0.0348832026408045,0.00015201832796697955,0.1141640440016338,-7.51e-05
2024-07-18,komp angkasa pura jakarta pusat,0.0348832026408045,0.00015201832796697955,0.1141640440016338,0.00015739162318095367
2024-07-18,lubang buaya,0.036950830587291,0.00017400341164503102,0.1139546223652214,
2024-07-18,us consulate jakarta pusat,0.0348832026408045,0.00015201832796697955,0.1141640440016338,
2024-07-19,bundaran hotel indonesia,0.0394427189963505,0.0001856881008853823,0.1148234128396657,-5.35e-05
2024-07-19,jagakarsa,0.0394427189963505,0.0001856881008853823,0.1148234128396657,0.00014340197820006897
2024-07-19,jalan bdn ii,0.0356647096835763,0.00019728152550909663,0.1140330439648827,0.000138246011545591
2024-07-19,kebon jeruk,0.0394427189963505,0.0001856881008853823,0.1148234128396657,4.191650262549274e-05
2024-07-19,kelapa gading,0.0366627241217558,0.00014182572981569084,0.1145141089184474,0.0001407152026346474
2024-07-19,komp angkasa pura jakarta pusat,0.0366627241217558,0.00014182572981569084,0.1145141089184474,0.00014340197820006897
2024-07-19,lubang buaya,0.037303595835349,0.00015360578766143493,0.1148109519645593,0.00016550198964715025
2024-07-19,us consulate jakarta pusat,0.0366627241217558,0.00014182572981569084,0.1145141089184474,-5.35e-05
2024-07-20,bundaran hotel indonesia,0.0353275366476698,0.0001895583218337788,0.1156716228788045,0.00030378984233411685
2024-07-20,jagakarsa,0.0353275366476698,0.0001895583218337788,0.1156716228788045,0.00011138775270681488
2024-07-20,jalan bdn ii,0.0342740180457492,0.0001492460535761582,0.1145463722109192,-0.000283
2024-07-20,kebon jeruk,0.0353275366476698,0.0001895583218337788,0.1156716228788045,-0.000105
2024-07-20,kelapa gading,0.0316938631841132,0.00014737727345139564,0.1157586264954451,0.00045260175630754856
2024-07-20,komp angkasa pura jakarta pusat,0.0316938631841132,0.00014737727345139564,0.1157586264954451,0.00011138775270681488
2024-07-20,lubang buaya,0.0332567638748115,0.00014200766959398848,0.1149024369271789,-0.000214
2024-07-20,us consulate jakarta pusat,0.0316938631841132,0.00014737727345139564,0.1157586264954451,0.00030378984233411685
2024-07-21,bundaran hotel indonesia,0.0362705432995182,0.00018295273123823696,0.115483753654245,
2024-07-21,jagakarsa,0.0362705432995182,0.00018295273123823696,0.115483753654245,0.0014065238367562
2024-07-21,jalan bdn ii,0.0340304056444679,0.000190991541231179,0.1148351527053424,
2024-07-21,kebon jeruk,0.0362705432995182,0.00018295273123823696,0.115483753654245,
2024-07-21,kelapa gading,0.0359939836150902,0.00019312205966415095,0.1153170622435726,5.864105755874626e-05
2024-07-21,komp angkasa pura jakarta pusat,0.0359939836150902,0.00019312205966415095,0.1153170622435726,0.0014065238367562
2024-07-21,lubang buaya,0.0329465040777429,0.00020127417289079704,0.1147099119153444,
2024-07-21,us consulate jakarta pusat,0.0359939836150902,0.00019312205966415095,0.1153170622435726,
2024-07-22,bundaran hotel indonesia,0.0368605935768559,0.00019617231371182916,0.1156880611142202,0.0001842168554967431
2024-07-22,jagakarsa,0.0368605935768559,0.00019617231371182916,0.1156880611142202,0.0001821064743690562
2024-07-22,jalan bdn ii,0.0370002691577405,0.00022206682929347207,0.1157824168447156,
2024-07-22,kebon jeruk,0.0368605935768559,0.00019617231371182916,0.1156880611142202,
2024-07-22,kelapa gading,0.0397666490043706,0.0002871953573678597,0.1162932502998101,0.00031296477215672034
2024-07-22,komp angkasa pura jakarta pusat,0.0397666490043706,0.0002871953573678597,0.1162932502998101,0.0001821064743690562
2024-07-22,lubang buaya,0.0383116214283519,0.000319272612850974,0.1161895268953824,
2024-07-22,us consulate jakarta pusat,0.0397666490043706,0.0002871953573678597,0.1162932502998101,0.0001842168554967431
2024-07-23,bundaran hotel indonesia,0.0374977560016327,0.00021802589266103412,0.1165749641886536,0.0003546870312557653
2024-07-23,jagakarsa,0.0374977560016327,0.00021802589266103412,0.1165749641886536,0.0004768980242151566
2024-07-23,jalan bdn ii,0.0370359219670178,0.00015108101794760096,0.1158890348400933,-0.000123
2024-07-23,kebon jeruk,0.0374977560016327,0.00021802589266103412,0.1165749641886536,0.0004596846095746626
2024-07-23,kelapa gading,0.0381953104898376,0.00029672535688331653,0.1162829670419097,0.00024172040292636096
2024-07-23,komp angkasa pura jakarta pusat,0.0381953104898376,0.00029672535688331653,0.1162829670419097,0.0004768980242151566
2024-07-23,lubang buaya,0.0357548790819216,0.000216152441249966,0.1157653431496152,-0.000258
2024-07-23,us consulate jakarta pusat,0.0381953104898376,0.00029672535688331653,0.1162829670419097,0.0003546870312557653
2024-07-24,bundaran hotel indonesia,0.0386705455468712,0.0003517258533870172,0.117195845946097,0.0003899827188590421
2024-07-24,jagakarsa,0.0386705455468712,0.0003517258533870172,0.117195845946097,2.2613980366809525e-05
2024-07-24,jalan bdn ii,0.0307153888986189,0.00023895057148853136,0.1157552310389263,
2024-07-24,kebon jeruk,0.0386705455468712,0.0003517258533870172,0.117195845946097,0.0005512636813747961
2024-07-24,kelapa gading,0.0418943759374931,0.0004366582981708675,0.1167574087480103,0.0002288378852774079
2024-07-24,komp angkasa pura jakarta pusat,0.0418943759374931,0.0004366582981708675,0.1167574087480103,2.2613980366809525e-05
2024-07-24,lubang buaya,0.0315691735922793,0.0004081516278841048,0.116096729141806,
2024-07-24,us consulate jakarta pusat,0.0418943759374931,0.0004366582981708675,0.1167574087480103,0.0003899827188590421
2024-07-25,bundaran hotel indonesia,0.03178368548455,0.0002733651338466067,0.117165493346337,-8.03e-05
2024-07-25,jagakarsa,0.03178368548455,0.0002733651338466067,0.117165493346337,0.0001942241352555489
2024-07-25,jalan bdn ii,0.0314045910080395,0.0004093047886948632,0.1165701851146946,
2024-07-25,kebon jeruk,0.03178368548455,0.0002733651338466067,0.117165493346337,
2024-07-25,kelapa gading,0.0316550064341307,0.000321473749278105,0.1175926545552188,0.0002220800727857954
2024-07-25,komp angkasa pura jakarta pusat,0.0316550064341307,0.000321473749278105,0.1175926545552188,0.0001942241352555489
2024-07-25,lubang buaya,0.0317450074067642,0.0005136908837223831,0.1153870640392939,
2024-07-25,us consulate jakarta pusat,0.0316550064341307,0.000321473749278105,0.1175926545552188,-8.03e-05
2024-07-26,jagakarsa,,,,-4.29e-05
2024-07-26,kelapa gading,,,,-0.000156
2024-07-26,komp angkasa pura jakarta pusat,,,,-4.29e-05
2024-07-27,bundaran hotel indonesia,0.0349987362714609,0.00019016368536030695,0.115792758355942,0.00022963936447396163
2024-07-27,jagakarsa,0.0349987362714609,0.00019016368536030695,0.115792758355942,0.00010779725706446163
2024-07-27,jalan bdn ii,0.0341968791008867,0.00016873715943437404,0.115977478640443,
2024-07-27,kebon jeruk,0.0349987362714609,0.00019016368536030695,0.115792758355942,0.00035723449228314903
2024-07-27,kelapa gading,0.034312060325515,0.0001470115445703755,0.1161064734670383,-0.000143
2024-07-27,komp angkasa pura jakarta pusat,0.034312060325515,0.0001470115445703755,0.1161064734670383,0.00010779725706446163
2024-07-27,lubang buaya,0.0329239408568824,0.00015291995955271303,0.1159218024923076,-0.000225
2024-07-27,us consulate jakarta pusat,0.034312060325515,0.0001470115445703755,0.1161064734670383,0.00022963936447396163
2024-07-28,bundaran hotel indonesia,0.0441375046806394,0.00020792605798838784,0.1160554226438859,
2024-07-28,jagakarsa,0.0441375046806394,0.00020792605798838784,0.1160554226438859,-0.000149
2024-07-28,jalan bdn ii,0.0369849150490752,0.0001471479602145887,0.11541294327244,
2024-07-28,kebon jeruk,0.0441375046806394,0.00020792605798838784,0.1160554226438859,3.150218785949773e-06
2024-07-28,kelapa gading,0.0462334919027183,0.0002754990082006656,0.115691347265461,7.785564611835125e-06
2024-07-28,komp angkasa pura jakarta pusat,0.0462334919027183,0.0002754990082006656,0.115691347265461,-0.000149
2024-07-28,lubang buaya,0.039778903766516,0.00017222783956881836,0.1158572528445102,
2024-07-28,us consulate jakarta pusat,0.0462334919027183,0.0002754990082006656,0.115691347265461,
2024-07-29,bundaran hotel indonesia,0.0394469040614564,0.00022670717561782856,0.115513195701403,3.722500906644346e-05
2024-07-29,jagakarsa,0.0394469040614564,0.00022670717561782856,0.1159643074356201,0.0001613850084801987
2024-07-29,jalan bdn ii,0.0391090909709578,0.0001789781458418224,0.1153623489292253,
2024-07-29,kebon jeruk,0.0394469040614564,0.00022670717561782856,0.115513195701403,2.5864666904605862e-06
2024-07-29,kelapa gading,0.0340647728358956,0.0001683639133766181,0.1165826879563358,0.00012868588460906882
2024-07-29,komp angkasa pura jakarta pusat,0.0340647728358956,0.0001683639133766181,0.1165826879563358,0.0001613850084801987
2024-07-29,lubang buaya,0.037168858520309,0.00015620970807503256,0.1155746045827109,
2024-07-29,us consulate jakarta pusat,0.0340647728358956,0.0001683639133766181,0.1165826879563358,3.722500906644346e-05
2024-07-30,bundaran hotel indonesia,0.0391108611611608,0.00028589400303418144,0.1171682332401712,0.00017495347012113632
2024-07-30,jagakarsa,0.0391108611611608,0.00028589400303418144,0.1169685119467392,0.00035277765856283114
2024-07-30,jalan bdn ii,0.037926389522888,0.00021851737132548145,0.1167418064669719,0.0001364727059648231
2024-07-30,kebon jeruk,0.0391108611611608,0.00028589400303418144,0.1171682332401712,-8.1e-05
2024-07-30,kelapa gading,0.035261398317321,0.00020178836616021052,0.1178186538499885,0.00017513824120984108
2024-07-30,komp angkasa pura jakarta pusat,0.035261398317321,0.00020178836616021052,0.1178186538499885,0.00035277765856283114
2024-07-30,lubang buaya,0.037178171802259,0.00017613737948315043,0.1165873670252033,-0.000187
2024-07-30,us consulate jakarta pusat,0.035261398317321,0.00020178836616021052,0.1178186538499885,0.00017495347012113632
2024-07-31,bundaran hotel indonesia,0.0341488013337094,0.00024682820228584307,0.117994071870028,-0.000165
2024-07-31,jagakarsa,0.0341488013337094,0.00024682820228584307,0.1179079078732938,-0.000416
2024-07-31,jalan bdn ii,0.0322021175493577,0.000179601233914053,0.1173717350367638,0.000617320074171593
2024-07-31,kebon jeruk,0.0341488013337094,0.00024682820228584307,0.117994071870028,0.00033554782717056653
2024-07-31,kelapa gading,0.0337667794792914,0.0001624147071144419,0.1189625449295399,-0.000229
2024-07-31,komp angkasa pura jakarta pusat,0.0337667794792914,0.0001624147071144419,0.1189625449295399,-0.000416
2024-07-31,lubang buaya,0.0336232741483751,0.00013913538973702176,0.1179635216413169,0.0005222115517884676
2024-07-31,us consulate jakarta pusat,0.0337667794792914,0.0001624147071144419,0.1189625449295399,-0.000165
2024-08-01,bundaran hotel indonesia,0.0431906632562233,0.0001960776545362032,0.119202934553135,
2024-08-01,jagakarsa,0.0431906632562233,0.0001960776545362032,0.1193316867397416,
2024-08-01,jalan bdn ii,0.0425413645203128,0.0002047217988511644,0.1188980881000626,
2024-08-01,kebon jeruk,0.0431906632562233,0.0001960776545362032,0.119202934553135,
2024-08-01,kelapa gading,0.0395299301910763,0.00021813916423824467,0.1195440454417921,-1.51e-05
2024-08-01,komp angkasa pura jakarta pusat,0.0395299301910763,0.00021813916423824467,0.1195440454417921,
2024-08-01,lubang buaya,0.0414483260083004,0.00023006296036141743,0.119243433525414,
2024-08-01,us consulate jakarta pusat,0.0395299301910763,0.00021813916423824467,0.1195440454417921,
2024-08-02,bundaran hotel indonesia,,0.0002954943856549579,0.1179666571402747,
2024-08-02,jagakarsa,,0.0002954943856549579,0.1172617502180028,
2024-08-02,jalan bdn ii,,,0.1190936841734175,
2024-08-02,kebon jeruk,,0.0002954943856549579,0.1179666571402747,
2024-08-02,kelapa gading,0.0327040945664731,0.00032956384873633995,0.1177350782171341,
2024-08-02,komp angkasa pura jakarta pusat,0.0327040945664731,0.00032956384873633995,0.1177350782171341,
2024-08-02,lubang buaya,,0.0002909561237669953,0.1182622368361403,
2024-08-02,us consulate jakarta pusat,0.0327040945664731,0.00032956384873633995,0.1177350782171341,
2024-08-03,bundaran hotel indonesia,0.0385343172714132,0.0002189791725400636,0.1171690745944189,9.2436862602763e-05
2024-08-03,jagakarsa,0.0385343172714132,0.0002189791725400636,0.118774777648143,7.693744189086095e-05
2024-08-03,jalan bdn ii,0.0385652647930578,0.00024254308813329763,0.11699203322109,
2024-08-03,kebon jeruk,0.0385343172714132,0.0002189791725400636,0.1171690745944189,
2024-08-03,kelapa gading,0.0380327304095843,0.00016538769143029536,0.1182127700911518,5.771940273657495e-05
2024-08-03,komp angkasa pura jakarta pusat,0.0380327304095843,0.00016538769143029536,0.1182127700911518,7.693744189086095e-05
2024-08-03,lubang buaya,0.0359313128612963,0.000197079269607472,0.1168242315700893,3.052378750320569e-05
2024-08-03,us consulate jakarta pusat,0.0380327304095843,0.00016538769143029536,0.1182127700911518,9.2436862602763e-05
2024-08-04,bundaran hotel indonesia,0.0417522753538731,0.00024901733835728574,0.1179135679335069,-0.000189
2024-08-04,jagakarsa,0.0417522753538731,0.00024901733835728574,0.1185657219518856,0.0001230140392699235
2024-08-04,jalan bdn ii,0.0377867832648605,0.00016540012811950706,0.1175886965614215,6.525055697401198e-05
2024-08-04,kebon jeruk,0.0417522753538731,0.00024901733835728574,0.1179135679335069,5.319999355797236e-05
2024-08-04,kelapa gading,0.0352434023222608,0.00027217283449552644,0.1182151346614365,-0.000114
2024-08-04,komp angkasa pura jakarta pusat,0.0352434023222608,0.00027217283449552644,0.1182151346614365,0.0001230140392699235
2024-08-04,lubang buaya,0.033920614500598,0.00017791877103391906,0.1168532936558816,0.00030609147427684824
2024-08-04,us consulate jakarta pusat,0.0352434023222608,0.00027217283449552644,0.1182151346614365,-0.000189
2024-08-05,bundaran hotel indonesia,0.0369142562159943,0.00019783291972483188,0.1169014987931817,
2024-08-05,jagakarsa,0.0369142562159943,0.00019783291972483188,0.1175705986933462,
2024-08-05,jalan bdn ii,0.0378951479244828,0.0001487412530188046,0.1178791032724979,
2024-08-05,kebon jeruk,0.0369142562159943,0.00019783291972483188,0.1169014987931817,
2024-08-05,kelapa gading,0.0353188579950388,0.00019801232491474045,0.1176037468330446,0.000438654415085267
2024-08-05,komp angkasa pura jakarta pusat,0.0353188579950388,0.00019801232491474045,0.1176037468330446,0.000438654415085267
2024-08-05,lubang buaya,0.0363504980009884,0.00014535797331407033,0.1179336864189179,
2024-08-05,us consulate jakarta pusat,0.0353188579950388,0.00019801232491474045,0.1176037468330446,
2024-08-06,bundaran hotel indonesia,0.0361679553680298,0.0002054049763079805,0.1172935966307484,1.035057110667067e-05
2024-08-06,jagakarsa,0.0361679553680298,0.0002054049763079805,0.1174093489886029,0.0012784730910602
2024-08-06,jalan bdn ii,0.0355479964553253,0.00020185086588373,0.1158016481551405,0.00044878469897881984
2024-08-06,kebon jeruk,0.0361679553680298,0.0002054049763079805,0.1172935966307484,0.000264585587682866
2024-08-06,kelapa gading,0.0355961908155836,0.00018242993121467697,0.1167289216501076,0.00023839956053379956
2024-08-06,komp angkasa pura jakarta pusat,0.0355961908155836,0.00018242993121467697,0.1167289216501076,0.0012784730910602
2024-08-06,lubang buaya,0.0346441513059693,0.00017247586580259634,0.1170938260279639,
2024-08-06,us consulate jakarta pusat,0.0355961908155836,0.00018242993121467697,0.1167289216501076,1.035057110667067e-05
2024-08-07,bundaran hotel indonesia,0.0378738831508249,0.00030323651913051865,0.1166791058655199,
2024-08-07,jagakarsa,0.0378738831508249,0.00030323651913051865,0.1175083848609052,
2024-08-07,jalan bdn ii,,0.00032332818023955137,0.1164635283401147,
2024-08-07,kebon jeruk,0.0378738831508249,0.00030323651913051865,0.1166791058655199,
2024-08-07,kelapa gading,0.0372541701106938,0.00024112888732983533,0.1180726455218686,-0.000293
2024-08-07,komp angkasa pura jakarta pusat,0.0372541701106938,0.00024112888732983533,0.1180726455218686,
2024-08-07,lubang buaya,0.0363907444957756,0.00021876937231104908,0.1169567667824908,
2024-08-07,us consulate jakarta pusat,0.0372541701106938,0.00024112888732983533,0.1180726455218686,
2024-08-08,bundaran hotel indonesia,0.0300919137573009,0.00027672597461468926,0.1182002205206683,
2024-08-08,jagakarsa,0.0300919137573009,0.00027672597461468926,0.118265145116932,
2024-08-08,jalan bdn ii,0.0305549875502255,0.00016180573648009986,0.1177766740226126,
2024-08-08,kebon jeruk,0.0300919137573009,0.00027672597461468926,0.1182002205206683,
2024-08-08,kelapa gading,,0.00021049447326621656,0.1178436960113193,
2024-08-08,komp angkasa pura jakarta pusat,,0.00021049447326621656,0.1178436960113193,
2024-08-08,lubang buaya,0.0304560889696327,0.0001827136357521072,0.1182529517400747,
2024-08-08,us consulate jakarta pusat,,0.00021049447326621656,0.1178436960113193,
2024-08-09,bundaran hotel indonesia,0.0299377215846611,0.00019108374560202984,0.1186643572462528,-7.9e-05
2024-08-09,jagakarsa,0.0299377215846611,0.00019108374560202984,0.119080707391375,0.00022283684694818676
2024-08-09,jalan bdn ii,0.0306938005670363,0.00012683744154941214,0.1188103906200309,-0.000191
2024-08-09,kebon jeruk,0.0299377215846611,0.00019108374560202984,0.1186643572462528,-7.08e-05
2024-08-09,kelapa gading,0.0303643051874439,0.00010587276378076036,0.1189706644905273,0.00021491774845502237
2024-08-09,komp angkasa pura jakarta pusat,0.0303643051874439,0.00010587276378076036,0.1189706644905273,0.00022283684694818676
2024-08-09,lubang buaya,0.0298045554453296,9.71159081808652e-05,0.118895031596081,3.163963116951424e-05
2024-08-09,us consulate jakarta pusat,0.0303643051874439,0.00010587276378076036,0.1189706644905273,-7.9e-05
2024-08-10,bundaran hotel indonesia,0.0314067907574783,0.00016308433911582312,0.1191568026281305,0.0008534396884066551
2024-08-10,jagakarsa,0.0314067907574783,0.00016308433911582312,0.1191657160011145,0.0006975651779332046
2024-08-10,jalan bdn ii,0.0318405068826383,0.0001559343683813843,0.1194171858440865,0.0008046780267182819
2024-08-10,kebon jeruk,0.0314067907574783,0.00016308433911582312,0.1191568026281305,0.0003251145894734379
2024-08-10,kelapa gading,0.0310672321448324,0.00012067094044320512,0.1198119391206465,0.0005313027819928551
2024-08-10,komp angkasa pura jakarta pusat,0.0310672321448324,0.00012067094044320512,0.1198119391206465,0.0006975651779332046
2024-08-10,lubang buaya,0.0321901311831192,0.0001342543064840274,0.119717192217706,0.00030469295950095223
2024-08-10,us consulate jakarta pusat,0.0310672321448324,0.00012067094044320512,0.1198119391206465,0.0008534396884066551
2024-08-11,jagakarsa,,,0.121537078816629,0.0006962579076078404
2024-08-11,kelapa gading,,,0.1210452547800311,-0.000239
2024-08-11,komp angkasa pura jakarta pusat,,,0.1210452547800311,-0.000239
2024-08-11,lubang buaya,,,0.1188535921165996,0.000825904773097737
2024-08-11,us consulate jakarta pusat,,,0.1210452547800311,-0.000517
2024-08-12,bundaran hotel indonesia,0.0376412691438722,0.0002136278759017848,0.1214563458353922,
2024-08-12,jagakarsa,0.0376412691438722,0.0002136278759017848,0.1221295693545961,-6.48e-05
2024-08-12,jalan bdn ii,,0.0001763246270116027,0.1202193288894007,
2024-08-12,kebon jeruk,0.0376412691438722,0.0002136278759017848,0.1214563458353922,
2024-08-12,kelapa gading,0.0370741708863219,0.0001860289118862936,0.1215956348602902,-8.68e-05
2024-08-12,komp angkasa pura jakarta pusat,0.0370741708863219,0.0001860289118862936,0.1215956348602902,-6.48e-05
2024-08-12,lubang buaya,,0.00013652787788226385,0.1215322907166629,-0.000489
2024-08-12,us consulate jakarta pusat,0.0370741708863219,0.0001860289118862936,0.1215956348602902,
2024-08-13,bundaran hotel indonesia,0.038511758608676,0.0002541304038272004,0.1203833824187112,0.0004121591165766024
2024-08-13,jagakarsa,0.038511758608676,0.0002541304038272004,0.1209743466200569,0.00018352372166601332
2024-08-13,jalan bdn ii,0.0428964881667108,0.00019492212181990653,0.1202912107004531,0.00047731902790650016
2024-08-13,kebon jeruk,0.038511758608676,0.0002541304038272004,0.1203833824187112,7.326454689536589e-05
2024-08-13,kelapa gading,0.0370118146016831,0.0001912130826775127,0.1208097870649407,0.0003185246353242944
2024-08-13,komp angkasa pura jakarta pusat,0.0370118146016831,0.0001912130826775127,0.1208097870649407,0.00018352372166601332
2024-08-13,lubang buaya,0.0383924189423291,0.00015472758955254346,0.1199118333123548,0.0004746781791035831
2024-08-13,us consulate jakarta pusat,0.0370118146016831,0.0001912130826775127,0.1208097870649407,0.0004121591165766024
2024-08-14,bundaran hotel indonesia,0.0398347906191698,0.0001685696409053466,0.1215552721456931,0.0003459857935770753
2024-08-14,jagakarsa,0.0398347906191698,0.0001685696409053466,0.1209944461523692,1.0082575168466451e-05
2024-08-14,jalan bdn ii,0.0380632268572193,0.00016070443429115302,0.1205453818564955,0.00017647082513912575
2024-08-14,kebon jeruk,0.0398347906191698,0.0001685696409053466,0.1215552721456931,-0.000142
2024-08-14,kelapa gading,0.0399730401549722,0.00013912525233640997,0.1215932393628936,4.892899483213384e-05
2024-08-14,komp angkasa pura jakarta pusat,0.0399730401549722,0.00013912525233640997,0.1215932393628936,1.0082575168466451e-05
2024-08-14,lubang buaya,0.0394283788899006,0.000137559157516711,0.1206970141468341,0.0001993861438348484
2024-08-14,us consulate jakarta pusat,0.0399730401549722,0.00013912525233640997,0.1215932393628936,0.0003459857935770753
2024-08-15,bundaran hotel indonesia,0.0464565024995558,0.000299811714812455,0.1180995808286207,8.177852791318898e-05
2024-08-15,jagakarsa,0.0464565024995558,0.000299811714812455,0.1186513517872348,0.00015062580946687094
2024-08-15,jalan bdn ii,0.036579542673836,0.0001973657533922783,0.1166537645097579,
2024-08-15,kebon jeruk,0.0464565024995558,0.000299811714812455,0.1180995808286207,8.177852791318898e-05
2024-08-15,kelapa gading,0.0428005714886466,0.00037961127566226,0.1191572262416573,0.0002526966560490451
2024-08-15,komp angkasa pura jakarta pusat,0.0428005714886466,0.00037961127566226,0.1191572262416573,0.0002526966560490451
2024-08-15,lubang buaya,0.0375212239082949,0.00019298045251789776,0.1173110854679365,-6.94e-05
2024-08-15,us consulate jakarta pusat,0.0428005714886466,0.00037961127566226,0.1191572262416573,0.0005182460284137234
2024-08-16,bundaran hotel indonesia,0.0399688721684592,0.0002307135425470614,0.1172015065404423,
2024-08-16,jagakarsa,0.0399688721684592,0.0002307135425470614,0.1176795177810134,0.000574575763945637
2024-08-16,jalan bdn ii,0.0375330560209083,0.00014150349728315654,0.1162651064050332,
2024-08-16,kebon jeruk,0.0399688721684592,0.0002307135425470614,0.1172015065404423,
2024-08-16,kelapa gading,0.0445849982750961,0.0002024624783975632,0.1182740614800458,0.00021704304595594967
2024-08-16,komp angkasa pura jakarta pusat,0.0445849982750961,0.0002024624783975632,0.1182740614800458,0.00021704304595594967
2024-08-16,lubang buaya,0.0425339024340354,0.000142163904701209,0.1175064765488758,-0.000109
2024-08-16,us consulate jakarta pusat,0.0445849982750961,0.0002024624783975632,0.1182740614800458,
2024-08-17,bundaran hotel indonesia,,0.00014762587280975283,0.1147282149992177,
2024-08-17,jagakarsa,,0.00014762587280975283,0.115404830934076,
2024-08-17,jalan bdn ii,,0.0001839819535921586,0.1145505578086955,
2024-08-17,kebon jeruk,,0.00014762587280975283,0.1147282149992177,
2024-08-17,kelapa gading,,0.00014723335358915668,0.1153203090803933,
2024-08-17,komp angkasa pura jakarta pusat,,0.00014723335358915668,0.1153203090803933,
2024-08-17,lubang buaya,,0.00017337099793451194,0.1140475723231459,
2024-08-17,us consulate jakarta pusat,,0.00014723335358915668,0.1153203090803933,
2024-08-18,bundaran hotel indonesia,0.0402275009072468,0.00015776987196405452,0.11663793163862,0.00016515157008009228
2024-08-18,jagakarsa,0.0402275009072468,0.00015776987196405452,0.1163875381026811,0.0001895400012882933
2024-08-18,jalan bdn ii,0.0438691266873197,0.0001953105652823476,0.1165815059299154,-1.84e-05
2024-08-18,kebon jeruk,0.0402275009072468,0.00015776987196405452,0.11663793163862,0.00016515157008009228
2024-08-18,kelapa gading,0.0349015898669465,0.0001921517062051572,0.1166618640708547,0.00016111329004106663
2024-08-18,komp angkasa pura jakarta pusat,0.0349015898669465,0.0001921517062051572,0.1166618640708547,0.00016111329004106663
2024-08-18,lubang buaya,0.0375725032738577,0.00016064239436391155,0.1163545587845743,-0.000119
2024-08-18,us consulate jakarta pusat,0.0349015898669465,0.0001921517062051572,0.1166618640708547,-4.07e-05
2024-08-19,bundaran hotel indonesia,0.0544460317043215,0.00028189357096688143,0.1200578609329779,-8.9e-06
2024-08-19,jagakarsa,0.0544460317043215,0.00028189357096688143,0.1203418202159375,0.0002082731711771616
2024-08-19,jalan bdn ii,0.0497583341085656,0.0003994234949859346,0.1182260823875104,-0.000252
2024-08-19,kebon jeruk,0.0544460317043215,0.00028189357096688143,0.1200578609329779,-8.9e-06
2024-08-19,kelapa gading,0.0413058538564965,0.0003104206991175832,0.1195817758462593,-7.37e-05
2024-08-19,komp angkasa pura jakarta pusat,0.0413058538564965,0.0003104206991175832,0.1195817758462593,-7.37e-05
2024-08-19,lubang buaya,0.0419644884719619,0.0003536557263505036,0.1183580773781011,-0.000214
2024-08-19,us consulate jakarta pusat,0.0413058538564965,0.0003104206991175832,0.1195817758462593,5.4400332145090336e-05
2024-08-20,bundaran hotel indonesia,0.0470405716386448,0.0003961069393281696,0.1202974198401416,0.0006254951905466251
2024-08-20,jagakarsa,0.0470405716386448,0.0003961069393281696,0.1209332063061814,0.0001533829122557144
2024-08-20,jalan bdn ii,0.046226310897341,0.0002037814207381388,0.1205102909788052,0.0003920698600234384
2024-08-20,kebon jeruk,0.0470405716386448,0.0003961069393281696,0.1202974198401416,0.0006254951905466251
2024-08-20,kelapa gading,0.0409075265548415,0.0004039585955657555,0.120729604214145,0.0003467455620737034
2024-08-20,komp angkasa pura jakarta pusat,0.0409075265548415,0.0004039585955657555,0.120729604214145,0.0003467455620737034
2024-08-20,lubang buaya,0.0438696026667295,0.00021398611095813588,0.1202470803487753,0.0002681509113263656
2024-08-20,us consulate jakarta pusat,0.0409075265548415,0.0004039585955657555,0.120729604214145,0.00041853020738699
2024-08-21,bundaran hotel indonesia,0.0410548635201224,0.0002161149419104811,0.120859054270828,1.255502686945413e-05
2024-08-21,jagakarsa,0.0410548635201224,0.0002161149419104811,0.1208642699205115,0.0004729823666755023
2024-08-21,jalan bdn ii,0.0394589578701531,0.0003022152132702199,0.1199792660966816,0.0004208528850435516
2024-08-21,kebon jeruk,0.0410548635201224,0.0002161149419104811,0.120859054270828,1.255502686945413e-05
2024-08-21,kelapa gading,0.0390631151597659,0.0001783768306741567,0.121004254309323,0.0004097689770072098
2024-08-21,komp angkasa pura jakarta pusat,0.0390631151597659,0.0001783768306741567,0.121004254309323,0.0004097689770072098
2024-08-21,lubang buaya,0.0387320229402759,0.0002339374251307588,0.1198573129935742,0.0007104562766184134
2024-08-21,us consulate jakarta pusat,0.0390631151597659,0.0001783768306741567,0.121004254309323,0.0002372859500451662
2024-08-22,bundaran hotel indonesia,0.0411175081846667,0.00013725466703960344,0.1163856379045834,
2024-08-22,jagakarsa,0.0411175081846667,0.00013725466703960344,0.115869158732025,0.0024811337242751
2024-08-22,jalan bdn ii,,0.0001718901114334929,0.1150905736430245,
2024-08-22,kebon jeruk,0.0411175081846667,0.00013725466703960344,0.1163856379045834,-0.000391
2024-08-22,kelapa gading,,0.00013652072519275987,0.1163924786597282,
2024-08-22,komp angkasa pura jakarta pusat,,0.00013652072519275987,0.1163924786597282,0.0024811337242751
2024-08-22,lubang buaya,,0.00015536161353613126,0.1158436086662243,
2024-08-22,us consulate jakarta pusat,,0.00013652072519275987,0.1163924786597282,
2024-08-23,bundaran hotel indonesia,0.0371492623043189,0.00017851992719629183,0.1169147233638226,4.557031941590133e-05
2024-08-23,jagakarsa,0.0371492623043189,0.00017851992719629183,0.1170627893586178,-3.46e-05
2024-08-23,jalan bdn ii,0.0386308348151697,0.0002038194553583971,0.1168323724263635,8.60164147444682e-05
2024-08-23,kebon jeruk,0.0371492623043189,0.00017851992719629183,0.1169147233638226,4.632353184911633e-05
2024-08-23,kelapa gading,0.0364160793607919,0.00019717034647884695,0.1179526780601639,-0.000127
2024-08-23,komp angkasa pura jakarta pusat,0.0364160793607919,0.00019717034647884695,0.1179526780601639,-3.46e-05
2024-08-23,lubang buaya,0.0371326090559549,0.00025267752549923883,0.1168898545993606,5.509669111752367e-05
2024-08-23,us consulate jakarta pusat,0.0364160793607919,0.00019717034647884695,0.1179526780601639,4.557031941590133e-05
2024-08-24,bundaran hotel indonesia,0.0492071284497758,0.0002210910078208222,0.1192618315463337,-9.85e-05
2024-08-24,jagakarsa,0.0492071284497758,0.00013122741676481632,0.1200904254230997,8.088811279293663e-05
2024-08-24,jalan bdn ii,0.0460714728806266,0.0001818198310539457,0.1186097413408401,
2024-08-24,kebon jeruk,0.0492071284497758,0.0002210910078208222,0.1192618315463337,-9.85e-05
2024-08-24,kelapa gading,0.0501113041936622,0.0001274568799967343,0.1198592509656508,0.00014426312328547463
2024-08-24,komp angkasa pura jakarta pusat,0.0501113041936622,0.0001274568799967343,0.1198592509656508,0.00014426312328547463
2024-08-24,lubang buaya,0.0468475706388099,0.00018228507578268085,0.1184558645438342,
2024-08-24,us consulate jakarta pusat,0.0501113041936622,0.0001274568799967343,0.1198592509656508,-4.25e-05
2024-08-25,bundaran hotel indonesia,0.0368642909618705,0.0001598340892458942,0.1187348412347568,0.0004090664548772564
2024-08-25,jagakarsa,0.0368642909618705,0.0001007045808254402,0.1189400835384175,0.0003830094537515335
2024-08-25,jalan bdn ii,0.0367408258397068,0.00012103617200595948,0.1178940615614821,-5.06e-06
2024-08-25,kebon jeruk,0.0368642909618705,0.0001598340892458942,0.1187348412347568,0.0004090664548772564
2024-08-25,kelapa gading,0.0331350505557799,0.00010443604004873534,0.1193724210969209,0.0004320637656356067
2024-08-25,komp angkasa pura jakarta pusat,0.0331350505557799,0.00010443604004873534,0.1193724210969209,0.0004320637656356067
2024-08-25,lubang buaya,0.0340009321472301,0.00011668955581816431,0.1180887212441762,1.720844129727025e-05
2024-08-25,us consulate jakarta pusat,0.0331350505557799,0.00010443604004873534,0.1193724210969209,0.0003128412073651564
2024-08-26,bundaran hotel indonesia,0.0368423756609219,0.000243742671414282,0.1178902365462281,0.0006814008433298711
2024-08-26,jagakarsa,0.0368423756609219,0.00013615791346765832,0.1178662397243611,0.00021426794781868305
2024-08-26,jalan bdn ii,0.033003880436285,0.00012955209030716898,0.1158490957147581,
2024-08-26,kebon jeruk,0.0368423756609219,0.000243742671414282,0.1178902365462281,0.0006814008433298711
2024-08-26,kelapa gading,0.0350480285830256,0.0001603402501682744,0.1180439530198249,-0.000177
2024-08-26,komp angkasa pura jakarta pusat,0.0350480285830256,0.0001603402501682744,0.1180439530198249,-0.000177
2024-08-26,lubang buaya,0.0302021260635417,0.00014760868448620437,0.1157340789772218,
2024-08-26,us consulate jakarta pusat,0.0368423756609219,0.0001603402501682744,0.1180439530198249,0.00020805948341867252
2024-08-28,bundaran hotel indonesia,0.0417181683527355,0.00019845129916194285,0.1176177035641837,-0.000199
2024-08-28,jagakarsa,0.0417181704289749,0.00014584048980018823,0.1175261940066678,0.0005647456278859464
2024-08-28,jalan bdn ii,0.0423969450449988,0.00022634772572220564,0.1176701701564193,7.851122730160173e-05
2024-08-28,kebon jeruk,0.0417181683527355,0.00019845129916194285,0.1176177035641837,0.0008605563113374733
2024-08-28,kelapa gading,0.0417181700489464,0.000161793412749951,0.1178277167956531,3.027316321165176e-05
2024-08-28,komp angkasa pura jakarta pusat,0.0417181700489464,0.000161793412749951,0.1178277167956531,0.0005647456278859464
2024-08-28,lubang buaya,0.0375274705044728,0.00023443027463069413,0.1175480546084694,0.00012704249271506486
2024-08-28,us consulate jakarta pusat,0.0417181704289749,0.000161793412749951,0.1178277167956531,-0.000199
2024-08-29,bundaran hotel indonesia,0.0357198883685949,0.0003117469793504151,0.1170557001233869,
2024-08-29,jagakarsa,0.0374695090336424,0.00017844616287104282,0.1177759370925143,-0.000271
2024-08-29,jalan bdn ii,,,0.1162915333381276,
2024-08-29,kebon jeruk,0.0357198883685949,0.0003117469793504151,0.1170557001233869,
2024-08-29,kelapa gading,0.0334867955538405,0.00019061513227264788,0.1177474248288708,-0.000225
2024-08-29,komp angkasa pura jakarta pusat,0.0334867955538405,0.00019061513227264788,0.1177474248288708,-0.000225
2024-08-29,lubang buaya,0.0325293656916853,,0.1173885055690987,
2024-08-29,us consulate jakarta pusat,0.0374695090336424,0.00019061513227264788,0.1177474248288708,
2024-08-30,bundaran hotel indonesia,0.0367184506544584,0.0002870395342867262,0.1166161269417473,
2024-08-30,jagakarsa,0.0380487927161317,0.00019799574149301555,0.1165834428765589,-8.69e-05
2024-08-30,jalan bdn ii,,0.0001559983206934218,0.1150496404304423,
2024-08-30,kebon jeruk,0.0367184506544584,0.0002870395342867262,0.1166161269417473,
2024-08-30,kelapa gading,0.0342600149697257,0.00012728257222546118,0.1168985470188982,-0.000165
2024-08-30,komp angkasa pura jakarta pusat,0.0342600149697257,0.00012728257222546118,0.1168985470188982,-0.000165
2024-08-30,lubang buaya,0.0330451268962851,0.00014747540377442437,0.114804026629601,
2024-08-30,us consulate jakarta pusat,0.0380487927161317,0.00019799574149301555,0.1168985470188982,-0.000293
2024-08-31,bundaran hotel indonesia,0.0384621049304036,0.0002642919541246387,0.1187439005313672,0.0002899720264030068
2024-08-31,jagakarsa,0.0436950356131211,0.00017818116648852622,0.117474404071969,0.00013653308759567192
2024-08-31,jalan bdn ii,0.0353293031464539,0.00016625596204727732,0.1167212713321584,-0.000579
2024-08-31,kebon jeruk,0.0384621049304036,0.0002642919541246387,0.1187439005313672,0.0002899720264030068
2024-08-31,kelapa gading,0.0391974336455951,0.00012692197555024822,0.1181893063043963,0.0003123889496162375
2024-08-31,komp angkasa pura jakarta pusat,0.0391974336455951,0.00012692197555024822,0.1181893063043963,0.0003123889496162375
2024-08-31,lubang buaya,0.0384898759308601,0.00015489493306218794,0.1166893361686647,-0.000579
2024-08-31,us consulate jakarta pusat,0.0436950356131211,0.00017818116648852622,0.1181893063043963,-0.00015
2024-09-01,bundaran hotel indonesia,0.0351014858018949,0.0001473082267271681,0.1185625401765081,0.00010249618329987668
2024-09-01,jagakarsa,0.0362546289698808,0.0001059176105679848,0.1191522956715841,0.00010249618329987668
2024-09-01,jalan bdn ii,0.0352411799932632,0.00011281337476980458,0.1185113090436621,0.0009572946197761712
2024-09-01,kebon jeruk,0.0363967708026839,0.0001617978513978645,0.1185625401765081,0.00010249618329987668
2024-09-01,kelapa gading,0.0355710773288627,9.970402187957312e-05,0.1193371289873253,0.0005304435919075864
2024-09-01,komp angkasa pura jakarta pusat,0.0362546289698808,0.0001059176105679848,0.1193371289873253,0.0005304435919075864
2024-09-01,lubang buaya,0.035402569435111,0.00010912716089100206,0.1178523817535463,0.000957294611369514
2024-09-01,us consulate jakarta pusat,0.0362546289698808,0.0001059176105679848,0.1193371289873253,0.0005304435919075864
2024-09-02,bundaran hotel indonesia,0.0382962364941277,0.0002087562619590424,0.1181322723341439,-0.000399
2024-09-02,jagakarsa,0.0363971367373084,0.00011913397835532437,0.1182288512554525,-0.000399
2024-09-02,jalan bdn ii,0.0361973759815218,0.0001874614517838014,0.1169125250855215,
2024-09-02,kebon jeruk,0.0382962364941277,0.0002087562619590424,0.1181322723341439,-0.000399
2024-09-02,kelapa gading,0.034484481008781,9.48991593046252e-05,0.1173896052655597,-0.000387
2024-09-02,komp angkasa pura jakarta pusat,0.034484481008781,9.48991593046252e-05,0.1173896052655597,-0.000387
2024-09-02,lubang buaya,0.0351644060128745,0.00013727823587083874,0.1168328717933381,-0.000565
2024-09-02,us consulate jakarta pusat,0.0363971367373084,0.00011913397835532437,0.1173896052655597,-0.000387
2024-09-03,bundaran hotel indonesia,0.0457550782662839,0.0002310639255026301,0.1165039561587409,-7.47e-05
2024-09-03,jagakarsa,0.049065479367598,0.00013738503254210623,0.1171799919564894,-7.47e-05
2024-09-03,jalan bdn ii,0.0384581677405805,0.00012442629260587382,0.115747930991911,
2024-09-03,kebon jeruk,0.0457550782662839,0.0002310639255026301,0.1165039561587409,-7.47e-05
2024-09-03,kelapa gading,0.0482205827108658,0.0002177733509626404,0.11752992864373,
2024-09-03,komp angkasa pura jakarta pusat,0.0482205827108658,0.0002177733509626404,0.11752992864373,
2024-09-03,lubang buaya,0.0422716712814249,0.00023711322952367465,0.1152495894363597,
2024-09-03,us consulate jakarta pusat,0.049065479367598,0.00013738503254210623,0.11752992864373,
2024-09-04,bundaran hotel indonesia,0.0339223897217574,0.0001519608945650214,0.1162837517710539,-0.000182
2024-09-04,jagakarsa,0.0342808796681869,0.00017756742192650472,0.116204646967329,-0.000182
2024-09-04,jalan bdn ii,0.0313327844274543,0.00011206463321455631,0.1155976076906164,-0.000146
2024-09-04,kebon jeruk,0.0339223897217574,0.0001519608945650214,0.1162837517710539,-0.000182
2024-09-04,kelapa gading,0.0328659919120526,0.00010259970378894176,0.116384816908513,-0.000222
2024-09-04,komp angkasa pura jakarta pusat,0.0328659919120526,0.00010259970378894176,0.116384816908513,-0.000222
2024-09-04,lubang buaya,0.0328699872253819,0.0001101693635545617,0.1155002101533167,-0.000252
2024-09-04,us consulate jakarta pusat,0.0342808796681869,0.00017756742192650472,0.116384816908513,-0.000222
2024-09-05,bundaran hotel indonesia,0.0382652673005665,0.00031439676142277806,0.1191145448331929,-0.000153
2024-09-05,jagakarsa,0.0401838990160509,0.00015412445165711693,0.1194030953817982,-0.000153
2024-09-05,jalan bdn ii,0.037572637013018,0.00015036066620144334,0.1184716985855738,
2024-09-05,kebon jeruk,0.0395155881576057,0.00031439676142277806,0.1191145448331929,-0.000153
2024-09-05,kelapa gading,0.0322365531266667,0.00012664647883615048,0.1189136151492546,0.00010732281090121515
2024-09-05,komp angkasa pura jakarta pusat,0.0401838990160509,0.00012664647883615048,0.1189136151492546,0.00010732281090121515
2024-09-05,lubang buaya,0.0368580581710677,0.00013679060810935104,0.1186517446892884,
2024-09-05,us consulate jakarta pusat,0.0401838990160509,0.00015412445165711693,0.1189136151492546,0.00010732281090121515
2024-09-06,bundaran hotel indonesia,0.0329271748160738,0.00010768103627184156,0.1198048970799165,-0.000212
2024-09-06,jagakarsa,0.0332817460050142,0.00011959338346088986,0.1200412503245745,-0.000212
2024-09-06,jalan bdn ii,0.0344403192019738,0.00011914673145974164,0.1187103819911631,0.0001829553220035944
2024-09-06,kebon jeruk,0.0332663247696978,0.00014796994429182837,0.1198048970799165,0.00017009856665158173
2024-09-06,kelapa gading,0.0313107502376246,8.734047190529862e-05,0.1198171774718895,-0.000526
2024-09-06,komp angkasa pura jakarta pusat,0.0332817460050142,0.00011959338346088986,0.1198171774718895,-0.000212
2024-09-06,lubang buaya,0.0352111929909251,0.00011396979603331706,0.1190202942296505,0.00013248889079866096
2024-09-06,us consulate jakarta pusat,0.0332817460050142,0.00011959338346088986,0.1198171774718895,-0.000212
2024-09-07,bundaran hotel indonesia,0.0396898446694799,0.0001693019357518863,0.1193459434021305,-4.84e-06
2024-09-07,jagakarsa,0.0376854702619308,0.0001454711230016058,0.1201198270647189,-4.84e-06
2024-09-07,jalan bdn ii,0.037997852935959,0.00011689779893791865,0.1193023908113287,0.000306283270371223
2024-09-07,kebon jeruk,0.0396898446694799,0.0001693019357518863,0.1193459434021305,4.326586052071326e-05
2024-09-07,kelapa gading,0.0327233586307303,0.00011340917720768722,0.1198525110947834,3.462771117236907e-05
2024-09-07,komp angkasa pura jakarta pusat,0.0327233586307303,0.00011340917720768722,0.1198525110947834,-4.84e-06
2024-09-07,lubang buaya,,0.00011992272959111682,0.119265976563644,-0.000191
2024-09-07,us consulate jakarta pusat,0.0376854702619308,0.0001454711230016058,0.1198525110947834,-4.84e-06
2024-09-08,bundaran hotel indonesia,0.0304168134161008,0.0001414693249557166,0.1182828478088581,5.58183763708006e-05
2024-09-08,jagakarsa,0.0310524031501337,0.000107444578616746,0.1186707126503581,5.58183763708006e-05
2024-09-08,jalan bdn ii,0.0320038731081718,0.00018240322160196736,0.117220136075535,-0.000271
2024-09-08,kebon jeruk,0.0304168134161008,0.0001414693249557166,0.1182828478088581,5.58183763708006e-05
2024-09-08,kelapa gading,0.0281994083479578,7.656264166158319e-05,0.1189682081954794,-0.000108
2024-09-08,komp angkasa pura jakarta pusat,0.0281994083479578,7.656264166158319e-05,0.1189682081954794,-0.000108
2024-09-08,lubang buaya,0.0281779163062811,0.00011294038078528418,0.1172208021105255,-0.000223
2024-09-08,us consulate jakarta pusat,0.0310524031501337,0.000107444578616746,0.1189682081954794,-0.000108
2024-09-09,bundaran hotel indonesia,0.0363551749523335,0.0001819298420508519,0.1175009235003604,-0.000148
2024-09-09,jagakarsa,0.0314600917902187,0.00010227738724702008,0.1167635027825705,-0.000148
2024-09-09,jalan bdn ii,,,0.1185176054158201,
2024-09-09,kebon jeruk,0.0363551749523335,0.0001819298420508519,0.1175009235003604,-0.000148
2024-09-09,kelapa gading,0.0281735989755142,0.00010685610303767854,0.1180328182307631,-0.000379
2024-09-09,komp angkasa pura jakarta pusat,0.0281735989755142,0.00010685610303767854,0.1180328182307631,-0.000379
2024-09-09,lubang buaya,0.0305538920989616,0.0001808477485368156,0.1183144982561688,
2024-09-09,us consulate jakarta pusat,0.0314600917902187,0.00010227738724702008,0.1180328182307631,-0.000379
2024-09-10,bundaran hotel indonesia,0.0339959339412065,0.00013486929060767182,0.1185583250138423,
2024-09-10,jagakarsa,,0.0001232483241037938,0.1192506962810569,
2024-09-10,jalan bdn ii,,0.00016958423745440414,0.1195676829435646,
2024-09-10,kebon jeruk,,0.00011645894139892628,0.1185583250138423,
2024-09-10,kelapa gading,,8.692721332090177e-05,0.1192500271887242,
2024-09-10,komp angkasa pura jakarta pusat,,0.0001232483241037938,0.1192500271887242,
2024-09-10,lubang buaya,,0.0001568412595062465,0.1185329967002222,
2024-09-10,us consulate jakarta pusat,,0.0001232483241037938,0.1192500271887242,
2024-09-11,bundaran hotel indonesia,0.0360624680806246,0.00014287117567917155,0.1178203802045544,0.0002570112984130873
2024-09-11,jagakarsa,0.0312376414025638,0.00015109494361730856,0.1196366078222041,0.0002570112984130873
2024-09-11,jalan bdn ii,0.0354343530372598,0.00010596916494978564,0.1175339996499135,-0.000229
2024-09-11,kebon jeruk,0.0391397794732746,0.00018659592173619216,0.1178203802045544,3.418839983287256e-05
2024-09-11,kelapa gading,0.0335934474396002,0.00011662290281724185,0.1191677698385676,0.0003466861030132796
2024-09-11,komp angkasa pura jakarta pusat,0.0312376414025638,0.00015109494361730856,0.1191677698385676,0.0002570112984130873
2024-09-11,lubang buaya,0.0349703762608957,0.0001027423708827364,0.1180819984574968,0.0001217503160498208
2024-09-11,us consulate jakarta pusat,0.0312376414025638,0.00015109494361730856,0.1191677698385676,0.0002570112984130873
2024-09-12,bundaran hotel indonesia,,,,9.169866793813408e-05
2024-09-12,jagakarsa,,,,9.169866793813408e-05
2024-09-12,kelapa gading,,0.00011384088938932206,0.1195476054973768,9.169866530076896e-05
2024-09-12,komp angkasa pura jakarta pusat,,,0.1195476054973768,9.169866793813408e-05
2024-09-12,us consulate jakarta pusat,,,0.1195476054973768,9.169866793813408e-05
2024-09-13,bundaran hotel indonesia,0.0491872478626568,0.0002053814791846117,0.118370977023657,-0.000359
2024-09-13,jagakarsa,0.0476992782681673,0.0001527487701454892,0.1183908457978261,-0.000359
2024-09-13,jalan bdn ii,0.0457991355720237,0.00014384464799703717,0.1172896928767304,-4.38e-06
2024-09-13,kebon jeruk,0.0491872478626568,0.0002053814791846117,0.118370977023657,-0.000359
2024-09-13,kelapa gading,0.0459714709119612,0.00016273512043160044,0.1191163902187887,0.00018154857285327785
2024-09-13,komp angkasa pura jakarta pusat,0.0459714709119612,0.00016273512043160044,0.1191163902187887,0.00018154857285327785
2024-09-13,lubang buaya,0.0432014841864483,0.00017784568653611817,0.1174451602389732,-0.000101
2024-09-13,us consulate jakarta pusat,0.0476992782681673,0.0001527487701454892,0.1191163902187887,0.00018154857285327785
2024-09-14,bundaran hotel indonesia,0.0530167320033128,0.0002782069256341705,0.1221399227184912,-0.000663
2024-09-14,jagakarsa,0.0538594975095323,0.00020525573657221183,0.1218614303915898,-0.000663
2024-09-14,jalan bdn ii,0.0448036005514525,0.00012283473814310648,0.1212075431070884,
2024-09-14,kebon jeruk,0.0503737567785494,0.0002782069256341705,0.1221399227184912,-0.000663
2024-09-14,kelapa gading,0.0536768321817954,0.00018234897481734456,0.1217007827199985,-0.000106
2024-09-14,komp angkasa pura jakarta pusat,0.0538594975095323,0.00018234897481734456,0.1217007827199985,-0.000106
2024-09-14,lubang buaya,0.0453756110780162,0.00011451917094171022,0.1210530083346895,
2024-09-14,us consulate jakarta pusat,0.0538594975095323,0.00020525573657221183,0.1217007827199985,-0.000106
2024-09-15,bundaran hotel indonesia,0.0467411788105526,0.00018467071637244049,0.1220986083781045,-4.94e-05
2024-09-15,jagakarsa,0.041498931611814,0.0001069000897500686,0.1228083802219505,-0.000125
2024-09-15,jalan bdn ii,0.0466843248175486,0.0001414847611024358,0.1216540684760826,-6.65e-05
2024-09-15,kebon jeruk,0.0475184882336411,0.00019812150596182595,0.1228753695459823,-4.94e-05
2024-09-15,kelapa gading,0.040707470900766,0.0001101240491637154,0.1221249227041806,-7.88e-05
2024-09-15,komp angkasa pura jakarta pusat,0.041498931611814,0.0001069000897500686,0.1228083802219505,-7.88e-05
2024-09-15,lubang buaya,0.0459002881845743,0.0001282024519628375,0.120921791674752,-0.000344
2024-09-15,us consulate jakarta pusat,0.041498931611814,0.0001069000897500686,0.1228083802219505,8.499470770733752e-05
2024-09-16,bundaran hotel indonesia,0.0503655307128481,0.0002681092993560281,0.1213764066480548,-4.78e-05
2024-09-16,jagakarsa,0.0512348148027798,0.00016952166551758996,0.1215461544093439,-4.78e-05
2024-09-16,jalan bdn ii,0.0422293803408815,0.00010538818448202325,0.1194201243574988,-0.000425
2024-09-16,kebon jeruk,0.0479304107090475,0.00020005750226006504,0.1213764066480548,-0.000337
2024-09-16,kelapa gading,0.0460881616084888,0.0001524813847973574,0.1216214845949982,0.000274090760603527
2024-09-16,komp angkasa pura jakarta pusat,0.0512348148027798,0.00016952166551758996,0.1216214845949982,-4.78e-05
2024-09-16,lubang buaya,0.047476469172062,0.00012608742526381696,0.1200371808210143,-3.07e-05
2024-09-16,us consulate jakarta pusat,0.0512348148027798,0.00016952166551758996,0.1216214845949982,-4.78e-05
2024-09-17,bundaran hotel indonesia,0.0487669429498312,0.0003273383010480144,0.122205121626675,0.0002413406615514139
2024-09-17,jagakarsa,0.0525144681958315,0.0002016262536152702,0.1222341020630546,0.0002413406615514139
2024-09-17,jalan bdn ii,0.0486415574021774,0.0001692844371772789,0.1219642756536865,-8.06e-05
2024-09-17,kebon jeruk,0.049810374387875,0.0003187474070764148,0.122205121626675,-6.2e-05
2024-09-17,kelapa gading,0.0517439569707253,0.00014888124470704655,0.1222251758497896,-0.000404
2024-09-17,komp angkasa pura jakarta pusat,0.0525144681958315,0.0002016262536152702,0.1222251758497896,0.0002413406615514139
2024-09-17,lubang buaya,0.0484306110156425,0.0001818770176423351,0.1222324232979251,-5.71e-05
2024-09-17,us consulate jakarta pusat,0.0525144681958315,0.0002016262536152702,0.1222251758497896,0.0002413406615514139
2024-09-18,bundaran hotel indonesia,0.0579035564207339,0.00022067784596292988,0.1246114236602368,0.0007543703429196121
2024-09-18,jagakarsa,0.0611335197007025,0.00017720480514707486,0.1242850128900879,0.0007543703429196121
2024-09-18,jalan bdn ii,0.0487856521497559,0.00022141653177196825,0.1236906904916669,
2024-09-18,kebon jeruk,0.0582480801913393,0.00022067784596292988,0.1246114236602368,0.0007543703429196121
2024-09-18,kelapa gading,0.0591852667386992,0.0001871290168365493,0.1245238492940323,0.00047052012247170345
2024-09-18,komp angkasa pura jakarta pusat,0.0611335197007025,0.0001871290168365493,0.1245238492940323,0.00047052012247170345
2024-09-18,lubang buaya,0.0485471339999773,0.0002606594798188657,0.1231922726833108,
2024-09-18,us consulate jakarta pusat,0.0611335197007025,0.00017720480514707486,0.1245238492940323,0.00047052012247170345
2024-09-19,bundaran hotel indonesia,0.0503343387278221,0.0002595824988832296,0.1228649677983547,0.00010720618390164022
2024-09-19,jagakarsa,0.050809711369872,0.00015424513182918078,0.1233705206092253,0.00010720618390164022
2024-09-19,jalan bdn ii,0.051131246867086,0.0001389717657210496,0.1226761300103782,-0.000245
2024-09-19,kebon jeruk,0.0505367275916097,0.00018762029863947748,0.1228649677983547,0.00010720618390164022
2024-09-19,kelapa gading,0.0587138981622469,0.00018038618193040248,0.1230986568975689,6.914454768994915e-05
2024-09-19,komp angkasa pura jakarta pusat,0.050809711369872,0.00015424513182918078,0.1230986568975689,6.914454768994915e-05
2024-09-19,lubang buaya,0.0531476100404072,0.0002131374355943413,0.1225551969929641,-0.000451
2024-09-19,us consulate jakarta pusat,0.050809711369872,0.00015424513182918078,0.1230986568975689,6.914454768994915e-05
2024-09-20,bundaran hotel indonesia,0.0469594498477446,0.0004574966910947916,0.1176309402008587,-0.000145
2024-09-20,jagakarsa,0.0455373237951224,0.00021339876239383825,0.1180520622563187,-0.000145
2024-09-20,jalan bdn ii,0.0455137351916772,0.00014120043260314375,0.1162962373063058,-7.05e-06
2024-09-20,kebon jeruk,0.0494561041419707,0.00032731157463660853,0.1176309402008587,-0.000145
2024-09-20,kelapa gading,0.0451277587355678,0.0001277280841458475,0.1176341661680561,-2.91e-05
2024-09-20,komp angkasa pura jakarta pusat,0.0455373237951224,0.00021339876239383825,0.1176341661680561,-2.91e-05
2024-09-20,lubang buaya,0.0467287908841557,0.00016826634631666724,0.1168472537924306,-3.02e-05
2024-09-20,us consulate jakarta pusat,0.0455373237951224,0.00021339876239383825,0.1180520622563187,-2.91e-05
2024-09-21,bundaran hotel indonesia,0.0430679542937603,0.0004099687117628353,0.1206876422145195,0.00010165635554459111
2024-09-21,jagakarsa,0.0408814938212847,0.000185257294339889,0.120860727434555,0.00010165635554459111
2024-09-21,jalan bdn ii,0.0452808412920511,0.00020736058298037453,0.1193760501624002,9.753372991193492e-06
2024-09-21,kebon jeruk,0.0465076385874533,0.00027051233205170264,0.1206876422145195,0.0002832097769353268
2024-09-21,kelapa gading,0.0386684861141603,0.00012054825136317684,0.120383545997103,0.00032421369735987846
2024-09-21,komp angkasa pura jakarta pusat,0.0408814938212847,0.000185257294339889,0.120383545997103,0.00010165635554459111
2024-09-21,lubang buaya,0.0456689449367371,0.00024861481329678227,0.1191974235204414,0.00035615553648933086
2024-09-21,us consulate jakarta pusat,0.0408814938212847,0.000185257294339889,0.120860727434555,0.00010165635554459111
2024-09-22,bundaran hotel indonesia,0.0395450976854661,0.0001688518892202447,0.1195576492445718,
2024-09-22,jagakarsa,0.0382205463449687,0.00011586010734948492,0.1202212510720721,
2024-09-22,jalan bdn ii,0.0392519648357061,0.0001372139731375581,0.1183283766900695,
2024-09-22,kebon jeruk,0.0413703830444719,0.00018650730001250543,0.1195576492445718,
2024-09-22,kelapa gading,0.0370181130146048,0.00010141581446438876,0.1202595573300606,
2024-09-22,komp angkasa pura jakarta pusat,0.0382205463449687,0.00011586010734948492,0.1202595573300606,
2024-09-22,lubang buaya,0.0380127833016117,0.0001466497711871545,0.1183462897966218,
2024-09-22,us consulate jakarta pusat,0.0382205463449687,0.00011586010734948492,0.1202595573300606,
2024-09-23,bundaran hotel indonesia,0.0418146987472904,0.0001995514322023976,0.1200384788753489,
2024-09-23,jagakarsa,0.0419720807730051,0.00011684093575548304,0.1198378547037563,
2024-09-23,jalan bdn ii,0.0426030559574694,0.00018373880606173916,0.120149610067934,
2024-09-23,kebon jeruk,0.0416146824787593,0.0001995514322023976,0.12029038063583,
2024-09-23,kelapa gading,0.0419292563665283,0.00011165970423975106,0.1196734832233823,
2024-09-23,komp angkasa pura jakarta pusat,0.0419720807730051,0.00011165970423975106,0.1198378547037563,
2024-09-23,lubang buaya,0.0427214436914502,0.00014710339254600735,0.1197263487173377,
2024-09-23,us consulate jakarta pusat,0.0419720807730051,0.00011684093575548304,0.1198378547037563,
2024-09-24,bundaran hotel indonesia,0.0429164929028919,0.00022910407410554532,0.1217686979728875,0.00018510301392407692
2024-09-24,jagakarsa,0.0419789712597514,0.00023036507521364497,0.1222463857689124,0.00018510301392407692
2024-09-24,jalan bdn ii,0.0408405959345699,0.0001770865303409544,0.1206563790888416,-0.000631
2024-09-24,kebon jeruk,0.0429164929028919,0.00022910407410554532,0.1217686979728875,0.00018510301392407692
2024-09-24,kelapa gading,0.041404520051887,0.00019906661135015436,0.1216261655744809,6.79470074646717e-06
2024-09-24,komp angkasa pura jakarta pusat,0.041404520051887,0.00019906661135015436,0.1216261655744809,6.79470074646717e-06
2024-09-24,lubang buaya,0.0408405961813618,0.00015809067627827096,0.1214739818995568,-0.000295
2024-09-24,us consulate jakarta pusat,0.041404520051887,0.00019906661135015436,0.1222463857689124,6.79470074646717e-06
2024-09-25,bundaran hotel indonesia,0.0541136170352222,0.00034718153876483755,0.122441897023367,-0.000237
2024-09-25,jagakarsa,0.0526072418779713,0.0001664052513111742,0.1216351584066995,-0.000237
2024-09-25,jalan bdn ii,0.0468087386194694,0.0002944674410197442,0.1205175456214662,0.00016133378307410347
2024-09-25,kebon jeruk,0.0535378494088198,0.0002220363199705665,0.122441897023367,-0.000237
2024-09-25,kelapa gading,0.050138202787802,0.00012985464325036196,0.1223063703901655,0.00012717895461211349
2024-09-25,komp angkasa pura jakarta pusat,0.0526072418779713,0.0001664052513111742,0.1223063703901655,0.00012717895461211349
2024-09-25,lubang buaya,0.0475440856421618,0.00035656802745312764,0.1214112217211423,9.265081978088162e-05
2024-09-25,us consulate jakarta pusat,0.0526072418779713,0.0001664052513111742,0.1223063703901655,0.00012717895461211349
2024-09-26,bundaran hotel indonesia,0.0440516368558087,0.0002649458709333305,0.1229849552984898,-7.16e-05
2024-09-26,jagakarsa,0.0407819549556758,0.00014105038298569935,0.1236781943488199,-7.16e-05
2024-09-26,jalan bdn ii,0.040733353977216,0.0002724969283539628,0.1226032244713727,-0.000644
2024-09-26,kebon jeruk,0.0485991437627373,0.0002486435535388558,0.1229849552984898,2.8575719754151987e-06
2024-09-26,kelapa gading,0.042413053826635,0.00010880556488598968,0.1234980559405811,3.236414099687829e-05
2024-09-26,komp angkasa pura jakarta pusat,0.0407819549556758,0.00014105038298569935,0.1234980559405811,-7.16e-05
2024-09-26,lubang buaya,0.0412124475635661,0.00020263267883306775,0.1217347069986451,-0.000122
2024-09-26,us consulate jakarta pusat,0.0407819549556758,0.00014105038298569935,0.1234980559405811,-7.16e-05
2024-09-27,bundaran hotel indonesia,0.0377649102166233,0.000125855155846838,0.1235625219354056,0.00030946223983296554
2024-09-27,jagakarsa,0.0394398697517327,0.0001593223370022779,0.1247203582170256,0.00030946223983296554
2024-09-27,jalan bdn ii,0.0397884825107021,0.00013538536683744328,0.1236329909250486,-7.22e-05
2024-09-27,kebon jeruk,0.0383418317382373,0.0002258583857306661,0.1235625219354056,0.00016640300143590516
2024-09-27,kelapa gading,0.0378909347429911,0.00010298734268736252,0.1249298749856795,6.708195012494369e-05
2024-09-27,komp angkasa pura jakarta pusat,0.0394398697517327,0.0001593223370022779,0.1249298749856795,0.00030946223983296554
2024-09-27,lubang buaya,0.0409653207893513,0.0001292537058775423,0.1233422516010743,0.0002306401025759665
2024-09-27,us consulate jakarta pusat,0.0394398697517327,0.0001593223370022779,0.1249298749856795,0.00030946223983296554
2024-09-28,jagakarsa,,9.558090986165216e-05,,
2024-09-28,kelapa gading,,9.914811290557686e-05,0.1236644472142444,-0.000809
2024-09-28,komp angkasa pura jakarta pusat,,9.558090986165216e-05,0.1236644472142444,
2024-09-28,lubang buaya,,0.0001076190213155478,,
2024-09-28,us consulate jakarta pusat,,9.558090986165216e-05,0.1236644472142444,
2024-09-29,bundaran hotel indonesia,0.0413731856936369,0.00015107274854813177,0.1254762995813919,
2024-09-29,jagakarsa,0.0424089545872129,0.00012755850012635878,0.124813842032313,
2024-09-29,jalan bdn ii,,0.00014040908219653642,0.1228484267803522,
2024-09-29,kebon jeruk,0.0413731857783526,0.00017754557890985168,0.1254762995813919,
2024-09-29,kelapa gading,0.0335422366600935,0.00010332485751117698,0.1249758602640292,0.0006067974035967817
2024-09-29,komp angkasa pura jakarta pusat,0.0424089545872129,0.00012755850012635878,0.1249758602640292,0.0006067974035967817
2024-09-29,lubang buaya,,0.00011249661624466374,0.1232863034121069,
2024-09-29,us consulate jakarta pusat,0.0424089545872129,0.00012755850012635878,0.1249758602640292,0.0006067974035967817
2024-09-30,bundaran hotel indonesia,0.0355858019486574,0.0001519407306375037,0.1222295128872969,-0.000112
2024-09-30,jagakarsa,0.0369006639701619,0.00016489515949562802,0.1227244079793452,-0.000112
2024-09-30,jalan bdn ii,0.0358914376331706,9.38575389060683e-05,0.1223853569011609,-0.000336
2024-09-30,kebon jeruk,0.0349708661973141,0.00023206552812798497,0.1222295128872969,-0.000104
2024-09-30,kelapa gading,0.0350773738310921,0.0001065168726725629,0.1226616383590876,0.00012439350421376505
2024-09-30,komp angkasa pura jakarta pusat,0.0369006639701619,0.00016489515949562802,0.1226616383590876,-0.000112
2024-09-30,lubang buaya,0.0364054486096141,0.00010574215503117996,0.1221759294165114,-3.91e-05
2024-09-30,us consulate jakarta pusat,0.0369006639701619,0.00016489515949562802,0.1226616383590876,-0.000112
2024-10-01,bundaran hotel indonesia,0.0441849096514345,0.0003183138139607199,0.1222728894117513,-0.000211
2024-10-01,jagakarsa,0.0393612415691769,0.0001749502178390464,0.1224083271444893,-0.000211
2024-10-01,jalan bdn ii,0.0448860040564012,0.00016487579994445208,0.1219264274464257,-0.000355
2024-10-01,kebon jeruk,0.0505964301094937,0.0003227862336169339,0.1222728894117513,-6.32e-05
2024-10-01,kelapa gading,0.0388310908609901,0.00011294759625444189,0.1237163949325848,7.121298034714917e-05
2024-10-01,komp angkasa pura jakarta pusat,0.0393612415691769,0.0001749502178390464,0.1237163949325848,-0.000211
2024-10-01,lubang buaya,0.0426578191455672,0.00014388989653162733,0.1232590175151904,-2.1e-05
2024-10-01,us consulate jakarta pusat,0.0393612415691769,0.0001749502178390464,0.1237163949325848,-0.000211
2024-10-02,bundaran hotel indonesia,0.0426206173143651,0.0002735233803193904,0.123284879896594,0.00023533068364571056
2024-10-02,jagakarsa,0.0443265355247724,0.00012450643072201914,0.1231604254962964,0.00023533068364571056
2024-10-02,jalan bdn ii,0.0412693992987139,0.00022561109001987016,0.1218676307373516,
2024-10-02,kebon jeruk,0.0426206173143651,0.0002735233803193904,0.123284879896594,0.00020547118391201264
2024-10-02,kelapa gading,0.0403081417829881,0.00010981756303821648,0.1234615157762379,0.00021993585093529365
2024-10-02,komp angkasa pura jakarta pusat,0.0403081417829881,0.00010981756303821648,0.1234615157762379,0.00023533068364571056
2024-10-02,lubang buaya,0.0424733565493418,0.000183671471645462,0.1216517048945402,-7.44e-05
2024-10-02,us consulate jakarta pusat,0.0403081417829881,0.00010981756303821648,0.1234615157762379,0.00023533068364571056
2024-10-03,bundaran hotel indonesia,,0.00013998678259385163,0.1228188020877604,
2024-10-03,jagakarsa,,0.00014858231803584486,0.1230165884447385,
2024-10-03,jalan bdn ii,,0.0001552762638834776,0.1224514329479056,
2024-10-03,kebon jeruk,,0.00013998678259385163,0.1228188020877604,
2024-10-03,kelapa gading,,7.763366567212478e-05,0.122461097517009,
2024-10-03,komp angkasa pura jakarta pusat,,7.763366567212478e-05,0.122461097517009,
2024-10-03,lubang buaya,,0.00013963536850704054,0.1227443286693271,
2024-10-03,us consulate jakarta pusat,,7.763366567212478e-05,0.122461097517009,
2024-10-04,bundaran hotel indonesia,0.0422453121662111,0.00014911955606000676,0.1235733547982518,
2024-10-04,jagakarsa,0.0410660615240607,0.00012972816914319686,0.1237014810209655,
2024-10-04,jalan bdn ii,0.0417855539934495,0.0001833437008703575,0.1235451248231963,
2024-10-04,kebon jeruk,,0.00016676524836409625,0.1235733547982518,
2024-10-04,kelapa gading,0.0411815225168631,0.0001122085606679589,0.1234094233935367,
2024-10-04,komp angkasa pura jakarta pusat,0.0410660615240607,0.00012972816914319686,0.1234094233935367,
2024-10-04,lubang buaya,0.0406664420162729,0.00014446594943586134,0.1231392920722245,
2024-10-04,us consulate jakarta pusat,0.0410660615240607,0.00012972816914319686,0.1234094233935367,
2024-10-05,bundaran hotel indonesia,0.0483678812114705,0.0001992132941837697,0.1241459302297766,-3.57e-05
2024-10-05,jagakarsa,0.0488689647610472,0.00012902364246258308,0.1245863432168622,-3.57e-05
2024-10-05,jalan bdn ii,,0.0001864690030652848,0.1231962775512646,
2024-10-05,kebon jeruk,0.0496309166763474,0.0001886052118888818,0.1241459302297766,-0.000171
2024-10-05,kelapa gading,0.0477690744113745,9.580035754262364e-05,0.1241917597162471,-5.23e-05
2024-10-05,komp angkasa pura jakarta pusat,0.0488689647610472,0.00012902364246258308,0.1241917597162471,-3.57e-05
2024-10-05,lubang buaya,0.0478063190143949,0.00017419592425684815,0.1230378462855553,
2024-10-05,us consulate jakarta pusat,0.0488689647610472,0.00012902364246258308,0.1241917597162471,-3.57e-05
2024-10-06,bundaran hotel indonesia,,0.00011964410993995863,0.1232070966075316,0.0005465450837001212
2024-10-06,jagakarsa,0.0471563700270228,0.00010748251821759867,0.1230249310703223,0.0005465450837001212
2024-10-06,jalan bdn ii,,,0.1224697033196372,
2024-10-06,kebon jeruk,,0.00012837737647443251,0.1232070966075316,
2024-10-06,kelapa gading,0.0450295879460624,9.868689125192972e-05,0.123340835834301,9.158649695903982e-05
2024-10-06,komp angkasa pura jakarta pusat,0.0471563700270228,0.00010748251821759867,0.123340835834301,0.0005465450837001212
2024-10-06,lubang buaya,,,0.1229058388346428,0.00019051488118862952
2024-10-06,us consulate jakarta pusat,0.0471563700270228,0.00010748251821759867,0.123340835834301,0.0005465450837001212
2024-10-07,bundaran hotel indonesia,0.0429501877402349,0.00011338679163233416,0.1236313847473616,0.0001792872546502217
2024-10-07,jagakarsa,0.0441136211110517,0.00012033447780008722,0.1244545880408053,0.0001792872546502217
2024-10-07,jalan bdn ii,0.04252161111429,0.00010139742990172916,0.1243588854899312,0.0001803789107426349
2024-10-07,kebon jeruk,0.0441239872597942,0.0001440719677839975,0.1236313847473616,-3.5e-05
2024-10-07,kelapa gading,0.0413674086919006,8.81591525849233e-05,0.1237219817008569,6.799847670828433e-05
2024-10-07,komp angkasa pura jakarta pusat,0.0441136211110517,0.00012033447780008722,0.1237219817008569,0.0001792872546502217
2024-10-07,lubang buaya,0.0423404211549549,0.0001038431188301154,0.124234606188228,9.85627306540302e-05
2024-10-07,us consulate jakarta pusat,0.0441136211110517,0.00012033447780008722,0.1237219817008569,0.0001792872546502217
2024-10-08,bundaran hotel indonesia,,9.691600446356325e-05,0.1242081813510007,
2024-10-08,jagakarsa,,5.030210418035882e-05,0.1235324497083185,
2024-10-08,jalan bdn ii,,0.00011799890667746286,0.1236342310138005,
2024-10-08,kebon jeruk,,0.00014722595628290097,0.1242081813510007,
2024-10-08,kelapa gading,,4.555920683110536e-05,0.1235663945979455,
2024-10-08,komp angkasa pura jakarta pusat,,5.030210418035882e-05,0.1235663945979455,
2024-10-08,lubang buaya,,0.00012147339723756989,0.1237661141551584,
2024-10-08,us consulate jakarta pusat,,5.030210418035882e-05,0.1235663945979455,
2024-10-09,bundaran hotel indonesia,0.0425195880898254,0.000169513216256378,0.1239004840036232,-0.000267
2024-10-09,jagakarsa,,9.996263691553804e-05,0.1231185326961353,-0.000267
2024-10-09,jalan bdn ii,0.0424923547449392,0.000150084033165825,0.1231186555105016,
2024-10-09,kebon jeruk,0.0425195885171456,0.00016097838601548871,0.1239004840036232,-0.000267
2024-10-09,kelapa gading,0.0439574137363667,8.676895453602965e-05,0.1227853959770621,-1.17e-06
2024-10-09,komp angkasa pura jakarta pusat,,9.996263691553804e-05,0.1227853959770621,-1.17e-06
2024-10-09,lubang buaya,0.042529165676253,0.0001361758568208404,0.1237095856278095,
2024-10-09,us consulate jakarta pusat,,9.996263691553804e-05,0.1227853959770621,-1.17e-06
2024-10-10,bundaran hotel indonesia,0.0430630990577557,0.00019352626754447948,0.1239885684244289,0.0001703824595496418
2024-10-10,jagakarsa,0.0422359933956756,0.0001058677117590569,0.124377144969403,0.0001703824595496418
2024-10-10,jalan bdn ii,,0.00020489837112762637,0.1230306252536952,
2024-10-10,kebon jeruk,0.0430630990577557,0.00022393902222970537,0.1239885684244289,0.0001351934108067843
2024-10-10,kelapa gading,0.042997170994842,9.971343410451035e-05,0.1240938827917557,1.4342177349926251e-05
2024-10-10,komp angkasa pura jakarta pusat,0.042997170994842,0.0001058677117590569,0.1240938827917557,0.0001703824595496418
2024-10-10,lubang buaya,,0.0001454304683912087,0.1235612155230576,0.0002373156827971706
2024-10-10,us consulate jakarta pusat,0.042997170994842,0.0001058677117590569,0.1240938827917557,0.0001703824595496418
2024-10-11,bundaran hotel indonesia,0.039021319561128,0.00014313413488612563,0.1246364948682605,-0.000327
2024-10-11,jagakarsa,0.0386338140773838,0.00012554415909232943,0.123828951563694,-0.000327
2024-10-11,jalan bdn ii,0.0410046960637901,0.0001058986649587299,0.1241849257955615,-0.000447
2024-10-11,kebon jeruk,0.039021319561128,0.0001878364290673828,0.1246364948682605,-0.000179
2024-10-11,kelapa gading,0.0368258395649167,8.684435507082327e-05,0.1238737531240196,-0.000261
2024-10-11,komp angkasa pura jakarta pusat,0.0368258395649167,0.00012554415909232943,0.1238737531240196,-0.000327
2024-10-11,lubang buaya,0.0392079086729883,0.0001091456587375322,0.1239287381704459,-0.000234
2024-10-11,us consulate jakarta pusat,0.0368258395649167,0.00012554415909232943,0.1238737531240196,-0.000327
2024-10-12,bundaran hotel indonesia,0.0384224416146806,0.00010716745823602311,0.1228588134848027,-8.58e-05
2024-10-12,jagakarsa,0.038972608953049,9.93974002128394e-05,0.1219980406638764,-8.58e-05
2024-10-12,jalan bdn ii,,0.00012565653662228402,0.1243731201482657,-0.000324
2024-10-12,kebon jeruk,0.0384224416146806,0.000152732506753737,0.1228588134848027,-8.58e-05
2024-10-12,kelapa gading,0.0384028443500078,7.094023812456901e-05,0.1216597517025327,-0.000129
2024-10-12,komp angkasa pura jakarta pusat,0.0384028443500078,9.93974002128394e-05,0.1216597517025327,-8.58e-05
2024-10-12,lubang buaya,,0.00011760145295420277,0.1235349830125759,0.00018538970027800217
2024-10-12,us consulate jakarta pusat,0.0384028443500078,9.93974002128394e-05,0.1216597517025327,-8.58e-05
2024-10-13,bundaran hotel indonesia,,0.00010010333280844802,0.1244738282760211,
2024-10-13,jagakarsa,,,0.1245668910567144,
2024-10-13,jalan bdn ii,,0.0001666678515083611,0.1240374824609566,
2024-10-13,kebon jeruk,,,0.1244738282760211,
2024-10-13,kelapa gading,,6.64440145201901e-05,0.1247118160611876,
2024-10-13,komp angkasa pura jakarta pusat,,,0.1247118160611876,
2024-10-13,lubang buaya,,0.00014321404688418646,0.1238826730797405,
2024-10-13,us consulate jakarta pusat,,,0.1247118160611876,
2024-10-14,jagakarsa,,,0.1254255567072877,
2024-10-14,kelapa gading,,7.645133039934822e-05,0.1251810610664988,
2024-10-14,komp angkasa pura jakarta pusat,,7.645133039934822e-05,0.1251810610664988,
2024-10-14,lubang buaya,,,0.1233178187121308,
2024-10-14,us consulate jakarta pusat,,7.645133039934822e-05,0.1251810610664988,
2024-10-15,bundaran hotel indonesia,,,0.1242417491019685,
2024-10-15,jagakarsa,,0.00016480083915752105,0.1247961521865344,
2024-10-15,jalan bdn ii,0.0506717263177122,0.00015985889767541854,0.1261164904946544,
2024-10-15,kebon jeruk,,,0.1242417491019685,
2024-10-15,kelapa gading,,0.00017449829972401092,0.1255622189278097,
2024-10-15,komp angkasa pura jakarta pusat,,0.00017449829972401092,0.1255622189278097,
2024-10-15,lubang buaya,0.0516835384893949,0.0001767652791779134,0.1263644775419139,
2024-10-15,us consulate jakarta pusat,,0.00016480083915752105,0.1255622189278097,
2024-10-16,bundaran hotel indonesia,0.0595281058048473,0.0003539110063070927,0.1244010869439566,-7.73e-05
2024-10-16,jagakarsa,0.0585050511563584,0.00022797034413799133,0.1249515290958216,-7.73e-05
2024-10-16,jalan bdn ii,0.0534241904458876,0.00012738430194656326,0.1241541261212209,-0.000106
2024-10-16,kebon jeruk,0.0618806394925737,0.0003539110063070927,0.1244010869439566,-0.000294
2024-10-16,kelapa gading,0.0583405474817887,0.0002094540963616904,0.1244268078091372,-0.00012
2024-10-16,komp angkasa pura jakarta pusat,0.0585050511563584,0.0002094540963616904,0.1244268078091372,-7.73e-05
2024-10-16,lubang buaya,0.0516291452132284,0.0001375779569424896,0.1249544716041931,
2024-10-16,us consulate jakarta pusat,0.0585050511563584,0.0002094540963616904,0.1244268078091372,-7.73e-05
2024-10-17,bundaran hotel indonesia,0.0640111489988743,0.0002388559524263462,0.1260353627403611,0.0001137975442104592
2024-10-17,jagakarsa,0.0609019597983043,0.00016382944733504812,0.1262402506223049,0.0001137975442104592
2024-10-17,jalan bdn ii,0.0499780741702086,0.00011134561809021928,0.1255278438608979,-6.59e-06
2024-10-17,kebon jeruk,0.0576331789370682,0.0002388559524263462,0.1260353627403611,-4.14e-05
2024-10-17,kelapa gading,0.0626552578973421,0.00024243375183614964,0.1259399741372178,4.0151683706121655e-05
2024-10-17,komp angkasa pura jakarta pusat,0.0609019597983043,0.00024243375183614964,0.1259399741372178,0.0001137975442104592
2024-10-17,lubang buaya,0.0550887979279485,0.00014500392766101893,0.1255518711826022,3.983863881420563e-05
2024-10-17,us consulate jakarta pusat,0.0609019597983043,0.00024243375183614964,0.1259399741372178,0.0001137975442104592
2024-10-18,bundaran hotel indonesia,0.0550406204484851,0.00018350840673778823,0.1240372194648645,-6.2e-05
2024-10-18,jagakarsa,0.0484299788168488,0.0001078909250617166,0.1234837907509679,-6.2e-05
2024-10-18,jalan bdn ii,0.049194356264397,0.0001974991772105381,0.1229169091379915,0.0003985043672676594
2024-10-18,kebon jeruk,0.0560447778359856,0.00018350840673778823,0.1240372194648645,3.989105873699883e-05
2024-10-18,kelapa gading,0.049692027315344,0.00012506478398356384,0.1234046847737057,3.913745875161862e-05
2024-10-18,komp angkasa pura jakarta pusat,0.0484299788168488,0.00012506478398356384,0.1234046847737057,-6.2e-05
2024-10-18,lubang buaya,0.0507772598484969,0.00028502964529735457,0.1231594622395055,-0.000265
2024-10-18,us consulate jakarta pusat,0.0484299788168488,0.00012506478398356384,0.1234046847737057,-6.2e-05
2024-10-19,bundaran hotel indonesia,0.0487755510696355,0.0001909370588833736,0.122648704398093,0.00034746313601926075
2024-10-19,jagakarsa,0.0480653229926706,0.00010368092415999764,0.1230711688702117,0.00034746313601926075
2024-10-19,jalan bdn ii,0.0400984904214691,0.00019067009338864536,0.1205389961380579,
2024-10-19,kebon jeruk,0.0487755510696355,0.0001909370588833736,0.122648704398093,0.00034746313601926075
2024-10-19,kelapa gading,0.0484114817165016,0.00010996409131676352,0.1227192788823965,-0.000422
2024-10-19,komp angkasa pura jakarta pusat,0.0484114817165016,0.00010996409131676352,0.1227192788823965,0.00034746313601926075
2024-10-19,lubang buaya,0.0405273603207817,0.0001824572208473869,0.1209142746689458,
2024-10-19,us consulate jakarta pusat,0.0484114817165016,0.00010996409131676352,0.1227192788823965,0.00034746313601926075
2024-10-20,bundaran hotel indonesia,0.0373297128104279,7.621524113400098e-05,0.121294130406737,0.000423705917774917
2024-10-20,jagakarsa,0.0373539897019873,8.73004231501373e-05,0.1213177891873546,0.000423705917774917
2024-10-20,jalan bdn ii,0.0380708754988713,5.872446721222054e-05,0.1219389937475639,0.00020716605136954477
2024-10-20,kebon jeruk,0.0373297128104279,7.621524113400098e-05,0.121294130406737,0.00020391332387175644
2024-10-20,kelapa gading,0.0377439852368404,0.00010023729516543632,0.1214950626221869,0.0006771047405309357
2024-10-20,komp angkasa pura jakarta pusat,0.0377439852368404,0.00010023729516543632,0.1214950626221869,0.000423705917774917
2024-10-20,lubang buaya,0.0380385298142464,6.087354045129766e-05,0.1221075507190114,0.00018110236135721584
2024-10-20,us consulate jakarta pusat,0.0377439852368404,0.00010023729516543632,0.1214950626221869,0.000423705917774917
2024-10-21,bundaran hotel indonesia,0.0476878124951515,0.0001923736272047524,0.1180645377495206,0.00019543777871297176
2024-10-21,jagakarsa,0.0445521865908129,0.00014833291671362432,0.1180132800912122,0.00019543777871297176
2024-10-21,jalan bdn ii,0.0430967234392132,9.35679311245928e-05,0.1184398505962335,
2024-10-21,kebon jeruk,0.0476878124951515,0.0001923736272047524,0.1180645377495206,
2024-10-21,kelapa gading,0.0491495240493647,0.0001668609723837201,0.1189017372408868,6.139644275276096e-05
2024-10-21,komp angkasa pura jakarta pusat,0.0491495240493647,0.0001668609723837201,0.1189017372408868,0.00019543777871297176
2024-10-21,lubang buaya,0.0431165617077894,0.00015935443467764615,0.1174271832842955,
2024-10-21,us consulate jakarta pusat,0.0491495240493647,0.0001668609723837201,0.1189017372408868,0.00019543777871297176
2024-10-22,bundaran hotel indonesia,0.0529089300176993,0.00024619346354178787,0.1218618531154506,-0.000176
2024-10-22,jagakarsa,0.0515708598158227,0.00017980625860881377,0.1219502013665613,-0.000176
2024-10-22,jalan bdn ii,0.0455408328934741,9.068626995150754e-05,0.1206394389775274,-0.000288
2024-10-22,kebon jeruk,0.0529089300176993,0.00024619346354178787,0.1218618531154506,3.449366446638635e-05
2024-10-22,kelapa gading,0.0570310653098907,0.0002298637270223453,0.1224876563350716,-0.000248
2024-10-22,komp angkasa pura jakarta pusat,0.0570310653098907,0.0002298637270223453,0.1224876563350716,-0.000176
2024-10-22,lubang buaya,0.0443522709721642,0.00010420836220456594,0.120829949947381,-0.000393
2024-10-22,us consulate jakarta pusat,0.0570310653098907,0.0002298637270223453,0.1224876563350716,-0.000176
2024-10-23,bundaran hotel indonesia,0.0546832008174969,0.000156858838058157,0.1242065176896655,
2024-10-23,jagakarsa,0.0542456435972886,0.00014173905516551286,0.1239647362829153,
2024-10-23,jalan bdn ii,,,0.1226198352365507,
2024-10-23,kebon jeruk,0.0546832008174969,0.000156858838058157,0.1242065176896655,-0.000182
2024-10-23,kelapa gading,0.0524638767402821,0.000187845634026669,0.1243342837639458,
2024-10-23,komp angkasa pura jakarta pusat,0.0524638767402821,0.000187845634026669,0.1243342837639458,
2024-10-23,lubang buaya,,,0.1222192462551984,
2024-10-23,us consulate jakarta pusat,0.0524638767402821,0.000187845634026669,0.1243342837639458,
2024-10-24,bundaran hotel indonesia,,0.00022306130003297585,0.122079849768406,
2024-10-24,jagakarsa,,0.00016593713618712409,0.1223444099112663,
2024-10-24,jalan bdn ii,,0.00018600554875927372,0.121525093425409,
2024-10-24,kebon jeruk,,0.00022306130003297585,0.122079849768406,
2024-10-24,kelapa gading,,0.00010291958490745276,0.1223157469869083,
2024-10-24,komp angkasa pura jakarta pusat,,0.00010291958490745276,0.1223157469869083,
2024-10-24,lubang buaya,,0.00013876793180486803,0.121563993079958,
2024-10-24,us consulate jakarta pusat,,0.00010291958490745276,0.1223157469869083,
2024-10-25,bundaran hotel indonesia,0.0425990389608366,0.00017055657446415676,0.1212297464859335,
2024-10-25,jagakarsa,0.0467403497873673,0.00014000779221675605,0.122023367230759,
2024-10-25,jalan bdn ii,,0.00010203098878600766,0.1215934464082215,
2024-10-25,kebon jeruk,0.0425990389608366,0.00017055657446415676,0.1212297464859335,
2024-10-25,kelapa gading,0.0471441559478758,0.00016898886663028348,0.1217756755916575,
2024-10-25,komp angkasa pura jakarta pusat,0.0471441559478758,0.00016898886663028348,0.1217756755916575,
2024-10-25,lubang buaya,,0.00015633111632523425,0.1215185754313948,
2024-10-25,us consulate jakarta pusat,0.0471441559478758,0.00016898886663028348,0.1217756755916575,
2024-10-26,bundaran hotel indonesia,0.0471619765891695,0.0001904264299032819,0.1228997231611375,-0.000353
2024-10-26,jagakarsa,0.0472169297334656,0.000136780000484808,0.1227834468566218,-0.000353
2024-10-26,jalan bdn ii,0.0411257065977201,8.964559851021268e-05,0.122843305387715,0.00020585947829538905
2024-10-26,kebon jeruk,0.0471619765891695,0.0001904264299032819,0.1228997231611375,-0.000351
2024-10-26,kelapa gading,0.0459821373627778,0.0001526040252923799,0.1234873981652877,-0.000345
2024-10-26,komp angkasa pura jakarta pusat,0.0459821373627778,0.0001526040252923799,0.1234873981652877,-0.000353
2024-10-26,lubang buaya,0.0417446775733188,0.00011788942950773048,0.1225599475086241,-0.000296
2024-10-26,us consulate jakarta pusat,0.0459821373627778,0.0001526040252923799,0.1234873981652877,-0.000353
2024-10-27,bundaran hotel indonesia,0.0475888620441368,0.00012001469984923498,0.1224404599886917,-0.000218
2024-10-27,jagakarsa,0.047164408178726,9.209079868893725e-05,0.1225108544438899,-0.000218
2024-10-27,jalan bdn ii,0.0474293034662433,0.00014765520916272626,0.1212511717142215,-0.00054
2024-10-27,kebon jeruk,0.0475888620441368,0.00012001469984923498,0.1224404599886917,-0.000203
2024-10-27,kelapa gading,0.0472071211530708,9.738666634431486e-05,0.1228828799950564,-0.00024
2024-10-27,komp angkasa pura jakarta pusat,0.0472071211530708,9.738666634431486e-05,0.1228828799950564,-0.000218
2024-10-27,lubang buaya,0.0477007262215444,0.0002275229730176232,0.1219202064366505,-0.00076
2024-10-27,us consulate jakarta pusat,0.0472071211530708,9.738666634431486e-05,0.1228828799950564,-0.000218
2024-10-28,bundaran hotel indonesia,0.0608521955320955,0.0002493475808333804,0.1234053458059638,
2024-10-28,jagakarsa,0.0600728975634779,0.00019733702365133828,0.1236759064104994,
2024-10-28,jalan bdn ii,0.0469472918088468,0.0001680377927389032,0.1237566698286438,
2024-10-28,kebon jeruk,0.0608521955320955,0.0002493475808333804,0.1234053458059638,
2024-10-28,kelapa gading,0.0616418342892899,0.00021939850102828496,0.1245726815770457,
2024-10-28,komp angkasa pura jakarta pusat,0.0616418342892899,0.00021939850102828496,0.1245726815770457,
2024-10-28,lubang buaya,0.0468663175376138,0.00021861137263004855,0.1245112751621184,
2024-10-28,us consulate jakarta pusat,0.0616418342892899,0.00021939850102828496,0.1245726815770457,
2024-10-29,bundaran hotel indonesia,0.0553965220839612,0.0002553614839079816,0.1263971194687414,9.238623725373656e-05
2024-10-29,jagakarsa,0.0590564116474195,0.00014728531737538968,0.1260188378885055,9.238623725373656e-05
2024-10-29,jalan bdn ii,0.0486074467289198,0.0001506938480954772,0.1245865123015011,0.00027139735769645594
2024-10-29,kebon jeruk,0.0553965220839612,0.0002553614839079816,0.1263971194687414,9.238623725373656e-05
2024-10-29,kelapa gading,0.0570967861264032,0.00013393570076778398,0.1262259803976617,0.0002081167801866399
2024-10-29,komp angkasa pura jakarta pusat,0.0570967861264032,0.00013393570076778398,0.1262259803976617,9.238623725373656e-05
2024-10-29,lubang buaya,0.0502956055785132,0.00014570309772236377,0.1243279401336356,0.0001608851412486048
2024-10-29,us consulate jakarta pusat,0.0570967861264032,0.00013393570076778398,0.1262259803976617,9.238623725373656e-05
2024-10-30,bundaran hotel indonesia,,,,0.0006734873012702209
2024-10-30,jagakarsa,,,,0.0006734873012702209
2024-10-30,kebon jeruk,,,,0.0006734873012702209
2024-10-30,kelapa gading,,,0.1242873606444591,0.0006113132308620367
2024-10-30,komp angkasa pura jakarta pusat,,,0.1242873606444591,0.0006734873012702209
2024-10-30,us consulate jakarta pusat,,,0.1242873606444591,0.0006734873012702209
2024-10-31,bundaran hotel indonesia,,0.00013364287279217307,0.1219771604191664,
2024-10-31,jagakarsa,,8.576959835235987e-05,0.1225004403758614,
2024-10-31,jalan bdn ii,,0.000215147969288335,0.1229828813304369,
2024-10-31,kebon jeruk,,0.00013364287279217307,0.1219771604191664,
2024-10-31,kelapa gading,,0.00010096903379089576,0.1222668561435564,
2024-10-31,komp angkasa pura jakarta pusat,,0.00010096903379089576,0.1222668561435564,
2024-10-31,lubang buaya,,0.00018487371186108107,0.1232837001682076,
2024-10-31,us consulate jakarta pusat,,0.00010096903379089576,0.1222668561435564,
2024-11-01,bundaran hotel indonesia,,0.0001884236605213125,0.1223221443746426,
2024-11-01,jagakarsa,,0.0001318304955412873,0.1222890101562823,
2024-11-01,jalan bdn ii,,0.0002617276188571944,0.1222708262166356,
2024-11-01,kebon jeruk,,0.0001884236605213125,0.1223221443746426,
2024-11-01,kelapa gading,,0.00015562313721851254,0.1229328620331811,
2024-11-01,komp angkasa pura jakarta pusat,,0.00015562313721851254,0.1229328620331811,
2024-11-01,lubang buaya,,0.00025062315815428584,0.123002637866751,
2024-11-01,us consulate jakarta pusat,,0.00015562313721851254,0.1229328620331811,
2024-11-02,bundaran hotel indonesia,,,0.123052424363527,
2024-11-02,jagakarsa,,8.858811002468056e-05,0.1241558169241706,
2024-11-02,jalan bdn ii,,,0.1231860163163048,
2024-11-02,kebon jeruk,,,0.123052424363527,
2024-11-02,kelapa gading,,,0.1236038057771643,
2024-11-02,komp angkasa pura jakarta pusat,,,0.1236038057771643,
2024-11-02,lubang buaya,,,0.1228286611977712,
2024-11-02,us consulate jakarta pusat,,,0.1236038057771643,
2024-11-03,bundaran hotel indonesia,,0.0001621790880084861,0.125445784823361,
2024-11-03,jagakarsa,,0.00011310936593057656,0.1238496022133143,
2024-11-03,jalan bdn ii,,,0.122995425749108,
2024-11-03,kebon jeruk,,0.0001621790880084861,0.125445784823361,
2024-11-03,kelapa gading,,0.0001224449982638772,0.1246916284708748,
2024-11-03,komp angkasa pura jakarta pusat,,0.0001224449982638772,0.1246916284708748,
2024-11-03,lubang buaya,,,0.1229816582560067,
2024-11-03,us consulate jakarta pusat,,0.0001224449982638772,0.1246916284708748,
2024-11-04,bundaran hotel indonesia,,0.00013128596132308605,0.1223878056027603,
2024-11-04,jagakarsa,,,0.1234987069261804,
2024-11-04,jalan bdn ii,,0.00014652891169895964,0.122826083219272,
2024-11-04,kebon jeruk,,0.00013128596132308605,0.1223878056027603,
2024-11-04,kelapa gading,,,0.1238853739274674,
2024-11-04,komp angkasa pura jakarta pusat,,,0.1238853739274674,
2024-11-04,lubang buaya,,0.00012792932083596314,0.1232591343955378,
2024-11-04,us consulate jakarta pusat,,,0.1238853739274674,
2024-11-05,bundaran hotel indonesia,0.0423915425981208,0.00016112781576755738,0.1245614862195731,
2024-11-05,jagakarsa,0.0435049305910937,0.0001250784205363034,0.1249168075844754,
2024-11-05,jalan bdn ii,,0.00017023429884938533,0.1239446593063197,
2024-11-05,kebon jeruk,0.0423915425981208,0.00016112781576755738,0.1245614862195731,
2024-11-05,kelapa gading,0.0433932018706836,0.00012404817815190306,0.1251343733364822,
2024-11-05,komp angkasa pura jakarta pusat,0.0433932018706836,0.00012404817815190306,0.1251343733364822,
2024-11-05,lubang buaya,,0.00017241522846781504,0.1236987327155356,
2024-11-05,us consulate jakarta pusat,0.0433932018706836,0.00012404817815190306,0.1251343733364822,
2024-11-06,bundaran hotel indonesia,,0.00010404971012745404,0.1245728618784191,
2024-11-06,jagakarsa,,8.317763723944426e-05,0.1238624379119568,
2024-11-06,jalan bdn ii,,0.00011151907010697448,0.1239812077603557,
2024-11-06,kebon jeruk,,0.00010404971012745404,0.1245728618784191,
2024-11-06,kelapa gading,,8.69781527225297e-05,0.1237743556014381,
2024-11-06,komp angkasa pura jakarta pusat,,8.69781527225297e-05,0.1237743556014381,
2024-11-06,lubang buaya,,0.00010796238593477269,0.1242516766084725,
2024-11-06,us consulate jakarta pusat,,8.69781527225297e-05,0.1237743556014381,
2024-11-07,bundaran hotel indonesia,0.050563062379036,0.00021882772499350712,0.1271866503470515,-4.79e-05
2024-11-07,jagakarsa,0.0504693058320585,0.00013310817217183988,0.1267676959628627,-4.79e-05
2024-11-07,jalan bdn ii,0.0456124368163383,0.0002121735458320113,0.1251966970910909,-0.000345
2024-11-07,kebon jeruk,0.050563062379036,0.00021882772499350712,0.1271866503470515,-0.000178
2024-11-07,kelapa gading,0.0490406933064207,0.00013977659897664182,0.1262376689097561,0.0002879138584220215
2024-11-07,komp angkasa pura jakarta pusat,0.0490406933064207,0.00013977659897664182,0.1262376689097561,-4.79e-05
2024-11-07,lubang buaya,0.049566521550126,0.00024987740860686174,0.1262165215083719,
2024-11-07,us consulate jakarta pusat,0.0490406933064207,0.00013977659897664182,0.1262376689097561,-4.79e-05
2024-11-08,bundaran hotel indonesia,0.0440706207777323,0.00023042311127788412,0.1255584111054442,-4.34e-06
2024-11-08,jagakarsa,0.0456863267574396,0.0001844229119862357,0.1248349146865311,-4.34e-06
2024-11-08,jalan bdn ii,0.0516364609736068,0.00013761696098363595,0.1262889512497911,
2024-11-08,kebon jeruk,0.0440706207777323,0.00023042311127788412,0.1255584111054442,-4.34e-06
2024-11-08,kelapa gading,0.0560706922097787,0.00024106832349070364,0.1241847318866792,-2.47e-05
2024-11-08,komp angkasa pura jakarta pusat,0.0560706922097787,0.00024106832349070364,0.1241847318866792,-4.34e-06
2024-11-08,lubang buaya,0.0496822995144381,0.00015369309865445791,0.1252333152082949,
2024-11-08,us consulate jakarta pusat,0.0560706922097787,0.00024106832349070364,0.1241847318866792,-4.34e-06
2024-11-09,bundaran hotel indonesia,,0.00013703805986458933,0.122699638412518,-0.000803
2024-11-09,jagakarsa,,9.91822069132148e-05,0.1224754709577428,-0.000803
2024-11-09,jalan bdn ii,0.043192717036176,0.00020608118312873217,0.1239196548162445,
2024-11-09,kebon jeruk,,0.00013703805986458933,0.122699638412518,-0.000803
2024-11-09,kelapa gading,,9.565530759048552e-05,0.1224838482602051,-0.000886
2024-11-09,komp angkasa pura jakarta pusat,,9.565530759048552e-05,0.1224838482602051,-0.000803
2024-11-09,lubang buaya,0.0434256950027864,0.00017224069648230495,0.1232129244660066,
2024-11-09,us consulate jakarta pusat,,9.565530759048552e-05,0.1224838482602051,-0.000803
2024-11-10,bundaran hotel indonesia,,,0.1229029043751556,
2024-11-10,jagakarsa,,,0.1234886226967378,
2024-11-10,jalan bdn ii,,,0.1229205379350414,
2024-11-10,kebon jeruk,,,0.1229029043751556,
2024-11-10,kelapa gading,,,0.1230737579361562,
2024-11-10,komp angkasa pura jakarta pusat,,,0.1230737579361562,
2024-11-10,lubang buaya,,,0.1225654237758292,
2024-11-10,us consulate jakarta pusat,,,0.1230737579361562,
2024-11-11,bundaran hotel indonesia,0.0416566581200491,0.0001916591736988868,0.124672505758739,
2024-11-11,jagakarsa,0.035253009927683,0.00015312076123698078,0.1237916361408676,
2024-11-11,jalan bdn ii,,,0.1248692635934792,
2024-11-11,kebon jeruk,0.0416566581200491,0.0001916591736988868,0.124672505758739,
2024-11-11,kelapa gading,0.0351258403132289,0.0001350968061083796,0.1237902913587835,
2024-11-11,komp angkasa pura jakarta pusat,0.0351258403132289,0.0001350968061083796,0.1237902913587835,
2024-11-11,lubang buaya,,,0.1240233919612373,
2024-11-11,us consulate jakarta pusat,0.0351258403132289,0.0001350968061083796,0.1237902913587835,
2024-11-12,bundaran hotel indonesia,,0.00018929966470455665,0.1217209463022918,
2024-11-12,jagakarsa,,0.00016058032506754863,0.1219272054955904,
2024-11-12,jalan bdn ii,,0.00023408548640960585,0.1231027333095299,
2024-11-12,kebon jeruk,,0.00018929966470455665,0.1217209463022918,
2024-11-12,kelapa gading,,0.00014929748779856015,0.1224784949672985,
2024-11-12,komp angkasa pura jakarta pusat,,0.00014929748779856015,0.1224784949672985,
2024-11-12,lubang buaya,,0.00019714327640496504,0.1233109770772791,
2024-11-12,us consulate jakarta pusat,,0.00014929748779856015,0.1224784949672985,
2024-11-13,bundaran hotel indonesia,0.037295765262949,0.00016329651608717213,0.1223112950553368,
2024-11-13,jagakarsa,0.0340255398539846,0.00011301419704200042,0.1227249103561628,
2024-11-13,jalan bdn ii,0.0349191309494595,0.00013275919681535845,0.1216958302524032,
2024-11-13,kebon jeruk,0.037295765262949,0.00016329651608717213,0.1223112950553368,
2024-11-13,kelapa gading,0.0346839403933215,0.0001145830737550855,0.1234700362310375,0.0009389596558163074
2024-11-13,komp angkasa pura jakarta pusat,0.0346839403933215,0.0001145830737550855,0.1234700362310375,
2024-11-13,lubang buaya,0.0351264207313998,0.00012151247250880111,0.1231557326873443,0.0008163219721204939
2024-11-13,us consulate jakarta pusat,0.0346839403933215,0.0001145830737550855,0.1234700362310375,
2024-11-14,bundaran hotel indonesia,0.0350316427852642,0.0002063969009200088,0.1222953947286996,
2024-11-14,jagakarsa,0.0353750175921462,0.00015441308698461369,0.1221977561467447,
2024-11-14,jalan bdn ii,0.0371331230033142,0.00012294260386089688,0.1232563033438661,
2024-11-14,kebon jeruk,0.0350316427852642,0.0002063969009200088,0.1222953947286996,
2024-11-14,kelapa gading,0.0350083274479541,0.00014154264063888995,0.1221179313331354,
2024-11-14,komp angkasa pura jakarta pusat,0.0350083274479541,0.00014154264063888995,0.1221179313331354,
2024-11-14,lubang buaya,0.0356067821772303,0.00012015594361033722,0.1227632754116622,
2024-11-14,us consulate jakarta pusat,0.0350083274479541,0.00014154264063888995,0.1221179313331354,
2024-11-16,bundaran hotel indonesia,,,0.1216486719702957,
2024-11-16,jagakarsa,,,0.1213108025979947,
2024-11-16,jalan bdn ii,,,0.1223636368650736,
2024-11-16,kebon jeruk,,,0.1216486719702957,
2024-11-16,kelapa gading,,,0.1215746703213399,
2024-11-16,komp angkasa pura jakarta pusat,,,0.1215746703213399,
2024-11-16,lubang buaya,,,0.1216387713973398,
2024-11-16,us consulate jakarta pusat,,,0.1215746703213399,
2024-11-17,bundaran hotel indonesia,0.0348871048786063,0.0001055325434447348,0.1232406588048171,3.714660587313009e-05
2024-11-17,jagakarsa,0.034607327990941,7.905237065054838e-05,0.1232525017990303,3.714660587313009e-05
2024-11-17,jalan bdn ii,0.0376120952021733,0.00014330395027292646,0.1238905498228976,0.0002088451105680261
2024-11-17,kebon jeruk,0.0348871048786063,0.0001055325434447348,0.1232406588048171,0.00012622813953260854
2024-11-17,kelapa gading,0.0369799623499944,8.938220722665709e-05,0.1229479881203892,0.00016496348269240597
2024-11-17,komp angkasa pura jakarta pusat,0.0369799623499944,8.938220722665709e-05,0.1229479881203892,3.714660587313009e-05
2024-11-17,lubang buaya,0.038014723305194,0.00013939759935333322,0.1220207230281647,-0.000326
2024-11-17,us consulate jakarta pusat,0.0369799623499944,8.938220722665709e-05,0.1229479881203892,3.714660587313009e-05
2024-11-18,bundaran hotel indonesia,0.0331150114979413,0.00012086377851336692,0.1216544919396151,0.00011249304615188666
2024-11-18,jagakarsa,0.0319296796155176,9.315344858742036e-05,0.1214113904631033,0.00011249304615188666
2024-11-18,jalan bdn ii,0.0373238332151229,0.00016460291090736066,0.1215327975713951,6.967372650641359e-05
2024-11-18,kebon jeruk,0.0331150114979413,0.00012086377851336692,0.1216544919396151,3.965180624272725e-06
2024-11-18,kelapa gading,0.0324080958428516,0.00010412063376694348,0.1208863884769781,-2.09e-05
2024-11-18,komp angkasa pura jakarta pusat,0.0324080958428516,0.00010412063376694348,0.1208863884769781,0.00011249304615188666
2024-11-18,lubang buaya,0.0377548370096828,0.00020812457535122236,0.121415899795164,0.0001503706924768589
2024-11-18,us consulate jakarta pusat,0.0324080958428516,0.00010412063376694348,0.1208863884769781,0.00011249304615188666
2024-11-19,bundaran hotel indonesia,0.0355576050756375,0.0001548541355036494,0.1216975070704663,
2024-11-19,jagakarsa,0.0356019780793325,0.0001508646420135624,0.1217252740657768,
2024-11-19,jalan bdn ii,0.0339024430319171,0.00010166025645299382,0.1217936874282361,
2024-11-19,kebon jeruk,0.0355576050756375,0.0001548541355036494,0.1216975070704663,
2024-11-19,kelapa gading,0.0356019776388759,0.00019488199422849407,0.1217720479144908,-2.67e-05
2024-11-19,komp angkasa pura jakarta pusat,0.0356019776388759,0.00019488199422849407,0.1217720479144908,
2024-11-19,lubang buaya,,0.00010215867526454816,0.1222144663566726,
2024-11-19,us consulate jakarta pusat,0.0356019776388759,0.00019488199422849407,0.1217720479144908,
2024-11-20,bundaran hotel indonesia,,0.0001528135247362139,0.1215040055020928,
2024-11-20,jagakarsa,,0.00011395397809660743,0.1210096775114099,
2024-11-20,jalan bdn ii,,0.00018823531505134748,0.1201077977910457,
2024-11-20,kebon jeruk,,0.0001528135247362139,0.1215040055020928,
2024-11-20,kelapa gading,,8.498570866281754e-05,0.1210818840199038,
2024-11-20,komp angkasa pura jakarta pusat,,8.498570866281754e-05,0.1210818840199038,
2024-11-20,lubang buaya,,0.00016028451583104472,0.1202067744060498,
2024-11-20,us consulate jakarta pusat,,8.498570866281754e-05,0.1210818840199038,
2024-11-21,bundaran hotel indonesia,,0.0001342065354158273,0.120350260299509,
2024-11-21,jagakarsa,,9.01848093889022e-05,0.1220771084343413,
2024-11-21,jalan bdn ii,,0.0001446082988477133,0.1219897619281353,
2024-11-21,kebon jeruk,,0.0001342065354158273,0.120350260299509,
2024-11-21,kelapa gading,,3.990754354973176e-05,0.1210016645019022,
2024-11-21,komp angkasa pura jakarta pusat,,3.990754354973176e-05,0.1210016645019022,
2024-11-21,lubang buaya,,0.00016551990104746511,0.1226158808533243,
2024-11-21,us consulate jakarta pusat,,3.990754354973176e-05,0.1210016645019022,
2024-11-22,bundaran hotel indonesia,,0.0001615327336320182,0.1215465980325523,
2024-11-22,jagakarsa,,0.00010498482449340822,0.1209611612062629,
2024-11-22,jalan bdn ii,,0.00010669887250880804,0.1195849589800111,
2024-11-22,kebon jeruk,,0.0001615327336320182,0.1215465980325523,
2024-11-22,kelapa gading,,0.00012600659213997525,0.1209371202218713,
2024-11-22,komp angkasa pura jakarta pusat,,0.00012600659213997525,0.1209371202218713,
2024-11-22,lubang buaya,,0.00014547056004676534,0.1198959273696521,
2024-11-22,us consulate jakarta pusat,,0.00012600659213997525,0.1209371202218713,
2024-11-23,bundaran hotel indonesia,,0.00016523882182070137,0.1247238491058067,
2024-11-23,jagakarsa,,0.00013223758159164648,0.1242634632580675,
2024-11-23,jalan bdn ii,,0.0001465054185762478,0.1224951516994877,
2024-11-23,kebon jeruk,,0.00016523882182070137,0.1247238491058067,
2024-11-23,kelapa gading,,0.0001407872660516728,0.1237090143560961,
2024-11-23,komp angkasa pura jakarta pusat,,0.0001407872660516728,0.1237090143560961,
2024-11-23,lubang buaya,,0.00014031699635125644,0.1236456754563339,
2024-11-23,us consulate jakarta pusat,,0.0001407872660516728,0.1237090143560961,
2024-11-24,bundaran hotel indonesia,0.0339716248513939,8.978242130354422e-05,0.119269794870159,8.942973718472625e-05
2024-11-24,jagakarsa,0.0318780802014666,0.00010464972878655188,0.1203435697556325,8.942973718472625e-05
2024-11-24,jalan bdn ii,,9.621063306264476e-05,0.1212018895444537,-6.65e-05
2024-11-24,kebon jeruk,0.0339716248513939,8.978242130354422e-05,0.119269794870159,8.942973718472625e-05
2024-11-24,kelapa gading,0.0318780802471629,0.00011261619769708295,0.1202624356272623,0.0002287376781064324
2024-11-24,komp angkasa pura jakarta pusat,0.0318780802471629,0.00011261619769708295,0.1202624356272623,8.942973718472625e-05
2024-11-24,lubang buaya,,0.00011605494793100478,0.1212118938875003,0.0002287376867921416
2024-11-24,us consulate jakarta pusat,0.0318780802471629,0.00011261619769708295,0.1202624356272623,8.942973718472625e-05
2024-11-25,bundaran hotel indonesia,,0.00010965947646738222,0.1206717009343872,
2024-11-25,jagakarsa,,9.813529873609616e-05,0.1208851054619178,
2024-11-25,jalan bdn ii,,9.266626402354746e-05,0.1200617241299113,
2024-11-25,kebon jeruk,,0.00010965947646738222,0.1206717009343872,
2024-11-25,kelapa gading,,8.494340688167556e-05,0.1218022340019647,
2024-11-25,komp angkasa pura jakarta pusat,,8.494340688167556e-05,0.1218022340019647,
2024-11-25,lubang buaya,,9.975592112135382e-05,0.1197126647414489,
2024-11-25,us consulate jakarta pusat,,8.494340688167556e-05,0.1218022340019647,
2024-11-26,bundaran hotel indonesia,0.0404052681705685,0.00011849923981842424,0.1190295851790283,
2024-11-26,jagakarsa,,8.841244808764715e-05,0.1183194050172466,
2024-11-26,jalan bdn ii,,0.00013919606499355322,0.1218840728743874,
2024-11-26,kebon jeruk,0.0404052681705685,0.00011849923981842424,0.1190295851790283,
2024-11-26,kelapa gading,,0.00012895457972982111,0.1192956639562884,
2024-11-26,komp angkasa pura jakarta pusat,,0.00012895457972982111,0.1192956639562884,
2024-11-26,lubang buaya,,0.00019942819256235807,0.1200550938089369,
2024-11-26,us consulate jakarta pusat,,0.00012895457972982111,0.1192956639562884,
2024-11-27,bundaran hotel indonesia,,9.054761005176038e-05,0.1201964927347386,
2024-11-27,jagakarsa,,7.180092329678798e-05,0.1197351840111971,
2024-11-27,jalan bdn ii,,0.00014471403418057872,0.1205697353032262,
2024-11-27,kebon jeruk,,9.054761005176038e-05,0.1201964927347386,
2024-11-27,kelapa gading,,8.286256994543322e-05,0.1203054337221622,
2024-11-27,komp angkasa pura jakarta pusat,,8.286256994543322e-05,0.1203054337221622,
2024-11-27,lubang buaya,,0.00016869899556909906,0.1200517628946132,
2024-11-27,us consulate jakarta pusat,,8.286256994543322e-05,0.1203054337221622,
2024-11-28,bundaran hotel indonesia,,7.18842455137011e-05,0.1192187709204168,
2024-11-28,jagakarsa,,8.514929906600003e-05,0.1193538396116237,
2024-11-28,jalan bdn ii,,6.352534425891495e-05,0.1185139448763742,
2024-11-28,kebon jeruk,,7.18842455137011e-05,0.1192187709204168,
2024-11-28,kelapa gading,,9.910768908173404e-05,0.1197362290489274,
2024-11-28,komp angkasa pura jakarta pusat,,9.910768908173404e-05,0.1197362290489274,
2024-11-28,lubang buaya,,8.337197696735985e-05,0.1187231350645993,
2024-11-28,us consulate jakarta pusat,,9.910768908173404e-05,0.1197362290489274,
2024-11-29,bundaran hotel indonesia,,7.874779384568032e-05,0.1181200194471342,
2024-11-29,jagakarsa,,7.794184159349093e-05,0.1180058457003559,
2024-11-29,jalan bdn ii,,8.915213319976508e-05,0.1178285606627198,
2024-11-29,kebon jeruk,,7.874779384568032e-05,0.1181200194471342,
2024-11-29,kelapa gading,,9.73335056814383e-05,0.1173387144443891,
2024-11-29,komp angkasa pura jakarta pusat,,9.73335056814383e-05,0.1173387144443891,
2024-11-29,lubang buaya,0.031268254301586,9.591134515746652e-05,0.1175888339525004,
2024-11-29,us consulate jakarta pusat,,9.73335056814383e-05,0.1173387144443891,
2024-11-30,bundaran hotel indonesia,,8.548699367950802e-05,0.1180058781900821,
2024-11-30,jagakarsa,,0.000100533031083288,0.118878805362083,
2024-11-30,jalan bdn ii,,7.717388092556794e-05,0.1178631999246706,
2024-11-30,kebon jeruk,,8.548699367950802e-05,0.1180058781900821,
2024-11-30,kelapa gading,,0.00010104114070842234,0.1188746891731123,
2024-11-30,komp angkasa pura jakarta pusat,,0.00010104114070842234,0.1188746891731123,
2024-11-30,lubang buaya,,9.184385266431412e-05,0.1184070360220047,
2024-11-30,us consulate jakarta pusat,,0.00010104114070842234,0.1188746891731123,
2024-12-01,bundaran hotel indonesia,,,,2.2825904780983607e-05
2024-12-01,jagakarsa,,,,2.2825904780983607e-05
2024-12-01,jalan bdn ii,,,,-6.71e-05
2024-12-01,kebon jeruk,,,,2.2825904780983607e-05
2024-12-01,kelapa gading,,,0.1192298771323568,5.204289246289014e-05
2024-12-01,komp angkasa pura jakarta pusat,,,0.1192298771323568,2.2825904780983607e-05
2024-12-01,lubang buaya,,,0.1181875193591184,3.229035145350787e-05
2024-12-01,us consulate jakarta pusat,,,0.1192298771323568,2.2825904780983607e-05
2024-12-02,bundaran hotel indonesia,,,0.118707778691118,
2024-12-02,jagakarsa,,7.74796794453621e-05,0.1199841788010538,
2024-12-02,jalan bdn ii,,,0.1176085677141933,
2024-12-02,kebon jeruk,,,0.118707778691118,
2024-12-02,kelapa gading,,,0.1201176547439246,
2024-12-02,komp angkasa pura jakarta pusat,,,0.1201176547439246,
2024-12-02,lubang buaya,,,0.1176766507844462,
2024-12-02,us consulate jakarta pusat,,,0.1201176547439246,
2024-12-03,bundaran hotel indonesia,,9.939681283982063e-05,0.1164018229026276,
2024-12-03,jagakarsa,,9.908746632218476e-05,0.1171455752582031,
2024-12-03,jalan bdn ii,,9.08455055784583e-05,0.1152184259946984,
2024-12-03,kebon jeruk,,9.939681283982063e-05,0.1164018229026276,
2024-12-03,kelapa gading,,0.00012079506800969572,0.1169236973282955,
2024-12-03,komp angkasa pura jakarta pusat,,0.00012079506800969572,0.1169236973282955,
2024-12-03,lubang buaya,,0.00011027553980277176,0.1154918518656589,
2024-12-03,us consulate jakarta pusat,,0.00012079506800969572,0.1169236973282955,
2024-12-04,bundaran hotel indonesia,,8.483031705866394e-05,0.1170308536855986,
2024-12-04,jagakarsa,,,0.117174179966961,
2024-12-04,jalan bdn ii,,,0.1169251713099644,
2024-12-04,kebon jeruk,,8.483031705866394e-05,0.1170308536855986,
2024-12-04,kelapa gading,,5.334259938310747e-05,0.1176416643302016,
2024-12-04,komp angkasa pura jakarta pusat,,5.334259938310747e-05,0.1176416643302016,
2024-12-04,lubang buaya,,6.673652940104788e-05,0.1168206779035085,
2024-12-04,us consulate jakarta pusat,,5.334259938310747e-05,0.1176416643302016,
2024-12-05,bundaran hotel indonesia,0.0293273404519115,7.802756808935804e-05,0.1154821070144193,
2024-12-05,jagakarsa,0.029327340740512,9.125211692268132e-05,0.116238408978302,
2024-12-05,jalan bdn ii,,8.099474451701032e-05,0.1169134615706292,
2024-12-05,kebon jeruk,0.0293273404519115,7.802756808935804e-05,0.1154821070144193,
2024-12-05,kelapa gading,0.0289607696446674,8.353188468749423e-05,0.1168153755716951,
2024-12-05,komp angkasa pura jakarta pusat,0.0289607696446674,8.353188468749423e-05,0.1168153755716951,
2024-12-05,lubang buaya,,8.020004691287476e-05,0.1171334464804764,
2024-12-05,us consulate jakarta pusat,0.0289607696446674,8.353188468749423e-05,0.1168153755716951,
2024-12-06,bundaran hotel indonesia,,,0.1176949208126068,
2024-12-06,jagakarsa,,,0.1177411306235706,
2024-12-06,jalan bdn ii,,,0.1181099627968149,
2024-12-06,kebon jeruk,,,0.1176949208126068,
2024-12-06,kelapa gading,,,0.1181531321265821,
2024-12-06,komp angkasa pura jakarta pusat,,,0.1181531321265821,
2024-12-06,lubang buaya,,,0.1182501109443568,
2024-12-06,us consulate jakarta pusat,,,0.1181531321265821,
2024-12-07,bundaran hotel indonesia,0.0324430190239107,0.0001889223574830613,0.1171348117743313,
2024-12-07,jagakarsa,0.0334001741607311,0.00014746199634000542,0.1170148143385374,
2024-12-07,jalan bdn ii,,0.0001211007396146133,0.1170174234966259,
2024-12-07,kebon jeruk,0.0324430190239107,0.0001889223574830613,0.1171348117743313,
2024-12-07,kelapa gading,0.033400174215608,0.00016433340733941352,0.1172616551289246,
2024-12-07,komp angkasa pura jakarta pusat,0.033400174215608,0.00016433340733941352,0.1172616551289246,
2024-12-07,lubang buaya,,0.00012217323936169434,0.1175375040604168,
2024-12-07,us consulate jakarta pusat,0.033400174215608,0.00016433340733941352,0.1172616551289246,
2024-12-08,bundaran hotel indonesia,,9.231671545190498e-05,0.1174358772769152,
2024-12-08,jagakarsa,,8.910973156428256e-05,0.1169154364770962,
2024-12-08,jalan bdn ii,,0.00011907912665554796,0.1179594454705398,
2024-12-08,kebon jeruk,,9.231671545190498e-05,0.1174358772769152,-0.000462
2024-12-08,kelapa gading,,9.467465730192136e-05,0.1171398418944034,
2024-12-08,komp angkasa pura jakarta pusat,,9.467465730192136e-05,0.1171398418944034,
2024-12-08,lubang buaya,,0.00012662152354379446,0.1174207418111237,
2024-12-08,us consulate jakarta pusat,,9.467465730192136e-05,0.1171398418944034,
2024-12-09,bundaran hotel indonesia,,,0.1202808584457661,
2024-12-09,jagakarsa,,,0.1200246485368603,
2024-12-09,jalan bdn ii,,,0.1204199191470707,
2024-12-09,kebon jeruk,,,0.1202808584457661,
2024-12-09,kelapa gading,,,0.1200946937024959,
2024-12-09,komp angkasa pura jakarta pusat,,,0.1200946937024959,
2024-12-09,lubang buaya,,,0.1202603022567914,
2024-12-09,us consulate jakarta pusat,,,0.1200946937024959,
2024-12-10,bundaran hotel indonesia,,6.753564399690044e-05,0.1168829039951886,
2024-12-10,jagakarsa,,5.840479632581867e-05,0.1165693696260509,
2024-12-10,jalan bdn ii,,4.5809637177850136e-05,0.1160644741186692,
2024-12-10,kebon jeruk,,6.753564399690044e-05,0.1168829039951886,
2024-12-10,kelapa gading,,6.530072902162222e-05,0.1174311852191933,
2024-12-10,komp angkasa pura jakarta pusat,,6.530072902162222e-05,0.1174311852191933,
2024-12-10,lubang buaya,,3.1010926612933765e-05,0.1161847349292297,
2024-12-10,us consulate jakarta pusat,,6.530072902162222e-05,0.1174311852191933,
2024-12-11,bundaran hotel indonesia,,6.559168558982745e-05,0.1164317950099185,
2024-12-11,jagakarsa,,6.830002245418733e-05,0.117214539113551,
2024-12-11,jalan bdn ii,,6.173462809362692e-05,0.1167567410000097,
2024-12-11,kebon jeruk,,6.559168558982745e-05,0.1164317950099185,
2024-12-11,kelapa gading,,7.728385365925285e-05,0.1176715502590444,
2024-12-11,komp angkasa pura jakarta pusat,,7.728385365925285e-05,0.1176715502590444,
2024-12-11,lubang buaya,,6.64907033540267e-05,0.1166682852255649,
2024-12-11,us consulate jakarta pusat,,7.728385365925285e-05,0.1176715502590444,
2024-12-12,bundaran hotel indonesia,,6.99244438510568e-05,0.1163479800086633,
2024-12-12,jagakarsa,,8.737034919028567e-05,0.1159372004359621,
2024-12-12,jalan bdn ii,,8.448916506417898e-05,0.1161034119620826,
2024-12-12,kebon jeruk,,6.99244438510568e-05,0.1163479800086633,
2024-12-12,kelapa gading,,8.485101280170188e-05,0.1153017925832401,
2024-12-12,komp angkasa pura jakarta pusat,,8.485101280170188e-05,0.1153017925832401,
2024-12-12,lubang buaya,,8.827244092788616e-05,0.1159914602282403,
2024-12-12,us consulate jakarta pusat,,8.485101280170188e-05,0.1153017925832401,
2024-12-13,bundaran hotel indonesia,0.0247070505560771,5.546972809516666e-05,0.1161803945636423,
2024-12-13,jagakarsa,0.0260846222624789,6.735807353247864e-05,0.116112326329477,
2024-12-13,jalan bdn ii,0.0253731542535175,4.645258462614927e-05,0.1148848309526226,
2024-12-13,kebon jeruk,0.0247070505560771,5.546972809516666e-05,0.1161803945636423,
2024-12-13,kelapa gading,0.0290478110369092,8.143144376969985e-05,0.1161630595972986,
2024-12-13,komp angkasa pura jakarta pusat,0.0290478110369092,8.143144376969985e-05,0.1161630595972986,
2024-12-13,lubang buaya,0.0258198407201137,4.386422677701194e-05,0.1157652786773181,
2024-12-13,us consulate jakarta pusat,0.0290478110369092,8.143144376969985e-05,0.1161630595972986,
2024-12-14,bundaran hotel indonesia,,7.892981505000937e-05,0.1182712871394627,
2024-12-14,jagakarsa,,8.038457983074326e-05,0.1186128292501893,
2024-12-14,jalan bdn ii,,7.116105068474234e-05,0.1183067767056911,
2024-12-14,kebon jeruk,,7.892981505000937e-05,0.1182712871394627,
2024-12-14,kelapa gading,,8.09371711695925e-05,0.1180707406851001,
2024-12-14,komp angkasa pura jakarta pusat,,8.09371711695925e-05,0.1180707406851001,
2024-12-14,lubang buaya,,6.772247124344006e-05,0.1184039246455398,
2024-12-14,us consulate jakarta pusat,,8.09371711695925e-05,0.1180707406851001,
2024-12-15,bundaran hotel indonesia,,0.00013576874165841568,0.1181522131180856,
2024-12-15,jagakarsa,,0.00013720097768280814,0.1186908296864164,
2024-12-15,jalan bdn ii,,8.501849532969588e-05,0.117498694803574,
2024-12-15,kebon jeruk,,0.00013576874165841568,0.1181522131180856,
2024-12-15,kelapa gading,,0.00012766506159017372,0.1198962545217869,
2024-12-15,komp angkasa pura jakarta pusat,,0.00012766506159017372,0.1198962545217869,
2024-12-15,lubang buaya,,8.306560220913764e-05,0.1177073849507336,
2024-12-15,us consulate jakarta pusat,,0.00012766506159017372,0.1198962545217869,
2024-12-16,bundaran hotel indonesia,,8.067762428141545e-05,0.1163355413926243,
2024-12-16,jagakarsa,,8.181957443136039e-05,0.1169684317677794,
2024-12-16,jalan bdn ii,,6.976886261617082e-05,0.1159631303241908,
2024-12-16,kebon jeruk,,8.067762428141545e-05,0.1163355413926243,
2024-12-16,kelapa gading,,8.056537291883812e-05,0.1161963898819543,
2024-12-16,komp angkasa pura jakarta pusat,,8.056537291883812e-05,0.1161963898819543,
2024-12-16,lubang buaya,,8.727789154767087e-05,0.1159299235216554,
2024-12-16,us consulate jakarta pusat,,8.056537291883812e-05,0.1161963898819543,
2024-12-17,bundaran hotel indonesia,,,0.1186072783712197,
2024-12-17,jagakarsa,,,0.1192443361855016,
2024-12-17,jalan bdn ii,,,0.1188022561613761,
2024-12-17,kebon jeruk,,,0.1186072783712197,
2024-12-17,kelapa gading,,9.84304230477957e-05,0.1181010901583349,
2024-12-17,komp angkasa pura jakarta pusat,,9.84304230477957e-05,0.1181010901583349,
2024-12-17,lubang buaya,,,0.1189523306150078,
2024-12-17,us consulate jakarta pusat,,9.84304230477957e-05,0.1181010901583349,
2024-12-18,bundaran hotel indonesia,,6.110512940829957e-05,0.1170727121470248,
2024-12-18,jagakarsa,,6.087572760196014e-05,0.1183659310628226,
2024-12-18,jalan bdn ii,,5.012408379894502e-05,0.1170079953187396,
2024-12-18,kebon jeruk,,6.110512940829957e-05,0.1170727121470248,
2024-12-18,kelapa gading,,4.957855640420918e-05,0.117848012542174,
2024-12-18,komp angkasa pura jakarta pusat,,4.957855640420918e-05,0.117848012542174,
2024-12-18,lubang buaya,,5.293967695531159e-05,0.1168273334307173,
2024-12-18,us consulate jakarta pusat,,4.957855640420918e-05,0.117848012542174,
2024-12-19,bundaran hotel indonesia,,8.647346655415914e-05,0.1165890032309239,
2024-12-19,jagakarsa,,7.930258569331817e-05,0.1179708439156486,
2024-12-19,jalan bdn ii,,6.989312031296325e-05,0.1174594248702101,
2024-12-19,kebon jeruk,,8.647346655415914e-05,0.1165890032309239,
2024-12-19,kelapa gading,,8.889928133930811e-05,0.1178903120351874,
2024-12-19,komp angkasa pura jakarta pusat,,8.889928133930811e-05,0.1178903120351874,
2024-12-19,lubang buaya,,5.998465144613657e-05,0.11646728243368,
2024-12-19,us consulate jakarta pusat,,8.889928133930811e-05,0.1178903120351874,
2024-12-20,bundaran hotel indonesia,,6.467628920529219e-05,0.113052956083674,
2024-12-20,jagakarsa,0.0280895988419413,9.679406257638176e-05,0.1139083728775704,
2024-12-20,jalan bdn ii,,4.529956940876802e-05,0.1140328949923228,
2024-12-20,kebon jeruk,,6.467628920529219e-05,0.113052956083674,
2024-12-20,kelapa gading,0.0287811763060242,0.00012868455686613245,0.1148687641679535,
2024-12-20,komp angkasa pura jakarta pusat,0.0287811763060242,0.00012868455686613245,0.1148687641679535,
2024-12-20,lubang buaya,,5.254921885674586e-05,0.1144940565791867,
2024-12-20,us consulate jakarta pusat,0.0287811763060242,0.00012868455686613245,0.1148687641679535,
2024-12-21,bundaran hotel indonesia,,7.889752027139097e-05,0.1161199068866136,
2024-12-21,jagakarsa,,6.861234499545882e-05,0.1159946312259411,
2024-12-21,jalan bdn ii,,0.00011847035715951906,0.1160032371212029,
2024-12-21,kebon jeruk,,7.889752027139097e-05,0.1161199068866136,
2024-12-21,kelapa gading,,8.074462178673305e-05,0.1160765381590888,
2024-12-21,komp angkasa pura jakarta pusat,,8.074462178673305e-05,0.1160765381590888,
2024-12-21,lubang buaya,,0.0001147675009923775,0.1163547094650043,
2024-12-21,us consulate jakarta pusat,,8.074462178673305e-05,0.1160765381590888,
2024-12-22,bundaran hotel indonesia,,9.22450773403783e-05,0.1176016928653817,
2024-12-22,jagakarsa,,6.213486589991485e-05,0.117525089030671,
2024-12-22,jalan bdn ii,,0.0001197349422088436,0.1191790454447134,
2024-12-22,kebon jeruk,,9.22450773403783e-05,0.1176016928653817,
2024-12-22,kelapa gading,,6.800704113138652e-05,0.1169825396249073,
2024-12-22,komp angkasa pura jakarta pusat,,6.800704113138652e-05,0.1169825396249073,
2024-12-22,lubang buaya,,0.00011437050564204656,0.1177939289159756,
2024-12-22,us consulate jakarta pusat,,6.800704113138652e-05,0.1169825396249073,
2024-12-23,bundaran hotel indonesia,,6.094119310138179e-05,0.1176319548647898,
2024-12-23,jagakarsa,,6.291899270696806e-05,0.1172669797994485,
2024-12-23,jalan bdn ii,,,0.1177819597059959,
2024-12-23,kebon jeruk,,6.094119310138179e-05,0.1176319548647898,
2024-12-23,kelapa gading,,5.752593258720545e-05,0.1175250928954515,
2024-12-23,komp angkasa pura jakarta pusat,,5.752593258720545e-05,0.1175250928954515,
2024-12-23,lubang buaya,,6.55252774924948e-05,0.118204854944473,
2024-12-23,us consulate jakarta pusat,,5.752593258720545e-05,0.1175250928954515,
2024-12-24,bundaran hotel indonesia,,9.98653722428524e-05,0.1159323315710351,
2024-12-24,jagakarsa,,0.00011742294064148396,0.1159468020403027,
2024-12-24,jalan bdn ii,,9.274777565405196e-05,0.1165061071294223,
2024-12-24,kebon jeruk,,9.98653722428524e-05,0.1159323315710351,
2024-12-24,kelapa gading,,0.00012950036810556995,0.1164515975172115,
2024-12-24,komp angkasa pura jakarta pusat,,0.00012950036810556995,0.1164515975172115,
2024-12-24,lubang buaya,,9.34103204911856e-05,0.1172266858002618,
2024-12-24,us consulate jakarta pusat,,0.00012950036810556995,0.1164515975172115,
2024-12-25,bundaran hotel indonesia,0.0294122373374606,9.197896059433608e-05,0.1176077348305855,
2024-12-25,jagakarsa,,8.240940409394224e-05,0.1186676592084613,
2024-12-25,jalan bdn ii,,0.00013287952741332682,0.118506031476299,
2024-12-25,kebon jeruk,0.0294122373374606,9.197896059433608e-05,0.1176077348305855,
2024-12-25,kelapa gading,,9.718585827789508e-05,0.118705380241242,
2024-12-25,komp angkasa pura jakarta pusat,,9.718585827789508e-05,0.118705380241242,
2024-12-25,lubang buaya,,0.00012436492992579982,0.1185866713928691,
2024-12-25,us consulate jakarta pusat,,9.718585827789508e-05,0.118705380241242,
2024-12-26,bundaran hotel indonesia,0.0277179274033048,9.025951934547792e-05,0.1158471281210502,
2024-12-26,jagakarsa,0.028159744130166,0.00014291456270232918,0.1163793495552188,
2024-12-26,jalan bdn ii,0.0321037582440177,6.323810690353826e-05,0.1171981020491786,-0.000179
2024-12-26,kebon jeruk,0.0277179274033048,9.025951934547792e-05,0.1158471281210502,
2024-12-26,kelapa gading,0.0306471701052531,0.0001490350767567268,0.1156689533138799,
2024-12-26,komp angkasa pura jakarta pusat,0.0306471701052531,0.0001490350767567268,0.1156689533138799,
2024-12-26,lubang buaya,0.0321037580246837,6.641809245970293e-05,0.1175271931592848,
2024-12-26,us consulate jakarta pusat,0.0306471701052531,0.0001490350767567268,0.1156689533138799,
2024-12-27,bundaran hotel indonesia,,0.00012463993283429682,0.1168904689293122,1.5573217915950375e-05
2024-12-27,jagakarsa,,0.00011303667346996398,0.1174469702486132,-4.26e-05
2024-12-27,jalan bdn ii,,6.963306027296883e-05,0.1172567784000359,-2.18e-05
2024-12-27,kebon jeruk,,0.00012463993283429682,0.1168904689293122,1.5573217915950375e-05
2024-12-27,kelapa gading,,0.00012332003848822338,0.1169862545693242,-8.01e-05
2024-12-27,komp angkasa pura jakarta pusat,,0.00012332003848822338,0.1169862545693242,-4.26e-05
2024-12-27,lubang buaya,,7.058006090843648e-05,0.1176860833264448,0.0001408778038800744
2024-12-27,us consulate jakarta pusat,,0.00012332003848822338,0.1169862545693242,-4.26e-05
2024-12-28,bundaran hotel indonesia,0.028675648350651,9.941215530843986e-05,0.1163307943715792,
2024-12-28,jagakarsa,0.0286325719880882,0.0001023613783495696,0.116809576685513,
2024-12-28,jalan bdn ii,,4.916885010812716e-05,0.1179864205326106,0.0001183678440281496
2024-12-28,kebon jeruk,0.028675648350651,9.941215530843986e-05,0.1163307943715792,0.00020792249746475676
2024-12-28,kelapa gading,0.0286325719329671,0.00011331091734440692,0.1162364810127637,
2024-12-28,komp angkasa pura jakarta pusat,0.0286325719329671,0.00011331091734440692,0.1162364810127637,
2024-12-28,lubang buaya,,6.732461182266784e-05,0.1166390266817283,
2024-12-28,us consulate jakarta pusat,0.0286325719329671,0.00011331091734440692,0.1162364810127637,
2024-12-29,bundaran hotel indonesia,0.0304653960515399,9.683158267471017e-05,0.1178233721526457,
2024-12-29,jagakarsa,,9.237722371910276e-05,0.1168989823680277,
2024-12-29,jalan bdn ii,,9.075593276034435e-05,0.1163028536364884,
2024-12-29,kebon jeruk,0.0304653960515399,9.683158267471017e-05,0.1178233721526457,
2024-12-29,kelapa gading,0.0304653971936983,8.797046459964872e-05,0.1168462232352364,
2024-12-29,komp angkasa pura jakarta pusat,0.0304653971936983,8.797046459964872e-05,0.1168462232352364,
2024-12-29,lubang buaya,0.0303462501120357,9.226138428668528e-05,0.1165909097980159,
2024-12-29,us consulate jakarta pusat,0.0304653971936983,8.797046459964872e-05,0.1168462232352364,
2024-12-30,bundaran hotel indonesia,0.026346045958107,6.660323820022492e-05,0.116040151429819,-4.71e-05
2024-12-30,jagakarsa,0.0259775982898391,7.77849032429182e-05,0.1160986849424892,-4.71e-05
2024-12-30,jalan bdn ii,,5.247240422161124e-05,0.1165069557296002,0.00012746382168982254
2024-12-30,kebon jeruk,0.026346045958107,6.660323820022492e-05,0.116040151429819,0.0001090985165861501
2024-12-30,kelapa gading,0.028625207863096,8.686224753936853e-05,0.1155944341186318,1.904766671047745e-05
2024-12-30,komp angkasa pura jakarta pusat,0.028625207863096,8.686224753936853e-05,0.1155944341186318,-4.71e-05
2024-12-30,lubang buaya,,5.988030283023606e-05,0.1163031220341243,5.821537631964499e-05
2024-12-30,us consulate jakarta pusat,0.028625207863096,8.686224753936853e-05,0.1155944341186318,-4.71e-05
2024-12-31,bundaran hotel indonesia,,0.0001126547857934364,0.1151246353412398,
2024-12-31,jagakarsa,,0.00010927026052421818,0.1154091888127394,
2024-12-31,jalan bdn ii,,6.572143478339511e-05,0.1153950483903613,
2024-12-31,kebon jeruk,,0.0001126547857934364,0.1151246353412398,
2024-12-31,kelapa gading,,0.00011659454761399498,0.1152021168780705,0.00020313188871030145
2024-12-31,komp angkasa pura jakarta pusat,,0.00011659454761399498,0.1152021168780705,
2024-12-31,lubang buaya,0.0241780593949653,7.291837703729519e-05,0.116056837642036,
2024-12-31,us consulate jakarta pusat,,0.00011659454761399498,0.1152021168780705,
2025-01-01,bundaran hotel indonesia,,,0.1165775890473528,
2025-01-01,jagakarsa,,,0.1165782626822398,
2025-01-01,jalan bdn ii,,0.00010179480762038482,0.1160074100147288,
2025-01-01,kebon jeruk,,,0.1165775890473528,
2025-01-01,kelapa gading,,,0.1165715096307131,
2025-01-01,komp angkasa pura jakarta pusat,,,0.1165715096307131,
2025-01-01,lubang buaya,,8.57097805449606e-05,0.1159403554608041,
2025-01-01,us consulate jakarta pusat,,,0.1165715096307131,
2025-01-02,bundaran hotel indonesia,,,0.1176543166993424,
2025-01-02,jagakarsa,,6.276820444755461e-05,0.1176217679485293,
2025-01-02,jalan bdn ii,,,0.1177617898001165,-8.85e-05
2025-01-02,kebon jeruk,,,0.1176543166993424,
2025-01-02,kelapa gading,,8.075211392544171e-05,0.1160179189450081,
2025-01-02,komp angkasa pura jakarta pusat,,8.075211392544171e-05,0.1160179189450081,
2025-01-02,lubang buaya,,7.594070303918083e-05,0.1164235940890986,0.0003254549161401778
2025-01-02,us consulate jakarta pusat,,8.075211392544171e-05,0.1160179189450081,
2025-01-03,bundaran hotel indonesia,,7.620295182233358e-05,0.1163654871100077,
2025-01-03,jagakarsa,,7.21631934968277e-05,0.1163876599702619,
2025-01-03,jalan bdn ii,,5.673237554217469e-05,0.1167849779801662,
2025-01-03,kebon jeruk,,7.620295182233358e-05,0.1163654871100077,
2025-01-03,kelapa gading,,8.682857061277779e-05,0.1159631330138337,
2025-01-03,komp angkasa pura jakarta pusat,,8.682857061277779e-05,0.1159631330138337,
2025-01-03,lubang buaya,,5.780908164488345e-05,0.116615038109889,
2025-01-03,us consulate jakarta pusat,,8.682857061277779e-05,0.1159631330138337,
2025-01-04,bundaran hotel indonesia,0.0285222436883966,6.634839675092006e-05,0.1152668552252507,
2025-01-04,jagakarsa,,6.477227930090186e-05,0.1158606300623495,
2025-01-04,jalan bdn ii,0.0308997555527359,5.5967444230920944e-05,0.1158882183130919,
2025-01-04,kebon jeruk,0.0285222436883966,6.634839675092006e-05,0.1152668552252507,
2025-01-04,kelapa gading,,6.991492598542154e-05,0.1162317287153928,
2025-01-04,komp angkasa pura jakarta pusat,,6.991492598542154e-05,0.1162317287153928,
2025-01-04,lubang buaya,0.0308997558640037,5.646533647462946e-05,0.1158751926289232,
2025-01-04,us consulate jakarta pusat,,6.991492598542154e-05,0.1162317287153928,
2025-01-05,bundaran hotel indonesia,0.0291448980078408,8.228235169662455e-05,0.1157680680336635,-0.000155
2025-01-05,jagakarsa,0.0291782358782877,7.29666792713438e-05,0.1154940909088477,-0.000155
2025-01-05,jalan bdn ii,0.0304982775216482,6.328427807369473e-05,0.1134773261825193,
2025-01-05,kebon jeruk,0.0291448980078408,8.228235169662455e-05,0.1157680680336635,-0.000155
2025-01-05,kelapa gading,0.0294292602781248,7.860448239962655e-05,0.1150733271040174,-0.00018
2025-01-05,komp angkasa pura jakarta pusat,0.0294292602781248,7.860448239962655e-05,0.1150733271040174,-0.000155
2025-01-05,lubang buaya,,5.92252381200554e-05,0.1144292263993117,
2025-01-05,us consulate jakarta pusat,0.0294292602781248,7.860448239962655e-05,0.1150733271040174,-0.000155
2025-01-06,bundaran hotel indonesia,0.0304838593454286,0.0001210406072103491,0.1195842740635033,-7.03e-05
2025-01-06,jagakarsa,0.0297459496695852,0.00011425525745539866,0.1187973126252047,-7.03e-05
2025-01-06,jalan bdn ii,0.029992125040655,0.00012253404904902476,0.1187225884690999,
2025-01-06,kebon jeruk,0.0304838593454286,0.0001210406072103491,0.1195842740635033,-7.03e-05
2025-01-06,kelapa gading,0.0303395656798048,0.00012691731747067252,0.1188364844566384,0.00010975391630490968
2025-01-06,komp angkasa pura jakarta pusat,0.0303395656798048,0.00012691731747067252,0.1188364844566384,-7.03e-05
2025-01-06,lubang buaya,0.0313309856569782,0.00016111850353730872,0.1182912659033587,0.0002032239907141752
2025-01-06,us consulate jakarta pusat,0.0303395656798048,0.00012691731747067252,0.1188364844566384,-7.03e-05
2025-01-07,bundaran hotel indonesia,,9.343371052025122e-05,0.1175405106865739,
2025-01-07,jagakarsa,,7.589099680361607e-05,0.117507579104087,
2025-01-07,jalan bdn ii,,8.418400763594127e-05,0.1168365423423934,
2025-01-07,kebon jeruk,,9.343371052025122e-05,0.1175405106865739,
2025-01-07,kelapa gading,,7.914356132145985e-05,0.1174234332844527,
2025-01-07,komp angkasa pura jakarta pusat,,7.914356132145985e-05,0.1174234332844527,
2025-01-07,lubang buaya,,0.00011431796988288388,0.1171255047937629,
2025-01-07,us consulate jakarta pusat,,7.914356132145985e-05,0.1174234332844527,
2025-01-08,bundaran hotel indonesia,0.0296113366852446,8.611713111227944e-05,0.1163103493478912,
2025-01-08,jagakarsa,0.0301396083580209,8.782444881759557e-05,0.1161222419656868,
2025-01-08,jalan bdn ii,0.0280774982865951,0.00010116352107251136,0.1163694890452937,
2025-01-08,kebon jeruk,0.0296113366852446,8.611713111227944e-05,0.1163103493478912,
2025-01-08,kelapa gading,0.0301396084502676,8.246808079956522e-05,0.1162405007962787,
2025-01-08,komp angkasa pura jakarta pusat,0.0301396084502676,8.246808079956522e-05,0.1162405007962787,
2025-01-08,lubang buaya,0.0280619836279394,0.00010598104437496577,0.1160800351904197,
2025-01-08,us consulate jakarta pusat,0.0301396084502676,8.246808079956522e-05,0.1162405007962787,
2025-01-09,bundaran hotel indonesia,,9.451371127819693e-05,0.1159953006422714,
2025-01-09,jagakarsa,,9.514231791126213e-05,0.1159877061197685,
2025-01-09,jalan bdn ii,,,0.1161981713704068,
2025-01-09,kebon jeruk,,9.451371127819693e-05,0.1159953006422714,
2025-01-09,kelapa gading,,0.00012989245087417073,0.1160519763787688,
2025-01-09,komp angkasa pura jakarta pusat,,0.00012989245087417073,0.1160519763787688,
2025-01-09,lubang buaya,,,0.1159117654456814,
2025-01-09,us consulate jakarta pusat,,0.00012989245087417073,0.1160519763787688,
2025-01-10,bundaran hotel indonesia,,9.439018617053545e-05,0.1168438777927869,
2025-01-10,jagakarsa,,7.691551090040028e-05,0.1164015370870993,
2025-01-10,jalan bdn ii,0.0329013463726312,8.897220838309084e-05,0.1164504194150652,
2025-01-10,kebon jeruk,,9.439018617053545e-05,0.1168438777927869,
2025-01-10,kelapa gading,,9.367652999817516e-05,0.1172975035666419,
2025-01-10,komp angkasa pura jakarta pusat,,9.367652999817516e-05,0.1172975035666419,
2025-01-10,lubang buaya,,0.00010048759292515756,0.1168586980459312,
2025-01-10,us consulate jakarta pusat,,9.367652999817516e-05,0.1172975035666419,
2025-01-11,bundaran hotel indonesia,0.0336994357066693,0.00012894648891875014,0.119410454476013,4.117328287890059e-05
2025-01-11,jagakarsa,0.0342594570942365,8.524543674165311e-05,0.1193094921633311,4.117328287890059e-05
2025-01-11,jalan bdn ii,,0.00011995581383001744,0.118427677467122,
2025-01-11,kebon jeruk,0.0336994357066693,0.00012894648891875014,0.119410454476013,4.117328287890059e-05
2025-01-11,kelapa gading,0.0363553278159495,9.893464321854604e-05,0.1195223408266014,-0.000219
2025-01-11,komp angkasa pura jakarta pusat,0.0363553278159495,9.893464321854604e-05,0.1195223408266014,4.117328287890059e-05
2025-01-11,lubang buaya,,0.00013218304130843786,0.1188629681712124,
2025-01-11,us consulate jakarta pusat,0.0363553278159495,9.893464321854604e-05,0.1195223408266014,4.117328287890059e-05
2025-01-12,bundaran hotel indonesia,0.0330703457938994,7.878677957069625e-05,0.1182748106894539,
2025-01-12,jagakarsa,0.0322337039714895,7.35748062748729e-05,0.1179667344394018,
2025-01-12,jalan bdn ii,0.0312494761333135,6.914786794108717e-05,0.1178497903835828,
2025-01-12,kebon jeruk,0.0330703457938994,7.878677957069625e-05,0.1182748106894539,
2025-01-12,kelapa gading,,7.379652408654026e-05,0.1179507134047266,
2025-01-12,komp angkasa pura jakarta pusat,,7.379652408654026e-05,0.1179507134047266,
2025-01-12,lubang buaya,0.0300163321335879,8.045588731724446e-05,0.1178524088793021,
2025-01-12,us consulate jakarta pusat,,7.379652408654026e-05,0.1179507134047266,
2025-01-13,bundaran hotel indonesia,,6.65392280719703e-05,0.1177539582409225,
2025-01-13,jagakarsa,,9.648404901156725e-05,0.1170331244623322,
2025-01-13,jalan bdn ii,,3.547770414211358e-05,0.1159313470155157,
2025-01-13,kebon jeruk,,6.65392280719703e-05,0.1177539582409225,
2025-01-13,kelapa gading,,9.11945581829259e-05,0.1174023056879033,
2025-01-13,komp angkasa pura jakarta pusat,,9.11945581829259e-05,0.1174023056879033,
2025-01-13,lubang buaya,,5.850537536345664e-05,0.1158782227405721,
2025-01-13,us consulate jakarta pusat,,9.11945581829259e-05,0.1174023056879033,
2025-01-14,bundaran hotel indonesia,,9.56936053202866e-05,0.1178542271961605,
2025-01-14,jagakarsa,,8.473915678641644e-05,0.1183327966722127,
2025-01-14,jalan bdn ii,,0.0001048201369354346,0.1184293213152291,
2025-01-14,kebon jeruk,,9.56936053202866e-05,0.1178542271961605,
2025-01-14,kelapa gading,,7.42143025126237e-05,0.1182285364679794,
2025-01-14,komp angkasa pura jakarta pusat,,7.42143025126237e-05,0.1182285364679794,
2025-01-14,lubang buaya,,9.390515061255496e-05,0.1179386936924279,
2025-01-14,us consulate jakarta pusat,,7.42143025126237e-05,0.1182285364679794,
2025-01-15,bundaran hotel indonesia,,0.00010822229177752346,0.1170157130262719,
2025-01-15,jagakarsa,,0.00010974405247659308,0.1165633140370162,
2025-01-15,jalan bdn ii,,8.696105724162494e-05,0.1176633724084562,
2025-01-15,kebon jeruk,,0.00010822229177752346,0.1170157130262719,
2025-01-15,kelapa gading,,0.00012475012143512508,0.1168095563272578,
2025-01-15,komp angkasa pura jakarta pusat,,0.00012475012143512508,0.1168095563272578,
2025-01-15,lubang buaya,,0.00010964638586841066,0.1169250982078195,
2025-01-15,us consulate jakarta pusat,,0.00012475012143512508,0.1168095563272578,
2025-01-16,bundaran hotel indonesia,,0.0001153631191794841,0.1176921744598913,
2025-01-16,jagakarsa,,9.217555086441688e-05,0.1177961272658064,
2025-01-16,jalan bdn ii,,0.0002032224162648816,0.117724250107893,
2025-01-16,kebon jeruk,,0.0001153631191794841,0.1176921744598913,
2025-01-16,kelapa gading,,9.561013642555564e-05,0.1178818595974004,
2025-01-16,komp angkasa pura jakarta pusat,,9.561013642555564e-05,0.1178818595974004,
2025-01-16,lubang buaya,,0.00014649052581273346,0.1178869693058804,
2025-01-16,us consulate jakarta pusat,,9.561013642555564e-05,0.1178818595974004,
2025-01-17,bundaran hotel indonesia,,7.334941028593476e-05,0.117121518356962,
2025-01-17,jagakarsa,,6.665834764947309e-05,0.1164091604987102,
2025-01-17,jalan bdn ii,,0.00010624990294800984,0.1166341280258622,
2025-01-17,kebon jeruk,,7.334941028593476e-05,0.117121518356962,
2025-01-17,kelapa gading,,7.270513444583783e-05,0.1167484677656533,
2025-01-17,komp angkasa pura jakarta pusat,,7.270513444583783e-05,0.1167484677656533,
2025-01-17,lubang buaya,,0.0001204174938113389,0.1169151936089136,
2025-01-17,us consulate jakarta pusat,,7.270513444583783e-05,0.1167484677656533,
2025-01-18,bundaran hotel indonesia,,,0.1188009246465778,
2025-01-18,jagakarsa,,0.00012887276394171074,0.119609733088836,
2025-01-18,jalan bdn ii,,,0.1189168527796191,
2025-01-18,kebon jeruk,,,0.1188009246465778,
2025-01-18,kelapa gading,,0.00010466478169612436,0.1176812271893744,
2025-01-18,komp angkasa pura jakarta pusat,,0.00010466478169612436,0.1176812271893744,
2025-01-18,lubang buaya,,4.508266549122592e-05,0.1183364520329873,
2025-01-18,us consulate jakarta pusat,,0.00010466478169612436,0.1176812271893744,
2025-01-19,bundaran hotel indonesia,0.0312660287364373,0.0001180880325873658,0.1177465033336186,-0.000102
2025-01-19,jagakarsa,0.0325211320067853,0.00010898932960335302,0.1176069841013638,-0.000102
2025-01-19,jalan bdn ii,,7.324886920093941e-05,0.1175380912411022,-4.9e-05
2025-01-19,kebon jeruk,0.0312660287364373,0.0001180880325873658,0.1177465033336186,-3.96e-05
2025-01-19,kelapa gading,0.0290809526135373,0.00011059664218367888,0.1177623672141156,-4.56e-05
2025-01-19,komp angkasa pura jakarta pusat,0.0290809526135373,0.00011059664218367888,0.1177623672141156,-0.000102
2025-01-19,lubang buaya,,5.4324567870306006e-05,0.1171472009197592,
2025-01-19,us consulate jakarta pusat,0.0290809526135373,0.00011059664218367888,0.1177623672141156,-0.000102
2025-01-20,bundaran hotel indonesia,,0.0001357620960058731,0.1186361619341809,
2025-01-20,jagakarsa,,0.00016367549414980986,0.1190271382315513,
2025-01-20,jalan bdn ii,,7.587423096117355e-05,0.1188346918038857,
2025-01-20,kebon jeruk,,0.0001357620960058731,0.1186361619341809,
2025-01-20,kelapa gading,,0.00015843627232796256,0.11921825646833,
2025-01-20,komp angkasa pura jakarta pusat,,0.00015843627232796256,0.11921825646833,
2025-01-20,lubang buaya,,8.274656556214854e-05,0.1183464938124132,
2025-01-20,us consulate jakarta pusat,,0.00015843627232796256,0.11921825646833,
2025-01-21,bundaran hotel indonesia,,7.303132475227088e-05,0.1189257322381554,
2025-01-21,jagakarsa,,6.842041004027487e-05,0.1195779103436119,
2025-01-21,jalan bdn ii,,0.00011802767702570678,0.1180481722269371,
2025-01-21,kebon jeruk,,7.303132475227088e-05,0.1189257322381554,
2025-01-21,kelapa gading,,6.647809173521867e-05,0.1198430082111967,
2025-01-21,komp angkasa pura jakarta pusat,,6.647809173521867e-05,0.1198430082111967,
2025-01-21,lubang buaya,,0.00010529942625692418,0.1194200625645253,
2025-01-21,us consulate jakarta pusat,,6.647809173521867e-05,0.1198430082111967,
2025-01-22,bundaran hotel indonesia,,0.00012422326828318743,0.1183965691994577,
2025-01-22,jagakarsa,,0.0001160202983093236,0.1189445329552528,
2025-01-22,jalan bdn ii,,0.00010051010738967742,0.1181612375212869,
2025-01-22,kebon jeruk,,0.00012422326828318743,0.1183965691994577,
2025-01-22,kelapa gading,,0.00012736753658441763,0.1181393647930569,
2025-01-22,komp angkasa pura jakarta pusat,,0.00012736753658441763,0.1181393647930569,
2025-01-22,lubang buaya,,7.907941476841074e-05,0.1190026067222005,
2025-01-22,us consulate jakarta pusat,,0.00012736753658441763,0.1181393647930569,
2025-01-23,bundaran hotel indonesia,,8.485412753482783e-05,0.1181487286993108,
2025-01-23,jagakarsa,,,0.11835867889743,
2025-01-23,jalan bdn ii,,0.00013653510275047102,0.1182436968522668,
2025-01-23,kebon jeruk,,8.485412753482783e-05,0.1181487286993108,
2025-01-23,kelapa gading,,5.064847204565721e-05,0.1181146720601177,
2025-01-23,komp angkasa pura jakarta pusat,,5.064847204565721e-05,0.1181146720601177,
2025-01-23,lubang buaya,,0.00014340079763152793,0.117806667585856,
2025-01-23,us consulate jakarta pusat,,5.064847204565721e-05,0.1181146720601177,
2025-01-24,bundaran hotel indonesia,,,0.1189864443566383,
2025-01-24,jagakarsa,,,0.1188165995713944,
2025-01-24,jalan bdn ii,,,0.1186305233210514,
2025-01-24,kebon jeruk,,,0.1189864443566383,
2025-01-24,kelapa gading,,,0.1190407123887697,
2025-01-24,komp angkasa pura jakarta pusat,,,0.1190407123887697,
2025-01-24,lubang buaya,,,0.1194123646613825,
2025-01-24,us consulate jakarta pusat,,,0.1190407123887697,
2025-01-25,bundaran hotel indonesia,,0.0001217239774098412,0.1169454335203114,
2025-01-25,jagakarsa,0.0286611469349666,0.00013398583776771085,0.1160746877179436,
2025-01-25,jalan bdn ii,,9.021494888825744e-05,0.1155438072631673,
2025-01-25,kebon jeruk,,0.0001217239774098412,0.1169454335203114,
2025-01-25,kelapa gading,0.0309925949513275,0.0001176271179682079,0.1168673612362498,
2025-01-25,komp angkasa pura jakarta pusat,0.0309925949513275,0.0001176271179682079,0.1168673612362498,
2025-01-25,lubang buaya,,0.00011279293967259872,0.1158297078603317,
2025-01-25,us consulate jakarta pusat,0.0309925949513275,0.0001176271179682079,0.1168673612362498,
2025-01-26,bundaran hotel indonesia,0.0284286584217952,7.104697446734149e-05,0.1174660539691041,1.547530663796716e-05
2025-01-26,jagakarsa,0.0278873959103323,8.710097453700824e-05,0.1178502676748949,1.547530663796716e-05
2025-01-26,jalan bdn ii,0.0257897638196651,6.982419239787583e-05,0.1185767337383647,
2025-01-26,kebon jeruk,0.0284286584217952,7.104697446734149e-05,0.1174660539691041,-5.32e-05
2025-01-26,kelapa gading,0.0301905152733394,9.534801172848366e-05,0.1181746538717304,-4.35e-05
2025-01-26,komp angkasa pura jakarta pusat,0.0301905152733394,9.534801172848366e-05,0.1181746538717304,1.547530663796716e-05
2025-01-26,lubang buaya,0.0272372811812426,5.535453773808945e-05,0.1185393075808554,-3.21e-05
2025-01-26,us consulate jakarta pusat,0.0301905152733394,9.534801172848366e-05,0.1181746538717304,1.547530663796716e-05
2025-01-27,bundaran hotel indonesia,,,0.1187197244215266,
2025-01-27,jagakarsa,,,0.1191137899486325,
2025-01-27,jalan bdn ii,,,0.1190002023947455,
2025-01-27,kebon jeruk,,,0.1187197244215266,
2025-01-27,kelapa gading,,,0.119473602568404,
2025-01-27,komp angkasa pura jakarta pusat,,,0.119473602568404,
2025-01-27,lubang buaya,,,0.1197828380924643,
2025-01-27,us consulate jakarta pusat,,,0.119473602568404,
2025-01-28,bundaran hotel indonesia,,,0.1198750059192534,
2025-01-28,jagakarsa,,,0.1199357097071531,
2025-01-28,jalan bdn ii,,,0.1192189655892783,
2025-01-28,kebon jeruk,,,0.1198750059192534,
2025-01-28,kelapa gading,,,0.1201175699284571,
2025-01-28,komp angkasa pura jakarta pusat,,,0.1201175699284571,
2025-01-28,lubang buaya,,,0.1196023928905487,
2025-01-28,us consulate jakarta pusat,,,0.1201175699284571,
2025-01-29,bundaran hotel indonesia,,8.830885036434605e-05,0.1188659262513037,
2025-01-29,jagakarsa,,9.370997195066032e-05,0.1182569247591544,
2025-01-29,jalan bdn ii,,9.265760046426067e-05,0.1182503598800669,
2025-01-29,kebon jeruk,,8.830885036434605e-05,0.1188659262513037,
2025-01-29,kelapa gading,,9.943966436455466e-05,0.117859394069011,
2025-01-29,komp angkasa pura jakarta pusat,,9.943966436455466e-05,0.117859394069011,
2025-01-29,lubang buaya,,9.352499537999678e-05,0.1179039905787958,
2025-01-29,us consulate jakarta pusat,,9.943966436455466e-05,0.117859394069011,
2025-01-30,bundaran hotel indonesia,,3.9921126652683776e-05,0.1189907490533553,
2025-01-30,jagakarsa,,3.121892437988659e-05,0.118461652948209,
2025-01-30,jalan bdn ii,,7.00992940747746e-05,0.1181525068272194,
2025-01-30,kebon jeruk,,3.9921126652683776e-05,0.1189907490533553,
2025-01-30,kelapa gading,,4.263063823301706e-05,0.1179261293847986,
2025-01-30,komp angkasa pura jakarta pusat,,4.263063823301706e-05,0.1179261293847986,
2025-01-30,lubang buaya,,6.416307189572337e-05,0.1180462621720366,
2025-01-30,us consulate jakarta pusat,,4.263063823301706e-05,0.1179261293847986,
2025-01-31,bundaran hotel indonesia,0.0316526148018076,7.055987163512309e-05,0.1169812546975919,
2025-01-31,jagakarsa,0.0316526145145546,6.971188298187381e-05,0.1170475605658232,
2025-01-31,jalan bdn ii,0.0330424863273838,7.812808034053289e-05,0.1175556286914229,
2025-01-31,kebon jeruk,0.0316526148018076,7.055987163512309e-05,0.1169812546975919,
2025-01-31,kelapa gading,0.0338546744018904,8.635663162089016e-05,0.1169803824532756,
2025-01-31,komp angkasa pura jakarta pusat,0.0338546744018904,8.635663162089016e-05,0.1169803824532756,
2025-01-31,lubang buaya,0.0322498366803603,7.444387279993835e-05,0.1171880810686133,
2025-01-31,us consulate jakarta pusat,0.0338546744018904,8.635663162089016e-05,0.1169803824532756,
2025-02-01,bundaran hotel indonesia,,7.668247359029626e-05,0.1193020092950907,
2025-02-01,jagakarsa,,6.785532269096209e-05,0.1189359158831848,
2025-02-01,jalan bdn ii,0.0267451002958109,5.5861026707652e-05,0.118095489912475,
2025-02-01,kebon jeruk,,7.668247359029626e-05,0.1193020092950907,
2025-02-01,kelapa gading,,7.487633169494842e-05,0.1193275413267675,
2025-02-01,komp angkasa pura jakarta pusat,,7.487633169494842e-05,0.1193275413267675,
2025-02-01,lubang buaya,0.0271459743009625,5.86712620000661e-05,0.1184431422120563,
2025-02-01,us consulate jakarta pusat,,7.487633169494842e-05,0.1193275413267675,
2025-02-02,bundaran hotel indonesia,,8.033511602256196e-05,0.1178773342147184,
2025-02-02,jagakarsa,,6.471540223359457e-05,0.1181031203057134,
2025-02-02,jalan bdn ii,,7.127462166842969e-05,0.1182380109303619,
2025-02-02,kebon jeruk,,8.033511602256196e-05,0.1178773342147184,
2025-02-02,kelapa gading,,6.358863962997849e-05,0.1178149239455787,
2025-02-02,komp angkasa pura jakarta pusat,,6.358863962997849e-05,0.1178149239455787,
2025-02-02,lubang buaya,,7.670266147898109e-05,0.1180170814240469,
2025-02-02,us consulate jakarta pusat,,6.358863962997849e-05,0.1178149239455787,
2025-02-03,bundaran hotel indonesia,,,0.1199372110068894,
2025-02-03,jagakarsa,,,0.1198634212112642,
2025-02-03,kebon jeruk,,,0.1199372110068894,
2025-02-03,kelapa gading,,,0.120022353984774,
2025-02-03,komp angkasa pura jakarta pusat,,,0.120022353984774,
2025-02-03,lubang buaya,,,0.1193248381725308,
2025-02-03,us consulate jakarta pusat,,,0.120022353984774,
2025-02-04,bundaran hotel indonesia,,7.954237884876259e-05,0.1202333909385786,
2025-02-04,jagakarsa,,6.751313019517992e-05,0.119731201687563,
2025-02-04,jalan bdn ii,,4.369969941084574e-05,0.1178665709378421,
2025-02-04,kebon jeruk,,7.954237884876259e-05,0.1202333909385786,
2025-02-04,kelapa gading,,7.440947411459459e-05,0.1192453004982617,
2025-02-04,komp angkasa pura jakarta pusat,,7.440947411459459e-05,0.1192453004982617,
2025-02-04,lubang buaya,,4.80871533118683e-05,0.1187115859539582,
2025-02-04,us consulate jakarta pusat,,7.440947411459459e-05,0.1192453004982617,
2025-02-05,bundaran hotel indonesia,0.0309821679261284,0.00010102836841095036,0.1187157737925052,0.00010294925891696436
2025-02-05,jagakarsa,0.0330273366139972,0.00010340952626708044,0.1196919173377912,0.00010294925891696436
2025-02-05,jalan bdn ii,0.0284915030833272,6.0340784002507766e-05,0.1172484261718691,
2025-02-05,kebon jeruk,0.0309821679261284,0.00010102836841095036,0.1187157737925052,9.293346460745814e-05
2025-02-05,kelapa gading,0.0330617288289501,0.00010512805007802324,0.1193570072759689,
2025-02-05,komp angkasa pura jakarta pusat,0.0330617288289501,0.00010512805007802324,0.1193570072759689,0.00010294925891696436
2025-02-05,lubang buaya,0.0305507801188916,7.957497696933404e-05,0.118247324551584,
2025-02-05,us consulate jakarta pusat,0.0330617288289501,0.00010512805007802324,0.1193570072759689,0.00010294925891696436
2025-02-06,bundaran hotel indonesia,0.0278109499444677,6.109419549852738e-05,0.1175384238360622,
2025-02-06,jagakarsa,0.0278109496585369,5.735245361056632e-05,0.1179846804031709,
2025-02-06,jalan bdn ii,0.025834225301736,7.739630320704132e-05,0.1178057258901795,
2025-02-06,kebon jeruk,0.0278109499444677,6.109419549852738e-05,0.1175384238360622,
2025-02-06,kelapa gading,0.0309654433408342,5.95669588650192e-05,0.118706350573331,
2025-02-06,komp angkasa pura jakarta pusat,0.0309654433408342,5.95669588650192e-05,0.118706350573331,
2025-02-06,lubang buaya,,7.465537969051381e-05,0.1186141017430359,
2025-02-06,us consulate jakarta pusat,0.0309654433408342,5.95669588650192e-05,0.118706350573331,
2025-02-07,bundaran hotel indonesia,,9.509816941380586e-05,0.116032621169692,
2025-02-07,jagakarsa,,6.684313160403538e-05,0.1155100799949332,
2025-02-07,jalan bdn ii,0.0344491556678014,8.088597584740807e-05,0.115158453921002,
2025-02-07,kebon jeruk,,9.509816941380586e-05,0.116032621169692,
2025-02-07,kelapa gading,,9.067917200935056e-05,0.1164162491407564,
2025-02-07,komp angkasa pura jakarta pusat,,9.067917200935056e-05,0.1164162491407564,
2025-02-07,lubang buaya,0.0343905008365091,8.517191122628597e-05,0.1150250826385077,
2025-02-07,us consulate jakarta pusat,,9.067917200935056e-05,0.1164162491407564,
2025-02-08,bundaran hotel indonesia,0.0344364904691896,5.1654597580075535e-05,0.1158481206068641,
2025-02-08,jagakarsa,0.0345725231251589,5.311267344657778e-05,0.116489965272611,
2025-02-08,jalan bdn ii,0.0319615876351005,9.163972768087006e-05,0.1164343100165173,
2025-02-08,kebon jeruk,0.0344364904691896,5.1654597580075535e-05,0.1158481206068641,
2025-02-08,kelapa gading,0.0347712715711106,5.743164961093452e-05,0.1155026628353195,
2025-02-08,komp angkasa pura jakarta pusat,0.0347712715711106,5.743164961093452e-05,0.1155026628353195,
2025-02-08,lubang buaya,0.0354435117072896,9.929949877401176e-05,0.1158532235180307,
2025-02-08,us consulate jakarta pusat,0.0347712715711106,5.743164961093452e-05,0.1155026628353195,
2025-02-09,bundaran hotel indonesia,0.0337138015238107,5.543230629369057e-05,0.1180724276353126,7.852603306862182e-05
2025-02-09,jagakarsa,0.0327689374470949,6.856706545297434e-05,0.1179711848350334,7.852603306862182e-05
2025-02-09,jalan bdn ii,0.0335910134498673,9.070965949081584e-05,0.1184844620259088,-0.000118
2025-02-09,kebon jeruk,0.0337138015238107,5.543230629369057e-05,0.1180724276353126,
2025-02-09,kelapa gading,0.0323279536985158,6.296828417537972e-05,0.1184075290347281,0.00010498712645494724
2025-02-09,komp angkasa pura jakarta pusat,0.0323279536985158,6.296828417537972e-05,0.1184075290347281,7.852603306862182e-05
2025-02-09,lubang buaya,0.0333320209213779,8.986887088457631e-05,0.1183749599191437,0.0002596082775148023
2025-02-09,us consulate jakarta pusat,0.0323279536985158,6.296828417537972e-05,0.1184075290347281,7.852603306862182e-05
2025-02-10,bundaran hotel indonesia,0.0336149254235013,9.468041292092488e-05,0.118575828173284,
2025-02-10,jagakarsa,0.0342930809838607,8.230481363752459e-05,0.1176949029704108,
2025-02-10,jalan bdn ii,0.0331581540020937,0.0001232896419898374,0.1186896112820179,
2025-02-10,kebon jeruk,0.0336149254235013,9.468041292092488e-05,0.118575828173284,
2025-02-10,kelapa gading,0.0348089535399012,8.707781057136377e-05,0.1175607348705771,
2025-02-10,komp angkasa pura jakarta pusat,0.0348089535399012,8.707781057136377e-05,0.1175607348705771,
2025-02-10,lubang buaya,0.03265025099959,0.00011605329350525658,0.118536826592454,
2025-02-10,us consulate jakarta pusat,0.0348089535399012,8.707781057136377e-05,0.1175607348705771,
2025-02-11,bundaran hotel indonesia,0.0361105738384351,0.00010351255752228169,0.1191575605689421,3.0124312224526495e-05
2025-02-11,jagakarsa,0.034457340406122,9.231574404316544e-05,0.1185542585561338,3.0124312224526495e-05
2025-02-11,jalan bdn ii,0.0390527189838465,8.456295494062492e-05,0.1196511086293352,0.00030053140368630334
2025-02-11,kebon jeruk,0.0361105738384351,0.00010351255752228169,0.1191575605689421,5.193342161964856e-05
2025-02-11,kelapa gading,0.0357804166196807,0.00011363146619309332,0.1188964475609324,-7.58e-06
2025-02-11,komp angkasa pura jakarta pusat,0.0357804166196807,0.00011363146619309332,0.1188964475609324,3.0124312224526495e-05
2025-02-11,lubang buaya,0.0359367480952029,9.519019602207894e-05,0.119131389532613,
2025-02-11,us consulate jakarta pusat,0.0357804166196807,0.00011363146619309332,0.1188964475609324,3.0124312224526495e-05
2025-02-12,bundaran hotel indonesia,0.0322372628232884,9.876316771613356e-05,0.1186814937090235,0.0002259285711449292
2025-02-12,jagakarsa,0.0324267567997176,0.0001244055587280698,0.1192053097944858,0.0002259285711449292
2025-02-12,jalan bdn ii,0.0324382689868936,6.377103070216936e-05,0.1194567708156318,9.507410199349792e-05
2025-02-12,kebon jeruk,0.0322372628232884,9.876316771613356e-05,0.1186814937090235,0.0002259285711449292
2025-02-12,kelapa gading,0.0332798076147274,0.00014730373646800002,0.1196489725136708,0.0002187127283388205
2025-02-12,komp angkasa pura jakarta pusat,0.0332798076147274,0.00014730373646800002,0.1196489725136708,0.0002259285711449292
2025-02-12,lubang buaya,0.0288585141304684,8.280653467321618e-05,0.1186500892180241,
2025-02-12,us consulate jakarta pusat,0.0332798076147274,0.00014730373646800002,0.1196489725136708,0.0002259285711449292
2025-02-13,bundaran hotel indonesia,0.031460985444013,9.802592986242104e-05,0.117774907253517,
2025-02-13,jagakarsa,0.0319810127780233,0.00010155949571334043,0.1176602668684151,
2025-02-13,jalan bdn ii,0.0315154718704597,7.463394082106942e-05,0.1175609958114632,
2025-02-13,kebon jeruk,0.031460985444013,9.802592986242104e-05,0.117774907253517,
2025-02-13,kelapa gading,0.0285933897841293,0.00014533031254072574,0.1181515184373292,2.4087119321276385e-05
2025-02-13,komp angkasa pura jakarta pusat,0.0285933897841293,0.00014533031254072574,0.1181515184373292,
2025-02-13,lubang buaya,0.0317960538543574,6.32115882421219e-05,0.1168714143697765,0.00018260500098218795
2025-02-13,us consulate jakarta pusat,0.0285933897841293,0.00014533031254072574,0.1181515184373292,
2025-02-14,bundaran hotel indonesia,,7.042865898880719e-05,0.1178710868413087,
2025-02-14,jagakarsa,,8.17436331532229e-05,0.1177085169853777,
2025-02-14,jalan bdn ii,,5.758058093360664e-05,0.1185241614026479,-0.000154
2025-02-14,kebon jeruk,,7.042865898880719e-05,0.1178710868413087,-0.000112
2025-02-14,kelapa gading,,8.762626332643104e-05,0.1176040546555708,
2025-02-14,komp angkasa pura jakarta pusat,,8.762626332643104e-05,0.1176040546555708,
2025-02-14,lubang buaya,,5.610711015075868e-05,0.118381285925345,
2025-02-14,us consulate jakarta pusat,,8.762626332643104e-05,0.1176040546555708,
2025-02-15,bundaran hotel indonesia,0.0302643068989539,8.358094273640163e-05,0.1186511667340873,
2025-02-15,jagakarsa,0.02960310434734,8.633098347197307e-05,0.118263987856539,
2025-02-15,jalan bdn ii,,,0.1199413425271401,
2025-02-15,kebon jeruk,0.0302643068989539,8.358094273640163e-05,0.1186511667340873,
2025-02-15,kelapa gading,0.0301790753340986,8.96563970393552e-05,0.1202477930438297,
2025-02-15,komp angkasa pura jakarta pusat,0.0301790753340986,8.96563970393552e-05,0.1202477930438297,
2025-02-15,lubang buaya,,,0.119979093235731,
2025-02-15,us consulate jakarta pusat,0.0301790753340986,8.96563970393552e-05,0.1202477930438297,
2025-02-16,bundaran hotel indonesia,0.0325535166454592,0.00012786463467684853,0.1203613341958645,
2025-02-16,jagakarsa,0.0321937201869742,0.00014004016157859533,0.1192722628662426,
2025-02-16,jalan bdn ii,,5.166803147605864e-05,0.1186208233913573,
2025-02-16,kebon jeruk,0.0325535166454592,0.00012786463467684853,0.1203613341958645,
2025-02-16,kelapa gading,0.0310168013030223,0.00012217718611851625,0.1193005810741481,0.00014911548674665845
2025-02-16,komp angkasa pura jakarta pusat,0.0310168013030223,0.00012217718611851625,0.1193005810741481,
2025-02-16,lubang buaya,,5.354498811283335e-05,0.1194000800633942,
2025-02-16,us consulate jakarta pusat,0.0310168013030223,0.00012217718611851625,0.1193005810741481,
2025-02-17,bundaran hotel indonesia,,,0.1197886362671583,
2025-02-17,jagakarsa,,,0.1198960761179361,
2025-02-17,jalan bdn ii,,4.177644614716257e-05,0.1206686249631433,
2025-02-17,kebon jeruk,,,0.1197886362671583,
2025-02-17,kelapa gading,,0.000102517573101867,0.1202581798623981,
2025-02-17,komp angkasa pura jakarta pusat,,0.000102517573101867,0.1202581798623981,
2025-02-17,lubang buaya,,4.877959806160058e-05,0.1203703306363035,
2025-02-17,us consulate jakarta pusat,,0.000102517573101867,0.1202581798623981,
2025-02-18,bundaran hotel indonesia,,0.00010316628442232178,0.1201376380669651,
2025-02-18,jagakarsa,,7.639221797189139e-05,0.1182319360041708,
2025-02-18,jalan bdn ii,,9.556030206018524e-05,0.1186552033273125,
2025-02-18,kebon jeruk,,0.00010316628442232178,0.1201376380669651,
2025-02-18,kelapa gading,,8.525990237507915e-05,0.1194688322751024,
2025-02-18,komp angkasa pura jakarta pusat,,8.525990237507915e-05,0.1194688322751024,
2025-02-18,lubang buaya,,9.603853425852828e-05,0.119134493947515,
2025-02-18,us consulate jakarta pusat,,8.525990237507915e-05,0.1194688322751024,
2025-02-19,kelapa gading,,,0.1186690847452513,
2025-02-19,komp angkasa pura jakarta pusat,,,0.1186690847452513,
2025-02-19,us consulate jakarta pusat,,,0.1186690847452513,
2025-02-20,bundaran hotel indonesia,0.0333613161069054,0.00010483129956160604,0.1190113386263554,0.00018974832386958973
2025-02-20,jagakarsa,0.0342155185321945,8.211355455125225e-05,0.1194479934367627,0.00018974832386958973
2025-02-20,jalan bdn ii,0.0309385522596169,8.735907467470499e-05,0.1190236415695978,0.00028489599488130144
2025-02-20,kebon jeruk,0.0333613161069054,0.00010483129956160604,0.1190113386263554,0.0001299294380494561
2025-02-20,kelapa gading,,8.371154590830665e-05,0.1194769333499739,-8.34e-05
2025-02-20,komp angkasa pura jakarta pusat,,8.371154590830665e-05,0.1194769333499739,0.00018974832386958973
2025-02-20,lubang buaya,0.0308848319862076,9.029424642509436e-05,0.1188346040415048,
2025-02-20,us consulate jakarta pusat,,8.371154590830665e-05,0.1194769333499739,0.00018974832386958973
2025-02-21,bundaran hotel indonesia,0.0333943470820373,0.00014656152186291396,0.118981874356402,
2025-02-21,jagakarsa,,0.00013737617004336348,0.1187890835061245,
2025-02-21,jalan bdn ii,0.034962346695043,5.715181376584488e-05,0.1184145795961782,-4.98e-06
2025-02-21,kebon jeruk,0.0333943470820373,0.00014656152186291396,0.118981874356402,
2025-02-21,kelapa gading,0.0388223599669198,0.0001404836118573322,0.118961227140412,-3.64e-05
2025-02-21,komp angkasa pura jakarta pusat,0.0388223599669198,0.0001404836118573322,0.118961227140412,
2025-02-21,lubang buaya,0.0334034626665405,5.978300027996178e-05,0.1187226798128439,-4.86e-05
2025-02-21,us consulate jakarta pusat,0.0388223599669198,0.0001404836118573322,0.118961227140412,
2025-02-22,bundaran hotel indonesia,,0.00014346990878686398,0.1201019659837801,
2025-02-22,jagakarsa,,0.00016143701551558405,0.119969008168963,
2025-02-22,jalan bdn ii,,8.366191058523398e-05,0.1199009816003175,
2025-02-22,kebon jeruk,,0.00014346990878686398,0.1201019659837801,
2025-02-22,kelapa gading,,0.0001556657815382359,0.1198364907718665,
2025-02-22,komp angkasa pura jakarta pusat,,0.0001556657815382359,0.1198364907718665,
2025-02-22,lubang buaya,,8.763064768231247e-05,0.1192773216013059,
2025-02-22,us consulate jakarta pusat,,0.0001556657815382359,0.1198364907718665,
2025-02-23,bundaran hotel indonesia,,0.00010230625719359976,0.1188773004973363,
2025-02-23,jagakarsa,,7.660390415290611e-05,0.1183399492327769,
2025-02-23,jalan bdn ii,,0.00012530233924421696,0.1179434342112938,
2025-02-23,kebon jeruk,,0.00010230625719359976,0.1188773004973363,
2025-02-23,kelapa gading,,8.039113524132035e-05,0.1185703489599803,
2025-02-23,komp angkasa pura jakarta pusat,,8.039113524132035e-05,0.1185703489599803,
2025-02-23,lubang buaya,,0.00011707673996471702,0.1181822795625707,
2025-02-23,us consulate jakarta pusat,,8.039113524132035e-05,0.1185703489599803,
2025-02-24,bundaran hotel indonesia,,0.00011735082658798628,0.1191080971275329,
2025-02-24,jagakarsa,,9.541667554074197e-05,0.1176288185099759,
2025-02-24,jalan bdn ii,,0.0001255643166088036,0.1180954131482316,
2025-02-24,kebon jeruk,,0.00011735082658798628,0.1191080971275329,
2025-02-24,kelapa gading,,9.13186065160845e-05,0.1191802089066209,
2025-02-24,komp angkasa pura jakarta pusat,,9.13186065160845e-05,0.1191802089066209,
2025-02-24,lubang buaya,,0.00012752977968217273,0.1186304063462527,
2025-02-24,us consulate jakarta pusat,,9.13186065160845e-05,0.1191802089066209,
2025-02-25,bundaran hotel indonesia,,0.00011359111714918328,0.118938195690232,
2025-02-25,jagakarsa,,9.550807281018116e-05,0.1190209398821516,
2025-02-25,jalan bdn ii,,6.093221573715304e-05,0.1193379540805777,
2025-02-25,kebon jeruk,,0.00011359111714918328,0.118938195690232,
2025-02-25,kelapa gading,0.0384910302998423,0.00011234718270599664,0.1190088023025925,
2025-02-25,komp angkasa pura jakarta pusat,,0.00011234718270599664,0.1190088023025925,
2025-02-25,lubang buaya,,,0.1193520731438096,
2025-02-25,us consulate jakarta pusat,,0.00011234718270599664,0.1190088023025925,
2025-02-26,bundaran hotel indonesia,,0.000148282246231443,0.1186897767552232,
2025-02-26,jagakarsa,,0.00012449871944348717,0.1188325687783749,
2025-02-26,jalan bdn ii,,0.00020997902704425296,0.1186613894191598,
2025-02-26,kebon jeruk,,0.00015266702856470165,0.1186897767552232,
2025-02-26,kelapa gading,,0.00011097101524827427,0.1183933589449322,
2025-02-26,komp angkasa pura jakarta pusat,,0.00012449871944348717,0.1183933589449322,
2025-02-26,lubang buaya,,,0.1188149489862136,
2025-02-26,us consulate jakarta pusat,,0.00012449871944348717,0.1183933589449322,
2025-02-27,bundaran hotel indonesia,0.0459960430501555,0.00013188038960247508,0.1195166498460402,
2025-02-27,jagakarsa,0.0443736372798797,9.391455642620184e-05,0.1191341609665496,
2025-02-27,jalan bdn ii,0.0417109019823735,0.00023075636210711733,0.1181012611158468,
2025-02-27,kebon jeruk,0.0436338479575319,0.00012480373955158023,0.1195166498460402,-1.11e-05
2025-02-27,kelapa gading,0.0431317965888815,9.158368730249688e-05,0.119184666589657,
2025-02-27,komp angkasa pura jakarta pusat,0.0443736372798797,9.391455642620184e-05,0.119184666589657,
2025-02-27,lubang buaya,0.0432604980979358,0.00017928141647443084,0.1180144851994721,
2025-02-27,us consulate jakarta pusat,0.0443736372798797,9.391455642620184e-05,0.119184666589657,
2025-02-28,bundaran hotel indonesia,0.0334152868834492,0.00011357352311480198,0.1203071478910213,-0.00019
2025-02-28,jagakarsa,0.0318961072279429,8.52415856287091e-05,0.1212165779813442,-0.00019
2025-02-28,jalan bdn ii,0.0333368779327971,0.00012246232847967252,0.1199288913988771,
2025-02-28,kebon jeruk,0.0334152868834492,0.00011357352311480198,0.1203071478910213,-8.59e-05
2025-02-28,kelapa gading,0.0345583371659774,8.411934095570829e-05,0.120374485614759,-9.98e-05
2025-02-28,komp angkasa pura jakarta pusat,0.0345583371659774,8.411934095570829e-05,0.120374485614759,-0.00019
2025-02-28,lubang buaya,0.0347790920834284,0.00012318981528056295,0.1195643190610049,8.223451842606735e-06
2025-02-28,us consulate jakarta pusat,0.0345583371659774,8.411934095570829e-05,0.120374485614759,-0.00019
2025-03-01,bundaran hotel indonesia,0.036235654831695,0.00017415514714085246,0.1196738069104181,4.288178354001867e-05
2025-03-01,jagakarsa,,9.605468282093146e-05,0.1197744678252247,4.288178354001867e-05
2025-03-01,jalan bdn ii,0.0357024889090244,0.00010497671709048356,0.118496520160081,
2025-03-01,kebon jeruk,0.036235654831695,0.00017415514714085246,0.1196738069104181,4.288178354001867e-05
2025-03-01,kelapa gading,0.0358893764251922,9.615856298283488e-05,0.119183711716062,8.050235521563597e-05
2025-03-01,komp angkasa pura jakarta pusat,0.0358893764251922,9.615856298283488e-05,0.119183711716062,4.288178354001867e-05
2025-03-01,lubang buaya,0.0342954281319163,8.693948831485231e-05,0.1186725316367,5.6313080692140816e-05
2025-03-01,us consulate jakarta pusat,0.0358893764251922,9.615856298283488e-05,0.119183711716062,4.288178354001867e-05
2025-03-02,bundaran hotel indonesia,0.0367304109603224,0.00011115304632616716,0.1181543052494097,-6.5e-05
2025-03-02,jagakarsa,0.0335745364217241,8.51235275448387e-05,0.1176828243375374,-6.5e-05
2025-03-02,jalan bdn ii,0.0357942868786343,0.00013696749054208275,0.1166187809246612,
2025-03-02,kebon jeruk,0.043732413265588,0.00010465030697898808,0.1181543052494097,4.96145044226296e-06
2025-03-02,kelapa gading,0.0320206527472737,9.082058943123532e-05,0.1178982826327923,
2025-03-02,komp angkasa pura jakarta pusat,0.0335745364217241,8.51235275448387e-05,0.1178982826327923,-6.5e-05
2025-03-02,lubang buaya,0.0325649419486189,0.00014483440028210975,0.11739355716572,
2025-03-02,us consulate jakarta pusat,0.0335745364217241,8.51235275448387e-05,0.1178982826327923,-6.5e-05
2025-03-03,bundaran hotel indonesia,,0.00015122806955893207,0.1195164721279526,
2025-03-03,jagakarsa,,0.00013190364591211633,0.1196685994381239,
2025-03-03,jalan bdn ii,0.037710457931447,0.00013059424784537732,0.1196282928610365,
2025-03-03,kebon jeruk,,0.00013103565096756338,0.1195164721279526,
2025-03-03,kelapa gading,,0.00013470300317969055,0.1198811466485665,
2025-03-03,komp angkasa pura jakarta pusat,,0.00013190364591211633,0.1198811466485665,
2025-03-03,lubang buaya,0.0386939584089953,0.00014384567036788818,0.1198541636786292,
2025-03-03,us consulate jakarta pusat,,0.00013190364591211633,0.1198811466485665,
2025-03-04,bundaran hotel indonesia,0.0341756813208088,0.0001696224962139969,0.1205525408597089,
2025-03-04,jagakarsa,0.0337678674077072,0.0001484732346914458,0.1205153515286248,
2025-03-04,jalan bdn ii,,0.0001437873064031285,0.1206826227820188,
2025-03-04,kebon jeruk,,0.00024317622691119397,0.1205525408597089,
2025-03-04,kelapa gading,0.0298449767490268,0.00012951736931503144,0.1202446908454009,
2025-03-04,komp angkasa pura jakarta pusat,0.0337678674077072,0.0001484732346914458,0.1202446908454009,
2025-03-04,lubang buaya,,0.00011156241702191758,0.1199210735669348,
2025-03-04,us consulate jakarta pusat,0.0337678674077072,0.0001484732346914458,0.1202446908454009,
2025-03-05,bundaran hotel indonesia,0.0317018265591762,0.00013193108012536604,0.1212235343776115,7.705757698338017e-06
2025-03-05,jagakarsa,0.0304617432205355,0.00011002927949115774,0.1214899848135096,7.705757698338017e-06
2025-03-05,jalan bdn ii,0.0281479042519981,9.737172002167272e-05,0.1219608900063869,0.000210725353058871
2025-03-05,kebon jeruk,0.0323101146872964,0.0001669215536883728,0.1212235343776115,4.259488716505492e-05
2025-03-05,kelapa gading,0.0306027312761022,8.974893176433371e-05,0.1218152747405706,-4.7e-06
2025-03-05,komp angkasa pura jakarta pusat,0.0304617432205355,0.00011002927949115774,0.1218152747405706,7.705757698338017e-06
2025-03-05,lubang buaya,0.0268229481647034,0.00010074027831856688,0.1213969845376382,9.290935196868876e-05
2025-03-05,us consulate jakarta pusat,0.0304617432205355,0.00011002927949115774,0.1218152747405706,7.705757698338017e-06
2025-03-06,bundaran hotel indonesia,0.0357129294089344,0.0002643132492722513,0.1185218533336699,-0.000137
2025-03-06,jagakarsa,0.0367120536644188,0.00014167762927614602,0.1186242600046535,-0.000137
2025-03-06,jalan bdn ii,0.0372974642258169,0.0001259819997041195,0.1183356614436336,
2025-03-06,kebon jeruk,0.0357129294089344,0.00020998663095854545,0.1185218533336699,-0.000137
2025-03-06,kelapa gading,0.0356512156498278,0.00012131646939951778,0.118893740049279,-0.000138
2025-03-06,komp angkasa pura jakarta pusat,0.0356512156498278,0.00014167762927614602,0.118893740049279,-0.000137
2025-03-06,lubang buaya,0.0373023329918215,0.00012671864538725663,0.1179552376487424,
2025-03-06,us consulate jakarta pusat,0.0356512156498278,0.00014167762927614602,0.118893740049279,-0.000137
2025-03-08,bundaran hotel indonesia,,0.00012139804881736347,0.1183216807306336,
2025-03-08,jagakarsa,0.0301894599830665,9.328684725636244e-05,0.1173647178927038,
2025-03-08,jalan bdn ii,,,0.1178083541712434,
2025-03-08,kebon jeruk,,0.00010374278054594972,0.1183216807306336,
2025-03-08,kelapa gading,0.0377467999210358,9.719413362116684e-05,0.1168704359606599,
2025-03-08,komp angkasa pura jakarta pusat,0.0301894599830665,9.328684725636244e-05,0.1168704359606599,
2025-03-08,lubang buaya,,,0.1172365873341211,
2025-03-08,us consulate jakarta pusat,0.0301894599830665,9.328684725636244e-05,0.1168704359606599,
2025-03-09,bundaran hotel indonesia,0.0297439725699589,0.0001589885938972056,0.1175311836677894,
2025-03-09,jagakarsa,0.0277390610260435,0.00010986322736130752,0.117414414014417,
2025-03-09,jalan bdn ii,,0.00024007298791385763,0.1165674013501859,
2025-03-09,kebon jeruk,0.0297767775998406,0.00011729780985575464,0.1175311836677894,0.0002534627584309598
2025-03-09,kelapa gading,,0.00015542037369440937,0.1176475404170027,
2025-03-09,komp angkasa pura jakarta pusat,0.0277390610260435,0.00010986322736130752,0.1176475404170027,
2025-03-09,lubang buaya,,0.000194292902611389,0.1162689815820842,
2025-03-09,us consulate jakarta pusat,0.0277390610260435,0.00010986322736130752,0.1176475404170027,
2025-03-10,bundaran hotel indonesia,,0.00014241496734297622,0.1173263047879734,
2025-03-10,jagakarsa,,8.501879685874388e-05,0.1178123273831481,
2025-03-10,jalan bdn ii,,0.0002945990483205056,0.1177264697077697,
2025-03-10,kebon jeruk,,0.00012683761265711087,0.1173263047879734,
2025-03-10,kelapa gading,,0.0001020939976436517,0.1175983797794264,
2025-03-10,komp angkasa pura jakarta pusat,,8.501879685874388e-05,0.1175983797794264,
2025-03-10,lubang buaya,,0.00032686384119793514,0.1182429697824789,
2025-03-10,us consulate jakarta pusat,,8.501879685874388e-05,0.1175983797794264,
2025-03-11,bundaran hotel indonesia,0.0283685545590617,0.0001823223347033836,0.1156685505585357,-9.22e-05
2025-03-11,jagakarsa,0.0283932200263902,0.00014079974698390666,0.1156903780504131,-9.22e-05
2025-03-11,jalan bdn ii,0.0287015787117022,0.00021960065383223605,0.1138897793308617,
2025-03-11,kebon jeruk,0.0297224510016851,0.0001568028870721593,0.1156685505585357,2.589620974471202e-05
2025-03-11,kelapa gading,0.0291189354278058,8.793411423161789e-05,0.1157024566581339,
2025-03-11,komp angkasa pura jakarta pusat,0.0283932200263902,0.00014079974698390666,0.1157024566581339,-9.22e-05
2025-03-11,lubang buaya,0.0287705644900314,0.00012980773236727396,0.1136646826103867,
2025-03-11,us consulate jakarta pusat,0.0283932200263902,0.00014079974698390666,0.1157024566581339,-9.22e-05
2025-03-12,bundaran hotel indonesia,,0.0001311088445088805,0.1162190137806486,
2025-03-12,jagakarsa,,7.3140520957473e-05,0.116177775061107,
2025-03-12,jalan bdn ii,,9.511332210889524e-05,0.1161561181971127,
2025-03-12,kebon jeruk,,0.0001115132788796362,0.1162190137806486,
2025-03-12,kelapa gading,,6.414235758717677e-05,0.1153538227513372,0.0002546382267900264
2025-03-12,komp angkasa pura jakarta pusat,,7.3140520957473e-05,0.1153538227513372,
2025-03-12,lubang buaya,,9.95293035342595e-05,0.1151462702787611,
2025-03-12,us consulate jakarta pusat,,7.3140520957473e-05,0.1153538227513372,
2025-03-13,bundaran hotel indonesia,0.0313761611379681,0.00012786864064292283,0.1168860217691573,
2025-03-13,jagakarsa,,0.0001031132927035956,0.1166621147946856,
2025-03-13,jalan bdn ii,,8.66178107956327e-05,0.1171794669286098,
2025-03-13,kebon jeruk,0.0313761607749836,0.00012110253861677995,0.1168860217691573,
2025-03-13,kelapa gading,,0.00010897263363152244,0.116792190923587,
2025-03-13,komp angkasa pura jakarta pusat,,0.0001031132927035956,0.116792190923587,
2025-03-13,lubang buaya,,9.51595752520136e-05,0.1164656065660358,
2025-03-13,us consulate jakarta pusat,,0.0001031132927035956,0.116792190923587,
2025-03-14,bundaran hotel indonesia,0.0275857071664128,8.675024292358017e-05,0.1156504273886647,
2025-03-14,jagakarsa,0.0289997924803249,8.650759369663132e-05,0.1164688110193759,
2025-03-14,jalan bdn ii,0.0265294842398585,4.3511362812728426e-05,0.1161725049311196,4.766580046607815e-05
2025-03-14,kebon jeruk,0.0264826151652241,6.498483519791591e-05,0.1156504273886647,
2025-03-14,kelapa gading,0.0262035162413348,0.00010427016609505092,0.115211306166507,
2025-03-14,komp angkasa pura jakarta pusat,0.0289997924803249,8.650759369663132e-05,0.115211306166507,
2025-03-14,lubang buaya,0.0292550561952552,5.757354451367792e-05,0.1156250829365847,-4.08e-05
2025-03-14,us consulate jakarta pusat,0.0289997924803249,8.650759369663132e-05,0.115211306166507,
2025-03-15,bundaran hotel indonesia,,7.559526857083384e-05,0.1150771604727843,
2025-03-15,jagakarsa,,8.624608611057307e-05,0.1146504341335474,
2025-03-15,jalan bdn ii,0.0227777176099416,5.978388110368784e-05,0.1154132169281433,3.462253796327442e-05
2025-03-15,kebon jeruk,,6.337454204330575e-05,0.1150771604727843,
2025-03-15,kelapa gading,,9.221110420594582e-05,0.1147301865146926,
2025-03-15,komp angkasa pura jakarta pusat,,8.624608611057307e-05,0.1147301865146926,
2025-03-15,lubang buaya,0.0288775765472695,6.210839657000899e-05,0.1157240241830897,
2025-03-15,us consulate jakarta pusat,,8.624608611057307e-05,0.1147301865146926,
2025-03-16,bundaran hotel indonesia,,5.501227081348928e-05,0.1143225965695803,
2025-03-16,jagakarsa,,7.31321181612508e-05,0.1150215812424415,
2025-03-16,jalan bdn ii,,4.600865935758464e-05,0.1157354398542302,
2025-03-16,kebon jeruk,,5.272788601421739e-05,0.1143225965695803,
2025-03-16,kelapa gading,,6.984431800613011e-05,0.1145330044672132,
2025-03-16,komp angkasa pura jakarta pusat,,7.31321181612508e-05,0.1145330044672132,
2025-03-16,lubang buaya,,5.4704135709447806e-05,0.1149454047471602,
2025-03-16,us consulate jakarta pusat,,7.31321181612508e-05,0.1145330044672132,
2025-03-17,bundaran hotel indonesia,,5.485648614437869e-05,0.1182109677485835,
2025-03-17,jagakarsa,,5.376141189442241e-05,0.1180758747607209,
2025-03-17,jalan bdn ii,,,0.1171591250529916,
2025-03-17,kebon jeruk,,,0.1182109677485835,
2025-03-17,kelapa gading,,6.025852954311153e-05,0.1176056930939681,
2025-03-17,komp angkasa pura jakarta pusat,,5.376141189442241e-05,0.1176056930939681,
2025-03-17,lubang buaya,,,0.1173206974043007,
2025-03-17,us consulate jakarta pusat,,5.376141189442241e-05,0.1176056930939681,
2025-03-18,bundaran hotel indonesia,,6.869098671773654e-05,0.1165554481087382,
2025-03-18,jagakarsa,,8.180465073545657e-05,0.1161607902019375,
2025-03-18,jalan bdn ii,,8.785277677036695e-05,0.1157209447536752,
2025-03-18,kebon jeruk,,8.490809305367954e-05,0.1165554481087382,
2025-03-18,kelapa gading,,7.03863984978826e-05,0.1174865953914163,
2025-03-18,komp angkasa pura jakarta pusat,,8.180465073545657e-05,0.1174865953914163,
2025-03-18,lubang buaya,,0.0001025114721569035,0.1170030691818548,
2025-03-18,us consulate jakarta pusat,,8.180465073545657e-05,0.1161607902019375,
2025-03-19,bundaran hotel indonesia,0.0279374302600432,0.0001144901850973992,0.1146727671749502,
2025-03-19,jagakarsa,,0.0001119044447744965,0.1152405305065113,
2025-03-19,jalan bdn ii,0.0275694007721251,6.28907526150866e-05,0.1144780980697976,
2025-03-19,kebon jeruk,0.0284772545790395,0.00011011051397657774,0.1146023640666894,-5.1e-06
2025-03-19,kelapa gading,,0.0001042563820599434,0.1152231957738801,
2025-03-19,komp angkasa pura jakarta pusat,,0.0001119044447744965,0.1152405305065113,
2025-03-19,lubang buaya,0.0269822235128569,6.881468705362224e-05,0.1144496035972762,
2025-03-19,us consulate jakarta pusat,,0.0001119044447744965,0.1152405305065113,
2025-03-20,bundaran hotel indonesia,0.0294973627265623,0.00011359992099557064,0.1153621003733723,
2025-03-20,jagakarsa,,8.826891265978675e-05,0.1156818664786574,
2025-03-20,jalan bdn ii,0.028454007336429,5.052176339090588e-05,0.1145894782511076,
2025-03-20,kebon jeruk,0.0302425982043573,0.00010147849471828956,0.1153621003733723,5.094625969981715e-05
2025-03-20,kelapa gading,,7.970152148950043e-05,0.1157818189110606,
2025-03-20,komp angkasa pura jakarta pusat,,8.826891265978675e-05,0.1157818189110606,
2025-03-20,lubang buaya,0.0289761398776056,5.264697840585814e-05,0.1152952214363109,
2025-03-20,us consulate jakarta pusat,,8.826891265978675e-05,0.1156818664786574,
2025-03-21,bundaran hotel indonesia,0.0314654979155468,8.871998750286816e-05,0.1151683179725023,-5.44e-05
2025-03-21,jagakarsa,0.0299926610969404,7.66935178062969e-05,0.1152337587925125,-5.44e-05
2025-03-21,jalan bdn ii,0.0308729163465022,8.805340735014619e-05,0.1154553717353441,-4.9e-05
2025-03-21,kebon jeruk,0.0292507859737352,7.729164361265238e-05,0.1151683179725023,6.670518317819484e-05
2025-03-21,kelapa gading,0.0296321715852763,8.481044995978412e-05,0.1149170614469479,-0.000109
2025-03-21,komp angkasa pura jakarta pusat,0.0299926610969404,7.66935178062969e-05,0.1149170614469479,-5.44e-05
2025-03-21,lubang buaya,0.0286546620119034,8.750066205446737e-05,0.1161447281555505,-6.93e-05
2025-03-21,us consulate jakarta pusat,0.0299926610969404,7.66935178062969e-05,0.1152337587925125,-5.44e-05
2025-03-22,bundaran hotel indonesia,0.0294222913098799,0.00011591551586406082,0.1146281773669259,
2025-03-22,jagakarsa,0.0294084223020088,0.0001036971061845827,0.1156393118233592,
2025-03-22,jalan bdn ii,0.0262784091786803,7.949909041240615e-05,0.1156615537281686,
2025-03-22,kebon jeruk,0.0294084511366577,0.00011323825113637345,0.1146281773669259,
2025-03-22,kelapa gading,0.0294084230328214,7.76694131988137e-05,0.1151135126037714,
2025-03-22,komp angkasa pura jakarta pusat,0.0294084223020088,0.0001036971061845827,0.1151135126037714,
2025-03-22,lubang buaya,0.0262950331693839,9.053454485295394e-05,0.1149987155125579,
2025-03-22,us consulate jakarta pusat,0.0294084223020088,0.0001036971061845827,0.1151135126037714,
2025-03-23,jalan bdn ii,,9.220588845232542e-05,0.1162296814442443,
2025-03-24,bundaran hotel indonesia,,7.529907965127508e-05,0.1149581696814739,5.719584386189122e-06
2025-03-24,jagakarsa,,7.90122110205366e-05,0.1147690780229612,5.719584386189122e-06
2025-03-24,jalan bdn ii,,0.00010068114502430753,0.1158273621457103,
2025-03-24,kebon jeruk,,7.999593359176441e-05,0.1149581696814739,5.719584386189122e-06
2025-03-24,kelapa gading,,7.603525009821444e-05,0.1157316185583038,
2025-03-24,komp angkasa pura jakarta pusat,,7.90122110205366e-05,0.1157316185583038,
2025-03-24,lubang buaya,,0.00011434051945901095,0.1156890995439623,
2025-03-24,us consulate jakarta pusat,,7.90122110205366e-05,0.1157316185583038,
2025-03-25,bundaran hotel indonesia,,7.713834659738667e-05,0.1164392297688105,
2025-03-25,jagakarsa,,8.088923734955955e-05,0.1158529521787609,
2025-03-25,jalan bdn ii,,,0.116237538004189,
2025-03-25,kebon jeruk,,7.024278159113096e-05,0.1164392297688105,
2025-03-25,kelapa gading,,9.065290544033873e-05,0.1160189330280792,
2025-03-25,komp angkasa pura jakarta pusat,,8.088923734955955e-05,0.1160189330280792,
2025-03-25,lubang buaya,,,0.1162964319262212,
2025-03-25,us consulate jakarta pusat,,8.088923734955955e-05,0.1160189330280792,
2025-03-26,bundaran hotel indonesia,0.0297371855748463,8.31467080007951e-05,0.1154810943719574,
2025-03-26,jagakarsa,,6.782158187554635e-05,0.1158719070292445,
2025-03-26,jalan bdn ii,0.0248854654513118,9.021829742178122e-05,0.1161628355349044,
2025-03-26,kebon jeruk,0.0280422733162798,7.553146734538433e-05,0.1154810943719574,
2025-03-26,kelapa gading,,7.553187336599699e-05,0.1165683955367945,
2025-03-26,komp angkasa pura jakarta pusat,,6.782158187554635e-05,0.1165683955367945,
2025-03-26,lubang buaya,0.0285019465633476,9.444097822021518e-05,0.1165664784823308,
2025-03-26,us consulate jakarta pusat,,6.782158187554635e-05,0.1165683955367945,
2025-03-27,bundaran hotel indonesia,,6.82434244824012e-05,0.1173779710180033,
2025-03-27,jagakarsa,,5.505338072553162e-05,0.1183766669109856,
2025-03-27,jalan bdn ii,,,0.1179002490932625,
2025-03-27,kebon jeruk,,7.560566143631199e-05,0.1173779710180033,
2025-03-27,kelapa gading,0.0297018216064886,7.472244637443693e-05,0.1168707188316589,
2025-03-27,komp angkasa pura jakarta pusat,,5.505338072553162e-05,0.1168707188316589,
2025-03-27,lubang buaya,,0.00010407644664932467,0.1177188332201633,
2025-03-27,us consulate jakarta pusat,,5.505338072553162e-05,0.1168707188316589,
2025-03-28,bundaran hotel indonesia,,,0.1168043861688951,
2025-03-28,jagakarsa,,,0.116573668709804,
2025-03-28,jalan bdn ii,,8.318263508381261e-05,0.1175500721120674,
2025-03-28,kebon jeruk,,,0.1168043861688951,
2025-03-28,kelapa gading,,,0.1166065154482668,
2025-03-28,komp angkasa pura jakarta pusat,,,0.1166065154482668,
2025-03-28,lubang buaya,,5.8529216562675936e-05,0.1169051343497902,
2025-03-28,us consulate jakarta pusat,,,0.1166065154482668,
2025-03-29,bundaran hotel indonesia,,5.245556017357294e-05,0.1173744130127392,
2025-03-29,jagakarsa,,4.567099910575282e-05,0.1167211678182285,
2025-03-29,jalan bdn ii,,4.82337383591785e-05,0.1177989076650151,
2025-03-29,kebon jeruk,,5.245556017357294e-05,0.1173744130127392,
2025-03-29,kelapa gading,,4.932566065899529e-05,0.1165790959870143,
2025-03-29,komp angkasa pura jakarta pusat,,4.932566065899529e-05,0.1165790959870143,
2025-03-29,lubang buaya,,4.816291429214777e-05,0.1173857495182392,
2025-03-29,us consulate jakarta pusat,,4.567099910575282e-05,0.1165790959870143,
2025-03-30,bundaran hotel indonesia,0.0255515080007544,6.253214531546125e-05,0.1161769411017716,0.00014319401287179887
2025-03-30,jagakarsa,0.0282318739045292,8.621517913456338e-05,0.1166463824143766,0.00014613734754258292
2025-03-30,jalan bdn ii,0.0250565622095716,4.038159277608248e-05,0.1162484197032436,4.603740037436128e-05
2025-03-30,kebon jeruk,0.0244636675206073,6.055068503552388e-05,0.1156819375603771,0.00014319401287179887
2025-03-30,kelapa gading,0.026578009092401,9.121961664781293e-05,0.1164769589232977,-0.000143
2025-03-30,komp angkasa pura jakarta pusat,0.0282318739045292,8.621517913456338e-05,0.1166463824143766,-0.000143
2025-03-30,lubang buaya,0.0242277965788322,5.175594408826533e-05,0.1157987441736791,-5.83e-06
2025-03-30,us consulate jakarta pusat,0.0282318739045292,8.621517913456338e-05,0.1166463824143766,0.00013373554486187977
2025-03-31,bundaran hotel indonesia,0.0266995017083607,6.747116364254214e-05,0.1165376769485942,
2025-03-31,jagakarsa,0.0241201657494684,9.13923439166444e-05,0.116907639663455,
2025-03-31,jalan bdn ii,0.0213519662166501,5.791102196789968e-05,0.1170251242800028,-2.24e-05
2025-03-31,kebon jeruk,0.0237687032832045,6.160714977020788e-05,0.1165376769485942,-3.02e-05
2025-03-31,kelapa gading,,9.038621884438764e-05,0.1173589446803533,
2025-03-31,komp angkasa pura jakarta pusat,0.0241201657494684,9.13923439166444e-05,0.1173589446803533,
2025-03-31,lubang buaya,0.0260155282348069,6.759095056692526e-05,0.1170113446678178,
2025-03-31,us consulate jakarta pusat,0.0241201657494684,9.13923439166444e-05,0.1173589446803533,
2025-04-01,bundaran hotel indonesia,,4.913372611677559e-05,0.1170912409600613,
2025-04-01,jagakarsa,,4.765224819313303e-05,0.1166386984525377,
2025-04-01,jalan bdn ii,,7.790481930628105e-05,0.1173913925603623,
2025-04-01,kebon jeruk,,5.436133756609907e-05,0.1170912409600613,
2025-04-01,kelapa gading,,4.4731829194193406e-05,0.1162024652887692,
2025-04-01,komp angkasa pura jakarta pusat,,4.765224819313303e-05,0.1162024652887692,
2025-04-01,lubang buaya,,5.7452142996066016e-05,0.1179635174640522,
2025-04-01,us consulate jakarta pusat,,4.765224819313303e-05,0.1162024652887692,
2025-04-02,bundaran hotel indonesia,0.0281936804909753,6.109506596401375e-05,0.1148131428606663,
2025-04-02,jagakarsa,0.0261171143510023,5.693008849955621e-05,0.1152314877744507,
2025-04-02,jalan bdn ii,0.025740611019188,3.729731370976395e-05,0.1135529849555463,
2025-04-02,kebon jeruk,0.0281044646574828,6.244031129563301e-05,0.1148131428606663,
2025-04-02,kelapa gading,0.0273035975847448,8.10533505195065e-05,0.1149152048197651,
2025-04-02,komp angkasa pura jakarta pusat,0.0261171143510023,5.693008849955621e-05,0.1149152048197651,
2025-04-02,lubang buaya,0.0258982132852618,3.766826011297624e-05,0.1136179749742864,
2025-04-02,us consulate jakarta pusat,0.0261171143510023,5.693008849955621e-05,0.1149152048197651,
2025-04-03,bundaran hotel indonesia,0.0326687641761848,0.00010840722649242668,0.1165395795931501,0.00010301615900395457
2025-04-03,jagakarsa,0.0321191475547502,9.821314608218772e-05,0.1165420417313367,0.00010301615900395457
2025-04-03,jalan bdn ii,0.0349290524296371,0.0001000867825818372,0.1159260758951817,0.0007121907545674278
2025-04-03,kebon jeruk,0.0326687641761848,0.00010840722649242668,0.1165395795931501,0.00010301615900395457
2025-04-03,kelapa gading,0.0292283073253295,0.00011046513207821798,0.1162744241418864,0.00022183423308395068
2025-04-03,komp angkasa pura jakarta pusat,0.0292283073253295,0.00011046513207821798,0.1162744241418864,0.00022183423308395068
2025-04-03,lubang buaya,0.034564717341223,0.00011520722326035385,0.1153817861082331,0.0004043286171081072
2025-04-03,us consulate jakarta pusat,0.0321191475547502,9.821314608218772e-05,0.1162744241418864,0.00022183423308395068
2025-04-04,bundaran hotel indonesia,,0.00010621168650269928,0.1180630358043518,
2025-04-04,jagakarsa,,0.00012831692923599507,0.1176828408604934,
2025-04-04,jalan bdn ii,0.0278635844165955,7.136236792345457e-05,0.1170862092187907,
2025-04-04,kebon jeruk,,,0.1180630358043518,
2025-04-04,kelapa gading,0.0303654772076798,0.00011676750320480764,0.1170692929308388,
2025-04-04,komp angkasa pura jakarta pusat,0.0303654772076798,0.00012831692923599507,0.1170692929308388,
2025-04-04,lubang buaya,0.028513008574325,8.49170861144518e-05,0.1158127598753673,
2025-04-04,us consulate jakarta pusat,,0.00012831692923599507,0.1170692929308388,
2025-04-05,bundaran hotel indonesia,0.0312043469998776,0.0002114898927134004,0.1173093872069549,
2025-04-05,jagakarsa,0.0312691553733981,0.00014950728371371813,0.1163733281378573,
2025-04-05,jalan bdn ii,,,0.1164237919856387,
2025-04-05,kebon jeruk,0.0312043469998776,0.00019712454396415865,0.1173093872069549,
2025-04-05,kelapa gading,0.0294664972638227,0.00015389496446471427,0.1163005765105513,
2025-04-05,komp angkasa pura jakarta pusat,0.0294664972638227,0.00014950728371371813,0.1163005765105513,
2025-04-05,lubang buaya,,,0.1171550476625777,
2025-04-05,us consulate jakarta pusat,0.0312691553733981,0.00014950728371371813,0.1163005765105513,
2025-04-06,bundaran hotel indonesia,0.0365225274379302,0.00012277984197179743,0.118788394590528,-4.85e-05
2025-04-06,jagakarsa,0.0367507165157046,0.00010006181166841603,0.118009546565462,-4.85e-05
2025-04-06,jalan bdn ii,0.0302297510173387,0.00010394589725280466,0.1181684088238486,
2025-04-06,kebon jeruk,0.0325657216453997,0.0001223074073888649,0.118788394590528,-3.91e-05
2025-04-06,kelapa gading,0.0335602521356472,9.461379240234084e-05,0.119214465719659,5.298714192820233e-06
2025-04-06,komp angkasa pura jakarta pusat,0.0367507165157046,0.00010006181166841603,0.119214465719659,-4.85e-05
2025-04-06,lubang buaya,0.031514255717087,0.0001060106357094176,0.1186462782763975,
2025-04-06,us consulate jakarta pusat,0.0367507165157046,0.00010006181166841603,0.119214465719659,-4.85e-05
2025-04-07,bundaran hotel indonesia,0.0329612055266822,0.00014237593433233617,0.1182848159779268,0.00026305939295896767
2025-04-07,jagakarsa,0.0340977498780994,0.00012430857099509805,0.1167975642377478,0.00026305939295896767
2025-04-07,jalan bdn ii,0.0312068358297559,9.531684350502156e-05,0.117356605817487,
2025-04-07,kebon jeruk,0.0337497404193182,0.00018353579038083703,0.1182848159779268,0.00035920040807023147
2025-04-07,kelapa gading,0.0286487628204557,9.267730177610868e-05,0.1179269453109221,0.00012584623440119324
2025-04-07,komp angkasa pura jakarta pusat,0.0340977498780994,0.00012430857099509805,0.1179269453109221,0.00026305939295896767
2025-04-07,lubang buaya,0.0311026119850214,9.267923927101664e-05,0.1168781930003085,0.0001517581381307568
2025-04-07,us consulate jakarta pusat,0.0340977498780994,0.00012430857099509805,0.1179269453109221,0.00026305939295896767
2025-04-08,jalan bdn ii,,0.0001345064804158941,0.1187578420097042,
2025-04-09,bundaran hotel indonesia,0.031195439481262,0.0001327647014634839,0.1144921016803925,
2025-04-09,jagakarsa,0.0310777824281677,0.0001135216479000896,0.114546975795001,
2025-04-09,jalan bdn ii,0.0311073495203087,0.0001430633674517072,0.1131084650915687,
2025-04-09,kebon jeruk,0.031195439481262,0.00014103038475603942,0.1144921016803925,
2025-04-09,kelapa gading,0.0274691550613499,9.996862055133034e-05,0.1146071772052882,
2025-04-09,komp angkasa pura jakarta pusat,0.0274691550613499,0.0001135216479000896,0.1146071772052882,
2025-04-09,lubang buaya,0.0294254971910957,9.941857142156488e-05,0.1129610640966223,
2025-04-09,us consulate jakarta pusat,0.0310777824281677,0.0001135216479000896,0.1146071772052882,
2025-04-10,bundaran hotel indonesia,0.0298382157335964,0.0003033477041969788,0.1162095045900932,3.042223774983832e-05
2025-04-10,jagakarsa,0.0277754615090258,0.00014440366352322647,0.1162305229558314,3.042223774983832e-05
2025-04-10,jalan bdn ii,0.0302646313174514,0.00022349175077060208,0.1145107523795682,
2025-04-10,kebon jeruk,0.0298382157335964,0.00024394580522652556,0.1162095045900932,7.093567110109916e-05
2025-04-10,kelapa gading,0.0283880044990749,0.0001270894590018703,0.1158358516063702,2.066502276093509e-05
2025-04-10,komp angkasa pura jakarta pusat,0.0283880044990749,0.00014440366352322647,0.1158358516063702,3.042223774983832e-05
2025-04-10,lubang buaya,0.0280439754513175,0.0002112475096288616,0.1155446023326369,
2025-04-10,us consulate jakarta pusat,0.0277754615090258,0.00014440366352322647,0.1158358516063702,3.042223774983832e-05
2025-04-11,bundaran hotel indonesia,,0.00015494592382287896,0.1181876119169805,2.868157980215081e-05
2025-04-11,jagakarsa,0.0423244728862199,0.0001450693237665442,0.1180315244834244,2.868157980215081e-05
2025-04-11,jalan bdn ii,,0.0002771113698591547,0.1191793393959503,
2025-04-11,kebon jeruk,,0.00014039599804297525,0.1181876119169805,
2025-04-11,kelapa gading,0.0355208647749518,0.00010325344643097832,0.1171233801862734,0.0002105181219748595
2025-04-11,komp angkasa pura jakarta pusat,0.0355208647749518,0.0001450693237665442,0.1171233801862734,2.868157980215081e-05
2025-04-11,lubang buaya,,0.0002759341857086881,0.1183442917423464,
2025-04-11,us consulate jakarta pusat,0.0423244728862199,0.0001450693237665442,0.1171233801862734,2.868157980215081e-05
2025-04-12,bundaran hotel indonesia,0.0283940169259962,0.00018467586551327368,0.1168314707256261,-0.00015
2025-04-12,jagakarsa,0.0280973557645595,0.00011306253986950332,0.116335319317675,-0.000145
2025-04-12,jalan bdn ii,0.0328388644864885,0.0001450176203343434,0.1153777950503025,
2025-04-12,kebon jeruk,0.0283940169259962,0.0001436450933012743,0.1168314707256261,-0.00013
2025-04-12,kelapa gading,,0.00016710780620416717,0.1161057550984918,-4.41e-05
2025-04-12,komp angkasa pura jakarta pusat,,0.00011306253986950332,0.1161057550984918,-0.000145
2025-04-12,lubang buaya,,0.00015571236474701868,0.1154199865012383,
2025-04-12,us consulate jakarta pusat,0.0280973557645595,0.00011306253986950332,0.1161057550984918,-0.00015
2025-04-13,bundaran hotel indonesia,,0.0001116062214233988,0.1181013567486391,
2025-04-13,jagakarsa,,0.0001054210056210584,0.117843046073797,
2025-04-13,jalan bdn ii,,0.00011731974703520108,0.1172827272327091,
2025-04-13,kebon jeruk,,0.0001116062214233988,0.1181013567486391,
2025-04-13,kelapa gading,,0.00011037878209218036,0.1175794937988806,
2025-04-13,komp angkasa pura jakarta pusat,,0.00011037878209218036,0.1175794937988806,
2025-04-13,lubang buaya,,0.00012142712622637966,0.1171254766726055,
2025-04-13,us consulate jakarta pusat,,0.00011037878209218036,0.1175794937988806,
2025-04-14,bundaran hotel indonesia,0.0258934766532277,7.515879062196114e-05,0.1165425366255734,-0.000145
2025-04-14,jagakarsa,0.0258934766532277,8.579391131232111e-05,0.1160122125787408,4.983933949345648e-05
2025-04-14,jalan bdn ii,0.0262297266121603,5.970709274646345e-05,0.1164025047222652,-1.71e-05
2025-04-14,kebon jeruk,0.0275173196784974,7.515879062196114e-05,0.1165425366255734,-0.000145
2025-04-14,kelapa gading,0.026053385182008,0.00010293893236486151,0.1161208356717597,5.317382254984055e-05
2025-04-14,komp angkasa pura jakarta pusat,0.0258934766532277,0.00010293893236486151,0.1161208356717597,5.317382254984055e-05
2025-04-14,lubang buaya,0.0261373281835254,6.280589338727424e-05,0.1163656059180224,0.0002182760514997444
2025-04-14,us consulate jakarta pusat,0.0258934766532277,0.00010293893236486151,0.1161208356717597,-2.32e-05
2025-04-15,bundaran hotel indonesia,,0.00012960778278166214,0.1169264781936929,
2025-04-15,jagakarsa,,0.00010201702348031418,0.1176842441200702,
2025-04-15,jalan bdn ii,,9.618281765452156e-05,0.1168244422630402,
2025-04-15,kebon jeruk,,0.00012960778278166214,0.1169264781936929,
2025-04-15,kelapa gading,,0.00011515866181492224,0.1174353747771735,
2025-04-15,komp angkasa pura jakarta pusat,,0.00011515866181492224,0.1174353747771735,
2025-04-15,lubang buaya,,0.00010157943306690568,0.1169328983712743,
2025-04-15,us consulate jakarta pusat,,0.00011515866181492224,0.1174353747771735,
2025-04-16,bundaran hotel indonesia,0.0434501164087465,0.0002563762544369283,0.116743736959467,
2025-04-16,jagakarsa,0.0434501164087465,0.00018453073309161817,0.1176387370574337,
2025-04-16,jalan bdn ii,0.0385041707574093,0.0001926213454651228,0.1165846769103676,
2025-04-16,kebon jeruk,0.0434501164087465,0.0002563762544369283,0.116743736959467,
2025-04-16,kelapa gading,0.0421157276918113,0.00018187182775202213,0.1171072790295603,
2025-04-16,komp angkasa pura jakarta pusat,0.0421157276918113,0.00018187182775202213,0.1171072790295603,
2025-04-16,lubang buaya,0.0438964444682538,0.00023279667244755644,0.1171833159574429,2.4491405401391903e-05
2025-04-16,us consulate jakarta pusat,0.0421157276918113,0.00018187182775202213,0.1171072790295603,0.0001094351273793074
2025-04-17,bundaran hotel indonesia,,,0.1190981435618991,
2025-04-17,jagakarsa,,,0.1186907812779196,
2025-04-17,jalan bdn ii,,,0.1191472501235984,
2025-04-17,kebon jeruk,,,0.1190981435618991,
2025-04-17,kelapa gading,,,0.1186923862543878,
2025-04-17,komp angkasa pura jakarta pusat,,,0.1186923862543878,
2025-04-17,lubang buaya,,,0.118712425120871,
2025-04-17,us consulate jakarta pusat,,,0.1186923862543878,
2025-04-18,bundaran hotel indonesia,,0.00010710257881630528,0.1174622378041348,
2025-04-18,jagakarsa,,0.00010710257881630528,0.1176845434361489,
2025-04-18,jalan bdn ii,,8.121475520526242e-05,0.1180510134811965,
2025-04-18,kebon jeruk,,0.00010710257881630528,0.1174622378041348,
2025-04-18,kelapa gading,,0.00011594149746355976,0.1176036824816141,
2025-04-18,komp angkasa pura jakarta pusat,,0.00011594149746355976,0.1176036824816141,
2025-04-18,lubang buaya,,0.0001229389566227489,0.1170944634506593,
2025-04-18,us consulate jakarta pusat,,0.00011594149746355976,0.1176036824816141,
2025-04-19,bundaran hotel indonesia,0.0318712963040587,0.00011724126178790472,0.1168428443154149,-0.000286
2025-04-19,jagakarsa,0.0318712963040587,0.00011724126178790472,0.1163726686153264,-1.2e-05
2025-04-19,jalan bdn ii,,0.0001328457445302452,0.1167166009726069,-0.000589
2025-04-19,kebon jeruk,0.0318712963040587,0.00011724126178790472,0.1168428443154149,-5.05e-05
2025-04-19,kelapa gading,,0.0001284877711055646,0.1166975023287729,-0.000262
2025-04-19,komp angkasa pura jakarta pusat,0.0318712963040587,0.0001284877711055646,0.1166975023287729,-1.2e-05
2025-04-19,lubang buaya,,0.0001360723590504219,0.1166694031105827,
2025-04-19,us consulate jakarta pusat,0.0318712963040587,0.0001284877711055646,0.1166975023287729,-0.000286
2025-04-20,bundaran hotel indonesia,0.0293054533973046,9.117731543932196e-05,0.1171955327355233,9.14447819164452e-05
2025-04-20,jagakarsa,0.0293054533973046,9.117731543932196e-05,0.1178244467120623,6.382011783667101e-05
2025-04-20,jalan bdn ii,0.0284381731229912,8.091913035585116e-05,0.1176475037649895,8.596904803432626e-05
2025-04-20,kebon jeruk,0.0293054533973046,9.117731543932196e-05,0.1171955327355233,-9.55e-05
2025-04-20,kelapa gading,0.0293713139480696,9.867488887074488e-05,0.1185078742517,-3.42e-05
2025-04-20,komp angkasa pura jakarta pusat,0.0293713139480696,9.867488887074488e-05,0.1185078742517,6.382011783667101e-05
2025-04-20,lubang buaya,0.0274607386750872,8.683728530058025e-05,0.1172246961677149,0.0001292564556089812
2025-04-20,us consulate jakarta pusat,0.0293713139480696,9.867488887074488e-05,0.1185078742517,9.14447819164452e-05
2025-04-21,bundaran hotel indonesia,,0.00010142409021126814,0.1188193491121429,
2025-04-21,jagakarsa,,0.00010142409021126814,0.1193803524471751,
2025-04-21,jalan bdn ii,,9.7927689955641e-05,0.1193049024971825,
2025-04-21,kebon jeruk,,0.00010142409021126814,0.1188193491121429,
2025-04-21,kelapa gading,,0.00010848137594605884,0.1201557632252844,
2025-04-21,komp angkasa pura jakarta pusat,,0.00010848137594605884,0.1201557632252844,
2025-04-21,lubang buaya,,0.00011994454330778204,0.1193360854831095,
2025-04-21,us consulate jakarta pusat,,0.00010848137594605884,0.1201557632252844,
2025-04-22,bundaran hotel indonesia,,0.00013312364413715748,0.1200628619949523,
2025-04-22,jagakarsa,,0.00013312364413715748,0.1199155097795173,
2025-04-22,jalan bdn ii,,0.0001115394754531834,0.1201364123644672,
2025-04-22,kebon jeruk,,0.00013312364413715748,0.1200628619949523,
2025-04-22,kelapa gading,,0.00020441127178218884,0.1187933134641486,5.0639094973375485e-05
2025-04-22,komp angkasa pura jakarta pusat,,0.00020441127178218884,0.1187933134641486,5.0639094973375485e-05
2025-04-22,lubang buaya,,0.00017237390817878605,0.1190878929141264,
2025-04-22,us consulate jakarta pusat,,0.00020441127178218884,0.1187933134641486,2.4072561305273656e-05
2025-04-23,bundaran hotel indonesia,0.0231903961618305,8.371225850189362e-05,0.1165724210420492,
2025-04-23,jagakarsa,0.0231903961618305,8.371225850189362e-05,0.1170867520591988,
2025-04-23,jalan bdn ii,0.0234320789350051,4.927143594531733e-05,0.1175292224168619,
2025-04-23,kebon jeruk,0.0231903961618305,8.371225850189362e-05,0.1165724210420492,
2025-04-23,kelapa gading,0.0231085920751373,7.437357669389583e-05,0.1175625690874688,-6.14e-05
2025-04-23,komp angkasa pura jakarta pusat,0.0231085920751373,7.437357669389583e-05,0.1175625690874688,-6.14e-05
2025-04-23,lubang buaya,0.0228805727836052,5.3340461065343234e-05,0.1171152617294669,
2025-04-23,us consulate jakarta pusat,0.0231085920751373,7.437357669389583e-05,0.1175625690874688,
2025-04-25,bundaran hotel indonesia,0.033203307712101,0.00012013450344621963,0.1156484026605102,
2025-04-25,jagakarsa,0.033203307712101,0.00012013450344621963,0.1162746125790842,
2025-04-25,jalan bdn ii,0.0332709051495279,0.0001240179324054917,0.1159930747358845,
2025-04-25,kebon jeruk,0.033203307712101,0.00012013450344621963,0.1156484026605102,
2025-04-25,kelapa gading,0.0332033075896941,0.0001323234400004913,0.1160640923003341,0.00010969936561064612
2025-04-25,komp angkasa pura jakarta pusat,0.0332033075896941,0.0001323234400004913,0.1160640923003341,
2025-04-25,lubang buaya,0.0332800428758738,0.00018434097928372487,0.1167234161086456,
2025-04-25,us consulate jakarta pusat,0.0332033075896941,0.0001323234400004913,0.1160640923003341,
2025-04-26,bundaran hotel indonesia,0.0315190925777525,0.00038696701927793737,0.1189263680588349,
2025-04-26,jagakarsa,0.0315190925777525,0.00038696701927793737,0.119422536321665,
2025-04-26,jalan bdn ii,0.0315662668489988,0.0002469047309929402,0.1189898313810644,
2025-04-26,kebon jeruk,0.0315190925777525,0.00038696701927793737,0.1189263680588349,
2025-04-26,kelapa gading,0.0314409833555447,0.0003667597444414564,0.1192638543697394,
2025-04-26,komp angkasa pura jakarta pusat,0.0314409833555447,0.0003667597444414564,0.1192638543697394,
2025-04-26,lubang buaya,0.031864531120656,0.00026310605852259214,0.1192795157461835,0.00020582161942670895
2025-04-26,us consulate jakarta pusat,0.0314409833555447,0.0003667597444414564,0.1192638543697394,
2025-04-27,bundaran hotel indonesia,0.0327577846233808,0.0001392215938075562,0.1195521835572597,1.3632895955469655e-05
2025-04-27,jagakarsa,0.0327577846233808,0.0001392215938075562,0.1200271240953277,-5.03e-05
2025-04-27,jalan bdn ii,0.0327802124606385,0.000137191170522042,0.1195492416202719,
2025-04-27,kebon jeruk,0.0327577846233808,0.0001392215938075562,0.1195521835572597,6.680452099635385e-05
2025-04-27,kelapa gading,0.0322660071160092,0.00018841645112399196,0.1196347142932724,-8.94e-05
2025-04-27,komp angkasa pura jakarta pusat,0.0322660071160092,0.00018841645112399196,0.1196347142932724,-5.03e-05
2025-04-27,lubang buaya,0.0295121019411979,0.0001860842369716093,0.1188427096140616,
2025-04-27,us consulate jakarta pusat,0.0322660071160092,0.00018841645112399196,0.1196347142932724,1.3632895955469655e-05
2025-04-28,bundaran hotel indonesia,0.0344882274142422,0.00028510741998069073,0.1181605488030253,0.0004046763291162645
2025-04-28,jagakarsa,0.0344882274142422,0.00028510741998069073,0.1186739845113551,6.77421124514512e-05
2025-04-28,jalan bdn ii,0.0332204976347524,0.0003891998153979488,0.117757776831804,-2.59e-05
2025-04-28,kebon jeruk,0.0344882274142422,0.00028510741998069073,0.1181605488030253,0.0004046763291162645
2025-04-28,kelapa gading,0.0327326519882848,0.0003052907910636391,0.1189473676890287,3.917558594090869e-05
2025-04-28,komp angkasa pura jakarta pusat,0.0327326519882848,0.0003052907910636391,0.1189473676890287,3.917558594090869e-05
2025-04-28,lubang buaya,0.032632755923601,0.00036219039819815167,0.117980541118756,
2025-04-28,us consulate jakarta pusat,0.0327326519882848,0.0003052907910636391,0.1189473676890287,-0.000209
2025-04-29,bundaran hotel indonesia,0.0311743504742499,0.0002546305361420441,0.1174855818058008,3.012646597963176e-05
2025-04-29,jagakarsa,0.0311743504742499,0.0002546305361420441,0.1170540566042343,0.0001877884769036236
2025-04-29,jalan bdn ii,0.0267649978939694,0.0002647100300527596,0.1161270187903679,-9.07e-05
2025-04-29,kebon jeruk,0.0311743504742499,0.0002546305361420441,0.1174855818058008,3.012646597963176e-05
2025-04-29,kelapa gading,0.0331883984293591,0.0002176779330223238,0.1173658222265924,0.00010982760209460356
2025-04-29,komp angkasa pura jakarta pusat,0.0331883984293591,0.0002176779330223238,0.1173658222265924,0.00010982760209460356
2025-04-29,lubang buaya,0.0296955130018204,0.0001953959537347269,0.1174044480830096,-0.000459
2025-04-29,us consulate jakarta pusat,0.0331883984293591,0.0002176779330223238,0.1173658222265924,0.0001882346284653544
2025-04-30,bundaran hotel indonesia,0.0322738037928529,0.000183401478793446,0.1197838586368916,
2025-04-30,jagakarsa,0.0322738037928529,0.000183401478793446,0.1202158032984917,
2025-04-30,jalan bdn ii,0.032172513352625,0.00019237508526408613,0.1199434959936034,
2025-04-30,kebon jeruk,0.0322738037928529,0.000183401478793446,0.1197838586368916,
2025-04-30,kelapa gading,0.0321990260019398,0.0001422224618401559,0.1197688208042453,
2025-04-30,komp angkasa pura jakarta pusat,0.0321990260019398,0.0001422224618401559,0.1197688208042453,
2025-04-30,lubang buaya,0.032196803871889,0.0001471455535307461,0.1196964289273633,
2025-04-30,us consulate jakarta pusat,0.0321990260019398,0.0001422224618401559,0.1197688208042453,
2025-05-01,bundaran hotel indonesia,0.044510518799735,0.00014285225156962552,0.1195722926833373,-8e-05
2025-05-01,jagakarsa,0.044510518799735,0.00014285225156962552,0.1199743521400859,0.0002534229253092273
2025-05-01,jalan bdn ii,0.0404446827223201,0.00017633597716548382,0.1190050486384968,
2025-05-01,kebon jeruk,0.044510518799735,0.00014285225156962552,0.1195722926833373,-1.97e-05
2025-05-01,kelapa gading,0.0418973212518734,0.00019504233184081192,0.1192542681512272,0.00016110129540065514
2025-05-01,komp angkasa pura jakarta pusat,0.0418973212518734,0.00019504233184081192,0.1192542681512272,0.0002534229253092273
2025-05-01,lubang buaya,0.0386000565551989,0.00023255775367128168,0.1178267811136526,
2025-05-01,us consulate jakarta pusat,0.0418973212518734,0.00019504233184081192,0.1192542681512272,-8e-05
2025-05-02,bundaran hotel indonesia,0.0441303259793537,0.00016140903730574,0.1215144738222945,0.0002138612422601596
2025-05-02,jagakarsa,0.0441303259793537,0.00016140903730574,0.1216904042762123,0.00011292363977907523
2025-05-02,jalan bdn ii,0.0440583200032991,0.00017526175889080633,0.1204677160303038,
2025-05-02,kebon jeruk,0.0441303259793537,0.00016140903730574,0.1215144738222945,0.00011193737239058928
2025-05-02,kelapa gading,0.0443104185817354,0.0002134275556356693,0.1218679022570828,5.431354433888811e-06
2025-05-02,komp angkasa pura jakarta pusat,0.0443104185817354,0.0002134275556356693,0.1218679022570828,0.00011292363977907523
2025-05-02,lubang buaya,0.0399604095641654,0.00023283565516797687,0.1205890771896023,
2025-05-02,us consulate jakarta pusat,0.0443104185817354,0.0002134275556356693,0.1218679022570828,0.0002138612422601596
2025-05-03,bundaran hotel indonesia,0.0429083065264579,0.0003992546085381057,0.1203991716676361,0.00028712376170823145
2025-05-03,jagakarsa,0.0429083065264579,0.0003992546085381057,0.1206285228153784,8.304897485929504e-05
2025-05-03,jalan bdn ii,0.0350687149744365,0.0003072836859206052,0.1201068614566694,0.0003167765879266768
2025-05-03,kebon jeruk,0.0429083065264579,0.0003992546085381057,0.1203991716676361,0.00028712376170823145
2025-05-03,kelapa gading,0.039357499371147,0.0004722602816006123,0.1201105518532581,-0.00038
2025-05-03,komp angkasa pura jakarta pusat,0.039357499371147,0.0004722602816006123,0.1201105518532581,-0.00038
2025-05-03,lubang buaya,0.0336196926344606,0.00033863319047672784,0.1198432736552657,
2025-05-03,us consulate jakarta pusat,0.039357499371147,0.0004722602816006123,0.1201105518532581,
2025-05-04,bundaran hotel indonesia,0.0382790230355577,0.00012591513462860497,0.1171453120671891,
2025-05-04,jagakarsa,0.0382790230355577,0.00012591513462860497,0.1182255243507374,
2025-05-04,jalan bdn ii,0.0375356548318913,0.00012581303729468124,0.1181529416647177,
2025-05-04,kebon jeruk,0.0382790230355577,0.00012591513462860497,0.1171453120671891,
2025-05-04,kelapa gading,0.0381927052437891,0.00011275115755622068,0.1173330257227255,
2025-05-04,komp angkasa pura jakarta pusat,0.0381927052437891,0.00011275115755622068,0.1173330257227255,
2025-05-04,lubang buaya,0.0371455446674995,0.00012126695675449194,0.1178707754191162,
2025-05-04,us consulate jakarta pusat,0.0381927052437891,0.00011275115755622068,0.1173330257227255,
2025-05-05,bundaran hotel indonesia,0.0278113211369729,0.00023016718562306505,0.1161740165607395,0.0005436674526525067
2025-05-05,jagakarsa,0.0278113211369729,0.00023016718562306505,0.1166663134273102,0.0002837250035631168
2025-05-05,jalan bdn ii,0.0298153619760975,0.000159994061099798,0.1159717334017403,
2025-05-05,kebon jeruk,0.0278113211369729,0.00023016718562306505,0.1161740165607395,-1.04e-06
2025-05-05,kelapa gading,0.0277890980430119,0.00017004613200212492,0.1167520560398085,8.51554893235584e-05
2025-05-05,komp angkasa pura jakarta pusat,0.0277890980430119,0.00017004613200212492,0.1167520560398085,0.0002837250035631168
2025-05-05,lubang buaya,0.0276162919670543,0.00011646069888616416,0.115390111842558,
2025-05-05,us consulate jakarta pusat,0.0277890980430119,0.00017004613200212492,0.1167520560398085,0.0005436674526525067
2025-05-06,bundaran hotel indonesia,0.0336610454922931,0.00021438301848940772,0.1181569795179801,0.0003015127576800477
2025-05-06,jagakarsa,0.0336610454922931,0.00021438301848940772,0.1187795702684498,2.989481086413749e-05
2025-05-06,jalan bdn ii,0.0341341591123927,0.0003063326058427769,0.1179157460048883,
2025-05-06,kebon jeruk,0.0336610454922931,0.00021438301848940772,0.1181569795179801,0.0001729611723937613
2025-05-06,kelapa gading,0.0312507093070291,0.0002294221111463484,0.118555251482421,0.000102719963485453
2025-05-06,komp angkasa pura jakarta pusat,0.0312507093070291,0.0002294221111463484,0.118555251482421,2.989481086413749e-05
2025-05-06,lubang buaya,0.0323074851729073,0.0002598400916083745,0.1182485797257248,
2025-05-06,us consulate jakarta pusat,0.0312507093070291,0.0002294221111463484,0.118555251482421,0.0003015127576800477
2025-05-07,bundaran hotel indonesia,,0.00020995030959112068,0.1176924829062826,
2025-05-07,jagakarsa,,0.00020995030959112068,0.1167202675323296,-4.46e-05
2025-05-07,jalan bdn ii,,,0.1183240018619953,
2025-05-07,kebon jeruk,,0.00020995030959112068,0.1176924829062826,
2025-05-07,kelapa gading,0.0291808061906091,0.0002429132204919629,0.1169745998411507,-9.96e-05
2025-05-07,komp angkasa pura jakarta pusat,0.0291808061906091,0.0002429132204919629,0.1169745998411507,-4.46e-05
2025-05-07,lubang buaya,,,0.1183592314086503,
2025-05-07,us consulate jakarta pusat,0.0291808061906091,0.0002429132204919629,0.1169745998411507,
2025-05-08,bundaran hotel indonesia,0.0310066638164138,0.0002502613641284829,0.1157893142366322,0.0001619737558132348
2025-05-08,jagakarsa,0.0310066638164138,0.0002502613641284829,0.115512556700325,4.762623171886164e-05
2025-05-08,jalan bdn ii,0.0303157742452764,0.0003498665243979652,0.1152594053513509,1.78585415111472e-05
2025-05-08,kebon jeruk,0.0310066638164138,0.0002502613641284829,0.1157893142366322,0.0001619737558132348
2025-05-08,kelapa gading,0.0321033060210982,0.00027106439391151805,0.115604986849997,0.00015581959389267944
2025-05-08,komp angkasa pura jakarta pusat,0.0321033060210982,0.00027106439391151805,0.115604986849997,0.00015581959389267944
2025-05-08,lubang buaya,0.0289895994629173,0.00022946741971749065,0.1151997123949005,
2025-05-08,us consulate jakarta pusat,0.0321033060210982,0.00027106439391151805,0.115604986849997,0.00013489095491361344
2025-05-09,bundaran hotel indonesia,,0.00013704351363926656,0.1170290980803663,
2025-05-09,jagakarsa,,0.00013704351363926656,0.1174261544798593,
2025-05-09,jalan bdn ii,,0.00012313529292633907,0.1166935900727424,
2025-05-09,kebon jeruk,,0.00013704351363926656,0.1170290980803663,
2025-05-09,kelapa gading,,0.0001326131599895747,0.1181270460671922,
2025-05-09,komp angkasa pura jakarta pusat,,0.0001326131599895747,0.1181270460671922,
2025-05-09,lubang buaya,,0.0001301904116271298,0.1164333363905843,
2025-05-09,us consulate jakarta pusat,,0.0001326131599895747,0.1181270460671922,
2025-05-10,kelapa gading,,,0.1190449974128215,-0.000567
2025-05-10,komp angkasa pura jakarta pusat,,,0.1190449974128215,-0.000567
2025-05-10,lubang buaya,,,0.1174629407976394,
2025-05-10,us consulate jakarta pusat,,,0.1190449974128215,
2025-05-11,bundaran hotel indonesia,,5.662320134269046e-05,0.1194921215899474,
2025-05-11,jagakarsa,,5.662320134269046e-05,0.1195471306289745,
2025-05-11,jalan bdn ii,0.030818091387374,7.073451316397382e-05,0.1190251476423029,
2025-05-11,kebon jeruk,,5.662320134269046e-05,0.1194921215899474,
2025-05-11,kelapa gading,,7.2639511195125e-05,0.1197774246326924,
2025-05-11,komp angkasa pura jakarta pusat,,7.2639511195125e-05,0.1197774246326924,
2025-05-11,lubang buaya,0.0306276765904317,7.829566506299824e-05,0.1188065951969798,
2025-05-11,us consulate jakarta pusat,,7.2639511195125e-05,0.1197774246326924,
2025-05-12,bundaran hotel indonesia,,6.118629540769392e-05,0.1191009474013399,
2025-05-12,jagakarsa,,6.118629540769392e-05,0.1187250907494968,
2025-05-12,jalan bdn ii,,5.6438836246024187e-05,0.1185711670047401,
2025-05-12,kebon jeruk,,6.118629540769392e-05,0.1191009474013399,
2025-05-12,kelapa gading,,6.154531249204343e-05,0.1197067868536093,
2025-05-12,komp angkasa pura jakarta pusat,,6.154531249204343e-05,0.1197067868536093,
2025-05-12,lubang buaya,,3.66137438874732e-05,0.1193552540240936,
2025-05-12,us consulate jakarta pusat,,6.154531249204343e-05,0.1197067868536093,
2025-05-13,bundaran hotel indonesia,0.0325526444814661,0.0001392977903725275,0.1192518873222129,-2.76e-05
2025-05-13,jagakarsa,0.0325526444814661,0.0001392977903725275,0.1189628060649117,0.0001328639766643131
2025-05-13,jalan bdn ii,0.0270123051662267,8.66674880881212e-05,0.1184857402221939,0.0002047880011353412
2025-05-13,kebon jeruk,0.0325526444814661,0.0001392977903725275,0.1192518873222129,2.740089468093215e-05
2025-05-13,kelapa gading,0.0353655599544105,0.0001796435670761555,0.1195231382757556,0.00013332283433196168
2025-05-13,komp angkasa pura jakarta pusat,0.0353655599544105,0.0001796435670761555,0.1195231382757556,0.0001328639766643131
2025-05-13,lubang buaya,0.0309835597580684,0.00010687704887103352,0.1181567551713727,8.493296691920356e-05
2025-05-13,us consulate jakarta pusat,0.0353655599544105,0.0001796435670761555,0.1195231382757556,-2.76e-05
2025-05-14,bundaran hotel indonesia,0.0319525864334406,0.00030138727934157105,0.1191343644219774,0.0001994806276883904
2025-05-14,jagakarsa,0.0319525864334406,0.00030138727934157105,0.1191343644219774,0.0002074841139271469
2025-05-14,jalan bdn ii,0.0294180349835107,0.000306789218606784,0.1189076570232644,
2025-05-14,kebon jeruk,0.0319525864334406,0.00030138727934157105,0.1191343644219774,
2025-05-14,kelapa gading,0.0296061862243514,0.0002859760321375985,0.1193613454567931,0.0002450218308324578
2025-05-14,komp angkasa pura jakarta pusat,0.0296061862243514,0.0002859760321375985,0.1193613454567931,0.0002074841139271469
2025-05-14,lubang buaya,0.0296583864485411,0.000245061419078122,0.1183924071256096,
2025-05-14,us consulate jakarta pusat,0.0296061862243514,0.0002859760321375985,0.1193613454567931,0.0001994806276883904
2025-05-15,bundaran hotel indonesia,,0.0002196426287983316,0.1193619338893089,
2025-05-15,jagakarsa,,0.0002196426287983316,0.1193619338893089,
2025-05-15,jalan bdn ii,,0.00023792422899037908,0.1195110987416069,
2025-05-15,kebon jeruk,,0.0002196426287983316,0.1193619338893089,
2025-05-15,kelapa gading,,0.00017794329930171513,0.1202131338691063,
2025-05-15,komp angkasa pura jakarta pusat,,0.00017794329930171513,0.1202131338691063,
2025-05-15,lubang buaya,,0.00018977077853603097,0.1207689706053907,
2025-05-15,us consulate jakarta pusat,,0.00017794329930171513,0.1202131338691063,
2025-05-16,bundaran hotel indonesia,,0.00015817357340447365,0.119325263434554,
2025-05-16,jagakarsa,,0.00015817357340447365,0.119325263434554,
2025-05-16,jalan bdn ii,0.0340590477703626,0.00015185920392990276,0.1190683452743045,-9.6e-05
2025-05-16,kebon jeruk,,0.00015817357340447365,0.119325263434554,-9.6e-05
2025-05-16,kelapa gading,,0.00017571541885181126,0.1193664152410659,
2025-05-16,komp angkasa pura jakarta pusat,,0.00017571541885181126,0.1193664152410659,
2025-05-16,lubang buaya,0.0340590478591619,0.00016206316896367898,0.1188098180831887,
2025-05-16,us consulate jakarta pusat,,0.00017571541885181126,0.1193664152410659,
2025-05-17,bundaran hotel indonesia,,0.00012424352419052325,0.1172604899329497,
2025-05-17,jagakarsa,,0.00012424352419052325,0.1172604899329497,
2025-05-17,jalan bdn ii,0.034660853320359,0.0001832756884931233,0.120885844198695,
2025-05-17,kebon jeruk,,0.00012424352419052325,0.1172604899329497,
2025-05-17,kelapa gading,,,0.117953315193811,
2025-05-17,komp angkasa pura jakarta pusat,,,0.117953315193811,
2025-05-17,lubang buaya,0.0350410751861734,0.00017831589884792644,0.1200253967424877,
2025-05-17,us consulate jakarta pusat,,,0.117953315193811,
2025-05-18,bundaran hotel indonesia,0.0365927886691215,0.00017617105400048115,0.1163355796395281,-6.88e-05
2025-05-18,jagakarsa,0.0365927886691215,0.00017617105400048115,0.1163355796395281,-6.28e-05
2025-05-18,jalan bdn ii,0.0317905291549575,8.40800576575505e-05,0.1164992367393797,0.0001149943120383882
2025-05-18,kebon jeruk,0.0365927886691215,0.00017617105400048115,0.1163355796395281,7.904355944603507e-05
2025-05-18,kelapa gading,0.0369381774899365,0.0002471818876113508,0.1164881894935637,-9.61e-05
2025-05-18,komp angkasa pura jakarta pusat,0.0369381774899365,0.0002471818876113508,0.1164881894935637,-6.28e-05
2025-05-18,lubang buaya,0.0318669029146608,0.00011645408477721228,0.1157977912676288,0.00010510477350208748
2025-05-18,us consulate jakarta pusat,0.0369381774899365,0.0002471818876113508,0.1164881894935637,-6.88e-05
2025-05-19,bundaran hotel indonesia,,0.00025054366864694786,0.1168397476492959,2.3155751313733155e-05
2025-05-19,jagakarsa,,0.00025054366864694786,0.1168397476492959,0.0002035833539060937
2025-05-19,jalan bdn ii,0.0343385482906082,0.00012181579841140489,0.1171691409376044,7.378009587805528e-05
2025-05-19,kebon jeruk,,0.00025054366864694786,0.1168397476492959,0.0002281741598665077
2025-05-19,kelapa gading,0.0350223522417995,0.00024147365477600164,0.1175545350681947,0.00019167363584411475
2025-05-19,komp angkasa pura jakarta pusat,0.0350223522417995,0.00024147365477600164,0.1175545350681947,0.0002035833539060937
2025-05-19,lubang buaya,0.0331819620019381,0.00016628466605074407,0.1173814201704811,9.143450306499646e-05
2025-05-19,us consulate jakarta pusat,0.0350223522417995,0.00024147365477600164,0.1175545350681947,2.3155751313733155e-05
2025-05-20,bundaran hotel indonesia,,0.00021109224704674509,0.1150376548614209,
2025-05-20,jagakarsa,,0.00021109224704674509,0.1150376548614209,-8.72e-05
2025-05-20,jalan bdn ii,,0.00015464154514942355,0.1148259186520141,
2025-05-20,kebon jeruk,,0.00021109224704674509,0.1150376548614209,
2025-05-20,kelapa gading,,0.0001271403099992895,0.1157544758960475,-0.000137
2025-05-20,komp angkasa pura jakarta pusat,,0.0001271403099992895,0.1157544758960475,-0.000137
2025-05-20,lubang buaya,0.0340435845781016,0.0001073412109779335,0.1153660342468254,
2025-05-20,us consulate jakarta pusat,,0.0001271403099992895,0.1157544758960475,
2025-05-21,bundaran hotel indonesia,,0.0001056656261521024,0.1167396231596188,
2025-05-21,jagakarsa,,0.0001056656261521024,0.1167396231596188,
2025-05-21,jalan bdn ii,,0.0001305417459525452,0.1166607434515616,
2025-05-21,kebon jeruk,,0.0001056656261521024,0.1167396231596188,
2025-05-21,kelapa gading,,0.00011488210064355264,0.1158339647944178,
2025-05-21,komp angkasa pura jakarta pusat,,0.00011488210064355264,0.1158339647944178,
2025-05-21,lubang buaya,,0.00010274648036327144,0.1157957566681438,
2025-05-21,us consulate jakarta pusat,,0.00011488210064355264,0.1158339647944178,
2025-05-22,bundaran hotel indonesia,0.0286555584480249,0.00010915505842106757,0.1157581709007275,
2025-05-22,jagakarsa,0.0286555584480249,0.00010915505842106757,0.1157581709007275,
2025-05-22,jalan bdn ii,0.0289505660049384,0.00014281657244875532,0.1166823323698936,
2025-05-22,kebon jeruk,0.0286555584480249,0.00010915505842106757,0.1157581709007275,
2025-05-22,kelapa gading,0.0302942148227826,0.00012980749550954817,0.1156919701710192,
2025-05-22,komp angkasa pura jakarta pusat,0.0302942148227826,0.00012980749550954817,0.1156919701710192,
2025-05-22,lubang buaya,0.028644224049261,0.00014612223332066102,0.1160845478154695,
2025-05-22,us consulate jakarta pusat,0.0302942148227826,0.00012980749550954817,0.1156919701710192,
2025-05-23,bundaran hotel indonesia,,0.0002676096689626787,0.1195397407835854,
2025-05-23,jagakarsa,,0.0002676096689626787,0.1195397407835854,
2025-05-23,jalan bdn ii,0.0357077277242815,0.0002944274956141411,0.1196288902211191,
2025-05-23,kebon jeruk,,0.0002676096689626787,0.1195397407835854,
2025-05-23,kelapa gading,,0.00034843783984056536,0.1192752488432196,
2025-05-23,komp angkasa pura jakarta pusat,,0.00034843783984056536,0.1192752488432196,
2025-05-23,lubang buaya,,0.00028516499694806644,0.1192341644708988,
2025-05-23,us consulate jakarta pusat,,0.00034843783984056536,0.1192752488432196,
2025-05-24,bundaran hotel indonesia,0.0296479465301794,0.0001895993233296352,0.1160958498794149,
2025-05-24,jagakarsa,0.0296479465301794,0.0001895993233296352,0.1160958498794149,0.00016559699244018651
2025-05-24,jalan bdn ii,0.0296337344363112,0.00012000362653003304,0.1173094327273945,-0.000176
2025-05-24,kebon jeruk,0.0296479465301794,0.0001895993233296352,0.1160958498794149,
2025-05-24,kelapa gading,0.0294603504009948,0.00018580312606618896,0.1160949887312969,0.00028427012739715965
2025-05-24,komp angkasa pura jakarta pusat,0.0294603504009948,0.00018580312606618896,0.1160949887312969,0.00016559699244018651
2025-05-24,lubang buaya,0.0310597662348564,0.00014801872854516344,0.1171871806437539,
2025-05-24,us consulate jakarta pusat,0.0294603504009948,0.00018580312606618896,0.1160949887312969,
2025-05-25,bundaran hotel indonesia,,,0.1158319113950063,
2025-05-25,jagakarsa,,,0.1158319113950063,
2025-05-25,jalan bdn ii,,,0.1157991021068837,
2025-05-25,kebon jeruk,,,0.1158319113950063,
2025-05-25,kelapa gading,,,0.1156628817955762,
2025-05-25,komp angkasa pura jakarta pusat,,,0.1156628817955762,
2025-05-25,lubang buaya,,,0.1151486407612068,
2025-05-25,us consulate jakarta pusat,,,0.1156628817955762,
2025-05-26,bundaran hotel indonesia,,,0.1185540348940701,
2025-05-26,jagakarsa,,,0.1185540348940701,
2025-05-26,jalan bdn ii,,,0.1177673802612163,
2025-05-26,kebon jeruk,,,0.1185540348940701,
2025-05-26,kelapa gading,,9.021089973776696e-05,0.1176196907342649,
2025-05-26,komp angkasa pura jakarta pusat,,9.021089973776696e-05,0.1176196907342649,
2025-05-26,lubang buaya,,0.00010255771734155886,0.1179746957950077,
2025-05-26,us consulate jakarta pusat,,9.021089973776696e-05,0.1176196907342649,
2025-05-27,bundaran hotel indonesia,0.02605347846126,9.742121677526918e-05,0.1180467686249734,-3.86e-05
2025-05-27,jagakarsa,0.02605347846126,9.742121677526918e-05,0.1180467686249734,-2.24e-05
2025-05-27,jalan bdn ii,0.0244381324350006,6.901846970428894e-05,0.1187779680812288,6.566980402967335e-05
2025-05-27,kebon jeruk,0.02605347846126,9.742121677526918e-05,0.1180467686249734,-5.14e-05
2025-05-27,kelapa gading,0.0263912642929145,0.00011222924940608594,0.1181248929916891,0.00015402258728990342
2025-05-27,komp angkasa pura jakarta pusat,0.0263912642929145,0.00011222924940608594,0.1181248929916891,-2.24e-05
2025-05-27,lubang buaya,0.0243576754126115,8.7876363562331e-05,0.118608862115684,0.00015186304496890454
2025-05-27,us consulate jakarta pusat,0.0263912642929145,0.00011222924940608594,0.1181248929916891,-3.86e-05
2025-05-28,bundaran hotel indonesia,0.0417444844711953,0.00024118729369220827,0.1176784873513282,0.00016350456136572834
2025-05-28,jagakarsa,0.0417444844711953,0.00024118729369220827,0.1176784873513282,6.508490973464013e-05
2025-05-28,jalan bdn ii,0.0326397056561463,0.0002004106267569902,0.1182526944921,0.00014936008632087034
2025-05-28,kebon jeruk,0.0417444844711953,0.00024118729369220827,0.1176784873513282,0.00014253645285496565
2025-05-28,kelapa gading,0.0426393338007334,0.0004841310902342009,0.1185633056665785,0.0001871253544318821
2025-05-28,komp angkasa pura jakarta pusat,0.0426393338007334,0.0004841310902342009,0.1185633056665785,6.508490973464013e-05
2025-05-28,lubang buaya,0.0358363189151267,0.0002978957067425885,0.1181610109097787,
2025-05-28,us consulate jakarta pusat,0.0426393338007334,0.0004841310902342009,0.1185633056665785,0.00016350456136572834
2025-05-29,bundaran hotel indonesia,0.0430483557813591,0.0002647358965559034,0.1169665176855561,
2025-05-29,jagakarsa,0.0430483557813591,0.0002647358965559034,0.1169665176855561,0.000120482586737981
2025-05-29,jalan bdn ii,0.0418164977442083,0.00023163489493994852,0.1163488032743935,
2025-05-29,kebon jeruk,0.0430483557813591,0.0002647358965559034,0.1169665176855561,
2025-05-29,kelapa gading,0.0351517322043972,0.00024369761444709156,0.1168864881534672,-9.3e-06
2025-05-29,komp angkasa pura jakarta pusat,0.0351517322043972,0.00024369761444709156,0.1168864881534672,0.000120482586737981
2025-05-29,lubang buaya,0.0347172273878728,0.00018786676937370555,0.1172243097352244,
2025-05-29,us consulate jakarta pusat,0.0351517322043972,0.00024369761444709156,0.1168864881534672,
2025-05-30,bundaran hotel indonesia,0.0353484198865448,0.0002335535954055993,0.1149135845141101,2.7273737785339012e-05
2025-05-30,jagakarsa,0.0353484198865448,0.0002335535954055993,0.1149135845141101,0.00019510729694898927
2025-05-30,jalan bdn ii,0.0372364703051166,0.000286464559200593,0.1142195109596534,
2025-05-30,kebon jeruk,0.0353484198865448,0.0002335535954055993,0.1149135845141101,5.746437991314147e-05
2025-05-30,kelapa gading,0.0331143212784637,0.00024502917728380993,0.1150389675506522,3.4918003720321496e-05
2025-05-30,komp angkasa pura jakarta pusat,0.0331143212784637,0.00024502917728380993,0.1150389675506522,0.00019510729694898927
2025-05-30,lubang buaya,0.0340017815258819,0.0002721303628225691,0.1149022455332767,
2025-05-30,us consulate jakarta pusat,0.0331143212784637,0.00024502917728380993,0.1150389675506522,2.7273737785339012e-05
2025-05-31,bundaran hotel indonesia,0.0372683521336763,0.00024641972302289096,0.1158001562843019,-1.51e-05
2025-05-31,jagakarsa,0.0372683521336763,0.00024641972302289096,0.1158001562843019,0.0002034827933501235
2025-05-31,jalan bdn ii,0.0337212930850984,0.00016584383105265534,0.1156128126903437,0.00014077266709760955
2025-05-31,kebon jeruk,0.0372683521336763,0.00024641972302289096,0.1158001562843019,9.428525705603288e-05
2025-05-31,kelapa gading,0.0358689590085395,0.00027757393804320765,0.1154673118795261,0.0001299632741094285
2025-05-31,komp angkasa pura jakarta pusat,0.0358689590085395,0.00027757393804320765,0.1154673118795261,0.0002034827933501235
2025-05-31,lubang buaya,0.0331407686428485,0.00017226542436417607,0.114775191488065,
2025-05-31,us consulate jakarta pusat,0.0358689590085395,0.00027757393804320765,0.1154673118795261,-1.51e-05
2025-06-01,bundaran hotel indonesia,,,0.1146324989037502,
2025-06-01,jagakarsa,,,0.1146324989037502,
2025-06-01,jalan bdn ii,,,0.1151422686737805,
2025-06-01,kebon jeruk,,,0.1146324989037502,
2025-06-01,kelapa gading,,,0.114603640622166,
2025-06-01,komp angkasa pura jakarta pusat,,,0.114603640622166,
2025-06-01,lubang buaya,,,0.1145320191986483,
2025-06-01,us consulate jakarta pusat,,,0.114603640622166,
2025-06-02,bundaran hotel indonesia,0.0328206274971775,0.0003756185409495456,0.113658779797327,
2025-06-02,jagakarsa,0.0328206274971775,0.0003756185409495456,0.113658779797327,0.00017557469541359773
2025-06-02,jalan bdn ii,0.033217205470955,0.00023029646866977368,0.1142200793743286,0.00021059719026116235
2025-06-02,kebon jeruk,0.0328206274971775,0.0003756185409495456,0.113658779797327,
2025-06-02,kelapa gading,0.0334819250744481,0.0002809788652429502,0.1141090933510578,0.0002625443776307514
2025-06-02,komp angkasa pura jakarta pusat,0.0334819250744481,0.0002809788652429502,0.1141090933510578,0.00017557469541359773
2025-06-02,lubang buaya,0.0334236007200348,0.000204220085302882,0.114411197662228,
2025-06-02,us consulate jakarta pusat,0.0334819250744481,0.0002809788652429502,0.1141090933510578,
2025-06-03,bundaran hotel indonesia,0.0363359713311807,0.0004966436742745498,0.1127925928732181,8.330157673883504e-05
2025-06-03,jagakarsa,0.0363359713311807,0.0004966436742745498,0.1127925928732181,9.88564960917936e-05
2025-06-03,jalan bdn ii,,0.00031344086038457083,0.1137596246680364,-6.32e-05
2025-06-03,kebon jeruk,0.0363359713311807,0.0004966436742745498,0.1127925928732181,6.111170398502595e-05
2025-06-03,kelapa gading,0.0342053588070035,0.0005130680836221507,0.113787587971899,9.035971225520246e-06
2025-06-03,komp angkasa pura jakarta pusat,0.0342053588070035,0.0005130680836221507,0.113787587971899,9.88564960917936e-05
2025-06-03,lubang buaya,,0.00020008032263940607,0.1139543299222064,-0.000253
2025-06-03,us consulate jakarta pusat,0.0342053588070035,0.0005130680836221507,0.113787587971899,8.330157673883504e-05
2025-06-04,bundaran hotel indonesia,0.0285786979684505,0.0006694304779114684,0.11397869491616,0.00020551115615627445
2025-06-04,jagakarsa,0.0285786979684505,0.0006694304779114684,0.11397869491616,0.00031401576831744787
2025-06-04,jalan bdn ii,0.0285343963202139,0.0003744039939551894,0.1136337146679045,
2025-06-04,kebon jeruk,0.0285786979684505,0.0006694304779114684,0.11397869491616,0.00013721319590372384
2025-06-04,kelapa gading,0.0293744045853939,0.00047493876732582126,0.1147547959096832,0.00022353170945128376
2025-06-04,komp angkasa pura jakarta pusat,0.0293744045853939,0.00047493876732582126,0.1147547959096832,0.00031401576831744787
2025-06-04,lubang buaya,0.0297828610993206,0.0003098270985034485,0.1137750231753866,
2025-06-04,us consulate jakarta pusat,0.0293744045853939,0.00047493876732582126,0.1147547959096832,0.00020551115615627445
2025-06-05,bundaran hotel indonesia,0.0358309547671001,0.0004164392847477915,0.1146873209539777,0.0002419205587539586
2025-06-05,jagakarsa,0.0358309547671001,0.0004164392847477915,0.1146873209539777,0.00016957003844110728
2025-06-05,jalan bdn ii,0.0350884761056179,0.0003606029399796759,0.1145989099754177,
2025-06-05,kebon jeruk,0.0358309547671001,0.0004164392847477915,0.1146873209539777,
2025-06-05,kelapa gading,0.0327801906758898,0.0003744301398128927,0.1148125586934019,0.00015422030412346228
2025-06-05,komp angkasa pura jakarta pusat,0.0327801906758898,0.0003744301398128927,0.1148125586934019,0.00016957003844110728
2025-06-05,lubang buaya,0.0307290024967745,0.0003054971784269901,0.113732814790357,
2025-06-05,us consulate jakarta pusat,0.0327801906758898,0.0003744301398128927,0.1148125586934019,0.0002419205587539586
2025-06-06,bundaran hotel indonesia,,,0.1165973938740168,
2025-06-06,jagakarsa,,,0.1165973938740168,
2025-06-06,jalan bdn ii,,0.0001102194449329707,0.1156756475864153,
2025-06-06,kebon jeruk,,,0.1165973938740168,
2025-06-06,kelapa gading,,0.00011340084254924556,0.1159075007333797,
2025-06-06,komp angkasa pura jakarta pusat,,0.00011340084254924556,0.1159075007333797,
2025-06-06,lubang buaya,,0.0001141712945228716,0.1158391494767018,
2025-06-06,us consulate jakarta pusat,,0.00011340084254924556,0.1159075007333797,
2025-06-07,bundaran hotel indonesia,0.0427712669121966,0.00015552434033116517,0.1151570055721668,4.4262036790089615e-05
2025-06-07,jagakarsa,0.0427712669121966,0.00015552434033116517,0.1151570055721668,0.00024922917781655283
2025-06-07,jalan bdn ii,0.0390085342743784,0.0001433625989618232,0.1148451658175691,0.0001975782572293253
2025-06-07,kebon jeruk,0.0427712669121966,0.00015552434033116517,0.1151570055721668,
2025-06-07,kelapa gading,0.050373768616125,0.00016311665327828345,0.1154420506059414,7.04454522143644e-05
2025-06-07,komp angkasa pura jakarta pusat,0.050373768616125,0.00016311665327828345,0.1154420506059414,0.00024922917781655283
2025-06-07,lubang buaya,0.0472613097980193,0.0001842613595117576,0.1154340675188369,-0.000103
2025-06-07,us consulate jakarta pusat,0.050373768616125,0.00016311665327828345,0.1154420506059414,4.4262036790089615e-05
2025-06-08,bundaran hotel indonesia,0.0377190164915729,0.00021211978064716668,0.1151794829958826,
2025-06-08,jagakarsa,0.0377190164915729,0.00021211978064716668,0.1151794829958826,0.0002621005624617336
2025-06-08,jalan bdn ii,0.0347209294959066,0.00014431050477465277,0.1149995218805204,-2.19e-05
2025-06-08,kebon jeruk,0.0377190164915729,0.00021211978064716668,0.1151794829958826,
2025-06-08,kelapa gading,0.0397061935321449,0.00030529701593516183,0.1151749455018632,9.90783490394005e-05
2025-06-08,komp angkasa pura jakarta pusat,0.0397061935321449,0.00030529701593516183,0.1151749455018632,0.0002621005624617336
2025-06-08,lubang buaya,0.0372945513521294,0.0001958360606029116,0.115573092012443,5.331457812894204e-05
2025-06-08,us consulate jakarta pusat,0.0397061935321449,0.00030529701593516183,0.1151749455018632,
2025-06-09,bundaran hotel indonesia,0.0355942194466063,0.0003443460729045991,0.1138910966515988,0.00015589358198038475
2025-06-09,jagakarsa,0.0355942194466063,0.0003443460729045991,0.1138910966515988,2.24212863868044e-05
2025-06-09,jalan bdn ii,0.0366621686089382,0.0002826364207329625,0.1138226172397054,
2025-06-09,kebon jeruk,0.0355942194466063,0.0003443460729045991,0.1138910966515988,0.0001465907861474597
2025-06-09,kelapa gading,0.0334722642956162,0.0002284629957698483,0.1131633007561736,-2.27e-05
2025-06-09,komp angkasa pura jakarta pusat,0.0334722642956162,0.0002284629957698483,0.1131633007561736,2.24212863868044e-05
2025-06-09,lubang buaya,0.0319601024426154,0.00021795368399998413,0.1135803290235004,
2025-06-09,us consulate jakarta pusat,0.0334722642956162,0.0002284629957698483,0.1131633007561736,0.00015589358198038475
2025-06-10,bundaran hotel indonesia,0.0352787622559512,0.00034040408427838824,0.1143940264066415,
2025-06-10,jagakarsa,0.0352787622559512,0.00034040408427838824,0.1143940264066415,0.00015507963873189108
2025-06-10,jalan bdn ii,0.0386028843171378,0.0002370419302478356,0.11377849344299,
2025-06-10,kebon jeruk,0.0352787622559512,0.00034040408427838824,0.1143940264066415,
2025-06-10,kelapa gading,0.0382251338690399,0.0002522118697759056,0.1145531743761251,
2025-06-10,komp angkasa pura jakarta pusat,0.0382251338690399,0.0002522118697759056,0.1145531743761251,0.00015507963873189108
2025-06-10,lubang buaya,0.0384802137087124,0.00020163296846996268,0.1133443500381567,
2025-06-10,us consulate jakarta pusat,0.0382251338690399,0.0002522118697759056,0.1145531743761251,
2025-06-11,bundaran hotel indonesia,,,0.1151305054843096,
2025-06-11,jagakarsa,,,0.1151305054843096,-0.000145
2025-06-11,jalan bdn ii,,,0.1140003984217687,
2025-06-11,kebon jeruk,,,0.1151305054843096,
2025-06-11,kelapa gading,,0.00010446340651067237,0.1155345306821607,0.0003105487876510618
2025-06-11,komp angkasa pura jakarta pusat,,0.00010446340651067237,0.1155345306821607,-0.000145
2025-06-11,lubang buaya,,9.2962729503975e-05,0.1140518524021948,
2025-06-11,us consulate jakarta pusat,,0.00010446340651067237,0.1155345306821607,
2025-06-12,bundaran hotel indonesia,0.034657942350973,0.00013119262563323993,0.116361586332283,-6.28e-05
2025-06-12,jagakarsa,0.034657942350973,0.00013119262563323993,0.116361586332283,9.011600609294766e-05
2025-06-12,jalan bdn ii,0.035564020857996,0.0001301140616106508,0.1168619479079679,0.00020948375883834
2025-06-12,kebon jeruk,0.034657942350973,0.00013119262563323993,0.116361586332283,-6.28e-05
2025-06-12,kelapa gading,0.031389775672182,0.00011447190149337817,0.1158820356399615,-0.000142
2025-06-12,komp angkasa pura jakarta pusat,0.031389775672182,0.00011447190149337817,0.1158820356399615,-0.000142
2025-06-12,lubang buaya,0.0335156063218777,0.00013409186321449243,0.1166110470611859,3.1025895060915306e-05
2025-06-12,us consulate jakarta pusat,0.031389775672182,0.00011447190149337817,0.1158820356399615,-7.4e-05
2025-06-13,bundaran hotel indonesia,0.0335003702214558,0.00013991976774388768,0.1149283816948214,9.587899048178244e-05
2025-06-13,jagakarsa,0.0335003702214558,0.00013991976774388768,0.1149283816948214,0.00010191496946998048
2025-06-13,jalan bdn ii,0.0309862130771818,0.0001333618555916159,0.1155600316965243,0.000205732407590742
2025-06-13,kebon jeruk,0.0335003702214558,0.00013991976774388768,0.1149283816948214,8.517489669839434e-06
2025-06-13,kelapa gading,0.0350052745988075,0.0001864312154186349,0.1140753957056941,0.0001324803773860251
2025-06-13,komp angkasa pura jakarta pusat,0.0350052745988075,0.0001864312154186349,0.1140753957056941,0.00010191496946998048
2025-06-13,lubang buaya,0.0317479881965122,0.00012132417543098508,0.1154504887239595,-6.83e-05
2025-06-13,us consulate jakarta pusat,0.0350052745988075,0.0001864312154186349,0.1140753957056941,9.587899048178244e-05
2025-06-14,bundaran hotel indonesia,0.0304742007642289,7.040468068901967e-05,0.1133841127775401,
2025-06-14,jagakarsa,0.0304742007642289,7.040468068901967e-05,0.1133841127775401,
2025-06-14,jalan bdn ii,0.0316917219788799,9.121927480004384e-05,0.1137251261789257,
2025-06-14,kebon jeruk,0.0304742007642289,7.040468068901967e-05,0.1133841127775401,
2025-06-14,kelapa gading,0.029274794814274,7.403520688892782e-05,0.1143278791484069,
2025-06-14,komp angkasa pura jakarta pusat,0.029274794814274,7.403520688892782e-05,0.1143278791484069,
2025-06-14,lubang buaya,0.029407612951214,6.849877590777448e-05,0.1147057347948464,
2025-06-14,us consulate jakarta pusat,0.029274794814274,7.403520688892782e-05,0.1143278791484069,
2025-06-15,bundaran hotel indonesia,0.0299232337809387,0.00012078763435109728,0.1142166768203958,
2025-06-15,jagakarsa,0.0299232337809387,0.00012078763435109728,0.1142166768203958,
2025-06-15,jalan bdn ii,0.0299397057671922,0.00011842899923156937,0.1132976392228338,-0.000176
2025-06-15,kebon jeruk,0.0299232337809387,0.00012078763435109728,0.1142166768203958,
2025-06-15,kelapa gading,0.028862772458361,0.0001070473293554962,0.115130789502388,
2025-06-15,komp angkasa pura jakarta pusat,0.028862772458361,0.0001070473293554962,0.115130789502388,
2025-06-15,lubang buaya,0.0292902299486454,9.21988199570145e-05,0.1144646516359461,-0.000176
2025-06-15,us consulate jakarta pusat,0.028862772458361,0.0001070473293554962,0.115130789502388,
2025-06-16,bundaran hotel indonesia,0.0324208711498868,0.0001516335074826119,0.1161899708482668,3.305166175252128e-05
2025-06-16,jagakarsa,0.0324208711498868,0.0001516335074826119,0.1161899708482668,-1.57e-05
2025-06-16,jalan bdn ii,0.0327922030970369,0.00013285656567140925,0.1172100087209358,5.599258288729531e-05
2025-06-16,kebon jeruk,0.0324208711498868,0.0001516335074826119,0.1161899708482668,-1.04e-05
2025-06-16,kelapa gading,0.0321298840220932,0.00011243186252328644,0.1173052911124089,6.488523093421106e-05
2025-06-16,komp angkasa pura jakarta pusat,0.0321298840220932,0.00011243186252328644,0.1173052911124089,-1.57e-05
2025-06-16,lubang buaya,0.0335317906091652,0.00010294753430568184,0.1165286831141685,5.734200440225193e-05
2025-06-16,us consulate jakarta pusat,0.0321298840220932,0.00011243186252328644,0.1173052911124089,3.305166175252128e-05
2025-06-17,bundaran hotel indonesia,0.0344962517354887,0.0002992378288793019,0.1145611606245995,-2.41e-05
2025-06-17,jagakarsa,0.0344962517354887,0.0002992378288793019,0.1145611606245995,0.0001276790787977836
2025-06-17,jalan bdn ii,0.0334000887093318,0.00027672896006315247,0.1140341403216867,
2025-06-17,kebon jeruk,0.0344962517354887,0.0002992378288793019,0.1145611606245995,-0.000109
2025-06-17,kelapa gading,0.0331984027722014,0.00026111568919791865,0.1144835720902285,0.00018000740084454867
2025-06-17,komp angkasa pura jakarta pusat,0.0331984027722014,0.00026111568919791865,0.1144835720902285,0.0001276790787977836
2025-06-17,lubang buaya,0.0321853781511943,0.000226722086352789,0.1139301363815297,
2025-06-17,us consulate jakarta pusat,0.0331984027722014,0.00026111568919791865,0.1144835720902285,-2.41e-05
2025-06-18,bundaran hotel indonesia,,0.00016808417158891786,0.1173892376295676,
2025-06-18,jagakarsa,,0.00016808417158891786,0.1173892376295676,
2025-06-18,jalan bdn ii,0.0329009000557621,0.000150390242108532,0.1170852935368276,
2025-06-18,kebon jeruk,,0.00016808417158891786,0.1173892376295676,
2025-06-18,kelapa gading,0.0365902038571479,0.0002189117829411944,0.1176233817147083,
2025-06-18,komp angkasa pura jakarta pusat,0.0365902038571479,0.0002189117829411944,0.1176233817147083,
2025-06-18,lubang buaya,,0.0001322939077385916,0.1170358198631423,
2025-06-18,us consulate jakarta pusat,0.0365902038571479,0.0002189117829411944,0.1176233817147083,
2025-06-19,bundaran hotel indonesia,,0.00021549815105330263,0.1153951102290591,
2025-06-19,jagakarsa,,0.00021549815105330263,0.1153951102290591,
2025-06-19,jalan bdn ii,,,0.1151142963296739,
2025-06-19,kebon jeruk,,0.00021549815105330263,0.1153951102290591,
2025-06-19,kelapa gading,,0.00023191550342160187,0.1158661510406743,
2025-06-19,komp angkasa pura jakarta pusat,,0.00023191550342160187,0.1158661510406743,
2025-06-19,lubang buaya,,,0.1156235771642448,
2025-06-19,us consulate jakarta pusat,,0.00023191550342160187,0.1158661510406743,
2025-06-20,bundaran hotel indonesia,0.0296304211989746,0.00012759481759488662,0.1131541263130184,0.0007897101690689777
2025-06-20,jagakarsa,0.0296304211989746,0.00012759481759488662,0.1131541263130184,
2025-06-20,jalan bdn ii,0.0387696315776766,0.0001668540029264994,0.1145862815301113,0.0011512217622346
2025-06-20,kebon jeruk,0.0296304211989746,0.00012759481759488662,0.1131541263130184,0.0011454755852004
2025-06-20,kelapa gading,0.0297548345913557,0.00011334838346951797,0.1134808194925874,0.0005236751570177839
2025-06-20,komp angkasa pura jakarta pusat,0.0297548345913557,0.00011334838346951797,0.1134808194925874,
2025-06-20,lubang buaya,0.0306327551726215,0.00015903977644640734,0.1137209041487888,0.0013081679024277
2025-06-20,us consulate jakarta pusat,0.0297548345913557,0.00011334838346951797,0.1134808194925874,0.0007897101690689777
2025-06-21,bundaran hotel indonesia,0.0276649892568478,0.00012457813517294808,0.1134055860959646,
2025-06-21,jagakarsa,0.0276649892568478,0.00012457813517294808,0.1134055860959646,
2025-06-21,jalan bdn ii,,0.00011305980320978628,0.1128029257120502,
2025-06-21,kebon jeruk,0.0276649892568478,0.00012457813517294808,0.1134055860959646,
2025-06-21,kelapa gading,0.0276649893333707,0.00010113094012312148,0.1134964625128244,
2025-06-21,komp angkasa pura jakarta pusat,0.0276649893333707,0.00010113094012312148,0.1134964625128244,
2025-06-21,lubang buaya,0.0287761836708221,0.00013983671862603992,0.113140947310531,
2025-06-21,us consulate jakarta pusat,0.0276649893333707,0.00010113094012312148,0.1134964625128244,
2025-06-22,bundaran hotel indonesia,0.0295587578360268,0.00010021361684619452,0.1113425980531439,
2025-06-22,jagakarsa,0.0295587578360268,0.00010021361684619452,0.1113425980531439,-0.000174
2025-06-22,jalan bdn ii,0.0293329416658455,0.00010830468205488352,0.1132125807849536,
2025-06-22,kebon jeruk,0.0295587578360268,0.00010021361684619452,0.1113425980531439,
2025-06-22,kelapa gading,0.0296268401359725,8.565652598291794e-05,0.1117933575354177,-0.000228
2025-06-22,komp angkasa pura jakarta pusat,0.0296268401359725,8.565652598291794e-05,0.1117933575354177,-0.000228
2025-06-22,lubang buaya,0.0293169622140504,0.00010387436623583344,0.112492999379218,
2025-06-22,us consulate jakarta pusat,0.0296268401359725,8.565652598291794e-05,0.1117933575354177,
2025-06-23,bundaran hotel indonesia,0.0278944390943722,0.00014768770354391046,0.1134016099456277,
2025-06-23,jagakarsa,0.0278944390943722,0.00014768770354391046,0.1134016099456277,-0.000407
2025-06-23,jalan bdn ii,0.0264005550885903,0.00016980445876792362,0.1135568046939804,
2025-06-23,kebon jeruk,0.0278944390943722,0.00014768770354391046,0.1134016099456277,-9.39e-05
2025-06-23,kelapa gading,0.0295517580621067,0.00013772667915170811,0.113507930793211,6.013559211005202e-05
2025-06-23,komp angkasa pura jakarta pusat,0.0295517580621067,0.00013772667915170811,0.113507930793211,-0.000407
2025-06-23,lubang buaya,0.0308036713994983,0.00015210408587246893,0.1123807092081426,
2025-06-23,us consulate jakarta pusat,0.0295517580621067,0.00013772667915170811,0.113507930793211,
2025-06-24,bundaran hotel indonesia,,,0.1180155412149645,
2025-06-24,jagakarsa,,,0.1180155412149645,
2025-06-24,jalan bdn ii,,0.00015052216262352437,0.1176036551051973,
2025-06-24,kebon jeruk,,,0.1180155412149645,
2025-06-24,kelapa gading,,0.0001444211882613619,0.1176524048652086,
2025-06-24,komp angkasa pura jakarta pusat,,0.0001444211882613619,0.1176524048652086,
2025-06-24,lubang buaya,,0.0001617150371401367,0.1170224333571558,
2025-06-24,us consulate jakarta pusat,,0.0001444211882613619,0.1176524048652086,
2025-06-25,bundaran hotel indonesia,0.0346198015627308,0.0002243332962589852,0.1165867970447594,5.344090734560693e-05
2025-06-25,jagakarsa,0.0346198015627308,0.0002243332962589852,0.1165867970447594,8.577541655013142e-05
2025-06-25,jalan bdn ii,0.0354704110753846,0.00019055726334317517,0.1161403171543561,
2025-06-25,kebon jeruk,0.0346198015627308,0.0002243332962589852,0.1165867970447594,4.580997748596533e-05
2025-06-25,kelapa gading,0.0439250834550876,0.0002599728464371348,0.1157952326889551,9.325383499082949e-05
2025-06-25,komp angkasa pura jakarta pusat,0.0439250834550876,0.0002599728464371348,0.1157952326889551,8.577541655013142e-05
2025-06-25,lubang buaya,0.0387344549844892,0.0002891401358930708,0.1154862390608858,
2025-06-25,us consulate jakarta pusat,0.0439250834550876,0.0002599728464371348,0.1157952326889551,5.344090734560693e-05
2025-06-26,bundaran hotel indonesia,0.0385122391652722,0.0003375724664814863,0.1158134685308252,0.0002653202610337302
2025-06-26,jagakarsa,0.0385122391652722,0.0003375724664814863,0.1158134685308252,0.0003236381410654501
2025-06-26,jalan bdn ii,0.0376017924019043,0.0003862192332916474,0.1151449212416258,9.028803438704704e-05
2025-06-26,kebon jeruk,0.0385122391652722,0.0003375724664814863,0.1158134685308252,0.00013773894863228022
2025-06-26,kelapa gading,0.0393045134500859,0.0003354118789496583,0.115414912941885,0.00025031261511822
2025-06-26,komp angkasa pura jakarta pusat,0.0393045134500859,0.0003354118789496583,0.115414912941885,0.0003236381410654501
2025-06-26,lubang buaya,0.0387907048226576,0.00040860734817706434,0.115152394471255,0.00012620587076190356
2025-06-26,us consulate jakarta pusat,0.0393045134500859,0.0003354118789496583,0.115414912941885,0.0002653202610337302
2025-06-27,bundaran hotel indonesia,,,0.116131841991281,
2025-06-27,jagakarsa,,,0.116131841991281,
2025-06-27,jalan bdn ii,,8.583328682465523e-05,0.1155540114944504,
2025-06-27,kebon jeruk,,,0.116131841991281,
2025-06-27,kelapa gading,,8.64213973899904e-05,0.1166213720880947,
2025-06-27,komp angkasa pura jakarta pusat,,8.64213973899904e-05,0.1166213720880947,
2025-06-27,lubang buaya,,9.742372877016197e-05,0.1153335250784953,
2025-06-27,us consulate jakarta pusat,,8.64213973899904e-05,0.1166213720880947,
2025-06-28,bundaran hotel indonesia,,,0.1178173033808867,
2025-06-28,jagakarsa,,,0.1178173033808867,
2025-06-28,jalan bdn ii,,,0.1180427005166821,
2025-06-28,kebon jeruk,,,0.1178173033808867,
2025-06-28,kelapa gading,,,0.1172144738223894,
2025-06-28,komp angkasa pura jakarta pusat,,,0.1172144738223894,
2025-06-28,lubang buaya,,,0.1174865054227559,
2025-06-28,us consulate jakarta pusat,,,0.1172144738223894,
2025-06-29,bundaran hotel indonesia,,,0.1171645699154393,
2025-06-29,jagakarsa,,,0.1171645699154393,
2025-06-29,jalan bdn ii,,,0.1174929668429881,
2025-06-29,kebon jeruk,,,0.1171645699154393,
2025-06-29,kelapa gading,,,0.1170893364750043,
2025-06-29,komp angkasa pura jakarta pusat,,,0.1170893364750043,
2025-06-29,lubang buaya,,,0.1173303963762121,
2025-06-29,us consulate jakarta pusat,,,0.1170893364750043,
2025-06-30,bundaran hotel indonesia,0.0292289561938729,0.00010337480468139263,0.1152842873883611,-9.98e-05
2025-06-30,jagakarsa,0.0292289561938729,0.00010337480468139263,0.1152842873883611,8.912306129536759e-05
2025-06-30,jalan bdn ii,0.0273972287180705,0.00010897846260990836,0.1148769097679139,-2.68e-05
2025-06-30,kebon jeruk,0.0292289561938729,0.00010337480468139263,0.1152842873883611,5.458036560622658e-05
2025-06-30,kelapa gading,0.031149381558886,9.21984188305526e-05,0.1148444210135254,-0.000289
2025-06-30,komp angkasa pura jakarta pusat,0.031149381558886,9.21984188305526e-05,0.1148444210135254,8.912306129536759e-05
2025-06-30,lubang buaya,0.0290424641695216,0.00012032211055750616,0.1141313741902419,-2.94e-05
2025-06-30,us consulate jakarta pusat,0.031149381558886,9.21984188305526e-05,0.1148444210135254,-9.98e-05
2025-07-01,bundaran hotel indonesia,0.0280194876312562,0.0002016036826751672,0.1141805505696708,0.0002330284048524079
2025-07-01,jagakarsa,0.0280194876312562,0.0002016036826751672,0.1141805505696708,0.00015661637438215456
2025-07-01,jalan bdn ii,0.0288382348273702,0.00015488698770927897,0.1130564159912385,
2025-07-01,kebon jeruk,0.0280194876312562,0.0002016036826751672,0.1141805505696708,0.000103477605933146
2025-07-01,kelapa gading,0.0278789514506008,0.00012507080314497757,0.1129559000498918,7.546919900934988e-05
2025-07-01,komp angkasa pura jakarta pusat,0.0278789514506008,0.00012507080314497757,0.1129559000498918,0.00015661637438215456
2025-07-01,lubang buaya,0.0289664738195097,0.0001359592550762883,0.1133678322053036,
2025-07-01,us consulate jakarta pusat,0.0278789514506008,0.00012507080314497757,0.1129559000498918,0.0002330284048524079
2025-07-02,bundaran hotel indonesia,0.0323936313277809,0.0001608143217117982,0.1127791654432169,
2025-07-02,jagakarsa,0.0323936313277809,0.0001608143217117982,0.1127791654432169,
2025-07-02,jalan bdn ii,0.0324767769204087,0.00014384305601482816,0.1120798020388607,
2025-07-02,kebon jeruk,0.0323936313277809,0.0001608143217117982,0.1127791654432169,
2025-07-02,kelapa gading,0.0321321222812324,0.0001256249392440153,0.1134756527907982,0.0002880488393534458
2025-07-02,komp angkasa pura jakarta pusat,0.0321321222812324,0.0001256249392440153,0.1134756527907982,
2025-07-02,lubang buaya,0.0321016235117,0.00013413919954950178,0.1126063451614563,
2025-07-02,us consulate jakarta pusat,0.0321321222812324,0.0001256249392440153,0.1134756527907982,
2025-07-03,bundaran hotel indonesia,,0.0001642744475646922,0.1133036176161124,
2025-07-03,jagakarsa,,0.0001642744475646922,0.1133036176161124,
2025-07-03,jalan bdn ii,,0.00018287618969293045,0.1136169780956628,
2025-07-03,kebon jeruk,,0.0001642744475646922,0.1133036176161124,
2025-07-03,kelapa gading,,0.00016318782323527384,0.1134014068609368,
2025-07-03,komp angkasa pura jakarta pusat,,0.00016318782323527384,0.1134014068609368,
2025-07-03,lubang buaya,,0.0001738353002940061,0.1137729008285299,
2025-07-03,us consulate jakarta pusat,,0.00016318782323527384,0.1134014068609368,
2025-07-04,bundaran hotel indonesia,0.0358621419532512,0.0003263214219161892,0.1129095413119294,0.0001531753505945448
2025-07-04,jagakarsa,0.0358621419532512,0.0003263214219161892,0.1129095413119294,0.00014679539690356554
2025-07-04,jalan bdn ii,0.0356872416920997,0.0002567329999903284,0.1124681746498601,
2025-07-04,kebon jeruk,0.0358621419532512,0.0003263214219161892,0.1129095413119294,1.3942637426503458e-05
2025-07-04,kelapa gading,0.0342993397487208,0.00024491890494982,0.1129612507119819,-1.95e-05
2025-07-04,komp angkasa pura jakarta pusat,0.0342993397487208,0.00024491890494982,0.1129612507119819,0.00014679539690356554
2025-07-04,lubang buaya,0.0353766892328464,0.00020863635397056697,0.1127402607886426,
2025-07-04,us consulate jakarta pusat,0.0342993397487208,0.00024491890494982,0.1129612507119819,0.0001531753505945448
2025-07-05,bundaran hotel indonesia,0.0359214681324093,0.00015058656073134764,0.113553396184054,-3.16e-05
2025-07-05,jagakarsa,0.0359214681324093,0.00015058656073134764,0.113553396184054,3.75979926472334e-05
2025-07-05,jalan bdn ii,0.0415351897928203,0.0002347710468245085,0.1143170898525143,-0.000299
2025-07-05,kebon jeruk,0.0359214681324093,0.00015058656073134764,0.113553396184054,-0.000269
2025-07-05,kelapa gading,0.0397167887686146,0.00020983577573647087,0.1146130496833703,-2.09e-05
2025-07-05,komp angkasa pura jakarta pusat,0.0397167887686146,0.00020983577573647087,0.1146130496833703,3.75979926472334e-05
2025-07-05,lubang buaya,0.0420492185583759,0.00026369647437586254,0.1142387991047836,-0.000108
2025-07-05,us consulate jakarta pusat,0.0397167887686146,0.00020983577573647087,0.1146130496833703,-3.16e-05
2025-07-06,bundaran hotel indonesia,0.0311333689848187,0.0001863797362042446,0.1128401180063046,
2025-07-06,jagakarsa,0.0311333689848187,0.0001863797362042446,0.1128401180063046,0.00027591074982777954
2025-07-06,jalan bdn ii,0.0303148218963009,0.0001500384753344609,0.1126503586674501,
2025-07-06,kebon jeruk,0.0311333689848187,0.0001863797362042446,0.1128401180063046,-7.68e-05
2025-07-06,kelapa gading,0.0329215180207625,0.00024300239043765768,0.1124884873373492,0.0001641391797361832
2025-07-06,komp angkasa pura jakarta pusat,0.0329215180207625,0.00024300239043765768,0.1124884873373492,0.00027591074982777954
2025-07-06,lubang buaya,0.0338202652270185,0.0002013930192060702,0.1128870451616762,
2025-07-06,us consulate jakarta pusat,0.0329215180207625,0.00024300239043765768,0.1124884873373492,
2025-07-07,bundaran hotel indonesia,0.0323966324543227,0.00024647670319830577,0.1139183638502622,-0.00012
2025-07-07,jagakarsa,0.0323966324543227,0.00024647670319830577,0.1139183638502622,-5.07e-05
2025-07-07,jalan bdn ii,0.0289446582350015,0.00025162155424922805,0.1133923637674622,
2025-07-07,kebon jeruk,0.0323966324543227,0.00024647670319830577,0.1139183638502622,-0.000186
2025-07-07,kelapa gading,0.0311194942071936,0.00017998583358797154,0.1137656129030763,2.897138654620389e-05
2025-07-07,komp angkasa pura jakarta pusat,0.0311194942071936,0.00017998583358797154,0.1137656129030763,-5.07e-05
2025-07-07,lubang buaya,0.0285815587328791,0.00016417673726901034,0.1133782256096777,
2025-07-07,us consulate jakarta pusat,0.0311194942071936,0.00017998583358797154,0.1137656129030763,-0.00012
2025-07-08,bundaran hotel indonesia,0.0281745206524666,0.0001693321027162001,0.1127473195692338,0.00012020398273582832
2025-07-08,jagakarsa,0.0281745206524666,0.0001693321027162001,0.1127473195692338,0.0001677791358493748
2025-07-08,jalan bdn ii,0.0277013847084832,0.00015365702553703478,0.1125443845097737,-5.79e-05
2025-07-08,kebon jeruk,0.0281745206524666,0.0001693321027162001,0.1127473195692338,-0.000177
2025-07-08,kelapa gading,0.0283501667705717,0.00013662500610663164,0.1138217236477531,-4.16e-05
2025-07-08,komp angkasa pura jakarta pusat,0.0283501667705717,0.00013662500610663164,0.1138217236477531,0.0001677791358493748
2025-07-08,lubang buaya,0.0276691961858724,0.000137900045186064,0.1132851137078114,3.140048899287683e-05
2025-07-08,us consulate jakarta pusat,0.0283501667705717,0.00013662500610663164,0.1138217236477531,0.00012020398273582832
2025-07-09,bundaran hotel indonesia,0.0272719167394452,0.0001245439687547177,0.112556720008338,
2025-07-09,jagakarsa,0.0272719167394452,0.0001245439687547177,0.112556720008338,0.0003202751274047677
2025-07-09,jalan bdn ii,0.0303509648236173,0.00010995325967269198,0.112696850298543,
2025-07-09,kebon jeruk,0.0272719167394452,0.0001245439687547177,0.112556720008338,
2025-07-09,kelapa gading,0.0308556996560577,0.0001541898039377077,0.113150031491127,0.0002238223567990645
2025-07-09,komp angkasa pura jakarta pusat,0.0308556996560577,0.0001541898039377077,0.113150031491127,0.0003202751274047677
2025-07-09,lubang buaya,0.03368000790506,0.00013275350881783283,0.1125827748088074,
2025-07-09,us consulate jakarta pusat,0.0308556996560577,0.0001541898039377077,0.113150031491127,
2025-07-10,bundaran hotel indonesia,0.0326555801972484,0.00016497147434780285,0.1146770639355449,0.00029838377222846064
2025-07-10,jagakarsa,0.0326555801972484,0.00016497147434780285,0.1146770639355449,0.0004180707333525517
2025-07-10,jalan bdn ii,0.0321671997698505,0.0002262871979030898,0.1138678212403006,0.0002600430696767922
2025-07-10,kebon jeruk,0.0326555801972484,0.00016497147434780285,0.1146770639355449,0.00027701967575331364
2025-07-10,kelapa gading,0.0353839978754799,0.00021371092175672947,0.1151714307402845,0.0003534746309745256
2025-07-10,komp angkasa pura jakarta pusat,0.0353839978754799,0.00021371092175672947,0.1151714307402845,0.0004180707333525517
2025-07-10,lubang buaya,0.0346831249067381,0.0003077096935775355,0.113856015952332,0.0003545747976497344
2025-07-10,us consulate jakarta pusat,0.0353839978754799,0.00021371092175672947,0.1151714307402845,0.00029838377222846064
2025-07-11,bundaran hotel indonesia,0.0314023833178497,0.0001692795021237613,0.1154018370803106,
2025-07-11,jagakarsa,0.0314023833178497,0.0001692795021237613,0.1154018370803106,0.0001896363180601818
2025-07-11,jalan bdn ii,,0.00011339829386437512,0.1150704808133824,
2025-07-11,kebon jeruk,0.0314023833178497,0.0001692795021237613,0.1154018370803106,
2025-07-11,kelapa gading,,0.00013960085196013577,0.1147479930048427,8.775396797371751e-05
2025-07-11,komp angkasa pura jakarta pusat,,0.00013960085196013577,0.1147479930048427,0.0001896363180601818
2025-07-11,lubang buaya,,0.00012631621310361002,0.114921002834063,
2025-07-11,us consulate jakarta pusat,,0.00013960085196013577,0.1147479930048427,
2025-07-12,bundaran hotel indonesia,0.0374762409924121,0.0001803903085821884,0.1177901404236762,0.00018140781547024392
2025-07-12,jagakarsa,0.0374762409924121,0.0001803903085821884,0.1177901404236762,-7.74e-05
2025-07-12,jalan bdn ii,0.0376171641937016,0.00014262312179331147,0.1180269630042508,0.0002951049552998651
2025-07-12,kebon jeruk,0.0374762409924121,0.0001803903085821884,0.1177901404236762,0.00012431734221999126
2025-07-12,kelapa gading,0.0381706905284112,0.00015798838331960654,0.1180835845891921,3.2344683403261574e-05
2025-07-12,komp angkasa pura jakarta pusat,0.0381706905284112,0.00015798838331960654,0.1180835845891921,-7.74e-05
2025-07-12,lubang buaya,0.0387200830502968,0.00015027943925368571,0.1181652502989806,0.00027606504970091074
2025-07-12,us consulate jakarta pusat,0.0381706905284112,0.00015798838331960654,0.1180835845891921,0.00018140781547024392
2025-07-13,bundaran hotel indonesia,,,0.1182116705982787,
2025-07-13,jagakarsa,,,0.1182116705982787,
2025-07-13,jalan bdn ii,,6.719525738456154e-05,0.1188207580849796,
2025-07-13,kebon jeruk,,,0.1182116705982787,
2025-07-13,kelapa gading,,6.435844424190968e-05,0.117398007177318,
2025-07-13,komp angkasa pura jakarta pusat,,6.435844424190968e-05,0.117398007177318,
2025-07-13,lubang buaya,,5.967628508375878e-05,0.1164227066374401,
2025-07-13,us consulate jakarta pusat,,6.435844424190968e-05,0.117398007177318,
2025-07-14,bundaran hotel indonesia,,0.00013982111682793612,0.1162580673419575,
2025-07-14,jagakarsa,,0.00013982111682793612,0.1162580673419575,
2025-07-14,jalan bdn ii,,8.374523048978118e-05,0.1164668771087376,
2025-07-14,kebon jeruk,,0.00013982111682793612,0.1162580673419575,
2025-07-14,kelapa gading,,0.00014782302416828415,0.1162529962904948,
2025-07-14,komp angkasa pura jakarta pusat,,0.00014782302416828415,0.1162529962904948,
2025-07-14,lubang buaya,,0.00014546961781291437,0.1159852092390181,
2025-07-14,us consulate jakarta pusat,,0.00014782302416828415,0.1162529962904948,
2025-07-15,bundaran hotel indonesia,0.0343313488199428,0.000148523783953905,0.1124941513259307,-1.83e-05
2025-07-15,jagakarsa,0.0343313488199428,0.000148523783953905,0.1124941513259307,8.929154724464766e-06
2025-07-15,jalan bdn ii,0.0333777079265876,0.00011156369639744904,0.1121680794927315,6.854189282406565e-05
2025-07-15,kebon jeruk,0.0343313488199428,0.000148523783953905,0.1124941513259307,7.415199756207071e-05
2025-07-15,kelapa gading,0.0325175806911213,0.0002362467345138001,0.1122693645680699,-1.2e-05
2025-07-15,komp angkasa pura jakarta pusat,0.0325175806911213,0.0002362467345138001,0.1122693645680699,8.929154724464766e-06
2025-07-15,lubang buaya,0.0305713318728386,0.00016636153400464334,0.1122946667720495,-3.08e-05
2025-07-15,us consulate jakarta pusat,0.0325175806911213,0.0002362467345138001,0.1122693645680699,-1.83e-05
2025-07-16,bundaran hotel indonesia,0.0350418101105511,0.00028181606214039174,0.1128109154028634,
2025-07-16,jagakarsa,0.0350418101105511,0.00028181606214039174,0.1128109154028634,0.0001838960142796953
2025-07-16,jalan bdn ii,0.0290091969353903,0.00018942061858609347,0.1125422268429141,
2025-07-16,kebon jeruk,0.0350418101105511,0.00028181606214039174,0.1128109154028634,
2025-07-16,kelapa gading,0.0426030118079885,0.00043939678147341744,0.1124033155219302,-5.06e-05
2025-07-16,komp angkasa pura jakarta pusat,0.0426030118079885,0.00043939678147341744,0.1124033155219302,0.0001838960142796953
2025-07-16,lubang buaya,0.0346435397937206,0.0003478758212281651,0.1124440973061207,
2025-07-16,us consulate jakarta pusat,0.0426030118079885,0.00043939678147341744,0.1124033155219302,
2025-07-17,bundaran hotel indonesia,0.0416063758474864,0.00035872807077533297,0.1129936591313752,
2025-07-17,jagakarsa,0.0416063758474864,0.00035872807077533297,0.1129936591313752,0.0003619805380662677
2025-07-17,jalan bdn ii,0.0369111003910655,0.0002726836430850162,0.1123934220326254,
2025-07-17,kebon jeruk,0.0416063758474864,0.00035872807077533297,0.1129936591313752,
2025-07-17,kelapa gading,0.0430207643302578,0.0005341678342872635,0.1132379630907124,0.0003879596219556204
2025-07-17,komp angkasa pura jakarta pusat,0.0430207643302578,0.0005341678342872635,0.1132379630907124,0.0003619805380662677
2025-07-17,lubang buaya,0.0379686907811555,0.0003136530298872816,0.1125507076633545,
2025-07-17,us consulate jakarta pusat,0.0430207643302578,0.0005341678342872635,0.1132379630907124,
2025-07-18,bundaran hotel indonesia,0.0341612109504543,0.00028463252529506563,0.112812778866335,
2025-07-18,jagakarsa,0.0341612109504543,0.00028463252529506563,0.112812778866335,0.0005326838031646613
2025-07-18,jalan bdn ii,0.0345747182690926,0.00021382788303700824,0.1132413701606853,
2025-07-18,kebon jeruk,0.0341612109504543,0.00028463252529506563,0.112812778866335,
2025-07-18,kelapa gading,0.0326819650966732,0.00027000131021631733,0.1126786413978799,
2025-07-18,komp angkasa pura jakarta pusat,0.0341612109504543,0.00027000131021631733,0.1126786413978799,0.0005326838031646613
2025-07-18,lubang buaya,0.0340884218443576,0.00017723469370669256,0.1127300453493529,
2025-07-18,us consulate jakarta pusat,0.0341612109504543,0.00027000131021631733,0.1126786413978799,
2025-07-19,bundaran hotel indonesia,0.0349681304778071,0.00032777104248949194,0.1133988041334941,-4.6e-05
2025-07-19,jagakarsa,0.0349681304778071,0.00032777104248949194,0.1133988041334941,4.809501341991174e-05
2025-07-19,jalan bdn ii,0.0327045025836283,0.0002455497546773009,0.1129164442510743,0.0002965350665913096
2025-07-19,kebon jeruk,0.0349681304778071,0.00032777104248949194,0.1133988041334941,-0.00027
2025-07-19,kelapa gading,0.0347729095386662,0.00038058383975567,0.1130554840152759,-1.04e-05
2025-07-19,komp angkasa pura jakarta pusat,0.0347729095386662,0.00038058383975567,0.1130554840152759,4.809501341991174e-05
2025-07-19,lubang buaya,0.0331523083024528,0.0002479049274865013,0.1127774745552286,0.00016600601476858009
2025-07-19,us consulate jakarta pusat,0.0347729095386662,0.00038058383975567,0.1130554840152759,-4.6e-05
2025-07-20,bundaran hotel indonesia,0.0357853858867433,0.00018261960188404843,0.1127871417270158,3.564072317263725e-05
2025-07-20,jagakarsa,0.0357853858867433,0.00018261960188404843,0.1127871417270158,0.00011512333460845878
2025-07-20,jalan bdn ii,0.0308062848962106,0.0001247464047078164,0.1121003312385344,0.0001880598541267809
2025-07-20,kebon jeruk,0.0357853858867433,0.00018261960188404843,0.1127871417270158,3.026158663442696e-05
2025-07-20,kelapa gading,0.035598408981853,0.0003599327674585282,0.1128453700824978,0.0002776801697713048
2025-07-20,komp angkasa pura jakarta pusat,0.035598408981853,0.0003599327674585282,0.1128453700824978,0.00011512333460845878
2025-07-20,lubang buaya,0.0333448517853072,0.00018873373088931607,0.1124388515594564,
2025-07-20,us consulate jakarta pusat,0.035598408981853,0.0003599327674585282,0.1128453700824978,3.564072317263725e-05
2025-07-21,bundaran hotel indonesia,0.0429937813161302,0.0003197219065148338,0.1160525890435403,0.0001527133794655478
2025-07-21,jagakarsa,0.0429937813161302,0.0003197219065148338,0.1160525890435403,3.625367651023623e-05
2025-07-21,jalan bdn ii,0.0366410456155288,0.00037406950102423207,0.1157262652457494,
2025-07-21,kebon jeruk,0.0429937813161302,0.0003197219065148338,0.1160525890435403,-7.57e-05
2025-07-21,kelapa gading,0.0394574603586742,0.0003021789657127675,0.1158150167604785,0.00013364447779971248
2025-07-21,komp angkasa pura jakarta pusat,0.0394574603586742,0.0003021789657127675,0.1158150167604785,3.625367651023623e-05
2025-07-21,lubang buaya,0.036672296486815,0.00028266709961319194,0.1153315871196479,
2025-07-21,us consulate jakarta pusat,0.0394574603586742,0.0003021789657127675,0.1158150167604785,0.0001527133794655478
2025-07-22,bundaran hotel indonesia,0.0331267840250638,0.00022104403071317389,0.1151597918957693,4.236324523474866e-05
2025-07-22,jagakarsa,0.0331267840250638,0.00022104403071317389,0.1151597918957693,4.038590326664682e-06
2025-07-22,jalan bdn ii,0.0327364268946669,0.0001896272706182309,0.1149856173860849,-2.79e-05
2025-07-22,kebon jeruk,0.0331267840250638,0.00022104403071317389,0.1151597918957693,0.0001084829821980818
2025-07-22,kelapa gading,0.0322676688401781,0.0001486152080219801,0.1149940548321006,-2.74e-05
2025-07-22,komp angkasa pura jakarta pusat,0.0322676688401781,0.0001486152080219801,0.1149940548321006,4.038590326664682e-06
2025-07-22,lubang buaya,0.0341297751609624,0.0001696051977127772,0.1158196677132928,-4.16e-05
2025-07-22,us consulate jakarta pusat,0.0322676688401781,0.0001486152080219801,0.1149940548321006,4.236324523474866e-05
2025-07-23,bundaran hotel indonesia,0.0284131377887208,0.00024039001155590144,0.1149489691234018,7.834735355192014e-05
2025-07-23,jagakarsa,0.0284131377887208,0.00024039001155590144,0.1149489691234018,-0.000287
2025-07-23,jalan bdn ii,0.0274168058737367,0.00016087453855834146,0.1142833387047431,
2025-07-23,kebon jeruk,0.0284131377887208,0.00024039001155590144,0.1149489691234018,-7.52e-06
2025-07-23,kelapa gading,0.0278278397848408,0.0001280441579392724,0.1151710151189027,-0.000105
2025-07-23,komp angkasa pura jakarta pusat,0.0278278397848408,0.0001280441579392724,0.1151710151189027,-0.000287
2025-07-23,lubang buaya,0.027607317230933,0.00013046212937816627,0.1143062667628208,-0.000189
2025-07-23,us consulate jakarta pusat,0.0278278397848408,0.0001280441579392724,0.1151710151189027,7.834735355192014e-05
2025-07-24,bundaran hotel indonesia,0.0302277209782435,0.00020068568586586425,0.1141580633271542,
2025-07-24,jagakarsa,0.0302277209782435,0.00020068568586586425,0.1141580633271542,
2025-07-24,jalan bdn ii,0.0312297038997589,0.00023910857821810176,0.1142089460687469,
2025-07-24,kebon jeruk,0.0302277209782435,0.00020068568586586425,0.1141580633271542,
2025-07-24,kelapa gading,0.0310032854289632,0.00018197678705791096,0.1140657008031987,-0.0001
2025-07-24,komp angkasa pura jakarta pusat,0.0310032854289632,0.00018197678705791096,0.1140657008031987,
2025-07-24,lubang buaya,0.0310720409843052,0.00021836389712250916,0.1141687868423613,
2025-07-24,us consulate jakarta pusat,0.0310032854289632,0.00018197678705791096,0.1140657008031987,
2025-07-25,bundaran hotel indonesia,0.0305243685224318,0.00017210676919329008,0.1135601101241214,
2025-07-25,jagakarsa,0.0305243685224318,0.00017210676919329008,0.1135601101241214,
2025-07-25,jalan bdn ii,0.0290132372131495,0.00012178417888410084,0.1120714116476634,
2025-07-25,kebon jeruk,0.0305243685224318,0.00017210676919329008,0.1135601101241214,5.345296794134786e-05
2025-07-25,kelapa gading,0.0302889827364888,0.00012603334961549072,0.1128822908235823,
2025-07-25,komp angkasa pura jakarta pusat,0.0302889827364888,0.00012603334961549072,0.1128822908235823,
2025-07-25,lubang buaya,0.0288726906642757,0.00010615642130557223,0.1119862363381905,
2025-07-25,us consulate jakarta pusat,0.0302889827364888,0.00012603334961549072,0.1128822908235823,
2025-07-26,bundaran hotel indonesia,0.0336479868442619,0.000181022942562565,0.1151344534039719,9.61065363295474e-06
2025-07-26,jagakarsa,0.0336479868442619,0.000181022942562565,0.1151344534039719,3.074026045738456e-05
2025-07-26,jalan bdn ii,0.0315923254210789,0.00018669073138346943,0.1137121964208641,6.684433318205496e-05
2025-07-26,kebon jeruk,0.0336479868442619,0.000181022942562565,0.1151344534039719,-1.42e-05
2025-07-26,kelapa gading,0.031224683359102,0.00016841720799953356,0.1144169760887717,-4.59e-05
2025-07-26,komp angkasa pura jakarta pusat,0.031224683359102,0.00016841720799953356,0.1144169760887717,3.074026045738456e-05
2025-07-26,lubang buaya,0.0302404311082312,0.0001462390973201601,0.1133422944109198,-0.000102
2025-07-26,us consulate jakarta pusat,0.031224683359102,0.00016841720799953356,0.1144169760887717,9.61065363295474e-06
2025-07-27,bundaran hotel indonesia,0.0394570783654433,0.0002451486811483775,0.1145233710123926,
2025-07-27,jagakarsa,0.0394570783654433,0.0002451486811483775,0.1145233710123926,9.3521816586572e-06
2025-07-27,jalan bdn ii,0.035353233346075,0.00019646468605844428,0.114589793354846,
2025-07-27,kebon jeruk,0.0394570783654433,0.0002451486811483775,0.1145233710123926,8.54802072502994e-05
2025-07-27,kelapa gading,0.0383060377122642,0.00021870357730001665,0.1142008914265848,3.690898606609235e-05
2025-07-27,komp angkasa pura jakarta pusat,0.0383060377122642,0.00021870357730001665,0.1142008914265848,9.3521816586572e-06
2025-07-27,lubang buaya,0.04201611043317,0.0002028255278718914,0.1147222130363085,
2025-07-27,us consulate jakarta pusat,0.0383060377122642,0.00021870357730001665,0.1142008914265848,
2025-07-28,bundaran hotel indonesia,0.0369465142120849,0.0003409122359167532,0.114255115458292,
2025-07-28,jagakarsa,0.0369465142120849,0.0003409122359167532,0.114255115458292,
2025-07-28,jalan bdn ii,,,0.1149682403205083,
2025-07-28,kebon jeruk,0.0369465142120849,0.0003409122359167532,0.114255115458292,
2025-07-28,kelapa gading,0.0373079854231189,0.0003132390147853039,0.1141719290060066,
2025-07-28,komp angkasa pura jakarta pusat,0.0373079854231189,0.0003132390147853039,0.1141719290060066,
2025-07-28,lubang buaya,,,0.1146830393371175,
2025-07-28,us consulate jakarta pusat,0.0373079854231189,0.0003132390147853039,0.1141719290060066,
2025-07-29,bundaran hotel indonesia,,0.0001262669101800451,0.114597616048786,0.0005368507556353777
2025-07-29,jagakarsa,,0.0001262669101800451,0.1139948092857519,0.00012546390076829673
2025-07-29,jalan bdn ii,,0.00011467117277000616,0.1131435435706115,
2025-07-29,kebon jeruk,,0.0001262669101800451,0.114597616048786,0.0005043708577959948
2025-07-29,kelapa gading,,0.00011339527922045632,0.1147605434646141,-8.22e-05
2025-07-29,komp angkasa pura jakarta pusat,,0.00011339527922045632,0.1147605434646141,0.00012546390076829673
2025-07-29,lubang buaya,,0.00011187782550257008,0.1128072638658865,
2025-07-29,us consulate jakarta pusat,,0.00011339527922045632,0.1147605434646141,0.0005368507556353777
2025-07-30,bundaran hotel indonesia,0.0297625059716948,0.0002078404584147391,0.1141713880776076,
2025-07-30,jagakarsa,0.0297625059716948,0.0002078404584147391,0.1146926097026758,0.00019761164739082665
2025-07-30,jalan bdn ii,0.0347527499532777,0.0001794029613459135,0.1148882898132594,
2025-07-30,kebon jeruk,0.0297625059716948,0.0002078404584147391,0.1141713880776076,
2025-07-30,kelapa gading,0.0291057927574807,0.00014829720269539276,0.1138761319861155,
2025-07-30,komp angkasa pura jakarta pusat,0.0291057927574807,0.00014829720269539276,0.1138761319861155,0.00019761164739082665
2025-07-30,lubang buaya,0.0299259624540575,0.00016810918143089263,0.1141497633101068,
2025-07-30,us consulate jakarta pusat,0.0291057927574807,0.00014829720269539276,0.1138761319861155,
2025-07-31,bundaran hotel indonesia,0.034070592700513,0.00013356963113750133,0.1161122123273681,-6.01e-05
2025-07-31,jagakarsa,0.034070592700513,0.00013356963113750133,0.1159927023257142,-6.98e-05
2025-07-31,jalan bdn ii,0.0364434751703988,0.00013336729301201774,0.1152314195763965,-6.43e-06
2025-07-31,kebon jeruk,0.034070592700513,0.00013356963113750133,0.1161122123273681,-1.48e-05
2025-07-31,kelapa gading,0.0307424211021291,0.00010024305374384168,0.1168539148225607,3.913479424382821e-05
2025-07-31,komp angkasa pura jakarta pusat,0.0307424211021291,0.00010024305374384168,0.1168539148225607,-6.98e-05
2025-07-31,lubang buaya,0.0322792863698334,0.00011834952837787725,0.1147451774545891,7.685621170675454e-05
2025-07-31,us consulate jakarta pusat,0.0307424211021291,0.00010024305374384168,0.1168539148225607,-6.01e-05
2025-08-01,bundaran hotel indonesia,0.0312079878609912,0.00013742077294034652,0.1154847563348834,-7.28e-05
2025-08-01,jagakarsa,0.0312079878609912,0.00013742077294034652,0.1161870688023989,8.568173288508592e-05
2025-08-01,jalan bdn ii,0.0316277646171354,0.00011712141653260523,0.1153374214403667,-0.000114
2025-08-01,kebon jeruk,0.0312079878609912,0.00013742077294034652,0.1154847563348834,0.00014409986256069742
2025-08-01,kelapa gading,0.033961841871156,0.00010602478888274884,0.1155888691076036,0.0001881023495615621
2025-08-01,komp angkasa pura jakarta pusat,0.033961841871156,0.00010602478888274884,0.1155888691076036,8.568173288508592e-05
2025-08-01,lubang buaya,0.0326737254160155,0.00011468526636504285,0.1148212675788264,3.996935515025993e-05
2025-08-01,us consulate jakarta pusat,0.033961841871156,0.00010602478888274884,0.1155888691076036,-7.28e-05
2025-08-02,bundaran hotel indonesia,0.0302973329889951,0.00018030289477693483,0.1153971185578338,5.1818546284298367e-05
2025-08-02,jagakarsa,0.0302973329889951,0.00018030289477693483,0.1159798852381059,-0.000111
2025-08-02,jalan bdn ii,0.0328743911204489,0.00014055265566506836,0.1154347455908256,0.00012029706105441816
2025-08-02,kebon jeruk,0.0302973329889951,0.00018030289477693483,0.1153971185578338,0.00012950591395837754
2025-08-02,kelapa gading,0.0294338671089977,0.00011755825955729932,0.1150169011073816,-6.63e-05
2025-08-02,komp angkasa pura jakarta pusat,0.0294338671089977,0.00011755825955729932,0.1150169011073816,-0.000111
2025-08-02,lubang buaya,0.0313826102400828,0.0001212013134746522,0.115638374308099,-3.97e-05
2025-08-02,us consulate jakarta pusat,0.0294338671089977,0.00011755825955729932,0.1150169011073816,5.1818546284298367e-05
2025-08-03,bundaran hotel indonesia,0.0332782451002017,0.00018397750363545183,0.1143958045029463,
2025-08-03,jagakarsa,0.0332782451002017,0.00018397750363545183,0.1149251754027221,0.0003964734119269396
2025-08-03,jalan bdn ii,0.0296692077721075,0.00021018820020191756,0.1134171101714664,
2025-08-03,kebon jeruk,0.0332782451002017,0.00018397750363545183,0.1143958045029463,
2025-08-03,kelapa gading,0.0312976050809321,0.00016555760904817232,0.11475418682066,-9.56e-05
2025-08-03,komp angkasa pura jakarta pusat,0.0312976050809321,0.00016555760904817232,0.11475418682066,0.0003964734119269396
2025-08-03,lubang buaya,0.0291698919773739,0.00014050225336262304,0.114311471079093,
2025-08-03,us consulate jakarta pusat,0.0312976050809321,0.00016555760904817232,0.11475418682066,
2025-08-04,bundaran hotel indonesia,,,0.1184563347504811,
2025-08-04,jagakarsa,,,0.1187368853221023,
2025-08-04,jalan bdn ii,,,0.1165394318678127,
2025-08-04,kebon jeruk,,,0.1184563347504811,
2025-08-04,kelapa gading,,,0.1182356072898407,
2025-08-04,komp angkasa pura jakarta pusat,,,0.1182356072898407,
2025-08-04,lubang buaya,,,0.1168619495153354,
2025-08-04,us consulate jakarta pusat,,,0.1182356072898407,
2025-08-05,bundaran hotel indonesia,0.0402398376007579,0.00032173814305091927,0.116168232316794,
2025-08-05,jagakarsa,0.0402398376007579,0.00032173814305091927,0.1164186908656927,0.0002222249387526488
2025-08-05,jalan bdn ii,0.0387116201558707,0.00023384858135414767,0.1160728069085485,
2025-08-05,kebon jeruk,0.0402398376007579,0.00032173814305091927,0.116168232316794,
2025-08-05,kelapa gading,0.0379560294039648,0.00023034985830743744,0.1165076410318696,0.0001287793747928407
2025-08-05,komp angkasa pura jakarta pusat,0.0379560294039648,0.00023034985830743744,0.1165076410318696,0.0002222249387526488
2025-08-05,lubang buaya,0.0367783441653558,0.00017484702152485888,0.1162388502469629,
2025-08-05,us consulate jakarta pusat,0.0379560294039648,0.00023034985830743744,0.1165076410318696,
2025-08-06,bundaran hotel indonesia,0.0422813964528956,0.0002309018587047989,0.1170577852409609,0.0003269005027899383
2025-08-06,jagakarsa,0.0422813964528956,0.0002309018587047989,0.1181752119347565,0.00015825916204604388
2025-08-06,jalan bdn ii,0.0408426542765291,0.000292977147619138,0.1161923063469075,0.00015010527172645353
2025-08-06,kebon jeruk,0.0422813964528956,0.0002309018587047989,0.1170577852409609,0.0002683938108892021
2025-08-06,kelapa gading,0.0404288283972111,0.00030283844012505065,0.1177698693469134,0.00017787775260527823
2025-08-06,komp angkasa pura jakarta pusat,0.0404288283972111,0.00030283844012505065,0.1177698693469134,0.00015825916204604388
2025-08-06,lubang buaya,0.0424013665989364,0.000394491518337322,0.1170156533999433,-0.000233
2025-08-06,us consulate jakarta pusat,0.0404288283972111,0.00030283844012505065,0.1177698693469134,0.0003269005027899383
2025-08-07,bundaran hotel indonesia,0.0377688234768805,0.000521518737401525,0.1159945996165457,2.0091285195748112e-05
2025-08-07,jagakarsa,0.0377688234768805,0.000521518737401525,0.1170305403584669,0.00012353360043825952
2025-08-07,jalan bdn ii,0.0368675939965021,0.00042656401227236665,0.1158757903009223,
2025-08-07,kebon jeruk,0.0377688234768805,0.000521518737401525,0.1159945996165457,2.009128504441109e-05
2025-08-07,kelapa gading,0.0346518249778338,0.0003469333791866721,0.1168068455545485,0.00022762042237729763
2025-08-07,komp angkasa pura jakarta pusat,0.0346518249778338,0.0003469333791866721,0.1168068455545485,0.00012353360043825952
2025-08-07,lubang buaya,0.0366432030137793,0.0002831502517513924,0.1167372779412163,
2025-08-07,us consulate jakarta pusat,0.0346518249778338,0.0003469333791866721,0.1168068455545485,2.0091285195748112e-05
2025-08-08,bundaran hotel indonesia,0.0290641215923008,0.000168161249356281,0.1158118951633536,
2025-08-08,jagakarsa,0.0290641215923008,0.000168161249356281,0.1165963208375865,-0.000157
2025-08-08,jalan bdn ii,0.02956201128568,0.00011208258092659736,0.1158949265550619,
2025-08-08,kebon jeruk,0.0290641215923008,0.000168161249356281,0.1158118951633536,0.0003985413903737786
2025-08-08,kelapa gading,0.0291951483190986,0.00011271977609464304,0.1161420694254919,0.00016030311446150816
2025-08-08,komp angkasa pura jakarta pusat,0.0291951483190986,0.00011271977609464304,0.1161420694254919,-0.000157
2025-08-08,lubang buaya,0.0298053219306143,9.707653679164749e-05,0.1154538202391856,
2025-08-08,us consulate jakarta pusat,0.0291951483190986,0.00011271977609464304,0.1161420694254919,
2025-08-09,bundaran hotel indonesia,0.0313210300265895,0.00014580635338557542,0.1139709544971608,
2025-08-09,jagakarsa,0.0313210300265895,0.00014580635338557542,0.1136325530915752,-0.000154
2025-08-09,jalan bdn ii,0.0311865943357653,0.0001891156405387836,0.1133376297681474,
2025-08-09,kebon jeruk,0.0313210300265895,0.00014580635338557542,0.1139709544971608,
2025-08-09,kelapa gading,0.0316044620131216,0.0001403040219910143,0.1136417726045338,3.201502431203404e-05
2025-08-09,komp angkasa pura jakarta pusat,0.0316044620131216,0.0001403040219910143,0.1136417726045338,-0.000154
2025-08-09,lubang buaya,0.0311329487484611,0.0001748579828752262,0.1131754256154009,
2025-08-09,us consulate jakarta pusat,0.0316044620131216,0.0001403040219910143,0.1136417726045338,
2025-08-10,bundaran hotel indonesia,0.0393108837066984,0.00013938720113754205,0.1147784334234328,
2025-08-10,jagakarsa,0.0393108837066984,0.00013938720113754205,0.1154579102243931,0.00019880667286018008
2025-08-10,jalan bdn ii,0.0405167163400046,0.00018949834151767915,0.11546114895007,
2025-08-10,kebon jeruk,0.0393108837066984,0.00013938720113754205,0.1147784334234328,
2025-08-10,kelapa gading,0.0394389187716197,0.00015820626652945268,0.1151990419474348,0.0001352862123471457
2025-08-10,komp angkasa pura jakarta pusat,0.0394389187716197,0.00015820626652945268,0.1151990419474348,0.00019880667286018008
2025-08-10,lubang buaya,0.041482253751375,0.00017370472113096145,0.1151254142809129,0.00030411636774401666
2025-08-10,us consulate jakarta pusat,0.0394389187716197,0.00015820626652945268,0.1151990419474348,
2025-08-11,bundaran hotel indonesia,0.0382094750562654,0.00029828456468117384,0.1163954500534085,
2025-08-11,jagakarsa,0.0382094750562654,0.00029828456468117384,0.1160891618418113,
2025-08-11,jalan bdn ii,,,0.116945981582397,
2025-08-11,kebon jeruk,0.0382094750562654,0.00029828456468117384,0.1163954500534085,
2025-08-11,kelapa gading,,0.0002982181953958672,0.1154435787106201,
2025-08-11,komp angkasa pura jakarta pusat,,0.0002982181953958672,0.1154435787106201,
2025-08-11,lubang buaya,,0.0001344506743176257,0.1169766643486756,-2.11e-06
2025-08-11,us consulate jakarta pusat,,0.0002982181953958672,0.1154435787106201,
2025-08-12,bundaran hotel indonesia,,0.00031471274615075764,0.1178523212122791,
2025-08-12,jagakarsa,,0.00031471274615075764,0.1183470523374407,
2025-08-12,jalan bdn ii,,,0.1181296681893989,
2025-08-12,kebon jeruk,,0.00031471274615075764,0.1178523212122791,
2025-08-12,kelapa gading,,,0.1180497834614459,
2025-08-12,komp angkasa pura jakarta pusat,,,0.1180497834614459,
2025-08-12,lubang buaya,,,0.1182373486849228,
2025-08-12,us consulate jakarta pusat,,,0.1180497834614459,
2025-08-13,bundaran hotel indonesia,0.0327942208026444,0.00020023785588987183,0.1168277065126025,
2025-08-13,jagakarsa,0.0327942208026444,0.00020023785588987183,0.1167846102327943,
2025-08-13,jalan bdn ii,,0.00016061457122294818,0.1165385370558425,
2025-08-13,kebon jeruk,0.0327942208026444,0.00020023785588987183,0.1168277065126025,
2025-08-13,kelapa gading,,0.00012621955812581675,0.1166139394305953,
2025-08-13,komp angkasa pura jakarta pusat,,0.00012621955812581675,0.1166139394305953,
2025-08-13,lubang buaya,,0.0001292720758306685,0.1168606592504664,
2025-08-13,us consulate jakarta pusat,,0.00012621955812581675,0.1166139394305953,
2025-08-14,bundaran hotel indonesia,,0.00013568578664529496,0.1177402664396819,
2025-08-14,jagakarsa,,0.00013568578664529496,0.1169757064438146,-0.000286
2025-08-14,jalan bdn ii,,0.00011820907078394006,0.1185990510320165,
2025-08-14,kebon jeruk,,0.00013568578664529496,0.1177402664396819,
2025-08-14,kelapa gading,,0.0001294826685617034,0.1169363567831785,-4.18e-05
2025-08-14,komp angkasa pura jakarta pusat,,0.0001294826685617034,0.1169363567831785,-4.18e-05
2025-08-14,lubang buaya,,0.00012228102126318386,0.1177491233776238,
2025-08-14,us consulate jakarta pusat,,0.0001294826685617034,0.1169363567831785,
2025-08-15,bundaran hotel indonesia,0.0422680041417466,0.0003320240612981418,0.1182383329035015,-0.000113
2025-08-15,jagakarsa,0.0422680041417466,0.0003320240612981418,0.1174964561584115,7.684326893327467e-05
2025-08-15,jalan bdn ii,0.0383488039304043,0.0002956943198026484,0.1177149815933232,-0.000192
2025-08-15,kebon jeruk,0.0422680041417466,0.0003320240612981418,0.1182383329035015,-0.000176
2025-08-15,kelapa gading,0.036577257179181,0.0002693522371685844,0.1173908120078282,6.442540437381664e-05
2025-08-15,komp angkasa pura jakarta pusat,0.036577257179181,0.0002693522371685844,0.1173908120078282,7.684326893327467e-05
2025-08-15,lubang buaya,0.0337529349453836,0.00019390176183044767,0.1174749376657045,2.8568992935154852e-05
2025-08-15,us consulate jakarta pusat,0.036577257179181,0.0002693522371685844,0.1173908120078282,-0.000113
2025-08-16,bundaran hotel indonesia,0.0367219909285452,0.0001531364269868009,0.1172641469090517,1.684028827090643e-05
2025-08-16,jagakarsa,0.0367219909285452,0.0001531364269868009,0.117252316993702,-0.000128
2025-08-16,jalan bdn ii,0.0376221674564995,0.00012369201057294097,0.1175198985841667,0.0001931700167160573
2025-08-16,kebon jeruk,0.0367219909285452,0.0001531364269868009,0.1172641469090517,-4.68e-06
2025-08-16,kelapa gading,0.0335538811106798,0.00010121560510825572,0.1178760022587758,0.00014845390540882406
2025-08-16,komp angkasa pura jakarta pusat,0.0335538811106798,0.00010121560510825572,0.1178760022587758,-0.000128
2025-08-16,lubang buaya,0.0345031518692248,0.0001106314731358622,0.1170353312305399,8.678144779918247e-05
2025-08-16,us consulate jakarta pusat,0.0335538811106798,0.00010121560510825572,0.1178760022587758,1.684028827090643e-05
2025-08-17,bundaran hotel indonesia,0.0334796127918546,8.197979930474447e-05,0.1154424635558297,0.00011369165092065386
2025-08-17,jagakarsa,0.0334796127918546,8.197979930474447e-05,0.1167508290265205,-1.2e-05
2025-08-17,jalan bdn ii,0.0334714767031129,8.494088202644968e-05,0.1163612537840561,-3.98e-05
2025-08-17,kebon jeruk,0.0334796127918546,8.197979930474447e-05,0.1154424635558297,-0.000136
2025-08-17,kelapa gading,0.0348514408431002,8.012179877534092e-05,0.1165379388804561,-9.37e-05
2025-08-17,komp angkasa pura jakarta pusat,0.0348514408431002,8.012179877534092e-05,0.1165379388804561,-1.2e-05
2025-08-17,lubang buaya,0.035375055648541,7.89578594753397e-05,0.1167365093116221,2.2878911157979504e-05
2025-08-17,us consulate jakarta pusat,0.0348514408431002,8.012179877534092e-05,0.1165379388804561,0.00011369165092065386
2025-08-18,bundaran hotel indonesia,0.032328919196956,0.00014230255211482017,0.1167460843677848,
2025-08-18,jagakarsa,0.032328919196956,0.00014230255211482017,0.1177896883674939,
2025-08-18,jalan bdn ii,0.0325322369281127,0.00013156270073941075,0.1155296662385365,
2025-08-18,kebon jeruk,0.032328919196956,0.00014230255211482017,0.1167460843677848,
2025-08-18,kelapa gading,,,0.1175259393117119,
2025-08-18,komp angkasa pura jakarta pusat,,,0.1175259393117119,
2025-08-18,lubang buaya,,,0.1170088693753327,
2025-08-18,us consulate jakarta pusat,,,0.1175259393117119,
2025-08-19,bundaran hotel indonesia,,,0.1167589602052793,
2025-08-19,jagakarsa,,,0.1169931937387408,
2025-08-19,jalan bdn ii,,,0.1168937578181746,
2025-08-19,kebon jeruk,,,0.1167589602052793,
2025-08-19,kelapa gading,,,0.1165188899675124,
2025-08-19,komp angkasa pura jakarta pusat,,,0.1165188899675124,
2025-08-19,lubang buaya,,,0.1165248837919681,
2025-08-19,us consulate jakarta pusat,,,0.1165188899675124,
2025-08-20,bundaran hotel indonesia,,0.00024334887267011835,0.1149532038629915,
2025-08-20,jagakarsa,,0.00024334887267011835,0.1148652559394758,
2025-08-20,jalan bdn ii,,,0.1136235105110168,
2025-08-20,kebon jeruk,,0.00024334887267011835,0.1149532038629915,
2025-08-20,kelapa gading,,0.0002250296588547249,0.1153065863457122,
2025-08-20,komp angkasa pura jakarta pusat,,0.0002250296588547249,0.1153065863457122,
2025-08-20,lubang buaya,,0.0001988145084052556,0.1137908622856121,
2025-08-20,us consulate jakarta pusat,,0.0002250296588547249,0.1153065863457122,
2025-08-21,bundaran hotel indonesia,0.0337047095588268,0.00012299362781354915,0.1131317204429216,1.7339832979223478e-05
2025-08-21,jagakarsa,0.0345275421472314,0.00012299362781354915,0.1124956308181361,-5.04e-05
2025-08-21,jalan bdn ii,0.031705133289543,7.409756869930144e-05,0.112721293623953,-0.000158
2025-08-21,kebon jeruk,0.0337047095588268,0.00012299362781354915,0.1131317204429216,1.7339832979223478e-05
2025-08-21,kelapa gading,0.0345275421472314,0.00016722534289594584,0.1136212662708383,0.0002309591037048337
2025-08-21,komp angkasa pura jakarta pusat,0.0345275421472314,0.00016722534289594584,0.1136212662708383,0.0002309591037048337
2025-08-21,lubang buaya,0.0316189169491489,9.476273177503792e-05,0.1128670642164029,-0.000139
2025-08-21,us consulate jakarta pusat,0.0345275421472314,0.00016722534289594584,0.1136212662708383,4.641758010180896e-05
2025-08-22,bundaran hotel indonesia,0.0325972644379796,0.0002529502953787758,0.1138440158662189,-6.35e-05
2025-08-22,jagakarsa,0.0325972644379796,0.0002529502953787758,0.1144786097578177,-3.94e-05
2025-08-22,jalan bdn ii,0.0340511595636928,0.0002341649135258525,0.1130937654531147,
2025-08-22,kebon jeruk,0.0325972644379796,0.0002529502953787758,0.1138440158662189,5.207919508591391e-05
2025-08-22,kelapa gading,0.0330868838182379,0.00023076205137354363,0.1150188295723303,-4.13e-05
2025-08-22,komp angkasa pura jakarta pusat,0.0330868838182379,0.00023076205137354363,0.1150188295723303,-3.94e-05
2025-08-22,lubang buaya,0.0348080373331937,0.00016667544515566642,0.1132992769794292,3.13007227415786e-05
2025-08-22,us consulate jakarta pusat,0.0330868838182379,0.00023076205137354363,0.1150188295723303,-6.35e-05
2025-08-23,bundaran hotel indonesia,0.0324061638211108,0.0003294751806714217,0.1144394051733858,0.0001517066077829113
2025-08-23,jagakarsa,0.0324061638211108,0.0003294751806714217,0.1150031465634646,0.0003018787635546108
2025-08-23,jalan bdn ii,0.0321113333671067,0.0003232280610818283,0.1129593305498884,
2025-08-23,kebon jeruk,0.0324061638211108,0.0003294751806714217,0.1144394051733858,0.0001517066077829113
2025-08-23,kelapa gading,0.0283054379534051,0.0002592600615235748,0.114809236697516,4.0750323447719456e-05
2025-08-23,komp angkasa pura jakarta pusat,0.0283054379534051,0.0002592600615235748,0.114809236697516,4.0750323447719456e-05
2025-08-23,lubang buaya,0.0313319367368089,0.00023547885405135523,0.1130731192743691,
2025-08-23,us consulate jakarta pusat,0.0283054379534051,0.0002592600615235748,0.114809236697516,-9.01e-05
2025-08-24,bundaran hotel indonesia,0.0321512959987101,0.00019793460899230643,0.1167870159933226,0.00013811551485143404
2025-08-24,jagakarsa,0.0321512959987101,0.00019793460899230643,0.1169435962319624,0.00020271749336385088
2025-08-24,jalan bdn ii,0.03173951517013,0.00021938198885141288,0.1153930351952105,
2025-08-24,kebon jeruk,0.0321512959987101,0.00019793460899230643,0.1167870159933226,0.00013811551485143404
2025-08-24,kelapa gading,0.032393281510501,0.00016908525989632665,0.1169490181920332,-3.51e-05
2025-08-24,komp angkasa pura jakarta pusat,0.032393281510501,0.00016908525989632665,0.1169490181920332,-3.51e-05
2025-08-24,lubang buaya,0.0309652646978501,0.0001717854281348836,0.1149199673751381,
2025-08-24,us consulate jakarta pusat,0.032393281510501,0.00016908525989632665,0.1169490181920332,-0.000194
2025-08-25,bundaran hotel indonesia,,0.0002462295130199468,0.1169521946106599,
2025-08-25,jagakarsa,,0.0002019884688740277,0.1164542786792425,
2025-08-25,jalan bdn ii,0.0418203978830812,0.00020656093571580725,0.1163381904072108,
2025-08-25,kebon jeruk,,0.0002462295130199468,0.1169521946106599,
2025-08-25,kelapa gading,0.0420229689994976,0.000196275330622878,0.1175288218734186,
2025-08-25,komp angkasa pura jakarta pusat,0.0420229689994976,0.000196275330622878,0.1175288218734186,
2025-08-25,lubang buaya,0.0418975317579452,0.0001624965884496825,0.1161593161682587,
2025-08-25,us consulate jakarta pusat,0.0420229689994976,0.000196275330622878,0.1175288218734186,
2025-08-26,bundaran hotel indonesia,0.0417065996410575,0.0003324150753338547,0.1178702333126332,9.468603181803607e-05
2025-08-26,jagakarsa,0.0417065996410575,0.00016505960864371202,0.1173877750155561,0.00019091551214456436
2025-08-26,jalan bdn ii,0.0397125176868535,0.0002303282399756177,0.1165060390273125,0.00019792738309515025
2025-08-26,kebon jeruk,0.0417065996410575,0.0003324150753338547,0.1178702333126332,9.468603181803607e-05
2025-08-26,kelapa gading,0.0460455715787575,0.00022187581629909016,0.1167766678038616,0.000133946036813231
2025-08-26,komp angkasa pura jakarta pusat,0.0460455715787575,0.00022187581629909016,0.1167766678038616,0.000133946036813231
2025-08-26,lubang buaya,0.0456679547168601,0.00034117438696066547,0.1164070968310381,0.00015317515132579366
2025-08-26,us consulate jakarta pusat,0.0460455715787575,0.00022187581629909016,0.1167766678038616,0.00013582085755777188
2025-08-27,bundaran hotel indonesia,0.0382286226528643,0.00040205723457062935,0.1181140948850879,8.17524576759662e-05
2025-08-27,jagakarsa,0.0382286226528643,0.00035080543068043336,0.1181018198984319,0.00012414451365150582
2025-08-27,jalan bdn ii,0.0332501834433706,0.0001059203202801733,0.1177559353005424,0.0001052014887895655
2025-08-27,kebon jeruk,0.0382286226528643,0.00040205723457062935,0.1181140948850879,8.17524576759662e-05
2025-08-27,kelapa gading,0.0324258987847762,0.0003175039611235475,0.1179101047756559,0.0003500529501064076
2025-08-27,komp angkasa pura jakarta pusat,0.0324258987847762,0.0003175039611235475,0.1179101047756559,0.0003500529501064076
2025-08-27,lubang buaya,0.0295418046512177,0.00011952776731041052,0.1184635466700465,0.00026886266491130595
2025-08-27,us consulate jakarta pusat,0.0382286226528643,0.0003175039611235475,0.1179101047756559,0.0002371667526518206
2025-08-28,bundaran hotel indonesia,0.0298970091489036,0.0003089793041480544,0.1160353371157335,
2025-08-28,jagakarsa,0.0298970091489036,0.00023055084189669,0.1174870619821253,
2025-08-28,jalan bdn ii,0.0290870213735787,0.00012077934650139136,0.1164123512908245,
2025-08-28,kebon jeruk,0.0298970091489036,0.0003089793041480544,0.1160353371157335,
2025-08-28,kelapa gading,,0.0002420063345777778,0.1176731874670338,
2025-08-28,komp angkasa pura jakarta pusat,,0.0002420063345777778,0.1176731874670338,
2025-08-28,lubang buaya,,0.00014936278990232435,0.1167662060915547,
2025-08-28,us consulate jakarta pusat,0.0298970091489036,0.0002420063345777778,0.1176731874670338,
2025-08-29,bundaran hotel indonesia,0.0356340105134623,0.00028630042463302755,0.1155351708936906,0.0001245500749413559
2025-08-29,jagakarsa,0.0399346149861381,0.0003099517227203802,0.11685265513315,0.00019536026920464157
2025-08-29,jalan bdn ii,0.033072039574716,0.00012719247339247324,0.1148012615791135,0.00029108451820639955
2025-08-29,kebon jeruk,0.0356340105134623,0.00028630042463302755,0.1155351708936906,0.0007604176753736493
2025-08-29,kelapa gading,0.037332426803782,0.00035960397869856913,0.1161234175317726,7.362287859214644e-05
2025-08-29,komp angkasa pura jakarta pusat,0.037332426803782,0.00035960397869856913,0.1161234175317726,0.00019536026920464157
2025-08-29,lubang buaya,0.0333775105448275,0.00013250078697946117,0.1156587560769827,0.0002975840173296239
2025-08-29,us consulate jakarta pusat,0.0399346149861381,0.00035960397869856913,0.1161234175317726,0.0001245500749413559
2025-08-30,bundaran hotel indonesia,,9.36399105000604e-05,0.1170769034997136,
2025-08-30,jagakarsa,,9.627289446016806e-05,0.1184405930944108,-6.87e-06
2025-08-30,jalan bdn ii,,,0.1143075002528179,
2025-08-30,kebon jeruk,,9.36399105000604e-05,0.1170769034997136,
2025-08-30,kelapa gading,,9.594421165443703e-05,0.1170424243060778,0.00011751262183878176
2025-08-30,komp angkasa pura jakarta pusat,,9.594421165443703e-05,0.1170424243060778,-6.87e-06
2025-08-30,lubang buaya,,8.883384754137943e-05,0.1151903280377378,
2025-08-30,us consulate jakarta pusat,,9.594421165443703e-05,0.1170424243060778,
2025-08-31,bundaran hotel indonesia,,0.00014052638343918427,0.1169611849125936,
2025-08-31,jagakarsa,0.0286095049554524,0.0001694012164858507,0.116647410248482,
2025-08-31,jalan bdn ii,0.0332710906915962,0.00010998547957199943,0.1168419317367913,
2025-08-31,kebon jeruk,,0.00016552826709560097,0.1169611849125936,
2025-08-31,kelapa gading,0.0305655448062514,0.00013740544127806333,0.1162759938382496,0.000249732781705509
2025-08-31,komp angkasa pura jakarta pusat,0.0305655448062514,0.0001694012164858507,0.1162759938382496,
2025-08-31,lubang buaya,0.0307526845990744,0.00010304662469891592,0.1170970331336414,
2025-08-31,us consulate jakarta pusat,0.0286095049554524,0.0001694012164858507,0.1162759938382496,
2025-09-01,bundaran hotel indonesia,0.0338761940675024,0.0001552523343063066,0.1149720830086772,-7.13e-05
2025-09-01,jagakarsa,0.0333724197688653,0.0001513454966746012,0.1153802160049989,1.570880820986191e-05
2025-09-01,jalan bdn ii,0.0337329736333302,0.00014639530233891092,0.1147156438645751,
2025-09-01,kebon jeruk,0.0338761940675024,0.0001552523343063066,0.1149720830086772,-7.13e-05
2025-09-01,kelapa gading,0.0291488557278629,0.00010416317574987002,0.1157805259299985,8.287187667002142e-05
2025-09-01,komp angkasa pura jakarta pusat,0.0291488557278629,0.00010416317574987002,0.1157805259299985,8.287187667002142e-05
2025-09-01,lubang buaya,0.0313525142138455,0.00012015174326843834,0.1140145473206095,
2025-09-01,us consulate jakarta pusat,0.0333724197688653,0.0001513454966746012,0.1157805259299985,
2025-09-02,bundaran hotel indonesia,0.0308915969883192,9.118328641488928e-05,0.1144673425493426,-6.49e-05
2025-09-02,jagakarsa,0.029869095260721,0.00010832866590302232,0.1150577934151876,-6.49e-05
2025-09-02,jalan bdn ii,0.0336717524445628,9.653426606346456e-05,0.1137931929241093,5.1682581572144254e-05
2025-09-02,kebon jeruk,0.0308915969883192,0.00010176701245659712,0.1144673425493426,-6.49e-05
2025-09-02,kelapa gading,0.0301305544124138,8.630464358941042e-05,0.114669989661698,-4.58e-05
2025-09-02,komp angkasa pura jakarta pusat,0.0301305544124138,0.00010832866590302232,0.114669989661698,-4.58e-05
2025-09-02,lubang buaya,0.0287181652191791,9.41122709264366e-05,0.1147926970298582,9.8022854249269e-05
2025-09-02,us consulate jakarta pusat,0.029869095260721,0.00010832866590302232,0.114669989661698,-4.58e-05
2025-09-03,bundaran hotel indonesia,,9.953251177013778e-05,0.114915449049991,-0.000177
2025-09-03,jagakarsa,,0.00010684239041021704,0.1150555975283526,5.922002424626175e-05
2025-09-03,jalan bdn ii,,0.00011654991926129135,0.1158124763901458,-0.000586
2025-09-03,kebon jeruk,,0.00011175710267448146,0.114915449049991,-0.000455
2025-09-03,kelapa gading,,7.685476708680484e-05,0.1145432816131949,-1.78e-06
2025-09-03,komp angkasa pura jakarta pusat,,0.00010684239041021704,0.1145432816131949,5.922002424626175e-05
2025-09-03,lubang buaya,,9.434499701245406e-05,0.1152891314109342,5.740317363807738e-05
2025-09-03,us consulate jakarta pusat,,0.00010684239041021704,0.1145432816131949,-0.000177
2025-09-04,bundaran hotel indonesia,0.0300397076168787,6.349054511951931e-05,0.112613582093375,
2025-09-04,jagakarsa,0.0283443299754537,6.459537302642846e-05,0.1139175676949253,-0.0003
2025-09-04,jalan bdn ii,0.0299301451409652,0.00010160831170116376,0.1136256066650053,
2025-09-04,kebon jeruk,0.0299937640922255,9.483708480558004e-05,0.112613582093375,
2025-09-04,kelapa gading,0.0296642052728788,5.06706656759656e-05,0.1137265340273709,0.00016401892618979366
2025-09-04,komp angkasa pura jakarta pusat,0.0283443299754537,6.459537302642846e-05,0.1137265340273709,-0.0003
2025-09-04,lubang buaya,0.0306902281542385,0.00010193961492561791,0.1133092758771526,
2025-09-04,us consulate jakarta pusat,0.0283443299754537,6.459537302642846e-05,0.1137265340273709,
2025-09-05,bundaran hotel indonesia,0.0315917821452376,0.0001816015205980044,0.1135047371087845,
2025-09-05,jagakarsa,0.0324906324611209,0.000117687691157566,0.1132705694270099,
2025-09-05,jalan bdn ii,,0.000190453339305199,0.1125263079347636,
2025-09-05,kebon jeruk,0.0315917821452376,0.0001816015205980044,0.1135047371087845,
2025-09-05,kelapa gading,0.0316084956290783,9.352382232533224e-05,0.1134299566589607,
2025-09-05,komp angkasa pura jakarta pusat,0.0316084956290783,9.352382232533224e-05,0.1134299566589607,
2025-09-05,lubang buaya,,0.00015463498249038073,0.1130722309741788,
2025-09-05,us consulate jakarta pusat,0.0324906324611209,0.000117687691157566,0.1134299566589607,
2025-09-06,bundaran hotel indonesia,0.0483165010740183,0.00029294276824671795,0.1128910779999889,
2025-09-06,jagakarsa,0.0497934602814424,0.00021251387165622236,0.1130891120778081,
2025-09-06,jalan bdn ii,,0.00023632150340693813,0.1130596695860478,
2025-09-06,kebon jeruk,0.0483165010740183,0.00023770674579407904,0.1128910779999889,
2025-09-06,kelapa gading,,0.0001861589196937905,0.114396234352834,
2025-09-06,komp angkasa pura jakarta pusat,,0.00021251387165622236,0.114396234352834,
2025-09-06,lubang buaya,,0.0002549223365009546,0.1133668829593313,
2025-09-06,us consulate jakarta pusat,0.0497934602814424,0.00021251387165622236,0.114396234352834,
2025-09-07,bundaran hotel indonesia,0.0441729442711163,0.0003708268824460166,0.1124931084483076,-7.39e-05
2025-09-07,jagakarsa,0.0491091697640811,0.00025567137877771044,0.1132096177147829,-7.39e-05
2025-09-07,jalan bdn ii,0.0398303253417619,0.00010635528861982576,0.1129574206867516,
2025-09-07,kebon jeruk,0.0441729442711163,0.000321987266115704,0.1124931084483076,-7.39e-05
2025-09-07,kelapa gading,0.045636226601986,0.000121771990724471,0.1137628288772367,0.0002974983765809543
2025-09-07,komp angkasa pura jakarta pusat,0.045636226601986,0.00025567137877771044,0.1137628288772367,0.0002974983765809543
2025-09-07,lubang buaya,0.0413908997115975,0.0001139907100047499,0.1131319416457125,
2025-09-07,us consulate jakarta pusat,0.0491091697640811,0.00025567137877771044,0.1137628288772367,0.0002974983765809543
2025-09-08,bundaran hotel indonesia,0.0375563146011838,0.0002636451670470879,0.1138567858544757,-7.46e-05
2025-09-08,jagakarsa,0.0357550679850782,0.0001918270453331312,0.1144859473477279,-7.46e-05
2025-09-08,jalan bdn ii,0.0375799238948031,0.00016619286366090954,0.1143025229017311,
2025-09-08,kebon jeruk,0.0392996320620006,0.0003974673996337559,0.1138567858544757,3.431338282043546e-05
2025-09-08,kelapa gading,0.0331700655581283,0.00010582699350510918,0.1148228123394979,-2.54e-05
2025-09-08,komp angkasa pura jakarta pusat,0.0357550679850782,0.0001918270453331312,0.1148228123394979,-7.46e-05
2025-09-08,lubang buaya,0.0376316519195017,0.00021541882960348055,0.1143266466418864,-1.78e-05
2025-09-08,us consulate jakarta pusat,0.0357550679850782,0.0001918270453331312,0.1148228123394979,-7.46e-05
2025-09-09,bundaran hotel indonesia,0.0332162741725496,0.00023216941771095928,0.1151587168596121,
2025-09-09,jagakarsa,0.031531038830001,0.00018790031423874284,0.1157723865891756,
2025-09-09,jalan bdn ii,0.0338674584208176,0.0003917138344212808,0.1188059172973308,
2025-09-09,kebon jeruk,0.0323679778298324,0.00034032534015064066,0.1151587168596121,
2025-09-09,kelapa gading,0.030921185015706,0.00012088382487328518,0.1153449165108883,
2025-09-09,komp angkasa pura jakarta pusat,0.031531038830001,0.00018790031423874284,0.1153449165108883,
2025-09-09,lubang buaya,0.0341080103428443,0.00015735672136882054,0.11609175137368,
2025-09-09,us consulate jakarta pusat,0.031531038830001,0.00018790031423874284,0.1153449165108883,
2025-09-10,bundaran hotel indonesia,0.0303138026892224,0.0001415947498763785,0.1161597626326973,-0.00062
2025-09-10,jagakarsa,,0.0001010528646647005,0.1163845484815606,-0.00062
2025-09-10,jalan bdn ii,,0.0002301374490608238,0.1166039311609065,
2025-09-10,kebon jeruk,0.0303138026892224,0.0001415947498763785,0.1161597626326973,-0.00062
2025-09-10,kelapa gading,,8.721025820988337e-05,0.1159911687266931,-0.000482
2025-09-10,komp angkasa pura jakarta pusat,,8.721025820988337e-05,0.1159911687266931,-0.000482
2025-09-10,lubang buaya,,0.00010588365592106487,0.1167802398638861,
2025-09-10,us consulate jakarta pusat,,0.0001010528646647005,0.1159911687266931,-0.000482
2025-09-11,bundaran hotel indonesia,,0.0002532231701188075,0.1162516465703657,
2025-09-11,jagakarsa,,0.00017362920561425366,0.1159260414142871,
2025-09-11,jalan bdn ii,,,0.1178291908064001,
2025-09-11,kebon jeruk,,0.000201398286460524,0.1162516465703657,
2025-09-11,kelapa gading,,0.00017506391527322008,0.1158764504134159,
2025-09-11,komp angkasa pura jakarta pusat,,0.00017362920561425366,0.1158764504134159,
2025-09-11,lubang buaya,,0.0002726947133781441,0.1172836828157732,
2025-09-11,us consulate jakarta pusat,,0.00017362920561425366,0.1158764504134159,
2025-09-12,bundaran hotel indonesia,0.0414970738764322,0.00018568566743953696,0.1139550615866545,
2025-09-12,jagakarsa,0.0352257684475127,0.00013987376593737163,0.1135310320346797,
2025-09-12,jalan bdn ii,0.0276132388563471,7.966401722528399e-05,0.1129565121446126,
2025-09-12,kebon jeruk,0.0295504369492389,0.00021105157324066375,0.1139550615866545,
2025-09-12,kelapa gading,0.0358552041510085,0.00016517373081861717,0.1140035638041123,-2.54e-05
2025-09-12,komp angkasa pura jakarta pusat,0.0352257684475127,0.00013987376593737163,0.1140035638041123,-2.54e-05
2025-09-12,lubang buaya,0.0312441615752172,8.939996837818325e-05,0.1134131307616732,
2025-09-12,us consulate jakarta pusat,0.0352257684475127,0.00013987376593737163,0.1140035638041123,-2.54e-05
2025-09-13,bundaran hotel indonesia,0.0476000921321776,0.0002149291122927773,0.1159582910691016,-0.000121
2025-09-13,jagakarsa,0.0443172051311923,0.00013839698608702323,0.1160562492328061,-0.000121
2025-09-13,jalan bdn ii,0.0380981712907164,0.000150565861378081,0.1153164538271249,-2.49e-06
2025-09-13,kebon jeruk,0.0445887291665787,0.0001599554503792306,0.1159582910691016,-0.000121
2025-09-13,kelapa gading,0.0475046666318212,0.00013421352534863178,0.1162620640689578,0.00016118110861495428
2025-09-13,komp angkasa pura jakarta pusat,0.0443172051311923,0.00013839698608702323,0.1162620640689578,0.00016118110861495428
2025-09-13,lubang buaya,0.0365681968564317,0.00016610348330757695,0.1155540593595927,-7.42e-05
2025-09-13,us consulate jakarta pusat,0.0443172051311923,0.00013839698608702323,0.1162620640689578,0.00016118110861495428
2025-09-14,bundaran hotel indonesia,,0.00014930449717271,0.1161395248416689,
2025-09-14,jagakarsa,,0.0001349964711812842,0.115894110023386,
2025-09-14,jalan bdn ii,,0.00013946844935382134,0.1159710765255035,
2025-09-14,kebon jeruk,,0.0001998517843958836,0.1161395248416689,
2025-09-14,kelapa gading,,0.0001234808633867639,0.1162436198134252,
2025-09-14,komp angkasa pura jakarta pusat,,0.0001349964711812842,0.1162436198134252,
2025-09-14,lubang buaya,,0.0001314441255929617,0.116456550080354,
2025-09-14,us consulate jakarta pusat,,0.0001349964711812842,0.1162436198134252,
2025-09-15,bundaran hotel indonesia,,9.283448282608544e-05,0.1142185610568647,
2025-09-15,jagakarsa,,0.00010454509194282148,0.1141031194440694,
2025-09-15,jalan bdn ii,,0.0001366273505469765,0.1148227565527856,
2025-09-15,kebon jeruk,,,0.1142185610568647,
2025-09-15,kelapa gading,,7.792851560095046e-05,0.1148341394852903,
2025-09-15,komp angkasa pura jakarta pusat,,0.00010454509194282148,0.1148341394852903,
2025-09-15,lubang buaya,,0.0001228666884875203,0.1150784315003033,
2025-09-15,us consulate jakarta pusat,,0.00010454509194282148,0.1148341394852903,
2025-09-16,bundaran hotel indonesia,,0.0002276390745533304,0.1161125195280827,
2025-09-16,jagakarsa,,0.00017262346866236752,0.1158393223305898,
2025-09-16,jalan bdn ii,,,0.1165764719714696,
2025-09-16,kebon jeruk,,,0.1161125195280827,
2025-09-16,kelapa gading,0.0310183007306282,0.00016541814046295262,0.114514889390412,
2025-09-16,komp angkasa pura jakarta pusat,0.0310183007306282,0.00017262346866236752,0.114514889390412,
2025-09-16,lubang buaya,,,0.1170199550793667,
2025-09-16,us consulate jakarta pusat,,0.00017262346866236752,0.114514889390412,
2025-09-17,bundaran hotel indonesia,0.04320698719788,0.0002186407275246664,0.1156984370746876,
2025-09-17,jagakarsa,,0.00018355866190398952,0.1164675489982653,
2025-09-17,jalan bdn ii,0.0433698172290147,0.0002719545185366859,0.1150362464799362,
2025-09-17,kebon jeruk,0.0443278212151432,0.000218630465219404,0.1156984370746876,
2025-09-17,kelapa gading,,0.00013800055051429853,0.1152793036707575,
2025-09-17,komp angkasa pura jakarta pusat,,0.00018355866190398952,0.1152793036707575,
2025-09-17,lubang buaya,0.0431357659526617,0.00015934411095177032,0.1140524794559915,
2025-09-17,us consulate jakarta pusat,,0.00018355866190398952,0.1152793036707575,
2025-09-18,bundaran hotel indonesia,,,0.1152227691930551,
2025-09-18,jagakarsa,,,0.1154193436946563,
2025-09-18,jalan bdn ii,,,0.1153557673005427,
2025-09-18,kebon jeruk,,,0.1152227691930551,
2025-09-18,kelapa gading,,,0.1161569983725881,
2025-09-18,komp angkasa pura jakarta pusat,,,0.1161569983725881,
2025-09-18,lubang buaya,,,0.1154099402691175,
2025-09-18,us consulate jakarta pusat,,,0.1161569983725881,
2025-09-19,bundaran hotel indonesia,,0.0001447801950183987,0.1160173551124818,
2025-09-19,jagakarsa,,0.0001586460271838281,0.114991242683095,
2025-09-19,jalan bdn ii,,,0.1161715518650395,
2025-09-19,kebon jeruk,,0.0001411931565247169,0.1155854164834601,
2025-09-19,kelapa gading,,0.0001109914019502571,0.1146165842339846,
2025-09-19,komp angkasa pura jakarta pusat,,0.0001586460271838281,0.114991242683095,
2025-09-19,lubang buaya,,,0.1163507464749741,
2025-09-19,us consulate jakarta pusat,,0.0001586460271838281,0.114991242683095,
2025-09-20,bundaran hotel indonesia,,,0.1155891681880724,
2025-09-20,jagakarsa,,,0.1158918225706558,
2025-09-20,jalan bdn ii,,,0.1146061501951259,
2025-09-20,kebon jeruk,,,0.1155891681880724,
2025-09-20,kelapa gading,,,0.1150223418226659,
2025-09-20,komp angkasa pura jakarta pusat,,,0.1150223418226659,
2025-09-20,lubang buaya,,,0.1152230491273872,
2025-09-20,us consulate jakarta pusat,,,0.1150223418226659,
2025-09-21,bundaran hotel indonesia,0.0276279117605098,8.936656731754771e-05,0.1127529431097548,
2025-09-21,jagakarsa,0.0268099045010139,8.680466056229389e-05,0.1129268984953958,
2025-09-21,jalan bdn ii,,0.00014236251174668446,0.1143228893062193,
2025-09-21,kebon jeruk,0.0284966638723776,8.936656731754771e-05,0.1118277125273149,
2025-09-21,kelapa gading,0.0269130074697995,9.262783417057926e-05,0.1121836796865001,
2025-09-21,komp angkasa pura jakarta pusat,0.0268099045010139,9.262783417057926e-05,0.1129268984953958,
2025-09-21,lubang buaya,,,0.1141717119328187,
2025-09-21,us consulate jakarta pusat,0.0268099045010139,8.680466056229389e-05,0.1129268984953958,
2025-09-22,bundaran hotel indonesia,0.0363350534391904,0.000189984839129546,0.1122898239871467,0.00011829892421931454
2025-09-22,jagakarsa,0.0344339993395082,0.0001519940904056767,0.1126831497274951,0.00011829892421931454
2025-09-22,jalan bdn ii,0.0353926916853794,0.00010287949715899358,0.112294770836776,0.000212250353277825
2025-09-22,kebon jeruk,0.0385226501408191,0.00023734695506550784,0.1122898239871467,0.00011829892421931454
2025-09-22,kelapa gading,0.0331260087862178,0.00010737408322515644,0.1134257160717717,0.00023548040345419517
2025-09-22,komp angkasa pura jakarta pusat,0.0344339993395082,0.0001519940904056767,0.1134257160717717,0.00023548040345419517
2025-09-22,lubang buaya,0.0341522138749657,9.975396035265622e-05,0.1130201293468665,-6.61e-05
2025-09-22,us consulate jakarta pusat,0.0344339993395082,0.0001519940904056767,0.1126831497274951,0.00023548040345419517
2025-09-23,bundaran hotel indonesia,0.03986618321955,0.0003687087260550779,0.1141562411854992,7.881666680486622e-05
2025-09-23,jagakarsa,0.0367252876743966,0.0001811098430177942,0.1139520944583045,7.881666680486622e-05
2025-09-23,jalan bdn ii,0.0395178947011199,0.0001595796164934392,0.1143751834966209,1.3997878959712964e-05
2025-09-23,kebon jeruk,0.0403726374128715,0.00025498264865592173,0.1141562411854992,2.6991323122026416e-05
2025-09-23,kelapa gading,0.0373741992072726,0.00015898799148321077,0.1142043374989884,-7.29e-05
2025-09-23,komp angkasa pura jakarta pusat,0.0367252876743966,0.0001811098430177942,0.1142043374989884,7.881666680486622e-05
2025-09-23,lubang buaya,0.0377653723973167,0.00017198413358599613,0.1146065143790916,
2025-09-23,us consulate jakarta pusat,0.0367252876743966,0.0001811098430177942,0.1139520944583045,7.881666680486622e-05
2025-09-24,bundaran hotel indonesia,0.0457387976464514,0.00027601131528141425,0.1131724188152434,0.00016451505747703266
2025-09-24,jagakarsa,0.0416049828120276,0.0001641410591458484,0.1131348883473939,0.00016451505747703266
2025-09-24,jalan bdn ii,0.0485944182772218,0.00013229779000921614,0.1131590804523722,0.0002283618785106374
2025-09-24,kebon jeruk,0.0462428480220659,0.0001702704280504032,0.1131724188152434,0.0001493928215261237
2025-09-24,kelapa gading,0.0439115957407848,0.00020076865817563288,0.1133962969133001,4.416506542667712e-05
2025-09-24,komp angkasa pura jakarta pusat,0.0416049828120276,0.0001641410591458484,0.1133962969133001,0.00016451505747703266
2025-09-24,lubang buaya,0.0460140789028599,0.0003025307317387385,0.1139467080402406,0.00010961647154762005
2025-09-24,us consulate jakarta pusat,0.0416049828120276,0.0001641410591458484,0.1131348883473939,0.00016451505747703266
2025-09-25,bundaran hotel indonesia,0.0385553581638089,0.00016808096892373197,0.1143905954032828,
2025-09-25,jagakarsa,0.0370495275982109,0.00011095865866328128,0.1151184066047011,
2025-09-25,jalan bdn ii,0.0394080427952648,0.00015583347232579826,0.1138573856635293,
2025-09-25,kebon jeruk,0.042148796335277,0.00021626775920661272,0.1143905954032828,0.00016346026795486962
2025-09-25,kelapa gading,0.0376484799401902,0.0001071072887071196,0.1156013673668964,
2025-09-25,komp angkasa pura jakarta pusat,0.0370495275982109,0.00011095865866328128,0.1156013673668964,
2025-09-25,lubang buaya,0.0381628998108565,0.00014839590894922855,0.1142635814660378,
2025-09-25,us consulate jakarta pusat,0.0370495275982109,0.00011095865866328128,0.1156013673668964,
2025-09-26,bundaran hotel indonesia,0.0369673555164996,0.00020208033226937395,0.1148614475308494,0.00011332174009290746
2025-09-26,jagakarsa,0.0373722749876643,0.0001523493151261878,0.1145866012255489,0.00011332174009290746
2025-09-26,jalan bdn ii,0.0363246745169427,0.00011130938896809306,0.1147850158907378,
2025-09-26,kebon jeruk,0.0372022992927684,0.0002464307161717572,0.1148614475308494,0.00011332174009290746
2025-09-26,kelapa gading,0.0373344936276821,0.0001146336033185594,0.113920713309598,-0.000123
2025-09-26,komp angkasa pura jakarta pusat,0.0373722749876643,0.0001523493151261878,0.113920713309598,-0.000123
2025-09-26,lubang buaya,0.032970019854986,9.886411070561184e-05,0.115083469593646,0.0002161826703333729
2025-09-26,us consulate jakarta pusat,0.0373722749876643,0.0001523493151261878,0.113920713309598,-0.000123
2025-09-27,bundaran hotel indonesia,0.0354696105786198,0.000155248227067334,0.1164990428473082,-0.000167
2025-09-27,jagakarsa,0.0401221132714836,0.00016457848077670832,0.117258383558011,-0.000167
2025-09-27,jalan bdn ii,0.0388182007488736,0.00012279661950740124,0.1170533308341733,
2025-09-27,kebon jeruk,0.0351316788599963,0.00023116840942723852,0.1164990428473082,-0.000167
2025-09-27,kelapa gading,0.0409639184918173,0.00011898861050584528,0.1175722257163292,-3.41e-05
2025-09-27,komp angkasa pura jakarta pusat,0.0401221132714836,0.00016457848077670832,0.1175722257163292,-3.41e-05
2025-09-27,lubang buaya,0.0354920679630923,0.00011750659078276576,0.1168912315712663,
2025-09-27,us consulate jakarta pusat,0.0401221132714836,0.00016457848077670832,0.1175722257163292,-3.41e-05
2025-09-28,bundaran hotel indonesia,0.0302063089360074,8.232779275889262e-05,0.1160192407142698,-1.99e-05
2025-09-28,jagakarsa,0.0313049807804891,0.00010257478373120236,0.1161161232496893,-1.99e-05
2025-09-28,jalan bdn ii,0.0306824158646832,9.036641809020182e-05,0.1157690300628634,-3.73e-05
2025-09-28,kebon jeruk,0.0308778272944995,9.343127553876088e-05,0.1160192407142698,1.4024476043383324e-05
2025-09-28,kelapa gading,0.0312730637962505,7.982285045115128e-05,0.1159751247972196,3.658741137646177e-05
2025-09-28,komp angkasa pura jakarta pusat,0.0313049807804891,0.00010257478373120236,0.1159751247972196,-1.99e-05
2025-09-28,lubang buaya,0.0310826582557921,8.730147026193188e-05,0.1159075932862258,-7.37e-05
2025-09-28,us consulate jakarta pusat,0.0313049807804891,0.00010257478373120236,0.1159751247972196,-1.99e-05
2025-09-29,bundaran hotel indonesia,,0.000182305401017644,0.1180043453398184,
2025-09-29,jagakarsa,0.0328122485350561,0.0001493892087426096,0.1177845370097899,
2025-09-29,jalan bdn ii,0.0376026242215102,8.839678571201673e-05,0.116401192746697,
2025-09-29,kebon jeruk,,0.00013723605474528095,0.1180043453398184,
2025-09-29,kelapa gading,0.0295047276007064,0.00016559386210843787,0.1184687874556132,
2025-09-29,komp angkasa pura jakarta pusat,0.0328122485350561,0.0001493892087426096,0.1184687874556132,
2025-09-29,lubang buaya,0.0393189417566277,0.00013534858922601166,0.1169740175092705,
2025-09-29,us consulate jakarta pusat,0.0328122485350561,0.0001493892087426096,0.1184687874556132,
2025-09-30,bundaran hotel indonesia,,0.0001509392270076045,0.1168144670445562,
2025-09-30,jagakarsa,,0.00015094867914199737,0.1171616244776177,
2025-09-30,jalan bdn ii,,7.868828942390034e-05,0.1174358367365934,
2025-09-30,kebon jeruk,,0.00015369833747628129,0.1168144670445562,
2025-09-30,kelapa gading,0.037119932149745,0.0001296583643754958,0.116984111047531,
2025-09-30,komp angkasa pura jakarta pusat,,0.00015094867914199737,0.116984111047531,
2025-09-30,lubang buaya,0.0407809513427877,7.614940950862996e-05,0.1173437553778643,
2025-09-30,us consulate jakarta pusat,,0.00015094867914199737,0.116984111047531,
2025-10-01,kelapa gading,,5.232882093805274e-05,0.1158577825089817,
2025-10-01,komp angkasa pura jakarta pusat,,,0.1158577825089817,
2025-10-01,lubang buaya,,8.197086699092005e-05,0.113004483281693,
2025-10-01,us consulate jakarta pusat,,,0.1158577825089817,
2025-10-02,bundaran hotel indonesia,,,0.116688677675971,
2025-10-02,jagakarsa,,,0.1154277626306296,
2025-10-02,jalan bdn ii,,,0.1157729526314476,
2025-10-02,kebon jeruk,,0.00010429570130551808,0.116688677675971,
2025-10-02,kelapa gading,,,0.1163027958211997,
2025-10-02,komp angkasa pura jakarta pusat,,,0.1163027958211997,
2025-10-02,lubang buaya,,,0.1167856829161097,
2025-10-02,us consulate jakarta pusat,,,0.1163027958211997,
2025-10-03,bundaran hotel indonesia,,0.0002426119812648003,0.1153794350949759,
2025-10-03,jagakarsa,,0.00020921879258436451,0.1145555465382519,
2025-10-03,jalan bdn ii,,0.00010125268524724135,0.1150285652371,0.00013277057120814355
2025-10-03,kebon jeruk,,0.0002573199192888243,0.1153794350949759,
2025-10-03,kelapa gading,,0.0001409659791064571,0.1157450517406399,
2025-10-03,komp angkasa pura jakarta pusat,,0.00020921879258436451,0.1157450517406399,
2025-10-03,lubang buaya,,0.00010739223236420775,0.115757337618907,
2025-10-03,us consulate jakarta pusat,,0.00020921879258436451,0.1157450517406399,
2025-10-04,bundaran hotel indonesia,0.0375709232789315,0.00018926885486829036,0.1139031706685987,5.5573254731862805e-05
2025-10-04,jagakarsa,0.0379979777411621,0.00012055846936303076,0.1132063261837387,5.5573254731862805e-05
2025-10-04,jalan bdn ii,0.0371073652928228,0.0001666364016545874,0.1126725753969505,0.00015116985161250823
2025-10-04,kebon jeruk,0.0385119802327205,0.00017586697664648973,0.1139031706685987,0.00024126639786866625
2025-10-04,kelapa gading,0.0359547337733063,0.00010605086466651064,0.1140060168801637,1.0215616883609896e-05
2025-10-04,komp angkasa pura jakarta pusat,0.0379979777411621,0.00012055846936303076,0.1140060168801637,5.5573254731862805e-05
2025-10-04,lubang buaya,0.0345630208469473,0.00014865216524271706,0.1126964212014575,3.552011406185424e-06
2025-10-04,us consulate jakarta pusat,0.0379979777411621,0.00012055846936303076,0.1140060168801637,5.5573254731862805e-05
2025-10-05,bundaran hotel indonesia,0.0405011468929044,0.0001826850263836793,0.1163511180026587,0.0001970307706207396
2025-10-05,jagakarsa,0.0413420711621635,0.00012157909558846566,0.1161490933701047,0.0001970307706207396
2025-10-05,jalan bdn ii,0.0372751924216172,0.0001808428823939924,0.1158836025466807,0.0001430096588206002
2025-10-05,kebon jeruk,0.03956710223762,0.0001695879458975562,0.1163511180026587,0.00013766355667345505
2025-10-05,kelapa gading,0.0402321591336304,0.00012274930204398486,0.1154603625414672,0.0002279915652035551
2025-10-05,komp angkasa pura jakarta pusat,0.0413420711621635,0.00012157909558846566,0.1154603625414672,0.0001970307706207396
2025-10-05,lubang buaya,0.0363268909668713,0.0001525094281673057,0.1161324753919008,
2025-10-05,us consulate jakarta pusat,0.0413420711621635,0.00012157909558846566,0.1154603625414672,0.0001970307706207396
2025-10-06,bundaran hotel indonesia,,2.8146940563729465e-05,0.1183560321911229,
2025-10-06,jagakarsa,,5.088485947771482e-05,0.1188812881166112,
2025-10-06,jalan bdn ii,,5.795413352392879e-05,0.1180177826479485,
2025-10-06,kebon jeruk,,8.454143343187369e-05,0.1183560321911229,
2025-10-06,kelapa gading,,1.6698156889831484e-05,0.1194910975353925,
2025-10-06,komp angkasa pura jakarta pusat,,5.088485947771482e-05,0.1194910975353925,
2025-10-06,lubang buaya,,6.490355487074149e-05,0.1180863288894951,
2025-10-06,us consulate jakarta pusat,,5.088485947771482e-05,0.1194910975353925,
2025-10-07,bundaran hotel indonesia,,9.785685592008376e-05,0.1185335484414649,
2025-10-07,jagakarsa,,6.044669064538646e-05,0.1176648569213756,
2025-10-07,jalan bdn ii,,,0.119182207931803,
2025-10-07,kebon jeruk,,0.00010504944344493094,0.1185335484414649,
2025-10-07,kelapa gading,,7.062192908611941e-05,0.1172466157072319,
2025-10-07,komp angkasa pura jakarta pusat,,6.044669064538646e-05,0.1172466157072319,
2025-10-07,lubang buaya,,,0.1193638231125021,
2025-10-07,us consulate jakarta pusat,,6.044669064538646e-05,0.1172466157072319,
2025-10-08,bundaran hotel indonesia,0.0505088172641355,0.0002476609674110897,0.1200063290024797,-7.07e-05
2025-10-08,jagakarsa,0.0482814600547419,0.00013331690047691726,0.1190195270372577,-7.07e-05
2025-10-08,jalan bdn ii,0.0502592307616894,0.00031288840143986967,0.1185235786912889,0.00011613662105024888
2025-10-08,kebon jeruk,0.0554969198853532,0.0001892689161543798,0.1200063290024797,-0.0002
2025-10-08,kelapa gading,0.0464774283798763,0.00011969407372175384,0.1189723477574747,-0.000145
2025-10-08,komp angkasa pura jakarta pusat,0.0482814600547419,0.00013331690047691726,0.1189723477574747,-7.07e-05
2025-10-08,lubang buaya,0.0454843639555866,0.0001772720037969711,0.1179487289862128,-2.69e-05
2025-10-08,us consulate jakarta pusat,0.0482814600547419,0.00013331690047691726,0.1189723477574747,-7.07e-05
2025-10-09,bundaran hotel indonesia,0.0457787478619356,0.0003254980746860639,0.1197650050239437,1.226173410523399e-05
2025-10-09,jagakarsa,0.0424518278586021,0.00016028911653570511,0.1193619758488689,1.226173410523399e-05
2025-10-09,jalan bdn ii,0.045875302685191,0.00029208014411973536,0.1188049402321067,0.0001047935220432181
2025-10-09,kebon jeruk,0.0512228209723015,0.0002414162978904706,0.1197650050239437,4.803577988845936e-06
2025-10-09,kelapa gading,0.0406467523270738,0.0001145533843378396,0.1191248046599318,-5.4e-05
2025-10-09,komp angkasa pura jakarta pusat,0.0424518278586021,0.00016028911653570511,0.1191248046599318,1.226173410523399e-05
2025-10-09,lubang buaya,0.0418169025891384,0.00017604424300473508,0.1187774450858176,4.224209253544815e-05
2025-10-09,us consulate jakarta pusat,0.0424518278586021,0.00016028911653570511,0.1191248046599318,1.226173410523399e-05
2025-10-10,bundaran hotel indonesia,0.0322562628407651,0.00021975695644685955,0.118823324781767,4.860742995467062e-05
2025-10-10,jagakarsa,0.0345771909824657,0.00015019045361787603,0.1188848224020851,4.860742995467062e-05
2025-10-10,jalan bdn ii,0.0303353017178986,0.00021338617879140855,0.1183698860104661,
2025-10-10,kebon jeruk,0.0305665641351951,0.0003132439211626804,0.118823324781767,1.7592412122345287e-05
2025-10-10,kelapa gading,0.0370587479182413,9.46895037920134e-05,0.1192373431014534,0.00010796884152760352
2025-10-10,komp angkasa pura jakarta pusat,0.0345771909824657,0.00015019045361787603,0.1192373431014534,4.860742995467062e-05
2025-10-10,lubang buaya,0.0341189377120936,0.0001733953033388316,0.1183211768012602,-3.43e-05
2025-10-10,us consulate jakarta pusat,0.0345771909824657,0.00015019045361787603,0.1192373431014534,4.860742995467062e-05
2025-10-11,bundaran hotel indonesia,0.0402220764541108,0.0001269988632284045,0.1161729113441603,8.010934416059634e-05
2025-10-11,jagakarsa,0.0398777338181986,0.00011264768426074914,0.1166019733706021,8.010934416059634e-05
2025-10-11,jalan bdn ii,0.0369693315123376,0.00011251755602758555,0.1146552871393012,
2025-10-11,kebon jeruk,0.0402220764541108,0.00021304704511383612,0.1161729113441603,8.010934416059634e-05
2025-10-11,kelapa gading,0.0406680281386154,7.871872806288026e-05,0.1156875313614011,2.6242276514298252e-05
2025-10-11,komp angkasa pura jakarta pusat,0.0406680281386154,0.00011264768426074914,0.1156875313614011,8.010934416059634e-05
2025-10-11,lubang buaya,0.0374112610019349,0.00010888758118637222,0.1146290511010024,3.920449007540703e-05
2025-10-11,us consulate jakarta pusat,0.0406680281386154,0.00011264768426074914,0.1156875313614011,8.010934416059634e-05
2025-10-12,bundaran hotel indonesia,0.0331753038674202,0.0001122753628324087,0.1136947352394999,-6.68e-05
2025-10-12,jagakarsa,0.0333618195703794,0.00013367173231008746,0.1151004555292685,-6.68e-05
2025-10-12,jalan bdn ii,0.0337412117020893,0.0001156934996745924,0.1145278575958764,0.0003296686284022031
2025-10-12,kebon jeruk,0.036064987916957,0.00012478165235294347,0.1136947352394999,-3.68e-05
2025-10-12,kelapa gading,0.0333749246358276,9.483731183175128e-05,0.1150600075534545,5.0212334017225445e-05
2025-10-12,komp angkasa pura jakarta pusat,0.0333618195703794,0.00013367173231008746,0.1150600075534545,-6.68e-05
2025-10-12,lubang buaya,0.0317672655349511,0.0001189832286345199,0.1142500962149184,0.00018309015371084636
2025-10-12,us consulate jakarta pusat,0.0333618195703794,0.00013367173231008746,0.1150600075534545,-6.68e-05
2025-10-13,bundaran hotel indonesia,0.0225415266757481,9.5013614348015e-05,0.1156030086979061,
2025-10-13,jagakarsa,,0.00010100951943663408,0.1162963389201218,
2025-10-13,jalan bdn ii,,0.00011575734446490752,0.1161661567559166,
2025-10-13,kebon jeruk,,0.00011855038311016104,0.1156030086979061,
2025-10-13,kelapa gading,,6.750159531050063e-05,0.1162368743077253,
2025-10-13,komp angkasa pura jakarta pusat,,0.00010100951943663408,0.1162368743077253,
2025-10-13,lubang buaya,,0.00013260472953710643,0.1169901375236575,
2025-10-13,us consulate jakarta pusat,,0.00010100951943663408,0.1162368743077253,
2025-10-14,bundaran hotel indonesia,0.0295133144043878,0.00011145332042090818,0.1177060244702705,1.910847316596289e-05
2025-10-14,jagakarsa,0.0278460747428045,0.00014845072092734888,0.1180662078299928,1.910847316596289e-05
2025-10-14,jalan bdn ii,0.0293326592465383,0.00014301399777562254,0.1164016966323861,4.749096705268744e-05
2025-10-14,kebon jeruk,0.0298290203478112,0.00016477042372438382,0.1177060244702705,-6.52e-05
2025-10-14,kelapa gading,0.0274439494963017,9.245008049010252e-05,0.1179039592189368,-6.44e-05
2025-10-14,komp angkasa pura jakarta pusat,0.0278460747428045,0.00014845072092734888,0.1179039592189368,1.910847316596289e-05
2025-10-14,lubang buaya,0.0274525237967302,0.00011297334988068878,0.1163365936289649,0.0001102759488141841
2025-10-14,us consulate jakarta pusat,0.0278460747428045,0.00014845072092734888,0.1179039592189368,1.910847316596289e-05
2025-10-15,bundaran hotel indonesia,0.0309228567559799,0.00014984727522622323,0.1186241220756813,0.0001035681637125778
2025-10-15,jagakarsa,0.0295114097961614,0.00012038018622533784,0.1189709977107088,0.0001035681637125778
2025-10-15,jalan bdn ii,0.0306396529144314,0.0001187164702215667,0.1181580449973685,1.9990592381720723e-05
2025-10-15,kebon jeruk,0.0330971042240189,0.0001721044787738678,0.1186241220756813,3.7822660026677394e-05
2025-10-15,kelapa gading,0.0293506106295275,9.345475725055408e-05,0.1176962900497266,5.933011497057753e-05
2025-10-15,komp angkasa pura jakarta pusat,0.0295114097961614,0.00012038018622533784,0.1176962900497266,0.0001035681637125778
2025-10-15,lubang buaya,0.0298756964144751,0.000116134662772057,0.1184421166364789,-5.91e-05
2025-10-15,us consulate jakarta pusat,0.0295114097961614,0.00012038018622533784,0.1176962900497266,0.0001035681637125778
2025-10-16,bundaran hotel indonesia,0.0307722503096926,0.0001532938585700368,0.1172740252860051,0.00018436141545405573
2025-10-16,jagakarsa,0.0325712987203572,0.00015713521781879935,0.1173516933925785,0.00018436141545405573
2025-10-16,jalan bdn ii,0.0309474943737728,0.00013325465861381813,0.1167021333847188,
2025-10-16,kebon jeruk,0.0305419146791214,0.0001532938585700368,0.1172740252860051,-8.04e-05
2025-10-16,kelapa gading,0.0321683015720138,0.00012085969957679878,0.1175586515611667,-0.000127
2025-10-16,komp angkasa pura jakarta pusat,0.0325712987203572,0.00012085969957679878,0.1175586515611667,0.00018436141545405573
2025-10-16,lubang buaya,0.0274348025231677,0.0001303796904166743,0.1164577356876466,
2025-10-16,us consulate jakarta pusat,0.0325712987203572,0.00012085969957679878,0.1175586515611667,0.00018436141545405573
2025-10-17,kelapa gading,,,,0.0004520106835355774
2025-10-17,lubang buaya,,,,0.0005236110311906772
2025-10-18,bundaran hotel indonesia,,,0.1179365848094282,
2025-10-18,jagakarsa,,,0.1181750556139662,
2025-10-18,jalan bdn ii,,,0.1186350951924319,
2025-10-18,kebon jeruk,,,0.1179365848094282,
2025-10-18,kelapa gading,,,0.1180071893026131,
2025-10-18,komp angkasa pura jakarta pusat,,,0.1180071893026131,
2025-10-18,lubang buaya,,,0.1181993141947744,
2025-10-18,us consulate jakarta pusat,,,0.1180071893026131,
2025-10-19,bundaran hotel indonesia,,0.00017507062747119272,0.1156907170556968,
2025-10-19,jagakarsa,,0.0001359196765440755,0.1157503094613878,
2025-10-19,jalan bdn ii,,0.00015692392726959566,0.1162281893222015,
2025-10-19,kebon jeruk,,0.00017507062747119272,0.1156907170556968,
2025-10-19,kelapa gading,,0.00015730788146989014,0.1155952457101297,
2025-10-19,komp angkasa pura jakarta pusat,,0.00015730788146989014,0.1155952457101297,
2025-10-19,lubang buaya,,0.00016047066659875548,0.1162293208230235,
2025-10-19,us consulate jakarta pusat,,0.00015730788146989014,0.1155952457101297,
2025-10-20,bundaran hotel indonesia,0.0430086852902407,0.00011291139236463344,0.1181728368835128,-2.89e-05
2025-10-20,jagakarsa,0.0393553866632211,9.164711487698134e-05,0.1161934070794885,-2.89e-05
2025-10-20,jalan bdn ii,0.0422265979257497,0.00021226976119736635,0.1193102141880201,
2025-10-20,kebon jeruk,0.0430086852902407,0.00011291139236463344,0.1181728368835128,4.428085163502904e-05
2025-10-20,kelapa gading,0.0349697621204138,0.00013154867094844917,0.1148451410792716,1.6268518007877956e-05
2025-10-20,komp angkasa pura jakarta pusat,0.0349697621204138,0.00013154867094844917,0.1148451410792716,-2.89e-05
2025-10-20,lubang buaya,0.039453562148425,0.00019148072446075924,0.1175610278392574,-2.75e-05
2025-10-20,us consulate jakarta pusat,0.0349697621204138,0.00013154867094844917,0.1148451410792716,-2.89e-05
2025-10-21,bundaran hotel indonesia,0.0421200582140369,0.00018814297226446875,0.1189942781048953,
2025-10-21,jagakarsa,0.0421200583348859,0.00015536711571362502,0.1179557458538387,
2025-10-21,jalan bdn ii,,0.00020126886746979188,0.1187582177526099,
2025-10-21,kebon jeruk,0.0421200582140369,0.00018814297226446875,0.1189942781048953,
2025-10-21,kelapa gading,,0.00020315757797924813,0.1180454374886746,
2025-10-21,komp angkasa pura jakarta pusat,,0.00020315757797924813,0.1180454374886746,
2025-10-21,lubang buaya,,0.00021941862493811464,0.1188500351230856,
2025-10-21,us consulate jakarta pusat,,0.00020315757797924813,0.1180454374886746,
2025-10-22,bundaran hotel indonesia,,,0.1170932179921949,
2025-10-22,jagakarsa,,,0.1161976052214801,
2025-10-22,jalan bdn ii,,,0.1181563266622018,
2025-10-22,kebon jeruk,,,0.1170932179921949,
2025-10-22,kelapa gading,,,0.1163368181160908,
2025-10-22,komp angkasa pura jakarta pusat,,,0.1163368181160908,
2025-10-22,lubang buaya,,,0.1170360893393461,
2025-10-22,us consulate jakarta pusat,,,0.1163368181160908,
2025-10-23,bundaran hotel indonesia,,,0.117608423790631,
2025-10-23,jagakarsa,,,0.1164304758876868,
2025-10-23,jalan bdn ii,,,0.1165731316741419,
2025-10-23,kebon jeruk,,,0.117608423790631,
2025-10-23,kelapa gading,,,0.1167777670227907,
2025-10-23,komp angkasa pura jakarta pusat,,,0.1167777670227907,
2025-10-23,lubang buaya,,,0.117006968794171,
2025-10-23,us consulate jakarta pusat,,,0.1167777670227907,
2025-10-24,bundaran hotel indonesia,,,0.1163132803571638,
2025-10-24,jagakarsa,,,0.1159234170473856,
2025-10-24,jalan bdn ii,,,0.1163118602406041,
2025-10-24,kebon jeruk,,,0.1163132803571638,
2025-10-24,kelapa gading,,,0.1159133578831757,
2025-10-24,komp angkasa pura jakarta pusat,,,0.1159133578831757,
2025-10-24,lubang buaya,,,0.1164452046604516,
2025-10-24,us consulate jakarta pusat,,,0.1159133578831757,
2025-10-25,bundaran hotel indonesia,0.0293731116370374,,0.113688513561657,1.1690852570372395e-05
2025-10-25,jagakarsa,0.0310337928058454,,0.1143220627688411,1.1690852570372395e-05
2025-10-25,jalan bdn ii,0.0262177984916016,,0.114119413294739,8.683817875277602e-05
2025-10-25,kebon jeruk,0.0293731116370374,,0.113688513561657,0.00014063541763487288
2025-10-25,kelapa gading,0.0323466979396125,,0.1140312364944723,0.00013246237186087295
2025-10-25,komp angkasa pura jakarta pusat,0.0323466979396125,,0.1140312364944723,1.1690852570372395e-05
2025-10-25,lubang buaya,0.0369680399500316,,0.1140513573191212,0.00023365680693524543
2025-10-25,us consulate jakarta pusat,0.0323466979396125,,0.1140312364944723,1.1690852570372395e-05
2025-10-26,bundaran hotel indonesia,0.0360318028554429,,0.1176483848336504,
2025-10-26,jagakarsa,0.0368446935148964,,0.1161597476504083,
2025-10-26,jalan bdn ii,0.033764735982337,,0.1165315361986772,
2025-10-26,kebon jeruk,0.0360318028554429,,0.1176483848336504,
2025-10-26,kelapa gading,0.0364147523741672,,0.1160336095151766,-0.000225
2025-10-26,komp angkasa pura jakarta pusat,0.0364147523741672,,0.1160336095151766,
2025-10-26,lubang buaya,0.0343468163177604,,0.1162700201079888,
2025-10-26,us consulate jakarta pusat,0.0364147523741672,,0.1160336095151766,
2025-10-27,bundaran hotel indonesia,,,0.1166741293544598,
2025-10-27,jagakarsa,,,0.1166759935142474,
2025-10-27,jalan bdn ii,0.0335308386997627,,0.1153164863877424,
2025-10-27,kebon jeruk,,,0.1166741293544598,
2025-10-27,kelapa gading,,,0.1160440947860449,
2025-10-27,komp angkasa pura jakarta pusat,,,0.1160440947860449,
2025-10-27,lubang buaya,0.0340376829559449,,0.1148020964035911,
2025-10-27,us consulate jakarta pusat,,,0.1160440947860449,
2025-10-28,bundaran hotel indonesia,,,0.1138466622213636,
2025-10-28,jagakarsa,,,0.1139973143167905,
2025-10-28,jalan bdn ii,,0.00016318788450261153,0.1141370020061687,
2025-10-28,kebon jeruk,,,0.1138466622213636,
2025-10-28,kelapa gading,,,0.1138453133974653,
2025-10-28,komp angkasa pura jakarta pusat,,,0.1138453133974653,
2025-10-28,lubang buaya,,0.00016204149235045687,0.1138167690686755,
2025-10-28,us consulate jakarta pusat,,,0.1138453133974653,
2025-10-29,bundaran hotel indonesia,0.0373937788549415,0.00023421551134008187,,-0.000134
2025-10-29,jagakarsa,0.0448664257916741,0.00015861659358682383,,-0.000134
2025-10-29,jalan bdn ii,,0.00014112889027960584,,
2025-10-29,kebon jeruk,0.0373937788549415,0.00023421551134008187,,-0.000127
2025-10-29,kelapa gading,0.0380561236157182,0.0001625362834831856,,
2025-10-29,komp angkasa pura jakarta pusat,0.0380561236157182,0.0001625362834831856,,-0.000134
2025-10-29,lubang buaya,0.03152752537038,0.00013805109792916498,,
2025-10-29,us consulate jakarta pusat,0.0380561236157182,0.0001625362834831856,,-0.000134
2025-10-30,bundaran hotel indonesia,0.0317810555438553,0.00014643705026260413,,0.00016391116863802646
2025-10-30,jagakarsa,0.0303707132006813,0.0001641604042644108,,0.00016391116863802646
2025-10-30,jalan bdn ii,0.0312310216006831,9.399000025212489e-05,,
2025-10-30,kebon jeruk,0.0317810555438553,0.00014643705026260413,,0.0002073902327076355
2025-10-30,kelapa gading,0.0340422797876816,0.0001609075292446098,,0.00013759826500378628
2025-10-30,komp angkasa pura jakarta pusat,0.0340422797876816,0.0001609075292446098,,0.00016391116863802646
2025-10-30,lubang buaya,0.0308725513145181,0.0001287622026850221,,
2025-10-30,us consulate jakarta pusat,0.0340422797876816,0.0001609075292446098,,0.00016391116863802646
