id,data_period,date,station,PM10,PM25,SO2,CO,O3,NO2,max,critical_pol,category
1,202301,2023-01-01,bundaran hotel indonesia,44,55,47,10,24,9,55,PM25,MEDIUM
2,202301,2023-01-02,bundaran hotel indonesia,32,43,52,9,24,8,52,SO2,MEDIUM
3,202301,2023-01-03,bundaran hotel indonesia,31,35,49,9,12,7,49,SO2,GOOD
4,202301,2023-01-04,bundaran hotel indonesia,30,47,53,11,15,9,53,SO2,MEDIUM
5,202301,2023-01-05,bundaran hotel indonesia,38,50,50,13,26,11,50,PM25,GOOD
6,202301,2023-01-06,bundaran hotel indonesia,31,48,45,10,13,7,48,PM25,GOOD
7,202301,2023-01-07,bundaran hotel indonesia,25,42,44,10,9,5,44,SO2,GOOD
8,202301,2023-01-08,bundaran hotel indonesia,28,49,47,11,9,4,49,PM25,GOOD
9,202301,2023-01-09,bundaran hotel indonesia,25,39,48,10,12,5,48,SO2,GOOD
10,202301,2023-01-10,bundaran hotel indonesia,37,44,45,11,21,8,45,SO2,GOOD
11,202301,2023-01-11,bundaran hotel indonesia,42,65,47,13,25,10,65,PM25,MEDIUM
12,202301,2023-01-12,bundaran hotel indonesia,53,69,49,12,28,13,69,PM25,MEDIUM
13,202301,2023-01-13,bundaran hotel indonesia,57,78,47,11,26,18,78,PM25,MEDIUM
14,202301,2023-01-14,bundaran hotel indonesia,51,70,45,11,31,14,70,PM25,MEDIUM
15,202301,2023-01-15,bundaran hotel indonesia,46,57,44,11,24,7,57,PM25,MEDIUM
16,202301,2023-01-16,bundaran hotel indonesia,34,40,42,11,11,6,42,SO2,GOOD
17,202301,2023-01-17,bundaran hotel indonesia,40,52,45,12,9,6,52,PM25,MEDIUM
18,202301,2023-01-18,bundaran hotel indonesia,55,71,55,12,10,11,71,PM25,MEDIUM
19,202301,2023-01-19,bundaran hotel indonesia,53,63,53,11,9,10,63,PM25,MEDIUM
20,202301,2023-01-20,bundaran hotel indonesia,42,57,51,10,12,9,57,PM25,MEDIUM
21,202301,2023-01-21,bundaran hotel indonesia,42,59,-,9,10,20,59,PM25,MEDIUM
22,202301,2023-01-22,bundaran hotel indonesia,37,46,-,7,11,17,46,PM25,GOOD
23,202301,2023-01-23,bundaran hotel indonesia,21,32,-,6,13,12,32,PM25,GOOD
24,202301,2023-01-24,bundaran hotel indonesia,29,39,-,7,10,20,39,PM25,GOOD
25,202301,2023-01-25,bundaran hotel indonesia,30,50,56,6,10,16,56,SO2,MEDIUM
26,202301,2023-01-26,bundaran hotel indonesia,41,45,45,8,11,20,45,PM25,GOOD
27,202301,2023-01-27,bundaran hotel indonesia,47,56,44,11,21,25,56,PM25,MEDIUM
28,202301,2023-01-28,bundaran hotel indonesia,33,45,41,8,14,27,45,PM25,GOOD
29,202301,2023-01-29,bundaran hotel indonesia,50,60,43,10,20,26,60,PM25,MEDIUM
30,202301,2023-01-30,bundaran hotel indonesia,37,56,44,9,21,27,56,PM25,MEDIUM
31,202301,2023-01-31,bundaran hotel indonesia,50,65,55,9,16,30,65,PM25,MEDIUM
32,202302,2023-02-01,bundaran hotel indonesia,-,-,-,-,-,-,0,,TIDAK ADA DATA
33,202302,2023-02-02,bundaran hotel indonesia,-,-,-,-,-,-,0,,TIDAK ADA DATA
34,202302,2023-02-03,bundaran hotel indonesia,28,42,50,5,21,24,50,SO2,GOOD
35,202302,2023-02-04,bundaran hotel indonesia,55,71,53,8,25,27,71,PM25,MEDIUM
36,202302,2023-02-05,bundaran hotel indonesia,45,59,45,6,27,17,59,PM25,MEDIUM
37,202302,2023-02-06,bundaran hotel indonesia,34,51,52,6,15,12,52,SO2,MEDIUM
38,202302,2023-02-07,bundaran hotel indonesia,41,52,50,7,14,22,52,PM25,MEDIUM
39,202302,2023-02-08,bundaran hotel indonesia,30,38,40,8,31,24,40,SO2,GOOD
40,202302,2023-02-09,bundaran hotel indonesia,31,43,38,6,11,17,43,PM25,GOOD
41,202302,2023-02-10,bundaran hotel indonesia,25,30,37,6,19,15,37,SO2,GOOD
42,202302,2023-02-11,bundaran hotel indonesia,34,34,35,8,21,19,35,SO2,GOOD
43,202302,2023-02-12,bundaran hotel indonesia,20,16,34,5,23,16,34,SO2,GOOD
44,202302,2023-02-13,bundaran hotel indonesia,28,26,34,5,23,13,34,SO2,GOOD
45,202302,2023-02-14,bundaran hotel indonesia,23,18,34,5,23,11,34,SO2,GOOD
46,202302,2023-02-15,bundaran hotel indonesia,21,21,34,6,17,11,34,SO2,GOOD
47,202302,2023-02-16,bundaran hotel indonesia,29,30,35,6,20,15,35,SO2,GOOD
48,202302,2023-02-17,bundaran hotel indonesia,33,43,39,7,18,21,43,PM25,GOOD
49,202302,2023-02-18,bundaran hotel indonesia,54,70,43,11,22,26,70,PM25,MEDIUM
50,202302,2023-02-19,bundaran hotel indonesia,56,73,39,8,27,25,73,PM25,MEDIUM
51,202302,2023-02-20,bundaran hotel indonesia,38,50,39,7,23,14,50,PM25,GOOD
52,202302,2023-02-21,bundaran hotel indonesia,24,32,39,8,21,16,39,SO2,GOOD
53,202302,2023-02-22,bundaran hotel indonesia,29,31,40,8,23,19,40,SO2,GOOD
54,202302,2023-02-23,bundaran hotel indonesia,36,47,40,-,23,23,47,PM25,GOOD
55,202302,2023-02-24,bundaran hotel indonesia,28,33,44,10,22,28,44,SO2,GOOD
56,202302,2023-02-25,bundaran hotel indonesia,36,45,44,9,27,29,45,PM25,GOOD
57,202302,2023-02-26,bundaran hotel indonesia,34,44,44,10,26,23,44,PM25,GOOD
58,202302,2023-02-27,bundaran hotel indonesia,32,32,43,10,30,24,43,SO2,GOOD
59,202302,2023-02-28,bundaran hotel indonesia,43,54,52,10,19,32,54,PM25,MEDIUM
60,202303,2023-03-01,bundaran hotel indonesia,38,44,50,8,19,27,50,O3,GOOD
61,202303,2023-03-02,bundaran hotel indonesia,29,33,47,11,21,27,47,O3,GOOD
62,202303,2023-03-03,bundaran hotel indonesia,38,46,49,9,16,25,49,O3,GOOD
63,202303,2023-03-04,bundaran hotel indonesia,31,40,50,-,18,21,50,O3,GOOD
64,202303,2023-03-05,bundaran hotel indonesia,33,41,47,11,21,22,47,O3,GOOD
65,202303,2023-03-06,bundaran hotel indonesia,31,44,46,9,20,19,46,O3,GOOD
66,202303,2023-03-07,bundaran hotel indonesia,37,54,50,11,17,19,54,PM25,MEDIUM
67,202303,2023-03-08,bundaran hotel indonesia,42,54,51,12,17,23,54,PM25,MEDIUM
68,202303,2023-03-09,bundaran hotel indonesia,47,58,46,13,22,33,58,PM25,MEDIUM
69,202303,2023-03-10,bundaran hotel indonesia,45,61,46,12,14,28,61,PM25,MEDIUM
70,202303,2023-03-11,bundaran hotel indonesia,44,62,45,12,18,35,62,PM25,MEDIUM
71,202303,2023-03-12,bundaran hotel indonesia,61,83,47,13,17,39,83,PM25,MEDIUM
72,202303,2023-03-13,bundaran hotel indonesia,53,72,48,12,21,33,72,PM25,MEDIUM
73,202303,2023-03-14,bundaran hotel indonesia,51,61,47,12,15,30,61,PM25,MEDIUM
74,202303,2023-03-15,bundaran hotel indonesia,29,42,43,11,23,31,43,SO2,GOOD
75,202303,2023-03-16,bundaran hotel indonesia,64,84,46,15,21,44,84,PM25,MEDIUM
76,202303,2023-03-17,bundaran hotel indonesia,49,59,44,11,21,28,59,PM25,MEDIUM
77,202303,2023-03-18,bundaran hotel indonesia,44,60,45,12,20,34,60,PM25,MEDIUM
78,202303,2023-03-19,bundaran hotel indonesia,53,67,46,12,24,29,67,PM25,MEDIUM
79,202303,2023-03-20,bundaran hotel indonesia,54,76,47,13,28,33,76,PM25,MEDIUM
80,202303,2023-03-21,bundaran hotel indonesia,54,71,47,14,20,45,71,PM25,MEDIUM
81,202303,2023-03-22,bundaran hotel indonesia,-,-,-,-,-,-,-,,TIDAK ADA DATA
82,202303,2023-03-23,bundaran hotel indonesia,-,-,-,-,-,-,-,,TIDAK ADA DATA
83,202303,2023-03-24,bundaran hotel indonesia,-,-,-,-,-,-,-,,TIDAK ADA DATA
84,202303,2023-03-25,bundaran hotel indonesia,53,69,46,11,29,25,69,PM25,MEDIUM
85,202303,2023-03-26,bundaran hotel indonesia,45,64,45,13,25,25,64,PM25,MEDIUM
86,202303,2023-03-27,bundaran hotel indonesia,35,52,45,13,27,25,52,PM25,MEDIUM
87,202303,2023-03-28,bundaran hotel indonesia,55,72,46,17,19,34,72,PM25,MEDIUM
88,202303,2023-03-29,bundaran hotel indonesia,56,74,46,16,21,33,74,PM25,MEDIUM
89,202303,2023-03-30,bundaran hotel indonesia,49,66,52,15,22,32,66,PM25,MEDIUM
90,202303,2023-03-31,bundaran hotel indonesia,45,57,49,13,22,29,57,PM25,MEDIUM
91,202304,2023-04-01,bundaran hotel indonesia,34,44,51,11,20,19,51,SO2,MEDIUM
92,202304,2023-04-02,bundaran hotel indonesia,29,46,49,12,24,17,49,SO2,GOOD
93,202304,2023-04-03,bundaran hotel indonesia,53,71,52,13,19,29,71,PM25,MEDIUM
94,202304,2023-04-04,bundaran hotel indonesia,46,61,51,13,12,24,61,PM25,MEDIUM
95,202304,2023-04-05,bundaran hotel indonesia,44,68,51,14,22,29,68,PM25,MEDIUM
96,202304,2023-04-06,bundaran hotel indonesia,47,63,49,13,14,31,63,PM25,MEDIUM
97,202304,2023-04-07,bundaran hotel indonesia,43,65,52,12,21,23,65,PM25,MEDIUM
98,202304,2023-04-08,bundaran hotel indonesia,59,82,51,12,35,26,82,PM25,MEDIUM
99,202304,2023-04-09,bundaran hotel indonesia,57,79,52,13,23,27,79,PM25,MEDIUM
100,202304,2023-04-10,bundaran hotel indonesia,38,53,48,11,17,18,53,PM25,MEDIUM
101,202304,2023-04-11,bundaran hotel indonesia,27,51,47,12,14,17,51,PM25,MEDIUM
102,202304,2023-04-12,bundaran hotel indonesia,31,51,46,11,9,14,51,PM25,MEDIUM
103,202304,2023-04-13,bundaran hotel indonesia,27,49,45,10,11,14,49,PM25,GOOD
104,202304,2023-04-14,bundaran hotel indonesia,33,57,48,12,14,26,57,PM25,MEDIUM
105,202304,2023-04-15,bundaran hotel indonesia,65,94,52,12,27,53,94,PM25,MEDIUM
106,202304,2023-04-16,bundaran hotel indonesia,48,63,50,11,21,22,63,PM25,MEDIUM
107,202304,2023-04-17,bundaran hotel indonesia,42,58,48,11,18,24,58,PM25,MEDIUM
108,202304,2023-04-18,bundaran hotel indonesia,51,72,52,9,27,26,72,PM25,MEDIUM
109,202304,2023-04-19,bundaran hotel indonesia,51,75,50,9,33,27,75,PM25,MEDIUM
110,202304,2023-04-20,bundaran hotel indonesia,43,60,45,11,35,27,60,PM25,MEDIUM
111,202304,2023-04-21,bundaran hotel indonesia,49,71,46,9,36,23,71,PM25,MEDIUM
112,202304,2023-04-22,bundaran hotel indonesia,45,66,46,11,32,18,66,PM25,MEDIUM
113,202304,2023-04-23,bundaran hotel indonesia,45,64,50,8,38,12,64,PM25,MEDIUM
114,202304,2023-04-24,bundaran hotel indonesia,42,64,47,9,32,21,64,PM25,MEDIUM
115,202304,2023-04-25,bundaran hotel indonesia,33,48,45,9,25,19,48,PM25,GOOD
116,202304,2023-04-26,bundaran hotel indonesia,35,53,46,11,23,21,53,PM25,MEDIUM
117,202304,2023-04-27,bundaran hotel indonesia,50,68,45,11,30,31,68,PM25,MEDIUM
118,202304,2023-04-28,bundaran hotel indonesia,34,51,45,8,29,21,51,PM25,MEDIUM
119,202304,2023-04-29,bundaran hotel indonesia,52,81,46,13,36,31,81,PM25,MEDIUM
120,202304,2023-04-30,bundaran hotel indonesia,61,87,50,10,42,26,87,PM25,MEDIUM
121,202305,2023-05-01,bundaran hotel indonesia,49,69,47,9,34,21,69,PM25,MEDIUM
122,202305,2023-05-02,bundaran hotel indonesia,64,98,50,11,34,32,98,PM25,MEDIUM
123,202305,2023-05-03,bundaran hotel indonesia,52,68,50,9,32,29,68,PM25,MEDIUM
124,202305,2023-05-04,bundaran hotel indonesia,35,51,46,10,29,31,51,PM25,MEDIUM
125,202305,2023-05-05,bundaran hotel indonesia,45,63,46,12,38,35,63,PM25,MEDIUM
126,202305,2023-05-06,bundaran hotel indonesia,49,66,45,9,41,31,66,PM25,MEDIUM
127,202305,2023-05-07,bundaran hotel indonesia,54,80,49,12,33,34,80,PM25,MEDIUM
128,202305,2023-05-08,bundaran hotel indonesia,51,69,48,11,40,30,69,PM25,MEDIUM
129,202305,2023-05-09,bundaran hotel indonesia,48,71,50,11,25,34,71,PM25,MEDIUM
130,202305,2023-05-10,bundaran hotel indonesia,65,92,52,10,34,30,92,PM25,MEDIUM
131,202305,2023-05-11,bundaran hotel indonesia,61,84,53,10,33,25,84,PM25,MEDIUM
132,202305,2023-05-12,bundaran hotel indonesia,31,41,52,9,15,16,52,SO2,MEDIUM
133,202305,2023-05-13,bundaran hotel indonesia,39,63,52,10,28,24,63,PM25,MEDIUM
134,202305,2023-05-14,bundaran hotel indonesia,37,63,50,9,30,29,63,PM25,MEDIUM
135,202305,2023-05-15,bundaran hotel indonesia,46,71,51,12,21,32,71,PM25,MEDIUM
136,202305,2023-05-16,bundaran hotel indonesia,56,77,51,12,21,35,77,PM25,MEDIUM
137,202305,2023-05-17,bundaran hotel indonesia,61,81,52,11,18,32,81,PM25,MEDIUM
138,202305,2023-05-18,bundaran hotel indonesia,57,84,53,10,25,25,84,PM25,MEDIUM
139,202305,2023-05-19,bundaran hotel indonesia,60,91,52,12,24,34,91,PM25,MEDIUM
140,202305,2023-05-20,bundaran hotel indonesia,63,93,53,10,23,28,93,PM25,MEDIUM
141,202305,2023-05-21,bundaran hotel indonesia,66,99,52,10,27,27,99,PM25,MEDIUM
142,202305,2023-05-22,bundaran hotel indonesia,60,86,47,11,37,36,86,PM25,MEDIUM
143,202305,2023-05-23,bundaran hotel indonesia,68,96,51,10,21,35,96,PM25,MEDIUM
144,202305,2023-05-24,bundaran hotel indonesia,66,101,52,11,16,38,101,PM25,UNHEALTHY
145,202305,2023-05-25,bundaran hotel indonesia,64,93,52,14,25,32,93,PM25,MEDIUM
146,202305,2023-05-26,bundaran hotel indonesia,66,99,39,15,30,32,99,PM25,MEDIUM
147,202305,2023-05-27,bundaran hotel indonesia,67,98,41,11,32,26,98,PM25,MEDIUM
148,202305,2023-05-28,bundaran hotel indonesia,57,89,38,10,32,29,89,PM25,MEDIUM
149,202305,2023-05-29,bundaran hotel indonesia,65,98,38,11,26,30,98,PM25,MEDIUM
150,202305,2023-05-30,bundaran hotel indonesia,62,93,39,10,31,27,93,PM25,MEDIUM
151,202305,2023-05-31,bundaran hotel indonesia,60,89,37,10,31,36,89,PM25,MEDIUM
152,202306,2023-06-01,bundaran hotel indonesia,58,84,40,11,29,28,84,PM25,MEDIUM
153,202306,2023-06-02,bundaran hotel indonesia,62,91,41,10,31,19,91,PM25,MEDIUM
154,202306,2023-06-03,bundaran hotel indonesia,60,86,40,10,26,19,86,PM25,MEDIUM
155,202306,2023-06-04,bundaran hotel indonesia,59,89,37,10,25,22,89,PM25,MEDIUM
156,202306,2023-06-05,bundaran hotel indonesia,54,75,36,12,29,24,75,PM25,MEDIUM
157,202306,2023-06-06,bundaran hotel indonesia,59,76,35,12,21,27,76,PM25,MEDIUM
158,202306,2023-06-07,bundaran hotel indonesia,54,78,38,12,20,31,78,PM25,MEDIUM
159,202306,2023-06-08,bundaran hotel indonesia,54,81,44,11,21,22,81,PM25,MEDIUM
160,202306,2023-06-09,bundaran hotel indonesia,56,75,43,13,15,23,75,PM25,MEDIUM
161,202306,2023-06-10,bundaran hotel indonesia,48,74,38,11,31,25,74,PM25,MEDIUM
162,202306,2023-06-11,bundaran hotel indonesia,63,92,42,11,32,23,92,PM25,MEDIUM
163,202306,2023-06-12,bundaran hotel indonesia,60,89,38,12,23,24,89,PM25,MEDIUM
164,202306,2023-06-13,bundaran hotel indonesia,57,80,44,10,19,26,80,PM25,MEDIUM
165,202306,2023-06-14,bundaran hotel indonesia,56,81,39,11,24,26,81,PM25,MEDIUM
166,202306,2023-06-15,bundaran hotel indonesia,60,92,40,11,20,32,92,PM25,MEDIUM
167,202306,2023-06-16,bundaran hotel indonesia,56,75,36,11,28,25,75,PM25,MEDIUM
168,202306,2023-06-17,bundaran hotel indonesia,57,85,46,13,23,28,85,PM25,MEDIUM
169,202306,2023-06-18,bundaran hotel indonesia,58,87,44,10,21,27,87,PM25,MEDIUM
170,202306,2023-06-19,bundaran hotel indonesia,42,64,36,11,31,25,64,PM25,MEDIUM
171,202306,2023-06-20,bundaran hotel indonesia,56,75,41,14,25,28,75,PM25,MEDIUM
172,202306,2023-06-21,bundaran hotel indonesia,55,87,41,10,36,26,87,PM25,MEDIUM
173,202306,2023-06-22,bundaran hotel indonesia,63,98,37,13,33,35,98,PM25,MEDIUM
174,202306,2023-06-23,bundaran hotel indonesia,55,78,39,10,28,24,78,PM25,MEDIUM
175,202306,2023-06-24,bundaran hotel indonesia,51,74,37,10,34,29,74,PM25,MEDIUM
176,202306,2023-06-25,bundaran hotel indonesia,55,83,36,10,39,24,83,PM25,MEDIUM
177,202306,2023-06-26,bundaran hotel indonesia,54,77,37,12,33,29,77,PM25,MEDIUM
178,202306,2023-06-27,bundaran hotel indonesia,64,94,42,11,28,30,94,PM25,MEDIUM
179,202306,2023-06-28,bundaran hotel indonesia,43,67,38,11,25,25,67,PM25,MEDIUM
180,202306,2023-06-29,bundaran hotel indonesia,36,56,37,9,24,16,56,PM25,MEDIUM
181,202306,2023-06-30,bundaran hotel indonesia,38,65,36,10,28,18,65,PM25,MEDIUM
182,202307,2023-07-01,bundaran hotel indonesia,55,83,38,12,20,28,83,PM25,MEDIUM
183,202307,2023-07-02,bundaran hotel indonesia,55,83,37,11,26,27,83,PM25,MEDIUM
184,202307,2023-07-03,bundaran hotel indonesia,55,81,40,10,24,28,81,PM25,MEDIUM
185,202307,2023-07-04,bundaran hotel indonesia,53,76,38,12,25,31,76,PM25,MEDIUM
186,202307,2023-07-05,bundaran hotel indonesia,62,95,43,11,23,35,95,PM25,MEDIUM
187,202307,2023-07-06,bundaran hotel indonesia,66,101,39,11,22,35,101,PM25,UNHEALTHY
188,202307,2023-07-07,bundaran hotel indonesia,65,97,45,11,32,35,97,PM25,MEDIUM
189,202307,2023-07-08,bundaran hotel indonesia,54,69,38,11,21,29,69,PM25,MEDIUM
190,202307,2023-07-09,bundaran hotel indonesia,42,67,38,12,15,23,67,PM25,MEDIUM
191,202307,2023-07-10,bundaran hotel indonesia,42,62,40,10,17,17,62,PM25,MEDIUM
192,202307,2023-07-11,bundaran hotel indonesia,52,73,42,11,13,27,73,PM25,MEDIUM
193,202307,2023-07-12,bundaran hotel indonesia,57,89,40,12,25,32,89,PM25,MEDIUM
194,202307,2023-07-13,bundaran hotel indonesia,63,92,40,12,36,33,92,PM25,MEDIUM
195,202307,2023-07-14,bundaran hotel indonesia,59,90,39,12,36,35,90,PM25,MEDIUM
196,202307,2023-07-15,bundaran hotel indonesia,56,82,40,11,21,28,82,PM25,MEDIUM
197,202307,2023-07-16,bundaran hotel indonesia,55,82,41,11,21,25,82,PM25,MEDIUM
198,202307,2023-07-17,bundaran hotel indonesia,52,76,38,12,24,22,76,PM25,MEDIUM
199,202307,2023-07-18,bundaran hotel indonesia,60,87,40,11,21,24,87,PM25,MEDIUM
200,202307,2023-07-19,bundaran hotel indonesia,56,84,39,11,23,22,84,PM25,MEDIUM
201,202307,2023-07-20,bundaran hotel indonesia,52,80,39,14,27,25,80,PM25,MEDIUM
202,202307,2023-07-21,bundaran hotel indonesia,62,94,41,16,24,38,94,PM25,MEDIUM
203,202307,2023-07-22,bundaran hotel indonesia,74,114,42,13,30,35,114,PM25,UNHEALTHY
204,202307,2023-07-23,bundaran hotel indonesia,58,84,41,12,23,25,84,PM25,MEDIUM
205,202307,2023-07-24,bundaran hotel indonesia,57,77,38,11,33,23,77,PM25,MEDIUM
206,202307,2023-07-25,bundaran hotel indonesia,63,97,42,11,36,34,97,PM25,MEDIUM
207,202307,2023-07-26,bundaran hotel indonesia,63,92,38,11,25,33,92,PM25,MEDIUM
208,202307,2023-07-27,bundaran hotel indonesia,71,109,41,13,26,43,109,PM25,UNHEALTHY
209,202307,2023-07-28,bundaran hotel indonesia,67,94,44,11,24,32,94,PM25,MEDIUM
210,202307,2023-07-29,bundaran hotel indonesia,63,93,42,11,27,27,93,PM25,MEDIUM
211,202307,2023-07-30,bundaran hotel indonesia,62,93,42,11,32,20,93,PM25,MEDIUM
212,202307,2023-07-31,bundaran hotel indonesia,60,83,39,12,26,20,83,PM25,MEDIUM
213,202308,2023-08-01,bundaran hotel indonesia,56,79,41,10,19,24,79,PM25,MEDIUM
214,202308,2023-08-02,bundaran hotel indonesia,51,74,42,9,22,24,74,PM25,MEDIUM
215,202308,2023-08-03,bundaran hotel indonesia,60,82,40,9,32,29,82,PM25,MEDIUM
216,202308,2023-08-04,bundaran hotel indonesia,62,91,38,11,39,24,91,PM25,MEDIUM
217,202308,2023-08-05,bundaran hotel indonesia,57,91,39,8,33,22,91,PM25,MEDIUM
218,202308,2023-08-06,bundaran hotel indonesia,58,97,39,11,30,22,97,PM25,MEDIUM
219,202308,2023-08-07,bundaran hotel indonesia,72,114,40,13,28,39,114,PM25,UNHEALTHY
220,202308,2023-08-08,bundaran hotel indonesia,67,90,41,10,19,29,90,PM25,MEDIUM
221,202308,2023-08-09,bundaran hotel indonesia,58,79,39,9,24,24,79,PM25,MEDIUM
222,202308,2023-08-10,bundaran hotel indonesia,58,87,41,10,27,31,87,PM25,MEDIUM
223,202308,2023-08-11,bundaran hotel indonesia,66,96,40,10,29,29,96,PM25,MEDIUM
224,202308,2023-08-12,bundaran hotel indonesia,66,98,42,12,28,28,98,PM25,MEDIUM
225,202308,2023-08-13,bundaran hotel indonesia,59,87,43,12,27,24,87,PM25,MEDIUM
226,202308,2023-08-14,bundaran hotel indonesia,56,82,42,12,30,25,82,PM25,MEDIUM
227,202308,2023-08-15,bundaran hotel indonesia,61,90,46,11,26,33,90,PM25,MEDIUM
228,202308,2023-08-16,bundaran hotel indonesia,63,93,42,12,28,35,93,PM25,MEDIUM
229,202308,2023-08-17,bundaran hotel indonesia,61,87,42,11,21,29,87,PM25,MEDIUM
230,202308,2023-08-18,bundaran hotel indonesia,46,67,40,12,24,22,67,PM25,MEDIUM
231,202308,2023-08-19,bundaran hotel indonesia,56,84,41,12,28,28,84,PM25,MEDIUM
232,202308,2023-08-20,bundaran hotel indonesia,59,86,42,13,30,20,86,PM25,MEDIUM
233,202308,2023-08-21,bundaran hotel indonesia,57,82,40,13,28,21,82,PM25,MEDIUM
234,202308,2023-08-22,bundaran hotel indonesia,59,88,42,14,25,30,88,PM25,MEDIUM
235,202308,2023-08-23,bundaran hotel indonesia,64,96,41,14,29,37,96,PM25,MEDIUM
236,202308,2023-08-24,bundaran hotel indonesia,64,89,45,12,26,27,89,PM25,MEDIUM
237,202308,2023-08-25,bundaran hotel indonesia,60,90,45,13,40,35,90,PM25,MEDIUM
238,202308,2023-08-26,bundaran hotel indonesia,77,84,42,8,30,23,84,PM25,MEDIUM
239,202308,2023-08-27,bundaran hotel indonesia,64,94,40,12,42,23,94,PM25,MEDIUM
240,202308,2023-08-28,bundaran hotel indonesia,62,85,41,13,28,30,85,PM25,MEDIUM
241,202308,2023-08-29,bundaran hotel indonesia,63,90,45,14,23,30,90,PM25,MEDIUM
242,202308,2023-08-30,bundaran hotel indonesia,64,90,44,13,32,32,90,PM25,MEDIUM
243,202308,2023-08-31,bundaran hotel indonesia,68,104,44,13,39,34,104,PM25,UNHEALTHY
244,202309,2023-09-01,bundaran hotel indonesia,71,101,42,12,35,37,101,PM25,UNHEALTHY
245,202309,2023-09-02,bundaran hotel indonesia,74,108,43,11,34,33,108,PM25,UNHEALTHY
246,202309,2023-09-03,bundaran hotel indonesia,63,93,43,11,42,20,93,PM25,MEDIUM
247,202309,2023-09-04,bundaran hotel indonesia,62,89,45,11,31,29,89,PM25,MEDIUM
248,202309,2023-09-05,bundaran hotel indonesia,66,99,46,16,27,36,99,PM25,MEDIUM
249,202309,2023-09-06,bundaran hotel indonesia,60,93,47,16,32,35,93,PM25,MEDIUM
250,202309,2023-09-07,bundaran hotel indonesia,62,95,47,15,33,30,95,PM25,MEDIUM
251,202309,2023-09-08,bundaran hotel indonesia,66,102,49,14,24,34,102,PM25,UNHEALTHY
252,202309,2023-09-09,bundaran hotel indonesia,46,88,54,13,26,27,88,PM25,MEDIUM
253,202309,2023-09-10,bundaran hotel indonesia,58,82,41,11,29,23,82,PM25,MEDIUM
254,202309,2023-09-11,bundaran hotel indonesia,62,91,41,10,35,29,91,PM25,MEDIUM
255,202309,2023-09-12,bundaran hotel indonesia,56,82,41,10,18,24,82,PM25,MEDIUM
256,202309,2023-09-13,bundaran hotel indonesia,55,86,41,10,31,26,86,PM25,MEDIUM
257,202309,2023-09-14,bundaran hotel indonesia,55,73,42,9,29,29,73,PM25,MEDIUM
258,202309,2023-09-15,bundaran hotel indonesia,58,82,44,8,29,27,82,PM25,MEDIUM
259,202309,2023-09-16,bundaran hotel indonesia,60,88,46,7,33,26,88,PM25,MEDIUM
260,202309,2023-09-17,bundaran hotel indonesia,57,76,43,6,33,20,76,PM25,MEDIUM
261,202309,2023-09-18,bundaran hotel indonesia,53,76,42,6,32,20,76,PM25,MEDIUM
262,202309,2023-09-19,bundaran hotel indonesia,60,88,41,9,33,30,88,PM25,MEDIUM
263,202309,2023-09-20,bundaran hotel indonesia,62,84,43,8,21,33,84,PM25,MEDIUM
264,202309,2023-09-21,bundaran hotel indonesia,61,84,44,8,29,32,84,PM25,MEDIUM
265,202309,2023-09-22,bundaran hotel indonesia,60,87,44,9,29,30,87,PM25,MEDIUM
266,202309,2023-09-23,bundaran hotel indonesia,57,86,45,8,33,31,86,PM25,MEDIUM
267,202309,2023-09-24,bundaran hotel indonesia,55,78,44,7,30,23,78,PM25,MEDIUM
268,202309,2023-09-25,bundaran hotel indonesia,59,84,46,9,35,30,84,PM25,MEDIUM
269,202309,2023-09-26,bundaran hotel indonesia,58,89,45,8,27,34,89,PM25,MEDIUM
270,202309,2023-09-27,bundaran hotel indonesia,57,88,46,9,23,33,88,PM25,MEDIUM
271,202309,2023-09-28,bundaran hotel indonesia,58,99,46,8,29,23,99,PM25,MEDIUM
272,202309,2023-09-29,bundaran hotel indonesia,58,88,47,8,29,22,88,PM25,MEDIUM
273,202309,2023-09-30,bundaran hotel indonesia,-,-,-,-,-,-,0,,TIDAK ADA DATA
274,202310,2023-10-01,bundaran hotel indonesia,75,122,43,5,37,29,122,PM25,UNHEALTHY
275,202310,2023-10-02,bundaran hotel indonesia,76,122,43,8,35,31,122,PM25,UNHEALTHY
276,202310,2023-10-03,bundaran hotel indonesia,58,86,41,7,36,26,86,PM25,MEDIUM
277,202310,2023-10-04,bundaran hotel indonesia,65,95,43,7,30,33,95,PM25,MEDIUM
278,202310,2023-10-05,bundaran hotel indonesia,62,89,46,5,27,26,89,PM25,MEDIUM
279,202310,2023-10-06,bundaran hotel indonesia,59,86,46,5,39,26,86,PM25,MEDIUM
280,202310,2023-10-07,bundaran hotel indonesia,72,107,46,5,30,38,107,PM25,UNHEALTHY
281,202310,2023-10-08,bundaran hotel indonesia,64,92,49,4,29,27,92,PM25,MEDIUM
282,202310,2023-10-09,bundaran hotel indonesia,58,85,48,5,25,23,85,PM25,MEDIUM
283,202310,2023-10-10,bundaran hotel indonesia,59,78,50,5,36,26,78,PM25,MEDIUM
284,202310,2023-10-11,bundaran hotel indonesia,53,74,48,4,31,26,74,PM25,MEDIUM
285,202310,2023-10-12,bundaran hotel indonesia,62,93,47,4,34,33,93,PM25,MEDIUM
286,202310,2023-10-13,bundaran hotel indonesia,63,89,47,3,41,26,89,PM25,MEDIUM
287,202310,2023-10-14,bundaran hotel indonesia,65,102,47,-,24,32,102,PM25,UNHEALTHY
288,202310,2023-10-15,bundaran hotel indonesia,62,98,48,-,25,22,98,PM25,MEDIUM
289,202310,2023-10-16,bundaran hotel indonesia,59,96,50,-,31,24,96,PM25,MEDIUM
290,202310,2023-10-17,bundaran hotel indonesia,61,93,49,-,43,25,93,PM25,MEDIUM
291,202310,2023-10-18,bundaran hotel indonesia,64,108,50,9,29,34,108,PM25,UNHEALTHY
292,202310,2023-10-19,bundaran hotel indonesia,65,93,51,9,25,30,93,PM25,MEDIUM
293,202310,2023-10-20,bundaran hotel indonesia,62,78,50,6,29,23,78,PM25,MEDIUM
294,202310,2023-10-21,bundaran hotel indonesia,63,88,49,6,24,33,88,PM25,MEDIUM
295,202310,2023-10-22,bundaran hotel indonesia,60,91,47,4,37,25,91,PM25,MEDIUM
296,202310,2023-10-23,bundaran hotel indonesia,62,86,48,6,37,27,86,PM25,MEDIUM
297,202310,2023-10-24,bundaran hotel indonesia,63,96,47,5,21,35,96,PM25,MEDIUM
298,202310,2023-10-25,bundaran hotel indonesia,58,81,44,5,31,32,81,PM25,MEDIUM
299,202310,2023-10-26,bundaran hotel indonesia,65,99,46,8,31,37,99,PM25,MEDIUM
300,202310,2023-10-27,bundaran hotel indonesia,67,102,47,8,29,36,102,PM25,UNHEALTHY
301,202310,2023-10-28,bundaran hotel indonesia,66,97,47,6,34,36,97,PM25,MEDIUM
302,202310,2023-10-29,bundaran hotel indonesia,65,94,47,7,36,26,94,PM25,MEDIUM
303,202310,2023-10-30,bundaran hotel indonesia,59,83,45,6,40,29,83,PM25,MEDIUM
304,202310,2023-10-31,bundaran hotel indonesia,67,95,45,5,48,33,95,PM25,MEDIUM
305,202311,2023-11-01,bundaran hotel indonesia,61,86,42,8,38,41,86,PM25,MEDIUM
306,202311,2023-11-02,bundaran hotel indonesia,58,84,42,6,35,38,84,PM25,MEDIUM
307,202311,2023-11-03,bundaran hotel indonesia,64,89,43,9,39,37,89,PM25,MEDIUM
308,202311,2023-11-04,bundaran hotel indonesia,68,97,45,8,33,41,97,PM25,MEDIUM
309,202311,2023-11-05,bundaran hotel indonesia,51,63,44,8,40,29,63,PM25,MEDIUM
310,202311,2023-11-06,bundaran hotel indonesia,53,73,43,8,34,29,73,PM25,MEDIUM
311,202311,2023-11-07,bundaran hotel indonesia,60,85,43,7,37,30,85,PM25,MEDIUM
312,202311,2023-11-08,bundaran hotel indonesia,55,74,41,6,40,25,74,PM25,MEDIUM
313,202311,2023-11-09,bundaran hotel indonesia,61,89,44,6,46,30,89,PM25,MEDIUM
314,202311,2023-11-10,bundaran hotel indonesia,64,107,44,8,41,33,107,PM25,UNHEALTHY
315,202311,2023-11-11,bundaran hotel indonesia,64,89,39,15,35,30,89,PM25,MEDIUM
316,202311,2023-11-12,bundaran hotel indonesia,57,79,42,16,45,25,79,PM25,MEDIUM
317,202311,2023-11-13,bundaran hotel indonesia,58,81,43,18,36,29,81,PM25,MEDIUM
318,202311,2023-11-14,bundaran hotel indonesia,57,79,43,16,34,26,79,PM25,MEDIUM
319,202311,2023-11-15,bundaran hotel indonesia,47,66,40,16,38,30,66,PM25,MEDIUM
320,202311,2023-11-16,bundaran hotel indonesia,57,81,42,16,41,37,81,PM25,MEDIUM
321,202311,2023-11-17,bundaran hotel indonesia,52,75,41,16,40,36,75,PM25,MEDIUM
322,202311,2023-11-18,bundaran hotel indonesia,53,120,41,14,34,31,120,PM25,UNHEALTHY
323,202311,2023-11-19,bundaran hotel indonesia,54,80,43,16,32,24,80,PM25,MEDIUM
324,202311,2023-11-20,bundaran hotel indonesia,52,75,43,15,39,24,75,PM25,MEDIUM
325,202311,2023-11-21,bundaran hotel indonesia,57,87,44,15,36,30,87,PM25,MEDIUM
326,202311,2023-11-22,bundaran hotel indonesia,50,69,42,13,43,30,69,PM25,MEDIUM
327,202311,2023-11-23,bundaran hotel indonesia,56,93,44,11,38,30,93,PM25,MEDIUM
328,202311,2023-11-24,bundaran hotel indonesia,70,101,44,11,33,38,101,PM25,UNHEALTHY
329,202311,2023-11-25,bundaran hotel indonesia,65,83,43,14,4,29,83,PM25,MEDIUM
330,202311,2023-11-26,bundaran hotel indonesia,55,75,43,15,15,25,75,PM25,MEDIUM
331,202311,2023-11-27,bundaran hotel indonesia,58,76,43,14,31,26,76,PM25,MEDIUM
332,202311,2023-11-28,bundaran hotel indonesia,62,96,45,15,29,34,96,PM25,MEDIUM
333,202311,2023-11-29,bundaran hotel indonesia,58,82,44,11,31,26,82,PM25,MEDIUM
334,202311,2023-11-30,bundaran hotel indonesia,38,67,43,12,34,34,67,PM25,MEDIUM
335,202312,2023-12-01,bundaran hotel indonesia,54,73,36,12,22,13,73,PM25,MEDIUM
336,202312,2023-12-02,bundaran hotel indonesia,53,67,39,11,14,12,67,PM25,MEDIUM
337,202312,2023-12-03,bundaran hotel indonesia,60,76,38,10,22,12,76,PM25,MEDIUM
338,202312,2023-12-04,bundaran hotel indonesia,58,76,35,13,20,12,76,PM25,MEDIUM
339,202312,2023-12-05,bundaran hotel indonesia,54,74,35,10,20,12,74,PM25,MEDIUM
340,202312,2023-12-06,bundaran hotel indonesia,58,79,35,14,13,13,79,PM25,MEDIUM
341,202312,2023-12-07,bundaran hotel indonesia,48,68,34,11,18,12,68,PM25,MEDIUM
342,202312,2023-12-08,bundaran hotel indonesia,51,62,33,9,24,11,62,PM25,MEDIUM
343,202312,2023-12-09,bundaran hotel indonesia,58,73,34,12,18,14,73,PM25,MEDIUM
344,202312,2023-12-10,bundaran hotel indonesia,28,42,30,9,13,7,42,PM25,GOOD
345,202312,2023-12-11,bundaran hotel indonesia,43,61,31,14,23,8,61,PM25,MEDIUM
346,202312,2023-12-12,bundaran hotel indonesia,25,43,30,6,16,6,43,PM25,GOOD
347,202312,2023-12-13,bundaran hotel indonesia,29,35,30,7,13,5,35,PM25,GOOD
348,202312,2023-12-14,bundaran hotel indonesia,27,32,31,6,12,5,32,PM25,GOOD
349,202312,2023-12-15,bundaran hotel indonesia,27,39,32,5,21,5,39,PM25,GOOD
350,202312,2023-12-16,bundaran hotel indonesia,46,63,36,8,14,7,63,PM25,MEDIUM
351,202312,2023-12-17,bundaran hotel indonesia,59,78,30,19,29,9,78,PM25,MEDIUM
352,202312,2023-12-18,bundaran hotel indonesia,64,86,30,16,33,12,86,PM25,MEDIUM
353,202312,2023-12-19,bundaran hotel indonesia,58,85,32,16,23,13,85,PM25,MEDIUM
354,202312,2023-12-20,bundaran hotel indonesia,65,95,53,-,24,12,95,PM25,MEDIUM
355,202312,2023-12-21,bundaran hotel indonesia,53,71,57,-,26,13,71,PM25,MEDIUM
356,202312,2023-12-22,bundaran hotel indonesia,39,59,52,-,15,9,59,PM25,MEDIUM
357,202312,2023-12-23,bundaran hotel indonesia,31,39,48,10,24,7,48,SO2,GOOD
358,202312,2023-12-24,bundaran hotel indonesia,56,75,51,11,25,13,75,PM25,MEDIUM
359,202312,2023-12-25,bundaran hotel indonesia,38,52,48,10,25,9,52,PM25,MEDIUM
360,202312,2023-12-26,bundaran hotel indonesia,41,56,51,10,25,11,56,PM25,MEDIUM
361,202312,2023-12-27,bundaran hotel indonesia,36,35,49,8,20,7,49,SO2,GOOD
362,202312,2023-12-28,bundaran hotel indonesia,33,51,50,11,8,7,51,PM25,MEDIUM
363,202312,2023-12-29,bundaran hotel indonesia,23,27,50,10,13,7,50,SO2,GOOD
364,202312,2023-12-30,bundaran hotel indonesia,38,53,51,11,13,9,53,PM25,MEDIUM
365,202312,2023-12-31,bundaran hotel indonesia,54,68,49,11,19,12,68,PM25,MEDIUM
366,202401,2024-01-01,bundaran hotel indonesia,64,89,52,9,13,30,89,PM25,UNHEALTHY
367,202401,2024-01-02,bundaran hotel indonesia,53,93,52,4,12,28,93,PM25,UNHEALTHY
368,202401,2024-01-03,bundaran hotel indonesia,52,57,52,6,12,27,57,PM25,UNHEALTHY
369,202401,2024-01-04,bundaran hotel indonesia,30,-,112,20,8,77,112,SO2,UNHEALTHY
370,202401,2024-01-05,bundaran hotel indonesia,22,54,46,15,24,44,54,PM25,UNHEALTHY
371,202401,2024-01-06,bundaran hotel indonesia,49,68,46,12,38,36,68,PM25,UNHEALTHY
372,202401,2024-01-07,bundaran hotel indonesia,52,77,45,14,34,44,77,PM25,UNHEALTHY
373,202401,2024-01-08,bundaran hotel indonesia,49,52,46,10,27,32,52,PM25,UNHEALTHY
374,202401,2024-01-09,bundaran hotel indonesia,50,62,48,13,25,31,62,PM25,UNHEALTHY
375,202401,2024-01-10,bundaran hotel indonesia,49,66,49,10,34,41,66,PM25,UNHEALTHY
376,202401,2024-01-11,bundaran hotel indonesia,51,58,47,10,24,36,58,PM25,UNHEALTHY
377,202401,2024-01-12,bundaran hotel indonesia,30,26,45,8,18,21,45,SO2,UNHEALTHY
378,202401,2024-01-13,bundaran hotel indonesia,34,53,46,8,25,25,53,PM25,UNHEALTHY
379,202401,2024-01-14,bundaran hotel indonesia,39,49,45,6,20,20,49,PM25,UNHEALTHY
380,202401,2024-01-15,bundaran hotel indonesia,55,72,47,10,21,30,72,PM25,UNHEALTHY
381,202401,2024-01-16,bundaran hotel indonesia,41,47,48,10,25,24,48,SO2,UNHEALTHY
382,202401,2024-01-17,bundaran hotel indonesia,45,54,51,8,16,30,54,PM25,UNHEALTHY
383,202401,2024-01-18,bundaran hotel indonesia,45,58,47,11,14,27,58,PM25,UNHEALTHY
384,202401,2024-01-19,bundaran hotel indonesia,19,31,46,-,12,20,46,SO2,UNHEALTHY
385,202401,2024-01-20,bundaran hotel indonesia,26,28,44,-,17,17,44,SO2,UNHEALTHY
386,202401,2024-01-21,bundaran hotel indonesia,36,50,46,6,15,14,50,PM25,UNHEALTHY
387,202401,2024-01-22,bundaran hotel indonesia,24,26,44,3,17,11,44,SO2,UNHEALTHY
388,202401,2024-01-23,bundaran hotel indonesia,20,38,44,5,15,12,44,SO2,UNHEALTHY
389,202401,2024-01-24,bundaran hotel indonesia,31,37,45,8,14,14,45,SO2,UNHEALTHY
390,202401,2024-01-25,bundaran hotel indonesia,43,56,48,11,14,22,56,PM25,UNHEALTHY
391,202401,2024-01-26,bundaran hotel indonesia,39,59,48,9,17,26,59,PM25,UNHEALTHY
392,202401,2024-01-27,bundaran hotel indonesia,21,18,45,-,17,22,45,SO2,UNHEALTHY
393,202401,2024-01-28,bundaran hotel indonesia,35,53,45,13,17,30,53,PM25,UNHEALTHY
394,202401,2024-01-29,bundaran hotel indonesia,30,-,44,8,17,28,44,SO2,UNHEALTHY
395,202401,2024-01-30,bundaran hotel indonesia,39,67,46,31,14,28,67,PM25,UNHEALTHY
396,202401,2024-01-31,bundaran hotel indonesia,25,49,47,19,24,30,49,PM25,UNHEALTHY
397,202402,2024-02-01,bundaran hotel indonesia,52,72,49,17,18,37,72,PM25,UNHEALTHY
398,202402,2024-02-02,bundaran hotel indonesia,50,62,49,12,19,26,62,PM25,UNHEALTHY
399,202402,2024-02-03,bundaran hotel indonesia,33,51,48,10,20,22,51,PM25,UNHEALTHY
400,202402,2024-02-04,bundaran hotel indonesia,24,38,46,9,16,14,46,SO2,UNHEALTHY
401,202402,2024-02-05,bundaran hotel indonesia,38,67,47,13,18,28,67,PM25,UNHEALTHY
402,202402,2024-02-06,bundaran hotel indonesia,47,61,47,9,18,32,61,PM25,UNHEALTHY
403,202402,2024-02-07,bundaran hotel indonesia,32,49,49,8,15,22,49,PM25,UNHEALTHY
404,202402,2024-02-08,bundaran hotel indonesia,42,60,47,6,15,20,60,PM25,UNHEALTHY
405,202402,2024-02-09,bundaran hotel indonesia,51,72,51,6,21,31,72,PM25,UNHEALTHY
406,202402,2024-02-10,bundaran hotel indonesia,46,57,51,7,28,20,57,PM25,UNHEALTHY
407,202402,2024-02-11,bundaran hotel indonesia,39,57,50,9,23,23,57,PM25,UNHEALTHY
408,202402,2024-02-12,bundaran hotel indonesia,33,54,50,7,25,23,54,PM25,UNHEALTHY
409,202402,2024-02-13,bundaran hotel indonesia,39,52,51,7,26,28,52,PM25,UNHEALTHY
410,202402,2024-02-14,bundaran hotel indonesia,25,38,52,8,26,24,52,SO2,UNHEALTHY
411,202402,2024-02-15,bundaran hotel indonesia,35,55,-,18,22,29,55,PM25,UNHEALTHY
412,202402,2024-02-16,bundaran hotel indonesia,57,73,20,28,20,40,73,PM25,UNHEALTHY
413,202402,2024-02-17,bundaran hotel indonesia,36,50,16,21,23,23,50,PM25,UNHEALTHY
414,202402,2024-02-18,bundaran hotel indonesia,38,55,15,20,24,26,55,PM25,UNHEALTHY
415,202402,2024-02-19,bundaran hotel indonesia,46,66,16,24,14,39,66,PM25,UNHEALTHY
416,202402,2024-02-20,bundaran hotel indonesia,42,61,16,21,21,31,61,PM25,UNHEALTHY
417,202402,2024-02-21,bundaran hotel indonesia,52,73,20,32,24,37,73,PM25,UNHEALTHY
418,202402,2024-02-22,bundaran hotel indonesia,56,73,19,22,23,35,73,PM25,UNHEALTHY
419,202402,2024-02-23,bundaran hotel indonesia,38,56,16,20,23,29,56,PM25,UNHEALTHY
420,202402,2024-02-24,bundaran hotel indonesia,38,57,20,20,12,19,57,PM25,UNHEALTHY
421,202402,2024-02-25,bundaran hotel indonesia,26,37,20,16,22,19,37,PM25,UNHEALTHY
422,202402,2024-02-26,bundaran hotel indonesia,25,42,13,17,18,24,42,PM25,UNHEALTHY
423,202402,2024-02-27,bundaran hotel indonesia,44,63,14,25,16,32,63,PM25,UNHEALTHY
424,202402,2024-02-28,bundaran hotel indonesia,43,59,14,21,13,31,59,PM25,UNHEALTHY
425,202402,2024-02-29,bundaran hotel indonesia,33,44,13,22,14,29,44,PM25,UNHEALTHY
426,202403,2024-03-01,bundaran hotel indonesia,45,62,14,30,23,37,62,PM25,UNHEALTHY
427,202403,2024-03-02,bundaran hotel indonesia,43,64,17,22,15,37,64,PM25,UNHEALTHY
428,202403,2024-03-03,bundaran hotel indonesia,33,51,17,20,22,27,51,PM25,UNHEALTHY
429,202403,2024-03-04,bundaran hotel indonesia,34,54,14,19,20,25,54,PM25,UNHEALTHY
430,202403,2024-03-05,bundaran hotel indonesia,24,43,13,19,20,22,43,PM25,UNHEALTHY
431,202403,2024-03-06,bundaran hotel indonesia,25,38,15,17,17,21,38,PM25,UNHEALTHY
432,202403,2024-03-07,bundaran hotel indonesia,23,35,14,17,20,21,35,PM25,UNHEALTHY
433,202403,2024-03-08,bundaran hotel indonesia,19,34,13,15,22,15,34,PM25,UNHEALTHY
434,202403,2024-03-09,bundaran hotel indonesia,29,30,17,17,19,21,30,PM25,UNHEALTHY
435,202403,2024-03-10,bundaran hotel indonesia,53,72,17,27,20,35,72,PM25,UNHEALTHY
436,202403,2024-03-11,bundaran hotel indonesia,35,47,12,17,14,21,47,PM25,UNHEALTHY
437,202403,2024-03-12,bundaran hotel indonesia,31,50,11,13,21,19,50,PM25,UNHEALTHY
438,202403,2024-03-13,bundaran hotel indonesia,42,60,14,15,19,25,60,PM25,UNHEALTHY
439,202403,2024-03-14,bundaran hotel indonesia,36,52,12,17,17,29,52,PM25,UNHEALTHY
440,202403,2024-03-15,bundaran hotel indonesia,32,44,15,16,22,22,44,PM25,UNHEALTHY
441,202403,2024-03-16,bundaran hotel indonesia,23,27,13,13,23,20,27,PM25,UNHEALTHY
442,202403,2024-03-17,bundaran hotel indonesia,24,37,14,12,21,16,37,PM25,UNHEALTHY
443,202403,2024-03-18,bundaran hotel indonesia,22,35,16,11,20,17,35,PM25,UNHEALTHY
444,202403,2024-03-19,bundaran hotel indonesia,29,47,14,13,18,18,47,PM25,UNHEALTHY
445,202403,2024-03-20,bundaran hotel indonesia,27,47,13,17,10,16,47,PM25,UNHEALTHY
446,202403,2024-03-21,bundaran hotel indonesia,28,51,18,16,11,18,51,PM25,UNHEALTHY
447,202403,2024-03-22,bundaran hotel indonesia,24,28,10,17,17,26,28,PM25,UNHEALTHY
448,202403,2024-03-23,bundaran hotel indonesia,63,100,15,31,30,47,100,PM25,UNHEALTHY
449,202403,2024-03-24,bundaran hotel indonesia,52,71,13,15,38,30,71,PM25,UNHEALTHY
450,202403,2024-03-25,bundaran hotel indonesia,44,64,13,16,25,39,64,PM25,UNHEALTHY
451,202403,2024-03-26,bundaran hotel indonesia,52,73,13,21,25,37,73,PM25,UNHEALTHY
452,202403,2024-03-27,bundaran hotel indonesia,57,77,13,22,17,43,77,PM25,UNHEALTHY
453,202403,2024-03-28,bundaran hotel indonesia,62,92,19,22,33,45,92,PM25,UNHEALTHY
454,202403,2024-03-29,bundaran hotel indonesia,62,90,16,19,35,50,90,PM25,UNHEALTHY
455,202403,2024-03-30,bundaran hotel indonesia,56,75,16,21,29,44,75,PM25,UNHEALTHY
456,202403,2024-03-31,bundaran hotel indonesia,53,79,12,23,32,41,79,PM25,UNHEALTHY
457,202404,2024-04-01,bundaran hotel indonesia,63,96,11,26,27,52,96,PM25,UNHEALTHY
458,202404,2024-04-02,bundaran hotel indonesia,67,97,14,28,28,62,97,PM25,UNHEALTHY
459,202404,2024-04-03,bundaran hotel indonesia,62,78,13,25,24,52,78,PM25,UNHEALTHY
460,202404,2024-04-04,bundaran hotel indonesia,48,63,12,30,24,51,63,PM25,UNHEALTHY
461,202404,2024-04-05,bundaran hotel indonesia,67,102,13,34,26,58,102,PM25,UNHEALTHY
462,202404,2024-04-06,bundaran hotel indonesia,58,83,15,28,29,39,83,PM25,UNHEALTHY
463,202404,2024-04-07,bundaran hotel indonesia,48,68,12,22,36,34,68,PM25,UNHEALTHY
464,202404,2024-04-08,bundaran hotel indonesia,50,65,13,19,44,31,65,PM25,UNHEALTHY
465,202404,2024-04-09,bundaran hotel indonesia,40,62,15,20,34,24,62,PM25,UNHEALTHY
466,202404,2024-04-10,bundaran hotel indonesia,55,76,14,26,37,34,76,PM25,UNHEALTHY
467,202404,2024-04-11,bundaran hotel indonesia,40,54,10,18,31,26,54,PM25,UNHEALTHY
468,202404,2024-04-12,bundaran hotel indonesia,24,45,9,15,30,24,45,PM25,UNHEALTHY
469,202404,2024-04-13,bundaran hotel indonesia,33,53,10,20,31,29,53,PM25,UNHEALTHY
470,202404,2024-04-14,bundaran hotel indonesia,27,47,9,17,34,23,47,PM25,UNHEALTHY
471,202404,2024-04-15,bundaran hotel indonesia,27,46,9,19,27,25,46,PM25,UNHEALTHY
472,202404,2024-04-16,bundaran hotel indonesia,32,52,13,17,25,20,52,PM25,UNHEALTHY
473,202404,2024-04-17,bundaran hotel indonesia,46,69,12,21,35,32,69,PM25,UNHEALTHY
474,202404,2024-04-18,bundaran hotel indonesia,44,60,11,24,33,37,60,PM25,UNHEALTHY
475,202404,2024-04-19,bundaran hotel indonesia,41,60,14,21,25,38,60,PM25,UNHEALTHY
476,202404,2024-04-20,bundaran hotel indonesia,57,77,20,22,24,33,77,PM25,UNHEALTHY
477,202404,2024-04-21,bundaran hotel indonesia,40,52,13,18,24,25,52,PM25,UNHEALTHY
478,202404,2024-04-22,bundaran hotel indonesia,53,71,13,22,23,40,71,PM25,UNHEALTHY
479,202404,2024-04-23,bundaran hotel indonesia,52,70,14,25,17,41,70,PM25,UNHEALTHY
480,202404,2024-04-24,bundaran hotel indonesia,50,71,13,25,22,49,71,PM25,UNHEALTHY
481,202404,2024-04-25,bundaran hotel indonesia,52,69,11,23,31,51,69,PM25,UNHEALTHY
482,202404,2024-04-26,bundaran hotel indonesia,41,58,13,19,26,35,58,PM25,UNHEALTHY
483,202404,2024-04-27,bundaran hotel indonesia,53,73,19,22,20,34,73,PM25,UNHEALTHY
484,202404,2024-04-28,bundaran hotel indonesia,51,74,13,25,28,34,74,PM25,UNHEALTHY
485,202404,2024-04-29,bundaran hotel indonesia,50,65,13,17,28,28,65,PM25,UNHEALTHY
486,202404,2024-04-30,bundaran hotel indonesia,53,70,16,18,27,33,70,PM25,UNHEALTHY
487,202405,2024-05-01,bundaran hotel indonesia,47,63,15,19,26,34,63,PM25,UNHEALTHY
488,202405,2024-05-02,bundaran hotel indonesia,54,75,14,18,27,30,75,PM25,UNHEALTHY
489,202405,2024-05-03,bundaran hotel indonesia,58,85,13,24,30,43,85,PM25,UNHEALTHY
490,202405,2024-05-04,bundaran hotel indonesia,62,87,14,24,25,50,87,PM25,UNHEALTHY
491,202405,2024-05-05,bundaran hotel indonesia,60,88,14,27,22,47,88,PM25,UNHEALTHY
492,202405,2024-05-06,bundaran hotel indonesia,59,82,15,18,26,38,82,PM25,UNHEALTHY
493,202405,2024-05-07,bundaran hotel indonesia,64,92,16,20,23,42,92,PM25,UNHEALTHY
494,202405,2024-05-08,bundaran hotel indonesia,63,87,19,18,20,47,87,PM25,UNHEALTHY
495,202405,2024-05-09,bundaran hotel indonesia,62,93,16,18,22,44,93,PM25,UNHEALTHY
496,202405,2024-05-10,bundaran hotel indonesia,56,84,19,12,30,27,84,PM25,UNHEALTHY
497,202405,2024-05-11,bundaran hotel indonesia,52,74,18,11,28,27,74,PM25,UNHEALTHY
498,202405,2024-05-12,bundaran hotel indonesia,53,75,18,10,28,27,75,PM25,UNHEALTHY
499,202405,2024-05-13,bundaran hotel indonesia,52,64,16,8,25,25,64,PM25,UNHEALTHY
500,202405,2024-05-14,bundaran hotel indonesia,61,85,18,10,28,39,85,PM25,UNHEALTHY
501,202405,2024-05-15,bundaran hotel indonesia,62,78,14,20,26,40,78,PM25,UNHEALTHY
502,202405,2024-05-16,bundaran hotel indonesia,65,98,19,17,28,40,98,PM25,UNHEALTHY
503,202405,2024-05-17,bundaran hotel indonesia,64,86,17,17,21,39,86,PM25,UNHEALTHY
504,202405,2024-05-18,bundaran hotel indonesia,67,97,18,20,18,48,97,PM25,UNHEALTHY
505,202405,2024-05-19,bundaran hotel indonesia,63,92,15,17,25,36,92,PM25,UNHEALTHY
506,202405,2024-05-20,bundaran hotel indonesia,65,91,17,15,26,32,91,PM25,UNHEALTHY
507,202405,2024-05-21,bundaran hotel indonesia,62,97,25,14,23,45,97,PM25,UNHEALTHY
508,202405,2024-05-22,bundaran hotel indonesia,65,92,20,12,24,37,92,PM25,UNHEALTHY
509,202405,2024-05-23,bundaran hotel indonesia,59,78,20,11,22,32,78,PM25,UNHEALTHY
510,202405,2024-05-24,bundaran hotel indonesia,60,74,16,13,19,30,74,PM25,UNHEALTHY
511,202405,2024-05-25,bundaran hotel indonesia,39,53,12,15,16,30,53,PM25,UNHEALTHY
512,202405,2024-05-26,bundaran hotel indonesia,61,82,26,21,19,38,82,PM25,UNHEALTHY
513,202405,2024-05-27,bundaran hotel indonesia,64,92,22,15,25,39,92,PM25,UNHEALTHY
514,202405,2024-05-28,bundaran hotel indonesia,67,100,18,14,29,42,100,PM25,UNHEALTHY
515,202405,2024-05-29,bundaran hotel indonesia,64,86,19,10,32,36,86,PM25,UNHEALTHY
516,202405,2024-05-30,bundaran hotel indonesia,59,85,19,8,29,38,85,PM25,UNHEALTHY
517,202405,2024-05-31,bundaran hotel indonesia,70,101,17,10,27,44,101,PM25,UNHEALTHY
518,202406,2024-06-01,bundaran hotel indonesia,73,102,16,8,22,48,102,PM25,UNHEALTHY
519,202406,2024-06-02,bundaran hotel indonesia,67,95,14,5,24,45,95,PM25,UNHEALTHY
520,202406,2024-06-03,bundaran hotel indonesia,50,61,11,5,24,40,61,PM25,UNHEALTHY
521,202406,2024-06-04,bundaran hotel indonesia,58,76,14,5,26,44,76,PM25,UNHEALTHY
522,202406,2024-06-05,bundaran hotel indonesia,63,88,17,6,27,51,88,PM25,UNHEALTHY
523,202406,2024-06-06,bundaran hotel indonesia,55,77,16,5,16,42,77,PM25,UNHEALTHY
524,202406,2024-06-07,bundaran hotel indonesia,58,82,16,-,24,41,82,PM25,UNHEALTHY
525,202406,2024-06-08,bundaran hotel indonesia,62,88,16,25,22,40,88,PM25,UNHEALTHY
526,202406,2024-06-09,bundaran hotel indonesia,63,87,18,23,27,32,87,PM25,UNHEALTHY
527,202406,2024-06-10,bundaran hotel indonesia,69,99,14,34,19,50,99,PM25,UNHEALTHY
528,202406,2024-06-11,bundaran hotel indonesia,60,79,18,26,31,37,79,PM25,UNHEALTHY
529,202406,2024-06-12,bundaran hotel indonesia,58,76,12,35,26,51,76,PM25,UNHEALTHY
530,202406,2024-06-13,bundaran hotel indonesia,49,61,16,30,21,36,61,PM25,UNHEALTHY
531,202406,2024-06-14,bundaran hotel indonesia,52,66,18,25,23,33,66,PM25,UNHEALTHY
532,202406,2024-06-15,bundaran hotel indonesia,50,69,14,28,33,38,69,PM25,UNHEALTHY
533,202406,2024-06-16,bundaran hotel indonesia,54,73,9,26,41,42,73,PM25,UNHEALTHY
534,202406,2024-06-17,bundaran hotel indonesia,53,72,11,27,32,32,72,PM25,UNHEALTHY
535,202406,2024-06-18,bundaran hotel indonesia,63,98,13,24,33,30,98,PM25,UNHEALTHY
536,202406,2024-06-19,bundaran hotel indonesia,67,93,15,30,27,46,93,PM25,UNHEALTHY
537,202406,2024-06-20,bundaran hotel indonesia,62,87,16,25,24,37,87,PM25,UNHEALTHY
538,202406,2024-06-21,bundaran hotel indonesia,62,89,16,26,26,43,89,PM25,UNHEALTHY
539,202406,2024-06-22,bundaran hotel indonesia,63,90,15,25,30,41,90,PM25,UNHEALTHY
540,202406,2024-06-23,bundaran hotel indonesia,63,89,17,25,27,35,89,PM25,UNHEALTHY
541,202406,2024-06-24,bundaran hotel indonesia,57,85,15,26,20,40,85,PM25,UNHEALTHY
542,202406,2024-06-25,bundaran hotel indonesia,58,76,20,26,20,34,76,PM25,UNHEALTHY
543,202406,2024-06-26,bundaran hotel indonesia,51,65,13,30,23,29,65,PM25,UNHEALTHY
544,202406,2024-06-27,bundaran hotel indonesia,56,74,14,25,23,32,74,PM25,UNHEALTHY
545,202406,2024-06-28,bundaran hotel indonesia,53,67,12,27,24,33,67,PM25,UNHEALTHY
546,202406,2024-06-29,bundaran hotel indonesia,52,74,11,34,22,34,74,PM25,UNHEALTHY
547,202406,2024-06-30,bundaran hotel indonesia,41,58,10,24,23,33,58,PM25,UNHEALTHY
548,202407,2024-07-01,bundaran hotel indonesia,62,90,11,28,31,41,90,PM25,UNHEALTHY
549,202407,2024-07-02,bundaran hotel indonesia,55,74,9,26,25,38,74,PM25,UNHEALTHY
550,202407,2024-07-03,bundaran hotel indonesia,69,103,12,38,29,51,103,PM25,UNHEALTHY
551,202407,2024-07-04,bundaran hotel indonesia,58,78,9,36,26,52,78,PM25,UNHEALTHY
552,202407,2024-07-05,bundaran hotel indonesia,53,66,10,28,21,41,66,PM25,UNHEALTHY
553,202407,2024-07-06,bundaran hotel indonesia,30,38,8,24,15,24,38,PM25,UNHEALTHY
554,202407,2024-07-07,bundaran hotel indonesia,24,41,8,24,24,26,41,PM25,UNHEALTHY
555,202407,2024-07-08,bundaran hotel indonesia,31,53,11,23,24,30,53,PM25,UNHEALTHY
556,202407,2024-07-09,bundaran hotel indonesia,43,66,8,31,28,49,66,PM25,UNHEALTHY
557,202407,2024-07-10,bundaran hotel indonesia,55,77,11,24,32,37,77,PM25,UNHEALTHY
558,202407,2024-07-11,bundaran hotel indonesia,64,94,13,32,25,50,94,PM25,UNHEALTHY
559,202407,2024-07-12,bundaran hotel indonesia,60,86,11,26,35,43,86,PM25,UNHEALTHY
560,202407,2024-07-13,bundaran hotel indonesia,66,93,15,30,23,50,93,PM25,UNHEALTHY
561,202407,2024-07-14,bundaran hotel indonesia,59,83,12,27,26,41,83,PM25,UNHEALTHY
562,202407,2024-07-15,bundaran hotel indonesia,58,85,15,25,28,40,85,PM25,UNHEALTHY
563,202407,2024-07-16,bundaran hotel indonesia,58,92,13,27,28,49,92,PM25,UNHEALTHY
564,202407,2024-07-17,bundaran hotel indonesia,59,88,17,26,20,45,88,PM25,UNHEALTHY
565,202407,2024-07-18,bundaran hotel indonesia,63,91,17,25,27,40,91,PM25,UNHEALTHY
566,202407,2024-07-19,bundaran hotel indonesia,58,84,15,25,23,38,84,PM25,UNHEALTHY
567,202407,2024-07-20,bundaran hotel indonesia,60,84,17,24,24,38,84,PM25,UNHEALTHY
568,202407,2024-07-21,bundaran hotel indonesia,59,87,13,24,26,35,87,PM25,UNHEALTHY
569,202407,2024-07-22,bundaran hotel indonesia,59,79,12,24,29,38,79,PM25,UNHEALTHY
570,202407,2024-07-23,bundaran hotel indonesia,63,92,16,25,33,41,92,PM25,UNHEALTHY
571,202407,2024-07-24,bundaran hotel indonesia,75,99,23,27,27,44,99,PM25,UNHEALTHY
572,202407,2024-07-25,bundaran hotel indonesia,61,83,16,26,28,43,83,PM25,UNHEALTHY
573,202407,2024-07-26,bundaran hotel indonesia,59,84,15,27,15,42,84,PM25,UNHEALTHY
574,202407,2024-07-27,bundaran hotel indonesia,64,94,17,24,18,37,94,PM25,UNHEALTHY
575,202407,2024-07-28,bundaran hotel indonesia,64,102,16,24,29,33,102,PM25,UNHEALTHY
576,202407,2024-07-29,bundaran hotel indonesia,63,90,15,23,25,33,90,PM25,UNHEALTHY
577,202407,2024-07-30,bundaran hotel indonesia,63,96,16,26,20,44,96,PM25,UNHEALTHY
578,202407,2024-07-31,bundaran hotel indonesia,69,105,16,27,21,49,105,PM25,UNHEALTHY
579,202408,2024-08-01,bundaran hotel indonesia,68,103,13,28,26,44,103,PM25,UNHEALTHY
580,202408,2024-08-02,bundaran hotel indonesia,60,85,11,27,37,44,85,PM25,UNHEALTHY
581,202408,2024-08-03,bundaran hotel indonesia,47,64,10,28,26,45,64,PM25,UNHEALTHY
582,202408,2024-08-04,bundaran hotel indonesia,50,74,10,29,29,39,74,PM25,UNHEALTHY
583,202408,2024-08-05,bundaran hotel indonesia,53,78,10,26,23,37,78,PM25,UNHEALTHY
584,202408,2024-08-06,bundaran hotel indonesia,53,75,16,24,21,42,75,PM25,UNHEALTHY
585,202408,2024-08-07,bundaran hotel indonesia,62,91,13,26,27,42,91,PM25,UNHEALTHY
586,202408,2024-08-08,bundaran hotel indonesia,64,96,16,28,23,42,96,PM25,UNHEALTHY
587,202408,2024-08-09,bundaran hotel indonesia,61,91,15,25,19,33,91,PM25,UNHEALTHY
588,202408,2024-08-10,bundaran hotel indonesia,55,81,15,23,21,35,81,PM25,UNHEALTHY
589,202408,2024-08-11,bundaran hotel indonesia,56,77,12,22,28,28,77,PM25,UNHEALTHY
590,202408,2024-08-12,bundaran hotel indonesia,54,78,12,23,24,30,78,PM25,UNHEALTHY
591,202408,2024-08-13,bundaran hotel indonesia,62,93,19,26,25,44,93,PM25,UNHEALTHY
592,202408,2024-08-14,bundaran hotel indonesia,62,93,17,26,27,43,93,PM25,UNHEALTHY
593,202408,2024-08-15,bundaran hotel indonesia,63,90,14,26,38,38,90,PM25,UNHEALTHY
594,202408,2024-08-16,bundaran hotel indonesia,64,91,15,28,33,48,91,PM25,UNHEALTHY
595,202408,2024-08-17,bundaran hotel indonesia,65,92,15,25,31,44,92,PM25,UNHEALTHY
596,202408,2024-08-18,bundaran hotel indonesia,62,93,13,23,30,32,93,PM25,UNHEALTHY
597,202408,2024-08-19,bundaran hotel indonesia,60,86,13,24,32,38,86,PM25,UNHEALTHY
598,202408,2024-08-20,bundaran hotel indonesia,64,93,14,26,27,46,93,PM25,UNHEALTHY
599,202408,2024-08-21,bundaran hotel indonesia,67,96,17,27,27,47,96,PM25,UNHEALTHY
600,202408,2024-08-22,bundaran hotel indonesia,63,84,19,25,26,40,84,PM25,UNHEALTHY
601,202408,2024-08-23,bundaran hotel indonesia,56,77,12,23,28,32,77,PM25,UNHEALTHY
602,202408,2024-08-24,bundaran hotel indonesia,62,98,13,27,24,43,98,PM25,UNHEALTHY
603,202408,2024-08-25,bundaran hotel indonesia,66,90,13,25,28,37,90,PM25,UNHEALTHY
604,202408,2024-08-26,bundaran hotel indonesia,55,78,13,24,28,39,78,PM25,UNHEALTHY
605,202408,2024-08-27,bundaran hotel indonesia,69,106,14,30,36,50,106,PM25,UNHEALTHY
606,202408,2024-08-28,bundaran hotel indonesia,62,86,14,24,33,41,86,PM25,UNHEALTHY
607,202408,2024-08-29,bundaran hotel indonesia,65,98,14,26,41,42,98,PM25,UNHEALTHY
608,202408,2024-08-30,bundaran hotel indonesia,68,98,15,28,30,46,98,PM25,UNHEALTHY
609,202408,2024-08-31,bundaran hotel indonesia,56,75,14,25,24,40,75,PM25,UNHEALTHY
610,202409,2024-09-01,bundaran hotel indonesia,54,72,12,22,27,32,72,PM25,UNHEALTHY
611,202409,2024-09-02,bundaran hotel indonesia,52,70,10,22,35,36,70,PM25,UNHEALTHY
612,202409,2024-09-03,bundaran hotel indonesia,55,79,10,28,23,44,79,PM25,UNHEALTHY
613,202409,2024-09-04,bundaran hotel indonesia,58,83,11,24,35,35,83,PM25,UNHEALTHY
614,202409,2024-09-05,bundaran hotel indonesia,52,71,12,24,18,33,71,PM25,UNHEALTHY
615,202409,2024-09-06,bundaran hotel indonesia,56,86,14,26,20,40,86,PM25,UNHEALTHY
616,202409,2024-09-07,bundaran hotel indonesia,54,79,12,22,25,26,79,PM25,UNHEALTHY
617,202409,2024-09-08,bundaran hotel indonesia,54,84,13,22,21,26,84,PM25,UNHEALTHY
618,202409,2024-09-09,bundaran hotel indonesia,48,65,12,22,21,26,65,PM25,UNHEALTHY
619,202409,2024-09-10,bundaran hotel indonesia,51,70,10,33,19,43,70,PM25,UNHEALTHY
620,202409,2024-09-11,bundaran hotel indonesia,39,58,12,23,26,33,58,PM25,UNHEALTHY
621,202409,2024-09-12,bundaran hotel indonesia,64,89,15,27,41,39,89,PM25,UNHEALTHY
622,202409,2024-09-13,bundaran hotel indonesia,53,74,10,29,36,44,74,PM25,UNHEALTHY
623,202409,2024-09-14,bundaran hotel indonesia,57,85,11,25,42,41,85,PM25,UNHEALTHY
624,202409,2024-09-15,bundaran hotel indonesia,60,86,12,27,38,35,86,PM25,UNHEALTHY
625,202409,2024-09-16,bundaran hotel indonesia,60,86,12,24,38,33,86,PM25,UNHEALTHY
626,202409,2024-09-17,bundaran hotel indonesia,55,79,14,24,40,37,79,PM25,UNHEALTHY
627,202409,2024-09-18,bundaran hotel indonesia,52,76,16,24,36,34,76,PM25,UNHEALTHY
628,202409,2024-09-19,bundaran hotel indonesia,61,83,15,27,37,46,83,PM25,UNHEALTHY
629,202409,2024-09-20,bundaran hotel indonesia,59,88,15,24,34,45,88,PM25,UNHEALTHY
630,202409,2024-09-21,bundaran hotel indonesia,61,94,14,25,36,39,94,PM25,UNHEALTHY
631,202409,2024-09-22,bundaran hotel indonesia,66,101,15,23,35,33,101,PM25,UNHEALTHY
632,202409,2024-09-23,bundaran hotel indonesia,59,87,15,24,25,37,87,PM25,UNHEALTHY
633,202409,2024-09-24,bundaran hotel indonesia,56,74,15,24,33,31,74,PM25,UNHEALTHY
634,202409,2024-09-25,bundaran hotel indonesia,62,89,10,33,25,51,89,PM25,UNHEALTHY
635,202409,2024-09-26,bundaran hotel indonesia,57,71,10,29,22,48,71,PM25,UNHEALTHY
636,202409,2024-09-27,bundaran hotel indonesia,51,70,10,27,25,41,70,PM25,UNHEALTHY
637,202409,2024-09-28,bundaran hotel indonesia,56,85,13,28,24,37,85,PM25,UNHEALTHY
638,202409,2024-09-29,bundaran hotel indonesia,60,89,12,32,20,39,89,PM25,UNHEALTHY
639,202409,2024-09-30,bundaran hotel indonesia,51,70,13,25,15,40,70,PM25,UNHEALTHY
640,202410,2024-10-01,bundaran hotel indonesia,63,91,13,29,24,46,91,PM25,UNHEALTHY
641,202410,2024-10-02,bundaran hotel indonesia,61,85,13,27,23,52,85,PM25,UNHEALTHY
642,202410,2024-10-03,bundaran hotel indonesia,61,90,13,29,20,44,90,PM25,UNHEALTHY
643,202410,2024-10-04,bundaran hotel indonesia,59,82,16,26,21,40,82,PM25,UNHEALTHY
644,202410,2024-10-05,bundaran hotel indonesia,56,80,12,30,19,46,80,PM25,UNHEALTHY
645,202410,2024-10-06,bundaran hotel indonesia,52,73,10,27,27,40,73,PM25,UNHEALTHY
646,202410,2024-10-07,bundaran hotel indonesia,72,108,16,31,24,48,108,PM25,UNHEALTHY
647,202410,2024-10-08,bundaran hotel indonesia,55,76,16,25,21,40,76,PM25,UNHEALTHY
648,202410,2024-10-09,bundaran hotel indonesia,55,76,13,26,24,41,76,PM25,UNHEALTHY
649,202410,2024-10-10,bundaran hotel indonesia,60,86,14,27,26,43,86,PM25,UNHEALTHY
650,202410,2024-10-11,bundaran hotel indonesia,60,83,15,28,18,47,83,PM25,UNHEALTHY
651,202410,2024-10-12,bundaran hotel indonesia,58,77,16,24,22,34,77,PM25,UNHEALTHY
652,202410,2024-10-13,bundaran hotel indonesia,63,92,11,27,26,33,92,PM25,UNHEALTHY
653,202410,2024-10-14,bundaran hotel indonesia,61,86,12,26,31,37,86,PM25,UNHEALTHY
654,202410,2024-10-15,bundaran hotel indonesia,53,71,13,24,35,40,71,PM25,UNHEALTHY
655,202410,2024-10-16,bundaran hotel indonesia,69,94,15,30,33,48,94,PM25,UNHEALTHY
656,202410,2024-10-17,bundaran hotel indonesia,59,70,14,26,32,44,70,PM25,UNHEALTHY
657,202410,2024-10-18,bundaran hotel indonesia,55,73,13,25,36,40,73,PM25,UNHEALTHY
658,202410,2024-10-19,bundaran hotel indonesia,65,82,14,26,39,37,82,PM25,UNHEALTHY
659,202410,2024-10-20,bundaran hotel indonesia,61,82,14,36,20,34,82,PM25,UNHEALTHY
660,202410,2024-10-21,bundaran hotel indonesia,51,82,12,23,28,32,82,PM25,UNHEALTHY
661,202410,2024-10-22,bundaran hotel indonesia,64,94,14,28,32,51,94,PM25,UNHEALTHY
662,202410,2024-10-23,bundaran hotel indonesia,57,84,12,24,40,38,84,PM25,UNHEALTHY
663,202410,2024-10-24,bundaran hotel indonesia,52,78,10,23,34,35,78,PM25,UNHEALTHY
664,202410,2024-10-25,bundaran hotel indonesia,52,73,9,26,40,45,73,PM25,UNHEALTHY
665,202410,2024-10-26,bundaran hotel indonesia,57,76,8,26,29,40,76,PM25,UNHEALTHY
666,202410,2024-10-27,bundaran hotel indonesia,54,78,19,23,34,31,78,PM25,UNHEALTHY
667,202410,2024-10-28,bundaran hotel indonesia,60,83,10,26,37,36,83,PM25,UNHEALTHY
668,202410,2024-10-29,bundaran hotel indonesia,59,75,11,28,29,41,75,PM25,UNHEALTHY
669,202410,2024-10-30,bundaran hotel indonesia,62,86,11,27,36,44,86,PM25,UNHEALTHY
670,202410,2024-10-31,bundaran hotel indonesia,59,78,11,28,29,45,78,PM25,UNHEALTHY
671,202411,2024-11-01,bundaran hotel indonesia,62,87,11,28,33,47,87,PM25,UNHEALTHY
672,202411,2024-11-02,bundaran hotel indonesia,60,87,14,25,26,41,87,PM25,UNHEALTHY
673,202411,2024-11-03,bundaran hotel indonesia,51,70,10,34,29,43,70,PM25,UNHEALTHY
674,202411,2024-11-04,bundaran hotel indonesia,44,60,8,25,-,37,60,PM25,UNHEALTHY
675,202411,2024-11-05,bundaran hotel indonesia,40,65,12,28,75,45,75,O3,UNHEALTHY
676,202411,2024-11-06,bundaran hotel indonesia,40,58,10,26,15,39,58,PM25,UNHEALTHY
677,202411,2024-11-07,bundaran hotel indonesia,55,83,13,27,18,40,83,PM25,UNHEALTHY
678,202411,2024-11-08,bundaran hotel indonesia,57,83,12,28,24,44,83,PM25,UNHEALTHY
679,202411,2024-11-09,bundaran hotel indonesia,67,99,16,32,20,46,99,PM25,UNHEALTHY
680,202411,2024-11-10,bundaran hotel indonesia,54,71,10,32,15,41,71,PM25,UNHEALTHY
681,202411,2024-11-11,bundaran hotel indonesia,51,71,10,30,18,42,71,PM25,UNHEALTHY
682,202411,2024-11-12,bundaran hotel indonesia,39,53,9,28,9,36,53,PM25,UNHEALTHY
683,202411,2024-11-13,bundaran hotel indonesia,53,74,8,31,7,33,74,PM25,UNHEALTHY
684,202411,2024-11-14,bundaran hotel indonesia,61,96,19,26,9,34,96,PM25,UNHEALTHY
685,202411,2024-11-15,bundaran hotel indonesia,69,106,22,31,13,49,106,PM25,UNHEALTHY
686,202411,2024-11-16,bundaran hotel indonesia,76,109,12,28,13,40,109,PM25,UNHEALTHY
687,202411,2024-11-17,bundaran hotel indonesia,76,115,11,38,14,47,115,PM25,UNHEALTHY
688,202411,2024-11-18,bundaran hotel indonesia,52,68,9,25,9,32,68,PM25,UNHEALTHY
689,202411,2024-11-19,bundaran hotel indonesia,38,61,10,28,16,36,61,PM25,UNHEALTHY
690,202411,2024-11-20,bundaran hotel indonesia,44,62,13,28,19,40,62,PM25,UNHEALTHY
691,202411,2024-11-21,bundaran hotel indonesia,46,64,16,26,16,36,64,PM25,UNHEALTHY
692,202411,2024-11-22,bundaran hotel indonesia,32,48,13,24,17,31,48,PM25,UNHEALTHY
693,202411,2024-11-23,bundaran hotel indonesia,34,54,12,26,18,29,54,PM25,UNHEALTHY
694,202411,2024-11-24,bundaran hotel indonesia,40,51,10,25,11,22,51,PM25,UNHEALTHY
695,202411,2024-11-25,bundaran hotel indonesia,31,44,14,24,14,27,44,PM25,UNHEALTHY
696,202411,2024-11-26,bundaran hotel indonesia,40,55,13,26,14,29,55,PM25,UNHEALTHY
697,202411,2024-11-27,bundaran hotel indonesia,50,-,10,33,10,27,50,PM10,UNHEALTHY
698,202411,2024-11-28,bundaran hotel indonesia,30,42,9,25,9,24,42,PM25,UNHEALTHY
699,202411,2024-11-29,bundaran hotel indonesia,29,32,10,23,8,21,32,PM25,UNHEALTHY
700,202411,2024-11-30,bundaran hotel indonesia,27,40,10,22,7,16,40,PM25,UNHEALTHY
701,202412,2024-12-01,bundaran hotel indonesia,32,65,67,7,9,40,67,SO2,UNHEALTHY
702,202412,2024-12-02,bundaran hotel indonesia,19,52,67,6,9,33,67,SO2,UNHEALTHY
703,202412,2024-12-03,bundaran hotel indonesia,19,31,67,4,12,15,67,SO2,UNHEALTHY
704,202412,2024-12-04,bundaran hotel indonesia,30,45,67,7,10,22,67,SO2,UNHEALTHY
705,202412,2024-12-05,bundaran hotel indonesia,17,26,67,3,12,13,67,SO2,UNHEALTHY
706,202412,2024-12-06,bundaran hotel indonesia,26,47,68,4,11,17,68,SO2,UNHEALTHY
707,202412,2024-12-07,bundaran hotel indonesia,66,103,69,27,12,98,103,PM25,UNHEALTHY
708,202412,2024-12-08,bundaran hotel indonesia,38,67,68,15,18,57,68,SO2,UNHEALTHY
709,202412,2024-12-09,bundaran hotel indonesia,42,69,69,11,11,29,69,PM25,UNHEALTHY
710,202412,2024-12-10,bundaran hotel indonesia,38,56,68,12,7,61,68,SO2,UNHEALTHY
711,202412,2024-12-11,bundaran hotel indonesia,14,26,68,3,11,15,68,SO2,UNHEALTHY
712,202412,2024-12-12,bundaran hotel indonesia,19,40,68,3,13,10,68,SO2,UNHEALTHY
713,202412,2024-12-13,bundaran hotel indonesia,21,52,69,4,13,14,69,SO2,UNHEALTHY
714,202412,2024-12-14,bundaran hotel indonesia,22,40,68,4,11,15,68,SO2,UNHEALTHY
715,202412,2024-12-15,bundaran hotel indonesia,18,40,68,6,10,21,68,SO2,UNHEALTHY
716,202412,2024-12-16,bundaran hotel indonesia,27,48,68,5,10,21,68,SO2,UNHEALTHY
717,202412,2024-12-17,bundaran hotel indonesia,27,37,68,6,10,30,68,SO2,UNHEALTHY
718,202412,2024-12-18,bundaran hotel indonesia,50,67,69,8,8,59,69,SO2,UNHEALTHY
719,202412,2024-12-19,bundaran hotel indonesia,18,35,68,5,8,27,68,SO2,UNHEALTHY
720,202412,2024-12-20,bundaran hotel indonesia,25,46,69,5,10,32,69,SO2,UNHEALTHY
721,202412,2024-12-21,bundaran hotel indonesia,23,53,26,5,11,30,53,PM25,UNHEALTHY
722,202412,2024-12-22,bundaran hotel indonesia,53,80,16,11,13,31,80,PM25,UNHEALTHY
723,202412,2024-12-23,bundaran hotel indonesia,52,78,12,15,11,45,78,PM25,UNHEALTHY
724,202412,2024-12-24,bundaran hotel indonesia,38,55,12,9,10,33,55,PM25,UNHEALTHY
725,202412,2024-12-25,bundaran hotel indonesia,52,79,12,11,11,52,79,PM25,UNHEALTHY
726,202412,2024-12-26,bundaran hotel indonesia,39,62,12,11,9,35,62,PM25,UNHEALTHY
727,202412,2024-12-27,bundaran hotel indonesia,53,83,12,10,11,36,83,PM25,UNHEALTHY
728,202412,2024-12-28,bundaran hotel indonesia,64,101,14,9,11,35,101,PM25,UNHEALTHY
729,202412,2024-12-29,bundaran hotel indonesia,51,21,13,10,13,35,51,PM10,UNHEALTHY
730,202412,2024-12-30,bundaran hotel indonesia,35,10,13,5,12,13,35,PM10,UNHEALTHY
731,202412,2024-12-31,bundaran hotel indonesia,29,11,6,13,10,18,29,PM10,UNHEALTHY
732,202501,2025-01-01,bundaran hotel indonesia,46,63,12,22,10,16,63,PM25,MEDIUM
733,202501,2025-01-02,bundaran hotel indonesia,30,38,12,21,11,18,38,PM25,GOOD
734,202501,2025-01-03,bundaran hotel indonesia,43,57,14,23,11,24,57,PM25,MEDIUM
735,202501,2025-01-04,bundaran hotel indonesia,37,61,15,22,9,17,61,PM25,MEDIUM
736,202501,2025-01-05,bundaran hotel indonesia,26,56,10,20,8,11,56,PM25,MEDIUM
737,202501,2025-01-06,bundaran hotel indonesia,47,58,14,28,9,21,58,PM25,MEDIUM
738,202501,2025-01-07,bundaran hotel indonesia,33,46,13,24,7,19,46,PM25,GOOD
739,202501,2025-01-08,bundaran hotel indonesia,30,46,12,24,7,19,46,PM25,GOOD
740,202501,2025-01-09,bundaran hotel indonesia,20,26,9,23,7,19,26,PM25,GOOD
741,202501,2025-01-10,bundaran hotel indonesia,39,58,-,19,12,25,58,PM25,MEDIUM
742,202501,2025-01-11,bundaran hotel indonesia,41,56,-,10,18,27,56,PM25,MEDIUM
743,202501,2025-01-12,bundaran hotel indonesia,45,58,19,13,13,25,58,PM25,MEDIUM
744,202501,2025-01-13,bundaran hotel indonesia,28,37,12,11,9,18,37,PM25,GOOD
745,202501,2025-01-14,bundaran hotel indonesia,32,54,51,15,6,13,54,PM25,MEDIUM
746,202501,2025-01-15,bundaran hotel indonesia,34,51,62,15,8,23,62,SO2,MEDIUM
747,202501,2025-01-16,bundaran hotel indonesia,40,57,62,15,6,25,62,SO2,MEDIUM
748,202501,2025-01-17,bundaran hotel indonesia,33,55,-,14,7,25,55,PM25,MEDIUM
749,202501,2025-01-18,bundaran hotel indonesia,24,34,29,11,10,21,34,PM25,GOOD
750,202501,2025-01-19,bundaran hotel indonesia,29,50,34,12,10,20,50,PM25,GOOD
751,202501,2025-01-20,bundaran hotel indonesia,25,39,30,10,11,22,39,PM25,GOOD
752,202501,2025-01-21,bundaran hotel indonesia,32,52,23,19,7,31,52,PM25,MEDIUM
753,202501,2025-01-22,bundaran hotel indonesia,31,51,28,17,7,29,51,PM25,MEDIUM
754,202501,2025-01-23,bundaran hotel indonesia,38,59,26,16,11,33,59,PM25,MEDIUM
755,202501,2025-01-24,bundaran hotel indonesia,52,73,25,22,10,38,73,PM25,MEDIUM
756,202501,2025-01-25,bundaran hotel indonesia,39,55,24,19,8,24,55,PM25,MEDIUM
757,202501,2025-01-26,bundaran hotel indonesia,42,59,32,16,7,28,59,PM25,MEDIUM
758,202501,2025-01-27,bundaran hotel indonesia,35,50,26,10,7,19,50,PM25,GOOD
759,202501,2025-01-28,bundaran hotel indonesia,31,36,23,9,6,17,36,PM25,GOOD
760,202501,2025-01-29,bundaran hotel indonesia,25,32,19,10,8,25,32,PM25,GOOD
761,202501,2025-01-30,bundaran hotel indonesia,25,30,18,9,17,21,30,PM25,GOOD
762,202501,2025-01-31,bundaran hotel indonesia,37,51,21,12,16,31,51,PM25,MEDIUM
763,202502,2025-02-01,bundaran hotel indonesia,41,51,19,10,14,27,51,PM25,MEDIUM
764,202502,2025-02-02,bundaran hotel indonesia,41,47,18,9,15,20,47,PM25,GOOD
765,202502,2025-02-03,bundaran hotel indonesia,38,45,19,9,16,24,45,PM25,GOOD
766,202502,2025-02-04,bundaran hotel indonesia,54,73,26,17,11,40,73,PM25,MEDIUM
767,202502,2025-02-05,bundaran hotel indonesia,40,47,27,13,10,26,47,PM25,GOOD
768,202502,2025-02-06,bundaran hotel indonesia,41,53,37,14,11,31,53,PM25,MEDIUM
769,202502,2025-02-07,bundaran hotel indonesia,35,50,30,13,11,29,50,PM25,GOOD
770,202502,2025-02-08,bundaran hotel indonesia,33,48,31,12,10,34,48,PM25,GOOD
771,202502,2025-02-09,bundaran hotel indonesia,38,52,33,12,11,25,52,PM25,MEDIUM
772,202502,2025-02-10,bundaran hotel indonesia,31,38,29,11,13,26,38,PM25,GOOD
773,202502,2025-02-11,bundaran hotel indonesia,36,51,29,13,12,35,51,PM25,MEDIUM
774,202502,2025-02-12,bundaran hotel indonesia,54,74,37,16,16,43,74,PM25,MEDIUM
775,202502,2025-02-13,bundaran hotel indonesia,56,74,35,18,9,39,74,PM25,MEDIUM
776,202502,2025-02-14,bundaran hotel indonesia,44,68,35,13,9,30,68,PM25,MEDIUM
777,202502,2025-02-15,bundaran hotel indonesia,34,54,33,12,7,19,54,PM25,MEDIUM
778,202502,2025-02-16,bundaran hotel indonesia,42,67,36,18,10,26,67,PM25,MEDIUM
779,202502,2025-02-17,bundaran hotel indonesia,44,-,33,16,6,-,44,PM10,GOOD
780,202502,2025-02-18,bundaran hotel indonesia,48,-,-,-,-,-,48,PM10,GOOD
781,202502,2025-02-19,bundaran hotel indonesia,53,73,32,28,6,26,73,PM25,MEDIUM
782,202502,2025-02-20,bundaran hotel indonesia,42,50,31,11,10,22,50,PM25,GOOD
783,202502,2025-02-21,bundaran hotel indonesia,51,72,40,20,9,30,72,PM25,MEDIUM
784,202502,2025-02-22,bundaran hotel indonesia,50,63,33,22,9,31,63,PM25,MEDIUM
785,202502,2025-02-23,bundaran hotel indonesia,56,70,48,21,8,30,70,PM25,MEDIUM
786,202502,2025-02-24,bundaran hotel indonesia,42,55,28,15,14,28,55,PM25,MEDIUM
787,202502,2025-02-25,bundaran hotel indonesia,47,66,38,19,5,31,66,PM25,MEDIUM
788,202502,2025-02-26,bundaran hotel indonesia,45,57,30,17,7,30,57,PM25,MEDIUM
789,202502,2025-02-27,bundaran hotel indonesia,54,85,36,26,12,50,85,PM25,MEDIUM
790,202502,2025-02-28,bundaran hotel indonesia,44,57,33,13,10,23,57,PM25,MEDIUM
791,202503,2025-03-01,bundaran hotel indonesia,36,59,29,16,11,33,59,PM25,MEDIUM
792,202503,2025-03-02,bundaran hotel indonesia,51,69,28,14,18,28,69,PM25,MEDIUM
793,202503,2025-03-03,bundaran hotel indonesia,35,55,27,14,15,30,55,PM25,MEDIUM
794,202503,2025-03-04,bundaran hotel indonesia,29,53,28,13,16,31,53,PM25,MEDIUM
795,202503,2025-03-05,bundaran hotel indonesia,43,61,32,15,10,37,61,PM25,MEDIUM
796,202503,2025-03-06,bundaran hotel indonesia,54,81,32,20,16,42,81,PM25,MEDIUM
797,202503,2025-03-07,bundaran hotel indonesia,25,34,28,8,14,15,34,PM25,GOOD
798,202503,2025-03-08,bundaran hotel indonesia,44,72,31,15,18,27,72,PM25,MEDIUM
799,202503,2025-03-09,bundaran hotel indonesia,47,70,29,15,17,34,70,PM25,MEDIUM
800,202503,2025-03-10,bundaran hotel indonesia,43,64,27,17,11,34,64,PM25,MEDIUM
801,202503,2025-03-11,bundaran hotel indonesia,56,-,-,-,-,-,56,PM10,MEDIUM
802,202503,2025-03-12,bundaran hotel indonesia,39,62,42,15,13,37,62,PM25,MEDIUM
803,202503,2025-03-13,bundaran hotel indonesia,49,71,37,15,12,38,71,PM25,MEDIUM
804,202503,2025-03-14,bundaran hotel indonesia,43,59,31,12,10,23,59,PM25,MEDIUM
805,202503,2025-03-15,bundaran hotel indonesia,27,47,29,10,9,14,47,PM25,GOOD
806,202503,2025-03-16,bundaran hotel indonesia,26,44,28,10,9,13,44,PM25,GOOD
807,202503,2025-03-17,bundaran hotel indonesia,37,57,33,13,6,20,57,PM25,MEDIUM
808,202503,2025-03-18,bundaran hotel indonesia,18,40,27,11,13,22,40,PM25,GOOD
809,202503,2025-03-19,bundaran hotel indonesia,30,54,31,12,13,31,54,PM25,MEDIUM
810,202503,2025-03-20,bundaran hotel indonesia,59,60,36,12,16,31,60,PM25,MEDIUM
811,202503,2025-03-21,bundaran hotel indonesia,36,57,29,11,15,25,57,PM25,MEDIUM
812,202503,2025-03-22,bundaran hotel indonesia,45,66,30,13,15,29,66,PM25,MEDIUM
813,202503,2025-03-23,bundaran hotel indonesia,50,63,29,20,10,26,63,PM25,MEDIUM
814,202503,2025-03-24,bundaran hotel indonesia,38,60,29,13,13,23,60,PM25,MEDIUM
815,202503,2025-03-25,bundaran hotel indonesia,36,-,28,15,8,22,36,PM10,GOOD
816,202503,2025-03-26,bundaran hotel indonesia,42,64,27,17,10,28,64,PM25,MEDIUM
817,202503,2025-03-27,bundaran hotel indonesia,50,71,26,18,7,26,71,PM25,MEDIUM
818,202503,2025-03-28,bundaran hotel indonesia,32,47,27,10,8,19,47,PM25,GOOD
819,202503,2025-03-29,bundaran hotel indonesia,17,33,26,6,11,11,33,PM25,GOOD
820,202503,2025-03-30,bundaran hotel indonesia,22,37,28,8,11,11,37,PM25,GOOD
821,202503,2025-03-31,bundaran hotel indonesia,24,40,30,7,11,8,40,PM25,GOOD
822,202504,2025-04-01,bundaran hotel indonesia,24,35,32,8,8,12,35,PM25,GOOD
823,202504,2025-04-02,bundaran hotel indonesia,22,40,31,9,9,14,40,PM25,GOOD
824,202504,2025-04-03,bundaran hotel indonesia,24,54,30,14,10,17,54,PM25,MEDIUM
825,202504,2025-04-04,bundaran hotel indonesia,29,-,27,9,18,21,29,PM10,GOOD
826,202504,2025-04-05,bundaran hotel indonesia,46,69,32,15,14,26,69,PM25,MEDIUM
827,202504,2025-04-06,bundaran hotel indonesia,50,71,27,20,14,25,71,PM25,MEDIUM
828,202504,2025-04-07,bundaran hotel indonesia,34,59,31,14,17,29,59,PM25,MEDIUM
829,202504,2025-04-08,bundaran hotel indonesia,49,71,34,14,13,39,71,PM25,MEDIUM
830,202504,2025-04-09,bundaran hotel indonesia,48,71,28,13,10,37,71,PM25,MEDIUM
831,202504,2025-04-10,bundaran hotel indonesia,55,83,31,19,10,35,83,PM25,MEDIUM
832,202504,2025-04-11,bundaran hotel indonesia,54,82,31,21,19,49,82,PM25,MEDIUM
833,202504,2025-04-12,bundaran hotel indonesia,57,79,32,18,11,42,79,PM25,MEDIUM
834,202504,2025-04-13,bundaran hotel indonesia,45,72,29,18,16,33,72,PM25,MEDIUM
835,202504,2025-04-14,bundaran hotel indonesia,29,34,30,7,8,14,34,PM25,GOOD
836,202504,2025-04-15,bundaran hotel indonesia,39,60,39,14,8,28,60,PM25,MEDIUM
837,202504,2025-04-16,bundaran hotel indonesia,53,80,40,20,17,41,80,PM25,MEDIUM
838,202504,2025-04-17,bundaran hotel indonesia,52,73,31,17,11,37,73,PM25,MEDIUM
839,202504,2025-04-18,bundaran hotel indonesia,58,79,32,16,9,35,79,PM25,MEDIUM
840,202504,2025-04-19,bundaran hotel indonesia,43,65,31,14,11,28,65,PM25,MEDIUM
841,202504,2025-04-20,bundaran hotel indonesia,42,64,38,12,19,26,64,PM25,MEDIUM
842,202504,2025-04-21,bundaran hotel indonesia,42,62,37,11,10,25,62,PM25,MEDIUM
843,202504,2025-04-22,bundaran hotel indonesia,42,70,37,16,14,32,70,PM25,MEDIUM
844,202504,2025-04-23,bundaran hotel indonesia,53,70,35,23,8,34,70,PM25,MEDIUM
845,202504,2025-04-24,bundaran hotel indonesia,25,43,33,9,12,17,43,PM25,GOOD
846,202504,2025-04-25,bundaran hotel indonesia,34,60,32,16,14,31,60,PM25,MEDIUM
847,202504,2025-04-26,bundaran hotel indonesia,47,72,31,16,16,39,72,PM25,MEDIUM
848,202504,2025-04-27,bundaran hotel indonesia,52,77,30,14,15,37,77,PM25,MEDIUM
849,202504,2025-04-28,bundaran hotel indonesia,45,69,32,14,13,35,69,PM25,MEDIUM
850,202504,2025-04-29,bundaran hotel indonesia,51,78,32,16,14,40,78,PM25,MEDIUM
851,202504,2025-04-30,bundaran hotel indonesia,54,83,35,15,15,40,83,PM25,MEDIUM
852,202505,2025-05-01,bundaran hotel indonesia,58,91,34,17,19,41,91,PM25,MEDIUM
853,202505,2025-05-02,bundaran hotel indonesia,58,89,33,14,20,36,89,PM25,MEDIUM
854,202505,2025-05-03,bundaran hotel indonesia,56,83,33,15,16,46,83,PM25,MEDIUM
855,202505,2025-05-04,bundaran hotel indonesia,52,73,29,15,16,36,73,PM25,MEDIUM
856,202505,2025-05-05,bundaran hotel indonesia,60,96,35,20,11,42,96,PM25,MEDIUM
857,202505,2025-05-06,bundaran hotel indonesia,53,83,32,19,13,47,83,PM25,MEDIUM
858,202505,2025-05-07,bundaran hotel indonesia,58,85,31,23,12,50,85,PM25,MEDIUM
859,202505,2025-05-08,bundaran hotel indonesia,66,101,29,32,11,56,101,PM25,UNHEALTHY
860,202505,2025-05-09,bundaran hotel indonesia,54,80,29,18,16,40,80,PM25,MEDIUM
861,202505,2025-05-10,bundaran hotel indonesia,56,88,33,18,23,39,88,PM25,MEDIUM
862,202505,2025-05-11,bundaran hotel indonesia,61,87,30,22,19,37,87,PM25,MEDIUM
863,202505,2025-05-12,bundaran hotel indonesia,38,59,29,14,11,24,59,PM25,MEDIUM
864,202505,2025-05-13,bundaran hotel indonesia,36,62,31,12,15,23,62,PM25,MEDIUM
865,202505,2025-05-14,bundaran hotel indonesia,47,71,31,16,21,41,71,PM25,MEDIUM
866,202505,2025-05-15,bundaran hotel indonesia,52,73,33,19,18,46,73,PM25,MEDIUM
867,202505,2025-05-16,bundaran hotel indonesia,51,77,27,19,-,49,77,PM25,MEDIUM
868,202505,2025-05-17,bundaran hotel indonesia,58,82,29,18,14,45,82,PM25,MEDIUM
869,202505,2025-05-18,bundaran hotel indonesia,53,77,30,28,15,36,77,PM25,MEDIUM
870,202505,2025-05-19,bundaran hotel indonesia,50,73,32,14,19,38,73,PM25,MEDIUM
871,202505,2025-05-20,bundaran hotel indonesia,59,87,39,23,11,52,87,PM25,MEDIUM
872,202505,2025-05-21,bundaran hotel indonesia,52,80,35,17,6,44,80,PM25,MEDIUM
873,202505,2025-05-22,bundaran hotel indonesia,55,78,27,22,5,43,78,PM25,MEDIUM
874,202505,2025-05-23,bundaran hotel indonesia,35,59,29,17,3,35,59,PM25,MEDIUM
875,202505,2025-05-24,bundaran hotel indonesia,29,52,30,15,11,29,52,PM25,MEDIUM
876,202505,2025-05-25,bundaran hotel indonesia,52,74,29,24,7,34,74,PM25,MEDIUM
877,202505,2025-05-26,bundaran hotel indonesia,52,72,27,22,2,37,72,PM25,MEDIUM
878,202505,2025-05-27,bundaran hotel indonesia,24,53,29,11,11,22,53,PM25,MEDIUM
879,202505,2025-05-28,bundaran hotel indonesia,47,83,35,19,19,37,83,PM25,MEDIUM
880,202505,2025-05-29,bundaran hotel indonesia,65,100,31,15,28,46,100,PM25,MEDIUM
881,202505,2025-05-30,bundaran hotel indonesia,48,71,27,12,12,34,71,PM25,MEDIUM
882,202505,2025-05-31,bundaran hotel indonesia,51,90,28,16,19,37,90,PM25,MEDIUM
883,202506,2025-06-01,bundaran hotel indonesia,50,88,33,16,19,33,88,PM25,MEDIUM
884,202506,2025-06-02,bundaran hotel indonesia,64,101,34,15,19,37,101,PM25,UNHEALTHY
885,202506,2025-06-03,bundaran hotel indonesia,56,83,29,16,14,45,83,PM25,MEDIUM
886,202506,2025-06-04,bundaran hotel indonesia,71,117,30,24,14,55,117,PM25,UNHEALTHY
887,202506,2025-06-05,bundaran hotel indonesia,73,117,29,23,19,51,117,PM25,UNHEALTHY
888,202506,2025-06-06,bundaran hotel indonesia,61,86,29,15,19,33,86,PM25,MEDIUM
889,202506,2025-06-07,bundaran hotel indonesia,60,117,28,21,24,40,117,PM25,UNHEALTHY
890,202506,2025-06-08,bundaran hotel indonesia,66,98,30,16,29,28,98,PM25,MEDIUM
891,202506,2025-06-09,bundaran hotel indonesia,60,87,31,13,21,37,87,PM25,MEDIUM
892,202506,2025-06-10,bundaran hotel indonesia,60,94,27,17,14,40,94,PM25,MEDIUM
893,202506,2025-06-11,bundaran hotel indonesia,54,84,26,21,12,48,84,PM25,MEDIUM
894,202506,2025-06-12,bundaran hotel indonesia,51,93,29,15,13,34,93,PM25,MEDIUM
895,202506,2025-06-13,bundaran hotel indonesia,59,94,31,14,18,35,94,PM25,MEDIUM
896,202506,2025-06-14,bundaran hotel indonesia,55,92,32,14,12,36,92,PM25,MEDIUM
897,202506,2025-06-15,bundaran hotel indonesia,51,70,33,13,9,25,70,PM25,MEDIUM
898,202506,2025-06-16,bundaran hotel indonesia,55,79,30,12,12,28,79,PM25,MEDIUM
899,202506,2025-06-17,bundaran hotel indonesia,51,67,30,15,11,35,67,PM25,MEDIUM
900,202506,2025-06-18,bundaran hotel indonesia,23,53,26,17,9,35,53,PM25,MEDIUM
901,202506,2025-06-19,bundaran hotel indonesia,37,60,30,22,6,37,60,PM25,MEDIUM
902,202506,2025-06-20,bundaran hotel indonesia,61,88,43,18,10,43,88,PM25,MEDIUM
903,202506,2025-06-21,bundaran hotel indonesia,36,65,29,14,15,38,65,PM25,MEDIUM
904,202506,2025-06-22,bundaran hotel indonesia,69,106,32,35,14,50,106,PM25,UNHEALTHY
905,202506,2025-06-23,bundaran hotel indonesia,53,82,28,12,14,26,82,PM25,MEDIUM
906,202506,2025-06-24,bundaran hotel indonesia,57,101,31,14,11,34,101,PM25,UNHEALTHY
907,202506,2025-06-25,bundaran hotel indonesia,64,118,33,23,17,45,118,PM25,UNHEALTHY
908,202506,2025-06-26,bundaran hotel indonesia,64,114,35,21,17,52,114,PM25,UNHEALTHY
909,202506,2025-06-27,bundaran hotel indonesia,57,96,28,16,-,36,96,PM25,MEDIUM
910,202506,2025-06-28,bundaran hotel indonesia,66,115,26,15,21,34,115,PM25,UNHEALTHY
911,202506,2025-06-29,bundaran hotel indonesia,55,80,27,22,8,44,80,PM25,MEDIUM
912,202506,2025-06-30,bundaran hotel indonesia,65,97,26,20,-,40,97,PM25,MEDIUM
913,202507,2025-07-01,bundaran hotel indonesia,32,60,27,11,9,25,60,PM25,MEDIUM
914,202507,2025-07-02,bundaran hotel indonesia,38,76,30,16,11,35,76,PM25,MEDIUM
915,202507,2025-07-03,bundaran hotel indonesia,51,81,27,21,9,42,81,PM25,MEDIUM
916,202507,2025-07-04,bundaran hotel indonesia,48,75,29,19,12,41,75,PM25,MEDIUM
917,202507,2025-07-05,bundaran hotel indonesia,62,87,31,19,14,43,87,PM25,MEDIUM
918,202507,2025-07-06,bundaran hotel indonesia,41,69,28,13,22,30,69,PM25,MEDIUM
919,202507,2025-07-07,bundaran hotel indonesia,35,62,29,14,10,31,62,PM25,MEDIUM
920,202507,2025-07-08,bundaran hotel indonesia,31,58,27,14,11,35,58,PM25,MEDIUM
921,202507,2025-07-09,bundaran hotel indonesia,49,83,27,18,13,38,83,PM25,MEDIUM
922,202507,2025-07-10,bundaran hotel indonesia,49,79,29,17,14,41,79,PM25,MEDIUM
923,202507,2025-07-11,bundaran hotel indonesia,55,96,37,14,19,43,96,PM25,MEDIUM
924,202507,2025-07-12,bundaran hotel indonesia,65,115,37,14,29,37,115,PM25,UNHEALTHY
925,202507,2025-07-13,bundaran hotel indonesia,69,102,35,12,23,30,102,PM25,UNHEALTHY
926,202507,2025-07-14,bundaran hotel indonesia,50,79,29,14,16,30,79,PM25,MEDIUM
927,202507,2025-07-15,bundaran hotel indonesia,63,98,29,21,14,41,98,PM25,MEDIUM
928,202507,2025-07-16,bundaran hotel indonesia,64,109,32,25,20,53,109,PM25,UNHEALTHY
929,202507,2025-07-17,bundaran hotel indonesia,54,86,29,18,17,42,86,PM25,MEDIUM
930,202507,2025-07-18,bundaran hotel indonesia,56,94,29,16,21,37,94,PM25,MEDIUM
931,202507,2025-07-19,bundaran hotel indonesia,54,97,31,15,20,39,97,PM25,MEDIUM
932,202507,2025-07-20,bundaran hotel indonesia,61,104,34,14,25,37,104,PM25,UNHEALTHY
933,202507,2025-07-21,bundaran hotel indonesia,57,96,33,13,27,35,96,PM25,MEDIUM
934,202507,2025-07-22,bundaran hotel indonesia,59,97,38,13,22,36,97,PM25,MEDIUM
935,202507,2025-07-23,bundaran hotel indonesia,60,102,37,13,22,39,102,PM25,UNHEALTHY
936,202507,2025-07-24,bundaran hotel indonesia,62,111,37,16,23,42,111,PM25,UNHEALTHY
937,202507,2025-07-25,bundaran hotel indonesia,64,109,38,14,20,39,109,PM25,UNHEALTHY
938,202507,2025-07-26,bundaran hotel indonesia,63,108,35,13,19,37,108,PM25,UNHEALTHY
939,202507,2025-07-27,bundaran hotel indonesia,64,112,31,12,25,29,112,PM25,UNHEALTHY
940,202507,2025-07-28,bundaran hotel indonesia,56,90,30,15,18,39,90,PM25,MEDIUM
941,202507,2025-07-29,bundaran hotel indonesia,53,91,30,23,14,46,91,PM25,MEDIUM
942,202507,2025-07-30,bundaran hotel indonesia,46,81,30,16,16,33,81,PM25,MEDIUM
943,202507,2025-07-31,bundaran hotel indonesia,46,76,31,14,14,31,76,PM25,MEDIUM
944,202508,2025-08-01,bundaran hotel indonesia,62,82,35,12,18,29,82,PM25,MEDIUM
945,202508,2025-08-02,bundaran hotel indonesia,53,94,41,14,16,34,94,PM25,MEDIUM
946,202508,2025-08-03,bundaran hotel indonesia,59,91,34,12,21,30,91,PM25,MEDIUM
947,202508,2025-08-04,bundaran hotel indonesia,50,76,32,15,22,35,76,PM25,MEDIUM
948,202508,2025-08-05,bundaran hotel indonesia,53,83,32,23,13,48,83,PM25,MEDIUM
949,202508,2025-08-06,bundaran hotel indonesia,54,87,34,17,11,46,87,PM25,MEDIUM
950,202508,2025-08-07,bundaran hotel indonesia,54,89,34,14,14,40,89,PM25,MEDIUM
951,202508,2025-08-08,bundaran hotel indonesia,55,84,28,17,13,39,84,PM25,MEDIUM
952,202508,2025-08-09,bundaran hotel indonesia,56,91,31,14,13,37,91,PM25,MEDIUM
953,202508,2025-08-10,bundaran hotel indonesia,52,82,31,18,18,36,82,PM25,MEDIUM
954,202508,2025-08-11,bundaran hotel indonesia,56,92,29,19,16,42,92,PM25,MEDIUM
955,202508,2025-08-12,bundaran hotel indonesia,61,102,27,30,12,53,102,PM25,UNHEALTHY
956,202508,2025-08-13,bundaran hotel indonesia,54,89,30,28,10,50,89,PM25,MEDIUM
957,202508,2025-08-14,bundaran hotel indonesia,53,83,33,16,14,37,83,PM25,MEDIUM
958,202508,2025-08-15,bundaran hotel indonesia,52,84,35,19,16,46,84,PM25,MEDIUM
959,202508,2025-08-16,bundaran hotel indonesia,61,102,37,16,15,40,102,PM25,UNHEALTHY
960,202508,2025-08-17,bundaran hotel indonesia,61,105,38,11,20,33,105,PM25,UNHEALTHY
961,202508,2025-08-18,bundaran hotel indonesia,-,-,-,-,-,-,-,,TIDAK ADA DATA
962,202508,2025-08-19,bundaran hotel indonesia,44,78,30,16,9,32,78,PM25,MEDIUM
963,202508,2025-08-20,bundaran hotel indonesia,61,102,35,19,15,45,102,PM25,UNHEALTHY
964,202508,2025-08-21,bundaran hotel indonesia,48,74,33,21,13,44,74,PM25,MEDIUM
965,202508,2025-08-22,bundaran hotel indonesia,56,91,36,15,24,46,91,PM25,MEDIUM
966,202508,2025-08-23,bundaran hotel indonesia,58,92,37,14,18,45,92,PM25,MEDIUM
967,202508,2025-08-24,bundaran hotel indonesia,50,86,37,13,15,33,86,PM25,MEDIUM
968,202508,2025-08-25,bundaran hotel indonesia,61,114,33,22,17,51,114,PM25,UNHEALTHY
969,202508,2025-08-26,bundaran hotel indonesia,51,95,32,22,16,52,95,PM25,MEDIUM
970,202508,2025-08-27,bundaran hotel indonesia,55,92,35,16,18,42,92,PM25,MEDIUM
971,202508,2025-08-28,bundaran hotel indonesia,40,71,32,14,18,42,71,PM25,MEDIUM
972,202508,2025-08-29,bundaran hotel indonesia,36,67,30,14,26,37,67,PM25,MEDIUM
973,202508,2025-08-30,bundaran hotel indonesia,44,77,30,12,22,31,77,PM25,MEDIUM
974,202508,2025-08-31,bundaran hotel indonesia,42,70,29,12,15,24,70,PM25,MEDIUM
975,202509,2025-09-01,bundaran hotel indonesia,54,87,35,10,19,26,87,PM25,MEDIUM
976,202509,2025-09-02,bundaran hotel indonesia,57,89,36,9,19,27,89,PM25,MEDIUM
977,202509,2025-09-03,bundaran hotel indonesia,54,80,39,10,15,28,80,PM25,MEDIUM
978,202509,2025-09-04,bundaran hotel indonesia,55,77,38,9,15,27,77,PM25,MEDIUM
979,202509,2025-09-05,bundaran hotel indonesia,55,86,36,11,20,30,86,PM25,MEDIUM
980,202509,2025-09-06,bundaran hotel indonesia,55,85,33,12,24,32,85,PM25,MEDIUM
981,202509,2025-09-07,bundaran hotel indonesia,54,79,30,12,26,26,79,PM25,MEDIUM
982,202509,2025-09-08,bundaran hotel indonesia,55,91,35,19,15,51,91,PM25,MEDIUM
983,202509,2025-09-09,bundaran hotel indonesia,56,88,32,18,15,47,88,PM25,MEDIUM
984,202509,2025-09-10,bundaran hotel indonesia,57,88,32,23,11,46,88,PM25,MEDIUM
985,202509,2025-09-11,bundaran hotel indonesia,50,74,31,19,11,39,74,PM25,MEDIUM
986,202509,2025-09-12,bundaran hotel indonesia,48,71,31,15,16,29,71,PM25,MEDIUM
987,202509,2025-09-13,bundaran hotel indonesia,40,71,32,18,17,29,71,PM25,MEDIUM
988,202509,2025-09-14,bundaran hotel indonesia,55,91,39,20,20,32,91,PM25,MEDIUM
989,202509,2025-09-15,bundaran hotel indonesia,51,82,33,11,27,36,82,PM25,MEDIUM
990,202509,2025-09-16,bundaran hotel indonesia,58,93,34,16,24,42,93,PM25,MEDIUM
991,202509,2025-09-17,bundaran hotel indonesia,66,109,33,25,17,53,109,PM25,UNHEALTHY
992,202509,2025-09-18,bundaran hotel indonesia,52,71,30,-,9,41,71,PM25,MEDIUM
993,202509,2025-09-19,bundaran hotel indonesia,66,99,37,-,12,39,99,PM25,MEDIUM
994,202509,2025-09-20,bundaran hotel indonesia,62,90,39,17,11,35,90,PM25,MEDIUM
995,202509,2025-09-21,bundaran hotel indonesia,54,81,40,13,9,26,81,PM25,MEDIUM
996,202509,2025-09-22,bundaran hotel indonesia,53,85,34,18,15,32,85,PM25,MEDIUM
997,202509,2025-09-23,bundaran hotel indonesia,52,76,31,19,16,42,76,PM25,MEDIUM
998,202509,2025-09-24,bundaran hotel indonesia,62,103,34,20,25,46,103,PM25,UNHEALTHY
999,202509,2025-09-25,bundaran hotel indonesia,66,115,41,18,19,48,115,PM25,UNHEALTHY
1000,202509,2025-09-26,bundaran hotel indonesia,58,91,37,15,27,38,91,PM25,MEDIUM
1001,202509,2025-09-27,bundaran hotel indonesia,54,86,38,18,17,42,86,PM25,MEDIUM
1002,202509,2025-09-28,bundaran hotel indonesia,55,80,38,11,15,23,80,PM25,MEDIUM
1003,202509,2025-09-29,bundaran hotel indonesia,54,86,37,15,17,29,86,PM25,MEDIUM
1004,202509,2025-09-30,bundaran hotel indonesia,53,77,31,26,7,37,77,PM25,MEDIUM
1005,202301,2023-01-01,jagakarsa,26,43,51,5,16,2,51,SO2,MEDIUM
1006,202301,2023-01-02,jagakarsa,23,40,51,5,16,3,51,SO2,MEDIUM
1007,202301,2023-01-03,jagakarsa,25,32,53,4,15,-,53,SO2,MEDIUM
1008,202301,2023-01-04,jagakarsa,30,44,53,5,15,4,53,SO2,MEDIUM
1009,202301,2023-01-05,jagakarsa,40,59,53,10,18,7,59,PM25,MEDIUM
1010,202301,2023-01-06,jagakarsa,50,73,51,10,11,7,73,PM25,MEDIUM
1011,202301,2023-01-07,jagakarsa,49,66,51,6,10,4,66,PM25,MEDIUM
1012,202301,2023-01-08,jagakarsa,45,62,51,6,10,3,62,PM25,MEDIUM
1013,202301,2023-01-09,jagakarsa,46,71,51,9,10,6,71,PM25,MEDIUM
1014,202301,2023-01-10,jagakarsa,50,70,50,8,10,6,70,PM25,MEDIUM
1015,202301,2023-01-11,jagakarsa,-,-,-,-,-,-,-,-,TIDAK ADA DATA
1016,202301,2023-01-12,jagakarsa,43,74,54,9,24,3,74,PM25,MEDIUM
1017,202301,2023-01-13,jagakarsa,56,80,55,10,36,5,80,PM25,MEDIUM
1018,202301,2023-01-14,jagakarsa,49,70,54,13,24,3,70,PM25,MEDIUM
1019,202301,2023-01-15,jagakarsa,49,66,55,9,15,2,66,PM25,MEDIUM
1020,202301,2023-01-16,jagakarsa,39,57,54,7,10,2,57,PM25,MEDIUM
1021,202301,2023-01-17,jagakarsa,51,76,55,8,8,-,76,PM25,MEDIUM
1022,202301,2023-01-18,jagakarsa,57,87,57,9,8,3,87,PM25,MEDIUM
1023,202301,2023-01-19,jagakarsa,43,65,57,9,6,4,65,PM25,MEDIUM
1024,202301,2023-01-20,jagakarsa,57,79,55,9,9,3,79,PM25,MEDIUM
1025,202301,2023-01-21,jagakarsa,45,69,54,9,9,2,69,PM25,MEDIUM
1026,202301,2023-01-22,jagakarsa,45,63,52,7,7,2,63,PM25,MEDIUM
1027,202301,2023-01-23,jagakarsa,28,53,53,6,9,1,53,PM25,MEDIUM
1028,202301,2023-01-24,jagakarsa,22,31,52,5,9,0,52,SO2,MEDIUM
1029,202301,2023-01-25,jagakarsa,25,27,53,5,9,1,53,SO2,MEDIUM
1030,202301,2023-01-26,jagakarsa,40,64,56,9,12,2,64,PM25,MEDIUM
1031,202301,2023-01-27,jagakarsa,59,75,56,8,10,2,75,PM25,MEDIUM
1032,202301,2023-01-28,jagakarsa,50,67,56,9,9,3,67,PM25,MEDIUM
1033,202301,2023-01-29,jagakarsa,54,43,55,11,10,3,55,SO2,MEDIUM
1034,202301,2023-01-30,jagakarsa,58,44,54,9,15,2,58,PM10,MEDIUM
1035,202301,2023-01-31,jagakarsa,65,55,16,22,16,15,65,PM10,MEDIUM
1036,202302,2023-02-01,jagakarsa,55,69,55,8,12,2,69,PM25,MEDIUM
1037,202302,2023-02-02,jagakarsa,52,72,53,12,9,3,72,PM25,MEDIUM
1038,202302,2023-02-03,jagakarsa,24,50,63,6,11,3,63,SO2,MEDIUM
1039,202302,2023-02-04,jagakarsa,3,65,89,11,9,11,89,SO2,MEDIUM
1040,202302,2023-02-05,jagakarsa,10,62,79,10,12,8,79,SO2,MEDIUM
1041,202302,2023-02-06,jagakarsa,30,49,54,7,12,1,54,SO2,MEDIUM
1042,202302,2023-02-07,jagakarsa,11,50,62,8,10,3,62,SO2,MEDIUM
1043,202302,2023-02-08,jagakarsa,-,-,-,-,-,-,-,-,TIDAK ADA DATA
1044,202302,2023-02-09,jagakarsa,37,51,53,8,8,3,53,SO2,MEDIUM
1045,202302,2023-02-10,jagakarsa,24,40,53,7,11,1,53,SO2,MEDIUM
1046,202302,2023-02-11,jagakarsa,29,41,52,7,9,2,52,SO2,MEDIUM
1047,202302,2023-02-12,jagakarsa,23,32,52,7,10,2,52,SO2,MEDIUM
1048,202302,2023-02-13,jagakarsa,24,31,53,8,8,3,53,SO2,MEDIUM
1049,202302,2023-02-14,jagakarsa,24,34,52,7,9,2,52,SO2,MEDIUM
1050,202302,2023-02-15,jagakarsa,20,33,53,6,9,1,53,SO2,MEDIUM
1051,202302,2023-02-16,jagakarsa,30,48,54,7,6,1,54,SO2,MEDIUM
1052,202302,2023-02-17,jagakarsa,30,41,53,7,9,1,53,SO2,MEDIUM
1053,202302,2023-02-18,jagakarsa,49,69,14,9,16,3,69,PM25,MEDIUM
1054,202302,2023-02-19,jagakarsa,51,73,13,9,14,3,73,PM25,MEDIUM
1055,202302,2023-02-20,jagakarsa,42,56,13,7,7,-,56,PM25,MEDIUM
1056,202302,2023-02-21,jagakarsa,33,45,13,6,6,-,45,PM25,GOOD
1057,202302,2023-02-22,jagakarsa,29,44,13,6,9,1,44,PM25,GOOD
1058,202302,2023-02-23,jagakarsa,37,57,13,8,11,3,57,PM25,MEDIUM
1059,202302,2023-02-24,jagakarsa,22,49,14,8,15,5,49,PM25,GOOD
1060,202302,2023-02-25,jagakarsa,46,61,14,7,18,5,61,PM25,MEDIUM
1061,202302,2023-02-26,jagakarsa,33,49,14,6,17,3,49,PM25,GOOD
1062,202302,2023-02-27,jagakarsa,28,45,13,6,21,3,45,PM25,GOOD
1063,202302,2023-02-28,jagakarsa,46,63,14,7,17,4,63,PM25,MEDIUM
1064,202303,2023-03-01,jagakarsa,30,38,13,7,11,3,38,PM25,GOOD
1065,202303,2023-03-02,jagakarsa,23,29,13,7,9,2,29,PM25,GOOD
1066,202303,2023-03-03,jagakarsa,34,52,14,7,11,2,52,PM25,MEDIUM
1067,202303,2023-03-04,jagakarsa,40,60,14,7,14,3,60,PM25,MEDIUM
1068,202303,2023-03-05,jagakarsa,38,46,14,6,10,2,46,PM25,GOOD
1069,202303,2023-03-06,jagakarsa,39,55,14,6,7,-,55,PM25,MEDIUM
1070,202303,2023-03-07,jagakarsa,48,70,14,7,11,-,70,PM25,MEDIUM
1071,202303,2023-03-08,jagakarsa,60,87,15,7,11,4,87,PM25,MEDIUM
1072,202303,2023-03-09,jagakarsa,62,82,15,7,20,7,82,PM25,MEDIUM
1073,202303,2023-03-10,jagakarsa,51,79,34,11,20,14,79,PM25,MEDIUM
1074,202303,2023-03-11,jagakarsa,40,65,35,12,26,10,65,PM25,MEDIUM
1075,202303,2023-03-12,jagakarsa,62,96,38,19,20,22,96,PM25,MEDIUM
1076,202303,2023-03-13,jagakarsa,55,88,39,17,27,11,88,PM25,MEDIUM
1077,202303,2023-03-14,jagakarsa,58,81,40,15,17,11,81,PM25,MEDIUM
1078,202303,2023-03-15,jagakarsa,36,56,35,10,21,7,56,PM25,MEDIUM
1079,202303,2023-03-16,jagakarsa,66,98,37,34,18,27,98,PM25,MEDIUM
1080,202303,2023-03-17,jagakarsa,64,90,35,22,21,20,90,PM25,MEDIUM
1081,202303,2023-03-18,jagakarsa,49,64,37,13,30,11,64,PM25,MEDIUM
1082,202303,2023-03-19,jagakarsa,49,72,35,17,25,10,72,PM25,MEDIUM
1083,202303,2023-03-20,jagakarsa,55,83,38,13,26,12,83,PM25,MEDIUM
1084,202303,2023-03-21,jagakarsa,52,70,36,19,24,25,70,PM25,MEDIUM
1085,202303,2023-03-22,jagakarsa,52,71,35,8,26,11,71,PM25,MEDIUM
1086,202303,2023-03-23,jagakarsa,55,77,36,12,21,12,77,PM25,MEDIUM
1087,202303,2023-03-24,jagakarsa,57,87,35,11,25,13,87,PM25,MEDIUM
1088,202303,2023-03-25,jagakarsa,62,88,36,12,21,13,88,PM25,MEDIUM
1089,202303,2023-03-26,jagakarsa,-,66,35,9,15,14,66,PM25,MEDIUM
1090,202303,2023-03-27,jagakarsa,-,55,33,12,12,13,55,PM25,MEDIUM
1091,202303,2023-03-28,jagakarsa,-,73,38,12,10,18,73,PM25,MEDIUM
1092,202303,2023-03-29,jagakarsa,70,46,37,15,12,34,70,PM10,MEDIUM
1093,202303,2023-03-30,jagakarsa,53,52,38,11,11,19,53,PM10,MEDIUM
1094,202303,2023-03-31,jagakarsa,40,49,11,26,10,10,49,PM25,GOOD
1095,202304,2023-04-01,jagakarsa,26,33,35,3,13,-,35,SO2,GOOD
1096,202304,2023-04-02,jagakarsa,35,56,34,5,10,6,56,PM25,MEDIUM
1097,202304,2023-04-03,jagakarsa,52,71,36,9,12,15,71,PM25,MEDIUM
1098,202304,2023-04-04,jagakarsa,51,69,35,6,11,8,69,PM25,MEDIUM
1099,202304,2023-04-05,jagakarsa,52,71,39,9,14,12,71,PM25,MEDIUM
1100,202304,2023-04-06,jagakarsa,56,76,36,7,17,12,76,PM25,MEDIUM
1101,202304,2023-04-07,jagakarsa,47,60,39,7,13,7,60,PM25,MEDIUM
1102,202304,2023-04-08,jagakarsa,57,82,38,8,25,8,82,PM25,MEDIUM
1103,202304,2023-04-09,jagakarsa,51,66,37,8,14,11,66,PM25,MEDIUM
1104,202304,2023-04-10,jagakarsa,50,57,35,6,8,5,57,PM25,MEDIUM
1105,202304,2023-04-11,jagakarsa,26,47,33,3,7,-,47,PM25,GOOD
1106,202304,2023-04-12,jagakarsa,28,53,34,3,6,-,53,PM25,MEDIUM
1107,202304,2023-04-13,jagakarsa,40,60,50,4,9,7,60,PM25,MEDIUM
1108,202304,2023-04-14,jagakarsa,50,63,51,5,11,11,63,PM25,MEDIUM
1109,202304,2023-04-15,jagakarsa,45,58,50,6,9,13,58,PM25,MEDIUM
1110,202304,2023-04-16,jagakarsa,46,60,49,6,15,10,60,PM25,MEDIUM
1111,202304,2023-04-17,jagakarsa,41,63,48,5,15,8,63,PM25,MEDIUM
1112,202304,2023-04-18,jagakarsa,47,64,51,7,21,12,64,PM25,MEDIUM
1113,202304,2023-04-19,jagakarsa,51,68,48,9,23,12,68,PM25,MEDIUM
1114,202304,2023-04-20,jagakarsa,43,61,49,9,24,11,61,PM25,MEDIUM
1115,202304,2023-04-21,jagakarsa,51,-,50,10,22,11,51,PM10,MEDIUM
1116,202304,2023-04-22,jagakarsa,43,-,50,19,21,10,50,SO2,GOOD
1117,202304,2023-04-23,jagakarsa,42,-,50,8,21,6,50,SO2,GOOD
1118,202304,2023-04-24,jagakarsa,45,-,51,24,18,14,51,SO2,MEDIUM
1119,202304,2023-04-25,jagakarsa,29,-,50,10,19,9,50,SO2,GOOD
1120,202304,2023-04-26,jagakarsa,44,-,51,26,19,19,51,SO2,MEDIUM
1121,202304,2023-04-27,jagakarsa,49,-,50,12,23,14,50,SO2,GOOD
1122,202304,2023-04-28,jagakarsa,61,-,50,11,16,14,61,PM10,MEDIUM
1123,202304,2023-04-29,jagakarsa,64,46,50,9,18,12,64,PM10,MEDIUM
1124,202304,2023-04-30,jagakarsa,64,50,50,12,26,14,64,PM10,MEDIUM
1125,202305,2023-05-01,jagakarsa,56,80,50,12,21,10,80,PM25,MEDIUM
1126,202305,2023-05-02,jagakarsa,76,106,51,23,---,21,106,PM25,UNHEALTHY
1127,202305,2023-05-03,jagakarsa,52,69,50,9,14,12,69,PM25,MEDIUM
1128,202305,2023-05-04,jagakarsa,34,50,49,9,19,12,50,PM25,GOOD
1129,202305,2023-05-05,jagakarsa,47,72,50,17,22,15,72,PM25,MEDIUM
1130,202305,2023-05-06,jagakarsa,47,67,50,9,26,12,67,PM25,MEDIUM
1131,202305,2023-05-07,jagakarsa,54,75,49,18,23,19,75,PM25,MEDIUM
1132,202305,2023-05-08,jagakarsa,62,86,50,14,29,13,86,PM25,MEDIUM
1133,202305,2023-05-09,jagakarsa,47,68,50,16,27,16,68,PM25,MEDIUM
1134,202305,2023-05-10,jagakarsa,73,103,51,12,24,16,103,PM25,UNHEALTHY
1135,202305,2023-05-11,jagakarsa,65,94,51,9,16,15,94,PM25,MEDIUM
1136,202305,2023-05-12,jagakarsa,35,51,52,2,16,10,52,SO2,MEDIUM
1137,202305,2023-05-13,jagakarsa,54,78,51,8,19,17,78,PM25,MEDIUM
1138,202305,2023-05-14,jagakarsa,-,57,50,6,22,13,57,PM25,MEDIUM
1139,202305,2023-05-15,jagakarsa,54,74,50,9,25,12,74,PM25,MEDIUM
1140,202305,2023-05-16,jagakarsa,64,80,51,6,31,11,80,PM25,MEDIUM
1141,202305,2023-05-17,jagakarsa,58,83,51,7,28,14,83,PM25,MEDIUM
1142,202305,2023-05-18,jagakarsa,62,85,51,6,26,11,85,PM25,MEDIUM
1143,202305,2023-05-19,jagakarsa,77,107,51,6,22,16,107,PM25,UNHEALTHY
1144,202305,2023-05-20,jagakarsa,74,95,53,7,25,15,95,PM25,MEDIUM
1145,202305,2023-05-21,jagakarsa,67,90,51,11,24,12,90,PM25,MEDIUM
1146,202305,2023-05-22,jagakarsa,58,76,49,16,24,12,76,PM25,MEDIUM
1147,202305,2023-05-23,jagakarsa,67,91,51,16,27,13,91,PM25,MEDIUM
1148,202305,2023-05-24,jagakarsa,86,114,52,18,22,23,114,PM25,UNHEALTHY
1149,202305,2023-05-25,jagakarsa,75,103,52,10,25,16,103,PM25,UNHEALTHY
1150,202305,2023-05-26,jagakarsa,69,88,51,7,32,13,88,PM25,MEDIUM
1151,202305,2023-05-27,jagakarsa,75,101,51,8,27,13,101,PM25,UNHEALTHY
1152,202305,2023-05-28,jagakarsa,79,100,51,6,25,16,100,PM25,MEDIUM
1153,202305,2023-05-29,jagakarsa,78,38,51,11,20,19,78,PM10,MEDIUM
1154,202305,2023-05-30,jagakarsa,84,39,50,3,23,18,84,PM10,MEDIUM
1155,202305,2023-05-31,jagakarsa,66,37,26,31,23,21,66,PM10,MEDIUM
1156,202306,2023-06-01,jagakarsa,59,74,51,7,30,12,74,PM25,MEDIUM
1157,202306,2023-06-02,jagakarsa,74,99,51,8,24,14,99,PM25,MEDIUM
1158,202306,2023-06-03,jagakarsa,75,101,51,4,29,13,101,PM25,UNHEALTHY
1159,202306,2023-06-04,jagakarsa,64,80,50,3,26,10,80,PM25,MEDIUM
1160,202306,2023-06-05,jagakarsa,58,72,51,4,26,13,72,PM25,MEDIUM
1161,202306,2023-06-06,jagakarsa,57,65,50,4,23,11,65,PM25,MEDIUM
1162,202306,2023-06-07,jagakarsa,52,64,50,6,21,14,64,PM25,MEDIUM
1163,202306,2023-06-08,jagakarsa,62,77,51,4,22,14,77,PM25,MEDIUM
1164,202306,2023-06-09,jagakarsa,65,84,51,4,21,21,84,PM25,MEDIUM
1165,202306,2023-06-10,jagakarsa,57,72,50,3,23,10,72,PM25,MEDIUM
1166,202306,2023-06-11,jagakarsa,73,97,51,5,28,15,97,PM25,MEDIUM
1167,202306,2023-06-12,jagakarsa,62,-,51,5,24,12,62,PM10,MEDIUM
1168,202306,2023-06-13,jagakarsa,64,82,52,7,23,14,82,PM25,MEDIUM
1169,202306,2023-06-14,jagakarsa,68,86,52,7,25,12,86,PM25,MEDIUM
1170,202306,2023-06-15,jagakarsa,61,78,52,10,20,18,78,PM25,MEDIUM
1171,202306,2023-06-16,jagakarsa,70,87,52,6,16,15,87,PM25,MEDIUM
1172,202306,2023-06-17,jagakarsa,55,69,52,6,15,16,69,PM25,MEDIUM
1173,202306,2023-06-18,jagakarsa,71,97,53,16,20,20,97,PM25,MEDIUM
1174,202306,2023-06-19,jagakarsa,52,62,52,8,20,10,62,PM25,MEDIUM
1175,202306,2023-06-20,jagakarsa,53,62,53,18,16,23,62,PM25,MEDIUM
1176,202306,2023-06-21,jagakarsa,63,83,52,11,25,11,83,PM25,MEDIUM
1177,202306,2023-06-22,jagakarsa,75,99,53,16,22,14,99,PM25,MEDIUM
1178,202306,2023-06-23,jagakarsa,59,76,53,10,24,11,76,PM25,MEDIUM
1179,202306,2023-06-24,jagakarsa,62,74,54,11,25,15,74,PM25,MEDIUM
1180,202306,2023-06-25,jagakarsa,65,80,53,12,29,14,80,PM25,MEDIUM
1181,202306,2023-06-26,jagakarsa,55,64,53,15,25,13,64,PM25,MEDIUM
1182,202306,2023-06-27,jagakarsa,58,71,53,11,26,11,71,PM25,MEDIUM
1183,202306,2023-06-28,jagakarsa,44,57,53,10,24,13,57,PM25,MEDIUM
1184,202306,2023-06-29,jagakarsa,37,37,52,7,22,8,52,SO2,MEDIUM
1185,202306,2023-06-30,jagakarsa,41,36,52,6,29,7,52,SO2,MEDIUM
1186,202307,2023-07-01,jagakarsa,61,79,53,9,21,13,79,PM25,MEDIUM
1187,202307,2023-07-02,jagakarsa,62,79,52,10,24,11,79,PM25,MEDIUM
1188,202307,2023-07-03,jagakarsa,57,75,53,8,29,12,75,PM25,MEDIUM
1189,202307,2023-07-04,jagakarsa,62,73,52,9,25,13,73,PM25,MEDIUM
1190,202307,2023-07-05,jagakarsa,-,-,-,-,-,-,-,,TIDAK ADA DATA
1191,202307,2023-07-06,jagakarsa,76,107,52,12,28,16,107,PM25,UNHEALTHY
1192,202307,2023-07-07,jagakarsa,78,97,53,6,21,13,97,PM25,MEDIUM
1193,202307,2023-07-08,jagakarsa,59,66,52,10,19,17,66,PM25,MEDIUM
1194,202307,2023-07-09,jagakarsa,47,57,52,9,15,13,57,PM25,MEDIUM
1195,202307,2023-07-10,jagakarsa,54,67,53,5,20,10,67,PM25,MEDIUM
1196,202307,2023-07-11,jagakarsa,65,81,54,10,22,16,81,PM25,MEDIUM
1197,202307,2023-07-12,jagakarsa,67,88,53,9,27,14,88,PM25,MEDIUM
1198,202307,2023-07-13,jagakarsa,65,79,52,5,37,10,79,PM25,MEDIUM
1199,202307,2023-07-14,jagakarsa,65,78,53,7,30,11,78,PM25,MEDIUM
1200,202307,2023-07-15,jagakarsa,54,63,53,6,25,9,63,PM25,MEDIUM
1201,202307,2023-07-16,jagakarsa,56,65,53,6,22,9,65,PM25,MEDIUM
1202,202307,2023-07-17,jagakarsa,53,68,53,6,30,9,68,PM25,MEDIUM
1203,202307,2023-07-18,jagakarsa,70,85,54,7,26,12,85,PM25,MEDIUM
1204,202307,2023-07-19,jagakarsa,64,77,53,6,26,10,77,PM25,MEDIUM
1205,202307,2023-07-20,jagakarsa,72,91,54,10,32,16,91,PM25,MEDIUM
1206,202307,2023-07-21,jagakarsa,86,108,54,10,36,13,108,PM25,UNHEALTHY
1207,202307,2023-07-22,jagakarsa,72,85,53,8,24,15,85,PM25,MEDIUM
1208,202307,2023-07-23,jagakarsa,72,84,53,7,27,10,84,PM25,MEDIUM
1209,202307,2023-07-24,jagakarsa,76,96,54,5,23,15,96,PM25,MEDIUM
1210,202307,2023-07-25,jagakarsa,75,83,53,7,25,13,83,PM25,MEDIUM
1211,202307,2023-07-26,jagakarsa,84,100,53,7,28,21,100,PM25,MEDIUM
1212,202307,2023-07-27,jagakarsa,82,95,53,6,31,18,95,PM25,MEDIUM
1213,202307,2023-07-28,jagakarsa,65,42,53,7,27,13,65,PM10,MEDIUM
1214,202307,2023-07-29,jagakarsa,71,42,53,8,28,12,71,PM10,MEDIUM
1215,202307,2023-07-30,jagakarsa,63,39,18,16,27,24,63,PM10,MEDIUM
1216,202307,2023-07-31,jagakarsa,-,-,-,-,-,-,0,,TIDAK ADA DATA
1217,202308,2023-08-01,jagakarsa,64,73,55,10,21,14,73,PM25,MEDIUM
1218,202308,2023-08-02,jagakarsa,64,75,54,9,22,12,75,PM25,MEDIUM
1219,202308,2023-08-03,jagakarsa,70,82,53,7,22,12,82,PM25,MEDIUM
1220,202308,2023-08-04,jagakarsa,70,83,53,8,21,11,83,PM25,MEDIUM
1221,202308,2023-08-05,jagakarsa,66,77,53,6,26,10,77,PM25,MEDIUM
1222,202308,2023-08-06,jagakarsa,69,78,53,5,24,10,78,PM25,MEDIUM
1223,202308,2023-08-07,jagakarsa,88,113,53,6,30,16,113,PM25,UNHEALTHY
1224,202308,2023-08-08,jagakarsa,76,89,53,6,24,14,89,PM25,MEDIUM
1225,202308,2023-08-09,jagakarsa,64,72,53,8,27,9,72,PM25,MEDIUM
1226,202308,2023-08-10,jagakarsa,66,76,53,8,31,9,76,PM25,MEDIUM
1227,202308,2023-08-11,jagakarsa,74,89,53,9,29,14,89,PM25,MEDIUM
1228,202308,2023-08-12,jagakarsa,77,96,53,8,27,14,96,PM25,MEDIUM
1229,202308,2023-08-13,jagakarsa,69,84,53,8,25,11,84,PM25,MEDIUM
1230,202308,2023-08-14,jagakarsa,60,74,53,8,28,8,74,PM25,MEDIUM
1231,202308,2023-08-15,jagakarsa,75,90,54,9,27,16,90,PM25,MEDIUM
1232,202308,2023-08-16,jagakarsa,69,82,54,9,31,11,82,PM25,MEDIUM
1233,202308,2023-08-17,jagakarsa,66,76,54,7,23,13,76,PM25,MEDIUM
1234,202308,2023-08-18,jagakarsa,54,59,53,7,22,6,59,PM25,MEDIUM
1235,202308,2023-08-19,jagakarsa,64,77,53,7,28,13,77,PM25,MEDIUM
1236,202308,2023-08-20,jagakarsa,68,82,53,6,26,9,82,PM25,MEDIUM
1237,202308,2023-08-21,jagakarsa,65,78,53,6,24,10,78,PM25,MEDIUM
1238,202308,2023-08-22,jagakarsa,70,87,53,6,24,13,87,PM25,MEDIUM
1239,202308,2023-08-23,jagakarsa,65,78,53,7,28,8,78,PM25,MEDIUM
1240,202308,2023-08-24,jagakarsa,71,88,54,7,29,12,88,PM25,MEDIUM
1241,202308,2023-08-25,jagakarsa,64,85,54,6,33,9,85,PM25,MEDIUM
1242,202308,2023-08-26,jagakarsa,65,87,53,6,30,9,87,PM25,MEDIUM
1243,202308,2023-08-27,jagakarsa,65,89,53,7,30,10,89,PM25,MEDIUM
1244,202308,2023-08-28,jagakarsa,-,75,53,8,33,8,75,PM25,MEDIUM
1245,202308,2023-08-29,jagakarsa,64,45,54,9,22,13,64,PM10,MEDIUM
1246,202308,2023-08-30,jagakarsa,69,44,54,11,24,11,69,PM10,MEDIUM
1247,202308,2023-08-31,jagakarsa,68,44,22,27,30,32,68,PM10,MEDIUM
1248,202309,2023-09-01,jagakarsa,66,88,54,8,44,12,88,PM25,MEDIUM
1249,202309,2023-09-02,jagakarsa,72,91,54,8,31,22,91,PM25,MEDIUM
1250,202309,2023-09-03,jagakarsa,59,80,54,8,38,8,80,PM25,MEDIUM
1251,202309,2023-09-04,jagakarsa,54,69,54,9,36,6,69,PM25,MEDIUM
1252,202309,2023-09-05,jagakarsa,60,82,54,10,33,9,82,PM25,MEDIUM
1253,202309,2023-09-06,jagakarsa,60,81,55,10,33,9,81,PM25,MEDIUM
1254,202309,2023-09-07,jagakarsa,71,93,55,10,35,15,93,PM25,MEDIUM
1255,202309,2023-09-08,jagakarsa,67,87,55,9,32,12,87,PM25,MEDIUM
1256,202309,2023-09-09,jagakarsa,61,78,54,6,28,8,78,PM25,MEDIUM
1257,202309,2023-09-10,jagakarsa,57,68,54,7,28,6,68,PM25,MEDIUM
1258,202309,2023-09-11,jagakarsa,59,72,54,6,30,5,72,PM25,MEDIUM
1259,202309,2023-09-12,jagakarsa,57,70,54,7,21,5,70,PM25,MEDIUM
1260,202309,2023-09-13,jagakarsa,56,83,54,5,26,6,83,PM25,MEDIUM
1261,202309,2023-09-14,jagakarsa,54,68,54,7,29,7,68,PM25,MEDIUM
1262,202309,2023-09-15,jagakarsa,58,77,54,8,28,7,77,PM25,MEDIUM
1263,202309,2023-09-16,jagakarsa,61,86,54,9,31,9,86,PM25,MEDIUM
1264,202309,2023-09-17,jagakarsa,61,74,54,8,28,10,74,PM25,MEDIUM
1265,202309,2023-09-18,jagakarsa,54,72,54,8,25,13,72,PM25,MEDIUM
1266,202309,2023-09-19,jagakarsa,59,81,54,9,32,13,81,PM25,MEDIUM
1267,202309,2023-09-20,jagakarsa,62,80,53,9,29,15,80,PM25,MEDIUM
1268,202309,2023-09-21,jagakarsa,59,72,53,9,31,11,72,PM25,MEDIUM
1269,202309,2023-09-22,jagakarsa,57,70,54,8,22,11,70,PM25,MEDIUM
1270,202309,2023-09-23,jagakarsa,52,70,54,9,34,10,70,PM25,MEDIUM
1271,202309,2023-09-24,jagakarsa,54,65,54,9,33,7,65,PM25,MEDIUM
1272,202309,2023-09-25,jagakarsa,55,72,54,9,35,6,72,PM25,MEDIUM
1273,202309,2023-09-26,jagakarsa,53,66,55,9,30,9,66,PM25,MEDIUM
1274,202309,2023-09-27,jagakarsa,59,74,55,10,30,10,74,PM25,MEDIUM
1275,202309,2023-09-28,jagakarsa,56,73,54,9,28,8,73,PM25,MEDIUM
1276,202309,2023-09-29,jagakarsa,62,47,56,9,24,9,62,PM10,MEDIUM
1277,202309,2023-09-30,jagakarsa,-,-,-,-,-,-,0,,TIDAK ADA DATA
1278,202310,2023-10-01,jagakarsa,70,91,54,7,36,5,91,PM25,MEDIUM
1279,202310,2023-10-02,jagakarsa,66,84,55,7,32,5,84,PM25,MEDIUM
1280,202310,2023-10-03,jagakarsa,56,68,54,8,32,4,68,PM25,MEDIUM
1281,202310,2023-10-04,jagakarsa,60,74,55,6,32,5,74,PM25,MEDIUM
1282,202310,2023-10-05,jagakarsa,64,79,55,5,26,4,79,PM25,MEDIUM
1283,202310,2023-10-06,jagakarsa,59,80,54,5,28,4,80,PM25,MEDIUM
1284,202310,2023-10-07,jagakarsa,66,88,54,4,28,3,88,PM25,MEDIUM
1285,202310,2023-10-08,jagakarsa,-,81,55,5,26,3,81,PM25,MEDIUM
1286,202310,2023-10-09,jagakarsa,56,71,54,6,25,2,71,PM25,MEDIUM
1287,202310,2023-10-10,jagakarsa,55,66,55,5,27,1,66,PM25,MEDIUM
1288,202310,2023-10-11,jagakarsa,63,76,54,4,25,3,76,PM25,MEDIUM
1289,202310,2023-10-12,jagakarsa,-,80,54,4,25,5,80,PM25,MEDIUM
1290,202310,2023-10-13,jagakarsa,67,93,54,5,32,2,93,PM25,MEDIUM
1291,202310,2023-10-14,jagakarsa,59,78,54,5,34,3,78,PM25,MEDIUM
1292,202310,2023-10-15,jagakarsa,57,72,54,6,28,2,72,PM25,MEDIUM
1293,202310,2023-10-16,jagakarsa,59,78,55,7,27,3,78,PM25,MEDIUM
1294,202310,2023-10-17,jagakarsa,72,91,55,5,30,2,91,PM25,MEDIUM
1295,202310,2023-10-18,jagakarsa,70,94,55,8,31,4,94,PM25,MEDIUM
1296,202310,2023-10-19,jagakarsa,63,77,55,7,32,3,77,PM25,MEDIUM
1297,202310,2023-10-20,jagakarsa,56,73,55,6,31,2,73,PM25,MEDIUM
1298,202310,2023-10-21,jagakarsa,64,80,55,5,28,4,80,PM25,MEDIUM
1299,202310,2023-10-22,jagakarsa,62,84,55,5,37,3,84,PM25,MEDIUM
1300,202310,2023-10-23,jagakarsa,70,86,55,7,33,3,86,PM25,MEDIUM
1301,202310,2023-10-24,jagakarsa,65,89,55,8,34,4,89,PM25,MEDIUM
1302,202310,2023-10-25,jagakarsa,59,69,56,4,36,3,69,PM25,MEDIUM
1303,202310,2023-10-26,jagakarsa,63,78,55,4,32,3,78,PM25,MEDIUM
1304,202310,2023-10-27,jagakarsa,63,79,55,5,36,2,79,PM25,MEDIUM
1305,202310,2023-10-28,jagakarsa,67,81,54,5,31,2,81,PM25,MEDIUM
1306,202310,2023-10-29,jagakarsa,63,47,55,8,28,48,63,PM10,MEDIUM
1307,202310,2023-10-30,jagakarsa,60,45,55,6,36,38,60,PM10,MEDIUM
1308,202310,2023-10-31,jagakarsa,66,45,22,25,40,33,66,PM10,MEDIUM
1309,202311,2023-11-01,jagakarsa,59,70,55,2,33,3,70,PM25,MEDIUM
1310,202311,2023-11-02,jagakarsa,55,68,55,1,33,4,68,PM25,MEDIUM
1311,202311,2023-11-03,jagakarsa,63,72,55,1,35,4,72,PM25,MEDIUM
1312,202311,2023-11-04,jagakarsa,63,75,55,2,31,6,75,PM25,MEDIUM
1313,202311,2023-11-05,jagakarsa,45,51,54,2,22,2,54,SO2,MEDIUM
1314,202311,2023-11-06,jagakarsa,44,60,54,-,17,5,60,PM25,MEDIUM
1315,202311,2023-11-07,jagakarsa,68,84,54,-,28,4,84,PM25,MEDIUM
1316,202311,2023-11-08,jagakarsa,64,75,55,11,26,5,75,PM25,MEDIUM
1317,202311,2023-11-09,jagakarsa,62,72,56,12,35,3,72,PM25,MEDIUM
1318,202311,2023-11-10,jagakarsa,63,70,55,12,35,5,70,PM25,MEDIUM
1319,202311,2023-11-11,jagakarsa,63,64,54,10,26,8,64,PM25,MEDIUM
1320,202311,2023-11-12,jagakarsa,53,56,53,12,30,6,56,PM25,MEDIUM
1321,202311,2023-11-13,jagakarsa,52,59,54,13,27,10,59,PM25,MEDIUM
1322,202311,2023-11-14,jagakarsa,52,64,55,12,27,9,64,PM25,MEDIUM
1323,202311,2023-11-15,jagakarsa,41,62,55,12,25,7,62,PM25,MEDIUM
1324,202311,2023-11-16,jagakarsa,52,78,56,13,31,12,78,PM25,MEDIUM
1325,202311,2023-11-17,jagakarsa,51,72,55,14,32,12,72,PM25,MEDIUM
1326,202311,2023-11-18,jagakarsa,51,76,55,12,23,10,76,PM25,MEDIUM
1327,202311,2023-11-19,jagakarsa,45,68,55,13,27,10,68,PM25,MEDIUM
1328,202311,2023-11-20,jagakarsa,48,66,55,11,29,8,66,PM25,MEDIUM
1329,202311,2023-11-21,jagakarsa,50,73,55,12,25,13,73,PM25,MEDIUM
1330,202311,2023-11-22,jagakarsa,44,63,55,13,32,10,63,PM25,MEDIUM
1331,202311,2023-11-23,jagakarsa,51,82,56,14,31,16,82,PM25,MEDIUM
1332,202311,2023-11-24,jagakarsa,66,101,55,12,22,21,101,PM25,UNHEALTHY
1333,202311,2023-11-25,jagakarsa,56,75,56,12,16,15,75,PM25,MEDIUM
1334,202311,2023-11-26,jagakarsa,46,62,56,13,19,16,62,PM25,MEDIUM
1335,202311,2023-11-27,jagakarsa,54,77,56,13,27,16,77,PM25,MEDIUM
1336,202311,2023-11-28,jagakarsa,55,80,57,13,24,14,80,PM25,MEDIUM
1337,202311,2023-11-29,jagakarsa,56,44,56,13,18,12,56,PM10,MEDIUM
1338,202311,2023-11-30,jagakarsa,37,43,55,13,21,8,55,SO2,MEDIUM
1339,202312,2023-12-01,jagakarsa,53,81,42,9,24,12,81,PM25,MEDIUM
1340,202312,2023-12-02,jagakarsa,55,92,43,11,24,13,92,PM25,MEDIUM
1341,202312,2023-12-03,jagakarsa,54,74,47,8,29,11,74,PM25,MEDIUM
1342,202312,2023-12-04,jagakarsa,44,71,43,10,24,12,71,PM25,MEDIUM
1343,202312,2023-12-05,jagakarsa,45,76,45,9,29,10,76,PM25,MEDIUM
1344,202312,2023-12-06,jagakarsa,51,81,45,10,28,12,81,PM25,MEDIUM
1345,202312,2023-12-07,jagakarsa,45,72,45,10,27,13,72,PM25,MEDIUM
1346,202312,2023-12-08,jagakarsa,51,75,44,8,32,9,75,PM25,MEDIUM
1347,202312,2023-12-09,jagakarsa,59,94,48,10,25,12,94,PM25,MEDIUM
1348,202312,2023-12-10,jagakarsa,35,54,43,9,13,6,54,PM25,MEDIUM
1349,202312,2023-12-11,jagakarsa,44,68,44,8,15,9,68,PM25,MEDIUM
1350,202312,2023-12-12,jagakarsa,32,57,45,5,18,4,57,PM25,MEDIUM
1351,202312,2023-12-13,jagakarsa,45,71,48,9,13,7,71,PM25,MEDIUM
1352,202312,2023-12-14,jagakarsa,46,71,48,8,11,7,71,PM25,MEDIUM
1353,202312,2023-12-15,jagakarsa,28,53,48,5,15,4,53,PM25,MEDIUM
1354,202312,2023-12-16,jagakarsa,46,73,50,8,14,7,73,PM25,MEDIUM
1355,202312,2023-12-17,jagakarsa,54,81,49,17,12,-,81,PM25,MEDIUM
1356,202312,2023-12-18,jagakarsa,51,80,50,9,17,12,80,PM25,MEDIUM
1357,202312,2023-12-19,jagakarsa,57,87,50,12,18,13,87,PM25,MEDIUM
1358,202312,2023-12-20,jagakarsa,72,105,49,19,18,12,105,PM25,UNHEALTHY
1359,202312,2023-12-21,jagakarsa,57,86,53,7,27,11,86,PM25,MEDIUM
1360,202312,2023-12-22,jagakarsa,36,57,49,6,13,7,57,PM25,MEDIUM
1361,202312,2023-12-23,jagakarsa,21,33,50,4,16,3,50,SO2,GOOD
1362,202312,2023-12-24,jagakarsa,58,92,51,10,17,11,92,PM25,MEDIUM
1363,202312,2023-12-25,jagakarsa,42,51,50,5,16,5,51,PM25,MEDIUM
1364,202312,2023-12-26,jagakarsa,36,57,51,7,14,6,57,PM25,MEDIUM
1365,202312,2023-12-27,jagakarsa,17,26,48,4,11,2,48,SO2,GOOD
1366,202312,2023-12-28,jagakarsa,46,66,49,8,8,5,66,PM25,MEDIUM
1367,202312,2023-12-29,jagakarsa,15,50,50,4,13,-,50,PM25,GOOD
1368,202312,2023-12-30,jagakarsa,36,51,51,8,13,5,51,PM25,MEDIUM
1369,202312,2023-12-31,jagakarsa,48,49,-,24,14,-,49,PM25,GOOD
1370,202401,2024-01-01,jagakarsa,65,89,14,54,13,-,89,PM25,UNHEALTHY
1371,202401,2024-01-02,jagakarsa,52,73,14,38,17,-,73,PM25,UNHEALTHY
1372,202401,2024-01-03,jagakarsa,47,57,14,31,9,-,57,PM25,UNHEALTHY
1373,202401,2024-01-04,jagakarsa,54,73,14,34,13,-,73,PM25,UNHEALTHY
1374,202401,2024-01-05,jagakarsa,39,58,15,46,14,-,58,PM25,UNHEALTHY
1375,202401,2024-01-06,jagakarsa,45,67,15,34,22,3,67,PM25,UNHEALTHY
1376,202401,2024-01-07,jagakarsa,54,70,15,70,14,24,70,PM25,UNHEALTHY
1377,202401,2024-01-08,jagakarsa,51,72,15,68,20,15,72,PM25,UNHEALTHY
1378,202401,2024-01-09,jagakarsa,55,67,15,46,13,22,67,PM25,UNHEALTHY
1379,202401,2024-01-10,jagakarsa,47,67,34,11,20,42,67,PM25,UNHEALTHY
1380,202401,2024-01-11,jagakarsa,58,80,35,15,17,43,80,PM25,UNHEALTHY
1381,202401,2024-01-12,jagakarsa,37,48,43,8,3,56,56,NO2,UNHEALTHY
1382,202401,2024-01-13,jagakarsa,50,66,44,7,11,55,66,PM25,UNHEALTHY
1383,202401,2024-01-14,jagakarsa,42,52,43,10,10,57,57,NO2,UNHEALTHY
1384,202401,2024-01-15,jagakarsa,57,78,43,17,5,54,78,PM25,UNHEALTHY
1385,202401,2024-01-16,jagakarsa,47,60,44,7,6,57,60,PM25,UNHEALTHY
1386,202401,2024-01-17,jagakarsa,50,65,46,8,5,-,65,PM25,UNHEALTHY
1387,202401,2024-01-18,jagakarsa,56,76,49,13,6,23,76,PM25,UNHEALTHY
1388,202401,2024-01-19,jagakarsa,32,34,45,6,9,76,76,NO2,UNHEALTHY
1389,202401,2024-01-20,jagakarsa,32,45,44,7,8,66,66,NO2,UNHEALTHY
1390,202401,2024-01-21,jagakarsa,51,65,45,9,8,79,79,NO2,UNHEALTHY
1391,202401,2024-01-22,jagakarsa,27,34,45,5,8,56,56,NO2,UNHEALTHY
1392,202401,2024-01-23,jagakarsa,-,52,46,6,9,51,52,PM25,UNHEALTHY
1393,202401,2024-01-24,jagakarsa,46,65,46,8,9,38,65,PM25,UNHEALTHY
1394,202401,2024-01-25,jagakarsa,37,55,47,7,11,28,55,PM25,UNHEALTHY
1395,202401,2024-01-26,jagakarsa,43,62,50,7,15,14,62,PM25,UNHEALTHY
1396,202401,2024-01-27,jagakarsa,40,52,48,8,12,10,52,PM25,UNHEALTHY
1397,202401,2024-01-28,jagakarsa,40,62,48,12,12,18,62,PM25,UNHEALTHY
1398,202401,2024-01-29,jagakarsa,33,44,47,14,12,24,47,SO2,UNHEALTHY
1399,202401,2024-01-30,jagakarsa,58,46,48,22,12,33,58,PM10,UNHEALTHY
1400,202401,2024-01-31,jagakarsa,37,47,7,26,17,17,47,PM25,UNHEALTHY
1401,202402,2024-02-01,jagakarsa,52,71,48,16,16,21,71,PM25,UNHEALTHY
1402,202402,2024-02-02,jagakarsa,39,53,47,12,10,33,53,PM25,UNHEALTHY
1403,202402,2024-02-03,jagakarsa,33,45,48,9,9,33,48,SO2,UNHEALTHY
1404,202402,2024-02-04,jagakarsa,31,49,48,5,7,17,49,PM25,UNHEALTHY
1405,202402,2024-02-05,jagakarsa,52,74,49,14,12,40,74,PM25,UNHEALTHY
1406,202402,2024-02-06,jagakarsa,61,74,50,16,9,37,74,PM25,UNHEALTHY
1407,202402,2024-02-07,jagakarsa,35,52,48,9,9,28,52,PM25,UNHEALTHY
1408,202402,2024-02-08,jagakarsa,56,75,50,22,8,80,80,NO2,UNHEALTHY
1409,202402,2024-02-09,jagakarsa,49,67,54,9,16,17,67,PM25,UNHEALTHY
1410,202402,2024-02-10,jagakarsa,52,63,51,7,21,8,63,PM25,UNHEALTHY
1411,202402,2024-02-11,jagakarsa,50,68,50,19,14,52,68,PM25,UNHEALTHY
1412,202402,2024-02-12,jagakarsa,50,64,50,12,15,19,64,PM25,UNHEALTHY
1413,202402,2024-02-13,jagakarsa,57,72,52,14,18,187,187,NO2,UNHEALTHY
1414,202402,2024-02-14,jagakarsa,43,55,51,10,20,202,202,NO2,UNHEALTHY
1415,202402,2024-02-15,jagakarsa,41,63,51,13,16,-,63,PM25,UNHEALTHY
1416,202402,2024-02-16,jagakarsa,64,87,53,19,12,22,87,PM25,UNHEALTHY
1417,202402,2024-02-17,jagakarsa,53,70,52,16,10,12,70,PM25,UNHEALTHY
1418,202402,2024-02-18,jagakarsa,47,63,50,14,15,8,63,PM25,UNHEALTHY
1419,202402,2024-02-19,jagakarsa,50,67,49,17,19,12,67,PM25,UNHEALTHY
1420,202402,2024-02-20,jagakarsa,65,93,50,15,21,13,93,PM25,UNHEALTHY
1421,202402,2024-02-21,jagakarsa,58,79,49,14,20,17,79,PM25,UNHEALTHY
1422,202402,2024-02-22,jagakarsa,59,71,48,12,8,17,71,PM25,UNHEALTHY
1423,202402,2024-02-23,jagakarsa,44,59,49,7,15,14,59,PM25,UNHEALTHY
1424,202402,2024-02-24,jagakarsa,44,62,49,6,13,29,62,PM25,UNHEALTHY
1425,202402,2024-02-25,jagakarsa,37,50,50,7,9,16,50,PM25,UNHEALTHY
1426,202402,2024-02-26,jagakarsa,41,56,49,10,12,29,56,PM25,UNHEALTHY
1427,202402,2024-02-27,jagakarsa,64,88,50,20,14,19,88,PM25,UNHEALTHY
1428,202402,2024-02-28,jagakarsa,47,62,50,10,11,21,62,PM25,UNHEALTHY
1429,202402,2024-02-29,jagakarsa,54,13,50,12,12,41,54,PM10,UNHEALTHY
1430,202403,2024-03-01,jagakarsa,46,66,50,14,15,28,66,PM25,UNHEALTHY
1431,202403,2024-03-02,jagakarsa,48,64,50,11,9,20,64,PM25,UNHEALTHY
1432,202403,2024-03-03,jagakarsa,48,57,50,12,5,20,57,PM25,UNHEALTHY
1433,202403,2024-03-04,jagakarsa,43,56,50,14,13,61,61,NO2,UNHEALTHY
1434,202403,2024-03-05,jagakarsa,44,56,50,9,13,62,62,NO2,UNHEALTHY
1435,202403,2024-03-06,jagakarsa,48,61,50,8,9,58,61,PM25,UNHEALTHY
1436,202403,2024-03-07,jagakarsa,38,52,50,6,10,52,52,PM25,UNHEALTHY
1437,202403,2024-03-08,jagakarsa,23,28,49,3,13,34,49,SO2,UNHEALTHY
1438,202403,2024-03-09,jagakarsa,29,25,50,4,12,40,50,SO2,UNHEALTHY
1439,202403,2024-03-10,jagakarsa,54,73,51,21,11,91,91,NO2,UNHEALTHY
1440,202403,2024-03-11,jagakarsa,51,63,51,20,-,79,79,NO2,UNHEALTHY
1441,202403,2024-03-12,jagakarsa,41,55,52,7,15,38,55,PM25,UNHEALTHY
1442,202403,2024-03-13,jagakarsa,54,68,51,9,16,44,68,PM25,UNHEALTHY
1443,202403,2024-03-14,jagakarsa,-,65,51,11,12,43,65,PM25,UNHEALTHY
1444,202403,2024-03-15,jagakarsa,23,40,51,8,10,62,62,NO2,UNHEALTHY
1445,202403,2024-03-16,jagakarsa,16,26,51,4,12,53,53,NO2,UNHEALTHY
1446,202403,2024-03-17,jagakarsa,18,21,51,5,10,58,58,NO2,UNHEALTHY
1447,202403,2024-03-18,jagakarsa,22,40,51,5,11,51,51,SO2,UNHEALTHY
1448,202403,2024-03-19,jagakarsa,43,63,51,9,10,75,75,NO2,UNHEALTHY
1449,202403,2024-03-20,jagakarsa,41,62,51,7,10,49,62,PM25,UNHEALTHY
1450,202403,2024-03-21,jagakarsa,50,68,51,8,13,62,68,PM25,UNHEALTHY
1451,202403,2024-03-22,jagakarsa,38,53,51,9,14,40,53,PM25,UNHEALTHY
1452,202403,2024-03-23,jagakarsa,59,99,51,27,21,106,106,NO2,UNHEALTHY
1453,202403,2024-03-24,jagakarsa,54,73,51,10,25,31,73,PM25,UNHEALTHY
1454,202403,2024-03-25,jagakarsa,44,61,51,8,23,29,61,PM25,UNHEALTHY
1455,202403,2024-03-26,jagakarsa,44,68,51,13,19,54,68,PM25,UNHEALTHY
1456,202403,2024-03-27,jagakarsa,57,84,52,15,18,37,84,PM25,UNHEALTHY
1457,202403,2024-03-28,jagakarsa,63,90,51,23,18,72,90,PM25,UNHEALTHY
1458,202403,2024-03-29,jagakarsa,56,16,51,13,20,29,56,PM10,UNHEALTHY
1459,202403,2024-03-30,jagakarsa,45,16,51,14,15,48,51,SO2,UNHEALTHY
1460,202403,2024-03-31,jagakarsa,49,12,27,34,17,13,49,PM10,UNHEALTHY
1461,202404,2024-04-01,jagakarsa,55,83,51,20,17,43,83,PM25,UNHEALTHY
1462,202404,2024-04-02,jagakarsa,56,81,51,16,25,31,81,PM25,UNHEALTHY
1463,202404,2024-04-03,jagakarsa,59,80,51,16,31,20,80,PM25,UNHEALTHY
1464,202404,2024-04-04,jagakarsa,35,56,51,17,16,52,56,PM25,UNHEALTHY
1465,202404,2024-04-05,jagakarsa,61,96,52,30,10,78,96,PM25,UNHEALTHY
1466,202404,2024-04-06,jagakarsa,62,92,52,19,16,65,92,PM25,UNHEALTHY
1467,202404,2024-04-07,jagakarsa,52,69,52,11,19,31,69,PM25,UNHEALTHY
1468,202404,2024-04-08,jagakarsa,47,69,52,12,25,32,69,PM25,UNHEALTHY
1469,202404,2024-04-09,jagakarsa,54,84,52,11,22,43,84,PM25,UNHEALTHY
1470,202404,2024-04-10,jagakarsa,56,82,51,24,17,38,82,PM25,UNHEALTHY
1471,202404,2024-04-11,jagakarsa,20,50,54,11,12,47,54,SO2,UNHEALTHY
1472,202404,2024-04-12,jagakarsa,34,55,54,6,14,18,55,PM25,UNHEALTHY
1473,202404,2024-04-13,jagakarsa,34,57,55,18,10,52,57,PM25,UNHEALTHY
1474,202404,2024-04-14,jagakarsa,32,55,54,7,14,19,55,PM25,UNHEALTHY
1475,202404,2024-04-15,jagakarsa,28,52,54,11,11,34,54,SO2,UNHEALTHY
1476,202404,2024-04-16,jagakarsa,36,58,54,9,10,41,58,PM25,UNHEALTHY
1477,202404,2024-04-17,jagakarsa,48,72,54,11,14,24,72,PM25,UNHEALTHY
1478,202404,2024-04-18,jagakarsa,39,59,54,12,15,34,59,PM25,UNHEALTHY
1479,202404,2024-04-19,jagakarsa,35,58,54,11,15,33,58,PM25,UNHEALTHY
1480,202404,2024-04-20,jagakarsa,54,79,54,20,12,60,79,PM25,UNHEALTHY
1481,202404,2024-04-21,jagakarsa,50,68,54,13,11,43,68,PM25,UNHEALTHY
1482,202404,2024-04-22,jagakarsa,54,74,55,18,11,64,74,PM25,UNHEALTHY
1483,202404,2024-04-23,jagakarsa,57,81,54,14,11,39,81,PM25,UNHEALTHY
1484,202404,2024-04-24,jagakarsa,43,63,54,14,15,37,63,PM25,UNHEALTHY
1485,202404,2024-04-25,jagakarsa,46,63,54,13,16,23,63,PM25,UNHEALTHY
1486,202404,2024-04-26,jagakarsa,40,60,54,9,14,28,60,PM25,UNHEALTHY
1487,202404,2024-04-27,jagakarsa,48,63,54,14,9,63,63,PM25,UNHEALTHY
1488,202404,2024-04-28,jagakarsa,50,68,54,16,11,68,68,PM25,UNHEALTHY
1489,202404,2024-04-29,jagakarsa,55,13,54,11,14,27,55,PM10,UNHEALTHY
1490,202404,2024-04-30,jagakarsa,57,16,54,9,14,24,57,PM10,UNHEALTHY
1491,202405,2024-05-01,jagakarsa,45,62,54,8,13,20,62,PM25,UNHEALTHY
1492,202405,2024-05-02,jagakarsa,58,77,54,11,15,24,77,PM25,UNHEALTHY
1493,202405,2024-05-03,jagakarsa,61,76,54,11,17,25,76,PM25,UNHEALTHY
1494,202405,2024-05-04,jagakarsa,52,73,55,12,19,29,73,PM25,UNHEALTHY
1495,202405,2024-05-05,jagakarsa,-,73,55,19,17,67,73,PM25,UNHEALTHY
1496,202405,2024-05-06,jagakarsa,-,72,55,13,16,50,72,PM25,UNHEALTHY
1497,202405,2024-05-07,jagakarsa,64,84,55,12,17,34,84,PM25,UNHEALTHY
1498,202405,2024-05-08,jagakarsa,71,94,55,13,19,32,94,PM25,UNHEALTHY
1499,202405,2024-05-09,jagakarsa,67,90,56,13,15,39,90,PM25,UNHEALTHY
1500,202405,2024-05-10,jagakarsa,63,80,55,9,15,31,80,PM25,UNHEALTHY
1501,202405,2024-05-11,jagakarsa,63,75,55,8,13,27,75,PM25,UNHEALTHY
1502,202405,2024-05-12,jagakarsa,64,74,55,14,11,38,74,PM25,UNHEALTHY
1503,202405,2024-05-13,jagakarsa,52,67,55,8,14,22,67,PM25,UNHEALTHY
1504,202405,2024-05-14,jagakarsa,63,73,55,13,11,28,73,PM25,UNHEALTHY
1505,202405,2024-05-15,jagakarsa,67,74,55,17,10,45,74,PM25,UNHEALTHY
1506,202405,2024-05-16,jagakarsa,69,85,55,10,15,20,85,PM25,UNHEALTHY
1507,202405,2024-05-17,jagakarsa,56,71,55,10,18,29,71,PM25,UNHEALTHY
1508,202405,2024-05-18,jagakarsa,60,72,55,11,16,38,72,PM25,UNHEALTHY
1509,202405,2024-05-19,jagakarsa,57,72,56,11,18,36,72,PM25,UNHEALTHY
1510,202405,2024-05-20,jagakarsa,69,84,56,15,15,41,84,PM25,UNHEALTHY
1511,202405,2024-05-21,jagakarsa,67,80,56,14,16,42,80,PM25,UNHEALTHY
1512,202405,2024-05-22,jagakarsa,68,81,56,10,16,37,81,PM25,UNHEALTHY
1513,202405,2024-05-23,jagakarsa,64,72,56,10,13,39,72,PM25,UNHEALTHY
1514,202405,2024-05-24,jagakarsa,65,70,56,13,12,44,70,PM25,UNHEALTHY
1515,202405,2024-05-25,jagakarsa,27,34,55,7,12,38,55,SO2,UNHEALTHY
1516,202405,2024-05-26,jagakarsa,61,70,56,15,12,65,70,PM25,UNHEALTHY
1517,202405,2024-05-27,jagakarsa,59,73,56,13,16,39,73,PM25,UNHEALTHY
1518,202405,2024-05-28,jagakarsa,70,82,55,20,14,36,82,PM25,UNHEALTHY
1519,202405,2024-05-29,jagakarsa,61,19,55,11,12,37,61,PM10,UNHEALTHY
1520,202405,2024-05-30,jagakarsa,61,19,55,12,14,38,61,PM10,UNHEALTHY
1521,202405,2024-05-31,jagakarsa,69,17,13,13,16,22,69,PM10,UNHEALTHY
1522,202406,2024-06-01,jagakarsa,73,84,55,17,15,36,84,PM25,UNHEALTHY
1523,202406,2024-06-02,jagakarsa,59,61,55,16,15,39,61,PM25,UNHEALTHY
1524,202406,2024-06-03,jagakarsa,54,57,55,12,12,32,57,PM25,UNHEALTHY
1525,202406,2024-06-04,jagakarsa,56,64,55,15,12,39,64,PM25,UNHEALTHY
1526,202406,2024-06-05,jagakarsa,68,78,55,17,14,41,78,PM25,UNHEALTHY
1527,202406,2024-06-06,jagakarsa,51,58,56,10,17,34,58,PM25,UNHEALTHY
1528,202406,2024-06-07,jagakarsa,66,75,56,12,19,34,75,PM25,UNHEALTHY
1529,202406,2024-06-08,jagakarsa,67,78,56,16,16,38,78,PM25,UNHEALTHY
1530,202406,2024-06-09,jagakarsa,71,76,56,13,15,28,76,PM25,UNHEALTHY
1531,202406,2024-06-10,jagakarsa,65,71,55,17,13,45,71,PM25,UNHEALTHY
1532,202406,2024-06-11,jagakarsa,59,59,55,15,14,36,59,PM10,UNHEALTHY
1533,202406,2024-06-12,jagakarsa,53,57,56,16,12,52,57,PM25,UNHEALTHY
1534,202406,2024-06-13,jagakarsa,38,70,56,12,7,53,70,PM25,UNHEALTHY
1535,202406,2024-06-14,jagakarsa,53,80,57,15,10,91,91,NO2,UNHEALTHY
1536,202406,2024-06-15,jagakarsa,44,68,57,11,10,36,68,PM25,UNHEALTHY
1537,202406,2024-06-16,jagakarsa,38,67,56,12,14,35,67,PM25,UNHEALTHY
1538,202406,2024-06-17,jagakarsa,53,81,57,10,15,34,81,PM25,UNHEALTHY
1539,202406,2024-06-18,jagakarsa,92,141,56,26,11,78,141,PM25,UNHEALTHY
1540,202406,2024-06-19,jagakarsa,68,106,56,15,11,51,106,PM25,UNHEALTHY
1541,202406,2024-06-20,jagakarsa,54,88,57,8,17,31,88,PM25,UNHEALTHY
1542,202406,2024-06-21,jagakarsa,64,105,58,12,18,37,105,PM25,UNHEALTHY
1543,202406,2024-06-22,jagakarsa,62,101,57,12,16,38,101,PM25,UNHEALTHY
1544,202406,2024-06-23,jagakarsa,58,92,58,10,14,35,92,PM25,UNHEALTHY
1545,202406,2024-06-24,jagakarsa,-,101,58,12,14,37,101,PM25,UNHEALTHY
1546,202406,2024-06-25,jagakarsa,62,98,57,12,13,43,98,PM25,UNHEALTHY
1547,202406,2024-06-26,jagakarsa,50,71,57,13,8,76,76,NO2,UNHEALTHY
1548,202406,2024-06-27,jagakarsa,52,75,57,9,11,40,75,PM25,UNHEALTHY
1549,202406,2024-06-28,jagakarsa,50,69,57,18,7,63,69,PM25,UNHEALTHY
1550,202406,2024-06-29,jagakarsa,60,11,59,18,7,83,83,NO2,UNHEALTHY
1551,202406,2024-06-30,jagakarsa,27,10,57,9,10,47,57,SO2,UNHEALTHY
1552,202407,2024-07-01,jagakarsa,56,89,57,13,13,41,89,PM25,UNHEALTHY
1553,202407,2024-07-02,jagakarsa,35,67,57,10,11,37,67,PM25,UNHEALTHY
1554,202407,2024-07-03,jagakarsa,71,106,58,21,12,77,106,PM25,UNHEALTHY
1555,202407,2024-07-04,jagakarsa,46,71,57,15,12,62,71,PM25,UNHEALTHY
1556,202407,2024-07-05,jagakarsa,52,69,58,12,9,57,69,PM25,UNHEALTHY
1557,202407,2024-07-06,jagakarsa,28,50,57,8,6,61,61,NO2,UNHEALTHY
1558,202407,2024-07-07,jagakarsa,22,32,57,11,8,85,85,NO2,UNHEALTHY
1559,202407,2024-07-08,jagakarsa,36,60,58,11,11,66,66,NO2,UNHEALTHY
1560,202407,2024-07-09,jagakarsa,31,58,57,11,10,45,58,PM25,UNHEALTHY
1561,202407,2024-07-10,jagakarsa,51,77,58,7,12,24,77,PM25,UNHEALTHY
1562,202407,2024-07-11,jagakarsa,64,101,58,13,11,31,101,PM25,UNHEALTHY
1563,202407,2024-07-12,jagakarsa,61,98,58,12,17,32,98,PM25,UNHEALTHY
1564,202407,2024-07-13,jagakarsa,68,111,59,19,17,65,111,PM25,UNHEALTHY
1565,202407,2024-07-14,jagakarsa,61,92,58,12,17,33,92,PM25,UNHEALTHY
1566,202407,2024-07-15,jagakarsa,57,90,58,11,17,29,90,PM25,UNHEALTHY
1567,202407,2024-07-16,jagakarsa,54,86,58,9,22,27,86,PM25,UNHEALTHY
1568,202407,2024-07-17,jagakarsa,59,93,58,11,17,29,93,PM25,UNHEALTHY
1569,202407,2024-07-18,jagakarsa,59,88,58,9,18,26,88,PM25,UNHEALTHY
1570,202407,2024-07-19,jagakarsa,53,82,58,8,19,24,82,PM25,UNHEALTHY
1571,202407,2024-07-20,jagakarsa,58,89,58,9,19,28,89,PM25,UNHEALTHY
1572,202407,2024-07-21,jagakarsa,52,81,58,8,20,25,81,PM25,UNHEALTHY
1573,202407,2024-07-22,jagakarsa,51,78,58,8,20,25,78,PM25,UNHEALTHY
1574,202407,2024-07-23,jagakarsa,55,83,59,8,23,25,83,PM25,UNHEALTHY
1575,202407,2024-07-24,jagakarsa,54,82,60,7,22,30,82,PM25,UNHEALTHY
1576,202407,2024-07-25,jagakarsa,45,73,58,7,20,34,73,PM25,UNHEALTHY
1577,202407,2024-07-26,jagakarsa,52,76,58,8,15,38,76,PM25,UNHEALTHY
1578,202407,2024-07-27,jagakarsa,60,91,59,9,19,32,91,PM25,UNHEALTHY
1579,202407,2024-07-28,jagakarsa,62,99,59,9,21,32,99,PM25,UNHEALTHY
1580,202407,2024-07-29,jagakarsa,54,15,59,8,22,33,59,SO2,UNHEALTHY
1581,202407,2024-07-30,jagakarsa,55,16,59,8,21,32,59,SO2,UNHEALTHY
1582,202407,2024-07-31,jagakarsa,62,16,28,26,21,28,62,PM10,UNHEALTHY
1583,202408,2024-08-01,jagakarsa,60,99,59,10,18,40,99,PM25,UNHEALTHY
1584,202408,2024-08-02,jagakarsa,45,73,58,10,11,44,73,PM25,UNHEALTHY
1585,202408,2024-08-03,jagakarsa,33,60,58,12,5,53,60,PM25,UNHEALTHY
1586,202408,2024-08-04,jagakarsa,45,65,58,14,4,59,65,PM25,UNHEALTHY
1587,202408,2024-08-05,jagakarsa,46,72,58,10,5,41,72,PM25,UNHEALTHY
1588,202408,2024-08-06,jagakarsa,53,80,58,10,6,38,80,PM25,UNHEALTHY
1589,202408,2024-08-07,jagakarsa,57,92,58,9,7,33,92,PM25,UNHEALTHY
1590,202408,2024-08-08,jagakarsa,69,112,59,14,9,48,112,PM25,UNHEALTHY
1591,202408,2024-08-09,jagakarsa,62,94,59,11,16,46,94,PM25,UNHEALTHY
1592,202408,2024-08-10,jagakarsa,54,84,59,9,19,31,84,PM25,UNHEALTHY
1593,202408,2024-08-11,jagakarsa,51,76,58,7,19,19,76,PM25,UNHEALTHY
1594,202408,2024-08-12,jagakarsa,43,74,59,7,22,29,74,PM25,UNHEALTHY
1595,202408,2024-08-13,jagakarsa,64,95,61,12,27,47,95,PM25,UNHEALTHY
1596,202408,2024-08-14,jagakarsa,62,96,61,11,32,40,96,PM25,UNHEALTHY
1597,202408,2024-08-15,jagakarsa,63,93,60,11,29,45,93,PM25,UNHEALTHY
1598,202408,2024-08-16,jagakarsa,58,94,60,10,32,44,94,PM25,UNHEALTHY
1599,202408,2024-08-17,jagakarsa,69,104,62,13,38,50,104,PM25,UNHEALTHY
1600,202408,2024-08-18,jagakarsa,66,104,61,11,36,38,104,PM25,UNHEALTHY
1601,202408,2024-08-19,jagakarsa,56,85,60,8,35,36,85,PM25,UNHEALTHY
1602,202408,2024-08-20,jagakarsa,64,103,62,11,32,50,103,PM25,UNHEALTHY
1603,202408,2024-08-21,jagakarsa,63,103,63,12,29,58,103,PM25,UNHEALTHY
1604,202408,2024-08-22,jagakarsa,62,89,63,9,31,48,89,PM25,UNHEALTHY
1605,202408,2024-08-23,jagakarsa,60,88,60,9,29,48,88,PM25,UNHEALTHY
1606,202408,2024-08-24,jagakarsa,59,92,60,9,32,32,92,PM25,UNHEALTHY
1607,202408,2024-08-25,jagakarsa,55,82,60,8,33,30,82,PM25,UNHEALTHY
1608,202408,2024-08-26,jagakarsa,60,90,60,12,26,50,90,PM25,UNHEALTHY
1609,202408,2024-08-27,jagakarsa,65,98,61,12,30,50,98,PM25,UNHEALTHY
1610,202408,2024-08-28,jagakarsa,54,80,61,8,37,39,80,PM25,UNHEALTHY
1611,202408,2024-08-29,jagakarsa,61,14,61,10,33,46,61,PM10,UNHEALTHY
1612,202408,2024-08-30,jagakarsa,59,15,61,11,32,50,61,SO2,UNHEALTHY
1613,202408,2024-08-31,jagakarsa,47,14,19,22,32,38,47,PM10,UNHEALTHY
1614,202409,2024-09-01,jagakarsa,54,79,61,9,33,45,79,PM25,UNHEALTHY
1615,202409,2024-09-02,jagakarsa,57,84,61,8,32,46,84,PM25,UNHEALTHY
1616,202409,2024-09-03,jagakarsa,51,72,60,8,29,42,72,PM25,UNHEALTHY
1617,202409,2024-09-04,jagakarsa,46,71,61,7,31,38,71,PM25,UNHEALTHY
1618,202409,2024-09-05,jagakarsa,51,66,61,7,23,41,66,PM25,UNHEALTHY
1619,202409,2024-09-06,jagakarsa,48,70,61,8,27,39,70,PM25,UNHEALTHY
1620,202409,2024-09-07,jagakarsa,56,74,61,7,26,38,74,PM25,UNHEALTHY
1621,202409,2024-09-08,jagakarsa,48,70,61,6,23,34,70,PM25,UNHEALTHY
1622,202409,2024-09-09,jagakarsa,44,61,61,6,24,34,61,PM25,UNHEALTHY
1623,202409,2024-09-10,jagakarsa,53,65,60,14,17,71,71,NO2,UNHEALTHY
1624,202409,2024-09-11,jagakarsa,34,-,60,8,20,44,60,SO2,UNHEALTHY
1625,202409,2024-09-12,jagakarsa,55,80,61,11,28,52,80,PM25,UNHEALTHY
1626,202409,2024-09-13,jagakarsa,51,68,60,10,26,51,68,PM25,UNHEALTHY
1627,202409,2024-09-14,jagakarsa,53,70,60,8,32,47,70,PM25,UNHEALTHY
1628,202409,2024-09-15,jagakarsa,51,74,61,8,33,44,74,PM25,UNHEALTHY
1629,202409,2024-09-16,jagakarsa,59,84,61,9,28,44,84,PM25,UNHEALTHY
1630,202409,2024-09-17,jagakarsa,59,84,59,11,32,25,84,PM25,UNHEALTHY
1631,202409,2024-09-18,jagakarsa,72,89,59,11,33,35,89,PM25,UNHEALTHY
1632,202409,2024-09-19,jagakarsa,67,87,59,8,34,25,87,PM25,UNHEALTHY
1633,202409,2024-09-20,jagakarsa,68,89,59,6,33,21,89,PM25,UNHEALTHY
1634,202409,2024-09-21,jagakarsa,74,97,59,5,34,14,97,PM25,UNHEALTHY
1635,202409,2024-09-22,jagakarsa,67,85,60,9,24,17,85,PM25,UNHEALTHY
1636,202409,2024-09-23,jagakarsa,60,74,59,9,21,16,74,PM25,UNHEALTHY
1637,202409,2024-09-24,jagakarsa,66,91,59,22,23,57,91,PM25,UNHEALTHY
1638,202409,2024-09-25,jagakarsa,57,75,59,15,21,42,75,PM25,UNHEALTHY
1639,202409,2024-09-26,jagakarsa,63,79,60,15,20,43,79,PM25,UNHEALTHY
1640,202409,2024-09-27,jagakarsa,58,74,59,9,22,15,74,PM25,UNHEALTHY
1641,202409,2024-09-28,jagakarsa,61,80,58,12,24,21,80,PM25,UNHEALTHY
1642,202409,2024-09-29,jagakarsa,52,67,59,11,22,21,67,PM25,UNHEALTHY
1643,202409,2024-09-30,jagakarsa,52,67,59,11,22,21,67,PM25,UNHEALTHY
1644,202410,2024-10-01,jagakarsa,62,91,62,13,25,61,91,PM25,UNHEALTHY
1645,202410,2024-10-02,jagakarsa,52,84,62,10,29,53,84,PM25,UNHEALTHY
1646,202410,2024-10-03,jagakarsa,49,81,63,11,23,56,81,PM25,UNHEALTHY
1647,202410,2024-10-04,jagakarsa,50,75,63,10,25,52,75,PM25,UNHEALTHY
1648,202410,2024-10-05,jagakarsa,39,69,62,10,27,48,69,PM25,UNHEALTHY
1649,202410,2024-10-06,jagakarsa,39,67,62,9,28,41,67,PM25,UNHEALTHY
1650,202410,2024-10-07,jagakarsa,78,115,63,19,23,70,115,PM25,UNHEALTHY
1651,202410,2024-10-08,jagakarsa,46,72,63,8,28,47,72,PM25,UNHEALTHY
1652,202410,2024-10-09,jagakarsa,53,78,62,9,29,43,78,PM25,UNHEALTHY
1653,202410,2024-10-10,jagakarsa,45,73,62,8,30,46,73,PM25,UNHEALTHY
1654,202410,2024-10-11,jagakarsa,52,79,63,15,27,68,79,PM25,UNHEALTHY
1655,202410,2024-10-12,jagakarsa,54,83,64,12,26,59,83,PM25,UNHEALTHY
1656,202410,2024-10-13,jagakarsa,58,86,63,12,27,52,86,PM25,UNHEALTHY
1657,202410,2024-10-14,jagakarsa,77,108,63,17,29,63,108,PM25,UNHEALTHY
1658,202410,2024-10-15,jagakarsa,50,72,63,9,33,44,72,PM25,UNHEALTHY
1659,202410,2024-10-16,jagakarsa,61,84,63,14,31,59,84,PM25,UNHEALTHY
1660,202410,2024-10-17,jagakarsa,37,64,64,8,36,45,64,PM25,UNHEALTHY
1661,202410,2024-10-18,jagakarsa,36,67,63,8,39,42,67,PM25,UNHEALTHY
1662,202410,2024-10-19,jagakarsa,60,94,64,12,36,63,94,PM25,UNHEALTHY
1663,202410,2024-10-20,jagakarsa,53,75,65,9,22,59,75,PM25,UNHEALTHY
1664,202410,2024-10-21,jagakarsa,33,69,63,7,28,35,69,PM25,UNHEALTHY
1665,202410,2024-10-22,jagakarsa,49,73,64,9,27,50,73,PM25,UNHEALTHY
1666,202410,2024-10-23,jagakarsa,43,72,64,7,36,46,72,PM25,UNHEALTHY
1667,202410,2024-10-24,jagakarsa,26,60,64,6,29,42,64,SO2,UNHEALTHY
1668,202410,2024-10-25,jagakarsa,53,69,64,9,25,58,69,PM25,UNHEALTHY
1669,202410,2024-10-26,jagakarsa,46,61,63,9,23,54,63,SO2,UNHEALTHY
1670,202410,2024-10-27,jagakarsa,44,72,66,8,29,52,72,PM25,UNHEALTHY
1671,202410,2024-10-28,jagakarsa,58,87,64,10,28,52,87,PM25,UNHEALTHY
1672,202410,2024-10-29,jagakarsa,45,11,64,10,28,54,64,SO2,UNHEALTHY
1673,202410,2024-10-30,jagakarsa,53,11,64,9,34,53,64,SO2,UNHEALTHY
1674,202410,2024-10-31,jagakarsa,51,11,24,26,31,41,51,PM10,UNHEALTHY
1675,202411,2024-11-01,jagakarsa,52,77,64,12,26,59,77,PM25,UNHEALTHY
1676,202411,2024-11-02,jagakarsa,58,84,65,13,24,71,84,PM25,UNHEALTHY
1677,202411,2024-11-03,jagakarsa,46,65,63,16,18,81,81,NO2,UNHEALTHY
1678,202411,2024-11-04,jagakarsa,40,60,63,15,26,77,77,NO2,UNHEALTHY
1679,202411,2024-11-05,jagakarsa,50,73,64,11,26,67,73,PM25,UNHEALTHY
1680,202411,2024-11-06,jagakarsa,35,55,64,10,23,60,64,SO2,UNHEALTHY
1681,202411,2024-11-07,jagakarsa,58,80,65,13,25,79,80,PM25,UNHEALTHY
1682,202411,2024-11-08,jagakarsa,59,83,64,12,31,58,83,PM25,UNHEALTHY
1683,202411,2024-11-09,jagakarsa,51,79,64,11,28,64,79,PM25,UNHEALTHY
1684,202411,2024-11-10,jagakarsa,41,63,64,13,22,67,67,NO2,UNHEALTHY
1685,202411,2024-11-11,jagakarsa,46,62,64,15,19,66,66,NO2,UNHEALTHY
1686,202411,2024-11-12,jagakarsa,30,51,63,13,19,82,82,NO2,UNHEALTHY
1687,202411,2024-11-13,jagakarsa,54,73,65,16,16,85,85,NO2,UNHEALTHY
1688,202411,2024-11-14,jagakarsa,74,102,68,16,16,92,102,PM25,UNHEALTHY
1689,202411,2024-11-15,jagakarsa,70,102,67,13,24,71,102,PM25,UNHEALTHY
1690,202411,2024-11-16,jagakarsa,67,87,65,14,22,64,87,PM25,UNHEALTHY
1691,202411,2024-11-17,jagakarsa,73,88,65,24,23,99,99,NO2,UNHEALTHY
1692,202411,2024-11-18,jagakarsa,50,57,64,11,19,64,64,SO2,UNHEALTHY
1693,202411,2024-11-19,jagakarsa,40,56,65,12,17,69,69,NO2,UNHEALTHY
1694,202411,2024-11-20,jagakarsa,35,51,66,11,26,72,72,NO2,UNHEALTHY
1695,202411,2024-11-21,jagakarsa,44,60,65,11,22,66,66,NO2,UNHEALTHY
1696,202411,2024-11-22,jagakarsa,49,61,65,10,18,58,65,SO2,UNHEALTHY
1697,202411,2024-11-23,jagakarsa,48,64,65,14,16,78,78,NO2,UNHEALTHY
1698,202411,2024-11-24,jagakarsa,48,55,65,11,13,68,68,NO2,UNHEALTHY
1699,202411,2024-11-25,jagakarsa,30,50,65,11,14,73,73,NO2,UNHEALTHY
1700,202411,2024-11-26,jagakarsa,40,60,65,10,17,71,71,NO2,UNHEALTHY
1701,202411,2024-11-27,jagakarsa,50,63,65,13,13,77,77,NO2,UNHEALTHY
1702,202411,2024-11-28,jagakarsa,-,-,-,-,-,-,-,,TIDAK ADA DATA
1703,202411,2024-11-29,jagakarsa,21,10,67,6,13,26,67,SO2,UNHEALTHY
1704,202411,2024-11-30,jagakarsa,35,10,67,7,10,34,67,SO2,UNHEALTHY
1705,202412,2024-12-01,jagakarsa,32,65,67,7,9,40,67,SO2,UNHEALTHY
1706,202412,2024-12-02,jagakarsa,19,52,67,6,9,33,67,SO2,UNHEALTHY
1707,202412,2024-12-03,jagakarsa,19,31,67,4,12,15,67,SO2,UNHEALTHY
1708,202412,2024-12-04,jagakarsa,30,45,67,7,10,22,67,SO2,UNHEALTHY
1709,202412,2024-12-05,jagakarsa,17,26,67,3,12,13,67,SO2,UNHEALTHY
1710,202412,2024-12-06,jagakarsa,26,47,68,4,11,17,68,SO2,UNHEALTHY
1711,202412,2024-12-07,jagakarsa,66,103,69,27,12,98,103,PM25,UNHEALTHY
1712,202412,2024-12-08,jagakarsa,38,67,68,15,18,57,68,SO2,UNHEALTHY
1713,202412,2024-12-09,jagakarsa,42,69,69,11,11,29,69,PM25,UNHEALTHY
1714,202412,2024-12-10,jagakarsa,38,56,68,12,7,61,68,SO2,UNHEALTHY
1715,202412,2024-12-11,jagakarsa,14,26,68,3,11,15,68,SO2,UNHEALTHY
1716,202412,2024-12-12,jagakarsa,19,40,68,3,13,10,68,SO2,UNHEALTHY
1717,202412,2024-12-13,jagakarsa,21,52,69,4,13,14,69,SO2,UNHEALTHY
1718,202412,2024-12-14,jagakarsa,22,40,68,4,11,15,68,SO2,UNHEALTHY
1719,202412,2024-12-15,jagakarsa,18,40,68,6,10,21,68,SO2,UNHEALTHY
1720,202412,2024-12-16,jagakarsa,27,48,68,5,10,21,68,SO2,UNHEALTHY
1721,202412,2024-12-17,jagakarsa,27,37,68,6,10,30,68,SO2,UNHEALTHY
1722,202412,2024-12-18,jagakarsa,50,67,69,8,8,59,69,SO2,UNHEALTHY
1723,202412,2024-12-19,jagakarsa,18,35,68,5,8,27,68,SO2,UNHEALTHY
1724,202412,2024-12-20,jagakarsa,25,46,69,5,10,32,69,SO2,UNHEALTHY
1725,202412,2024-12-21,jagakarsa,23,53,26,5,11,30,53,PM25,UNHEALTHY
1726,202412,2024-12-22,jagakarsa,53,80,16,11,13,31,80,PM25,UNHEALTHY
1727,202412,2024-12-23,jagakarsa,52,78,12,15,11,45,78,PM25,UNHEALTHY
1728,202412,2024-12-24,jagakarsa,38,55,12,9,10,33,55,PM25,UNHEALTHY
1729,202412,2024-12-25,jagakarsa,52,79,12,11,11,52,79,PM25,UNHEALTHY
1730,202412,2024-12-26,jagakarsa,39,62,12,11,9,35,62,PM25,UNHEALTHY
1731,202412,2024-12-27,jagakarsa,53,83,12,10,11,36,83,PM25,UNHEALTHY
1732,202412,2024-12-28,jagakarsa,64,101,14,9,11,35,101,PM25,UNHEALTHY
1733,202412,2024-12-29,jagakarsa,51,21,13,10,13,35,51,PM10,UNHEALTHY
1734,202412,2024-12-30,jagakarsa,35,10,13,5,12,13,35,PM10,UNHEALTHY
1735,202412,2024-12-31,jagakarsa,29,11,6,13,10,18,29,PM10,UNHEALTHY
1736,202501,2025-01-01,jagakarsa,49,73,-,8,10,27,73,PM25,MEDIUM
1737,202501,2025-01-02,jagakarsa,28,60,-,6,11,22,60,PM25,MEDIUM
1738,202501,2025-01-03,jagakarsa,38,69,-,8,13,35,69,PM25,MEDIUM
1739,202501,2025-01-04,jagakarsa,34,62,13,5,10,23,62,PM25,MEDIUM
1740,202501,2025-01-05,jagakarsa,41,68,13,7,9,35,68,PM25,MEDIUM
1741,202501,2025-01-06,jagakarsa,51,79,16,13,13,46,79,PM25,MEDIUM
1742,202501,2025-01-07,jagakarsa,51,71,13,8,10,38,71,PM25,MEDIUM
1743,202501,2025-01-08,jagakarsa,31,54,13,5,12,19,54,PM25,MEDIUM
1744,202501,2025-01-09,jagakarsa,20,51,14,8,13,26,51,PM25,MEDIUM
1745,202501,2025-01-10,jagakarsa,53,77,19,15,16,43,77,PM25,MEDIUM
1746,202501,2025-01-11,jagakarsa,29,63,11,8,23,9,63,PM25,MEDIUM
1747,202501,2025-01-12,jagakarsa,37,64,9,8,13,11,64,PM25,MEDIUM
1748,202501,2025-01-13,jagakarsa,36,59,8,8,10,18,59,PM25,MEDIUM
1749,202501,2025-01-14,jagakarsa,28,52,14,6,10,10,52,PM25,MEDIUM
1750,202501,2025-01-15,jagakarsa,35,56,11,9,10,33,56,PM25,MEDIUM
1751,202501,2025-01-16,jagakarsa,34,60,11,6,10,19,60,PM25,MEDIUM
1752,202501,2025-01-17,jagakarsa,33,59,14,7,11,16,59,PM25,MEDIUM
1753,202501,2025-01-18,jagakarsa,21,40,12,7,11,9,40,PM25,GOOD
1754,202501,2025-01-19,jagakarsa,19,40,12,6,11,17,40,PM25,GOOD
1755,202501,2025-01-20,jagakarsa,23,41,13,7,12,12,41,PM25,GOOD
1756,202501,2025-01-21,jagakarsa,40,58,13,14,11,56,58,PM25,MEDIUM
1757,202501,2025-01-22,jagakarsa,33,51,14,13,8,48,51,PM25,MEDIUM
1758,202501,2025-01-23,jagakarsa,57,90,23,20,13,81,90,PM25,MEDIUM
1759,202501,2025-01-24,jagakarsa,51,75,22,14,11,59,75,PM25,MEDIUM
1760,202501,2025-01-25,jagakarsa,31,57,20,11,9,51,57,PM25,MEDIUM
1761,202501,2025-01-26,jagakarsa,42,63,23,14,8,63,63,PM25,MEDIUM
1762,202501,2025-01-27,jagakarsa,26,54,20,6,9,18,54,PM25,MEDIUM
1763,202501,2025-01-28,jagakarsa,23,46,23,5,9,-,46,PM25,GOOD
1764,202501,2025-01-29,jagakarsa,25,40,24,10,9,27,40,PM25,GOOD
1765,202501,2025-01-30,jagakarsa,23,38,22,8,17,-,38,PM25,GOOD
1766,202501,2025-01-31,jagakarsa,32,55,23,10,18,16,55,PM25,MEDIUM
1767,202502,2025-02-01,jagakarsa,33,57,25,9,19,14,57,PM25,MEDIUM
1768,202502,2025-02-02,jagakarsa,41,68,24,13,17,21,68,PM25,MEDIUM
1769,202502,2025-02-03,jagakarsa,41,64,27,13,17,21,64,PM25,MEDIUM
1770,202502,2025-02-04,jagakarsa,54,84,35,15,16,45,84,PM25,MEDIUM
1771,202502,2025-02-05,jagakarsa,31,44,33,5,14,9,44,PM25,GOOD
1772,202502,2025-02-06,jagakarsa,25,50,36,6,15,7,50,PM25,GOOD
1773,202502,2025-02-07,jagakarsa,31,58,37,12,18,40,58,PM25,MEDIUM
1774,202502,2025-02-08,jagakarsa,35,56,41,10,16,18,56,PM25,MEDIUM
1775,202502,2025-02-09,jagakarsa,45,60,44,12,15,25,60,PM25,MEDIUM
1776,202502,2025-02-10,jagakarsa,49,69,44,13,16,27,69,PM25,MEDIUM
1777,202502,2025-02-11,jagakarsa,46,66,44,12,19,21,66,PM25,MEDIUM
1778,202502,2025-02-12,jagakarsa,57,85,48,14,19,28,85,PM25,MEDIUM
1779,202502,2025-02-13,jagakarsa,53,78,50,12,14,39,78,PM25,MEDIUM
1780,202502,2025-02-14,jagakarsa,47,71,51,9,12,42,71,PM25,MEDIUM
1781,202502,2025-02-15,jagakarsa,35,60,49,7,10,25,60,PM25,MEDIUM
1782,202502,2025-02-16,jagakarsa,61,92,-,-,-,-,92,PM25,MEDIUM
1783,202502,2025-02-17,jagakarsa,53,75,52,13,7,52,75,PM25,MEDIUM
1784,202502,2025-02-18,jagakarsa,45,68,-,-,-,-,68,PM25,MEDIUM
1785,202502,2025-02-19,jagakarsa,59,82,-,-,-,-,82,PM25,MEDIUM
1786,202502,2025-02-20,jagakarsa,32,56,50,9,11,28,56,PM25,MEDIUM
1787,202502,2025-02-21,jagakarsa,45,64,55,9,14,20,64,PM25,MEDIUM
1788,202502,2025-02-22,jagakarsa,40,70,54,8,9,20,70,PM25,MEDIUM
1789,202502,2025-02-23,jagakarsa,46,67,59,12,12,42,67,PM25,MEDIUM
1790,202502,2025-02-24,jagakarsa,45,70,52,18,19,40,70,PM25,MEDIUM
1791,202502,2025-02-25,jagakarsa,41,67,53,14,11,47,67,PM25,MEDIUM
1792,202502,2025-02-26,jagakarsa,46,65,57,11,11,51,65,PM25,MEDIUM
1793,202502,2025-02-27,jagakarsa,63,94,57,20,16,45,94,PM25,MEDIUM
1794,202502,2025-02-28,jagakarsa,34,61,61,11,25,20,61,PM25,MEDIUM
1795,202503,2025-03-01,jagakarsa,26,58,58,11,20,24,58,PM25,MEDIUM
1796,202503,2025-03-02,jagakarsa,57,94,59,18,26,26,94,PM25,MEDIUM
1797,202503,2025-03-03,jagakarsa,24,53,59,10,24,14,59,SO2,MEDIUM
1798,202503,2025-03-04,jagakarsa,19,46,-,-,-,-,46,PM25,GOOD
1799,202503,2025-03-05,jagakarsa,39,65,60,13,22,37,65,PM25,MEDIUM
1800,202503,2025-03-06,jagakarsa,59,99,60,19,23,59,99,PM25,MEDIUM
1801,202503,2025-03-07,jagakarsa,29,52,58,7,16,10,58,SO2,MEDIUM
1802,202503,2025-03-08,jagakarsa,42,72,60,9,17,25,72,PM25,MEDIUM
1803,202503,2025-03-09,jagakarsa,35,58,-,-,-,-,58,PM25,MEDIUM
1804,202503,2025-03-10,jagakarsa,42,67,-,-,-,-,67,PM25,MEDIUM
1805,202503,2025-03-11,jagakarsa,59,87,-,-,-,-,87,PM25,MEDIUM
1806,202503,2025-03-12,jagakarsa,40,64,59,16,22,46,64,PM25,MEDIUM
1807,202503,2025-03-13,jagakarsa,50,86,63,12,22,35,86,PM25,MEDIUM
1808,202503,2025-03-14,jagakarsa,40,63,58,11,12,32,63,PM25,MEDIUM
1809,202503,2025-03-15,jagakarsa,42,65,59,6,8,20,65,PM25,MEDIUM
1810,202503,2025-03-16,jagakarsa,32,53,58,8,8,0,58,SO2,MEDIUM
1811,202503,2025-03-17,jagakarsa,39,70,57,11,7,37,70,PM25,MEDIUM
1812,202503,2025-03-18,jagakarsa,20,40,55,7,13,21,55,SO2,MEDIUM
1813,202503,2025-03-19,jagakarsa,23,39,17,6,17,15,39,PM25,GOOD
1814,202503,2025-03-20,jagakarsa,35,56,26,7,15,35,56,PM25,MEDIUM
1815,202503,2025-03-21,jagakarsa,42,66,21,11,15,38,66,PM25,MEDIUM
1816,202503,2025-03-22,jagakarsa,56,87,19,11,13,27,87,PM25,MEDIUM
1817,202503,2025-03-23,jagakarsa,52,73,20,12,11,36,73,PM25,MEDIUM
1818,202503,2025-03-24,jagakarsa,43,65,21,12,15,24,65,PM25,MEDIUM
1819,202503,2025-03-25,jagakarsa,39,62,19,18,10,56,62,PM25,MEDIUM
1820,202503,2025-03-26,jagakarsa,56,84,21,16,15,34,84,PM25,MEDIUM
1821,202503,2025-03-27,jagakarsa,56,92,21,25,11,93,93,NO2,MEDIUM
1822,202503,2025-03-28,jagakarsa,33,53,19,13,8,29,53,PM25,MEDIUM
1823,202503,2025-03-29,jagakarsa,17,26,18,4,10,9,26,PM25,GOOD
1824,202503,2025-03-30,jagakarsa,31,28,18,8,8,36,36,NO2,GOOD
1825,202503,2025-03-31,jagakarsa,24,30,7,12,11,14,30,PM25,GOOD
1826,202504,2025-04-01,jagakarsa,19,50,17,7,12,18,50,PM25,GOOD
1827,202504,2025-04-02,jagakarsa,29,55,17,10,10,29,55,PM25,MEDIUM
1828,202504,2025-04-03,jagakarsa,21,54,17,10,19,46,54,PM25,MEDIUM
1829,202504,2025-04-04,jagakarsa,30,57,17,9,18,18,57,PM25,MEDIUM
1830,202504,2025-04-05,jagakarsa,42,68,23,9,19,17,68,PM25,MEDIUM
1831,202504,2025-04-06,jagakarsa,41,65,19,13,18,43,65,PM25,MEDIUM
1832,202504,2025-04-07,jagakarsa,26,53,19,13,21,32,53,PM25,MEDIUM
1833,202504,2025-04-08,jagakarsa,40,71,22,11,24,28,71,PM25,MEDIUM
1834,202504,2025-04-09,jagakarsa,49,78,22,12,21,25,78,PM25,MEDIUM
1835,202504,2025-04-10,jagakarsa,55,90,20,15,23,33,90,PM25,MEDIUM
1836,202504,2025-04-11,jagakarsa,41,70,19,17,23,40,70,PM25,MEDIUM
1837,202504,2025-04-12,jagakarsa,44,73,19,23,18,54,73,PM25,MEDIUM
1838,202504,2025-04-13,jagakarsa,35,61,19,13,20,25,61,PM25,MEDIUM
1839,202504,2025-04-14,jagakarsa,24,40,19,8,11,30,40,PM25,GOOD
1840,202504,2025-04-15,jagakarsa,35,61,24,9,15,25,61,PM25,MEDIUM
1841,202504,2025-04-16,jagakarsa,51,72,22,19,23,57,72,PM25,MEDIUM
1842,202504,2025-04-17,jagakarsa,-,-,-,-,-,-,-,,TIDAK ADA DATA
1843,202504,2025-04-18,jagakarsa,63,96,21,19,18,38,96,PM25,MEDIUM
1844,202504,2025-04-19,jagakarsa,40,70,22,14,16,39,70,PM25,MEDIUM
1845,202504,2025-04-20,jagakarsa,32,61,22,9,21,15,61,PM25,MEDIUM
1846,202504,2025-04-21,jagakarsa,0,57,27,8,13,33,57,PM25,MEDIUM
1847,202504,2025-04-22,jagakarsa,62,95,24,16,15,52,95,PM25,MEDIUM
1848,202504,2025-04-23,jagakarsa,59,84,23,18,11,74,84,PM25,MEDIUM
1849,202504,2025-04-24,jagakarsa,38,53,22,6,14,27,53,PM25,MEDIUM
1850,202504,2025-04-25,jagakarsa,40,60,22,13,14,58,60,PM25,MEDIUM
1851,202504,2025-04-26,jagakarsa,47,75,28,13,22,43,75,PM25,MEDIUM
1852,202504,2025-04-27,jagakarsa,44,70,24,14,25,38,70,PM25,MEDIUM
1853,202504,2025-04-28,jagakarsa,35,66,25,10,27,22,66,PM25,MEDIUM
1854,202504,2025-04-29,jagakarsa,43,70,26,11,27,22,70,PM25,MEDIUM
1855,202504,2025-04-30,jagakarsa,47,79,27,10,29,20,79,PM25,MEDIUM
1856,202505,2025-05-01,jagakarsa,53,84,27,12,30,21,84,PM25,MEDIUM
1857,202505,2025-05-02,jagakarsa,53,83,27,12,29,24,83,PM25,MEDIUM
1858,202505,2025-05-03,jagakarsa,51,77,30,11,27,22,77,PM25,MEDIUM
1859,202505,2025-05-04,jagakarsa,42,60,25,16,20,39,60,PM25,MEDIUM
1860,202505,2025-05-05,jagakarsa,64,97,28,20,20,50,97,PM25,MEDIUM
1861,202505,2025-05-06,jagakarsa,51,81,27,11,28,18,81,PM25,MEDIUM
1862,202505,2025-05-07,jagakarsa,48,77,26,19,-,44,77,PM25,MEDIUM
1863,202505,2025-05-08,jagakarsa,60,94,28,19,20,42,94,PM25,MEDIUM
1864,202505,2025-05-09,jagakarsa,45,66,25,12,18,26,66,PM25,MEDIUM
1865,202505,2025-05-10,jagakarsa,42,75,30,10,26,21,75,PM25,MEDIUM
1866,202505,2025-05-11,jagakarsa,61,84,26,23,15,73,84,PM25,MEDIUM
1867,202505,2025-05-12,jagakarsa,41,64,28,10,12,33,64,PM25,MEDIUM
1868,202505,2025-05-13,jagakarsa,48,71,27,9,12,34,71,PM25,MEDIUM
1869,202505,2025-05-14,jagakarsa,43,65,29,13,22,32,65,PM25,MEDIUM
1870,202505,2025-05-15,jagakarsa,45,66,28,12,27,27,66,PM25,MEDIUM
1871,202505,2025-05-16,jagakarsa,49,72,28,15,21,32,72,PM25,MEDIUM
1872,202505,2025-05-17,jagakarsa,52,71,30,14,16,53,71,PM25,MEDIUM
1873,202505,2025-05-18,jagakarsa,44,62,30,16,13,67,67,NO2,MEDIUM
1874,202505,2025-05-19,jagakarsa,40,64,34,11,19,34,64,PM25,MEDIUM
1875,202505,2025-05-20,jagakarsa,57,80,37,15,16,64,80,PM25,MEDIUM
1876,202505,2025-05-21,jagakarsa,67,101,34,18,15,51,101,PM25,UNHEALTHY
1877,202505,2025-05-22,jagakarsa,70,96,32,20,16,59,96,PM25,MEDIUM
1878,202505,2025-05-23,jagakarsa,43,59,30,10,15,50,59,PM25,MEDIUM
1879,202505,2025-05-24,jagakarsa,28,42,28,10,11,43,43,NO2,GOOD
1880,202505,2025-05-25,jagakarsa,52,71,34,17,11,66,71,PM25,MEDIUM
1881,202505,2025-05-26,jagakarsa,87,109,30,22,12,50,109,PM25,UNHEALTHY
1882,202505,2025-05-27,jagakarsa,56,67,30,10,10,29,67,PM25,MEDIUM
1883,202505,2025-05-28,jagakarsa,61,88,33,15,15,68,88,PM25,MEDIUM
1884,202505,2025-05-29,jagakarsa,58,87,39,13,31,50,87,PM25,MEDIUM
1885,202505,2025-05-30,jagakarsa,42,65,32,12,27,34,65,PM25,MEDIUM
1886,202505,2025-05-31,jagakarsa,55,84,33,14,22,48,84,PM25,MEDIUM
1887,202506,2025-06-01,jagakarsa,49,80,33,10,22,23,80,PM25,MEDIUM
1888,202506,2025-06-02,jagakarsa,68,98,38,14,22,40,98,PM25,MEDIUM
1889,202506,2025-06-03,jagakarsa,56,89,36,14,26,50,89,PM25,MEDIUM
1890,202506,2025-06-04,jagakarsa,93,133,33,26,21,59,133,PM25,UNHEALTHY
1891,202506,2025-06-05,jagakarsa,56,90,34,13,26,36,90,PM25,MEDIUM
1892,202506,2025-06-06,jagakarsa,60,98,35,15,27,38,98,PM25,MEDIUM
1893,202506,2025-06-07,jagakarsa,64,105,35,17,24,39,105,PM25,UNHEALTHY
1894,202506,2025-06-08,jagakarsa,55,82,35,14,24,39,82,PM25,MEDIUM
1895,202506,2025-06-09,jagakarsa,59,99,39,15,27,49,99,PM25,MEDIUM
1896,202506,2025-06-10,jagakarsa,58,95,41,12,25,40,95,PM25,MEDIUM
1897,202506,2025-06-11,jagakarsa,-,74,37,14,23,43,74,PM25,MEDIUM
1898,202506,2025-06-12,jagakarsa,55,84,40,12,21,47,84,PM25,MEDIUM
1899,202506,2025-06-13,jagakarsa,53,85,40,11,22,35,85,PM25,MEDIUM
1900,202506,2025-06-14,jagakarsa,48,82,39,9,23,26,82,PM25,MEDIUM
1901,202506,2025-06-15,jagakarsa,54,78,38,13,12,53,78,PM25,MEDIUM
1902,202506,2025-06-16,jagakarsa,58,84,38,16,17,53,84,PM25,MEDIUM
1903,202506,2025-06-17,jagakarsa,26,59,37,9,22,29,59,PM25,MEDIUM
1904,202506,2025-06-18,jagakarsa,24,51,34,10,14,40,51,PM25,MEDIUM
1905,202506,2025-06-19,jagakarsa,51,72,41,26,10,103,103,NO2,UNHEALTHY
1906,202506,2025-06-20,jagakarsa,69,96,44,22,18,83,96,PM25,MEDIUM
1907,202506,2025-06-21,jagakarsa,32,61,38,10,22,34,61,PM25,MEDIUM
1908,202506,2025-06-22,jagakarsa,59,88,41,20,20,60,88,PM25,MEDIUM
1909,202506,2025-06-23,jagakarsa,51,74,41,8,22,26,74,PM25,MEDIUM
1910,202506,2025-06-24,jagakarsa,63,90,43,14,17,53,90,PM25,MEDIUM
1911,202506,2025-06-25,jagakarsa,65,97,40,18,21,61,97,PM25,MEDIUM
1912,202506,2025-06-26,jagakarsa,52,72,40,17,20,65,72,PM25,MEDIUM
1913,202506,2025-06-27,jagakarsa,59,91,42,13,23,42,91,PM25,MEDIUM
1914,202506,2025-06-28,jagakarsa,69,103,43,16,25,44,103,PM25,UNHEALTHY
1915,202506,2025-06-29,jagakarsa,53,68,38,19,12,57,68,PM25,MEDIUM
1916,202506,2025-06-30,jagakarsa,79,89,41,24,15,59,89,PM25,MEDIUM
1917,202507,2025-07-01,jagakarsa,24,52,40,8,17,29,52,PM25,MEDIUM
1918,202507,2025-07-02,jagakarsa,43,61,40,16,16,58,61,PM25,MEDIUM
1919,202507,2025-07-03,jagakarsa,41,60,40,12,21,52,60,PM25,MEDIUM
1920,202507,2025-07-04,jagakarsa,29,56,39,11,24,45,56,PM25,MEDIUM
1921,202507,2025-07-05,jagakarsa,40,72,42,12,23,53,72,PM25,MEDIUM
1922,202507,2025-07-06,jagakarsa,27,55,41,9,26,34,55,PM25,MEDIUM
1923,202507,2025-07-07,jagakarsa,28,54,43,12,19,63,63,NO2,MEDIUM
1924,202507,2025-07-08,jagakarsa,28,49,42,10,18,59,59,NO2,MEDIUM
1925,202507,2025-07-09,jagakarsa,38,60,42,11,20,47,60,PM25,MEDIUM
1926,202507,2025-07-10,jagakarsa,35,61,45,11,25,47,61,PM25,MEDIUM
1927,202507,2025-07-11,jagakarsa,46,-,49,11,32,47,49,SO2,GOOD
1928,202507,2025-07-12,jagakarsa,77,105,50,16,31,60,105,PM25,UNHEALTHY
1929,202507,2025-07-13,jagakarsa,62,86,51,11,28,41,86,PM25,MEDIUM
1930,202507,2025-07-14,jagakarsa,47,69,47,12,21,52,69,PM25,MEDIUM
1931,202507,2025-07-15,jagakarsa,58,77,45,14,21,52,77,PM25,MEDIUM
1932,202507,2025-07-16,jagakarsa,52,71,47,20,21,86,86,NO2,MEDIUM
1933,202507,2025-07-17,jagakarsa,35,59,45,13,25,57,59,PM25,MEDIUM
1934,202507,2025-07-18,jagakarsa,52,77,50,14,27,56,77,PM25,MEDIUM
1935,202507,2025-07-19,jagakarsa,42,67,49,10,27,44,67,PM25,MEDIUM
1936,202507,2025-07-20,jagakarsa,43,69,50,9,29,51,69,PM25,MEDIUM
1937,202507,2025-07-21,jagakarsa,36,67,54,9,30,44,67,PM25,MEDIUM
1938,202507,2025-07-22,jagakarsa,52,77,51,10,26,48,77,PM25,MEDIUM
1939,202507,2025-07-23,jagakarsa,56,80,51,11,28,49,80,PM25,MEDIUM
1940,202507,2025-07-24,jagakarsa,60,82,51,13,25,52,82,PM25,MEDIUM
1941,202507,2025-07-25,jagakarsa,51,76,51,11,26,46,76,PM25,MEDIUM
1942,202507,2025-07-26,jagakarsa,56,76,52,11,28,44,76,PM25,MEDIUM
1943,202507,2025-07-27,jagakarsa,64,84,52,12,29,44,84,PM25,MEDIUM
1944,202507,2025-07-28,jagakarsa,51,65,49,12,25,43,65,PM25,MEDIUM
1945,202507,2025-07-29,jagakarsa,40,59,50,11,20,45,59,PM25,MEDIUM
1946,202507,2025-07-30,jagakarsa,23,57,50,8,26,31,57,PM25,MEDIUM
1947,202507,2025-07-31,jagakarsa,32,59,51,7,23,35,59,PM25,MEDIUM
1948,202508,2025-08-01,jagakarsa,48,65,54,9,26,43,65,PM25,MEDIUM
1949,202508,2025-08-02,jagakarsa,55,74,54,12,24,55,74,PM25,MEDIUM
1950,202508,2025-08-03,jagakarsa,54,71,51,11,25,41,71,PM25,MEDIUM
1951,202508,2025-08-04,jagakarsa,36,53,50,10,25,36,53,PM25,MEDIUM
1952,202508,2025-08-05,jagakarsa,40,52,50,16,18,64,64,NO2,MEDIUM
1953,202508,2025-08-06,jagakarsa,50,52,50,15,28,56,56,NO2,MEDIUM
1954,202508,2025-08-07,jagakarsa,62,63,51,17,23,71,71,NO2,MEDIUM
1955,202508,2025-08-08,jagakarsa,48,51,51,10,23,53,53,NO2,MEDIUM
1956,202508,2025-08-09,jagakarsa,56,60,53,15,22,64,64,NO2,MEDIUM
1957,202508,2025-08-10,jagakarsa,33,50,52,11,23,47,52,SO2,MEDIUM
1958,202508,2025-08-11,jagakarsa,40,53,51,12,25,44,53,PM25,MEDIUM
1959,202508,2025-08-12,jagakarsa,54,56,50,17,21,54,56,PM25,MEDIUM
1960,202508,2025-08-13,jagakarsa,47,57,52,21,18,70,70,NO2,MEDIUM
1961,202508,2025-08-14,jagakarsa,44,59,51,11,19,40,59,PM25,MEDIUM
1962,202508,2025-08-15,jagakarsa,38,57,54,10,24,39,57,PM25,MEDIUM
1963,202508,2025-08-16,jagakarsa,56,71,54,14,23,63,71,PM25,MEDIUM
1964,202508,2025-08-17,jagakarsa,55,65,54,10,27,37,65,PM25,MEDIUM
1965,202508,2025-08-18,jagakarsa,50,64,55,8,25,30,64,PM25,MEDIUM
1966,202508,2025-08-19,jagakarsa,47,58,51,13,14,64,64,NO2,MEDIUM
1967,202508,2025-08-20,jagakarsa,61,107,55,15,24,60,107,PM25,UNHEALTHY
1968,202508,2025-08-21,jagakarsa,39,70,52,21,12,99,99,NO2,MEDIUM
1969,202508,2025-08-22,jagakarsa,43,73,54,9,21,34,73,PM25,MEDIUM
1970,202508,2025-08-23,jagakarsa,61,103,54,18,20,80,103,PM25,UNHEALTHY
1971,202508,2025-08-24,jagakarsa,44,82,53,13,19,57,82,PM25,MEDIUM
1972,202508,2025-08-25,jagakarsa,59,101,52,17,26,64,101,PM25,UNHEALTHY
1973,202508,2025-08-26,jagakarsa,49,79,52,17,25,72,79,PM25,MEDIUM
1974,202508,2025-08-27,jagakarsa,65,110,53,15,24,61,110,PM25,UNHEALTHY
1975,202508,2025-08-28,jagakarsa,23,64,53,7,21,44,64,PM25,MEDIUM
1976,202508,2025-08-29,jagakarsa,26,62,53,8,25,41,62,PM25,MEDIUM
1977,202508,2025-08-30,jagakarsa,21,59,53,8,23,46,59,PM25,MEDIUM
1978,202508,2025-08-31,jagakarsa,28,60,53,8,19,39,60,PM25,MEDIUM
1979,202509,2025-09-01,jagakarsa,45,83,55,11,23,45,83,PM25,MEDIUM
1980,202509,2025-09-02,jagakarsa,51,90,56,9,23,45,90,PM25,MEDIUM
1981,202509,2025-09-03,jagakarsa,50,86,56,11,20,52,86,PM25,MEDIUM
1982,202509,2025-09-04,jagakarsa,42,74,56,6,25,28,74,PM25,MEDIUM
1983,202509,2025-09-05,jagakarsa,54,91,55,10,23,49,91,PM25,MEDIUM
1984,202509,2025-09-06,jagakarsa,44,82,54,9,31,38,82,PM25,MEDIUM
1985,202509,2025-09-07,jagakarsa,52,83,53,9,28,35,83,PM25,MEDIUM
1986,202509,2025-09-08,jagakarsa,50,92,55,12,29,52,92,PM25,MEDIUM
1987,202509,2025-09-09,jagakarsa,51,84,54,11,24,49,84,PM25,MEDIUM
1988,202509,2025-09-10,jagakarsa,49,80,55,13,21,60,80,PM25,MEDIUM
1989,202509,2025-09-11,jagakarsa,47,73,53,13,17,58,73,PM25,MEDIUM
1990,202509,2025-09-12,jagakarsa,57,96,53,15,14,60,96,PM25,MEDIUM
1991,202509,2025-09-13,jagakarsa,33,67,54,12,20,59,67,PM25,MEDIUM
1992,202509,2025-09-14,jagakarsa,48,92,56,10,24,41,92,PM25,MEDIUM
1993,202509,2025-09-15,jagakarsa,28,74,55,7,33,29,74,PM25,MEDIUM
1994,202509,2025-09-16,jagakarsa,51,90,55,12,26,55,90,PM25,MEDIUM
1995,202509,2025-09-17,jagakarsa,50,90,56,12,26,52,90,PM25,MEDIUM
1996,202509,2025-09-18,jagakarsa,39,82,55,19,15,83,83,NO2,MEDIUM
1997,202509,2025-09-19,jagakarsa,73,-,57,22,19,85,85,NO2,MEDIUM
1998,202509,2025-09-20,jagakarsa,66,102,57,20,13,97,102,PM25,UNHEALTHY
1999,202509,2025-09-21,jagakarsa,54,79,59,15,14,78,79,PM25,MEDIUM
2000,202509,2025-09-22,jagakarsa,57,89,57,21,16,83,89,PM25,MEDIUM
2001,202509,2025-09-23,jagakarsa,36,73,56,12,26,56,73,PM25,MEDIUM
2002,202509,2025-09-24,jagakarsa,47,89,57,12,28,55,89,PM25,MEDIUM
2003,202509,2025-09-25,jagakarsa,50,91,57,12,25,56,91,PM25,MEDIUM
2004,202509,2025-09-26,jagakarsa,53,79,55,11,26,43,79,PM25,MEDIUM
2005,202509,2025-09-27,jagakarsa,38,76,57,11,24,51,76,PM25,MEDIUM
2006,202509,2025-09-28,jagakarsa,48,71,56,12,16,54,71,PM25,MEDIUM
2007,202509,2025-09-29,jagakarsa,55,93,57,15,16,65,93,PM25,MEDIUM
2008,202509,2025-09-30,jagakarsa,33,61,56,18,8,79,79,NO2,MEDIUM
2009,202301,2023-01-01,jalan bdn ii,18,10,0,0,0,39,39,NO2,GOOD
2010,202301,2023-01-02,jalan bdn ii,11,7,0,0,0,28,28,NO2,GOOD
2011,202301,2023-01-03,jalan bdn ii,7,4,0,0,0,16,16,NO2,GOOD
2012,202301,2023-01-04,jalan bdn ii,24,13,0,0,0,48,48,NO2,GOOD
2013,202301,2023-01-05,jalan bdn ii,18,11,0,0,0,44,44,NO2,GOOD
2014,202301,2023-01-06,jalan bdn ii,12,7,0,0,0,28,28,NO2,GOOD
2015,202301,2023-01-07,jalan bdn ii,10,5,0,0,0,22,22,NO2,GOOD
2016,202301,2023-01-08,jalan bdn ii,12,7,0,0,0,28,28,NO2,GOOD
2017,202301,2023-01-09,jalan bdn ii,12,6,0,0,0,25,25,NO2,GOOD
2018,202301,2023-01-10,jalan bdn ii,13,7,0,0,0,29,29,NO2,GOOD
2019,202301,2023-01-11,jalan bdn ii,23,12,0,0,0,46,46,NO2,GOOD
2020,202301,2023-01-12,jalan bdn ii,21,14,0,0,0,51,51,NO2,MEDIUM
2021,202301,2023-01-13,jalan bdn ii,34,23,0,0,0,74,74,NO2,MEDIUM
2022,202301,2023-01-14,jalan bdn ii,22,14,0,0,0,51,51,NO2,MEDIUM
2023,202301,2023-01-15,jalan bdn ii,14,7,0,0,0,28,28,NO2,GOOD
2024,202301,2023-01-16,jalan bdn ii,15,7,0,0,0,31,31,NO2,GOOD
2025,202301,2023-01-17,jalan bdn ii,32,18,0,0,0,59,59,NO2,MEDIUM
2026,202301,2023-01-18,jalan bdn ii,27,16,0,0,0,58,58,NO2,MEDIUM
2027,202301,2023-01-19,jalan bdn ii,26,16,0,0,0,54,54,NO2,MEDIUM
2028,202301,2023-01-20,jalan bdn ii,14,8,0,0,0,32,32,NO2,GOOD
2029,202301,2023-01-21,jalan bdn ii,18,11,0,0,0,41,41,NO2,GOOD
2030,202301,2023-01-22,jalan bdn ii,7,4,0,0,0,17,17,NO2,GOOD
2031,202301,2023-01-23,jalan bdn ii,7,3,0,0,0,14,14,NO2,GOOD
2032,202301,2023-01-24,jalan bdn ii,7,4,0,0,0,15,15,NO2,GOOD
2033,202301,2023-01-25,jalan bdn ii,12,5,0,0,0,22,22,NO2,GOOD
2034,202301,2023-01-26,jalan bdn ii,20,12,0,0,0,45,45,NO2,GOOD
2035,202301,2023-01-27,jalan bdn ii,24,14,0,0,0,51,51,NO2,MEDIUM
2036,202301,2023-01-28,jalan bdn ii,47,31,0,0,0,85,85,NO2,MEDIUM
2037,202301,2023-01-29,jalan bdn ii,24,14,0,0,0,47,47,NO2,GOOD
2038,202301,2023-01-30,jalan bdn ii,29,19,0,0,0,64,64,NO2,MEDIUM
2039,202301,2023-01-31,jalan bdn ii,33,23,0,0,0,73,73,NO2,MEDIUM
2040,202302,2023-02-01,jalan bdn ii,19,12,0,0,0,47,47,NO2,GOOD
2041,202302,2023-02-02,jalan bdn ii,20,13,0,0,0,51,51,NO2,MEDIUM
2042,202302,2023-02-03,jalan bdn ii,17,9,0,0,0,39,39,NO2,GOOD
2043,202302,2023-02-04,jalan bdn ii,29,17,0,0,0,61,61,NO2,MEDIUM
2044,202302,2023-02-05,jalan bdn ii,18,10,0,0,0,41,41,NO2,GOOD
2045,202302,2023-02-06,jalan bdn ii,17,9,0,0,0,36,36,NO2,GOOD
2046,202302,2023-02-07,jalan bdn ii,24,16,0,0,0,54,54,NO2,MEDIUM
2047,202302,2023-02-08,jalan bdn ii,14,8,0,0,0,30,30,NO2,GOOD
2048,202302,2023-02-09,jalan bdn ii,10,5,0,0,0,22,22,NO2,GOOD
2049,202302,2023-02-10,jalan bdn ii,12,7,0,0,0,27,27,NO2,GOOD
2050,202302,2023-02-11,jalan bdn ii,11,7,0,0,0,28,28,NO2,GOOD
2051,202302,2023-02-12,jalan bdn ii,16,7,0,0,0,32,32,NO2,GOOD
2052,202302,2023-02-13,jalan bdn ii,-,-,-,-,-,-,-,,TIDAK ADA DATA
2053,202302,2023-02-14,jalan bdn ii,-,-,-,-,-,-,-,,TIDAK ADA DATA
2054,202302,2023-02-15,jalan bdn ii,-,-,-,-,-,-,-,,TIDAK ADA DATA
2055,202302,2023-02-16,jalan bdn ii,-,-,-,-,-,-,-,,TIDAK ADA DATA
2056,202302,2023-02-17,jalan bdn ii,-,-,-,-,-,-,-,,TIDAK ADA DATA
2057,202302,2023-02-18,jalan bdn ii,-,-,-,-,-,-,-,,TIDAK ADA DATA
2058,202302,2023-02-19,jalan bdn ii,-,-,-,-,-,-,-,,TIDAK ADA DATA
2059,202302,2023-02-20,jalan bdn ii,-,-,-,-,-,-,-,,TIDAK ADA DATA
2060,202302,2023-02-21,jalan bdn ii,-,-,-,-,-,-,-,,TIDAK ADA DATA
2061,202302,2023-02-22,jalan bdn ii,-,-,-,-,-,-,-,,TIDAK ADA DATA
2062,202302,2023-02-23,jalan bdn ii,-,-,-,-,-,-,-,,TIDAK ADA DATA
2063,202302,2023-02-24,jalan bdn ii,-,-,-,-,-,-,-,,TIDAK ADA DATA
2064,202302,2023-02-25,jalan bdn ii,-,-,-,-,-,-,-,,TIDAK ADA DATA
2065,202302,2023-02-26,jalan bdn ii,-,-,-,-,-,-,-,,TIDAK ADA DATA
2066,202302,2023-02-27,jalan bdn ii,-,-,-,-,-,-,-,,TIDAK ADA DATA
2067,202302,2023-02-28,jalan bdn ii,-,-,-,-,-,-,-,,TIDAK ADA DATA
2068,202303,2023-03-01,jalan bdn ii,-,-,-,-,-,-,-,,TIDAK ADA DATA
2069,202303,2023-03-02,jalan bdn ii,-,-,-,-,-,-,-,,TIDAK ADA DATA
2070,202303,2023-03-03,jalan bdn ii,-,-,-,-,-,-,-,,TIDAK ADA DATA
2071,202303,2023-03-04,jalan bdn ii,-,-,-,-,-,-,-,,TIDAK ADA DATA
2072,202303,2023-03-05,jalan bdn ii,-,-,-,-,-,-,-,,TIDAK ADA DATA
2073,202303,2023-03-06,jalan bdn ii,-,-,-,-,-,-,-,,TIDAK ADA DATA
2074,202303,2023-03-07,jalan bdn ii,-,-,-,-,-,-,-,,TIDAK ADA DATA
2075,202303,2023-03-08,jalan bdn ii,-,-,-,-,-,-,-,,TIDAK ADA DATA
2076,202303,2023-03-09,jalan bdn ii,-,-,-,-,-,-,-,,TIDAK ADA DATA
2077,202303,2023-03-10,jalan bdn ii,-,-,-,-,-,-,-,,TIDAK ADA DATA
2078,202303,2023-03-11,jalan bdn ii,-,-,-,-,-,-,-,,TIDAK ADA DATA
2079,202303,2023-03-12,jalan bdn ii,-,-,-,-,-,-,-,,TIDAK ADA DATA
2080,202303,2023-03-13,jalan bdn ii,-,-,-,-,-,-,-,,TIDAK ADA DATA
2081,202303,2023-03-14,jalan bdn ii,-,-,-,-,-,-,-,,TIDAK ADA DATA
2082,202303,2023-03-15,jalan bdn ii,-,-,-,-,-,-,-,,TIDAK ADA DATA
2083,202303,2023-03-16,jalan bdn ii,-,-,-,-,-,-,-,,TIDAK ADA DATA
2084,202303,2023-03-17,jalan bdn ii,-,-,-,-,-,-,-,,TIDAK ADA DATA
2085,202303,2023-03-18,jalan bdn ii,-,-,-,-,-,-,-,,TIDAK ADA DATA
2086,202303,2023-03-19,jalan bdn ii,-,-,-,-,-,-,-,,TIDAK ADA DATA
2087,202303,2023-03-20,jalan bdn ii,-,-,-,-,-,-,-,,TIDAK ADA DATA
2088,202303,2023-03-21,jalan bdn ii,-,-,-,-,-,-,-,,TIDAK ADA DATA
2089,202303,2023-03-22,jalan bdn ii,-,-,-,-,-,-,-,,TIDAK ADA DATA
2090,202303,2023-03-23,jalan bdn ii,-,-,-,-,-,-,-,,TIDAK ADA DATA
2091,202303,2023-03-24,jalan bdn ii,-,-,-,-,-,-,-,,TIDAK ADA DATA
2092,202303,2023-03-25,jalan bdn ii,-,-,-,-,-,-,-,,TIDAK ADA DATA
2093,202303,2023-03-26,jalan bdn ii,-,-,-,-,-,-,-,,TIDAK ADA DATA
2094,202303,2023-03-27,jalan bdn ii,-,-,-,-,-,-,-,,TIDAK ADA DATA
2095,202303,2023-03-28,jalan bdn ii,-,-,-,-,-,-,-,,TIDAK ADA DATA
2096,202303,2023-03-29,jalan bdn ii,-,-,-,-,-,-,-,,TIDAK ADA DATA
2097,202303,2023-03-30,jalan bdn ii,-,-,-,-,-,-,-,,TIDAK ADA DATA
2098,202303,2023-03-31,jalan bdn ii,-,-,-,-,-,-,-,,TIDAK ADA DATA
2099,202304,2023-04-01,jalan bdn ii,-,-,-,-,-,-,-,,TIDAK ADA DATA
2100,202304,2023-04-02,jalan bdn ii,-,-,-,-,-,-,-,,TIDAK ADA DATA
2101,202304,2023-04-03,jalan bdn ii,-,-,-,-,-,-,-,,TIDAK ADA DATA
2102,202304,2023-04-04,jalan bdn ii,-,-,-,-,-,-,-,,TIDAK ADA DATA
2103,202304,2023-04-05,jalan bdn ii,-,-,-,-,-,-,-,,TIDAK ADA DATA
2104,202304,2023-04-06,jalan bdn ii,-,-,-,-,-,-,-,,TIDAK ADA DATA
2105,202304,2023-04-07,jalan bdn ii,-,-,-,-,-,-,-,,TIDAK ADA DATA
2106,202304,2023-04-08,jalan bdn ii,-,-,-,-,-,-,-,,TIDAK ADA DATA
2107,202304,2023-04-09,jalan bdn ii,-,-,-,-,-,-,-,,TIDAK ADA DATA
2108,202304,2023-04-10,jalan bdn ii,-,-,-,-,-,-,-,,TIDAK ADA DATA
2109,202304,2023-04-11,jalan bdn ii,-,-,-,-,-,-,-,,TIDAK ADA DATA
2110,202304,2023-04-12,jalan bdn ii,-,-,-,-,-,-,-,,TIDAK ADA DATA
2111,202304,2023-04-13,jalan bdn ii,-,-,-,-,-,-,-,,TIDAK ADA DATA
2112,202304,2023-04-14,jalan bdn ii,-,-,-,-,-,-,-,,TIDAK ADA DATA
2113,202304,2023-04-15,jalan bdn ii,-,-,-,-,-,-,-,,TIDAK ADA DATA
2114,202304,2023-04-16,jalan bdn ii,-,-,-,-,-,-,-,,TIDAK ADA DATA
2115,202304,2023-04-17,jalan bdn ii,-,-,-,-,-,-,-,,TIDAK ADA DATA
2116,202304,2023-04-18,jalan bdn ii,-,-,-,-,-,-,-,,TIDAK ADA DATA
2117,202304,2023-04-19,jalan bdn ii,-,-,-,-,-,-,-,,TIDAK ADA DATA
2118,202304,2023-04-20,jalan bdn ii,-,-,-,-,-,-,-,,TIDAK ADA DATA
2119,202304,2023-04-21,jalan bdn ii,-,-,-,-,-,-,-,,TIDAK ADA DATA
2120,202304,2023-04-22,jalan bdn ii,-,-,-,-,-,-,-,,TIDAK ADA DATA
2121,202304,2023-04-23,jalan bdn ii,-,-,-,-,-,-,-,,TIDAK ADA DATA
2122,202304,2023-04-24,jalan bdn ii,-,-,-,-,-,-,-,,TIDAK ADA DATA
2123,202304,2023-04-25,jalan bdn ii,-,-,-,-,-,-,-,,TIDAK ADA DATA
2124,202304,2023-04-26,jalan bdn ii,-,-,-,-,-,-,-,,TIDAK ADA DATA
2125,202304,2023-04-27,jalan bdn ii,-,-,-,-,-,-,-,,TIDAK ADA DATA
2126,202304,2023-04-28,jalan bdn ii,-,-,-,-,-,-,-,,TIDAK ADA DATA
2127,202304,2023-04-29,jalan bdn ii,-,-,-,-,-,-,-,,TIDAK ADA DATA
2128,202304,2023-04-30,jalan bdn ii,-,-,-,-,-,-,-,,TIDAK ADA DATA
2129,202305,2023-05-01,jalan bdn ii,-,-,-,-,-,-,-,,TIDAK ADA DATA
2130,202305,2023-05-02,jalan bdn ii,-,-,-,-,-,-,-,,TIDAK ADA DATA
2131,202305,2023-05-03,jalan bdn ii,-,-,-,-,-,-,-,,TIDAK ADA DATA
2132,202305,2023-05-04,jalan bdn ii,-,-,-,-,-,-,-,,TIDAK ADA DATA
2133,202305,2023-05-05,jalan bdn ii,-,-,-,-,-,-,-,,TIDAK ADA DATA
2134,202305,2023-05-06,jalan bdn ii,-,-,-,-,-,-,-,,TIDAK ADA DATA
2135,202305,2023-05-07,jalan bdn ii,-,-,-,-,-,-,-,,TIDAK ADA DATA
2136,202305,2023-05-08,jalan bdn ii,-,-,-,-,-,-,-,,TIDAK ADA DATA
2137,202305,2023-05-09,jalan bdn ii,-,-,-,-,-,-,-,,TIDAK ADA DATA
2138,202305,2023-05-10,jalan bdn ii,-,-,-,-,-,-,-,,TIDAK ADA DATA
2139,202305,2023-05-11,jalan bdn ii,-,-,-,-,-,-,-,,TIDAK ADA DATA
2140,202305,2023-05-12,jalan bdn ii,-,-,-,-,-,-,-,,TIDAK ADA DATA
2141,202305,2023-05-13,jalan bdn ii,-,-,-,-,-,-,-,,TIDAK ADA DATA
2142,202305,2023-05-14,jalan bdn ii,-,-,-,-,-,-,-,,TIDAK ADA DATA
2143,202305,2023-05-15,jalan bdn ii,-,-,-,-,-,-,-,,TIDAK ADA DATA
2144,202305,2023-05-16,jalan bdn ii,-,-,-,-,-,-,-,,TIDAK ADA DATA
2145,202305,2023-05-17,jalan bdn ii,-,-,-,-,-,-,-,,TIDAK ADA DATA
2146,202305,2023-05-18,jalan bdn ii,-,-,-,-,-,-,-,,TIDAK ADA DATA
2147,202305,2023-05-19,jalan bdn ii,-,-,-,-,-,-,-,,TIDAK ADA DATA
2148,202305,2023-05-20,jalan bdn ii,-,-,-,-,-,-,-,,TIDAK ADA DATA
2149,202305,2023-05-21,jalan bdn ii,-,-,-,-,-,-,-,,TIDAK ADA DATA
2150,202305,2023-05-22,jalan bdn ii,-,-,-,-,-,-,-,,TIDAK ADA DATA
2151,202305,2023-05-23,jalan bdn ii,-,-,-,-,-,-,-,,TIDAK ADA DATA
2152,202305,2023-05-24,jalan bdn ii,-,-,-,-,-,-,-,,TIDAK ADA DATA
2153,202305,2023-05-25,jalan bdn ii,-,-,-,-,-,-,-,,TIDAK ADA DATA
2154,202305,2023-05-26,jalan bdn ii,-,-,-,-,-,-,-,,TIDAK ADA DATA
2155,202305,2023-05-27,jalan bdn ii,-,-,-,-,-,-,-,,TIDAK ADA DATA
2156,202305,2023-05-28,jalan bdn ii,-,-,-,-,-,-,-,,TIDAK ADA DATA
2157,202305,2023-05-29,jalan bdn ii,-,-,-,-,-,-,-,,TIDAK ADA DATA
2158,202305,2023-05-30,jalan bdn ii,-,-,-,-,-,-,-,,TIDAK ADA DATA
2159,202305,2023-05-31,jalan bdn ii,-,-,-,-,-,-,-,,TIDAK ADA DATA
2160,202306,2023-06-01,jalan bdn ii,-,-,-,-,-,-,-,,TIDAK ADA DATA
2161,202306,2023-06-02,jalan bdn ii,-,-,-,-,-,-,-,,TIDAK ADA DATA
2162,202306,2023-06-03,jalan bdn ii,-,-,-,-,-,-,-,,TIDAK ADA DATA
2163,202306,2023-06-04,jalan bdn ii,-,-,-,-,-,-,-,,TIDAK ADA DATA
2164,202306,2023-06-05,jalan bdn ii,-,-,-,-,-,-,-,,TIDAK ADA DATA
2165,202306,2023-06-06,jalan bdn ii,-,-,-,-,-,-,-,,TIDAK ADA DATA
2166,202306,2023-06-07,jalan bdn ii,-,-,-,-,-,-,-,,TIDAK ADA DATA
2167,202306,2023-06-08,jalan bdn ii,-,-,-,-,-,-,-,,TIDAK ADA DATA
2168,202306,2023-06-09,jalan bdn ii,-,-,-,-,-,-,-,,TIDAK ADA DATA
2169,202306,2023-06-10,jalan bdn ii,-,-,-,-,-,-,-,,TIDAK ADA DATA
2170,202306,2023-06-11,jalan bdn ii,-,-,-,-,-,-,-,,TIDAK ADA DATA
2171,202306,2023-06-12,jalan bdn ii,-,-,-,-,-,-,-,,TIDAK ADA DATA
2172,202306,2023-06-13,jalan bdn ii,-,-,-,-,-,-,-,,TIDAK ADA DATA
2173,202306,2023-06-14,jalan bdn ii,-,-,-,-,-,-,-,,TIDAK ADA DATA
2174,202306,2023-06-15,jalan bdn ii,-,-,-,-,-,-,-,,TIDAK ADA DATA
2175,202306,2023-06-16,jalan bdn ii,-,-,-,-,-,-,-,,TIDAK ADA DATA
2176,202306,2023-06-17,jalan bdn ii,-,-,-,-,-,-,-,,TIDAK ADA DATA
2177,202306,2023-06-18,jalan bdn ii,-,-,-,-,-,-,-,,TIDAK ADA DATA
2178,202306,2023-06-19,jalan bdn ii,-,-,-,-,-,-,-,,TIDAK ADA DATA
2179,202306,2023-06-20,jalan bdn ii,-,-,-,-,-,-,-,,TIDAK ADA DATA
2180,202306,2023-06-21,jalan bdn ii,-,-,-,-,-,-,-,,TIDAK ADA DATA
2181,202306,2023-06-22,jalan bdn ii,-,-,-,-,-,-,-,,TIDAK ADA DATA
2182,202306,2023-06-23,jalan bdn ii,-,-,-,-,-,-,-,,TIDAK ADA DATA
2183,202306,2023-06-24,jalan bdn ii,-,-,-,-,-,-,-,,TIDAK ADA DATA
2184,202306,2023-06-25,jalan bdn ii,-,-,-,-,-,-,-,,TIDAK ADA DATA
2185,202306,2023-06-26,jalan bdn ii,-,-,-,-,-,-,-,,TIDAK ADA DATA
2186,202306,2023-06-27,jalan bdn ii,-,-,-,-,-,-,-,,TIDAK ADA DATA
2187,202306,2023-06-28,jalan bdn ii,-,-,-,-,-,-,-,,TIDAK ADA DATA
2188,202306,2023-06-29,jalan bdn ii,-,-,-,-,-,-,-,,TIDAK ADA DATA
2189,202306,2023-06-30,jalan bdn ii,-,-,-,-,-,-,-,,TIDAK ADA DATA
2190,202307,2023-07-01,jalan bdn ii,-,-,-,-,-,-,-,,TIDAK ADA DATA
2191,202307,2023-07-02,jalan bdn ii,-,-,-,-,-,-,-,,TIDAK ADA DATA
2192,202307,2023-07-03,jalan bdn ii,-,-,-,-,-,-,-,,TIDAK ADA DATA
2193,202307,2023-07-04,jalan bdn ii,-,-,-,-,-,-,-,,TIDAK ADA DATA
2194,202307,2023-07-05,jalan bdn ii,-,-,-,-,-,-,-,,TIDAK ADA DATA
2195,202307,2023-07-06,jalan bdn ii,-,-,-,-,-,-,-,,TIDAK ADA DATA
2196,202307,2023-07-07,jalan bdn ii,-,-,-,-,-,-,-,,TIDAK ADA DATA
2197,202307,2023-07-08,jalan bdn ii,-,-,-,-,-,-,-,,TIDAK ADA DATA
2198,202307,2023-07-09,jalan bdn ii,-,-,-,-,-,-,-,,TIDAK ADA DATA
2199,202307,2023-07-10,jalan bdn ii,-,-,-,-,-,-,-,,TIDAK ADA DATA
2200,202307,2023-07-11,jalan bdn ii,-,-,-,-,-,-,-,,TIDAK ADA DATA
2201,202307,2023-07-12,jalan bdn ii,-,-,-,-,-,-,-,,TIDAK ADA DATA
2202,202307,2023-07-13,jalan bdn ii,-,-,-,-,-,-,-,,TIDAK ADA DATA
2203,202307,2023-07-14,jalan bdn ii,-,-,-,-,-,-,-,,TIDAK ADA DATA
2204,202307,2023-07-15,jalan bdn ii,-,-,-,-,-,-,-,,TIDAK ADA DATA
2205,202307,2023-07-16,jalan bdn ii,-,-,-,-,-,-,-,,TIDAK ADA DATA
2206,202307,2023-07-17,jalan bdn ii,-,-,-,-,-,-,-,,TIDAK ADA DATA
2207,202307,2023-07-18,jalan bdn ii,-,-,-,-,-,-,-,,TIDAK ADA DATA
2208,202307,2023-07-19,jalan bdn ii,-,-,-,-,-,-,-,,TIDAK ADA DATA
2209,202307,2023-07-20,jalan bdn ii,-,-,-,-,-,-,-,,TIDAK ADA DATA
2210,202307,2023-07-21,jalan bdn ii,-,-,-,-,-,-,-,,TIDAK ADA DATA
2211,202307,2023-07-22,jalan bdn ii,-,-,-,-,-,-,-,,TIDAK ADA DATA
2212,202307,2023-07-23,jalan bdn ii,-,-,-,-,-,-,-,,TIDAK ADA DATA
2213,202307,2023-07-24,jalan bdn ii,-,-,-,-,-,-,-,,TIDAK ADA DATA
2214,202307,2023-07-25,jalan bdn ii,-,-,-,-,-,-,-,,TIDAK ADA DATA
2215,202307,2023-07-26,jalan bdn ii,-,-,-,-,-,-,-,,TIDAK ADA DATA
2216,202307,2023-07-27,jalan bdn ii,-,-,-,-,-,-,-,,TIDAK ADA DATA
2217,202307,2023-07-28,jalan bdn ii,-,-,-,-,-,-,-,,TIDAK ADA DATA
2218,202307,2023-07-29,jalan bdn ii,-,-,-,-,-,-,-,,TIDAK ADA DATA
2219,202307,2023-07-30,jalan bdn ii,-,-,-,-,-,-,-,,TIDAK ADA DATA
2220,202307,2023-07-31,jalan bdn ii,-,-,-,-,-,-,-,,TIDAK ADA DATA
2221,202308,2023-08-01,jalan bdn ii,-,-,-,-,-,-,-,,TIDAK ADA DATA
2222,202308,2023-08-02,jalan bdn ii,-,-,-,-,-,-,-,,TIDAK ADA DATA
2223,202308,2023-08-03,jalan bdn ii,-,-,-,-,-,-,-,,TIDAK ADA DATA
2224,202308,2023-08-04,jalan bdn ii,-,-,-,-,-,-,-,,TIDAK ADA DATA
2225,202308,2023-08-05,jalan bdn ii,-,-,-,-,-,-,-,,TIDAK ADA DATA
2226,202308,2023-08-06,jalan bdn ii,-,-,-,-,-,-,-,,TIDAK ADA DATA
2227,202308,2023-08-07,jalan bdn ii,-,-,-,-,-,-,-,,TIDAK ADA DATA
2228,202308,2023-08-08,jalan bdn ii,-,-,-,-,-,-,-,,TIDAK ADA DATA
2229,202308,2023-08-09,jalan bdn ii,-,-,-,-,-,-,-,,TIDAK ADA DATA
2230,202308,2023-08-10,jalan bdn ii,-,-,-,-,-,-,-,,TIDAK ADA DATA
2231,202308,2023-08-11,jalan bdn ii,-,-,-,-,-,-,-,,TIDAK ADA DATA
2232,202308,2023-08-12,jalan bdn ii,-,-,-,-,-,-,-,,TIDAK ADA DATA
2233,202308,2023-08-13,jalan bdn ii,-,-,-,-,-,-,-,,TIDAK ADA DATA
2234,202308,2023-08-14,jalan bdn ii,-,-,-,-,-,-,-,,TIDAK ADA DATA
2235,202308,2023-08-15,jalan bdn ii,-,-,-,-,-,-,-,,TIDAK ADA DATA
2236,202308,2023-08-16,jalan bdn ii,-,-,-,-,-,-,-,,TIDAK ADA DATA
2237,202308,2023-08-17,jalan bdn ii,-,-,-,-,-,-,-,,TIDAK ADA DATA
2238,202308,2023-08-18,jalan bdn ii,-,-,-,-,-,-,-,,TIDAK ADA DATA
2239,202308,2023-08-19,jalan bdn ii,-,-,-,-,-,-,-,,TIDAK ADA DATA
2240,202308,2023-08-20,jalan bdn ii,-,-,-,-,-,-,-,,TIDAK ADA DATA
2241,202308,2023-08-21,jalan bdn ii,-,-,-,-,-,-,-,,TIDAK ADA DATA
2242,202308,2023-08-22,jalan bdn ii,-,-,-,-,-,-,-,,TIDAK ADA DATA
2243,202308,2023-08-23,jalan bdn ii,-,-,-,-,-,-,-,,TIDAK ADA DATA
2244,202308,2023-08-24,jalan bdn ii,-,-,-,-,-,-,-,,TIDAK ADA DATA
2245,202308,2023-08-25,jalan bdn ii,-,-,-,-,-,-,-,,TIDAK ADA DATA
2246,202308,2023-08-26,jalan bdn ii,-,-,-,-,-,-,-,,TIDAK ADA DATA
2247,202308,2023-08-27,jalan bdn ii,-,-,-,-,-,-,-,,TIDAK ADA DATA
2248,202308,2023-08-28,jalan bdn ii,-,-,-,-,-,-,-,,TIDAK ADA DATA
2249,202308,2023-08-29,jalan bdn ii,-,-,-,-,-,-,-,,TIDAK ADA DATA
2250,202308,2023-08-30,jalan bdn ii,-,-,-,-,-,-,-,,TIDAK ADA DATA
2251,202308,2023-08-31,jalan bdn ii,-,-,-,-,-,-,-,,TIDAK ADA DATA
2252,202309,2023-09-01,jalan bdn ii,-,-,-,-,-,-,-,,TIDAK ADA DATA
2253,202309,2023-09-02,jalan bdn ii,-,-,-,-,-,-,-,,TIDAK ADA DATA
2254,202309,2023-09-03,jalan bdn ii,-,-,-,-,-,-,-,,TIDAK ADA DATA
2255,202309,2023-09-04,jalan bdn ii,-,-,-,-,-,-,-,,TIDAK ADA DATA
2256,202309,2023-09-05,jalan bdn ii,-,-,-,-,-,-,-,,TIDAK ADA DATA
2257,202309,2023-09-06,jalan bdn ii,-,-,-,-,-,-,-,,TIDAK ADA DATA
2258,202309,2023-09-07,jalan bdn ii,-,-,-,-,-,-,-,,TIDAK ADA DATA
2259,202309,2023-09-08,jalan bdn ii,-,-,-,-,-,-,-,,TIDAK ADA DATA
2260,202309,2023-09-09,jalan bdn ii,-,-,-,-,-,-,-,,TIDAK ADA DATA
2261,202309,2023-09-10,jalan bdn ii,-,-,-,-,-,-,-,,TIDAK ADA DATA
2262,202309,2023-09-11,jalan bdn ii,-,-,-,-,-,-,-,,TIDAK ADA DATA
2263,202309,2023-09-12,jalan bdn ii,-,-,-,-,-,-,-,,TIDAK ADA DATA
2264,202309,2023-09-13,jalan bdn ii,-,-,-,-,-,-,-,,TIDAK ADA DATA
2265,202309,2023-09-14,jalan bdn ii,-,-,-,-,-,-,-,,TIDAK ADA DATA
2266,202309,2023-09-15,jalan bdn ii,-,-,-,-,-,-,-,,TIDAK ADA DATA
2267,202309,2023-09-16,jalan bdn ii,-,-,-,-,-,-,-,,TIDAK ADA DATA
2268,202309,2023-09-17,jalan bdn ii,-,-,-,-,-,-,-,,TIDAK ADA DATA
2269,202309,2023-09-18,jalan bdn ii,-,-,-,-,-,-,-,,TIDAK ADA DATA
2270,202309,2023-09-19,jalan bdn ii,-,-,-,-,-,-,-,,TIDAK ADA DATA
2271,202309,2023-09-20,jalan bdn ii,-,-,-,-,-,-,-,,TIDAK ADA DATA
2272,202309,2023-09-21,jalan bdn ii,-,-,-,-,-,-,-,,TIDAK ADA DATA
2273,202309,2023-09-22,jalan bdn ii,-,-,-,-,-,-,-,,TIDAK ADA DATA
2274,202309,2023-09-23,jalan bdn ii,-,-,-,-,-,-,-,,TIDAK ADA DATA
2275,202309,2023-09-24,jalan bdn ii,-,-,-,-,-,-,-,,TIDAK ADA DATA
2276,202309,2023-09-25,jalan bdn ii,-,-,-,-,-,-,-,,TIDAK ADA DATA
2277,202309,2023-09-26,jalan bdn ii,-,-,-,-,-,-,-,,TIDAK ADA DATA
2278,202309,2023-09-27,jalan bdn ii,-,-,-,-,-,-,-,,TIDAK ADA DATA
2279,202309,2023-09-28,jalan bdn ii,-,-,-,-,-,-,-,,TIDAK ADA DATA
2280,202309,2023-09-29,jalan bdn ii,-,-,-,-,-,-,-,,TIDAK ADA DATA
2281,202309,2023-09-30,jalan bdn ii,-,-,-,-,-,-,-,,TIDAK ADA DATA
2282,202310,2023-10-01,jalan bdn ii,-,-,-,-,-,-,-,,TIDAK ADA DATA
2283,202310,2023-10-02,jalan bdn ii,-,-,-,-,-,-,-,,TIDAK ADA DATA
2284,202310,2023-10-03,jalan bdn ii,-,-,-,-,-,-,-,,TIDAK ADA DATA
2285,202310,2023-10-04,jalan bdn ii,-,-,-,-,-,-,-,,TIDAK ADA DATA
2286,202310,2023-10-05,jalan bdn ii,-,-,-,-,-,-,-,,TIDAK ADA DATA
2287,202310,2023-10-06,jalan bdn ii,-,-,-,-,-,-,-,,TIDAK ADA DATA
2288,202310,2023-10-07,jalan bdn ii,-,-,-,-,-,-,-,,TIDAK ADA DATA
2289,202310,2023-10-08,jalan bdn ii,-,-,-,-,-,-,-,,TIDAK ADA DATA
2290,202310,2023-10-09,jalan bdn ii,-,-,-,-,-,-,-,,TIDAK ADA DATA
2291,202310,2023-10-10,jalan bdn ii,-,-,-,-,-,-,-,,TIDAK ADA DATA
2292,202310,2023-10-11,jalan bdn ii,-,-,-,-,-,-,-,,TIDAK ADA DATA
2293,202310,2023-10-12,jalan bdn ii,-,-,-,-,-,-,-,,TIDAK ADA DATA
2294,202310,2023-10-13,jalan bdn ii,-,-,-,-,-,-,-,,TIDAK ADA DATA
2295,202310,2023-10-14,jalan bdn ii,-,-,-,-,-,-,-,,TIDAK ADA DATA
2296,202310,2023-10-15,jalan bdn ii,-,-,-,-,-,-,-,,TIDAK ADA DATA
2297,202310,2023-10-16,jalan bdn ii,-,-,-,-,-,-,-,,TIDAK ADA DATA
2298,202310,2023-10-17,jalan bdn ii,-,-,-,-,-,-,-,,TIDAK ADA DATA
2299,202310,2023-10-18,jalan bdn ii,-,-,-,-,-,-,-,,TIDAK ADA DATA
2300,202310,2023-10-19,jalan bdn ii,-,-,-,-,-,-,-,,TIDAK ADA DATA
2301,202310,2023-10-20,jalan bdn ii,-,-,-,-,-,-,-,,TIDAK ADA DATA
2302,202310,2023-10-21,jalan bdn ii,-,-,-,-,-,-,-,,TIDAK ADA DATA
2303,202310,2023-10-22,jalan bdn ii,-,-,-,-,-,-,-,,TIDAK ADA DATA
2304,202310,2023-10-23,jalan bdn ii,0,0,0,12,0,0,12,CO,GOOD
2305,202310,2023-10-24,jalan bdn ii,0,0,0,10,0,0,10,CO,GOOD
2306,202310,2023-10-25,jalan bdn ii,-,-,-,-,-,-,-,,TIDAK ADA DATA
2307,202310,2023-10-26,jalan bdn ii,-,-,-,-,-,-,-,,TIDAK ADA DATA
2308,202310,2023-10-27,jalan bdn ii,-,-,-,-,-,-,-,,TIDAK ADA DATA
2309,202310,2023-10-28,jalan bdn ii,-,-,-,-,-,-,-,,TIDAK ADA DATA
2310,202310,2023-10-29,jalan bdn ii,-,-,-,-,-,-,-,,TIDAK ADA DATA
2311,202310,2023-10-30,jalan bdn ii,-,-,-,-,-,-,-,,TIDAK ADA DATA
2312,202310,2023-10-31,jalan bdn ii,-,-,-,-,-,-,-,,TIDAK ADA DATA
2313,202311,2023-11-01,jalan bdn ii,-,-,-,-,-,-,-,,TIDAK ADA DATA
2314,202311,2023-11-02,jalan bdn ii,-,-,-,-,-,-,-,,TIDAK ADA DATA
2315,202311,2023-11-03,jalan bdn ii,-,-,-,-,-,-,-,,TIDAK ADA DATA
2316,202311,2023-11-04,jalan bdn ii,-,-,-,-,-,-,-,,TIDAK ADA DATA
2317,202311,2023-11-05,jalan bdn ii,-,-,-,-,-,-,-,,TIDAK ADA DATA
2318,202311,2023-11-06,jalan bdn ii,-,-,-,-,-,-,-,,TIDAK ADA DATA
2319,202311,2023-11-07,jalan bdn ii,-,-,-,-,-,-,-,,TIDAK ADA DATA
2320,202311,2023-11-08,jalan bdn ii,-,-,-,-,-,-,-,,TIDAK ADA DATA
2321,202311,2023-11-09,jalan bdn ii,-,-,-,-,-,-,-,,TIDAK ADA DATA
2322,202311,2023-11-10,jalan bdn ii,-,-,-,-,-,-,-,,TIDAK ADA DATA
2323,202311,2023-11-11,jalan bdn ii,-,-,-,-,-,-,-,,TIDAK ADA DATA
2324,202311,2023-11-12,jalan bdn ii,-,-,-,-,-,-,-,,TIDAK ADA DATA
2325,202311,2023-11-13,jalan bdn ii,0,0,0,38,0,0,38,CO,GOOD
2326,202311,2023-11-14,jalan bdn ii,-,-,-,-,-,-,-,,TIDAK ADA DATA
2327,202311,2023-11-15,jalan bdn ii,-,-,-,-,-,-,-,,TIDAK ADA DATA
2328,202311,2023-11-16,jalan bdn ii,-,-,-,-,-,-,-,,TIDAK ADA DATA
2329,202311,2023-11-17,jalan bdn ii,-,-,-,-,-,-,-,,TIDAK ADA DATA
2330,202311,2023-11-18,jalan bdn ii,0,0,0,9,0,0,9,CO,GOOD
2331,202311,2023-11-19,jalan bdn ii,0,0,0,16,0,0,16,CO,GOOD
2332,202311,2023-11-20,jalan bdn ii,0,0,2,23,0,0,23,CO,GOOD
2333,202311,2023-11-21,jalan bdn ii,0,0,2,28,0,0,28,CO,GOOD
2334,202311,2023-11-22,jalan bdn ii,0,0,2,23,0,0,23,CO,GOOD
2335,202311,2023-11-23,jalan bdn ii,0,0,2,24,0,0,24,CO,GOOD
2336,202311,2023-11-24,jalan bdn ii,0,0,3,24,0,0,24,CO,GOOD
2337,202311,2023-11-25,jalan bdn ii,0,0,3,25,0,0,25,CO,GOOD
2338,202311,2023-11-26,jalan bdn ii,0,0,3,33,0,0,33,CO,GOOD
2339,202311,2023-11-27,jalan bdn ii,0,0,3,29,0,0,29,CO,GOOD
2340,202311,2023-11-28,jalan bdn ii,68,31,3,31,91,91,91,O3,MEDIUM
2341,202311,2023-11-29,jalan bdn ii,56,26,3,31,80,80,80,O3,MEDIUM
2342,202311,2023-11-30,jalan bdn ii,25,21,3,31,69,69,69,O3,MEDIUM
2343,202312,2023-12-01,jalan bdn ii,25,22,3,25,72,72,72,O3,MEDIUM
2344,202312,2023-12-02,jalan bdn ii,25,37,3,26,105,105,105,O3,UNHEALTHY
2345,202312,2023-12-03,jalan bdn ii,25,22,3,47,71,71,71,O3,MEDIUM
2346,202312,2023-12-04,jalan bdn ii,25,36,3,45,104,104,104,O3,UNHEALTHY
2347,202312,2023-12-05,jalan bdn ii,37,37,3,40,104,104,104,O3,UNHEALTHY
2348,202312,2023-12-06,jalan bdn ii,59,36,4,46,104,104,104,O3,UNHEALTHY
2349,202312,2023-12-07,jalan bdn ii,62,40,5,38,112,112,112,O3,UNHEALTHY
2350,202312,2023-12-08,jalan bdn ii,62,39,4,38,110,110,110,O3,UNHEALTHY
2351,202312,2023-12-09,jalan bdn ii,59,38,5,37,108,108,108,O3,UNHEALTHY
2352,202312,2023-12-10,jalan bdn ii,67,42,5,37,116,116,116,O3,UNHEALTHY
2353,202312,2023-12-11,jalan bdn ii,59,35,5,38,101,101,101,O3,UNHEALTHY
2354,202312,2023-12-12,jalan bdn ii,58,38,5,39,109,109,109,O3,UNHEALTHY
2355,202312,2023-12-13,jalan bdn ii,64,37,5,54,105,105,105,O3,UNHEALTHY
2356,202312,2023-12-14,jalan bdn ii,76,38,5,46,106,106,106,O3,UNHEALTHY
2357,202312,2023-12-15,jalan bdn ii,77,32,5,47,93,93,93,O3,MEDIUM
2358,202312,2023-12-16,jalan bdn ii,71,32,5,59,95,95,95,O3,MEDIUM
2359,202312,2023-12-17,jalan bdn ii,76,26,4,43,80,80,80,O3,MEDIUM
2360,202312,2023-12-18,jalan bdn ii,65,30,4,41,88,88,88,O3,MEDIUM
2361,202312,2023-12-19,jalan bdn ii,50,27,4,36,83,83,83,O3,MEDIUM
2362,202312,2023-12-20,jalan bdn ii,46,24,3,34,76,76,76,O3,MEDIUM
2363,202312,2023-12-21,jalan bdn ii,18,11,4,33,44,44,44,O3,GOOD
2364,202312,2023-12-22,jalan bdn ii,27,17,3,32,60,60,60,O3,MEDIUM
2365,202312,2023-12-23,jalan bdn ii,40,26,3,32,81,81,81,O3,MEDIUM
2366,202312,2023-12-24,jalan bdn ii,57,40,3,31,113,113,113,O3,UNHEALTHY
2367,202312,2023-12-25,jalan bdn ii,46,31,3,31,91,91,91,O3,MEDIUM
2368,202312,2023-12-26,jalan bdn ii,59,37,3,29,106,106,106,O3,UNHEALTHY
2369,202312,2023-12-27,jalan bdn ii,47,31,3,29,91,91,91,O3,MEDIUM
2370,202312,2023-12-28,jalan bdn ii,40,28,3,28,86,86,86,O3,MEDIUM
2371,202312,2023-12-29,jalan bdn ii,53,35,3,28,101,101,101,O3,UNHEALTHY
2372,202312,2023-12-30,jalan bdn ii,53,35,3,28,101,101,101,O3,UNHEALTHY
2373,202312,2023-12-31,jalan bdn ii,51,33,3,27,91,91,91,O3,MEDIUM
2374,202401,2024-01-01,jalan bdn ii,52,35,0,0,0,0,52,PM10,MEDIUM
2375,202401,2024-01-02,jalan bdn ii,32,22,0,0,0,0,32,PM10,GOOD
2376,202401,2024-01-03,jalan bdn ii,29,19,0,0,0,0,29,PM10,GOOD
2377,202401,2024-01-04,jalan bdn ii,16,10,0,0,0,0,16,PM10,GOOD
2378,202401,2024-01-05,jalan bdn ii,33,22,0,0,0,0,33,PM10,GOOD
2379,202401,2024-01-06,jalan bdn ii,44,31,0,0,0,0,44,PM10,GOOD
2380,202401,2024-01-07,jalan bdn ii,45,31,0,0,0,0,45,PM10,GOOD
2381,202401,2024-01-08,jalan bdn ii,29,18,0,0,0,0,29,PM10,GOOD
2382,202401,2024-01-09,jalan bdn ii,25,16,0,0,0,0,25,PM10,GOOD
2383,202401,2024-01-10,jalan bdn ii,32,21,0,0,0,0,32,PM10,GOOD
2384,202401,2024-01-11,jalan bdn ii,19,12,0,0,0,0,19,PM10,GOOD
2385,202401,2024-01-12,jalan bdn ii,10,6,0,0,0,0,10,PM10,GOOD
2386,202401,2024-01-13,jalan bdn ii,17,10,0,0,0,0,17,PM10,GOOD
2387,202401,2024-01-14,jalan bdn ii,23,15,0,0,0,0,23,PM10,GOOD
2388,202401,2024-01-15,jalan bdn ii,26,16,0,0,0,0,26,PM10,GOOD
2389,202401,2024-01-16,jalan bdn ii,11,6,0,0,0,0,11,PM10,GOOD
2390,202401,2024-01-17,jalan bdn ii,29,17,0,0,0,0,29,PM10,GOOD
2391,202401,2024-01-18,jalan bdn ii,9,5,0,0,0,0,9,PM10,GOOD
2392,202401,2024-01-19,jalan bdn ii,7,4,0,0,0,0,7,PM10,GOOD
2393,202401,2024-01-20,jalan bdn ii,12,7,0,0,0,0,12,PM10,GOOD
2394,202401,2024-01-21,jalan bdn ii,12,7,0,0,0,0,12,PM10,GOOD
2395,202401,2024-01-22,jalan bdn ii,13,7,0,0,0,0,13,PM10,GOOD
2396,202401,2024-01-23,jalan bdn ii,15,8,0,0,0,0,15,PM10,GOOD
2397,202401,2024-01-24,jalan bdn ii,12,6,0,0,0,0,12,PM10,GOOD
2398,202401,2024-01-25,jalan bdn ii,14,8,0,0,0,0,14,PM10,GOOD
2399,202401,2024-01-26,jalan bdn ii,21,14,0,0,0,0,21,PM10,GOOD
2400,202401,2024-01-27,jalan bdn ii,15,10,0,0,0,0,15,PM10,GOOD
2401,202401,2024-01-28,jalan bdn ii,22,15,0,0,0,0,22,PM10,GOOD
2402,202401,2024-01-29,jalan bdn ii,31,20,0,0,0,0,31,PM10,GOOD
2403,202401,2024-01-30,jalan bdn ii,31,21,0,0,0,0,31,PM10,GOOD
2404,202401,2024-01-31,jalan bdn ii,34,22,0,0,0,0,34,PM10,GOOD
2405,202402,2024-02-01,jalan bdn ii,29,19,0,0,0,0,29,PM10,GOOD
2406,202402,2024-02-02,jalan bdn ii,17,11,0,0,0,0,17,PM10,GOOD
2407,202402,2024-02-03,jalan bdn ii,16,10,0,0,0,0,16,PM10,GOOD
2408,202402,2024-02-04,jalan bdn ii,7,4,0,0,0,0,7,PM10,GOOD
2409,202402,2024-02-05,jalan bdn ii,31,19,0,0,0,0,31,PM10,GOOD
2410,202402,2024-02-06,jalan bdn ii,27,16,0,0,0,0,27,PM10,GOOD
2411,202402,2024-02-07,jalan bdn ii,23,15,0,0,0,0,23,PM10,GOOD
2412,202402,2024-02-08,jalan bdn ii,35,23,0,0,0,0,35,PM10,GOOD
2413,202402,2024-02-09,jalan bdn ii,34,25,0,0,0,0,34,PM10,GOOD
2414,202402,2024-02-10,jalan bdn ii,26,20,0,0,0,0,26,PM10,GOOD
2415,202402,2024-02-11,jalan bdn ii,29,21,0,0,0,0,29,PM10,GOOD
2416,202402,2024-02-12,jalan bdn ii,28,19,0,0,0,0,28,PM10,GOOD
2417,202402,2024-02-13,jalan bdn ii,16,10,0,0,0,0,16,PM10,GOOD
2418,202402,2024-02-14,jalan bdn ii,19,12,0,0,0,0,19,PM10,GOOD
2419,202402,2024-02-15,jalan bdn ii,34,20,0,0,0,0,34,PM10,GOOD
2420,202402,2024-02-16,jalan bdn ii,44,25,0,0,0,0,44,PM10,GOOD
2421,202402,2024-02-17,jalan bdn ii,26,15,0,0,0,0,26,PM10,GOOD
2422,202402,2024-02-18,jalan bdn ii,30,18,0,0,0,0,30,PM10,GOOD
2423,202402,2024-02-19,jalan bdn ii,26,16,0,0,0,0,26,PM10,GOOD
2424,202402,2024-02-20,jalan bdn ii,31,19,0,0,0,0,31,PM10,GOOD
2425,202402,2024-02-21,jalan bdn ii,48,29,0,0,0,0,48,PM10,GOOD
2426,202402,2024-02-22,jalan bdn ii,22,13,0,0,0,0,22,PM10,GOOD
2427,202402,2024-02-23,jalan bdn ii,14,8,0,0,0,0,14,PM10,GOOD
2428,202402,2024-02-24,jalan bdn ii,14,8,0,0,0,0,14,PM10,GOOD
2429,202402,2024-02-25,jalan bdn ii,15,9,0,0,0,0,15,PM10,GOOD
2430,202402,2024-02-26,jalan bdn ii,17,10,0,0,0,0,17,PM10,GOOD
2431,202402,2024-02-27,jalan bdn ii,36,21,0,0,0,0,36,PM10,GOOD
2432,202402,2024-02-28,jalan bdn ii,26,14,0,0,0,0,26,PM10,GOOD
2433,202402,2024-02-29,jalan bdn ii,31,18,0,0,0,0,31,PM10,GOOD
2434,202403,2024-03-01,jalan bdn ii,29,18,0,0,0,0,29,PM10,GOOD
2435,202403,2024-03-02,jalan bdn ii,30,17,0,0,0,0,30,PM10,GOOD
2436,202403,2024-03-03,jalan bdn ii,19,11,0,0,0,0,19,PM10,GOOD
2437,202403,2024-03-04,jalan bdn ii,18,10,0,0,0,0,18,PM10,GOOD
2438,202403,2024-03-05,jalan bdn ii,9,5,0,0,0,0,9,PM10,GOOD
2439,202403,2024-03-06,jalan bdn ii,10,4,0,0,0,0,10,PM10,GOOD
2440,202403,2024-03-07,jalan bdn ii,5,3,0,0,0,0,5,PM10,GOOD
2441,202403,2024-03-08,jalan bdn ii,6,2,0,0,0,0,6,PM10,GOOD
2442,202403,2024-03-09,jalan bdn ii,28,16,0,0,0,0,28,PM10,GOOD
2443,202403,2024-03-10,jalan bdn ii,50,30,0,0,0,0,50,PM10,GOOD
2444,202403,2024-03-11,jalan bdn ii,28,16,0,0,0,0,28,PM10,GOOD
2445,202403,2024-03-12,jalan bdn ii,28,16,0,0,0,0,28,PM10,GOOD
2446,202403,2024-03-13,jalan bdn ii,27,15,0,0,0,0,27,PM10,GOOD
2447,202403,2024-03-14,jalan bdn ii,23,13,0,0,0,0,23,PM10,GOOD
2448,202403,2024-03-15,jalan bdn ii,8,4,0,0,0,0,8,PM10,GOOD
2449,202403,2024-03-16,jalan bdn ii,6,3,0,0,0,0,6,PM10,GOOD
2450,202403,2024-03-17,jalan bdn ii,9,5,0,0,0,0,9,PM10,GOOD
2451,202403,2024-03-18,jalan bdn ii,9,5,0,0,0,0,9,PM10,GOOD
2452,202403,2024-03-19,jalan bdn ii,12,6,0,0,0,0,12,PM10,GOOD
2453,202403,2024-03-20,jalan bdn ii,7,3,0,0,0,0,7,PM10,GOOD
2454,202403,2024-03-21,jalan bdn ii,17,9,0,0,0,0,17,PM10,GOOD
2455,202403,2024-03-22,jalan bdn ii,20,12,0,0,0,0,20,PM10,GOOD
2456,202403,2024-03-23,jalan bdn ii,59,35,0,0,0,0,59,PM10,MEDIUM
2457,202403,2024-03-24,jalan bdn ii,35,23,0,0,0,0,35,PM10,GOOD
2458,202403,2024-03-25,jalan bdn ii,29,20,0,0,0,0,29,PM10,GOOD
2459,202403,2024-03-26,jalan bdn ii,40,26,0,0,0,0,40,PM10,GOOD
2460,202403,2024-03-27,jalan bdn ii,57,34,0,0,0,0,57,PM10,MEDIUM
2461,202403,2024-03-28,jalan bdn ii,69,41,0,0,0,0,69,PM10,MEDIUM
2462,202403,2024-03-29,jalan bdn ii,62,39,0,0,0,0,62,PM10,MEDIUM
2463,202403,2024-03-30,jalan bdn ii,45,28,0,0,0,0,45,PM10,GOOD
2464,202403,2024-03-31,jalan bdn ii,48,31,0,0,0,0,48,PM10,GOOD
2465,202404,2024-04-01,jalan bdn ii,62,39,0,0,0,0,62,PM10,MEDIUM
2466,202404,2024-04-02,jalan bdn ii,45,28,0,0,0,0,45,PM10,GOOD
2467,202404,2024-04-03,jalan bdn ii,44,26,0,0,0,0,44,PM10,GOOD
2468,202404,2024-04-04,jalan bdn ii,50,32,0,0,0,0,50,PM10,GOOD
2469,202404,2024-04-05,jalan bdn ii,63,39,0,0,0,0,63,PM10,MEDIUM
2470,202404,2024-04-06,jalan bdn ii,54,31,0,0,0,0,54,PM10,MEDIUM
2471,202404,2024-04-07,jalan bdn ii,34,22,0,0,0,0,34,PM10,GOOD
2472,202404,2024-04-08,jalan bdn ii,23,14,0,0,0,0,23,PM10,GOOD
2473,202404,2024-04-09,jalan bdn ii,39,24,0,0,0,0,39,PM10,GOOD
2474,202404,2024-04-10,jalan bdn ii,36,23,0,0,0,0,36,PM10,GOOD
2475,202404,2024-04-11,jalan bdn ii,20,14,0,0,0,0,20,PM10,GOOD
2476,202404,2024-04-12,jalan bdn ii,24,16,0,0,0,0,24,PM10,GOOD
2477,202404,2024-04-13,jalan bdn ii,22,15,0,0,0,0,22,PM10,GOOD
2478,202404,2024-04-14,jalan bdn ii,20,14,0,0,0,0,20,PM10,GOOD
2479,202404,2024-04-15,jalan bdn ii,16,11,0,0,0,0,16,PM10,GOOD
2480,202404,2024-04-16,jalan bdn ii,28,18,0,0,0,0,28,PM10,GOOD
2481,202404,2024-04-17,jalan bdn ii,32,21,0,0,0,0,32,PM10,GOOD
2482,202404,2024-04-18,jalan bdn ii,20,14,0,0,0,0,20,PM10,GOOD
2483,202404,2024-04-19,jalan bdn ii,24,16,0,0,0,0,24,PM10,GOOD
2484,202404,2024-04-20,jalan bdn ii,34,22,0,0,0,0,34,PM10,GOOD
2485,202404,2024-04-21,jalan bdn ii,30,19,0,0,0,0,30,PM10,GOOD
2486,202404,2024-04-22,jalan bdn ii,23,15,0,0,0,0,23,PM10,GOOD
2487,202404,2024-04-23,jalan bdn ii,32,20,0,0,0,0,32,PM10,GOOD
2488,202404,2024-04-24,jalan bdn ii,41,24,0,0,0,0,41,PM10,GOOD
2489,202404,2024-04-25,jalan bdn ii,32,19,0,0,0,0,32,PM10,GOOD
2490,202404,2024-04-26,jalan bdn ii,24,15,0,0,0,0,24,PM10,GOOD
2491,202404,2024-04-27,jalan bdn ii,29,18,0,0,0,0,29,PM10,GOOD
2492,202404,2024-04-28,jalan bdn ii,28,18,0,0,0,0,28,PM10,GOOD
2493,202404,2024-04-29,jalan bdn ii,27,17,0,0,0,0,27,PM10,GOOD
2494,202404,2024-04-30,jalan bdn ii,33,19,0,0,0,0,33,PM10,GOOD
2495,202405,2024-05-01,jalan bdn ii,28,16,0,0,0,0,28,PM10,GOOD
2496,202405,2024-05-02,jalan bdn ii,35,20,0,0,0,0,35,PM10,GOOD
2497,202405,2024-05-03,jalan bdn ii,34,20,0,0,0,0,34,PM10,GOOD
2498,202405,2024-05-04,jalan bdn ii,34,20,0,0,0,0,34,PM10,GOOD
2499,202405,2024-05-05,jalan bdn ii,49,29,0,0,0,0,49,PM10,GOOD
2500,202405,2024-05-06,jalan bdn ii,31,19,0,0,0,0,31,PM10,GOOD
2501,202405,2024-05-07,jalan bdn ii,45,27,0,0,0,0,45,PM10,GOOD
2502,202405,2024-05-08,jalan bdn ii,56,33,0,0,0,0,56,PM10,MEDIUM
2503,202405,2024-05-09,jalan bdn ii,46,28,0,0,0,0,46,PM10,GOOD
2504,202405,2024-05-10,jalan bdn ii,43,25,0,0,0,0,43,PM10,GOOD
2505,202405,2024-05-11,jalan bdn ii,42,24,0,0,0,0,42,PM10,GOOD
2506,202405,2024-05-12,jalan bdn ii,31,17,0,0,0,0,31,PM10,GOOD
2507,202405,2024-05-13,jalan bdn ii,37,21,0,0,0,0,37,PM10,GOOD
2508,202405,2024-05-14,jalan bdn ii,49,29,0,0,0,0,49,PM10,GOOD
2509,202405,2024-05-15,jalan bdn ii,41,24,0,0,0,0,41,PM10,GOOD
2510,202405,2024-05-16,jalan bdn ii,52,30,0,0,0,0,52,PM10,MEDIUM
2511,202405,2024-05-17,jalan bdn ii,38,23,0,0,0,0,38,PM10,GOOD
2512,202405,2024-05-18,jalan bdn ii,40,23,0,0,0,0,40,PM10,GOOD
2513,202405,2024-05-19,jalan bdn ii,34,20,0,0,0,0,34,PM10,GOOD
2514,202405,2024-05-20,jalan bdn ii,49,28,0,0,0,0,49,PM10,GOOD
2515,202405,2024-05-21,jalan bdn ii,44,27,0,0,0,0,44,PM10,GOOD
2516,202405,2024-05-22,jalan bdn ii,48,29,0,0,0,0,48,PM10,GOOD
2517,202405,2024-05-23,jalan bdn ii,44,24,0,0,0,0,44,PM10,GOOD
2518,202405,2024-05-24,jalan bdn ii,38,21,0,0,0,0,38,PM10,GOOD
2519,202405,2024-05-25,jalan bdn ii,28,15,0,0,0,0,28,PM10,GOOD
2520,202405,2024-05-26,jalan bdn ii,50,28,0,0,0,0,50,PM10,GOOD
2521,202405,2024-05-27,jalan bdn ii,50,28,0,0,0,0,50,PM10,GOOD
2522,202405,2024-05-28,jalan bdn ii,52,30,0,0,0,0,52,PM10,MEDIUM
2523,202405,2024-05-29,jalan bdn ii,44,26,0,0,0,0,44,PM10,GOOD
2524,202405,2024-05-30,jalan bdn ii,48,27,0,0,0,0,48,PM10,GOOD
2525,202405,2024-05-31,jalan bdn ii,56,31,0,0,0,0,56,PM10,MEDIUM
2526,202406,2024-06-01,jalan bdn ii,58,32,0,0,0,0,58,PM10,MEDIUM
2527,202406,2024-06-02,jalan bdn ii,39,22,0,0,0,0,39,PM10,GOOD
2528,202406,2024-06-03,jalan bdn ii,27,15,0,0,0,0,27,PM10,GOOD
2529,202406,2024-06-04,jalan bdn ii,50,28,0,0,0,0,50,PM10,GOOD
2530,202406,2024-06-05,jalan bdn ii,38,22,0,0,0,0,38,PM10,GOOD
2531,202406,2024-06-06,jalan bdn ii,27,16,0,0,0,0,27,PM10,GOOD
2532,202406,2024-06-07,jalan bdn ii,49,27,0,0,0,0,49,PM10,GOOD
2533,202406,2024-06-08,jalan bdn ii,48,27,0,0,0,0,48,PM10,GOOD
2534,202406,2024-06-09,jalan bdn ii,50,29,0,0,0,0,50,PM10,GOOD
2535,202406,2024-06-10,jalan bdn ii,45,26,0,0,0,0,45,PM10,GOOD
2536,202406,2024-06-11,jalan bdn ii,45,26,0,0,0,0,45,PM10,GOOD
2537,202406,2024-06-12,jalan bdn ii,27,16,0,0,0,0,27,PM10,GOOD
2538,202406,2024-06-13,jalan bdn ii,24,14,0,0,0,0,24,PM10,GOOD
2539,202406,2024-06-14,jalan bdn ii,25,13,0,0,0,0,25,PM10,GOOD
2540,202406,2024-06-15,jalan bdn ii,40,21,0,0,0,0,40,PM10,GOOD
2541,202406,2024-06-16,jalan bdn ii,24,14,0,0,0,0,24,PM10,GOOD
2542,202406,2024-06-17,jalan bdn ii,35,20,0,0,0,0,35,PM10,GOOD
2543,202406,2024-06-18,jalan bdn ii,79,44,0,0,0,0,79,PM10,MEDIUM
2544,202406,2024-06-19,jalan bdn ii,40,23,0,0,0,0,40,PM10,GOOD
2545,202406,2024-06-20,jalan bdn ii,38,22,0,0,0,0,38,PM10,GOOD
2546,202406,2024-06-21,jalan bdn ii,44,24,0,0,0,0,44,PM10,GOOD
2547,202406,2024-06-22,jalan bdn ii,48,27,0,0,0,0,48,PM10,GOOD
2548,202406,2024-06-23,jalan bdn ii,30,17,0,0,0,0,30,PM10,GOOD
2549,202406,2024-06-24,jalan bdn ii,36,21,0,0,0,0,36,PM10,GOOD
2550,202406,2024-06-25,jalan bdn ii,35,19,0,0,0,0,35,PM10,GOOD
2551,202406,2024-06-26,jalan bdn ii,30,16,0,0,0,0,30,PM10,GOOD
2552,202406,2024-06-27,jalan bdn ii,27,16,0,0,0,0,27,PM10,GOOD
2553,202406,2024-06-28,jalan bdn ii,22,13,0,0,0,0,22,PM10,GOOD
2554,202406,2024-06-29,jalan bdn ii,30,18,0,0,0,0,30,PM10,GOOD
2555,202406,2024-06-30,jalan bdn ii,16,10,0,0,0,0,16,PM10,GOOD
2556,202407,2024-07-01,jalan bdn ii,34,21,0,0,0,0,34,PM10,GOOD
2557,202407,2024-07-02,jalan bdn ii,31,18,0,0,0,0,31,PM10,GOOD
2558,202407,2024-07-03,jalan bdn ii,47,26,0,0,0,0,47,PM10,GOOD
2559,202407,2024-07-04,jalan bdn ii,32,19,0,0,0,0,32,PM10,GOOD
2560,202407,2024-07-05,jalan bdn ii,34,18,0,0,0,0,34,PM10,GOOD
2561,202407,2024-07-06,jalan bdn ii,10,6,0,0,0,0,10,PM10,GOOD
2562,202407,2024-07-07,jalan bdn ii,8,5,0,0,0,0,8,PM10,GOOD
2563,202407,2024-07-08,jalan bdn ii,14,9,0,0,0,0,14,PM10,GOOD
2564,202407,2024-07-09,jalan bdn ii,31,18,0,0,0,0,31,PM10,GOOD
2565,202407,2024-07-10,jalan bdn ii,35,21,0,0,0,0,35,PM10,GOOD
2566,202407,2024-07-11,jalan bdn ii,44,25,0,0,0,0,44,PM10,GOOD
2567,202407,2024-07-12,jalan bdn ii,37,20,0,0,0,0,37,PM10,GOOD
2568,202407,2024-07-13,jalan bdn ii,40,23,0,0,0,0,40,PM10,GOOD
2569,202407,2024-07-14,jalan bdn ii,31,18,0,0,0,0,31,PM10,GOOD
2570,202407,2024-07-15,jalan bdn ii,30,17,0,0,0,0,30,PM10,GOOD
2571,202407,2024-07-16,jalan bdn ii,26,15,0,0,0,0,26,PM10,GOOD
2572,202407,2024-07-17,jalan bdn ii,38,23,0,0,0,0,38,PM10,GOOD
2573,202407,2024-07-18,jalan bdn ii,33,19,0,0,0,0,33,PM10,GOOD
2574,202407,2024-07-19,jalan bdn ii,31,19,0,0,0,0,31,PM10,GOOD
2575,202407,2024-07-20,jalan bdn ii,34,20,0,0,0,0,34,PM10,GOOD
2576,202407,2024-07-21,jalan bdn ii,27,15,0,0,0,0,27,PM10,GOOD
2577,202407,2024-07-22,jalan bdn ii,29,18,0,0,0,0,29,PM10,GOOD
2578,202407,2024-07-23,jalan bdn ii,33,19,0,0,0,0,33,PM10,GOOD
2579,202407,2024-07-24,jalan bdn ii,30,18,0,0,0,0,30,PM10,GOOD
2580,202407,2024-07-25,jalan bdn ii,23,14,0,0,0,0,23,PM10,GOOD
2581,202407,2024-07-26,jalan bdn ii,35,20,0,0,0,0,35,PM10,GOOD
2582,202407,2024-07-27,jalan bdn ii,39,24,0,0,0,0,39,PM10,GOOD
2583,202407,2024-07-28,jalan bdn ii,48,28,0,0,0,0,48,PM10,GOOD
2584,202407,2024-07-29,jalan bdn ii,34,20,0,0,0,0,34,PM10,GOOD
2585,202407,2024-07-30,jalan bdn ii,38,22,0,0,0,0,38,PM10,GOOD
2586,202407,2024-07-31,jalan bdn ii,44,26,0,0,0,0,44,PM10,GOOD
2587,202408,2024-08-01,jalan bdn ii,52,31,0,0,0,0,52,PM10,MEDIUM
2588,202408,2024-08-02,jalan bdn ii,27,17,0,0,0,0,27,PM10,GOOD
2589,202408,2024-08-03,jalan bdn ii,29,20,0,0,0,0,29,PM10,GOOD
2590,202408,2024-08-04,jalan bdn ii,31,19,0,0,0,0,31,PM10,GOOD
2591,202408,2024-08-05,jalan bdn ii,26,15,0,0,0,0,26,PM10,GOOD
2592,202408,2024-08-06,jalan bdn ii,30,18,0,0,0,0,30,PM10,GOOD
2593,202408,2024-08-07,jalan bdn ii,36,22,0,0,0,0,36,PM10,GOOD
2594,202408,2024-08-08,jalan bdn ii,49,30,0,0,0,0,49,PM10,GOOD
2595,202408,2024-08-09,jalan bdn ii,34,21,0,0,0,0,34,PM10,GOOD
2596,202408,2024-08-10,jalan bdn ii,32,20,0,0,0,0,32,PM10,GOOD
2597,202408,2024-08-11,jalan bdn ii,31,19,0,0,0,0,31,PM10,GOOD
2598,202408,2024-08-12,jalan bdn ii,23,14,0,0,0,0,23,PM10,GOOD
2599,202408,2024-08-13,jalan bdn ii,36,21,0,0,0,0,36,PM10,GOOD
2600,202408,2024-08-14,jalan bdn ii,41,25,0,0,0,0,41,PM10,GOOD
2601,202408,2024-08-15,jalan bdn ii,36,23,0,0,0,0,36,PM10,GOOD
2602,202408,2024-08-16,jalan bdn ii,38,25,0,0,0,0,38,PM10,GOOD
2603,202408,2024-08-17,jalan bdn ii,39,25,0,0,0,0,39,PM10,GOOD
2604,202408,2024-08-18,jalan bdn ii,41,28,0,0,0,0,41,PM10,GOOD
2605,202408,2024-08-19,jalan bdn ii,35,23,0,0,0,0,35,PM10,GOOD
2606,202408,2024-08-20,jalan bdn ii,49,31,0,0,0,0,49,PM10,GOOD
2607,202408,2024-08-21,jalan bdn ii,47,29,0,0,0,0,47,PM10,GOOD
2608,202408,2024-08-22,jalan bdn ii,29,19,0,0,0,0,29,PM10,GOOD
2609,202408,2024-08-23,jalan bdn ii,40,25,0,0,0,0,40,PM10,GOOD
2610,202408,2024-08-24,jalan bdn ii,48,29,0,0,0,0,48,PM10,GOOD
2611,202408,2024-08-25,jalan bdn ii,23,15,0,0,0,0,23,PM10,GOOD
2612,202408,2024-08-26,jalan bdn ii,44,27,0,0,0,0,44,PM10,GOOD
2613,202408,2024-08-27,jalan bdn ii,38,24,0,0,0,0,38,PM10,GOOD
2614,202408,2024-08-28,jalan bdn ii,29,17,0,0,0,0,29,PM10,GOOD
2615,202408,2024-08-29,jalan bdn ii,44,26,0,0,0,0,44,PM10,GOOD
2616,202408,2024-08-30,jalan bdn ii,25,14,0,0,0,0,25,PM10,GOOD
2617,202408,2024-08-31,jalan bdn ii,21,13,0,0,0,0,21,PM10,GOOD
2618,202409,2024-09-01,jalan bdn ii,25,15,0,0,0,0,25,PM10,GOOD
2619,202409,2024-09-02,jalan bdn ii,30,18,0,0,0,0,30,PM10,GOOD
2620,202409,2024-09-03,jalan bdn ii,34,20,0,0,0,0,34,PM10,GOOD
2621,202409,2024-09-04,jalan bdn ii,-,-,-,-,-,-,-,,TIDAK ADA DATA
2622,202409,2024-09-05,jalan bdn ii,-,-,-,-,-,-,-,,TIDAK ADA DATA
2623,202409,2024-09-06,jalan bdn ii,-,-,-,-,-,-,-,,TIDAK ADA DATA
2624,202409,2024-09-07,jalan bdn ii,-,-,-,-,-,-,-,,TIDAK ADA DATA
2625,202409,2024-09-08,jalan bdn ii,-,-,-,-,-,-,-,,TIDAK ADA DATA
2626,202409,2024-09-09,jalan bdn ii,-,-,-,-,-,-,-,,TIDAK ADA DATA
2627,202409,2024-09-10,jalan bdn ii,-,-,-,-,-,-,-,,TIDAK ADA DATA
2628,202409,2024-09-11,jalan bdn ii,-,-,-,-,-,-,-,,TIDAK ADA DATA
2629,202409,2024-09-12,jalan bdn ii,-,-,-,-,-,-,-,,TIDAK ADA DATA
2630,202409,2024-09-13,jalan bdn ii,-,-,-,-,-,-,-,,TIDAK ADA DATA
2631,202409,2024-09-14,jalan bdn ii,-,-,-,-,-,-,-,,TIDAK ADA DATA
2632,202409,2024-09-15,jalan bdn ii,-,-,-,-,-,-,-,,TIDAK ADA DATA
2633,202409,2024-09-16,jalan bdn ii,-,-,-,-,-,-,-,,TIDAK ADA DATA
2634,202409,2024-09-17,jalan bdn ii,-,-,-,-,-,-,-,,TIDAK ADA DATA
2635,202409,2024-09-18,jalan bdn ii,-,-,-,-,-,-,-,,TIDAK ADA DATA
2636,202409,2024-09-19,jalan bdn ii,-,-,-,-,-,-,-,,TIDAK ADA DATA
2637,202409,2024-09-20,jalan bdn ii,-,-,-,-,-,-,-,,TIDAK ADA DATA
2638,202409,2024-09-21,jalan bdn ii,-,-,-,-,-,-,-,,TIDAK ADA DATA
2639,202409,2024-09-22,jalan bdn ii,-,-,-,-,-,-,-,,TIDAK ADA DATA
2640,202409,2024-09-23,jalan bdn ii,-,-,-,-,-,-,-,,TIDAK ADA DATA
2641,202409,2024-09-24,jalan bdn ii,-,-,-,-,-,-,-,,TIDAK ADA DATA
2642,202409,2024-09-25,jalan bdn ii,-,-,-,-,-,-,-,,TIDAK ADA DATA
2643,202409,2024-09-26,jalan bdn ii,-,-,-,-,-,-,-,,TIDAK ADA DATA
2644,202409,2024-09-27,jalan bdn ii,-,-,-,-,-,-,-,,TIDAK ADA DATA
2645,202409,2024-09-28,jalan bdn ii,-,-,-,-,-,-,-,,TIDAK ADA DATA
2646,202409,2024-09-29,jalan bdn ii,-,-,-,-,-,-,-,,TIDAK ADA DATA
2647,202409,2024-09-30,jalan bdn ii,-,-,-,-,-,-,-,,TIDAK ADA DATA
2648,202410,2024-10-01,jalan bdn ii,-,-,-,-,-,-,-,,TIDAK ADA DATA
2649,202410,2024-10-02,jalan bdn ii,-,-,-,-,-,-,-,,TIDAK ADA DATA
2650,202410,2024-10-03,jalan bdn ii,-,-,-,-,-,-,-,,TIDAK ADA DATA
2651,202410,2024-10-04,jalan bdn ii,-,-,-,-,-,-,-,,TIDAK ADA DATA
2652,202410,2024-10-05,jalan bdn ii,-,-,-,-,-,-,-,,TIDAK ADA DATA
2653,202410,2024-10-06,jalan bdn ii,-,-,-,-,-,-,-,,TIDAK ADA DATA
2654,202410,2024-10-07,jalan bdn ii,-,-,-,-,-,-,-,,TIDAK ADA DATA
2655,202410,2024-10-08,jalan bdn ii,-,-,-,-,-,-,-,,TIDAK ADA DATA
2656,202410,2024-10-09,jalan bdn ii,-,-,-,-,-,-,-,,TIDAK ADA DATA
2657,202410,2024-10-10,jalan bdn ii,-,-,-,-,-,-,-,,TIDAK ADA DATA
2658,202410,2024-10-11,jalan bdn ii,-,-,-,-,-,-,-,,TIDAK ADA DATA
2659,202410,2024-10-12,jalan bdn ii,-,-,-,-,-,-,-,,TIDAK ADA DATA
2660,202410,2024-10-13,jalan bdn ii,-,-,-,-,-,-,-,,TIDAK ADA DATA
2661,202410,2024-10-14,jalan bdn ii,-,-,-,-,-,-,-,,TIDAK ADA DATA
2662,202410,2024-10-15,jalan bdn ii,-,-,-,-,-,-,-,,TIDAK ADA DATA
2663,202410,2024-10-16,jalan bdn ii,-,-,-,-,-,-,-,,TIDAK ADA DATA
2664,202410,2024-10-17,jalan bdn ii,-,-,-,-,-,-,-,,TIDAK ADA DATA
2665,202410,2024-10-18,jalan bdn ii,-,-,-,-,-,-,-,,TIDAK ADA DATA
2666,202410,2024-10-19,jalan bdn ii,67,40,0,0,0,0,67,PM10,MEDIUM
2667,202410,2024-10-20,jalan bdn ii,67,22,0,0,0,0,67,PM10,MEDIUM
2668,202410,2024-10-21,jalan bdn ii,67,45,0,0,0,0,67,PM10,MEDIUM
2669,202410,2024-10-22,jalan bdn ii,67,53,0,0,0,0,67,PM10,MEDIUM
2670,202410,2024-10-23,jalan bdn ii,63,37,0,14,1,0,63,PM10,MEDIUM
2671,202410,2024-10-24,jalan bdn ii,46,30,0,16,1,0,46,PM10,GOOD
2672,202410,2024-10-25,jalan bdn ii,57,42,0,0,0,0,57,PM10,MEDIUM
2673,202410,2024-10-26,jalan bdn ii,60,41,0,0,0,0,60,PM10,MEDIUM
2674,202410,2024-10-27,jalan bdn ii,69,44,0,0,0,0,69,PM10,MEDIUM
2675,202410,2024-10-28,jalan bdn ii,67,47,0,0,0,0,67,PM10,MEDIUM
2676,202410,2024-10-29,jalan bdn ii,62,45,0,0,0,0,62,PM10,MEDIUM
2677,202410,2024-10-30,jalan bdn ii,74,53,0,0,0,0,74,PM10,MEDIUM
2678,202410,2024-10-31,jalan bdn ii,68,47,0,0,0,0,68,PM10,MEDIUM
2679,202411,2024-11-01,jalan bdn ii,77,58,0,0,0,0,77,PM10,MEDIUM
2680,202411,2024-11-02,jalan bdn ii,57,44,0,0,0,0,57,PM10,MEDIUM
2681,202411,2024-11-03,jalan bdn ii,52,38,0,0,0,0,52,PM10,MEDIUM
2682,202411,2024-11-04,jalan bdn ii,45,29,0,0,0,0,45,PM10,GOOD
2683,202411,2024-11-05,jalan bdn ii,48,34,0,0,0,0,48,PM10,GOOD
2684,202411,2024-11-06,jalan bdn ii,47,31,0,0,0,0,47,PM10,GOOD
2685,202411,2024-11-07,jalan bdn ii,71,56,0,0,0,0,71,PM10,MEDIUM
2686,202411,2024-11-08,jalan bdn ii,67,53,0,0,0,0,67,PM10,MEDIUM
2687,202411,2024-11-09,jalan bdn ii,82,57,0,0,0,0,82,PM10,MEDIUM
2688,202411,2024-11-10,jalan bdn ii,55,41,0,0,0,0,55,PM10,MEDIUM
2689,202411,2024-11-11,jalan bdn ii,67,36,0,0,0,0,67,PM10,MEDIUM
2690,202411,2024-11-12,jalan bdn ii,69,31,0,0,0,0,69,PM10,MEDIUM
2691,202411,2024-11-13,jalan bdn ii,62,39,0,38,0,0,62,PM10,MEDIUM
2692,202411,2024-11-14,jalan bdn ii,84,54,0,0,0,0,84,PM10,MEDIUM
2693,202411,2024-11-15,jalan bdn ii,87,60,0,0,0,0,87,PM10,MEDIUM
2694,202411,2024-11-16,jalan bdn ii,69,68,0,0,0,0,69,PM10,MEDIUM
2695,202411,2024-11-17,jalan bdn ii,69,61,0,0,0,0,69,PM10,MEDIUM
2696,202411,2024-11-18,jalan bdn ii,69,36,0,0,0,0,69,PM10,MEDIUM
2697,202411,2024-11-19,jalan bdn ii,55,33,0,15,2,1,55,PM10,MEDIUM
2698,202411,2024-11-20,jalan bdn ii,50,27,2,18,4,3,50,PM10,GOOD
2699,202411,2024-11-21,jalan bdn ii,48,25,2,22,3,2,48,PM10,GOOD
2700,202411,2024-11-22,jalan bdn ii,40,19,2,24,4,3,40,PM10,GOOD
2701,202411,2024-11-23,jalan bdn ii,40,20,2,24,4,3,40,PM10,GOOD
2702,202411,2024-11-24,jalan bdn ii,37,18,3,22,5,3,37,PM10,GOOD
2703,202411,2024-11-25,jalan bdn ii,34,18,3,22,5,4,34,PM10,GOOD
2704,202411,2024-11-26,jalan bdn ii,34,21,3,22,5,4,34,PM10,GOOD
2705,202411,2024-11-27,jalan bdn ii,33,15,3,23,6,4,33,PM10,GOOD
2706,202411,2024-11-28,jalan bdn ii,30,14,3,27,6,4,30,PM10,GOOD
2707,202411,2024-11-29,jalan bdn ii,30,11,3,25,7,4,30,PM10,GOOD
2708,202411,2024-11-30,jalan bdn ii,29,14,3,26,7,4,29,PM10,GOOD
2709,202412,2024-12-01,jalan bdn ii,28,12,3,25,8,4,28,PM10,GOOD
2710,202412,2024-12-02,jalan bdn ii,28,12,3,26,9,4,28,PM10,GOOD
2711,202412,2024-12-03,jalan bdn ii,27,9,3,47,9,4,47,CO,GOOD
2712,202412,2024-12-04,jalan bdn ii,27,12,3,45,9,4,45,CO,GOOD
2713,202412,2024-12-05,jalan bdn ii,26,13,3,39,9,4,39,CO,GOOD
2714,202412,2024-12-06,jalan bdn ii,29,22,4,46,9,5,46,CO,GOOD
2715,202412,2024-12-07,jalan bdn ii,31,24,5,39,9,5,39,CO,GOOD
2716,202412,2024-12-08,jalan bdn ii,34,21,4,37,9,5,37,CO,GOOD
2717,202412,2024-12-09,jalan bdn ii,36,23,5,36,9,6,36,PM10,GOOD
2718,202412,2024-12-10,jalan bdn ii,32,10,5,38,9,5,38,CO,GOOD
2719,202412,2024-12-11,jalan bdn ii,33,16,5,39,10,6,39,CO,GOOD
2720,202412,2024-12-12,jalan bdn ii,31,10,5,54,10,6,54,CO,MEDIUM
2721,202412,2024-12-13,jalan bdn ii,30,11,5,46,10,5,46,CO,GOOD
2722,202412,2024-12-14,jalan bdn ii,29,10,5,48,10,5,48,CO,GOOD
2723,202412,2024-12-15,jalan bdn ii,30,11,5,59,12,6,59,CO,MEDIUM
2724,202412,2024-12-16,jalan bdn ii,32,12,5,42,11,6,42,CO,GOOD
2725,202412,2024-12-17,jalan bdn ii,28,11,4,41,10,6,41,CO,GOOD
2726,202412,2024-12-18,jalan bdn ii,28,10,4,36,10,6,36,CO,GOOD
2727,202412,2024-12-19,jalan bdn ii,31,12,4,36,11,6,36,CO,GOOD
2728,202412,2024-12-20,jalan bdn ii,31,12,3,34,10,6,34,CO,GOOD
2729,202412,2024-12-21,jalan bdn ii,32,15,4,32,10,6,32,PM10,GOOD
2730,202412,2024-12-22,jalan bdn ii,34,16,3,32,10,6,34,PM10,GOOD
2731,202412,2024-12-23,jalan bdn ii,36,19,3,32,10,6,36,PM10,GOOD
2732,202412,2024-12-24,jalan bdn ii,36,15,3,31,10,6,36,PM10,GOOD
2733,202412,2024-12-25,jalan bdn ii,38,17,3,29,10,7,38,PM10,GOOD
2734,202412,2024-12-26,jalan bdn ii,39,16,3,35,10,6,39,PM10,GOOD
2735,202412,2024-12-27,jalan bdn ii,43,25,3,29,10,6,43,PM10,GOOD
2736,202412,2024-12-28,jalan bdn ii,41,19,3,28,10,6,41,PM10,GOOD
2737,202412,2024-12-29,jalan bdn ii,44,22,3,28,10,6,44,PM10,GOOD
2738,202412,2024-12-30,jalan bdn ii,42,14,3,28,10,6,42,PM10,GOOD
2739,202412,2024-12-31,jalan bdn ii,43,18,3,27,10,6,43,PM10,GOOD
2740,202501,2025-01-01,jalan bdn ii,42,13,4,29,10,8,42,PM10,GOOD
2741,202501,2025-01-02,jalan bdn ii,40,17,4,31,12,7,40,PM10,GOOD
2742,202501,2025-01-03,jalan bdn ii,41,20,4,31,12,7,41,PM10,GOOD
2743,202501,2025-01-04,jalan bdn ii,40,15,4,31,12,7,40,PM10,GOOD
2744,202501,2025-01-05,jalan bdn ii,41,18,5,22,12,7,41,PM10,GOOD
2745,202501,2025-01-06,jalan bdn ii,42,20,4,28,12,7,42,PM10,GOOD
2746,202501,2025-01-07,jalan bdn ii,43,17,4,29,12,7,43,PM10,GOOD
2747,202501,2025-01-08,jalan bdn ii,42,17,4,27,12,7,42,PM10,GOOD
2748,202501,2025-01-09,jalan bdn ii,41,18,4,26,12,7,41,PM10,GOOD
2749,202501,2025-01-10,jalan bdn ii,41,21,4,27,11,7,41,PM10,GOOD
2750,202501,2025-01-11,jalan bdn ii,41,23,4,3,11,7,41,PM10,GOOD
2751,202501,2025-01-12,jalan bdn ii,39,15,4,3,12,7,39,PM10,GOOD
2752,202501,2025-01-13,jalan bdn ii,40,18,3,3,11,7,40,PM10,GOOD
2753,202501,2025-01-14,jalan bdn ii,40,16,4,3,11,7,40,PM10,GOOD
2754,202501,2025-01-15,jalan bdn ii,40,17,3,3,11,7,40,PM10,GOOD
2755,202501,2025-01-16,jalan bdn ii,39,16,3,3,10,7,39,PM10,GOOD
2756,202501,2025-01-17,jalan bdn ii,37,14,3,3,11,7,37,PM10,GOOD
2757,202501,2025-01-18,jalan bdn ii,35,10,3,3,11,8,35,PM10,GOOD
2758,202501,2025-01-19,jalan bdn ii,35,13,3,3,11,7,35,PM10,GOOD
2759,202501,2025-01-20,jalan bdn ii,35,12,3,3,11,7,35,PM10,GOOD
2760,202501,2025-01-21,jalan bdn ii,36,16,3,3,11,7,36,PM10,GOOD
2761,202501,2025-01-22,jalan bdn ii,37,17,3,3,11,7,37,PM10,GOOD
2762,202501,2025-01-23,jalan bdn ii,37,20,3,3,11,7,37,PM10,GOOD
2763,202501,2025-01-24,jalan bdn ii,36,18,3,3,11,7,36,PM10,GOOD
2764,202501,2025-01-25,jalan bdn ii,37,19,4,3,11,7,37,PM10,GOOD
2765,202501,2025-01-26,jalan bdn ii,34,13,3,3,11,7,34,PM10,GOOD
2766,202501,2025-01-27,jalan bdn ii,34,15,3,3,11,7,34,PM10,GOOD
2767,202501,2025-01-28,jalan bdn ii,35,14,3,3,11,7,35,PM10,GOOD
2768,202501,2025-01-29,jalan bdn ii,34,11,4,3,11,7,34,PM10,GOOD
2769,202501,2025-01-30,jalan bdn ii,36,14,3,3,11,6,36,PM10,GOOD
2770,202501,2025-01-31,jalan bdn ii,36,19,3,4,12,6,36,PM10,GOOD
2771,202502,2025-02-01,jalan bdn ii,37,21,6,4,12,6,37,PM10,GOOD
2772,202502,2025-02-02,jalan bdn ii,34,20,5,4,12,6,34,PM10,GOOD
2773,202502,2025-02-03,jalan bdn ii,36,23,4,4,12,6,36,PM10,GOOD
2774,202502,2025-02-04,jalan bdn ii,38,29,4,5,11,7,38,PM10,GOOD
2775,202502,2025-02-05,jalan bdn ii,35,20,4,5,12,7,35,PM10,GOOD
2776,202502,2025-02-06,jalan bdn ii,35,19,3,5,12,6,35,PM10,GOOD
2777,202502,2025-02-07,jalan bdn ii,33,20,3,4,12,6,33,PM10,GOOD
2778,202502,2025-02-08,jalan bdn ii,32,18,3,4,11,6,32,PM10,GOOD
2779,202502,2025-02-09,jalan bdn ii,31,15,3,4,12,6,31,PM10,GOOD
2780,202502,2025-02-10,jalan bdn ii,31,15,3,4,12,7,31,PM10,GOOD
2781,202502,2025-02-11,jalan bdn ii,33,19,3,4,12,7,33,PM10,GOOD
2782,202502,2025-02-12,jalan bdn ii,33,26,3,4,11,7,33,PM10,GOOD
2783,202502,2025-02-13,jalan bdn ii,36,23,3,4,11,7,36,PM10,GOOD
2784,202502,2025-02-14,jalan bdn ii,36,22,3,3,11,7,36,PM10,GOOD
2785,202502,2025-02-15,jalan bdn ii,34,26,3,3,11,7,34,PM10,GOOD
2786,202502,2025-02-16,jalan bdn ii,35,22,3,3,11,7,35,PM10,GOOD
2787,202502,2025-02-17,jalan bdn ii,34,19,3,3,11,6,34,PM10,GOOD
2788,202502,2025-02-18,jalan bdn ii,35,29,3,3,10,6,35,PM10,GOOD
2789,202502,2025-02-19,jalan bdn ii,32,16,3,3,10,7,32,PM10,GOOD
2790,202502,2025-02-20,jalan bdn ii,34,21,3,3,10,7,34,PM10,GOOD
2791,202502,2025-02-21,jalan bdn ii,35,23,3,3,10,7,35,PM10,GOOD
2792,202502,2025-02-22,jalan bdn ii,33,19,4,3,10,7,33,PM10,GOOD
2793,202502,2025-02-23,jalan bdn ii,32,21,3,3,10,7,32,PM10,GOOD
2794,202502,2025-02-24,jalan bdn ii,30,14,4,3,10,6,30,PM10,GOOD
2795,202502,2025-02-25,jalan bdn ii,31,22,4,3,10,6,31,PM10,GOOD
2796,202502,2025-02-26,jalan bdn ii,32,18,4,3,10,6,32,PM10,GOOD
2797,202502,2025-02-27,jalan bdn ii,33,25,4,3,10,6,33,PM10,GOOD
2798,202502,2025-02-28,jalan bdn ii,33,16,4,3,10,6,33,PM10,GOOD
2799,202503,2025-03-01,jalan bdn ii,34,20,4,3,10,6,34,PM10,GOOD
2800,202503,2025-03-02,jalan bdn ii,36,21,5,3,10,7,36,PM10,GOOD
2801,202503,2025-03-03,jalan bdn ii,35,19,5,3,10,7,35,PM10,GOOD
2802,202503,2025-03-04,jalan bdn ii,47,33,5,3,10,7,47,PM10,GOOD
2803,202503,2025-03-05,jalan bdn ii,44,23,7,3,10,7,44,PM10,GOOD
2804,202503,2025-03-06,jalan bdn ii,40,25,8,3,10,7,40,PM10,GOOD
2805,202503,2025-03-07,jalan bdn ii,34,17,7,3,10,7,34,PM10,GOOD
2806,202503,2025-03-08,jalan bdn ii,35,31,7,3,10,7,35,PM10,GOOD
2807,202503,2025-03-09,jalan bdn ii,33,15,6,3,10,8,33,PM10,GOOD
2808,202503,2025-03-10,jalan bdn ii,34,14,6,3,10,8,34,PM10,GOOD
2809,202503,2025-03-11,jalan bdn ii,30,16,5,3,10,7,30,PM10,GOOD
2810,202503,2025-03-12,jalan bdn ii,28,14,6,3,10,7,28,PM10,GOOD
2811,202503,2025-03-13,jalan bdn ii,30,19,6,3,10,7,30,PM10,GOOD
2812,202503,2025-03-14,jalan bdn ii,29,15,5,3,11,8,29,PM10,GOOD
2813,202503,2025-03-15,jalan bdn ii,32,15,5,3,11,7,32,PM10,GOOD
2814,202503,2025-03-16,jalan bdn ii,27,11,5,3,12,8,27,PM10,GOOD
2815,202503,2025-03-17,jalan bdn ii,28,17,4,3,12,7,28,PM10,GOOD
2816,202503,2025-03-18,jalan bdn ii,27,14,4,3,13,7,27,PM10,GOOD
2817,202503,2025-03-19,jalan bdn ii,28,22,4,3,14,8,28,PM10,GOOD
2818,202503,2025-03-20,jalan bdn ii,29,25,4,3,16,8,29,PM10,GOOD
2819,202503,2025-03-21,jalan bdn ii,30,19,4,3,16,7,30,PM10,GOOD
2820,202503,2025-03-22,jalan bdn ii,32,21,4,3,16,8,32,PM10,GOOD
2821,202503,2025-03-23,jalan bdn ii,31,15,4,3,16,8,31,PM10,GOOD
2822,202503,2025-03-24,jalan bdn ii,31,15,4,3,16,8,31,PM10,GOOD
2823,202503,2025-03-25,jalan bdn ii,31,17,4,3,15,7,31,PM10,GOOD
2824,202503,2025-03-26,jalan bdn ii,34,25,4,3,14,8,34,PM10,GOOD
2825,202503,2025-03-27,jalan bdn ii,34,21,4,4,14,8,34,PM10,GOOD
2826,202503,2025-03-28,jalan bdn ii,35,14,4,4,13,7,35,PM10,GOOD
2827,202503,2025-03-29,jalan bdn ii,33,10,4,4,13,7,33,PM10,GOOD
2828,202503,2025-03-30,jalan bdn ii,33,14,3,4,14,7,33,PM10,GOOD
2829,202503,2025-03-31,jalan bdn ii,34,11,3,4,13,7,34,PM10,GOOD
2830,202504,2025-04-01,jalan bdn ii,30,12,3,4,14,7,30,PM10,GOOD
2831,202504,2025-04-02,jalan bdn ii,28,10,3,8,14,7,28,PM10,GOOD
2832,202504,2025-04-03,jalan bdn ii,26,13,3,3,13,7,26,PM10,GOOD
2833,202504,2025-04-04,jalan bdn ii,27,14,3,1,14,7,27,PM10,GOOD
2834,202504,2025-04-05,jalan bdn ii,27,18,3,8,14,8,27,PM10,GOOD
2835,202504,2025-04-06,jalan bdn ii,26,15,4,1,13,8,26,PM10,GOOD
2836,202504,2025-04-07,jalan bdn ii,27,15,4,3,13,7,27,PM10,GOOD
2837,202504,2025-04-08,jalan bdn ii,26,15,5,1,13,8,26,PM10,GOOD
2838,202504,2025-04-09,jalan bdn ii,26,15,6,7,13,8,26,PM10,GOOD
2839,202504,2025-04-10,jalan bdn ii,25,15,6,9,12,8,25,PM10,GOOD
2840,202504,2025-04-11,jalan bdn ii,24,13,6,1,11,8,24,PM10,GOOD
2841,202504,2025-04-12,jalan bdn ii,23,15,5,3,12,9,23,PM10,GOOD
2842,202504,2025-04-13,jalan bdn ii,24,13,5,9,12,8,24,PM10,GOOD
2843,202504,2025-04-14,jalan bdn ii,26,15,5,0,12,7,26,PM10,GOOD
2844,202504,2025-04-15,jalan bdn ii,27,16,5,9,12,8,27,PM10,GOOD
2845,202504,2025-04-16,jalan bdn ii,30,11,6,6,13,7,30,PM10,GOOD
2846,202504,2025-04-17,jalan bdn ii,30,19,5,5,12,8,30,PM10,GOOD
2847,202504,2025-04-18,jalan bdn ii,30,18,5,8,13,8,30,PM10,GOOD
2848,202504,2025-04-19,jalan bdn ii,30,16,4,0,14,7,30,PM10,GOOD
2849,202504,2025-04-20,jalan bdn ii,29,15,5,0,14,7,29,PM10,GOOD
2850,202504,2025-04-21,jalan bdn ii,30,17,5,5,13,8,30,PM10,GOOD
2851,202504,2025-04-22,jalan bdn ii,30,16,5,5,13,,30,PM10,GOOD
2852,202504,2025-04-23,jalan bdn ii,30,15,5,5,13,7,30,PM10,GOOD
2853,202504,2025-04-24,jalan bdn ii,29,14,6,5,13,7,29,PM10,GOOD
2854,202504,2025-04-25,jalan bdn ii,31,17,6,5,13,7,31,PM10,GOOD
2855,202504,2025-04-26,jalan bdn ii,28,17,6,5,13,8,28,PM10,GOOD
2856,202504,2025-04-27,jalan bdn ii,28,17,6,5,13,7,28,PM10,GOOD
2857,202504,2025-04-28,jalan bdn ii,28,15,6,5,13,7,28,PM10,GOOD
2858,202504,2025-04-29,jalan bdn ii,29,16,5,5,13,7,29,PM10,GOOD
2859,202504,2025-04-30,jalan bdn ii,29,18,5,1,14,7,29,PM10,GOOD
2860,202505,2025-05-01,jalan bdn ii,32,20,7,23,14,10,32,PM10,GOOD
2861,202505,2025-05-02,jalan bdn ii,39,25,10,36,16,19,39,PM10,GOOD
2862,202505,2025-05-03,jalan bdn ii,35,26,14,28,17,20,35,PM10,GOOD
2863,202505,2025-05-04,jalan bdn ii,34,23,14,20,18,23,34,PM10,GOOD
2864,202505,2025-05-05,jalan bdn ii,39,26,15,14,19,25,39,PM10,GOOD
2865,202505,2025-05-06,jalan bdn ii,36,24,16,9,19,25,36,PM10,GOOD
2866,202505,2025-05-07,jalan bdn ii,40,26,17,9,19,26,40,PM10,GOOD
2867,202505,2025-05-08,jalan bdn ii,47,34,17,33,19,26,47,PM10,GOOD
2868,202505,2025-05-09,jalan bdn ii,43,32,18,17,19,30,43,PM10,GOOD
2869,202505,2025-05-10,jalan bdn ii,51,36,17,6,18,32,51,PM10,MEDIUM
2870,202505,2025-05-11,jalan bdn ii,44,33,16,-1,19,31,44,PM10,GOOD
2871,202505,2025-05-12,jalan bdn ii,42,33,18,11,20,34,42,PM10,GOOD
2872,202505,2025-05-13,jalan bdn ii,37,32,18,-3,20,33,37,PM10,GOOD
2873,202505,2025-05-14,jalan bdn ii,28,25,17,-4,24,37,37,NO2,GOOD
2874,202505,2025-05-15,jalan bdn ii,25,19,15,27,22,31,31,NO2,GOOD
2875,202505,2025-05-16,jalan bdn ii,28,18,14,-5,20,26,28,PM10,GOOD
2876,202505,2025-05-17,jalan bdn ii,29,20,14,-10,19,26,29,PM10,GOOD
2877,202505,2025-05-18,jalan bdn ii,27,19,16,-24,21,37,37,NO2,GOOD
2878,202505,2025-05-19,jalan bdn ii,23,16,18,-7,23,41,41,NO2,GOOD
2879,202505,2025-05-20,jalan bdn ii,28,19,19,-15,23,34,34,NO2,GOOD
2880,202505,2025-05-21,jalan bdn ii,44,30,20,0,23,40,44,PM10,GOOD
2881,202505,2025-05-22,jalan bdn ii,29,25,19,3,22,36,36,NO2,GOOD
2882,202505,2025-05-23,jalan bdn ii,32,22,18,-32,21,32,32,PM10,GOOD
2883,202505,2025-05-24,jalan bdn ii,30,20,19,-4,22,39,39,NO2,GOOD
2884,202505,2025-05-25,jalan bdn ii,44,27,19,-5,20,39,44,PM10,GOOD
2885,202505,2025-05-26,jalan bdn ii,47,33,21,-6,19,37,47,PM10,GOOD
2886,202505,2025-05-27,jalan bdn ii,41,31,20,-5,19,39,41,PM10,GOOD
2887,202505,2025-05-28,jalan bdn ii,54,37,20,-5,17,34,54,PM10,MEDIUM
2888,202505,2025-05-29,jalan bdn ii,51,36,18,-13,17,37,51,PM10,MEDIUM
2889,202505,2025-05-30,jalan bdn ii,54,36,19,3,18,34,54,PM10,MEDIUM
2890,202505,2025-05-31,jalan bdn ii,65,43,17,3,18,38,65,PM10,MEDIUM
2891,202506,2025-06-01,jalan bdn ii,59,40,17,-5,19,39,59,PM10,MEDIUM
2892,202506,2025-06-02,jalan bdn ii,67,42,18,15,19,42,67,PM10,MEDIUM
2893,202506,2025-06-03,jalan bdn ii,67,41,17,5,20,45,67,PM10,MEDIUM
2894,202506,2025-06-04,jalan bdn ii,80,47,18,18,18,41,80,PM10,MEDIUM
2895,202506,2025-06-05,jalan bdn ii,75,50,17,14,18,43,75,PM10,MEDIUM
2896,202506,2025-06-06,jalan bdn ii,73,50,17,0,19,43,73,PM10,MEDIUM
2897,202506,2025-06-07,jalan bdn ii,74,46,18,7,20,41,74,PM10,MEDIUM
2898,202506,2025-06-08,jalan bdn ii,65,40,17,6,19,38,65,PM10,MEDIUM
2899,202506,2025-06-09,jalan bdn ii,65,40,18,19,19,37,65,PM10,MEDIUM
2900,202506,2025-06-10,jalan bdn ii,60,37,17,27,18,34,60,PM10,MEDIUM
2901,202506,2025-06-11,jalan bdn ii,56,34,16,38,18,32,56,PM10,MEDIUM
2902,202506,2025-06-12,jalan bdn ii,54,34,16,20,16,32,54,PM10,MEDIUM
2903,202506,2025-06-13,jalan bdn ii,52,35,15,6,16,32,52,PM10,MEDIUM
2904,202506,2025-06-14,jalan bdn ii,52,30,15,41,17,35,52,PM10,MEDIUM
2905,202506,2025-06-15,jalan bdn ii,46,26,16,24,16,32,46,PM10,GOOD
2906,202506,2025-06-16,jalan bdn ii,45,22,18,33,17,30,45,PM10,GOOD
2907,202506,2025-06-17,jalan bdn ii,39,20,18,36,17,31,39,PM10,GOOD
2908,202506,2025-06-18,jalan bdn ii,34,16,15,29,18,29,34,PM10,GOOD
2909,202506,2025-06-19,jalan bdn ii,38,19,16,26,19,29,38,PM10,GOOD
2910,202506,2025-06-20,jalan bdn ii,41,23,15,20,19,29,41,PM10,GOOD
2911,202506,2025-06-21,jalan bdn ii,37,22,14,20,19,27,37,PM10,GOOD
2912,202506,2025-06-22,jalan bdn ii,40,25,13,16,20,23,40,PM10,GOOD
2913,202506,2025-06-23,jalan bdn ii,42,26,13,22,20,23,42,PM10,GOOD
2914,202506,2025-06-24,jalan bdn ii,48,30,13,21,19,26,48,PM10,GOOD
2915,202506,2025-06-25,jalan bdn ii,57,37,13,20,21,26,57,PM10,MEDIUM
2916,202506,2025-06-26,jalan bdn ii,52,35,13,16,21,25,52,PM10,MEDIUM
2917,202506,2025-06-27,jalan bdn ii,57,34,13,42,18,22,57,PM10,MEDIUM
2918,202506,2025-06-28,jalan bdn ii,63,36,13,26,19,25,63,PM10,MEDIUM
2919,202506,2025-06-29,jalan bdn ii,60,34,14,17,20,24,60,PM10,MEDIUM
2920,202506,2025-06-30,jalan bdn ii,70,37,14,17,20,24,70,PM10,MEDIUM
2921,202507,2025-07-01,jalan bdn ii,46,23,12,31,19,22,46,PM10,GOOD
2922,202507,2025-07-02,jalan bdn ii,25,18,12,19,18,24,25,PM10,GOOD
2923,202507,2025-07-03,jalan bdn ii,25,21,13,17,18,24,25,PM10,GOOD
2924,202507,2025-07-04,jalan bdn ii,33,21,12,22,18,24,33,PM10,GOOD
2925,202507,2025-07-05,jalan bdn ii,37,23,12,28,18,25,37,PM10,GOOD
2926,202507,2025-07-06,jalan bdn ii,34,20,12,27,18,23,34,PM10,GOOD
2927,202507,2025-07-07,jalan bdn ii,32,18,12,28,18,23,32,PM10,GOOD
2928,202507,2025-07-08,jalan bdn ii,31,17,11,26,19,23,31,PM10,GOOD
2929,202507,2025-07-09,jalan bdn ii,31,19,11,29,17,21,31,PM10,GOOD
2930,202507,2025-07-10,jalan bdn ii,35,21,11,27,18,21,35,PM10,GOOD
2931,202507,2025-07-11,jalan bdn ii,39,25,11,26,17,21,39,PM10,GOOD
2932,202507,2025-07-12,jalan bdn ii,58,39,12,34,18,21,58,PM10,MEDIUM
2933,202507,2025-07-13,jalan bdn ii,67,41,12,28,18,20,67,PM10,MEDIUM
2934,202507,2025-07-14,jalan bdn ii,64,38,11,29,19,19,64,PM10,MEDIUM
2935,202507,2025-07-15,jalan bdn ii,60,34,11,26,19,19,60,PM10,MEDIUM
2936,202507,2025-07-16,jalan bdn ii,58,35,12,20,18,19,58,PM10,MEDIUM
2937,202507,2025-07-17,jalan bdn ii,61,31,12,18,18,21,61,PM10,MEDIUM
2938,202507,2025-07-18,jalan bdn ii,57,29,11,22,18,19,57,PM10,MEDIUM
2939,202507,2025-07-19,jalan bdn ii,52,29,11,16,19,19,52,PM10,MEDIUM
2940,202507,2025-07-20,jalan bdn ii,53,28,11,22,19,18,53,PM10,MEDIUM
2941,202507,2025-07-21,jalan bdn ii,46,25,12,14,20,18,46,PM10,GOOD
2942,202507,2025-07-22,jalan bdn ii,57,29,12,17,21,19,57,PM10,MEDIUM
2943,202507,2025-07-23,jalan bdn ii,53,32,11,11,19,22,53,PM10,MEDIUM
2944,202507,2025-07-24,jalan bdn ii,55,32,11,6,18,18,55,PM10,MEDIUM
2945,202507,2025-07-25,jalan bdn ii,59,36,11,13,20,19,59,PM10,MEDIUM
2946,202507,2025-07-26,jalan bdn ii,66,41,13,8,20,20,66,PM10,MEDIUM
2947,202507,2025-07-27,jalan bdn ii,71,45,12,12,21,23,71,PM10,MEDIUM
2948,202507,2025-07-28,jalan bdn ii,64,41,13,9,20,24,64,PM10,MEDIUM
2949,202507,2025-07-29,jalan bdn ii,58,33,13,6,22,25,58,PM10,MEDIUM
2950,202507,2025-07-30,jalan bdn ii,39,23,11,29,19,19,39,PM10,GOOD
2951,202507,2025-07-31,jalan bdn ii,31,18,10,27,19,18,31,PM10,GOOD
2952,202508,2025-08-01,jalan bdn ii,26,13,7,37,15,17,37,CO,GOOD
2953,202508,2025-08-02,jalan bdn ii,24,11,7,41,15,17,41,CO,GOOD
2954,202508,2025-08-03,jalan bdn ii,23,10,7,32,14,15,32,CO,GOOD
2955,202508,2025-08-04,jalan bdn ii,24,11,5,39,13,13,39,CO,GOOD
2956,202508,2025-08-05,jalan bdn ii,23,11,5,31,13,12,31,CO,GOOD
2957,202508,2025-08-06,jalan bdn ii,24,11,4,42,12,11,42,CO,GOOD
2958,202508,2025-08-07,jalan bdn ii,31,18,6,30,14,14,31,PM10,GOOD
2959,202508,2025-08-08,jalan bdn ii,35,21,10,21,17,17,35,PM10,GOOD
2960,202508,2025-08-09,jalan bdn ii,38,24,10,11,19,17,38,PM10,GOOD
2961,202508,2025-08-10,jalan bdn ii,39,22,12,11,17,15,39,PM10,GOOD
2962,202508,2025-08-11,jalan bdn ii,32,18,8,23,16,14,32,PM10,GOOD
2963,202508,2025-08-12,jalan bdn ii,25,13,4,5,14,9,25,PM10,GOOD
2964,202508,2025-08-13,jalan bdn ii,22,11,4,9,13,8,22,PM10,GOOD
2965,202508,2025-08-14,jalan bdn ii,23,11,3,6,13,7,23,PM10,GOOD
2966,202508,2025-08-15,jalan bdn ii,20,10,2,5,13,7,20,PM10,GOOD
2967,202508,2025-08-16,jalan bdn ii,20,8,2,6,13,6,20,PM10,GOOD
2968,202508,2025-08-17,jalan bdn ii,19,9,2,6,13,6,19,PM10,GOOD
2969,202508,2025-08-18,jalan bdn ii,20,9,2,6,12,6,20,PM10,GOOD
2970,202508,2025-08-19,jalan bdn ii,19,8,2,6,12,6,19,PM10,GOOD
2971,202508,2025-08-20,jalan bdn ii,20,8,2,7,12,6,20,PM10,GOOD
2972,202508,2025-08-21,jalan bdn ii,20,9,2,5,12,6,20,PM10,GOOD
2973,202508,2025-08-22,jalan bdn ii,21,11,2,5,12,6,21,PM10,GOOD
2974,202508,2025-08-23,jalan bdn ii,21,11,2,5,12,6,21,PM10,GOOD
2975,202508,2025-08-24,jalan bdn ii,22,13,2,5,12,6,22,PM10,GOOD
2976,202508,2025-08-25,jalan bdn ii,23,11,2,6,12,5,23,PM10,GOOD
2977,202508,2025-08-26,jalan bdn ii,22,11,2,7,11,5,22,PM10,GOOD
2978,202508,2025-08-27,jalan bdn ii,24,14,1,5,11,5,24,PM10,GOOD
2979,202508,2025-08-28,jalan bdn ii,25,14,1,5,11,5,25,PM10,GOOD
2980,202508,2025-08-29,jalan bdn ii,26,15,2,5,12,5,26,PM10,GOOD
2981,202508,2025-08-30,jalan bdn ii,25,15,1,5,11,5,25,PM10,GOOD
2982,202508,2025-08-31,jalan bdn ii,24,14,1,6,11,5,24,PM10,GOOD
2983,202509,2025-09-01,jalan bdn ii,23,10,1,8,10,5,23,PM10,GOOD
2984,202509,2025-09-02,jalan bdn ii,23,10,1,9,10,5,23,PM10,GOOD
2985,202509,2025-09-03,jalan bdn ii,20,9,1,7,11,5,20,PM10,GOOD
2986,202509,2025-09-04,jalan bdn ii,29,14,3,5,10,14,29,PM10,GOOD
2987,202509,2025-09-05,jalan bdn ii,25,11,2,5,9,9,25,PM10,GOOD
2988,202509,2025-09-06,jalan bdn ii,21,8,1,7,11,6,21,PM10,GOOD
2989,202509,2025-09-07,jalan bdn ii,20,9,1,6,10,6,20,PM10,GOOD
2990,202509,2025-09-08,jalan bdn ii,22,11,1,4,10,6,22,PM10,GOOD
2991,202509,2025-09-09,jalan bdn ii,21,9,1,4,10,6,21,PM10,GOOD
2992,202509,2025-09-10,jalan bdn ii,23,9,1,4,10,6,23,PM10,GOOD
2993,202509,2025-09-11,jalan bdn ii,19,8,1,4,11,6,19,PM10,GOOD
2994,202509,2025-09-12,jalan bdn ii,28,8,1,3,10,5,28,PM10,GOOD
2995,202509,2025-09-13,jalan bdn ii,17,7,1,4,10,5,17,PM10,GOOD
2996,202509,2025-09-14,jalan bdn ii,18,8,1,3,11,5,18,PM10,GOOD
2997,202509,2025-09-15,jalan bdn ii,21,10,2,6,12,7,21,PM10,GOOD
2998,202509,2025-09-16,jalan bdn ii,28,12,3,10,12,7,28,PM10,GOOD
2999,202509,2025-09-17,jalan bdn ii,28,12,3,6,13,8,28,PM10,GOOD
3000,202509,2025-09-18,jalan bdn ii,38,19,6,3,15,11,38,PM10,GOOD
3001,202509,2025-09-19,jalan bdn ii,50,26,5,3,15,13,50,PM10,GOOD
3002,202509,2025-09-20,jalan bdn ii,47,26,7,2,15,16,47,PM10,GOOD
3003,202509,2025-09-21,jalan bdn ii,35,21,7,21,17,15,35,PM10,GOOD
3004,202509,2025-09-22,jalan bdn ii,33,20,9,23,17,16,33,PM10,GOOD
3005,202509,2025-09-23,jalan bdn ii,35,23,8,23,15,17,35,PM10,GOOD
3006,202509,2025-09-24,jalan bdn ii,39,30,5,35,14,16,39,PM10,GOOD
3007,202509,2025-09-25,jalan bdn ii,54,29,14,35,12,26,54,PM10,MEDIUM
3008,202509,2025-09-26,jalan bdn ii,56,31,19,32,11,41,56,PM10,MEDIUM
3009,202509,2025-09-27,jalan bdn ii,38,22,10,36,9,41,41,NO2,GOOD
3010,202509,2025-09-28,jalan bdn ii,41,23,6,24,11,41,41,PM10,GOOD
3011,202509,2025-09-29,jalan bdn ii,73,38,15,59,33,43,73,PM10,MEDIUM
3012,202509,2025-09-30,jalan bdn ii,82,34,19,91,37,53,91,CO,MEDIUM
3013,202510,2025-10-01,jalan bdn ii,95,26,20,106,22,57,106,CO,UNHEALTHY
3014,202510,2025-10-02,jalan bdn ii,40,26,13,48,15,54,54,NO2,MEDIUM
3015,202510,2025-10-03,jalan bdn ii,38,25,19,50,21,67,67,NO2,MEDIUM
3016,202510,2025-10-04,jalan bdn ii,80,23,28,58,38,65,80,PM10,MEDIUM
3017,202510,2025-10-05,jalan bdn ii,150,30,21,56,38,63,150,PM10,UNHEALTHY
3018,202510,2025-10-06,jalan bdn ii,166,23,24,60,22,74,166,PM10,UNHEALTHY
3019,202510,2025-10-07,jalan bdn ii,91,31,23,55,24,57,91,PM10,MEDIUM
3020,202510,2025-10-08,jalan bdn ii,91,50,26,58,52,57,91,PM10,MEDIUM
3021,202510,2025-10-09,jalan bdn ii,125,55,23,58,49,62,125,PM10,UNHEALTHY
3022,202510,2025-10-10,jalan bdn ii,100,48,25,57,45,70,100,PM10,MEDIUM
3023,202510,2025-10-11,jalan bdn ii,126,48,23,57,47,61,126,PM10,UNHEALTHY
3024,202510,2025-10-12,jalan bdn ii,106,47,21,57,48,54,106,PM10,UNHEALTHY
3025,202510,2025-10-13,jalan bdn ii,89,43,18,58,40,48,89,PM10,MEDIUM
3026,202510,2025-10-14,jalan bdn ii,63,42,16,54,35,43,63,PM10,MEDIUM
3027,202510,2025-10-15,jalan bdn ii,109,36,18,56,36,49,109,PM10,UNHEALTHY
3028,202510,2025-10-16,jalan bdn ii,91,41,25,56,35,55,91,PM10,MEDIUM
3029,202510,2025-10-17,jalan bdn ii,84,50,29,56,36,56,84,PM10,MEDIUM
3030,202510,2025-10-18,jalan bdn ii,101,44,20,58,46,53,101,PM10,UNHEALTHY
3031,202510,2025-10-19,jalan bdn ii,139,51,24,61,41,60,139,PM10,UNHEALTHY
3032,202510,2025-10-20,jalan bdn ii,105,48,25,115,35,57,115,CO,UNHEALTHY
3033,202510,2025-10-21,jalan bdn ii,130,44,25,117,39,58,130,PM10,UNHEALTHY
3034,202510,2025-10-22,jalan bdn ii,75,24,21,85,18,54,85,CO,MEDIUM
3035,202510,2025-10-23,jalan bdn ii,47,23,19,76,16,46,76,CO,MEDIUM
3036,202510,2025-10-24,jalan bdn ii,29,17,17,56,12,34,56,CO,MEDIUM
3037,202510,2025-10-25,jalan bdn ii,27,14,17,59,20,43,59,CO,MEDIUM
3038,202510,2025-10-26,jalan bdn ii,50,19,17,58,29,49,58,CO,MEDIUM
3039,202510,2025-10-27,jalan bdn ii,62,22,19,58,39,49,62,PM10,MEDIUM
3040,202510,2025-10-28,jalan bdn ii,73,27,22,59,35,55,73,PM10,MEDIUM
3041,202510,2025-10-29,jalan bdn ii,37,28,22,62,20,52,62,CO,MEDIUM
3042,202510,2025-10-30,jalan bdn ii,44,26,21,63,22,54,63,CO,MEDIUM
3043,202510,2025-10-31,jalan bdn ii,56,28,20,63,23,50,63,CO,MEDIUM
3044,202301,2023-01-01,kebon jeruk,30,-,21,13,14,1,52,PM10,MEDIUM
3045,202301,2023-01-02,kebon jeruk,25,-,30,13,16,2,48,PM10,GOOD
3046,202301,2023-01-03,kebon jeruk,22,-,28,11,15,-,49,PM10,GOOD
3047,202301,2023-01-04,kebon jeruk,26,-,31,12,17,2,54,PM10,MEDIUM
3048,202301,2023-01-05,kebon jeruk,35,-,26,23,18,-,53,PM10,MEDIUM
3049,202301,2023-01-06,kebon jeruk,21,-,19,11,16,-,55,PM10,MEDIUM
3050,202301,2023-01-07,kebon jeruk,20,-,19,11,12,-,48,PM10,GOOD
3051,202301,2023-01-08,kebon jeruk,20,-,23,10,12,-,58,PM25,MEDIUM
3052,202301,2023-01-09,kebon jeruk,17,-,24,10,17,-,69,PM25,MEDIUM
3053,202301,2023-01-10,kebon jeruk,27,-,23,11,17,-,53,PM25,MEDIUM
3054,202301,2023-01-11,kebon jeruk,35,-,24,16,10,-,45,PM25,GOOD
3055,202301,2023-01-12,kebon jeruk,40,-,24,19,39,8,27,PM25,GOOD
3056,202301,2023-01-13,kebon jeruk,51,-,25,18,47,12,26,PM25,GOOD
3057,202301,2023-01-14,kebon jeruk,51,-,24,19,35,8,25,PM25,GOOD
3058,202301,2023-01-15,kebon jeruk,36,-,25,13,24,5,33,PM25,GOOD
3059,202301,2023-01-16,kebon jeruk,21,-,22,10,23,2,51,PM25,MEDIUM
3060,202301,2023-01-17,kebon jeruk,33,-,26,14,21,3,67,PM25,MEDIUM
3061,202301,2023-01-18,kebon jeruk,49,-,45,17,24,7,74,PM25,MEDIUM
3062,202301,2023-01-19,kebon jeruk,53,-,41,19,23,6,73,PM25,MEDIUM
3063,202301,2023-01-20,kebon jeruk,34,-,34,12,26,5,72,PM25,MEDIUM
3064,202301,2023-01-21,kebon jeruk,35,-,26,14,22,3,59,PM25,MEDIUM
3065,202301,2023-01-22,kebon jeruk,22,-,25,11,23,4,37,PM10,GOOD
3066,202301,2023-01-23,kebon jeruk,17,-,28,9,25,-,24,PM10,GOOD
3067,202301,2023-01-24,kebon jeruk,19,-,29,9,26,1,54,PM10,MEDIUM
3068,202301,2023-01-25,kebon jeruk,24,-,52,10,21,2,32,PM10,GOOD
3069,202301,2023-01-26,kebon jeruk,35,-,27,13,25,3,33,PM10,GOOD
3070,202301,2023-01-27,kebon jeruk,38,-,27,16,27,6,23,PM10,GOOD
3071,202301,2023-01-28,kebon jeruk,27,-,26,16,25,6,28,PM10,GOOD
3072,202301,2023-01-29,kebon jeruk,54,-,27,26,25,4,28,SO2,GOOD
3073,202301,2023-01-30,kebon jeruk,42,-,25,17,26,5,32,PM10,GOOD
3074,202301,2023-01-31,kebon jeruk,38,-,42,16,28,8,50,PM10,GOOD
3075,202302,2023-02-01,kebon jeruk,35,-,41,16,29,8,41,SO2,GOOD
3076,202302,2023-02-02,kebon jeruk,38,-,28,18,31,7,38,PM10,GOOD
3077,202302,2023-02-03,kebon jeruk,19,-,36,14,25,4,36,SO2,GOOD
3078,202302,2023-02-04,kebon jeruk,50,-,47,22,25,-,50,PM10,GOOD
3079,202302,2023-02-05,kebon jeruk,35,-,31,15,25,5,35,PM10,GOOD
3080,202302,2023-02-06,kebon jeruk,29,-,36,11,24,2,36,SO2,GOOD
3081,202302,2023-02-07,kebon jeruk,26,-,32,12,25,4,32,SO2,GOOD
3082,202302,2023-02-08,kebon jeruk,-,-,24,16,26,6,26,O3,GOOD
3083,202302,2023-02-09,kebon jeruk,22,-,22,12,19,3,22,PM10,GOOD
3084,202302,2023-02-10,kebon jeruk,16,-,24,11,24,2,24,SO2,GOOD
3085,202302,2023-02-11,kebon jeruk,26,-,22,15,28,4,28,O3,GOOD
3086,202302,2023-02-12,kebon jeruk,23,-,22,11,25,5,25,O3,GOOD
3087,202302,2023-02-13,kebon jeruk,27,-,21,14,20,3,27,PM10,GOOD
3088,202302,2023-02-14,kebon jeruk,20,-,21,11,21,3,21,SO2,GOOD
3089,202302,2023-02-15,kebon jeruk,13,-,22,11,22,2,22,SO2,GOOD
3090,202302,2023-02-16,kebon jeruk,21,-,24,11,21,2,24,SO2,GOOD
3091,202302,2023-02-17,kebon jeruk,21,-,20,9,19,9,21,PM10,GOOD
3092,202302,2023-02-18,kebon jeruk,50,-,17,16,24,17,50,PM10,GOOD
3093,202302,2023-02-19,kebon jeruk,47,-,16,15,27,18,47,PM10,GOOD
3094,202302,2023-02-20,kebon jeruk,30,-,15,11,20,8,30,PM10,GOOD
3095,202302,2023-02-21,kebon jeruk,25,-,17,8,20,7,25,PM10,GOOD
3096,202302,2023-02-22,kebon jeruk,18,-,17,8,22,9,22,O3,GOOD
3097,202302,2023-02-23,kebon jeruk,28,-,15,12,25,15,28,PM10,GOOD
3098,202302,2023-02-24,kebon jeruk,18,-,13,11,28,18,28,O3,GOOD
3099,202302,2023-02-25,kebon jeruk,35,-,13,12,31,18,35,PM10,GOOD
3100,202302,2023-02-26,kebon jeruk,23,-,14,9,32,11,32,O3,GOOD
3101,202302,2023-02-27,kebon jeruk,20,-,13,8,33,13,33,O3,GOOD
3102,202302,2023-02-28,kebon jeruk,30,-,21,11,28,18,30,PM10,GOOD
3103,202303,2023-03-01,kebon jeruk,28,-,17,10,25,14,28,PM10,GOOD
3104,202303,2023-03-02,kebon jeruk,30,-,16,12,19,15,30,PM10,GOOD
3105,202303,2023-03-03,kebon jeruk,39,-,18,12,22,16,39,PM10,GOOD
3106,202303,2023-03-04,kebon jeruk,25,-,15,14,22,13,25,PM10,GOOD
3107,202303,2023-03-05,kebon jeruk,28,-,16,12,21,12,28,PM10,GOOD
3108,202303,2023-03-06,kebon jeruk,17,-,14,9,20,7,20,O3,GOOD
3109,202303,2023-03-07,kebon jeruk,35,-,18,10,23,9,35,PM10,GOOD
3110,202303,2023-03-08,kebon jeruk,32,-,22,10,23,14,32,PM10,GOOD
3111,202303,2023-03-09,kebon jeruk,41,-,15,19,28,21,41,PM10,GOOD
3112,202303,2023-03-10,kebon jeruk,53,-,15,16,29,14,53,PM10,MEDIUM
3113,202303,2023-03-11,kebon jeruk,50,-,14,16,35,20,50,PM10,GOOD
3114,202303,2023-03-12,kebon jeruk,60,-,15,21,37,22,60,PM10,MEDIUM
3115,202303,2023-03-13,kebon jeruk,57,-,17,16,34,20,57,PM10,MEDIUM
3116,202303,2023-03-14,kebon jeruk,56,-,18,13,28,18,56,PM10,MEDIUM
3117,202303,2023-03-15,kebon jeruk,26,-,15,10,33,13,33,O3,GOOD
3118,202303,2023-03-16,kebon jeruk,59,-,14,27,24,35,59,PM10,MEDIUM
3119,202303,2023-03-17,kebon jeruk,52,-,14,15,33,17,52,PM10,MEDIUM
3120,202303,2023-03-18,kebon jeruk,52,-,14,14,37,20,52,PM10,MEDIUM
3121,202303,2023-03-19,kebon jeruk,50,-,14,14,37,18,50,PM10,GOOD
3122,202303,2023-03-20,kebon jeruk,57,-,16,16,41,18,57,PM10,MEDIUM
3123,202303,2023-03-21,kebon jeruk,53,-,16,18,38,28,53,PM10,MEDIUM
3124,202303,2023-03-22,kebon jeruk,46,-,14,11,46,14,46,PM10,GOOD
3125,202303,2023-03-23,kebon jeruk,38,-,14,9,39,13,39,O3,GOOD
3126,202303,2023-03-24,kebon jeruk,53,-,14,13,43,17,53,PM10,MEDIUM
3127,202303,2023-03-25,kebon jeruk,49,-,16,10,35,14,49,PM10,GOOD
3128,202303,2023-03-26,kebon jeruk,37,-,17,12,36,18,37,PM10,GOOD
3129,202303,2023-03-27,kebon jeruk,38,-,15,12,30,15,38,PM10,GOOD
3130,202303,2023-03-28,kebon jeruk,60,-,18,25,29,21,60,PM10,MEDIUM
3131,202303,2023-03-29,kebon jeruk,60,-,15,30,28,19,60,PM10,MEDIUM
3132,202303,2023-03-30,kebon jeruk,52,-,21,25,26,19,52,PM10,MEDIUM
3133,202303,2023-03-31,kebon jeruk,51,-,20,11,35,16,51,PM10,MEDIUM
3134,202304,2023-04-01,kebon jeruk,-,-,-,-,-,-,-,,TIDAK ADA DATA
3135,202304,2023-04-02,kebon jeruk,-,-,-,-,-,-,-,,TIDAK ADA DATA
3136,202304,2023-04-03,kebon jeruk,-,-,-,-,-,-,-,,TIDAK ADA DATA
3137,202304,2023-04-04,kebon jeruk,39,-,18,11,31,11,39,PM10,GOOD
3138,202304,2023-04-05,kebon jeruk,36,-,19,9,24,12,36,PM10,GOOD
3139,202304,2023-04-06,kebon jeruk,-,-,-,-,-,-,0,-,TIDAK ADA DATA
3140,202304,2023-04-07,kebon jeruk,37,-,18,9,24,11,37,PM10,GOOD
3141,202304,2023-04-08,kebon jeruk,58,-,20,10,44,14,58,PM10,MEDIUM
3142,202304,2023-04-09,kebon jeruk,57,-,24,12,33,15,57,PM10,MEDIUM
3143,202304,2023-04-10,kebon jeruk,27,-,16,6,28,9,28,O3,GOOD
3144,202304,2023-04-11,kebon jeruk,23,-,15,5,26,5,26,O3,GOOD
3145,202304,2023-04-12,kebon jeruk,15,-,15,5,24,4,24,O3,GOOD
3146,202304,2023-04-13,kebon jeruk,17,-,14,5,28,4,28,O3,GOOD
3147,202304,2023-04-14,kebon jeruk,28,-,16,7,29,9,29,O3,GOOD
3148,202304,2023-04-15,kebon jeruk,40,-,18,12,34,16,40,PM10,GOOD
3149,202304,2023-04-16,kebon jeruk,31,-,15,7,35,8,35,O3,GOOD
3150,202304,2023-04-17,kebon jeruk,19,-,15,6,35,7,35,O3,GOOD
3151,202304,2023-04-18,kebon jeruk,49,-,16,9,50,14,50,O3,GOOD
3152,202304,2023-04-19,kebon jeruk,48,-,15,12,51,16,51,O3,MEDIUM
3153,202304,2023-04-20,kebon jeruk,51,-,15,12,50,15,51,PM10,MEDIUM
3154,202304,2023-04-21,kebon jeruk,35,-,15,9,55,12,55,O3,MEDIUM
3155,202304,2023-04-22,kebon jeruk,40,-,15,7,49,12,49,O3,GOOD
3156,202304,2023-04-23,kebon jeruk,35,-,15,2,53,8,53,O3,MEDIUM
3157,202304,2023-04-24,kebon jeruk,39,-,15,8,47,14,47,O3,GOOD
3158,202304,2023-04-25,kebon jeruk,34,-,15,-,47,10,47,O3,GOOD
3159,202304,2023-04-26,kebon jeruk,44,-,15,11,44,15,44,PM10,GOOD
3160,202304,2023-04-27,kebon jeruk,48,-,15,10,48,19,48,PM10,GOOD
3161,202304,2023-04-28,kebon jeruk,31,-,14,-,49,11,49,O3,GOOD
3162,202304,2023-04-29,kebon jeruk,45,-,14,10,48,18,48,O3,GOOD
3163,202304,2023-04-30,kebon jeruk,59,-,14,12,53,21,59,PM10,MEDIUM
3164,202305,2023-05-01,kebon jeruk,43,-,15,-,51,13,51,O3,MEDIUM
3165,202305,2023-05-02,kebon jeruk,65,-,-,14,44,21,65,PM10,MEDIUM
3166,202305,2023-05-03,kebon jeruk,50,-,17,16,44,19,50,PM10,GOOD
3167,202305,2023-05-04,kebon jeruk,37,-,17,14,48,20,48,O3,GOOD
3168,202305,2023-05-05,kebon jeruk,42,-,16,22,57,23,57,O3,MEDIUM
3169,202305,2023-05-06,kebon jeruk,39,-,18,16,52,21,52,O3,MEDIUM
3170,202305,2023-05-07,kebon jeruk,57,-,18,23,45,25,57,PM10,MEDIUM
3171,202305,2023-05-08,kebon jeruk,42,-,16,16,51,14,51,O3,MEDIUM
3172,202305,2023-05-09,kebon jeruk,52,-,19,22,47,24,52,PM10,MEDIUM
3173,202305,2023-05-10,kebon jeruk,60,-,19,18,50,22,60,PM10,MEDIUM
3174,202305,2023-05-11,kebon jeruk,53,-,20,14,50,16,53,PM10,MEDIUM
3175,202305,2023-05-12,kebon jeruk,18,-,22,11,31,14,31,O3,GOOD
3176,202305,2023-05-13,kebon jeruk,39,-,20,15,45,17,45,O3,GOOD
3177,202305,2023-05-14,kebon jeruk,46,-,18,18,44,19,46,PM10,GOOD
3178,202305,2023-05-15,kebon jeruk,48,-,21,18,41,18,48,PM10,GOOD
3179,202305,2023-05-16,kebon jeruk,53,-,20,16,45,17,53,PM10,MEDIUM
3180,202305,2023-05-17,kebon jeruk,52,-,20,17,41,20,52,PM10,MEDIUM
3181,202305,2023-05-18,kebon jeruk,49,-,23,16,42,20,49,PM10,GOOD
3182,202305,2023-05-19,kebon jeruk,58,-,21,17,48,21,58,PM10,MEDIUM
3183,202305,2023-05-20,kebon jeruk,57,-,24,18,45,25,57,PM10,MEDIUM
3184,202305,2023-05-21,kebon jeruk,61,-,21,18,48,19,61,PM10,MEDIUM
3185,202305,2023-05-22,kebon jeruk,52,-,17,20,55,21,55,O3,MEDIUM
3186,202305,2023-05-23,kebon jeruk,61,-,20,19,46,22,61,PM10,MEDIUM
3187,202305,2023-05-24,kebon jeruk,66,-,22,24,38,27,66,PM10,MEDIUM
3188,202305,2023-05-25,kebon jeruk,68,-,22,23,46,25,68,PM10,MEDIUM
3189,202305,2023-05-26,kebon jeruk,63,-,20,20,53,23,63,PM10,MEDIUM
3190,202305,2023-05-27,kebon jeruk,57,-,22,15,54,19,57,PM10,MEDIUM
3191,202305,2023-05-28,kebon jeruk,53,-,19,17,60,20,60,O3,MEDIUM
3192,202305,2023-05-29,kebon jeruk,63,-,21,20,51,22,63,PM10,MEDIUM
3193,202305,2023-05-30,kebon jeruk,59,-,21,17,55,18,59,PM10,MEDIUM
3194,202305,2023-05-31,kebon jeruk,60,-,20,19,58,20,60,PM10,MEDIUM
3195,202306,2023-06-01,kebon jeruk,54,-,21,16,51,16,54,PM10,MEDIUM
3196,202306,2023-06-02,kebon jeruk,56,-,23,16,53,16,56,PM10,MEDIUM
3197,202306,2023-06-03,kebon jeruk,56,-,22,16,49,17,56,PM10,MEDIUM
3198,202306,2023-06-04,kebon jeruk,53,-,19,15,53,14,53,PM10,MEDIUM
3199,202306,2023-06-05,kebon jeruk,55,-,19,18,46,18,55,PM10,MEDIUM
3200,202306,2023-06-06,kebon jeruk,46,-,19,16,49,15,49,O3,GOOD
3201,202306,2023-06-07,kebon jeruk,57,-,18,25,47,27,57,PM10,MEDIUM
3202,202306,2023-06-08,kebon jeruk,51,-,21,20,38,22,51,PM10,MEDIUM
3203,202306,2023-06-09,kebon jeruk,50,-,23,18,34,19,50,PM10,GOOD
3204,202306,2023-06-10,kebon jeruk,37,-,20,16,45,17,45,O3,GOOD
3205,202306,2023-06-11,kebon jeruk,61,-,23,21,44,24,61,PM10,MEDIUM
3206,202306,2023-06-12,kebon jeruk,59,-,20,18,47,20,59,PM10,MEDIUM
3207,202306,2023-06-13,kebon jeruk,52,-,18,15,63,17,63,O3,MEDIUM
3208,202306,2023-06-14,kebon jeruk,50,-,18,17,67,19,67,O3,MEDIUM
3209,202306,2023-06-15,kebon jeruk,54,-,18,24,54,23,54,PM10,MEDIUM
3210,202306,2023-06-16,kebon jeruk,41,-,18,15,61,19,61,O3,MEDIUM
3211,202306,2023-06-17,kebon jeruk,49,-,20,21,53,22,53,O3,MEDIUM
3212,202306,2023-06-18,kebon jeruk,51,-,19,23,57,24,57,O3,MEDIUM
3213,202306,2023-06-19,kebon jeruk,28,-,18,13,67,13,67,O3,MEDIUM
3214,202306,2023-06-20,kebon jeruk,48,-,19,22,52,21,52,O3,MEDIUM
3215,202306,2023-06-21,kebon jeruk,47,-,19,13,65,17,65,O3,MEDIUM
3216,202306,2023-06-22,kebon jeruk,62,-,18,22,70,29,70,O3,MEDIUM
3217,202306,2023-06-23,kebon jeruk,47,-,19,15,64,18,64,O3,MEDIUM
3218,202306,2023-06-24,kebon jeruk,44,-,19,14,71,20,71,O3,MEDIUM
3219,202306,2023-06-25,kebon jeruk,49,-,19,14,77,14,77,O3,MEDIUM
3220,202306,2023-06-26,kebon jeruk,52,-,19,19,64,20,64,O3,MEDIUM
3221,202306,2023-06-27,kebon jeruk,55,-,20,15,58,19,58,O3,MEDIUM
3222,202306,2023-06-28,kebon jeruk,39,-,20,14,52,19,52,O3,MEDIUM
3223,202306,2023-06-29,kebon jeruk,19,-,20,12,54,10,54,O3,MEDIUM
3224,202306,2023-06-30,kebon jeruk,39,-,20,13,68,10,68,O3,MEDIUM
3225,202307,2023-07-01,kebon jeruk,54,-,19,18,61,18,61,O3,MEDIUM
3226,202307,2023-07-02,kebon jeruk,44,-,20,18,56,20,56,O3,MEDIUM
3227,202307,2023-07-03,kebon jeruk,47,-,20,16,68,17,68,O3,MEDIUM
3228,202307,2023-07-04,kebon jeruk,51,-,20,15,60,17,60,O3,MEDIUM
3229,202307,2023-07-05,kebon jeruk,52,-,23,17,56,20,56,O3,MEDIUM
3230,202307,2023-07-06,kebon jeruk,50,-,21,18,67,22,67,O3,MEDIUM
3231,202307,2023-07-07,kebon jeruk,57,-,21,19,63,23,63,O3,MEDIUM
3232,202307,2023-07-08,kebon jeruk,47,-,21,22,58,25,58,O3,MEDIUM
3233,202307,2023-07-09,kebon jeruk,45,-,21,20,56,21,56,O3,MEDIUM
3234,202307,2023-07-10,kebon jeruk,30,-,23,13,48,13,48,O3,GOOD
3235,202307,2023-07-11,kebon jeruk,42,-,23,18,48,19,48,O3,GOOD
3236,202307,2023-07-12,kebon jeruk,40,-,21,15,73,14,73,O3,MEDIUM
3237,202307,2023-07-13,kebon jeruk,44,-,22,16,65,14,65,O3,MEDIUM
3238,202307,2023-07-14,kebon jeruk,42,-,22,15,54,16,54,O3,MEDIUM
3239,202307,2023-07-15,kebon jeruk,30,-,22,15,53,15,53,O3,MEDIUM
3240,202307,2023-07-16,kebon jeruk,47,-,22,15,56,15,56,O3,MEDIUM
3241,202307,2023-07-17,kebon jeruk,55,-,25,16,45,18,55,PM10,MEDIUM
3242,202307,2023-07-18,kebon jeruk,62,-,24,17,38,18,62,PM10,MEDIUM
3243,202307,2023-07-19,kebon jeruk,51,-,25,18,44,18,51,PM10,MEDIUM
3244,202307,2023-07-20,kebon jeruk,56,-,26,19,42,25,56,PM10,MEDIUM
3245,202307,2023-07-21,kebon jeruk,67,-,25,20,63,22,67,PM10,MEDIUM
3246,202307,2023-07-22,kebon jeruk,47,-,26,18,43,19,47,PM10,GOOD
3247,202307,2023-07-23,kebon jeruk,47,-,21,15,74,14,74,O3,MEDIUM
3248,202307,2023-07-24,kebon jeruk,57,-,26,18,59,21,59,O3,MEDIUM
3249,202307,2023-07-25,kebon jeruk,58,-,23,17,63,19,63,O3,MEDIUM
3250,202307,2023-07-26,kebon jeruk,59,-,24,20,61,28,61,O3,MEDIUM
3251,202307,2023-07-27,kebon jeruk,54,-,26,22,48,24,54,PM10,MEDIUM
3252,202307,2023-07-28,kebon jeruk,41,-,26,17,50,18,50,O3,GOOD
3253,202307,2023-07-29,kebon jeruk,44,-,26,16,53,15,53,O3,MEDIUM
3254,202307,2023-07-30,kebon jeruk,43,-,25,16,43,15,43,PM10,GOOD
3255,202307,2023-07-31,kebon jeruk,-,-,-,-,-,-,0,,TIDAK ADA DATA
3256,202308,2023-08-01,kebon jeruk,28,-,27,16,40,18,40,O3,GOOD
3257,202308,2023-08-02,kebon jeruk,51,-,27,15,57,17,57,O3,MEDIUM
3258,202308,2023-08-03,kebon jeruk,47,-,25,16,62,22,62,O3,MEDIUM
3259,202308,2023-08-04,kebon jeruk,51,-,24,18,54,22,54,O3,MEDIUM
3260,202308,2023-08-05,kebon jeruk,44,-,24,14,58,14,58,O3,MEDIUM
3261,202308,2023-08-06,kebon jeruk,52,-,25,17,47,18,52,PM10,MEDIUM
3262,202308,2023-08-07,kebon jeruk,66,-,24,21,70,24,70,O3,MEDIUM
3263,202308,2023-08-08,kebon jeruk,55,-,25,17,54,23,55,PM10,MEDIUM
3264,202308,2023-08-09,kebon jeruk,36,-,23,13,63,16,63,O3,MEDIUM
3265,202308,2023-08-10,kebon jeruk,27,-,25,13,64,14,64,O3,MEDIUM
3266,202308,2023-08-11,kebon jeruk,58,-,24,17,60,20,60,O3,MEDIUM
3267,202308,2023-08-12,kebon jeruk,57,-,26,16,56,19,57,PM10,MEDIUM
3268,202308,2023-08-13,kebon jeruk,52,-,26,17,46,18,52,PM10,MEDIUM
3269,202308,2023-08-14,kebon jeruk,46,-,24,16,54,16,54,O3,MEDIUM
3270,202308,2023-08-15,kebon jeruk,51,-,27,18,54,23,54,O3,MEDIUM
3271,202308,2023-08-16,kebon jeruk,45,-,25,17,60,18,60,O3,MEDIUM
3272,202308,2023-08-17,kebon jeruk,40,-,26,17,40,20,40,PM10,GOOD
3273,202308,2023-08-18,kebon jeruk,33,-,25,13,47,9,47,O3,GOOD
3274,202308,2023-08-19,kebon jeruk,40,-,26,15,56,16,56,O3,MEDIUM
3275,202308,2023-08-20,kebon jeruk,44,-,26,13,59,12,59,O3,MEDIUM
3276,202308,2023-08-21,kebon jeruk,34,-,24,14,60,14,60,O3,MEDIUM
3277,202308,2023-08-22,kebon jeruk,52,-,26,17,49,20,52,PM10,MEDIUM
3278,202308,2023-08-23,kebon jeruk,62,-,26,16,56,16,62,PM10,MEDIUM
3279,202308,2023-08-24,kebon jeruk,54,-,28,16,45,16,54,PM10,MEDIUM
3280,202308,2023-08-25,kebon jeruk,59,-,29,17,51,19,59,PM10,MEDIUM
3281,202308,2023-08-26,kebon jeruk,52,-,26,15,42,19,52,PM10,MEDIUM
3282,202308,2023-08-27,kebon jeruk,54,-,27,16,46,13,54,PM10,MEDIUM
3283,202308,2023-08-28,kebon jeruk,41,-,26,18,35,19,41,PM10,GOOD
3284,202308,2023-08-29,kebon jeruk,49,-,28,21,32,25,49,PM10,GOOD
3285,202308,2023-08-30,kebon jeruk,56,-,27,19,41,22,56,PM10,MEDIUM
3286,202308,2023-08-31,kebon jeruk,53,-,28,19,48,18,53,PM10,MEDIUM
3287,202309,2023-09-01,kebon jeruk,53,-,28,20,56,22,56,O3,MEDIUM
3288,202309,2023-09-02,kebon jeruk,58,-,27,19,49,18,58,PM10,MEDIUM
3289,202309,2023-09-03,kebon jeruk,43,-,27,16,53,11,53,O3,MEDIUM
3290,202309,2023-09-04,kebon jeruk,52,-,27,17,44,17,52,PM10,MEDIUM
3291,202309,2023-09-05,kebon jeruk,49,89,28,18,40,20,89,PM25,MEDIUM
3292,202309,2023-09-06,kebon jeruk,-,-,-,-,-,-,0,,TIDAK ADA DATA
3293,202309,2023-09-07,kebon jeruk,59,90,27,20,49,24,90,PM25,MEDIUM
3294,202309,2023-09-08,kebon jeruk,63,83,30,18,56,23,83,PM25,MEDIUM
3295,202309,2023-09-09,kebon jeruk,41,78,26,17,53,20,78,PM25,MEDIUM
3296,202309,2023-09-10,kebon jeruk,48,73,27,16,50,15,73,PM25,MEDIUM
3297,202309,2023-09-11,kebon jeruk,45,74,27,16,60,16,74,PM25,MEDIUM
3298,202309,2023-09-12,kebon jeruk,29,74,26,16,37,14,74,PM25,MEDIUM
3299,202309,2023-09-13,kebon jeruk,52,75,27,16,58,15,75,PM25,MEDIUM
3300,202309,2023-09-14,kebon jeruk,24,66,27,16,48,14,66,PM25,MEDIUM
3301,202309,2023-09-15,kebon jeruk,42,74,27,17,57,15,74,PM25,MEDIUM
3302,202309,2023-09-16,kebon jeruk,41,78,28,17,56,17,78,PM25,MEDIUM
3303,202309,2023-09-17,kebon jeruk,-,-,-,-,-,-,0,,TIDAK ADA DATA
3304,202309,2023-09-18,kebon jeruk,39,69,26,15,59,12,69,PM25,MEDIUM
3305,202309,2023-09-19,kebon jeruk,54,83,25,15,73,17,83,PM25,MEDIUM
3306,202309,2023-09-20,kebon jeruk,48,77,26,17,55,24,77,PM25,MEDIUM
3307,202309,2023-09-21,kebon jeruk,50,76,26,17,58,20,76,PM25,MEDIUM
3308,202309,2023-09-22,kebon jeruk,46,70,27,15,56,16,70,PM25,MEDIUM
3309,202309,2023-09-23,kebon jeruk,39,70,27,15,49,18,70,PM25,MEDIUM
3310,202309,2023-09-24,kebon jeruk,35,66,26,16,53,16,66,PM25,MEDIUM
3311,202309,2023-09-25,kebon jeruk,51,74,27,16,64,16,74,PM25,MEDIUM
3312,202309,2023-09-26,kebon jeruk,-,76,42,17,39,49,76,PM25,MEDIUM
3313,202309,2023-09-27,kebon jeruk,11,78,29,19,42,21,78,PM25,MEDIUM
3314,202309,2023-09-28,kebon jeruk,53,85,28,17,43,15,85,PM25,MEDIUM
3315,202309,2023-09-29,kebon jeruk,53,83,30,18,49,17,83,PM25,MEDIUM
3316,202309,2023-09-30,kebon jeruk,-,-,-,-,-,-,0,,TIDAK ADA DATA
3317,202310,2023-10-01,kebon jeruk,61,86,27,18,71,15,86,PM25,MEDIUM
3318,202310,2023-10-02,kebon jeruk,-,75,30,17,58,16,75,PM25,MEDIUM
3319,202310,2023-10-03,kebon jeruk,23,65,28,15,55,11,65,PM25,MEDIUM
3320,202310,2023-10-04,kebon jeruk,15,69,29,17,52,18,69,PM25,MEDIUM
3321,202310,2023-10-05,kebon jeruk,14,65,29,16,57,15,65,PM25,MEDIUM
3322,202310,2023-10-06,kebon jeruk,15,74,28,17,56,19,74,PM25,MEDIUM
3323,202310,2023-10-07,kebon jeruk,-,85,28,19,55,24,85,PM25,MEDIUM
3324,202310,2023-10-08,kebon jeruk,-,79,30,18,55,18,79,PM25,MEDIUM
3325,202310,2023-10-09,kebon jeruk,-,81,29,18,47,16,81,PM25,MEDIUM
3326,202310,2023-10-10,kebon jeruk,-,61,31,14,49,17,61,PM25,MEDIUM
3327,202310,2023-10-11,kebon jeruk,-,63,29,15,52,15,63,PM25,MEDIUM
3328,202310,2023-10-12,kebon jeruk,59,75,28,17,58,16,75,PM25,MEDIUM
3329,202310,2023-10-13,kebon jeruk,59,75,29,15,69,14,75,PM25,MEDIUM
3330,202310,2023-10-14,kebon jeruk,59,77,29,17,55,16,77,PM25,MEDIUM
3331,202310,2023-10-15,kebon jeruk,56,67,29,16,48,15,67,PM25,MEDIUM
3332,202310,2023-10-16,kebon jeruk,54,70,30,16,56,16,70,PM25,MEDIUM
3333,202310,2023-10-17,kebon jeruk,69,87,30,18,59,18,87,PM25,MEDIUM
3334,202310,2023-10-18,kebon jeruk,65,85,30,19,57,20,85,PM25,MEDIUM
3335,202310,2023-10-19,kebon jeruk,59,69,32,16,56,16,69,PM25,MEDIUM
3336,202310,2023-10-20,kebon jeruk,45,58,31,14,56,14,58,PM25,MEDIUM
3337,202310,2023-10-21,kebon jeruk,62,74,30,22,48,22,74,PM25,MEDIUM
3338,202310,2023-10-22,kebon jeruk,62,76,30,19,62,16,76,PM25,MEDIUM
3339,202310,2023-10-23,kebon jeruk,62,73,30,17,66,15,73,PM25,MEDIUM
3340,202310,2023-10-24,kebon jeruk,64,80,31,20,49,22,80,PM25,MEDIUM
3341,202310,2023-10-25,kebon jeruk,56,67,30,19,61,22,67,PM25,MEDIUM
3342,202310,2023-10-26,kebon jeruk,67,83,31,25,57,28,83,PM25,MEDIUM
3343,202310,2023-10-27,kebon jeruk,65,82,29,20,55,21,82,PM25,MEDIUM
3344,202310,2023-10-28,kebon jeruk,62,74,30,17,53,19,74,PM25,MEDIUM
3345,202310,2023-10-29,kebon jeruk,57,70,31,17,54,16,70,PM25,MEDIUM
3346,202310,2023-10-30,kebon jeruk,56,69,30,17,58,15,69,PM25,MEDIUM
3347,202310,2023-10-31,kebon jeruk,64,-,31,17,61,17,64,PM10,MEDIUM
3348,202311,2023-11-01,kebon jeruk,59,101,31,20,52,21,101,PM25,UNHEALTHY
3349,202311,2023-11-02,kebon jeruk,59,100,31,22,54,23,100,PM25,MEDIUM
3350,202311,2023-11-03,kebon jeruk,59,101,32,22,49,22,101,PM25,UNHEALTHY
3351,202311,2023-11-04,kebon jeruk,64,102,33,25,43,28,102,PM25,UNHEALTHY
3352,202311,2023-11-05,kebon jeruk,46,68,31,19,40,20,68,PM25,MEDIUM
3353,202311,2023-11-06,kebon jeruk,53,86,31,24,33,22,86,PM25,MEDIUM
3354,202311,2023-11-07,kebon jeruk,54,88,33,18,40,18,88,PM25,MEDIUM
3355,202311,2023-11-08,kebon jeruk,51,80,31,15,42,11,80,PM25,MEDIUM
3356,202311,2023-11-09,kebon jeruk,55,89,33,16,51,14,89,PM25,MEDIUM
3357,202311,2023-11-10,kebon jeruk,58,93,33,17,60,15,93,PM25,MEDIUM
3358,202311,2023-11-11,kebon jeruk,58,91,32,18,57,17,91,PM25,MEDIUM
3359,202311,2023-11-12,kebon jeruk,52,79,31,17,45,14,79,PM25,MEDIUM
3360,202311,2023-11-13,kebon jeruk,53,85,32,21,38,17,85,PM25,MEDIUM
3361,202311,2023-11-14,kebon jeruk,51,78,31,17,41,16,78,PM25,MEDIUM
3362,202311,2023-11-15,kebon jeruk,39,64,31,18,49,16,64,PM25,MEDIUM
3363,202311,2023-11-16,kebon jeruk,51,78,33,19,52,19,78,PM25,MEDIUM
3364,202311,2023-11-17,kebon jeruk,52,78,31,19,50,17,78,PM25,MEDIUM
3365,202311,2023-11-18,kebon jeruk,54,82,31,18,49,16,82,PM25,MEDIUM
3366,202311,2023-11-19,kebon jeruk,47,72,31,19,51,17,72,PM25,MEDIUM
3367,202311,2023-11-20,kebon jeruk,46,71,30,13,81,12,81,O3,MEDIUM
3368,202311,2023-11-21,kebon jeruk,53,83,32,15,65,15,83,PM25,MEDIUM
3369,202311,2023-11-22,kebon jeruk,40,67,31,14,71,10,71,O3,MEDIUM
3370,202311,2023-11-23,kebon jeruk,52,85,34,16,62,16,85,PM25,MEDIUM
3371,202311,2023-11-24,kebon jeruk,71,112,36,23,54,26,112,PM25,UNHEALTHY
3372,202311,2023-11-25,kebon jeruk,63,101,33,20,49,22,101,PM25,UNHEALTHY
3373,202311,2023-11-26,kebon jeruk,48,71,33,21,44,20,71,PM25,MEDIUM
3374,202311,2023-11-27,kebon jeruk,51,76,32,18,53,19,76,PM25,MEDIUM
3375,202311,2023-11-28,kebon jeruk,56,88,33,20,48,21,88,PM25,MEDIUM
3376,202311,2023-11-29,kebon jeruk,56,88,32,18,56,18,88,PM25,MEDIUM
3377,202311,2023-11-30,kebon jeruk,30,57,32,15,61,17,61,O3,MEDIUM
3378,202312,2023-12-01,kebon jeruk,52,-,18,17,27,5,52,PM10,MEDIUM
3379,202312,2023-12-02,kebon jeruk,48,-,20,18,21,5,48,PM10,GOOD
3380,202312,2023-12-03,kebon jeruk,49,-,20,16,32,5,49,PM10,GOOD
3381,202312,2023-12-04,kebon jeruk,54,-,18,19,28,5,54,PM10,MEDIUM
3382,202312,2023-12-05,kebon jeruk,53,-,17,17,32,5,53,PM10,MEDIUM
3383,202312,2023-12-06,kebon jeruk,55,-,16,18,24,5,55,PM10,MEDIUM
3384,202312,2023-12-07,kebon jeruk,48,-,17,18,21,5,48,PM10,GOOD
3385,202312,2023-12-08,kebon jeruk,41,58,17,9,34,2,58,PM25,MEDIUM
3386,202312,2023-12-09,kebon jeruk,52,69,21,21,18,8,69,PM25,MEDIUM
3387,202312,2023-12-10,kebon jeruk,36,53,16,18,10,-,53,PM25,MEDIUM
3388,202312,2023-12-11,kebon jeruk,28,45,17,9,18,-,45,PM25,GOOD
3389,202312,2023-12-12,kebon jeruk,18,27,16,7,22,-,27,PM25,GOOD
3390,202312,2023-12-13,kebon jeruk,20,26,15,8,16,-,26,PM25,GOOD
3391,202312,2023-12-14,kebon jeruk,18,25,16,6,17,-,25,PM25,GOOD
3392,202312,2023-12-15,kebon jeruk,22,33,18,6,19,-,33,PM25,GOOD
3393,202312,2023-12-16,kebon jeruk,31,51,23,11,18,1,51,PM25,MEDIUM
3394,202312,2023-12-17,kebon jeruk,52,67,19,30,20,-,67,PM25,MEDIUM
3395,202312,2023-12-18,kebon jeruk,58,74,18,26,19,-,74,PM25,MEDIUM
3396,202312,2023-12-19,kebon jeruk,54,73,22,28,26,-,73,PM25,MEDIUM
3397,202312,2023-12-20,kebon jeruk,60,72,20,23,21,5,72,PM25,MEDIUM
3398,202312,2023-12-21,kebon jeruk,53,59,31,13,25,3,59,PM25,MEDIUM
3399,202312,2023-12-22,kebon jeruk,37,-,24,7,17,-,37,PM10,GOOD
3400,202312,2023-12-23,kebon jeruk,24,-,19,9,16,-,24,PM10,GOOD
3401,202312,2023-12-24,kebon jeruk,54,-,19,23,17,-,54,PM10,MEDIUM
3402,202312,2023-12-25,kebon jeruk,32,-,20,13,16,-,32,PM10,GOOD
3403,202312,2023-12-26,kebon jeruk,33,-,25,14,13,2,33,PM10,GOOD
3404,202312,2023-12-27,kebon jeruk,23,-,23,10,12,-,23,PM10,GOOD
3405,202312,2023-12-28,kebon jeruk,28,-,23,14,9,-,28,PM10,GOOD
3406,202312,2023-12-29,kebon jeruk,-,-,28,11,-,-,28,SO2,GOOD
3407,202312,2023-12-30,kebon jeruk,32,-,27,15,13,-,32,PM10,GOOD
3408,202312,2023-12-31,kebon jeruk,50,-,23,21,13,-,50,PM10,GOOD
3409,202401,2024-01-01,kebon jeruk,58,99,40,18,55,12,99,PM25,UNHEALTHY
3410,202401,2024-01-02,kebon jeruk,40,68,40,9,65,11,68,PM25,UNHEALTHY
3411,202401,2024-01-03,kebon jeruk,32,54,39,7,63,10,63,O3,UNHEALTHY
3412,202401,2024-01-04,kebon jeruk,38,59,46,10,55,12,59,PM25,UNHEALTHY
3413,202401,2024-01-05,kebon jeruk,30,52,37,15,48,15,52,PM25,UNHEALTHY
3414,202401,2024-01-06,kebon jeruk,32,64,39,12,61,14,64,PM25,UNHEALTHY
3415,202401,2024-01-07,kebon jeruk,53,86,40,23,62,,86,PM25,UNHEALTHY
3416,202401,2024-01-08,kebon jeruk,37,55,38,12,43,,55,PM25,UNHEALTHY
3417,202401,2024-01-09,kebon jeruk,54,81,21,18,35,3,81,PM25,UNHEALTHY
3418,202401,2024-01-10,kebon jeruk,43,73,18,11,70,7,73,PM25,UNHEALTHY
3419,202401,2024-01-11,kebon jeruk,37,60,12,57,51,6,60,PM25,UNHEALTHY
3420,202401,2024-01-12,kebon jeruk,28,20,11,6,43,4,43,O3,UNHEALTHY
3421,202401,2024-01-13,kebon jeruk,25,52,21,8,38,6,52,PM25,UNHEALTHY
3422,202401,2024-01-14,kebon jeruk,30,50,19,8,58,6,58,O3,UNHEALTHY
3423,202401,2024-01-15,kebon jeruk,51,81,24,11,55,11,81,PM25,UNHEALTHY
3424,202401,2024-01-16,kebon jeruk,23,49,24,5,43,6,49,PM25,UNHEALTHY
3425,202401,2024-01-17,kebon jeruk,34,57,39,7,47,8,57,PM25,UNHEALTHY
3426,202401,2024-01-18,kebon jeruk,37,56,25,8,39,8,56,PM25,UNHEALTHY
3427,202401,2024-01-19,kebon jeruk,16,29,19,6,46,6,46,O3,UNHEALTHY
3428,202401,2024-01-20,kebon jeruk,17,28,33,7,23,6,33,SO2,UNHEALTHY
3429,202401,2024-01-21,kebon jeruk,26,51,37,10,18,5,51,PM25,UNHEALTHY
3430,202401,2024-01-22,kebon jeruk,14,23,31,9,19,2,31,SO2,UNHEALTHY
3431,202401,2024-01-23,kebon jeruk,17,40,31,9,17,3,40,PM25,UNHEALTHY
3432,202401,2024-01-24,kebon jeruk,23,44,32,10,17,3,44,PM25,UNHEALTHY
3433,202401,2024-01-25,kebon jeruk,36,60,38,12,19,4,60,PM25,UNHEALTHY
3434,202401,2024-01-26,kebon jeruk,27,54,37,10,26,9,54,PM25,UNHEALTHY
3435,202401,2024-01-27,kebon jeruk,25,28,30,8,35,12,35,O3,UNHEALTHY
3436,202401,2024-01-28,kebon jeruk,46,66,31,18,34,16,66,PM25,UNHEALTHY
3437,202401,2024-01-29,kebon jeruk,30,53,29,14,35,14,53,PM25,UNHEALTHY
3438,202401,2024-01-30,kebon jeruk,40,63,29,15,37,16,63,PM25,UNHEALTHY
3439,202401,2024-01-31,kebon jeruk,22,49,33,9,40,17,49,PM25,UNHEALTHY
3440,202402,2024-02-01,kebon jeruk,51,82,34,17,33,22,82,PM25,UNHEALTHY
3441,202402,2024-02-02,kebon jeruk,47,68,26,18,28,9,68,PM25,UNHEALTHY
3442,202402,2024-02-03,kebon jeruk,24,48,25,12,29,10,48,PM25,UNHEALTHY
3443,202402,2024-02-04,kebon jeruk,17,24,23,7,27,4,27,O3,UNHEALTHY
3444,202402,2024-02-05,kebon jeruk,35,68,24,15,32,12,68,PM25,UNHEALTHY
3445,202402,2024-02-06,kebon jeruk,59,74,25,16,38,14,74,PM25,UNHEALTHY
3446,202402,2024-02-07,kebon jeruk,31,52,27,11,25,8,52,PM25,UNHEALTHY
3447,202402,2024-02-08,kebon jeruk,40,66,25,11,28,8,66,PM25,UNHEALTHY
3448,202402,2024-02-09,kebon jeruk,45,77,37,12,41,18,77,PM25,UNHEALTHY
3449,202402,2024-02-10,kebon jeruk,33,60,28,6,46,11,60,PM25,UNHEALTHY
3450,202402,2024-02-11,kebon jeruk,46,69,26,14,31,13,69,PM25,UNHEALTHY
3451,202402,2024-02-12,kebon jeruk,30,54,24,11,37,12,54,PM25,UNHEALTHY
3452,202402,2024-02-13,kebon jeruk,31,54,22,9,39,12,54,PM25,UNHEALTHY
3453,202402,2024-02-14,kebon jeruk,,37,21,9,45,11,45,O3,UNHEALTHY
3454,202402,2024-02-15,kebon jeruk,32,58,24,11,38,15,58,PM25,UNHEALTHY
3455,202402,2024-02-16,kebon jeruk,53,78,23,18,39,26,78,PM25,UNHEALTHY
3456,202402,2024-02-17,kebon jeruk,43,67,22,12,32,18,67,PM25,UNHEALTHY
3457,202402,2024-02-18,kebon jeruk,31,57,23,11,35,16,57,PM25,UNHEALTHY
3458,202402,2024-02-19,kebon jeruk,49,81,22,19,31,23,81,PM25,UNHEALTHY
3459,202402,2024-02-20,kebon jeruk,40,69,22,10,36,13,69,PM25,UNHEALTHY
3460,202402,2024-02-21,kebon jeruk,55,94,20,12,115,18,115,O3,UNHEALTHY
3461,202402,2024-02-22,kebon jeruk,53,76,21,8,72,14,76,PM25,UNHEALTHY
3462,202402,2024-02-23,kebon jeruk,29,58,19,7,59,10,59,O3,UNHEALTHY
3463,202402,2024-02-24,kebon jeruk,28,53,24,9,59,8,59,O3,UNHEALTHY
3464,202402,2024-02-25,kebon jeruk,25,50,30,14,35,9,50,PM25,UNHEALTHY
3465,202402,2024-02-26,kebon jeruk,24,41,23,17,45,14,45,O3,UNHEALTHY
3466,202402,2024-02-27,kebon jeruk,54,78,21,27,46,13,78,PM25,UNHEALTHY
3467,202402,2024-02-28,kebon jeruk,33,60,22,20,48,18,60,PM25,UNHEALTHY
3468,202402,2024-02-29,kebon jeruk,36,57,21,21,54,16,57,PM25,UNHEALTHY
3469,202403,2024-03-01,kebon jeruk,52,82,21,29,50,13,82,PM25,UNHEALTHY
3470,202403,2024-03-02,kebon jeruk,41,69,23,21,54,21,69,PM25,UNHEALTHY
3471,202403,2024-03-03,kebon jeruk,35,54,22,19,51,14,54,PM25,UNHEALTHY
3472,202403,2024-03-04,kebon jeruk,33,60,22,18,42,10,60,PM25,UNHEALTHY
3473,202403,2024-03-05,kebon jeruk,18,38,21,14,46,6,46,O3,UNHEALTHY
3474,202403,2024-03-06,kebon jeruk,18,34,23,13,49,6,49,O3,UNHEALTHY
3475,202403,2024-03-07,kebon jeruk,22,28,22,13,48,6,48,O3,UNHEALTHY
3476,202403,2024-03-08,kebon jeruk,17,28,22,12,46,4,46,O3,UNHEALTHY
3477,202403,2024-03-09,kebon jeruk,27,41,25,14,45,10,45,O3,UNHEALTHY
3478,202403,2024-03-10,kebon jeruk,56,92,25,36,48,18,92,PM25,UNHEALTHY
3479,202403,2024-03-11,kebon jeruk,42,60,20,24,57,9,60,PM25,UNHEALTHY
3480,202403,2024-03-12,kebon jeruk,30,56,21,15,51,10,56,PM25,UNHEALTHY
3481,202403,2024-03-13,kebon jeruk,40,64,22,17,53,13,64,PM25,UNHEALTHY
3482,202403,2024-03-14,kebon jeruk,35,61,21,18,57,16,61,PM25,UNHEALTHY
3483,202403,2024-03-15,kebon jeruk,32,45,23,16,43,9,45,PM25,UNHEALTHY
3484,202403,2024-03-16,kebon jeruk,21,33,23,14,46,9,46,O3,UNHEALTHY
3485,202403,2024-03-17,kebon jeruk,26,39,23,12,45,7,45,O3,UNHEALTHY
3486,202403,2024-03-18,kebon jeruk,18,39,27,12,41,7,41,O3,UNHEALTHY
3487,202403,2024-03-19,kebon jeruk,21,50,23,14,34,6,50,PM25,UNHEALTHY
3488,202403,2024-03-20,kebon jeruk,23,54,22,15,22,5,54,PM25,UNHEALTHY
3489,202403,2024-03-21,kebon jeruk,40,65,27,16,31,7,65,PM25,UNHEALTHY
3490,202403,2024-03-22,kebon jeruk,31,43,21,17,55,14,55,O3,UNHEALTHY
3491,202403,2024-03-23,kebon jeruk,59,108,23,39,59,19,108,PM25,UNHEALTHY
3492,202403,2024-03-24,kebon jeruk,54,83,25,19,74,16,83,PM25,UNHEALTHY
3493,202403,2024-03-25,kebon jeruk,42,64,30,18,65,15,65,O3,UNHEALTHY
3494,202403,2024-03-26,kebon jeruk,51,81,25,23,58,22,81,PM25,UNHEALTHY
3495,202403,2024-03-27,kebon jeruk,56,86,24,23,59,25,86,PM25,UNHEALTHY
3496,202403,2024-03-28,kebon jeruk,63,109,27,26,61,22,109,PM25,UNHEALTHY
3497,202403,2024-03-29,kebon jeruk,65,104,27,24,70,26,104,PM25,UNHEALTHY
3498,202403,2024-03-30,kebon jeruk,60,87,24,25,68,21,87,PM25,UNHEALTHY
3499,202403,2024-03-31,kebon jeruk,57,94,22,28,79,22,94,PM25,UNHEALTHY
3500,202404,2024-04-01,kebon jeruk,64,104,22,30,76,28,104,PM25,UNHEALTHY
3501,202404,2024-04-02,kebon jeruk,72,120,23,35,69,32,120,PM25,UNHEALTHY
3502,202404,2024-04-03,kebon jeruk,58,95,24,24,74,27,95,PM25,UNHEALTHY
3503,202404,2024-04-04,kebon jeruk,51,77,24,28,62,24,77,PM25,UNHEALTHY
3504,202404,2024-04-05,kebon jeruk,74,125,22,31,69,27,125,PM25,UNHEALTHY
3505,202404,2024-04-06,kebon jeruk,55,83,24,22,55,15,83,PM25,UNHEALTHY
3506,202404,2024-04-07,kebon jeruk,52,77,24,20,71,12,77,PM25,UNHEALTHY
3507,202404,2024-04-08,kebon jeruk,45,73,25,18,77,13,77,O3,UNHEALTHY
3508,202404,2024-04-09,kebon jeruk,41,68,27,15,60,10,68,PM25,UNHEALTHY
3509,202404,2024-04-10,kebon jeruk,57,85,24,25,62,17,85,PM25,UNHEALTHY
3510,202404,2024-04-11,kebon jeruk,35,58,24,17,62,15,62,O3,UNHEALTHY
3511,202404,2024-04-12,kebon jeruk,25,51,22,14,74,8,74,O3,UNHEALTHY
3512,202404,2024-04-13,kebon jeruk,35,61,24,23,62,16,62,O3,UNHEALTHY
3513,202404,2024-04-14,kebon jeruk,28,55,22,15,79,8,79,O3,UNHEALTHY
3514,202404,2024-04-15,kebon jeruk,30,54,23,20,62,14,62,O3,UNHEALTHY
3515,202404,2024-04-16,kebon jeruk,23,53,25,17,60,11,60,O3,UNHEALTHY
3516,202404,2024-04-17,kebon jeruk,41,71,23,18,77,14,77,O3,UNHEALTHY
3517,202404,2024-04-18,kebon jeruk,44,69,23,21,67,18,69,PM25,UNHEALTHY
3518,202404,2024-04-19,kebon jeruk,34,61,25,18,57,19,61,PM25,UNHEALTHY
3519,202404,2024-04-20,kebon jeruk,57,90,27,25,59,19,90,PM25,UNHEALTHY
3520,202404,2024-04-21,kebon jeruk,68,60,23,20,67,15,68,PM10,UNHEALTHY
3521,202404,2024-04-22,kebon jeruk,56,85,24,26,56,22,85,PM25,UNHEALTHY
3522,202404,2024-04-23,kebon jeruk,52,78,23,22,61,20,78,PM25,UNHEALTHY
3523,202404,2024-04-24,kebon jeruk,52,78,25,21,70,20,78,PM25,UNHEALTHY
3524,202404,2024-04-25,kebon jeruk,49,75,23,22,83,22,83,O3,UNHEALTHY
3525,202404,2024-04-26,kebon jeruk,47,70,30,14,45,13,70,PM25,UNHEALTHY
3526,202404,2024-04-27,kebon jeruk,51,75,23,26,59,17,75,PM25,UNHEALTHY
3527,202404,2024-04-28,kebon jeruk,49,72,23,20,68,15,72,PM25,UNHEALTHY
3528,202404,2024-04-29,kebon jeruk,44,66,24,17,72,12,72,O3,UNHEALTHY
3529,202404,2024-04-30,kebon jeruk,47,75,24,18,73,17,75,PM25,UNHEALTHY
3530,202405,2024-05-01,kebon jeruk,41,64,23,17,64,13,64,PM25,UNHEALTHY
3531,202405,2024-05-02,kebon jeruk,53,81,23,17,62,13,81,PM25,UNHEALTHY
3532,202405,2024-05-03,kebon jeruk,58,95,24,18,75,17,95,PM25,UNHEALTHY
3533,202405,2024-05-04,kebon jeruk,62,97,26,22,57,27,97,PM25,UNHEALTHY
3534,202405,2024-05-05,kebon jeruk,60,97,26,23,58,21,97,PM25,UNHEALTHY
3535,202405,2024-05-06,kebon jeruk,56,86,26,18,60,17,86,PM25,UNHEALTHY
3536,202405,2024-05-07,kebon jeruk,68,111,28,21,54,26,111,PM25,UNHEALTHY
3537,202405,2024-05-08,kebon jeruk,65,107,28,20,58,23,107,PM25,UNHEALTHY
3538,202405,2024-05-09,kebon jeruk,66,109,28,22,60,20,109,PM25,UNHEALTHY
3539,202405,2024-05-10,kebon jeruk,54,80,26,16,61,12,80,PM25,UNHEALTHY
3540,202405,2024-05-11,kebon jeruk,52,82,25,17,65,14,82,PM25,UNHEALTHY
3541,202405,2024-05-12,kebon jeruk,56,87,25,23,53,16,87,PM25,UNHEALTHY
3542,202405,2024-05-13,kebon jeruk,45,72,24,16,59,11,72,PM25,UNHEALTHY
3543,202405,2024-05-14,kebon jeruk,60,101,25,23,61,22,101,PM25,UNHEALTHY
3544,202405,2024-05-15,kebon jeruk,59,91,26,23,57,21,91,PM25,UNHEALTHY
3545,202405,2024-05-16,kebon jeruk,58,95,26,20,58,15,95,PM25,UNHEALTHY
3546,202405,2024-05-17,kebon jeruk,57,96,27,20,63,17,96,PM25,UNHEALTHY
3547,202405,2024-05-18,kebon jeruk,62,101,29,21,65,21,101,PM25,UNHEALTHY
3548,202405,2024-05-19,kebon jeruk,68,108,28,21,66,21,108,PM25,UNHEALTHY
3549,202405,2024-05-20,kebon jeruk,66,80,24,20,60,17,80,PM25,UNHEALTHY
3550,202405,2024-05-21,kebon jeruk,57,83,24,22,57,20,83,PM25,UNHEALTHY
3551,202405,2024-05-22,kebon jeruk,29,53,25,18,57,17,57,O3,UNHEALTHY
3552,202405,2024-05-23,kebon jeruk,62,94,31,26,57,22,94,PM25,UNHEALTHY
3553,202405,2024-05-24,kebon jeruk,60,95,30,22,65,20,95,PM25,UNHEALTHY
3554,202405,2024-05-25,kebon jeruk,66,110,27,26,64,26,110,PM25,UNHEALTHY
3555,202405,2024-05-26,kebon jeruk,56,87,26,17,62,14,87,PM25,UNHEALTHY
3556,202405,2024-05-27,kebon jeruk,54,95,28,18,66,19,95,PM25,UNHEALTHY
3557,202405,2024-05-28,kebon jeruk,62,111,28,21,69,22,111,PM25,UNHEALTHY
3558,202405,2024-05-29,kebon jeruk,61,101,28,19,62,20,101,PM25,UNHEALTHY
3559,202405,2024-05-30,kebon jeruk,57,90,28,17,58,17,90,PM25,UNHEALTHY
3560,202405,2024-05-31,kebon jeruk,60,101,27,21,59,22,101,PM25,UNHEALTHY
3561,202406,2024-06-01,kebon jeruk,70,124,28,25,67,26,124,PM25,UNHEALTHY
3562,202406,2024-06-02,kebon jeruk,66,112,27,24,70,21,112,PM25,UNHEALTHY
3563,202406,2024-06-03,kebon jeruk,43,66,24,18,76,16,76,O3,UNHEALTHY
3564,202406,2024-06-04,kebon jeruk,58,100,24,28,71,25,100,PM25,UNHEALTHY
3565,202406,2024-06-05,kebon jeruk,74,128,25,31,71,31,128,PM25,UNHEALTHY
3566,202406,2024-06-06,kebon jeruk,52,84,29,18,50,18,84,PM25,UNHEALTHY
3567,202406,2024-06-07,kebon jeruk,60,103,27,21,68,22,103,PM25,UNHEALTHY
3568,202406,2024-06-08,kebon jeruk,63,109,30,24,58,22,109,PM25,UNHEALTHY
3569,202406,2024-06-09,kebon jeruk,60,99,28,20,72,19,99,PM25,UNHEALTHY
3570,202406,2024-06-10,kebon jeruk,60,104,28,27,61,25,104,PM25,UNHEALTHY
3571,202406,2024-06-11,kebon jeruk,53,88,27,20,73,18,88,PM25,UNHEALTHY
3572,202406,2024-06-12,kebon jeruk,56,92,26,27,66,27,92,PM25,UNHEALTHY
3573,202406,2024-06-13,kebon jeruk,44,70,29,21,45,19,70,PM25,UNHEALTHY
3574,202406,2024-06-14,kebon jeruk,39,69,33,19,53,18,69,PM25,UNHEALTHY
3575,202406,2024-06-15,kebon jeruk,46,77,29,23,46,22,77,PM25,UNHEALTHY
3576,202406,2024-06-16,kebon jeruk,44,74,28,23,63,23,74,PM25,UNHEALTHY
3577,202406,2024-06-17,kebon jeruk,47,77,28,20,53,14,77,PM25,UNHEALTHY
3578,202406,2024-06-18,kebon jeruk,67,124,29,25,52,14,124,PM25,UNHEALTHY
3579,202406,2024-06-19,kebon jeruk,67,112,30,29,48,22,112,PM25,UNHEALTHY
3580,202406,2024-06-20,kebon jeruk,54,88,32,19,48,18,88,PM25,UNHEALTHY
3581,202406,2024-06-21,kebon jeruk,64,110,34,23,38,24,110,PM25,UNHEALTHY
3582,202406,2024-06-22,kebon jeruk,63,105,32,22,51,19,105,PM25,UNHEALTHY
3583,202406,2024-06-23,kebon jeruk,61,97,34,21,35,16,97,PM25,UNHEALTHY
3584,202406,2024-06-24,kebon jeruk,60,103,33,22,39,20,103,PM25,UNHEALTHY
3585,202406,2024-06-25,kebon jeruk,58,91,35,21,39,18,91,PM25,UNHEALTHY
3586,202406,2024-06-26,kebon jeruk,55,84,31,29,29,13,84,PM25,UNHEALTHY
3587,202406,2024-06-27,kebon jeruk,47,74,34,18,41,16,74,PM25,UNHEALTHY
3588,202406,2024-06-28,kebon jeruk,46,70,35,24,45,19,70,PM25,UNHEALTHY
3589,202406,2024-06-29,kebon jeruk,55,87,30,30,46,14,87,PM25,UNHEALTHY
3590,202406,2024-06-30,kebon jeruk,38,66,31,22,35,16,66,PM25,UNHEALTHY
3591,202407,2024-07-01,kebon jeruk,,94,34,21,44,17,94,PM25,UNHEALTHY
3592,202407,2024-07-02,kebon jeruk,48,74,28,19,45,16,74,PM25,UNHEALTHY
3593,202407,2024-07-03,kebon jeruk,,121,31,33,43,25,121,PM25,UNHEALTHY
3594,202407,2024-07-04,kebon jeruk,,84,30,29,,25,84,PM25,UNHEALTHY
3595,202407,2024-07-05,kebon jeruk,,78,38,24,23,27,78,PM25,UNHEALTHY
3596,202407,2024-07-06,kebon jeruk,,43,33,20,17,16,43,PM25,UNHEALTHY
3597,202407,2024-07-07,kebon jeruk,,45,32,24,19,13,45,PM25,UNHEALTHY
3598,202407,2024-07-08,kebon jeruk,,60,34,22,31,14,60,PM25,UNHEALTHY
3599,202407,2024-07-09,kebon jeruk,,66,30,22,36,23,66,PM25,UNHEALTHY
3600,202407,2024-07-10,kebon jeruk,,77,35,18,44,15,77,PM25,UNHEALTHY
3601,202407,2024-07-11,kebon jeruk,66,117,33,27,25,23,117,PM25,UNHEALTHY
3602,202407,2024-07-12,kebon jeruk,53,96,34,22,36,20,96,PM25,UNHEALTHY
3603,202407,2024-07-13,kebon jeruk,65,112,34,29,25,32,112,PM25,UNHEALTHY
3604,202407,2024-07-14,kebon jeruk,59,104,33,25,27,23,104,PM25,UNHEALTHY
3605,202407,2024-07-15,kebon jeruk,52,89,35,22,31,20,89,PM25,UNHEALTHY
3606,202407,2024-07-16,kebon jeruk,53,99,34,24,37,24,99,PM25,UNHEALTHY
3607,202407,2024-07-17,kebon jeruk,57,99,35,25,27,25,99,PM25,UNHEALTHY
3608,202407,2024-07-18,kebon jeruk,52,89,37,20,36,17,89,PM25,UNHEALTHY
3609,202407,2024-07-19,kebon jeruk,47,93,34,20,53,15,93,PM25,UNHEALTHY
3610,202407,2024-07-20,kebon jeruk,51,91,35,19,54,17,91,PM25,UNHEALTHY
3611,202407,2024-07-21,kebon jeruk,45,88,33,18,58,13,88,PM25,UNHEALTHY
3612,202407,2024-07-22,kebon jeruk,39,82,32,18,61,13,82,PM25,UNHEALTHY
3613,202407,2024-07-23,kebon jeruk,47,85,35,18,52,14,85,PM25,UNHEALTHY
3614,202407,2024-07-24,kebon jeruk,53,95,38,19,41,16,95,PM25,UNHEALTHY
3615,202407,2024-07-25,kebon jeruk,44,84,34,19,47,15,84,PM25,UNHEALTHY
3616,202407,2024-07-26,kebon jeruk,53,90,34,20,37,16,90,PM25,UNHEALTHY
3617,202407,2024-07-27,kebon jeruk,52,91,36,19,44,16,91,PM25,UNHEALTHY
3618,202407,2024-07-28,kebon jeruk,55,104,34,20,54,14,104,PM25,UNHEALTHY
3619,202407,2024-07-29,kebon jeruk,44,94,34,20,46,15,94,PM25,UNHEALTHY
3620,202407,2024-07-30,kebon jeruk,53,102,33,21,39,19,102,PM25,UNHEALTHY
3621,202407,2024-07-31,kebon jeruk,59,112,34,22,42,22,112,PM25,UNHEALTHY
3622,202408,2024-08-01,kebon jeruk,57,107,32,20,55,15,107,PM25,UNHEALTHY
3623,202408,2024-08-02,kebon jeruk,54,90,32,21,53,16,90,PM25,UNHEALTHY
3624,202408,2024-08-03,kebon jeruk,36,70,32,21,48,18,70,PM25,UNHEALTHY
3625,202408,2024-08-04,kebon jeruk,51,82,31,26,48,20,82,PM25,UNHEALTHY
3626,202408,2024-08-05,kebon jeruk,51,84,33,19,47,15,84,PM25,UNHEALTHY
3627,202408,2024-08-06,kebon jeruk,45,81,36,19,43,17,81,PM25,UNHEALTHY
3628,202408,2024-08-07,kebon jeruk,53,101,33,20,44,18,101,PM25,UNHEALTHY
3629,202408,2024-08-08,kebon jeruk,64,118,35,24,32,24,118,PM25,UNHEALTHY
3630,202408,2024-08-09,kebon jeruk,52,97,35,20,39,15,97,PM25,UNHEALTHY
3631,202408,2024-08-10,kebon jeruk,43,89,35,18,43,15,89,PM25,UNHEALTHY
3632,202408,2024-08-11,kebon jeruk,43,85,32,17,51,10,85,PM25,UNHEALTHY
3633,202408,2024-08-12,kebon jeruk,36,86,33,18,42,11,86,PM25,UNHEALTHY
3634,202408,2024-08-13,kebon jeruk,59,110,36,23,32,23,110,PM25,UNHEALTHY
3635,202408,2024-08-14,kebon jeruk,58,109,36,22,40,21,109,PM25,UNHEALTHY
3636,202408,2024-08-15,kebon jeruk,48,100,35,21,50,18,100,PM25,UNHEALTHY
3637,202408,2024-08-16,kebon jeruk,55,103,35,22,45,19,103,PM25,UNHEALTHY
3638,202408,2024-08-17,kebon jeruk,51,107,37,22,51,21,107,PM25,UNHEALTHY
3639,202408,2024-08-18,kebon jeruk,55,107,34,21,50,16,107,PM25,UNHEALTHY
3640,202408,2024-08-19,kebon jeruk,46,94,33,19,57,15,94,PM25,UNHEALTHY
3641,202408,2024-08-20,kebon jeruk,62,115,33,22,52,18,115,PM25,UNHEALTHY
3642,202408,2024-08-21,kebon jeruk,64,118,35,21,54,18,118,PM25,UNHEALTHY
3643,202408,2024-08-22,kebon jeruk,47,87,39,18,48,15,87,PM25,UNHEALTHY
3644,202408,2024-08-23,kebon jeruk,46,79,33,17,67,12,79,PM25,UNHEALTHY
3645,202408,2024-08-24,kebon jeruk,54,101,35,19,47,16,101,PM25,UNHEALTHY
3646,202408,2024-08-25,kebon jeruk,52,93,34,18,50,11,93,PM25,UNHEALTHY
3647,202408,2024-08-26,kebon jeruk,54,102,35,21,40,17,102,PM25,UNHEALTHY
3648,202408,2024-08-27,kebon jeruk,65,116,36,22,58,18,116,PM25,UNHEALTHY
3649,202408,2024-08-28,kebon jeruk,50,87,36,20,46,17,87,PM25,UNHEALTHY
3650,202408,2024-08-29,kebon jeruk,59,107,37,20,62,16,107,PM25,UNHEALTHY
3651,202408,2024-08-30,kebon jeruk,65,127,36,23,47,21,127,PM25,UNHEALTHY
3652,202408,2024-08-31,kebon jeruk,42,80,35,18,41,13,80,PM25,UNHEALTHY
3653,202409,2024-09-01,kebon jeruk,49,93,34,20,46,12,93,PM25,UNHEALTHY
3654,202409,2024-09-02,kebon jeruk,37,85,34,17,67,12,85,PM25,UNHEALTHY
3655,202409,2024-09-03,kebon jeruk,45,89,32,20,43,17,89,PM25,UNHEALTHY
3656,202409,2024-09-04,kebon jeruk,40,84,34,18,41,13,84,PM25,UNHEALTHY
3657,202409,2024-09-05,kebon jeruk,37,81,35,18,43,12,81,PM25,UNHEALTHY
3658,202409,2024-09-06,kebon jeruk,26,86,36,20,40,17,86,PM25,UNHEALTHY
3659,202409,2024-09-07,kebon jeruk,30,80,35,17,47,10,80,PM25,UNHEALTHY
3660,202409,2024-09-08,kebon jeruk,28,79,35,18,40,11,79,PM25,UNHEALTHY
3661,202409,2024-09-09,kebon jeruk,17,65,34,17,48,9,65,PM25,UNHEALTHY
3662,202409,2024-09-10,kebon jeruk,38,76,33,24,36,17,76,PM25,UNHEALTHY
3663,202409,2024-09-11,kebon jeruk,26,68,34,19,28,18,68,PM25,UNHEALTHY
3664,202409,2024-09-12,kebon jeruk,23,103,39,20,54,15,103,PM25,UNHEALTHY
3665,202409,2024-09-13,kebon jeruk,38,81,34,21,49,18,81,PM25,UNHEALTHY
3666,202409,2024-09-14,kebon jeruk,34,88,34,19,49,16,88,PM25,UNHEALTHY
3667,202409,2024-09-15,kebon jeruk,28,87,35,20,45,13,87,PM25,UNHEALTHY
3668,202409,2024-09-16,kebon jeruk,26,93,36,20,44,14,93,PM25,UNHEALTHY
3669,202409,2024-09-17,kebon jeruk,33,86,39,19,47,14,86,PM25,UNHEALTHY
3670,202409,2024-09-18,kebon jeruk,39,79,38,18,42,13,79,PM25,UNHEALTHY
3671,202409,2024-09-19,kebon jeruk,30,88,40,19,40,14,88,PM25,UNHEALTHY
3672,202409,2024-09-20,kebon jeruk,22,88,38,20,47,16,88,PM25,UNHEALTHY
3673,202409,2024-09-21,kebon jeruk,37,98,38,19,57,14,98,PM25,UNHEALTHY
3674,202409,2024-09-22,kebon jeruk,30,109,39,20,62,14,109,PM25,UNHEALTHY
3675,202409,2024-09-23,kebon jeruk,21,92,37,19,55,14,92,PM25,UNHEALTHY
3676,202409,2024-09-24,kebon jeruk,37,85,37,21,42,18,85,PM25,UNHEALTHY
3677,202409,2024-09-25,kebon jeruk,47,109,35,28,44,24,109,PM25,UNHEALTHY
3678,202409,2024-09-26,kebon jeruk,35,79,35,26,42,21,79,PM25,UNHEALTHY
3679,202409,2024-09-27,kebon jeruk,27,80,35,23,42,21,80,PM25,UNHEALTHY
3680,202409,2024-09-28,kebon jeruk,30,99,36,22,47,20,99,PM25,UNHEALTHY
3681,202409,2024-09-29,kebon jeruk,29,95,36,22,40,,95,PM25,UNHEALTHY
3682,202409,2024-09-30,kebon jeruk,18,79,38,20,35,14,79,PM25,UNHEALTHY
3683,202410,2024-10-01,kebon jeruk,33,103,37,22,51,17,103,PM25,UNHEALTHY
3684,202410,2024-10-02,kebon jeruk,25,90,37,20,54,16,90,PM25,UNHEALTHY
3685,202410,2024-10-03,kebon jeruk,25,95,38,22,49,17,95,PM25,UNHEALTHY
3686,202410,2024-10-04,kebon jeruk,30,94,38,22,46,16,94,PM25,UNHEALTHY
3687,202410,2024-10-05,kebon jeruk,22,80,37,21,44,18,80,PM25,UNHEALTHY
3688,202410,2024-10-06,kebon jeruk,19,76,36,21,49,15,76,PM25,UNHEALTHY
3689,202410,2024-10-07,kebon jeruk,35,121,38,27,46,19,121,PM25,UNHEALTHY
3690,202410,2024-10-08,kebon jeruk,25,84,39,21,39,17,84,PM25,UNHEALTHY
3691,202410,2024-10-09,kebon jeruk,24,82,37,20,52,13,82,PM25,UNHEALTHY
3692,202410,2024-10-10,kebon jeruk,32,92,38,20,52,14,92,PM25,UNHEALTHY
3693,202410,2024-10-11,kebon jeruk,20,102,39,23,44,20,102,PM25,UNHEALTHY
3694,202410,2024-10-12,kebon jeruk,21,92,39,20,48,16,92,PM25,UNHEALTHY
3695,202410,2024-10-13,kebon jeruk,,111,41,21,51,14,111,PM25,UNHEALTHY
3696,202410,2024-10-14,kebon jeruk,68,113,38,22,48,17,113,PM25,UNHEALTHY
3697,202410,2024-10-15,kebon jeruk,34,84,39,19,61,12,84,PM25,UNHEALTHY
3698,202410,2024-10-16,kebon jeruk,32,111,40,22,59,18,111,PM25,UNHEALTHY
3699,202410,2024-10-17,kebon jeruk,53,75,39,20,43,16,75,PM25,UNHEALTHY
3700,202410,2024-10-18,kebon jeruk,47,73,38,19,49,12,73,PM25,UNHEALTHY
3701,202410,2024-10-19,kebon jeruk,61,93,42,21,51,15,93,PM25,UNHEALTHY
3702,202410,2024-10-20,kebon jeruk,55,84,40,18,33,11,84,PM25,UNHEALTHY
3703,202410,2024-10-21,kebon jeruk,38,81,39,19,36,11,81,PM25,UNHEALTHY
3704,202410,2024-10-22,kebon jeruk,54,92,40,21,43,17,92,PM25,UNHEALTHY
3705,202410,2024-10-23,kebon jeruk,52,87,42,19,59,13,87,PM25,UNHEALTHY
3706,202410,2024-10-24,kebon jeruk,43,79,40,17,55,11,79,PM25,UNHEALTHY
3707,202410,2024-10-25,kebon jeruk,50,82,39,20,59,17,82,PM25,UNHEALTHY
3708,202410,2024-10-26,kebon jeruk,50,78,39,21,44,16,78,PM25,UNHEALTHY
3709,202410,2024-10-27,kebon jeruk,48,75,45,17,42,10,75,PM25,UNHEALTHY
3710,202410,2024-10-28,kebon jeruk,42,79,40,18,52,10,79,PM25,UNHEALTHY
3711,202410,2024-10-29,kebon jeruk,51,83,40,19,48,16,83,PM25,UNHEALTHY
3712,202410,2024-10-30,kebon jeruk,56,99,40,20,58,14,99,PM25,UNHEALTHY
3713,202410,2024-10-31,kebon jeruk,55,89,41,20,52,15,89,PM25,UNHEALTHY
3714,202411,2024-11-01,kebon jeruk,66,105,40,22,49,19,105,PM25,UNHEALTHY
3715,202411,2024-11-02,kebon jeruk,60,97,41,22,44,18,97,PM25,UNHEALTHY
3716,202411,2024-11-03,kebon jeruk,53,81,39,26,36,18,81,PM25,UNHEALTHY
3717,202411,2024-11-04,kebon jeruk,52,67,38,24,38,19,67,PM25,UNHEALTHY
3718,202411,2024-11-05,kebon jeruk,,85,39,21,51,19,85,PM25,UNHEALTHY
3719,202411,2024-11-06,kebon jeruk,,78,38,22,44,19,78,PM25,UNHEALTHY
3720,202411,2024-11-07,kebon jeruk,,108,41,23,58,15,108,PM25,UNHEALTHY
3721,202411,2024-11-08,kebon jeruk,,109,39,22,53,16,109,PM25,UNHEALTHY
3722,202411,2024-11-09,kebon jeruk,,,44,21,62,15,62,O3,UNHEALTHY
3723,202411,2024-11-10,kebon jeruk,,,38,23,49,17,49,O3,UNHEALTHY
3724,202411,2024-11-11,kebon jeruk,,,38,25,56,17,56,O3,UNHEALTHY
3725,202411,2024-11-12,kebon jeruk,,68,39,24,33,17,68,PM25,UNHEALTHY
3726,202411,2024-11-13,kebon jeruk,,113,41,32,39,14,113,PM25,UNHEALTHY
3727,202411,2024-11-14,kebon jeruk,,124,45,24,57,13,124,PM25,UNHEALTHY
3728,202411,2024-11-15,kebon jeruk,,133,50,21,44,17,133,PM25,UNHEALTHY
3729,202411,2024-11-16,kebon jeruk,,141,45,19,61,14,141,PM25,UNHEALTHY
3730,202411,2024-11-17,kebon jeruk,,157,41,33,55,19,157,PM25,UNHEALTHY
3731,202411,2024-11-18,kebon jeruk,,87,40,17,51,13,87,PM25,UNHEALTHY
3732,202411,2024-11-19,kebon jeruk,,86,41,21,38,13,86,PM25,UNHEALTHY
3733,202411,2024-11-20,kebon jeruk,,73,41,22,49,17,73,PM25,UNHEALTHY
3734,202411,2024-11-21,kebon jeruk,,,45,20,38,16,45,SO2,UNHEALTHY
3735,202411,2024-11-22,kebon jeruk,,71,44,17,33,10,71,PM25,UNHEALTHY
3736,202411,2024-11-23,kebon jeruk,,,41,18,36,11,41,SO2,UNHEALTHY
3737,202411,2024-11-24,kebon jeruk,,,40,16,30,7,40,SO2,UNHEALTHY
3738,202411,2024-11-25,kebon jeruk,,,42,19,31,7,42,SO2,UNHEALTHY
3739,202411,2024-11-26,kebon jeruk,,53,42,20,35,8,53,PM25,UNHEALTHY
3740,202411,2024-11-27,kebon jeruk,,56,44,19,28,12,56,PM25,UNHEALTHY
3741,202411,2024-11-28,kebon jeruk,,38,39,18,27,9,39,SO2,UNHEALTHY
3742,202411,2024-11-29,kebon jeruk,,41,40,17,16,9,41,PM25,UNHEALTHY
3743,202411,2024-11-30,kebon jeruk,,24,40,15,15,5,40,SO2,UNHEALTHY
3744,202412,2024-12-01,kebon jeruk,,26,39,15,16,4,39,SO2,UNHEALTHY
3745,202412,2024-12-02,kebon jeruk,,22,39,15,19,3,39,SO2,UNHEALTHY
3746,202412,2024-12-03,kebon jeruk,,18,39,14,21,3,39,SO2,UNHEALTHY
3747,202412,2024-12-04,kebon jeruk,,23,42,15,22,6,42,SO2,UNHEALTHY
3748,202412,2024-12-05,kebon jeruk,,22,41,15,28,5,41,SO2,UNHEALTHY
3749,202412,2024-12-06,kebon jeruk,,31,45,16,27,8,45,SO2,UNHEALTHY
3750,202412,2024-12-07,kebon jeruk,,67,44,41,33,15,67,PM25,UNHEALTHY
3751,202412,2024-12-08,kebon jeruk,,48,40,24,41,12,48,PM25,UNHEALTHY
3752,202412,2024-12-09,kebon jeruk,,50,43,19,39,12,50,PM25,UNHEALTHY
3753,202412,2024-12-10,kebon jeruk,,43,40,21,24,8,43,PM25,UNHEALTHY
3754,202412,2024-12-11,kebon jeruk,,33,42,15,26,4,42,SO2,UNHEALTHY
3755,202412,2024-12-12,kebon jeruk,,25,42,15,21,4,42,SO2,UNHEALTHY
3756,202412,2024-12-13,kebon jeruk,,36,45,15,17,6,45,SO2,UNHEALTHY
3757,202412,2024-12-14,kebon jeruk,,31,42,15,20,4,42,SO2,UNHEALTHY
3758,202412,2024-12-15,kebon jeruk,,34,44,16,22,5,44,SO2,UNHEALTHY
3759,202412,2024-12-16,kebon jeruk,,35,42,16,30,6,42,SO2,UNHEALTHY
3760,202412,2024-12-17,kebon jeruk,,37,42,16,34,7,42,SO2,UNHEALTHY
3761,202412,2024-12-18,kebon jeruk,,29,18,15,29,5,29,PM25,UNHEALTHY
3762,202412,2024-12-19,kebon jeruk,,20,51,4,29,5,51,SO2,UNHEALTHY
3763,202412,2024-12-20,kebon jeruk,,36,15,7,31,6,36,PM25,UNHEALTHY
3764,202412,2024-12-21,kebon jeruk,,38,17,6,35,8,38,PM25,UNHEALTHY
3765,202412,2024-12-22,kebon jeruk,,38,14,7,41,12,41,O3,UNHEALTHY
3766,202412,2024-12-23,kebon jeruk,,35,3,8,43,12,43,O3,UNHEALTHY
3767,202412,2024-12-24,kebon jeruk,,51,10,11,39,12,51,PM25,UNHEALTHY
3768,202412,2024-12-25,kebon jeruk,,43,9,7,33,9,43,PM25,UNHEALTHY
3769,202412,2024-12-26,kebon jeruk,,51,7,10,24,11,51,PM25,UNHEALTHY
3770,202412,2024-12-27,kebon jeruk,,55,27,9,30,12,55,PM25,UNHEALTHY
3771,202412,2024-12-28,kebon jeruk,,40,26,6,30,12,40,PM25,UNHEALTHY
3772,202412,2024-12-29,kebon jeruk,,51,32,8,28,11,51,PM25,UNHEALTHY
3773,202412,2024-12-30,kebon jeruk,,34,9,5,38,8,38,O3,UNHEALTHY
3774,202412,2024-12-31,kebon jeruk,,26,9,3,26,3,26,PM25,UNHEALTHY
3775,202501,2025-01-01,kebon jeruk,,48,12,6,26,7,48,PM25,GOOD
3776,202501,2025-01-02,kebon jeruk,,26,13,4,28,4,28,O3,GOOD
3777,202501,2025-01-03,kebon jeruk,,46,22,8,26,8,46,PM25,GOOD
3778,202501,2025-01-04,kebon jeruk,,33,25,4,28,8,33,PM25,GOOD
3779,202501,2025-01-05,kebon jeruk,,26,4,4,16,,26,PM25,GOOD
3780,202501,2025-01-06,kebon jeruk,,46,15,8,17,,46,PM25,GOOD
3781,202501,2025-01-07,kebon jeruk,9,43,21,4,20,4,43,PM25,GOOD
3782,202501,2025-01-08,kebon jeruk,10,35,12,4,22,5,35,PM25,GOOD
3783,202501,2025-01-09,kebon jeruk,14,29,3,6,31,7,31,O3,GOOD
3784,202501,2025-01-10,kebon jeruk,20,74,12,13,29,15,74,PM25,MEDIUM
3785,202501,2025-01-11,kebon jeruk,19,60,10,6,36,10,60,PM25,MEDIUM
3786,202501,2025-01-12,kebon jeruk,14,56,14,5,25,9,56,PM25,MEDIUM
3787,202501,2025-01-13,kebon jeruk,10,35,8,5,21,5,35,PM25,GOOD
3788,202501,2025-01-14,kebon jeruk,12,33,17,5,24,6,33,PM25,GOOD
3789,202501,2025-01-15,kebon jeruk,15,49,13,6,20,4,49,PM25,GOOD
3790,202501,2025-01-16,kebon jeruk,11,54,21,5,42,4,54,PM25,MEDIUM
3791,202501,2025-01-17,kebon jeruk,11,54,26,4,50,5,54,PM25,MEDIUM
3792,202501,2025-01-18,kebon jeruk,7,25,11,3,55,,55,O3,MEDIUM
3793,202501,2025-01-19,kebon jeruk,11,37,24,3,49,3,49,O3,GOOD
3794,202501,2025-01-20,kebon jeruk,10,43,18,3,52,5,52,O3,MEDIUM
3795,202501,2025-01-21,kebon jeruk,15,54,3,12,38,13,54,PM25,MEDIUM
3796,202501,2025-01-22,kebon jeruk,15,53,16,10,26,14,53,PM25,MEDIUM
3797,202501,2025-01-23,kebon jeruk,16,66,28,7,28,15,66,PM25,MEDIUM
3798,202501,2025-01-24,kebon jeruk,17,74,25,13,25,13,74,PM25,MEDIUM
3799,202501,2025-01-25,kebon jeruk,16,64,22,10,24,9,64,PM25,MEDIUM
3800,202501,2025-01-26,kebon jeruk,17,62,34,8,21,9,62,PM25,MEDIUM
3801,202501,2025-01-27,kebon jeruk,10,54,24,3,13,8,54,PM25,MEDIUM
3802,202501,2025-01-28,kebon jeruk,8,32,22,3,20,7,32,PM25,GOOD
3803,202501,2025-01-29,kebon jeruk,11,32,15,6,25,14,32,PM25,GOOD
3804,202501,2025-01-30,kebon jeruk,8,24,13,4,28,8,28,O3,GOOD
3805,202501,2025-01-31,kebon jeruk,10,51,14,7,26,13,51,PM25,MEDIUM
3806,202502,2025-02-01,kebon jeruk,12,50,15,5,31,12,50,PM25,GOOD
3807,202502,2025-02-02,kebon jeruk,13,41,13,5,44,8,44,O3,GOOD
3808,202502,2025-02-03,kebon jeruk,11,50,13,5,46,10,50,PM25,GOOD
3809,202502,2025-02-04,kebon jeruk,19,83,22,10,33,13,83,PM25,MEDIUM
3810,202502,2025-02-05,kebon jeruk,19,40,24,5,27,10,40,PM25,GOOD
3811,202502,2025-02-06,kebon jeruk,15,51,22,6,28,10,51,PM25,MEDIUM
3812,202502,2025-02-07,kebon jeruk,11,36,14,7,34,9,36,PM25,GOOD
3813,202502,2025-02-08,kebon jeruk,24,41,17,7,29,13,41,PM25,GOOD
3814,202502,2025-02-09,kebon jeruk,12,41,19,6,30,10,41,PM25,GOOD
3815,202502,2025-02-10,kebon jeruk,51,50,15,7,33,10,51,PM10,MEDIUM
3816,202502,2025-02-11,kebon jeruk,52,47,15,7,38,9,52,PM10,MEDIUM
3817,202502,2025-02-12,kebon jeruk,18,78,26,9,34,13,78,PM25,MEDIUM
3818,202502,2025-02-13,kebon jeruk,19,77,25,10,28,10,77,PM25,MEDIUM
3819,202502,2025-02-14,kebon jeruk,11,59,23,5,14,5,59,PM25,MEDIUM
3820,202502,2025-02-15,kebon jeruk,10,53,21,4,17,5,53,PM25,MEDIUM
3821,202502,2025-02-16,kebon jeruk,17,64,27,7,21,7,64,PM25,MEDIUM
3822,202502,2025-02-17,kebon jeruk,14,59,24,11,24,5,59,PM25,MEDIUM
3823,202502,2025-02-18,kebon jeruk,14,69,30,15,21,7,69,PM25,MEDIUM
3824,202502,2025-02-19,kebon jeruk,24,92,24,18,23,6,92,PM25,MEDIUM
3825,202502,2025-02-20,kebon jeruk,16,51,31,8,20,6,51,PM25,MEDIUM
3826,202502,2025-02-21,kebon jeruk,14,,,,,,14,PM10,GOOD
3827,202502,2025-02-22,kebon jeruk,17,59,48,7,15,5,59,PM25,MEDIUM
3828,202502,2025-02-23,kebon jeruk,35,78,42,13,16,5,78,PM25,MEDIUM
3829,202502,2025-02-24,kebon jeruk,14,66,18,11,35,5,66,PM25,MEDIUM
3830,202502,2025-02-25,kebon jeruk,18,75,28,13,25,4,75,PM25,MEDIUM
3831,202502,2025-02-26,kebon jeruk,16,60,29,10,24,6,60,PM25,MEDIUM
3832,202502,2025-02-27,kebon jeruk,29,111,24,21,34,8,111,PM25,UNHEALTHY
3833,202502,2025-02-28,kebon jeruk,20,71,24,9,31,6,71,PM25,MEDIUM
3834,202503,2025-03-01,kebon jeruk,10,59,17,9,28,6,59,PM25,MEDIUM
3835,202503,2025-03-02,kebon jeruk,25,92,21,11,39,5,92,PM25,MEDIUM
3836,202503,2025-03-03,kebon jeruk,12,54,16,7,42,4,54,PM25,MEDIUM
3837,202503,2025-03-04,kebon jeruk,,52,21,6,38,6,52,PM25,MEDIUM
3838,202503,2025-03-05,kebon jeruk,18,63,25,10,36,6,63,PM25,MEDIUM
3839,202503,2025-03-06,kebon jeruk,30,90,25,11,39,4,90,PM25,MEDIUM
3840,202503,2025-03-07,kebon jeruk,15,28,17,2,24,2,28,PM25,GOOD
3841,202503,2025-03-08,kebon jeruk,12,61,19,4,29,2,61,PM25,MEDIUM
3842,202503,2025-03-09,kebon jeruk,27,75,20,12,30,4,75,PM25,MEDIUM
3843,202503,2025-03-10,kebon jeruk,10,77,16,15,29,4,77,PM25,MEDIUM
3844,202503,2025-03-11,kebon jeruk,9,100,23,19,27,5,100,PM25,MEDIUM
3845,202503,2025-03-12,kebon jeruk,5,54,47,3,28,4,54,PM25,MEDIUM
3846,202503,2025-03-13,kebon jeruk,8,73,53,4,35,4,73,PM25,MEDIUM
3847,202503,2025-03-14,kebon jeruk,,58,22,4,23,2,58,PM25,MEDIUM
3848,202503,2025-03-15,kebon jeruk,21,25,17,2,19,1,25,PM25,GOOD
3849,202503,2025-03-16,kebon jeruk,27,47,16,4,13,1,47,PM25,GOOD
3850,202503,2025-03-17,kebon jeruk,20,63,30,8,16,2,63,PM25,MEDIUM
3851,202503,2025-03-18,kebon jeruk,16,21,16,4,28,11,28,O3,GOOD
3852,202503,2025-03-19,kebon jeruk,27,38,19,6,24,11,38,PM25,GOOD
3853,202503,2025-03-20,kebon jeruk,27,55,37,5,34,11,55,PM25,MEDIUM
3854,202503,2025-03-21,kebon jeruk,23,58,19,6,27,12,58,PM25,MEDIUM
3855,202503,2025-03-22,kebon jeruk,22,72,28,8,38,12,72,PM25,MEDIUM
3856,202503,2025-03-23,kebon jeruk,39,64,27,12,38,10,64,PM25,MEDIUM
3857,202503,2025-03-24,kebon jeruk,24,60,25,7,34,11,60,PM25,MEDIUM
3858,202503,2025-03-25,kebon jeruk,33,59,24,7,29,11,59,PM25,MEDIUM
3859,202503,2025-03-26,kebon jeruk,25,77,19,10,44,11,77,PM25,MEDIUM
3860,202503,2025-03-27,kebon jeruk,23,73,21,12,39,10,73,PM25,MEDIUM
3861,202503,2025-03-28,kebon jeruk,16,52,17,7,32,11,52,PM25,MEDIUM
3862,202503,2025-03-29,kebon jeruk,10,20,19,3,24,10,24,O3,GOOD
3863,202503,2025-03-30,kebon jeruk,12,52,26,5,21,12,52,PM25,MEDIUM
3864,202503,2025-03-31,kebon jeruk,13,37,35,3,23,13,37,PM25,GOOD
3865,202504,2025-04-01,kebon jeruk,15,39,22,5,25,13,39,PM25,GOOD
3866,202504,2025-04-02,kebon jeruk,11,40,,6,20,13,40,PM25,GOOD
3867,202504,2025-04-03,kebon jeruk,22,45,,9,30,11,45,PM25,GOOD
3868,202504,2025-04-04,kebon jeruk,33,54,,8,41,11,54,PM25,MEDIUM
3869,202504,2025-04-05,kebon jeruk,50,70,,12,30,11,70,PM25,MEDIUM
3870,202504,2025-04-06,kebon jeruk,55,74,,20,32,10,74,PM25,MEDIUM
3871,202504,2025-04-07,kebon jeruk,36,57,,13,34,12,57,PM25,MEDIUM
3872,202504,2025-04-08,kebon jeruk,55,84,,13,32,12,84,PM25,MEDIUM
3873,202504,2025-04-09,kebon jeruk,44,71,,8,37,12,71,PM25,MEDIUM
3874,202504,2025-04-10,kebon jeruk,57,94,25,17,46,11,94,PM25,MEDIUM
3875,202504,2025-04-11,kebon jeruk,54,94,25,15,50,13,94,PM25,MEDIUM
3876,202504,2025-04-12,kebon jeruk,54,92,26,19,41,13,92,PM25,MEDIUM
3877,202504,2025-04-13,kebon jeruk,52,85,26,13,48,12,85,PM25,MEDIUM
3878,202504,2025-04-14,kebon jeruk,24,34,25,5,29,11,34,PM25,GOOD
3879,202504,2025-04-15,kebon jeruk,40,67,33,8,35,10,67,PM25,MEDIUM
3880,202504,2025-04-16,kebon jeruk,57,91,32,15,45,11,91,PM25,MEDIUM
3881,202504,2025-04-17,kebon jeruk,51,84,27,11,52,12,84,PM25,MEDIUM
3882,202504,2025-04-18,kebon jeruk,56,99,31,10,43,12,99,PM25,MEDIUM
3883,202504,2025-04-19,kebon jeruk,53,77,28,11,51,10,77,PM25,MEDIUM
3884,202504,2025-04-20,kebon jeruk,41,63,32,6,35,11,63,PM25,MEDIUM
3885,202504,2025-04-21,kebon jeruk,40,61,32,6,25,11,61,PM25,MEDIUM
3886,202504,2025-04-22,kebon jeruk,55,81,32,9,28,11,81,PM25,MEDIUM
3887,202504,2025-04-23,kebon jeruk,55,75,16,12,23,7,75,PM25,MEDIUM
3888,202504,2025-04-24,kebon jeruk,16,50,18,3,16,4,50,PM25,GOOD
3889,202504,2025-04-25,kebon jeruk,23,81,19,9,24,3,81,PM25,MEDIUM
3890,202504,2025-04-26,kebon jeruk,30,77,20,11,29,3,77,PM25,MEDIUM
3891,202504,2025-04-27,kebon jeruk,31,85,21,12,47,4,85,PM25,MEDIUM
3892,202504,2025-04-28,kebon jeruk,24,78,20,9,37,4,78,PM25,MEDIUM
3893,202504,2025-04-29,kebon jeruk,21,81,21,9,33,5,81,PM25,MEDIUM
3894,202504,2025-04-30,kebon jeruk,24,88,21,8,37,5,88,PM25,MEDIUM
3895,202505,2025-05-01,kebon jeruk,27,101,21,9,40,5,101,PM25,UNHEALTHY
3896,202505,2025-05-02,kebon jeruk,22,95,20,9,43,5,95,PM25,MEDIUM
3897,202505,2025-05-03,kebon jeruk,27,95,24,11,40,5,95,PM25,MEDIUM
3898,202505,2025-05-04,kebon jeruk,26,80,20,14,31,5,80,PM25,MEDIUM
3899,202505,2025-05-05,kebon jeruk,42,116,23,19,29,5,116,PM25,UNHEALTHY
3900,202505,2025-05-06,kebon jeruk,41,95,21,13,33,5,95,PM25,MEDIUM
3901,202505,2025-05-07,kebon jeruk,39,99,21,15,32,5,99,PM25,MEDIUM
3902,202505,2025-05-08,kebon jeruk,51,142,20,26,35,4,142,PM25,UNHEALTHY
3903,202505,2025-05-09,kebon jeruk,26,97,19,10,32,30,97,PM25,MEDIUM
3904,202505,2025-05-10,kebon jeruk,,,,,,,0,,GOOD
3905,202505,2025-05-11,kebon jeruk,37,,19,21,38,45,45,NO2,GOOD
3906,202505,2025-05-12,kebon jeruk,19,,19,11,28,27,28,O3,GOOD
3907,202505,2025-05-13,kebon jeruk,19,,21,5,22,23,23,NO2,GOOD
3908,202505,2025-05-14,kebon jeruk,,85,21,12,47,52,85,PM25,MEDIUM
3909,202505,2025-05-15,kebon jeruk,26,96,21,12,39,52,96,PM25,MEDIUM
3910,202505,2025-05-16,kebon jeruk,25,100,21,13,49,56,100,PM25,MEDIUM
3911,202505,2025-05-17,kebon jeruk,21,85,27,11,28,50,85,PM25,MEDIUM
3912,202505,2025-05-18,kebon jeruk,28,92,21,22,34,54,92,PM25,MEDIUM
3913,202505,2025-05-19,kebon jeruk,17,79,26,9,39,48,79,PM25,MEDIUM
3914,202505,2025-05-20,kebon jeruk,28,105,29,18,29,62,105,PM25,UNHEALTHY
3915,202505,2025-05-21,kebon jeruk,24,103,26,11,30,57,103,PM25,UNHEALTHY
3916,202505,2025-05-22,kebon jeruk,36,89,21,13,35,55,89,PM25,MEDIUM
3917,202505,2025-05-23,kebon jeruk,17,65,21,9,33,52,65,PM25,MEDIUM
3918,202505,2025-05-24,kebon jeruk,15,69,21,9,28,32,69,PM25,MEDIUM
3919,202505,2025-05-25,kebon jeruk,24,90,21,15,28,56,90,PM25,MEDIUM
3920,202505,2025-05-26,kebon jeruk,38,119,20,18,28,44,119,PM25,UNHEALTHY
3921,202505,2025-05-27,kebon jeruk,16,59,20,5,22,25,59,PM25,MEDIUM
3922,202505,2025-05-28,kebon jeruk,24,100,26,12,29,34,100,PM25,MEDIUM
3923,202505,2025-05-29,kebon jeruk,26,105,26,10,57,53,105,PM25,UNHEALTHY
3924,202505,2025-05-30,kebon jeruk,54,76,21,9,37,54,76,PM25,MEDIUM
3925,202505,2025-05-31,kebon jeruk,35,113,22,13,42,47,113,PM25,UNHEALTHY
3926,202506,2025-06-01,kebon jeruk,23,103,24,11,31,50,103,PM25,UNHEALTHY
3927,202506,2025-06-02,kebon jeruk,35,120,27,13,38,56,120,PM25,UNHEALTHY
3928,202506,2025-06-03,kebon jeruk,30,128,25,11,40,55,128,PM25,UNHEALTHY
3929,202506,2025-06-04,kebon jeruk,38,141,22,16,39,65,141,PM25,UNHEALTHY
3930,202506,2025-06-05,kebon jeruk,38,116,25,14,38,65,116,PM25,UNHEALTHY
3931,202506,2025-06-06,kebon jeruk,30,97,23,12,39,46,97,PM25,MEDIUM
3932,202506,2025-06-07,kebon jeruk,36,125,22,17,45,40,125,PM25,UNHEALTHY
3933,202506,2025-06-08,kebon jeruk,31,108,26,14,41,60,108,PM25,UNHEALTHY
3934,202506,2025-06-09,kebon jeruk,30,99,25,11,38,49,99,PM25,MEDIUM
3935,202506,2025-06-10,kebon jeruk,23,90,26,9,44,54,90,PM25,MEDIUM
3936,202506,2025-06-11,kebon jeruk,27,84,23,13,39,62,84,PM25,MEDIUM
3937,202506,2025-06-12,kebon jeruk,26,87,25,11,30,55,87,PM25,MEDIUM
3938,202506,2025-06-13,kebon jeruk,33,104,28,9,32,28,104,PM25,UNHEALTHY
3939,202506,2025-06-14,kebon jeruk,32,109,26,10,27,35,109,PM25,UNHEALTHY
3940,202506,2025-06-15,kebon jeruk,29,88,26,14,18,34,88,PM25,MEDIUM
3941,202506,2025-06-16,kebon jeruk,19,80,30,8,33,28,80,PM25,MEDIUM
3942,202506,2025-06-17,kebon jeruk,15,64,23,7,30,30,64,PM25,MEDIUM
3943,202506,2025-06-18,kebon jeruk,15,55,20,9,27,32,55,PM25,MEDIUM
3944,202506,2025-06-19,kebon jeruk,20,90,23,24,16,49,90,PM25,MEDIUM
3945,202506,2025-06-20,kebon jeruk,44,127,27,24,18,51,127,PM25,UNHEALTHY
3946,202506,2025-06-21,kebon jeruk,24,65,22,7,34,31,65,PM25,MEDIUM
3947,202506,2025-06-22,kebon jeruk,38,,24,22,25,45,45,NO2,GOOD
3948,202506,2025-06-23,kebon jeruk,20,81,24,7,30,22,81,PM25,MEDIUM
3949,202506,2025-06-24,kebon jeruk,36,114,29,11,27,35,114,PM25,UNHEALTHY
3950,202506,2025-06-25,kebon jeruk,39,133,26,16,28,43,133,PM25,UNHEALTHY
3951,202506,2025-06-26,kebon jeruk,32,123,26,17,27,51,123,PM25,UNHEALTHY
3952,202506,2025-06-27,kebon jeruk,31,108,27,10,38,30,108,PM25,UNHEALTHY
3953,202506,2025-06-28,kebon jeruk,47,137,26,12,40,35,137,PM25,UNHEALTHY
3954,202506,2025-06-29,kebon jeruk,48,95,24,17,15,51,95,PM25,MEDIUM
3955,202506,2025-06-30,kebon jeruk,29,125,25,19,28,48,125,PM25,UNHEALTHY
3956,202507,2025-07-01,kebon jeruk,12,49,21,6,29,23,49,PM25,GOOD
3957,202507,2025-07-02,kebon jeruk,24,79,23,14,26,43,79,PM25,MEDIUM
3958,202507,2025-07-03,kebon jeruk,29,87,23,16,30,55,87,PM25,MEDIUM
3959,202507,2025-07-04,kebon jeruk,21,78,23,11,26,42,78,PM25,MEDIUM
3960,202507,2025-07-05,kebon jeruk,27,105,24,15,30,46,105,PM25,UNHEALTHY
3961,202507,2025-07-06,kebon jeruk,18,61,22,7,38,23,61,PM25,MEDIUM
3962,202507,2025-07-07,kebon jeruk,35,69,23,12,21,37,69,PM25,MEDIUM
3963,202507,2025-07-08,kebon jeruk,23,61,22,9,31,41,61,PM25,MEDIUM
3964,202507,2025-07-09,kebon jeruk,21,86,23,9,30,33,86,PM25,MEDIUM
3965,202507,2025-07-10,kebon jeruk,28,84,23,12,25,38,84,PM25,MEDIUM
3966,202507,2025-07-11,kebon jeruk,52,87,30,9,33,36,87,PM25,MEDIUM
3967,202507,2025-07-12,kebon jeruk,70,132,27,16,33,51,132,PM25,UNHEALTHY
3968,202507,2025-07-13,kebon jeruk,62,104,28,9,32,31,104,PM25,UNHEALTHY
3969,202507,2025-07-14,kebon jeruk,50,77,26,9,37,36,77,PM25,MEDIUM
3970,202507,2025-07-15,kebon jeruk,64,115,25,12,30,42,115,PM25,UNHEALTHY
3971,202507,2025-07-16,kebon jeruk,59,108,26,18,42,49,108,PM25,UNHEALTHY
3972,202507,2025-07-17,kebon jeruk,-,-,-,-,-,-,-,,TIDAK ADA DATA
3973,202507,2025-07-18,kebon jeruk,58,94,25,10,31,37,94,PM25,MEDIUM
3974,202507,2025-07-19,kebon jeruk,53,82,25,9,32,31,82,PM25,MEDIUM
3975,202507,2025-07-20,kebon jeruk,53,86,26,8,37,26,86,PM25,MEDIUM
3976,202507,2025-07-21,kebon jeruk,48,78,28,7,37,28,78,PM25,MEDIUM
3977,202507,2025-07-22,kebon jeruk,54,88,29,9,30,37,88,PM25,MEDIUM
3978,202507,2025-07-23,kebon jeruk,60,102,29,10,31,42,102,PM25,UNHEALTHY
3979,202507,2025-07-24,kebon jeruk,65,112,29,12,30,44,112,PM25,UNHEALTHY
3980,202507,2025-07-25,kebon jeruk,55,97,29,9,32,33,97,PM25,MEDIUM
3981,202507,2025-07-26,kebon jeruk,59,100,29,8,32,32,100,PM25,MEDIUM
3982,202507,2025-07-27,kebon jeruk,60,109,31,9,38,30,109,PM25,UNHEALTHY
3983,202507,2025-07-28,kebon jeruk,54,83,24,10,35,30,83,PM25,MEDIUM
3984,202507,2025-07-29,kebon jeruk,59,87,25,15,26,48,87,PM25,MEDIUM
3985,202507,2025-07-30,kebon jeruk,46,73,25,9,27,33,73,PM25,MEDIUM
3986,202507,2025-07-31,kebon jeruk,47,71,25,8,22,31,71,PM25,MEDIUM
3987,202508,2025-08-01,kebon jeruk,50,78,29,6,23,27,78,PM25,MEDIUM
3988,202508,2025-08-02,kebon jeruk,56,100,31,9,21,36,100,PM25,MEDIUM
3989,202508,2025-08-03,kebon jeruk,53,89,28,8,31,32,89,PM25,MEDIUM
3990,202508,2025-08-04,kebon jeruk,42,71,24,9,31,33,71,PM25,MEDIUM
3991,202508,2025-08-05,kebon jeruk,55,94,24,17,23,52,94,PM25,MEDIUM
3992,202508,2025-08-06,kebon jeruk,53,85,28,11,26,49,85,PM25,MEDIUM
3993,202508,2025-08-07,kebon jeruk,52,82,29,9,30,42,82,PM25,MEDIUM
3994,202508,2025-08-08,kebon jeruk,50,-,24,9,37,34,50,PM10,GOOD
3995,202508,2025-08-09,kebon jeruk,54,92,28,11,31,42,92,PM25,MEDIUM
3996,202508,2025-08-10,kebon jeruk,43,78,25,10,29,36,78,PM25,MEDIUM
3997,202508,2025-08-11,kebon jeruk,54,89,23,11,36,35,89,PM25,MEDIUM
3998,202508,2025-08-12,kebon jeruk,55,95,24,17,34,53,95,PM25,MEDIUM
3999,202508,2025-08-13,kebon jeruk,-,87,26,22,21,59,87,PM25,MEDIUM
4000,202508,2025-08-14,kebon jeruk,49,79,25,10,23,42,79,PM25,MEDIUM
4001,202508,2025-08-15,kebon jeruk,56,98,26,15,28,50,98,PM25,MEDIUM
4002,202508,2025-08-16,kebon jeruk,59,102,27,12,22,48,102,PM25,UNHEALTHY
4003,202508,2025-08-17,kebon jeruk,52,86,30,7,35,29,86,PM25,MEDIUM
4004,202508,2025-08-18,kebon jeruk,44,70,31,6,29,24,70,PM25,MEDIUM
4005,202508,2025-08-19,kebon jeruk,46,70,24,11,19,46,70,PM25,MEDIUM
4006,202508,2025-08-20,kebon jeruk,56,-,32,11,26,56,56,PM10,MEDIUM
4007,202508,2025-08-21,kebon jeruk,45,73,25,19,15,51,73,PM25,MEDIUM
4008,202508,2025-08-22,kebon jeruk,47,78,30,7,33,32,78,PM25,MEDIUM
4009,202508,2025-08-23,kebon jeruk,56,106,29,12,33,43,106,PM25,UNHEALTHY
4010,202508,2025-08-24,kebon jeruk,43,79,27,10,28,33,79,PM25,MEDIUM
4011,202508,2025-08-25,kebon jeruk,67,-,25,17,73,55,73,O3,MEDIUM
4012,202508,2025-08-26,kebon jeruk,60,103,23,17,92,51,103,PM25,UNHEALTHY
4013,202508,2025-08-27,kebon jeruk,57,110,25,11,84,46,110,PM25,UNHEALTHY
4014,202508,2025-08-28,kebon jeruk,32,68,25,7,31,28,68,PM25,MEDIUM
4015,202508,2025-08-29,kebon jeruk,27,60,24,6,37,27,60,PM25,MEDIUM
4016,202508,2025-08-30,kebon jeruk,38,72,26,9,30,40,72,PM25,MEDIUM
4017,202508,2025-08-31,kebon jeruk,37,65,25,9,21,34,65,PM25,MEDIUM
4018,202509,2025-09-01,kebon jeruk,51,84,30,9,24,35,84,PM25,MEDIUM
4019,202509,2025-09-02,kebon jeruk,46,85,31,7,25,30,85,PM25,MEDIUM
4020,202509,2025-09-03,kebon jeruk,50,79,32,8,19,35,79,PM25,MEDIUM
4021,202509,2025-09-04,kebon jeruk,42,69,30,6,23,26,69,PM25,MEDIUM
4022,202509,2025-09-05,kebon jeruk,56,84,28,9,24,36,84,PM25,MEDIUM
4023,202509,2025-09-06,kebon jeruk,51,82,27,8,33,26,82,PM25,MEDIUM
4024,202509,2025-09-07,kebon jeruk,46,79,24,8,30,26,79,PM25,MEDIUM
4025,202509,2025-09-08,kebon jeruk,55,102,27,16,25,50,102,PM25,UNHEALTHY
4026,202509,2025-09-09,kebon jeruk,60,87,25,10,23,38,87,PM25,MEDIUM
4027,202509,2025-09-10,kebon jeruk,60,-,26,18,25,55,60,PM10,MEDIUM
4028,202509,2025-09-11,kebon jeruk,50,75,25,10,23,37,75,PM25,MEDIUM
4029,202509,2025-09-12,kebon jeruk,25,67,25,7,21,28,67,PM25,MEDIUM
4030,202509,2025-09-13,kebon jeruk,45,74,25,13,20,38,74,PM25,MEDIUM
4031,202509,2025-09-14,kebon jeruk,52,93,30,9,29,32,93,PM25,MEDIUM
4032,202509,2025-09-15,kebon jeruk,49,74,26,7,44,23,74,PM25,MEDIUM
4033,202509,2025-09-16,kebon jeruk,67,105,27,13,33,42,105,PM25,UNHEALTHY
4034,202509,2025-09-17,kebon jeruk,65,114,27,19,29,60,114,PM25,UNHEALTHY
4035,202509,2025-09-18,kebon jeruk,53,85,27,15,19,56,85,PM25,MEDIUM
4036,202509,2025-09-19,kebon jeruk,79,132,32,19,27,59,132,PM25,UNHEALTHY
4037,202509,2025-09-20,kebon jeruk,68,97,31,15,22,53,97,PM25,MEDIUM
4038,202509,2025-09-21,kebon jeruk,54,72,35,9,19,37,72,PM25,MEDIUM
4039,202509,2025-09-22,kebon jeruk,58,91,28,12,27,44,91,PM25,MEDIUM
4040,202509,2025-09-23,kebon jeruk,49,-,26,11,41,45,49,PM10,GOOD
4041,202509,2025-09-24,kebon jeruk,62,115,28,12,40,42,115,PM25,UNHEALTHY
4042,202509,2025-09-25,kebon jeruk,69,119,32,13,34,49,119,PM25,UNHEALTHY
4043,202509,2025-09-26,kebon jeruk,52,89,28,9,45,35,89,PM25,MEDIUM
4044,202509,2025-09-27,kebon jeruk,52,85,27,9,36,37,85,PM25,MEDIUM
4045,202509,2025-09-28,kebon jeruk,38,72,31,5,29,25,72,PM25,MEDIUM
4046,202509,2025-09-29,kebon jeruk,60,96,29,10,28,30,96,PM25,MEDIUM
4047,202509,2025-09-30,kebon jeruk,47,74,25,19,15,53,74,PM25,MEDIUM
4048,202301,2023-01-01,kelapa gading,44,61,56,16,20,19,61,PM25,MEDIUM
4049,202301,2023-01-02,kelapa gading,34,43,59,15,21,19,59,SO2,MEDIUM
4050,202301,2023-01-03,kelapa gading,28,34,57,13,21,16,57,SO2,MEDIUM
4051,202301,2023-01-04,kelapa gading,31,49,60,17,21,26,60,SO2,MEDIUM
4052,202301,2023-01-05,kelapa gading,37,53,57,26,21,35,57,SO2,MEDIUM
4053,202301,2023-01-06,kelapa gading,30,43,56,14,18,19,56,SO2,MEDIUM
4054,202301,2023-01-07,kelapa gading,23,44,56,11,17,15,56,SO2,MEDIUM
4055,202301,2023-01-08,kelapa gading,28,60,56,10,17,10,60,PM25,MEDIUM
4056,202301,2023-01-09,kelapa gading,24,44,57,9,19,17,57,SO2,MEDIUM
4057,202301,2023-01-10,kelapa gading,35,51,56,10,20,21,56,SO2,MEDIUM
4058,202301,2023-01-11,kelapa gading,40,65,58,18,28,27,65,PM25,MEDIUM
4059,202301,2023-01-12,kelapa gading,69,87,60,17,38,32,87,PM25,MEDIUM
4060,202301,2023-01-13,kelapa gading,62,81,58,13,44,20,81,PM25,MEDIUM
4061,202301,2023-01-14,kelapa gading,57,79,58,25,37,40,79,PM25,MEDIUM
4062,202301,2023-01-15,kelapa gading,48,54,57,12,22,23,57,SO2,MEDIUM
4063,202301,2023-01-16,kelapa gading,35,48,56,10,19,17,56,SO2,MEDIUM
4064,202301,2023-01-17,kelapa gading,39,47,57,12,15,17,57,SO2,MEDIUM
4065,202301,2023-01-18,kelapa gading,56,66,63,15,17,27,66,PM25,MEDIUM
4066,202301,2023-01-19,kelapa gading,55,62,58,19,15,30,62,PM25,MEDIUM
4067,202301,2023-01-20,kelapa gading,36,58,59,13,16,25,59,SO2,MEDIUM
4068,202301,2023-01-21,kelapa gading,44,58,57,23,14,32,58,PM25,MEDIUM
4069,202301,2023-01-22,kelapa gading,37,52,59,11,16,15,59,SO2,MEDIUM
4070,202301,2023-01-23,kelapa gading,27,53,62,8,17,9,62,SO2,MEDIUM
4071,202301,2023-01-24,kelapa gading,33,50,60,11,17,14,60,SO2,MEDIUM
4072,202301,2023-01-25,kelapa gading,37,45,60,10,13,14,60,SO2,MEDIUM
4073,202301,2023-01-26,kelapa gading,39,43,58,14,13,20,58,SO2,MEDIUM
4074,202301,2023-01-27,kelapa gading,33,56,-,9,17,-,56,PM25,MEDIUM
4075,202301,2023-01-28,kelapa gading,30,48,-,10,32,25,48,PM25,GOOD
4076,202301,2023-01-29,kelapa gading,51,60,-,17,37,21,60,PM25,MEDIUM
4077,202301,2023-01-30,kelapa gading,40,56,-,10,26,21,56,PM25,MEDIUM
4078,202301,2023-01-31,kelapa gading,42,60,-,9,19,22,60,PM25,MEDIUM
4079,202302,2023-02-01,kelapa gading,44,55,11,9,28,21,55,PM25,MEDIUM
4080,202302,2023-02-02,kelapa gading,41,53,59,9,30,25,59,SO2,MEDIUM
4081,202302,2023-02-03,kelapa gading,26,39,21,10,25,21,39,PM25,GOOD
4082,202302,2023-02-04,kelapa gading,54,68,24,10,27,27,68,PM25,MEDIUM
4083,202302,2023-02-05,kelapa gading,44,56,19,7,28,18,56,PM25,MEDIUM
4084,202302,2023-02-06,kelapa gading,36,53,33,6,17,12,53,PM25,MEDIUM
4085,202302,2023-02-07,kelapa gading,39,50,25,7,22,19,50,PM25,GOOD
4086,202302,2023-02-08,kelapa gading,30,43,19,9,25,23,43,PM25,GOOD
4087,202302,2023-02-09,kelapa gading,38,52,21,8,20,19,52,PM25,MEDIUM
4088,202302,2023-02-10,kelapa gading,25,32,18,6,17,15,32,PM25,GOOD
4089,202302,2023-02-11,kelapa gading,30,34,17,8,20,16,34,PM25,GOOD
4090,202302,2023-02-12,kelapa gading,20,22,17,6,19,16,22,PM25,GOOD
4091,202302,2023-02-13,kelapa gading,28,30,17,8,16,15,30,PM25,GOOD
4092,202302,2023-02-14,kelapa gading,21,23,16,7,16,13,23,PM25,GOOD
4093,202302,2023-02-15,kelapa gading,23,28,17,6,17,11,28,PM25,GOOD
4094,202302,2023-02-16,kelapa gading,32,35,20,7,17,15,35,PM25,GOOD
4095,202302,2023-02-17,kelapa gading,38,39,22,9,17,18,39,PM25,GOOD
4096,202302,2023-02-18,kelapa gading,52,61,19,15,19,26,61,PM25,MEDIUM
4097,202302,2023-02-19,kelapa gading,46,57,51,9,23,32,57,PM25,MEDIUM
4098,202302,2023-02-20,kelapa gading,49,61,43,9,26,29,61,PM25,MEDIUM
4099,202302,2023-02-21,kelapa gading,25,39,19,8,14,13,39,PM25,GOOD
4100,202302,2023-02-22,kelapa gading,27,37,20,7,25,16,37,PM25,GOOD
4101,202302,2023-02-23,kelapa gading,29,40,18,10,26,24,40,PM25,GOOD
4102,202302,2023-02-24,kelapa gading,22,34,16,10,31,25,34,PM25,GOOD
4103,202302,2023-02-25,kelapa gading,37,47,16,9,35,23,47,PM25,GOOD
4104,202302,2023-02-26,kelapa gading,29,47,17,8,36,18,47,PM25,GOOD
4105,202302,2023-02-27,kelapa gading,35,34,17,5,39,13,39,O3,GOOD
4106,202302,2023-02-28,kelapa gading,35,50,22,8,26,22,50,PM25,GOOD
4107,202303,2023-03-01,kelapa gading,37,41,20,10,20,23,41,PM25,GOOD
4108,202303,2023-03-02,kelapa gading,26,38,19,13,15,25,38,PM25,GOOD
4109,202303,2023-03-03,kelapa gading,34,41,20,10,19,22,41,PM25,GOOD
4110,202303,2023-03-04,kelapa gading,30,36,19,11,17,19,36,PM25,GOOD
4111,202303,2023-03-05,kelapa gading,34,45,19,10,21,18,45,PM25,GOOD
4112,202303,2023-03-06,kelapa gading,37,48,19,8,20,19,48,PM25,GOOD
4113,202303,2023-03-07,kelapa gading,37,53,23,8,15,16,53,PM25,MEDIUM
4114,202303,2023-03-08,kelapa gading,33,41,19,7,21,20,41,PM25,GOOD
4115,202303,2023-03-09,kelapa gading,51,58,20,11,18,31,58,PM25,MEDIUM
4116,202303,2023-03-10,kelapa gading,42,58,18,12,24,26,58,PM25,MEDIUM
4117,202303,2023-03-11,kelapa gading,48,63,21,16,28,35,63,PM25,MEDIUM
4118,202303,2023-03-12,kelapa gading,73,94,27,16,24,36,94,PM25,MEDIUM
4119,202303,2023-03-13,kelapa gading,58,79,34,10,28,25,79,PM25,MEDIUM
4120,202303,2023-03-14,kelapa gading,44,54,19,7,27,21,54,PM25,MEDIUM
4121,202303,2023-03-15,kelapa gading,34,50,23,9,24,24,50,PM25,GOOD
4122,202303,2023-03-16,kelapa gading,68,87,23,22,20,36,87,PM25,MEDIUM
4123,202303,2023-03-17,kelapa gading,56,64,23,10,25,20,64,PM25,MEDIUM
4124,202303,2023-03-18,kelapa gading,56,69,28,11,26,27,69,PM25,MEDIUM
4125,202303,2023-03-19,kelapa gading,62,70,31,12,28,24,70,PM25,MEDIUM
4126,202303,2023-03-20,kelapa gading,57,77,22,12,32,23,77,PM25,MEDIUM
4127,202303,2023-03-21,kelapa gading,63,83,28,12,29,31,83,PM25,MEDIUM
4128,202303,2023-03-22,kelapa gading,58,66,21,7,41,19,66,PM25,MEDIUM
4129,202303,2023-03-23,kelapa gading,40,56,21,5,37,13,56,PM25,MEDIUM
4130,202303,2023-03-24,kelapa gading,-,59,21,5,37,17,59,PM25,MEDIUM
4131,202303,2023-03-25,kelapa gading,51,71,21,10,36,28,71,PM25,MEDIUM
4132,202303,2023-03-26,kelapa gading,52,62,22,10,34,27,62,PM25,MEDIUM
4133,202303,2023-03-27,kelapa gading,33,52,20,9,30,26,52,PM25,MEDIUM
4134,202303,2023-03-28,kelapa gading,58,76,44,19,23,34,76,PM25,MEDIUM
4135,202303,2023-03-29,kelapa gading,72,87,33,19,22,29,87,PM25,MEDIUM
4136,202303,2023-03-30,kelapa gading,52,64,28,17,21,29,64,PM25,MEDIUM
4137,202303,2023-03-31,kelapa gading,43,53,21,12,37,26,53,PM25,MEDIUM
4138,202304,2023-04-01,kelapa gading,31,40,22,6,24,14,40,PM25,GOOD
4139,202304,2023-04-02,kelapa gading,27,41,22,7,26,18,41,PM25,GOOD
4140,202304,2023-04-03,kelapa gading,64,79,40,12,31,29,79,PM25,MEDIUM
4141,202304,2023-04-04,kelapa gading,50,56,22,10,21,21,56,PM25,MEDIUM
4142,202304,2023-04-05,kelapa gading,48,68,26,9,36,24,68,PM25,MEDIUM
4143,202304,2023-04-06,kelapa gading,57,70,25,9,30,26,70,PM25,MEDIUM
4144,202304,2023-04-07,kelapa gading,50,71,31,8,34,20,71,PM25,MEDIUM
4145,202304,2023-04-08,kelapa gading,67,87,30,8,49,23,87,PM25,MEDIUM
4146,202304,2023-04-09,kelapa gading,71,92,35,15,32,34,92,PM25,MEDIUM
4147,202304,2023-04-10,kelapa gading,31,39,21,5,27,12,39,PM25,GOOD
4148,202304,2023-04-11,kelapa gading,24,32,22,6,19,13,32,PM25,GOOD
4149,202304,2023-04-12,kelapa gading,27,35,20,6,16,12,35,PM25,GOOD
4150,202304,2023-04-13,kelapa gading,27,36,19,6,19,13,36,PM25,GOOD
4151,202304,2023-04-14,kelapa gading,40,57,25,9,28,21,57,PM25,MEDIUM
4152,202304,2023-04-15,kelapa gading,64,77,30,14,34,31,77,PM25,MEDIUM
4153,202304,2023-04-16,kelapa gading,50,62,26,9,28,23,62,PM25,MEDIUM
4154,202304,2023-04-17,kelapa gading,45,56,25,8,27,21,56,PM25,MEDIUM
4155,202304,2023-04-18,kelapa gading,55,71,37,6,35,18,71,PM25,MEDIUM
4156,202304,2023-04-19,kelapa gading,56,75,29,10,45,22,75,PM25,MEDIUM
4157,202304,2023-04-20,kelapa gading,48,67,24,13,47,26,67,PM25,MEDIUM
4158,202304,2023-04-21,kelapa gading,54,72,22,8,49,15,72,PM25,MEDIUM
4159,202304,2023-04-22,kelapa gading,47,64,37,7,44,11,64,PM25,MEDIUM
4160,202304,2023-04-23,kelapa gading,46,64,21,4,51,6,64,PM25,MEDIUM
4161,202304,2023-04-24,kelapa gading,51,65,41,6,39,17,65,PM25,MEDIUM
4162,202304,2023-04-25,kelapa gading,37,52,25,6,34,15,52,PM25,MEDIUM
4163,202304,2023-04-26,kelapa gading,42,57,32,7,27,13,57,PM25,MEDIUM
4164,202304,2023-04-27,kelapa gading,53,70,26,13,33,23,70,PM25,MEDIUM
4165,202304,2023-04-28,kelapa gading,40,54,21,4,35,12,54,PM25,MEDIUM
4166,202304,2023-04-29,kelapa gading,56,74,22,9,42,18,74,PM25,MEDIUM
4167,202304,2023-04-30,kelapa gading,64,84,29,7,47,15,84,PM25,MEDIUM
4168,202305,2023-05-01,kelapa gading,50,61,23,7,35,16,61,PM25,MEDIUM
4169,202305,2023-05-02,kelapa gading,69,97,33,10,36,21,97,PM25,MEDIUM
4170,202305,2023-05-03,kelapa gading,58,70,31,7,35,19,70,PM25,MEDIUM
4171,202305,2023-05-04,kelapa gading,43,55,26,7,32,20,55,PM25,MEDIUM
4172,202305,2023-05-05,kelapa gading,52,70,52,10,38,27,70,PM25,MEDIUM
4173,202305,2023-05-06,kelapa gading,51,65,50,7,45,21,65,PM25,MEDIUM
4174,202305,2023-05-07,kelapa gading,57,73,51,12,40,29,73,PM25,MEDIUM
4175,202305,2023-05-08,kelapa gading,51,68,50,12,39,28,68,PM25,MEDIUM
4176,202305,2023-05-09,kelapa gading,-,-,-,-,-,-,-,,TIDAK ADA DATA
4177,202305,2023-05-10,kelapa gading,70,94,52,8,42,19,94,PM25,MEDIUM
4178,202305,2023-05-11,kelapa gading,71,88,52,7,37,21,88,PM25,MEDIUM
4179,202305,2023-05-12,kelapa gading,34,43,48,4,25,10,48,SO2,GOOD
4180,202305,2023-05-13,kelapa gading,53,69,52,6,32,18,69,PM25,MEDIUM
4181,202305,2023-05-14,kelapa gading,53,77,51,10,29,26,77,PM25,MEDIUM
4182,202305,2023-05-15,kelapa gading,59,77,51,9,37,26,77,PM25,MEDIUM
4183,202305,2023-05-16,kelapa gading,70,87,51,9,35,22,87,PM25,MEDIUM
4184,202305,2023-05-17,kelapa gading,69,86,52,7,31,20,86,PM25,MEDIUM
4185,202305,2023-05-18,kelapa gading,71,95,52,8,34,21,95,PM25,MEDIUM
4186,202305,2023-05-19,kelapa gading,68,87,52,8,37,17,87,PM25,MEDIUM
4187,202305,2023-05-20,kelapa gading,71,93,53,9,31,24,93,PM25,MEDIUM
4188,202305,2023-05-21,kelapa gading,72,98,52,8,39,16,98,PM25,MEDIUM
4189,202305,2023-05-22,kelapa gading,68,89,52,13,38,27,89,PM25,MEDIUM
4190,202305,2023-05-23,kelapa gading,79,99,53,14,27,33,99,PM25,MEDIUM
4191,202305,2023-05-24,kelapa gading,77,99,53,10,28,25,99,PM25,MEDIUM
4192,202305,2023-05-25,kelapa gading,77,100,54,11,39,28,100,PM25,MEDIUM
4193,202305,2023-05-26,kelapa gading,78,100,55,11,34,28,100,PM25,MEDIUM
4194,202305,2023-05-27,kelapa gading,73,95,53,8,36,22,95,PM25,MEDIUM
4195,202305,2023-05-28,kelapa gading,64,87,54,8,36,22,87,PM25,MEDIUM
4196,202305,2023-05-29,kelapa gading,72,91,51,10,35,20,91,PM25,MEDIUM
4197,202305,2023-05-30,kelapa gading,74,96,51,9,38,20,96,PM25,MEDIUM
4198,202305,2023-05-31,kelapa gading,74,98,54,12,36,31,98,PM25,MEDIUM
4199,202306,2023-06-01,kelapa gading,72,94,53,10,40,25,94,PM25,MEDIUM
4200,202306,2023-06-02,kelapa gading,74,95,53,8,33,18,95,PM25,MEDIUM
4201,202306,2023-06-03,kelapa gading,69,87,55,7,33,17,87,PM25,MEDIUM
4202,202306,2023-06-04,kelapa gading,67,87,51,8,36,16,87,PM25,MEDIUM
4203,202306,2023-06-05,kelapa gading,61,79,53,9,34,21,79,PM25,MEDIUM
4204,202306,2023-06-06,kelapa gading,65,83,53,11,30,27,83,PM25,MEDIUM
4205,202306,2023-06-07,kelapa gading,69,86,56,17,23,35,86,PM25,MEDIUM
4206,202306,2023-06-08,kelapa gading,68,87,53,8,26,20,87,PM25,MEDIUM
4207,202306,2023-06-09,kelapa gading,69,82,54,8,21,20,82,PM25,MEDIUM
4208,202306,2023-06-10,kelapa gading,58,83,52,8,38,18,83,PM25,MEDIUM
4209,202306,2023-06-11,kelapa gading,70,98,55,8,34,18,98,PM25,MEDIUM
4210,202306,2023-06-12,kelapa gading,65,92,51,9,35,19,92,PM25,MEDIUM
4211,202306,2023-06-13,kelapa gading,66,84,55,7,28,18,84,PM25,MEDIUM
4212,202306,2023-06-14,kelapa gading,65,84,51,7,36,17,84,PM25,MEDIUM
4213,202306,2023-06-15,kelapa gading,70,97,57,11,28,30,97,PM25,MEDIUM
4214,202306,2023-06-16,kelapa gading,-,83,52,8,28,23,83,PM25,MEDIUM
4215,202306,2023-06-17,kelapa gading,59,73,52,14,21,31,73,PM25,MEDIUM
4216,202306,2023-06-18,kelapa gading,76,93,63,14,23,31,93,PM25,MEDIUM
4217,202306,2023-06-19,kelapa gading,59,67,51,9,28,20,67,PM25,MEDIUM
4218,202306,2023-06-20,kelapa gading,61,72,53,16,20,28,72,PM25,MEDIUM
4219,202306,2023-06-21,kelapa gading,65,88,54,7,34,22,88,PM25,MEDIUM
4220,202306,2023-06-22,kelapa gading,73,92,52,10,35,25,92,PM25,MEDIUM
4221,202306,2023-06-23,kelapa gading,67,86,54,8,27,18,86,PM25,MEDIUM
4222,202306,2023-06-24,kelapa gading,59,75,52,7,38,20,75,PM25,MEDIUM
4223,202306,2023-06-25,kelapa gading,61,80,50,8,37,19,80,PM25,MEDIUM
4224,202306,2023-06-26,kelapa gading,59,74,51,10,33,25,74,PM25,MEDIUM
4225,202306,2023-06-27,kelapa gading,75,96,55,10,38,30,96,PM25,MEDIUM
4226,202306,2023-06-28,kelapa gading,56,67,54,8,26,24,67,PM25,MEDIUM
4227,202306,2023-06-29,kelapa gading,40,55,51,5,33,14,55,PM25,MEDIUM
4228,202306,2023-06-30,kelapa gading,48,62,52,6,32,15,62,PM25,MEDIUM
4229,202307,2023-07-01,kelapa gading,62,76,51,11,34,26,76,PM25,MEDIUM
4230,202307,2023-07-02,kelapa gading,64,79,51,13,36,30,79,PM25,MEDIUM
4231,202307,2023-07-03,kelapa gading,61,78,51,8,34,19,78,PM25,MEDIUM
4232,202307,2023-07-04,kelapa gading,58,73,50,9,36,22,73,PM25,MEDIUM
4233,202307,2023-07-05,kelapa gading,82,105,55,12,37,26,105,PM25,UNHEALTHY
4234,202307,2023-07-06,kelapa gading,73,87,51,13,28,36,87,PM25,MEDIUM
4235,202307,2023-07-07,kelapa gading,69,86,57,12,22,38,86,PM25,MEDIUM
4236,202307,2023-07-08,kelapa gading,60,70,53,15,23,33,70,PM25,MEDIUM
4237,202307,2023-07-09,kelapa gading,60,69,53,12,21,23,69,PM25,MEDIUM
4238,202307,2023-07-10,kelapa gading,54,67,52,6,27,16,67,PM25,MEDIUM
4239,202307,2023-07-11,kelapa gading,69,83,58,9,23,22,83,PM25,MEDIUM
4240,202307,2023-07-12,kelapa gading,70,91,53,9,43,23,91,PM25,MEDIUM
4241,202307,2023-07-13,kelapa gading,75,91,55,10,41,28,91,PM25,MEDIUM
4242,202307,2023-07-14,kelapa gading,68,84,51,9,50,22,84,PM25,MEDIUM
4243,202307,2023-07-15,kelapa gading,67,79,52,10,38,26,79,PM25,MEDIUM
4244,202307,2023-07-16,kelapa gading,63,76,53,8,33,19,76,PM25,MEDIUM
4245,202307,2023-07-17,kelapa gading,57,69,52,8,31,19,69,PM25,MEDIUM
4246,202307,2023-07-18,kelapa gading,74,93,55,8,28,21,93,PM25,MEDIUM
4247,202307,2023-07-19,kelapa gading,69,83,55,8,29,23,83,PM25,MEDIUM
4248,202307,2023-07-20,kelapa gading,62,76,54,9,38,24,76,PM25,MEDIUM
4249,202307,2023-07-21,kelapa gading,67,78,54,10,37,31,78,PM25,MEDIUM
4250,202307,2023-07-22,kelapa gading,80,99,55,10,39,27,99,PM25,MEDIUM
4251,202307,2023-07-23,kelapa gading,64,75,54,6,33,17,75,PM25,MEDIUM
4252,202307,2023-07-24,kelapa gading,67,77,55,6,37,18,77,PM25,MEDIUM
4253,202307,2023-07-25,kelapa gading,73,91,56,11,30,38,91,PM25,MEDIUM
4254,202307,2023-07-26,kelapa gading,70,88,57,8,39,24,88,PM25,MEDIUM
4255,202307,2023-07-27,kelapa gading,85,112,55,14,36,33,112,PM25,UNHEALTHY
4256,202307,2023-07-28,kelapa gading,81,93,56,10,26,25,93,PM25,MEDIUM
4257,202307,2023-07-29,kelapa gading,79,98,57,9,32,27,98,PM25,MEDIUM
4258,202307,2023-07-30,kelapa gading,78,94,56,8,36,18,94,PM25,MEDIUM
4259,202307,2023-07-31,kelapa gading,71,82,55,8,33,16,82,PM25,MEDIUM
4260,202308,2023-08-01,kelapa gading,67,79,57,7,27,22,79,PM25,MEDIUM
4261,202308,2023-08-02,kelapa gading,66,77,56,7,24,23,77,PM25,MEDIUM
4262,202308,2023-08-03,kelapa gading,68,79,54,7,32,20,79,PM25,MEDIUM
4263,202308,2023-08-04,kelapa gading,74,90,54,7,40,18,90,PM25,MEDIUM
4264,202308,2023-08-05,kelapa gading,73,86,54,7,34,18,86,PM25,MEDIUM
4265,202308,2023-08-06,kelapa gading,70,89,54,9,37,20,89,PM25,MEDIUM
4266,202308,2023-08-07,kelapa gading,77,97,53,9,42,19,97,PM25,MEDIUM
4267,202308,2023-08-08,kelapa gading,74,82,55,7,29,22,82,PM25,MEDIUM
4268,202308,2023-08-09,kelapa gading,66,72,53,5,33,14,72,PM25,MEDIUM
4269,202308,2023-08-10,kelapa gading,68,82,54,6,39,18,82,PM25,MEDIUM
4270,202308,2023-08-11,kelapa gading,75,89,54,6,44,18,89,PM25,MEDIUM
4271,202308,2023-08-12,kelapa gading,71,81,54,6,39,16,81,PM25,MEDIUM
4272,202308,2023-08-13,kelapa gading,67,78,55,7,36,17,78,PM25,MEDIUM
4273,202308,2023-08-14,kelapa gading,70,84,58,7,40,18,84,PM25,MEDIUM
4274,202308,2023-08-15,kelapa gading,76,90,59,8,37,22,90,PM25,MEDIUM
4275,202308,2023-08-16,kelapa gading,69,91,56,8,44,21,91,PM25,MEDIUM
4276,202308,2023-08-17,kelapa gading,75,82,54,8,30,24,82,PM25,MEDIUM
4277,202308,2023-08-18,kelapa gading,52,59,52,6,37,17,59,PM25,MEDIUM
4278,202308,2023-08-19,kelapa gading,61,75,52,6,39,17,75,PM25,MEDIUM
4279,202308,2023-08-20,kelapa gading,63,75,53,5,38,13,75,PM25,MEDIUM
4280,202308,2023-08-21,kelapa gading,65,77,53,6,37,15,77,PM25,MEDIUM
4281,202308,2023-08-22,kelapa gading,61,77,54,7,36,20,77,PM25,MEDIUM
4282,202308,2023-08-23,kelapa gading,73,90,53,10,44,26,90,PM25,MEDIUM
4283,202308,2023-08-24,kelapa gading,71,93,54,6,38,17,93,PM25,MEDIUM
4284,202308,2023-08-25,kelapa gading,73,93,55,7,44,21,93,PM25,MEDIUM
4285,202308,2023-08-26,kelapa gading,66,75,52,4,43,11,75,PM25,MEDIUM
4286,202308,2023-08-27,kelapa gading,68,89,53,6,45,15,89,PM25,MEDIUM
4287,202308,2023-08-28,kelapa gading,74,87,53,10,29,26,87,PM25,MEDIUM
4288,202308,2023-08-29,kelapa gading,73,91,56,7,33,24,91,PM25,MEDIUM
4289,202308,2023-08-30,kelapa gading,75,97,57,7,45,22,97,PM25,MEDIUM
4290,202308,2023-08-31,kelapa gading,76,105,42,10,49,27,105,PM25,UNHEALTHY
4291,202309,2023-09-01,kelapa gading,81,101,32,8,49,26,101,PM25,UNHEALTHY
4292,202309,2023-09-02,kelapa gading,77,91,28,7,44,25,91,PM25,MEDIUM
4293,202309,2023-09-03,kelapa gading,71,89,26,5,53,12,89,PM25,MEDIUM
4294,202309,2023-09-04,kelapa gading,66,83,29,6,44,16,83,PM25,MEDIUM
4295,202309,2023-09-05,kelapa gading,77,103,43,9,36,31,103,PM25,UNHEALTHY
4296,202309,2023-09-06,kelapa gading,67,88,26,9,40,26,88,PM25,MEDIUM
4297,202309,2023-09-07,kelapa gading,68,96,22,8,40,24,96,PM25,MEDIUM
4298,202309,2023-09-08,kelapa gading,75,97,25,7,37,21,97,PM25,MEDIUM
4299,202309,2023-09-09,kelapa gading,69,91,22,6,41,16,91,PM25,MEDIUM
4300,202309,2023-09-10,kelapa gading,67,89,22,7,41,17,89,PM25,MEDIUM
4301,202309,2023-09-11,kelapa gading,65,86,20,7,45,18,86,PM25,MEDIUM
4302,202309,2023-09-12,kelapa gading,65,90,21,8,25,24,90,PM25,MEDIUM
4303,202309,2023-09-13,kelapa gading,61,84,20,6,37,17,84,PM25,MEDIUM
4304,202309,2023-09-14,kelapa gading,61,77,20,7,37,19,77,PM25,MEDIUM
4305,202309,2023-09-15,kelapa gading,65,86,19,7,37,17,86,PM25,MEDIUM
4306,202309,2023-09-16,kelapa gading,67,90,22,7,40,18,90,PM25,MEDIUM
4307,202309,2023-09-17,kelapa gading,64,79,20,6,39,14,79,PM25,MEDIUM
4308,202309,2023-09-18,kelapa gading,56,71,19,5,44,15,71,PM25,MEDIUM
4309,202309,2023-09-19,kelapa gading,69,80,19,5,42,20,80,PM25,MEDIUM
4310,202309,2023-09-20,kelapa gading,69,85,21,8,28,25,85,PM25,MEDIUM
4311,202309,2023-09-21,kelapa gading,65,83,20,6,37,17,83,PM25,MEDIUM
4312,202309,2023-09-22,kelapa gading,68,87,21,7,40,25,87,PM25,MEDIUM
4313,202309,2023-09-23,kelapa gading,65,83,22,6,37,19,83,PM25,MEDIUM
4314,202309,2023-09-24,kelapa gading,56,75,20,6,42,17,75,PM25,MEDIUM
4315,202309,2023-09-25,kelapa gading,75,105,23,11,48,29,105,PM25,UNHEALTHY
4316,202309,2023-09-26,kelapa gading,64,84,20,6,42,21,84,PM25,MEDIUM
4317,202309,2023-09-27,kelapa gading,63,82,20,7,37,23,82,PM25,MEDIUM
4318,202309,2023-09-28,kelapa gading,66,89,21,7,38,19,89,PM25,MEDIUM
4319,202309,2023-09-29,kelapa gading,68,98,23,8,33,22,98,PM25,MEDIUM
4320,202309,2023-09-30,kelapa gading,-,-,-,-,-,-,-,,TIDAK ADA DATA
4321,202310,2023-10-01,kelapa gading,82,109,20,10,40,24,109,PM25,UNHEALTHY
4322,202310,2023-10-02,kelapa gading,79,100,23,8,42,21,100,PM25,MEDIUM
4323,202310,2023-10-03,kelapa gading,59,74,19,6,44,19,74,PM25,MEDIUM
4324,202310,2023-10-04,kelapa gading,72,93,24,7,46,21,93,PM25,MEDIUM
4325,202310,2023-10-05,kelapa gading,66,83,22,5,34,16,83,PM25,MEDIUM
4326,202310,2023-10-06,kelapa gading,68,86,24,6,38,19,86,PM25,MEDIUM
4327,202310,2023-10-07,kelapa gading,81,107,22,12,33,32,107,PM25,UNHEALTHY
4328,202310,2023-10-08,kelapa gading,71,93,23,6,37,16,93,PM25,MEDIUM
4329,202310,2023-10-09,kelapa gading,62,88,21,6,31,18,88,PM25,MEDIUM
4330,202310,2023-10-10,kelapa gading,63,79,20,4,33,11,79,PM25,MEDIUM
4331,202310,2023-10-11,kelapa gading,59,75,19,4,32,12,75,PM25,MEDIUM
4332,202310,2023-10-12,kelapa gading,69,93,21,6,41,17,93,PM25,MEDIUM
4333,202310,2023-10-13,kelapa gading,69,90,21,5,44,13,90,PM25,MEDIUM
4334,202310,2023-10-14,kelapa gading,70,95,20,8,37,23,95,PM25,MEDIUM
4335,202310,2023-10-15,kelapa gading,64,83,21,6,37,14,83,PM25,MEDIUM
4336,202310,2023-10-16,kelapa gading,65,86,23,7,38,19,86,PM25,MEDIUM
4337,202310,2023-10-17,kelapa gading,69,89,21,6,42,18,89,PM25,MEDIUM
4338,202310,2023-10-18,kelapa gading,75,104,22,9,41,26,104,PM25,UNHEALTHY
4339,202310,2023-10-19,kelapa gading,73,91,23,6,38,20,91,PM25,MEDIUM
4340,202310,2023-10-20,kelapa gading,62,81,23,6,31,20,81,PM25,MEDIUM
4341,202310,2023-10-21,kelapa gading,67,89,21,10,28,28,89,PM25,MEDIUM
4342,202310,2023-10-22,kelapa gading,60,78,20,7,32,16,78,PM25,MEDIUM
4343,202310,2023-10-23,kelapa gading,64,85,21,7,31,20,85,PM25,MEDIUM
4344,202310,2023-10-24,kelapa gading,66,90,23,8,30,26,90,PM25,MEDIUM
4345,202310,2023-10-25,kelapa gading,64,85,22,8,37,28,85,PM25,MEDIUM
4346,202310,2023-10-26,kelapa gading,78,106,28,13,35,40,106,PM25,UNHEALTHY
4347,202310,2023-10-27,kelapa gading,82,109,24,12,39,33,109,PM25,UNHEALTHY
4348,202310,2023-10-28,kelapa gading,72,93,20,9,39,26,93,PM25,MEDIUM
4349,202310,2023-10-29,kelapa gading,74,92,23,8,40,21,92,PM25,MEDIUM
4350,202310,2023-10-30,kelapa gading,65,86,20,8,43,21,86,PM25,MEDIUM
4351,202310,2023-10-31,kelapa gading,73,96,21,8,44,25,96,PM25,MEDIUM
4352,202311,2023-11-01,kelapa gading,70,88,25,10,33,34,88,PM25,MEDIUM
4353,202311,2023-11-02,kelapa gading,62,85,20,13,39,35,85,PM25,MEDIUM
4354,202311,2023-11-03,kelapa gading,69,98,22,15,32,45,98,PM25,MEDIUM
4355,202311,2023-11-04,kelapa gading,70,102,29,14,29,44,102,PM25,UNHEALTHY
4356,202311,2023-11-05,kelapa gading,56,66,24,8,30,24,66,PM25,MEDIUM
4357,202311,2023-11-06,kelapa gading,60,77,20,15,23,32,77,PM25,MEDIUM
4358,202311,2023-11-07,kelapa gading,61,83,19,9,28,25,83,PM25,MEDIUM
4359,202311,2023-11-08,kelapa gading,56,75,18,6,33,19,75,PM25,MEDIUM
4360,202311,2023-11-09,kelapa gading,66,96,20,8,36,23,96,PM25,MEDIUM
4361,202311,2023-11-10,kelapa gading,74,104,22,11,36,32,104,PM25,UNHEALTHY
4362,202311,2023-11-11,kelapa gading,67,89,19,9,42,29,89,PM25,MEDIUM
4363,202311,2023-11-12,kelapa gading,68,90,22,10,37,27,90,PM25,MEDIUM
4364,202311,2023-11-13,kelapa gading,72,94,24,12,29,33,94,PM25,MEDIUM
4365,202311,2023-11-14,kelapa gading,63,79,22,7,31,21,79,PM25,MEDIUM
4366,202311,2023-11-15,kelapa gading,50,67,22,8,32,24,67,PM25,MEDIUM
4367,202311,2023-11-16,kelapa gading,-,82,-,-,-,-,82,PM25,MEDIUM
4368,202311,2023-11-17,kelapa gading,59,81,19,13,40,39,81,PM25,MEDIUM
4369,202311,2023-11-18,kelapa gading,54,73,18,9,35,31,73,PM25,MEDIUM
4370,202311,2023-11-19,kelapa gading,57,75,21,10,32,28,75,PM25,MEDIUM
4371,202311,2023-11-20,kelapa gading,52,68,21,5,36,18,68,PM25,MEDIUM
4372,202311,2023-11-21,kelapa gading,55,81,21,7,36,25,81,PM25,MEDIUM
4373,202311,2023-11-22,kelapa gading,50,63,19,7,46,23,63,PM25,MEDIUM
4374,202311,2023-11-23,kelapa gading,59,84,32,8,36,27,84,PM25,MEDIUM
4375,202311,2023-11-24,kelapa gading,72,99,33,14,29,47,99,PM25,MEDIUM
4376,202311,2023-11-25,kelapa gading,60,72,33,13,19,37,72,PM25,MEDIUM
4377,202311,2023-11-26,kelapa gading,52,68,32,15,24,33,68,PM25,MEDIUM
4378,202311,2023-11-27,kelapa gading,56,68,33,6,34,23,68,PM25,MEDIUM
4379,202311,2023-11-28,kelapa gading,54,73,32,10,26,31,73,PM25,MEDIUM
4380,202311,2023-11-29,kelapa gading,62,78,36,7,28,24,78,PM25,MEDIUM
4381,202311,2023-11-30,kelapa gading,38,59,32,8,33,26,59,PM25,MEDIUM
4382,202312,2023-12-01,kelapa gading,59,74,46,15,50,31,74,PM25,MEDIUM
4383,202312,2023-12-02,kelapa gading,55,67,51,14,42,30,67,PM25,MEDIUM
4384,202312,2023-12-03,kelapa gading,56,73,50,15,49,31,73,PM25,MEDIUM
4385,202312,2023-12-04,kelapa gading,58,70,50,19,45,34,70,PM25,MEDIUM
4386,202312,2023-12-05,kelapa gading,61,81,52,19,48,33,81,PM25,MEDIUM
4387,202312,2023-12-06,kelapa gading,66,86,49,24,41,44,86,PM25,MEDIUM
4388,202312,2023-12-07,kelapa gading,51,68,49,21,37,40,68,PM25,MEDIUM
4389,202312,2023-12-08,kelapa gading,40,63,43,16,47,35,63,PM25,MEDIUM
4390,202312,2023-12-09,kelapa gading,54,69,51,18,31,41,69,PM25,MEDIUM
4391,202312,2023-12-10,kelapa gading,-,61,50,27,29,35,61,PM25,MEDIUM
4392,202312,2023-12-11,kelapa gading,43,61,44,20,31,32,61,PM25,MEDIUM
4393,202312,2023-12-12,kelapa gading,24,38,41,10,32,22,41,SO2,GOOD
4394,202312,2023-12-13,kelapa gading,26,37,43,13,28,23,43,SO2,GOOD
4395,202312,2023-12-14,kelapa gading,25,36,41,10,30,17,41,SO2,GOOD
4396,202312,2023-12-15,kelapa gading,28,44,45,10,29,23,45,SO2,GOOD
4397,202312,2023-12-16,kelapa gading,49,61,52,12,28,30,61,PM25,MEDIUM
4398,202312,2023-12-17,kelapa gading,-,84,52,29,38,45,84,PM25,MEDIUM
4399,202312,2023-12-18,kelapa gading,-,89,49,21,46,45,89,PM25,MEDIUM
4400,202312,2023-12-19,kelapa gading,-,97,57,27,39,48,97,PM25,MEDIUM
4401,202312,2023-12-20,kelapa gading,-,96,54,22,29,47,96,PM25,MEDIUM
4402,202312,2023-12-21,kelapa gading,-,59,62,45,25,32,62,SO2,MEDIUM
4403,202312,2023-12-22,kelapa gading,31,57,59,49,23,24,59,SO2,MEDIUM
4404,202312,2023-12-23,kelapa gading,26,40,57,38,21,18,57,SO2,MEDIUM
4405,202312,2023-12-24,kelapa gading,46,68,57,55,26,24,68,PM25,MEDIUM
4406,202312,2023-12-25,kelapa gading,36,51,57,45,20,18,57,SO2,MEDIUM
4407,202312,2023-12-26,kelapa gading,43,62,58,54,21,27,62,PM25,MEDIUM
4408,202312,2023-12-27,kelapa gading,29,42,58,42,15,18,58,SO2,MEDIUM
4409,202312,2023-12-28,kelapa gading,35,51,57,41,15,19,57,SO2,MEDIUM
4410,202312,2023-12-29,kelapa gading,23,23,57,12,16,15,57,SO2,MEDIUM
4411,202312,2023-12-30,kelapa gading,40,55,57,21,17,24,57,SO2,MEDIUM
4412,202312,2023-12-31,kelapa gading,47,58,56,21,23,24,58,PM25,MEDIUM
4413,202401,2024-01-01,kelapa gading,67,103,34,18,26,-,103,PM25,UNHEALTHY
4414,202401,2024-01-02,kelapa gading,53,74,35,9,27,-,74,PM25,UNHEALTHY
4415,202401,2024-01-03,kelapa gading,43,56,-,7,25,20,56,PM25,UNHEALTHY
4416,202401,2024-01-04,kelapa gading,42,62,57,10,22,20,62,PM25,UNHEALTHY
4417,202401,2024-01-05,kelapa gading,38,55,56,14,16,45,56,SO2,UNHEALTHY
4418,202401,2024-01-06,kelapa gading,46,68,58,9,29,26,68,PM25,UNHEALTHY
4419,202401,2024-01-07,kelapa gading,59,87,59,14,34,29,87,PM25,UNHEALTHY
4420,202401,2024-01-08,kelapa gading,44,55,57,11,19,23,57,SO2,UNHEALTHY
4421,202401,2024-01-09,kelapa gading,51,68,58,16,18,53,68,PM25,UNHEALTHY
4422,202401,2024-01-10,kelapa gading,56,77,61,11,31,43,77,PM25,UNHEALTHY
4423,202401,2024-01-11,kelapa gading,44,54,56,11,19,27,56,SO2,UNHEALTHY
4424,202401,2024-01-12,kelapa gading,27,39,57,11,14,52,57,SO2,UNHEALTHY
4425,202401,2024-01-13,kelapa gading,35,54,57,10,16,28,57,SO2,UNHEALTHY
4426,202401,2024-01-14,kelapa gading,37,51,57,8,16,22,57,SO2,UNHEALTHY
4427,202401,2024-01-15,kelapa gading,52,67,58,12,14,32,67,PM25,UNHEALTHY
4428,202401,2024-01-16,kelapa gading,29,50,58,6,14,32,58,SO2,UNHEALTHY
4429,202401,2024-01-17,kelapa gading,35,51,59,8,12,44,59,SO2,UNHEALTHY
4430,202401,2024-01-18,kelapa gading,47,58,57,15,12,44,58,PM25,UNHEALTHY
4431,202401,2024-01-19,kelapa gading,21,32,56,8,12,21,56,SO2,UNHEALTHY
4432,202401,2024-01-20,kelapa gading,25,32,54,7,13,18,54,SO2,UNHEALTHY
4433,202401,2024-01-21,kelapa gading,31,48,54,8,13,18,54,SO2,UNHEALTHY
4434,202401,2024-01-22,kelapa gading,21,30,53,6,13,11,53,SO2,UNHEALTHY
4435,202401,2024-01-23,kelapa gading,29,38,53,6,12,14,53,SO2,UNHEALTHY
4436,202401,2024-01-24,kelapa gading,29,41,53,7,13,17,53,SO2,UNHEALTHY
4437,202401,2024-01-25,kelapa gading,40,58,55,9,14,38,58,PM25,UNHEALTHY
4438,202401,2024-01-26,kelapa gading,55,69,59,7,14,43,69,PM25,UNHEALTHY
4439,202401,2024-01-27,kelapa gading,24,23,53,5,16,17,53,SO2,UNHEALTHY
4440,202401,2024-01-28,kelapa gading,39,55,54,15,14,47,55,PM25,UNHEALTHY
4441,202401,2024-01-29,kelapa gading,37,51,53,12,13,48,53,SO2,UNHEALTHY
4442,202401,2024-01-30,kelapa gading,51,64,54,17,13,68,68,NO2,UNHEALTHY
4443,202401,2024-01-31,kelapa gading,25,44,53,8,19,26,53,SO2,UNHEALTHY
4444,202402,2024-02-01,kelapa gading,55,-,54,15,25,49,55,PM10,UNHEALTHY
4445,202402,2024-02-02,kelapa gading,48,62,55,15,16,57,62,PM25,UNHEALTHY
4446,202402,2024-02-03,kelapa gading,36,53,55,9,13,43,55,SO2,UNHEALTHY
4447,202402,2024-02-04,kelapa gading,27,43,54,7,12,21,54,SO2,UNHEALTHY
4448,202402,2024-02-05,kelapa gading,53,71,56,13,17,40,71,PM25,UNHEALTHY
4449,202402,2024-02-06,kelapa gading,44,55,54,10,13,37,55,PM25,UNHEALTHY
4450,202402,2024-02-07,kelapa gading,37,53,56,11,10,48,56,SO2,UNHEALTHY
4451,202402,2024-02-08,kelapa gading,59,73,56,13,14,56,73,PM25,UNHEALTHY
4452,202402,2024-02-09,kelapa gading,58,79,58,9,24,28,79,PM25,UNHEALTHY
4453,202402,2024-02-10,kelapa gading,47,57,55,5,21,20,57,PM25,UNHEALTHY
4454,202402,2024-02-11,kelapa gading,33,53,54,7,17,20,54,SO2,UNHEALTHY
4455,202402,2024-02-12,kelapa gading,34,52,55,7,18,22,55,SO2,UNHEALTHY
4456,202402,2024-02-13,kelapa gading,42,54,54,6,18,29,54,PM25,UNHEALTHY
4457,202402,2024-02-14,kelapa gading,24,40,54,6,20,31,54,SO2,UNHEALTHY
4458,202402,2024-02-15,kelapa gading,43,60,55,10,14,46,60,PM25,UNHEALTHY
4459,202402,2024-02-16,kelapa gading,67,83,56,21,12,80,83,PM25,UNHEALTHY
4460,202402,2024-02-17,kelapa gading,29,32,54,5,16,28,54,SO2,UNHEALTHY
4461,202402,2024-02-18,kelapa gading,44,64,54,8,17,35,64,PM25,UNHEALTHY
4462,202402,2024-02-19,kelapa gading,-,-,-,-,-,-,-,,TIDAK ADA DATA
4463,202402,2024-02-20,kelapa gading,52,70,55,9,16,37,70,PM25,UNHEALTHY
4464,202402,2024-02-21,kelapa gading,55,81,56,13,24,36,81,PM25,UNHEALTHY
4465,202402,2024-02-22,kelapa gading,58,70,56,9,19,32,70,PM25,UNHEALTHY
4466,202402,2024-02-23,kelapa gading,49,62,56,9,16,39,62,PM25,UNHEALTHY
4467,202402,2024-02-24,kelapa gading,47,57,55,7,12,40,57,PM25,UNHEALTHY
4468,202402,2024-02-25,kelapa gading,28,39,56,4,16,15,56,SO2,UNHEALTHY
4469,202402,2024-02-26,kelapa gading,23,30,54,5,18,22,54,SO2,UNHEALTHY
4470,202402,2024-02-27,kelapa gading,59,71,55,14,11,68,71,PM25,UNHEALTHY
4471,202402,2024-02-28,kelapa gading,51,62,57,9,11,54,62,PM25,UNHEALTHY
4472,202402,2024-02-29,kelapa gading,32,35,54,9,13,36,54,SO2,UNHEALTHY
4473,202403,2024-03-01,kelapa gading,53,66,54,23,12,76,76,NO2,UNHEALTHY
4474,202403,2024-03-02,kelapa gading,50,62,55,10,20,42,62,PM25,UNHEALTHY
4475,202403,2024-03-03,kelapa gading,35,41,54,6,20,31,54,SO2,UNHEALTHY
4476,202403,2024-03-04,kelapa gading,39,55,54,8,22,32,55,PM25,UNHEALTHY
4477,202403,2024-03-05,kelapa gading,30,54,54,9,20,31,54,PM25,UNHEALTHY
4478,202403,2024-03-06,kelapa gading,31,51,54,5,19,19,54,SO2,UNHEALTHY
4479,202403,2024-03-07,kelapa gading,31,46,55,6,19,25,55,SO2,UNHEALTHY
4480,202403,2024-03-08,kelapa gading,24,44,54,4,20,12,54,SO2,UNHEALTHY
4481,202403,2024-03-09,kelapa gading,33,45,55,6,13,24,55,SO2,UNHEALTHY
4482,202403,2024-03-10,kelapa gading,63,86,55,30,14,85,86,PM25,UNHEALTHY
4483,202403,2024-03-11,kelapa gading,46,61,54,10,19,37,61,PM25,UNHEALTHY
4484,202403,2024-03-12,kelapa gading,33,55,54,3,23,14,55,PM25,UNHEALTHY
4485,202403,2024-03-13,kelapa gading,41,58,54,5,22,22,58,PM25,UNHEALTHY
4486,202403,2024-03-14,kelapa gading,37,50,54,4,23,21,54,SO2,UNHEALTHY
4487,202403,2024-03-15,kelapa gading,36,44,54,10,15,36,54,SO2,UNHEALTHY
4488,202403,2024-03-16,kelapa gading,26,32,54,6,18,18,54,SO2,UNHEALTHY
4489,202403,2024-03-17,kelapa gading,27,34,55,6,15,17,55,SO2,UNHEALTHY
4490,202403,2024-03-18,kelapa gading,26,33,55,5,16,17,55,SO2,UNHEALTHY
4491,202403,2024-03-19,kelapa gading,32,46,55,5,17,21,55,SO2,UNHEALTHY
4492,202403,2024-03-20,kelapa gading,26,52,54,6,15,19,54,SO2,UNHEALTHY
4493,202403,2024-03-21,kelapa gading,31,55,55,5,17,19,55,PM25,UNHEALTHY
4494,202403,2024-03-22,kelapa gading,26,34,54,4,19,26,54,SO2,UNHEALTHY
4495,202403,2024-03-23,kelapa gading,70,111,55,22,28,82,111,PM25,UNHEALTHY
4496,202403,2024-03-24,kelapa gading,55,69,55,5,32,19,69,PM25,UNHEALTHY
4497,202403,2024-03-25,kelapa gading,53,66,56,5,33,16,66,PM25,UNHEALTHY
4498,202403,2024-03-26,kelapa gading,63,83,58,8,25,42,83,PM25,UNHEALTHY
4499,202403,2024-03-27,kelapa gading,57,68,56,4,24,19,68,PM25,UNHEALTHY
4500,202403,2024-03-28,kelapa gading,65,90,55,8,40,30,90,PM25,UNHEALTHY
4501,202403,2024-03-29,kelapa gading,69,91,56,11,39,31,91,PM25,UNHEALTHY
4502,202403,2024-03-30,kelapa gading,65,83,59,11,31,33,83,PM25,UNHEALTHY
4503,202403,2024-03-31,kelapa gading,60,82,55,11,33,34,82,PM25,UNHEALTHY
4504,202404,2024-04-01,kelapa gading,78,111,58,15,35,44,111,PM25,UNHEALTHY
4505,202404,2024-04-02,kelapa gading,80,109,58,12,30,48,109,PM25,UNHEALTHY
4506,202404,2024-04-03,kelapa gading,71,93,56,13,30,32,93,PM25,UNHEALTHY
4507,202404,2024-04-04,kelapa gading,56,69,58,15,27,58,69,PM25,UNHEALTHY
4508,202404,2024-04-05,kelapa gading,75,112,56,30,21,63,112,PM25,UNHEALTHY
4509,202404,2024-04-06,kelapa gading,59,83,55,18,18,38,83,PM25,UNHEALTHY
4510,202404,2024-04-07,kelapa gading,52,71,55,13,24,19,71,PM25,UNHEALTHY
4511,202404,2024-04-08,kelapa gading,55,82,56,14,29,21,82,PM25,UNHEALTHY
4512,202404,2024-04-09,kelapa gading,43,67,55,11,22,18,67,PM25,UNHEALTHY
4513,202404,2024-04-10,kelapa gading,65,95,56,23,26,27,95,PM25,UNHEALTHY
4514,202404,2024-04-11,kelapa gading,40,57,56,10,23,16,57,PM25,UNHEALTHY
4515,202404,2024-04-12,kelapa gading,27,46,54,5,28,-,54,SO2,UNHEALTHY
4516,202404,2024-04-13,kelapa gading,36,59,55,14,22,33,59,PM25,UNHEALTHY
4517,202404,2024-04-14,kelapa gading,31,53,54,7,27,8,54,SO2,UNHEALTHY
4518,202404,2024-04-15,kelapa gading,33,55,55,11,21,26,55,PM25,UNHEALTHY
4519,202404,2024-04-16,kelapa gading,36,57,55,7,21,17,57,PM25,UNHEALTHY
4520,202404,2024-04-17,kelapa gading,49,67,54,6,32,10,67,PM25,UNHEALTHY
4521,202404,2024-04-18,kelapa gading,52,70,55,13,23,27,70,PM25,UNHEALTHY
4522,202404,2024-04-19,kelapa gading,51,64,55,8,20,21,64,PM25,UNHEALTHY
4523,202404,2024-04-20,kelapa gading,62,87,56,10,18,27,87,PM25,UNHEALTHY
4524,202404,2024-04-21,kelapa gading,42,53,55,6,22,6,55,SO2,UNHEALTHY
4525,202404,2024-04-22,kelapa gading,52,70,55,11,18,26,70,PM25,UNHEALTHY
4526,202404,2024-04-23,kelapa gading,54,71,55,8,23,18,71,PM25,UNHEALTHY
4527,202404,2024-04-24,kelapa gading,48,70,55,11,22,26,70,PM25,UNHEALTHY
4528,202404,2024-04-25,kelapa gading,57,76,55,9,27,23,76,PM25,UNHEALTHY
4529,202404,2024-04-26,kelapa gading,51,65,55,8,23,22,65,PM25,UNHEALTHY
4530,202404,2024-04-27,kelapa gading,59,76,55,10,17,47,76,PM25,UNHEALTHY
4531,202404,2024-04-28,kelapa gading,52,73,55,13,24,43,73,PM25,UNHEALTHY
4532,202404,2024-04-29,kelapa gading,55,68,55,5,28,9,68,PM25,UNHEALTHY
4533,202404,2024-04-30,kelapa gading,52,72,55,6,25,12,72,PM25,UNHEALTHY
4534,202405,2024-05-01,kelapa gading,51,66,55,6,24,13,66,PM25,UNHEALTHY
4535,202405,2024-05-02,kelapa gading,60,79,55,7,24,11,79,PM25,UNHEALTHY
4536,202405,2024-05-03,kelapa gading,59,83,55,8,32,14,83,PM25,UNHEALTHY
4537,202405,2024-05-04,kelapa gading,65,89,55,12,22,24,89,PM25,UNHEALTHY
4538,202405,2024-05-05,kelapa gading,64,94,56,18,20,43,94,PM25,UNHEALTHY
4539,202405,2024-05-06,kelapa gading,69,90,55,10,25,19,90,PM25,UNHEALTHY
4540,202405,2024-05-07,kelapa gading,72,97,55,12,21,27,97,PM25,UNHEALTHY
4541,202405,2024-05-08,kelapa gading,65,89,55,8,24,18,89,PM25,UNHEALTHY
4542,202405,2024-05-09,kelapa gading,72,103,55,11,24,19,103,PM25,UNHEALTHY
4543,202405,2024-05-10,kelapa gading,68,103,55,8,23,13,103,PM25,UNHEALTHY
4544,202405,2024-05-11,kelapa gading,64,92,54,7,24,16,92,PM25,UNHEALTHY
4545,202405,2024-05-12,kelapa gading,65,89,54,8,21,16,89,PM25,UNHEALTHY
4546,202405,2024-05-13,kelapa gading,60,81,54,8,21,20,81,PM25,UNHEALTHY
4547,202405,2024-05-14,kelapa gading,68,99,55,9,27,15,99,PM25,UNHEALTHY
4548,202405,2024-05-15,kelapa gading,64,78,55,9,19,17,78,PM25,UNHEALTHY
4549,202405,2024-05-16,kelapa gading,77,115,56,8,20,12,115,PM25,UNHEALTHY
4550,202405,2024-05-17,kelapa gading,72,102,56,12,20,20,102,PM25,UNHEALTHY
4551,202405,2024-05-18,kelapa gading,75,110,56,17,21,29,110,PM25,UNHEALTHY
4552,202405,2024-05-19,kelapa gading,67,95,56,14,22,19,95,PM25,UNHEALTHY
4553,202405,2024-05-20,kelapa gading,71,99,56,12,24,12,99,PM25,UNHEALTHY
4554,202405,2024-05-21,kelapa gading,77,106,57,12,25,16,106,PM25,UNHEALTHY
4555,202405,2024-05-22,kelapa gading,80,106,56,11,24,12,106,PM25,UNHEALTHY
4556,202405,2024-05-23,kelapa gading,71,91,56,10,19,19,91,PM25,UNHEALTHY
4557,202405,2024-05-24,kelapa gading,60,81,56,11,16,20,81,PM25,UNHEALTHY
4558,202405,2024-05-25,kelapa gading,35,55,55,10,14,15,55,PM25,UNHEALTHY
4559,202405,2024-05-26,kelapa gading,59,78,56,17,16,34,78,PM25,UNHEALTHY
4560,202405,2024-05-27,kelapa gading,70,97,56,12,24,15,97,PM25,UNHEALTHY
4561,202405,2024-05-28,kelapa gading,79,106,56,12,22,18,106,PM25,UNHEALTHY
4562,202405,2024-05-29,kelapa gading,67,91,56,9,21,16,91,PM25,UNHEALTHY
4563,202405,2024-05-30,kelapa gading,66,98,57,10,20,15,98,PM25,UNHEALTHY
4564,202405,2024-05-31,kelapa gading,74,107,56,11,24,13,107,PM25,UNHEALTHY
4565,202406,2024-06-01,kelapa gading,74,106,56,13,23,18,106,PM25,UNHEALTHY
4566,202406,2024-06-02,kelapa gading,70,98,57,18,20,26,98,PM25,UNHEALTHY
4567,202406,2024-06-03,kelapa gading,48,61,55,10,18,17,61,PM25,UNHEALTHY
4568,202406,2024-06-04,kelapa gading,57,80,56,14,17,26,80,PM25,UNHEALTHY
4569,202406,2024-06-05,kelapa gading,70,97,56,15,21,28,97,PM25,UNHEALTHY
4570,202406,2024-06-06,kelapa gading,62,87,56,12,21,18,87,PM25,UNHEALTHY
4571,202406,2024-06-07,kelapa gading,65,88,57,10,24,14,88,PM25,UNHEALTHY
4572,202406,2024-06-08,kelapa gading,68,94,56,12,22,21,94,PM25,UNHEALTHY
4573,202406,2024-06-09,kelapa gading,61,82,56,9,26,7,82,PM25,UNHEALTHY
4574,202406,2024-06-10,kelapa gading,66,96,57,17,18,30,96,PM25,UNHEALTHY
4575,202406,2024-06-11,kelapa gading,58,99,60,11,19,21,99,PM25,UNHEALTHY
4576,202406,2024-06-12,kelapa gading,58,86,57,21,14,46,86,PM25,UNHEALTHY
4577,202406,2024-06-13,kelapa gading,57,69,56,14,16,38,69,PM25,UNHEALTHY
4578,202406,2024-06-14,kelapa gading,60,77,57,9,18,26,77,PM25,UNHEALTHY
4579,202406,2024-06-15,kelapa gading,55,77,56,10,23,25,77,PM25,UNHEALTHY
4580,202406,2024-06-16,kelapa gading,54,68,55,12,28,26,68,PM25,UNHEALTHY
4581,202406,2024-06-17,kelapa gading,56,77,55,11,22,23,77,PM25,UNHEALTHY
4582,202406,2024-06-18,kelapa gading,57,110,58,12,22,18,110,PM25,UNHEALTHY
4583,202406,2024-06-19,kelapa gading,74,107,57,19,16,36,107,PM25,UNHEALTHY
4584,202406,2024-06-20,kelapa gading,67,94,57,11,22,17,94,PM25,UNHEALTHY
4585,202406,2024-06-21,kelapa gading,75,106,58,14,25,29,106,PM25,UNHEALTHY
4586,202406,2024-06-22,kelapa gading,76,103,57,12,26,20,103,PM25,UNHEALTHY
4587,202406,2024-06-23,kelapa gading,83,104,59,13,20,23,104,PM25,UNHEALTHY
4588,202406,2024-06-24,kelapa gading,67,99,57,15,20,24,99,PM25,UNHEALTHY
4589,202406,2024-06-25,kelapa gading,67,84,57,11,16,20,84,PM25,UNHEALTHY
4590,202406,2024-06-26,kelapa gading,63,76,57,17,12,52,76,PM25,UNHEALTHY
4591,202406,2024-06-27,kelapa gading,74,96,57,10,16,23,96,PM25,UNHEALTHY
4592,202406,2024-06-28,kelapa gading,59,75,57,10,14,21,75,PM25,UNHEALTHY
4593,202406,2024-06-29,kelapa gading,60,82,59,16,12,42,82,PM25,UNHEALTHY
4594,202406,2024-06-30,kelapa gading,55,68,58,17,14,42,68,PM25,UNHEALTHY
4595,202407,2024-07-01,kelapa gading,61,92,57,15,22,26,92,PM25,UNHEALTHY
4596,202407,2024-07-02,kelapa gading,59,74,58,12,17,26,74,PM25,UNHEALTHY
4597,202407,2024-07-03,kelapa gading,71,103,57,18,21,48,103,PM25,UNHEALTHY
4598,202407,2024-07-04,kelapa gading,59,76,56,21,19,54,76,PM25,UNHEALTHY
4599,202407,2024-07-05,kelapa gading,53,70,57,15,13,48,70,PM25,UNHEALTHY
4600,202407,2024-07-06,kelapa gading,33,47,57,10,10,25,57,SO2,UNHEALTHY
4601,202407,2024-07-07,kelapa gading,35,53,58,15,13,44,58,SO2,UNHEALTHY
4602,202407,2024-07-08,kelapa gading,42,56,58,11,15,23,58,SO2,UNHEALTHY
4603,202407,2024-07-09,kelapa gading,39,65,57,12,19,32,65,PM25,UNHEALTHY
4604,202407,2024-07-10,kelapa gading,62,79,57,10,22,25,79,PM25,UNHEALTHY
4605,202407,2024-07-11,kelapa gading,67,101,57,16,24,40,101,PM25,UNHEALTHY
4606,202407,2024-07-12,kelapa gading,70,98,57,12,29,31,98,PM25,UNHEALTHY
4607,202407,2024-07-13,kelapa gading,79,109,60,17,24,46,109,PM25,UNHEALTHY
4608,202407,2024-07-14,kelapa gading,65,90,57,14,28,27,90,PM25,UNHEALTHY
4609,202407,2024-07-15,kelapa gading,66,96,57,15,33,32,96,PM25,UNHEALTHY
4610,202407,2024-07-16,kelapa gading,66,96,57,14,31,31,96,PM25,UNHEALTHY
4611,202407,2024-07-17,kelapa gading,71,97,58,13,26,30,97,PM25,UNHEALTHY
4612,202407,2024-07-18,kelapa gading,71,95,58,11,30,17,95,PM25,UNHEALTHY
4613,202407,2024-07-19,kelapa gading,66,89,58,11,26,20,89,PM25,UNHEALTHY
4614,202407,2024-07-20,kelapa gading,67,87,58,11,27,23,87,PM25,UNHEALTHY
4615,202407,2024-07-21,kelapa gading,63,89,57,11,30,16,89,PM25,UNHEALTHY
4616,202407,2024-07-22,kelapa gading,58,78,57,11,39,15,78,PM25,UNHEALTHY
4617,202407,2024-07-23,kelapa gading,64,88,57,11,38,23,88,PM25,UNHEALTHY
4618,202407,2024-07-24,kelapa gading,80,115,59,12,30,37,115,PM25,UNHEALTHY
4619,202407,2024-07-25,kelapa gading,70,92,57,11,36,28,92,PM25,UNHEALTHY
4620,202407,2024-07-26,kelapa gading,64,93,58,11,28,25,93,PM25,UNHEALTHY
4621,202407,2024-07-27,kelapa gading,70,100,58,10,28,22,100,PM25,UNHEALTHY
4622,202407,2024-07-28,kelapa gading,72,104,58,10,33,17,104,PM25,UNHEALTHY
4623,202407,2024-07-29,kelapa gading,67,93,57,9,31,12,93,PM25,UNHEALTHY
4624,202407,2024-07-30,kelapa gading,75,106,58,11,27,27,106,PM25,UNHEALTHY
4625,202407,2024-07-31,kelapa gading,78,110,58,11,30,26,110,PM25,UNHEALTHY
4626,202408,2024-08-01,kelapa gading,65,99,57,10,34,23,99,PM25,UNHEALTHY
4627,202408,2024-08-02,kelapa gading,64,86,57,11,28,27,86,PM25,UNHEALTHY
4628,202408,2024-08-03,kelapa gading,56,70,58,9,21,31,70,PM25,UNHEALTHY
4629,202408,2024-08-04,kelapa gading,54,83,58,13,23,37,83,PM25,UNHEALTHY
4630,202408,2024-08-05,kelapa gading,56,80,57,12,28,24,80,PM25,UNHEALTHY
4631,202408,2024-08-06,kelapa gading,61,83,58,10,25,23,83,PM25,UNHEALTHY
4632,202408,2024-08-07,kelapa gading,62,92,57,10,33,20,92,PM25,UNHEALTHY
4633,202408,2024-08-08,kelapa gading,74,107,59,12,25,32,107,PM25,UNHEALTHY
4634,202408,2024-08-09,kelapa gading,67,91,57,10,23,20,91,PM25,UNHEALTHY
4635,202408,2024-08-10,kelapa gading,60,85,57,9,23,17,85,PM25,UNHEALTHY
4636,202408,2024-08-11,kelapa gading,59,79,57,8,30,12,79,PM25,UNHEALTHY
4637,202408,2024-08-12,kelapa gading,55,83,57,9,28,14,83,PM25,UNHEALTHY
4638,202408,2024-08-13,kelapa gading,66,102,59,13,29,34,102,PM25,UNHEALTHY
4639,202408,2024-08-14,kelapa gading,71,100,58,11,30,29,100,PM25,UNHEALTHY
4640,202408,2024-08-15,kelapa gading,67,93,57,10,40,22,93,PM25,UNHEALTHY
4641,202408,2024-08-16,kelapa gading,65,91,58,11,36,27,91,PM25,UNHEALTHY
4642,202408,2024-08-17,kelapa gading,70,95,58,8,34,17,95,PM25,UNHEALTHY
4643,202408,2024-08-18,kelapa gading,64,89,58,7,32,10,89,PM25,UNHEALTHY
4644,202408,2024-08-19,kelapa gading,61,87,58,8,35,14,87,PM25,UNHEALTHY
4645,202408,2024-08-20,kelapa gading,68,97,58,9,31,20,97,PM25,UNHEALTHY
4646,202408,2024-08-21,kelapa gading,73,102,58,9,33,23,102,PM25,UNHEALTHY
4647,202408,2024-08-22,kelapa gading,65,91,59,9,28,22,91,PM25,UNHEALTHY
4648,202408,2024-08-23,kelapa gading,57,79,57,7,29,9,79,PM25,UNHEALTHY
4649,202408,2024-08-24,kelapa gading,66,101,58,10,28,27,101,PM25,UNHEALTHY
4650,202408,2024-08-25,kelapa gading,65,93,58,9,30,17,93,PM25,UNHEALTHY
4651,202408,2024-08-26,kelapa gading,54,82,58,9,35,18,82,PM25,UNHEALTHY
4652,202408,2024-08-27,kelapa gading,70,106,58,12,36,31,106,PM25,UNHEALTHY
4653,202408,2024-08-28,kelapa gading,71,94,58,9,32,29,94,PM25,UNHEALTHY
4654,202408,2024-08-29,kelapa gading,70,101,58,9,43,25,101,PM25,UNHEALTHY
4655,202408,2024-08-30,kelapa gading,68,93,58,11,28,34,93,PM25,UNHEALTHY
4656,202408,2024-08-31,kelapa gading,59,80,58,8,31,22,80,PM25,UNHEALTHY
4657,202409,2024-09-01,kelapa gading,57,74,58,7,32,11,74,PM25,UNHEALTHY
4658,202409,2024-09-02,kelapa gading,-,73,58,7,35,6,73,PM25,UNHEALTHY
4659,202409,2024-09-03,kelapa gading,55,100,58,12,31,36,100,PM25,UNHEALTHY
4660,202409,2024-09-04,kelapa gading,56,89,58,9,34,17,89,PM25,UNHEALTHY
4661,202409,2024-09-05,kelapa gading,52,74,58,8,28,14,74,PM25,UNHEALTHY
4662,202409,2024-09-06,kelapa gading,61,82,59,10,25,26,82,PM25,UNHEALTHY
4663,202409,2024-09-07,kelapa gading,60,81,58,8,28,11,81,PM25,UNHEALTHY
4664,202409,2024-09-08,kelapa gading,57,76,58,9,26,13,76,PM25,UNHEALTHY
4665,202409,2024-09-09,kelapa gading,55,72,59,8,24,14,72,PM25,UNHEALTHY
4666,202409,2024-09-10,kelapa gading,61,79,60,15,15,44,79,PM25,UNHEALTHY
4667,202409,2024-09-11,kelapa gading,47,63,59,9,18,25,63,PM25,UNHEALTHY
4668,202409,2024-09-12,kelapa gading,58,83,59,10,33,21,83,PM25,UNHEALTHY
4669,202409,2024-09-13,kelapa gading,56,75,58,12,30,30,75,PM25,UNHEALTHY
4670,202409,2024-09-14,kelapa gading,63,85,59,13,30,36,85,PM25,UNHEALTHY
4671,202409,2024-09-15,kelapa gading,63,82,58,11,28,21,82,PM25,UNHEALTHY
4672,202409,2024-09-16,kelapa gading,62,83,58,11,31,20,83,PM25,UNHEALTHY
4673,202409,2024-09-17,kelapa gading,53,77,62,8,35,40,77,PM25,UNHEALTHY
4674,202409,2024-09-18,kelapa gading,42,66,61,7,34,36,66,PM25,UNHEALTHY
4675,202409,2024-09-19,kelapa gading,52,75,61,7,38,38,75,PM25,UNHEALTHY
4676,202409,2024-09-20,kelapa gading,56,84,62,9,36,53,84,PM25,UNHEALTHY
4677,202409,2024-09-21,kelapa gading,59,86,61,10,40,52,86,PM25,UNHEALTHY
4678,202409,2024-09-22,kelapa gading,62,98,61,10,32,51,98,PM25,UNHEALTHY
4679,202409,2024-09-23,kelapa gading,54,84,61,11,25,51,84,PM25,UNHEALTHY
4680,202409,2024-09-24,kelapa gading,53,74,61,11,20,50,74,PM25,UNHEALTHY
4681,202409,2024-09-25,kelapa gading,56,81,61,13,26,57,81,PM25,UNHEALTHY
4682,202409,2024-09-26,kelapa gading,40,61,61,15,21,68,68,NO2,UNHEALTHY
4683,202409,2024-09-27,kelapa gading,48,66,61,13,21,65,66,PM25,UNHEALTHY
4684,202409,2024-09-28,kelapa gading,52,81,62,12,21,54,81,PM25,UNHEALTHY
4685,202409,2024-09-29,kelapa gading,51,12,61,10,22,50,61,SO2,UNHEALTHY
4686,202409,2024-09-30,kelapa gading,44,13,61,9,22,43,61,SO2,UNHEALTHY
4687,202410,2024-10-01,kelapa gading,63,85,59,12,28,22,85,PM25,UNHEALTHY
4688,202410,2024-10-02,kelapa gading,67,89,59,12,30,26,89,PM25,UNHEALTHY
4689,202410,2024-10-03,kelapa gading,69,96,59,12,25,26,96,PM25,UNHEALTHY
4690,202410,2024-10-04,kelapa gading,63,82,59,10,29,18,82,PM25,UNHEALTHY
4691,202410,2024-10-05,kelapa gading,62,82,59,15,23,38,82,PM25,UNHEALTHY
4692,202410,2024-10-06,kelapa gading,56,75,59,13,28,23,75,PM25,UNHEALTHY
4693,202410,2024-10-07,kelapa gading,77,107,60,16,25,35,107,PM25,UNHEALTHY
4694,202410,2024-10-08,kelapa gading,63,84,60,12,25,23,84,PM25,UNHEALTHY
4695,202410,2024-10-09,kelapa gading,62,77,59,10,30,15,77,PM25,UNHEALTHY
4696,202410,2024-10-10,kelapa gading,69,88,59,11,30,22,88,PM25,UNHEALTHY
4697,202410,2024-10-11,kelapa gading,62,77,59,9,28,16,77,PM25,UNHEALTHY
4698,202410,2024-10-12,kelapa gading,65,82,60,10,24,19,82,PM25,UNHEALTHY
4699,202410,2024-10-13,kelapa gading,62,82,58,12,24,18,82,PM25,UNHEALTHY
4700,202410,2024-10-14,kelapa gading,65,82,59,13,26,26,82,PM25,UNHEALTHY
4701,202410,2024-10-15,kelapa gading,60,81,59,13,36,25,81,PM25,UNHEALTHY
4702,202410,2024-10-16,kelapa gading,78,100,60,16,33,36,100,PM25,UNHEALTHY
4703,202410,2024-10-17,kelapa gading,60,77,59,14,32,33,77,PM25,UNHEALTHY
4704,202410,2024-10-18,kelapa gading,61,80,59,12,40,23,80,PM25,UNHEALTHY
4705,202410,2024-10-19,kelapa gading,78,102,59,13,34,26,102,PM25,UNHEALTHY
4706,202410,2024-10-20,kelapa gading,59,71,59,12,23,21,71,PM25,UNHEALTHY
4707,202410,2024-10-21,kelapa gading,51,70,59,12,27,22,70,PM25,UNHEALTHY
4708,202410,2024-10-22,kelapa gading,85,106,60,14,34,32,106,PM25,UNHEALTHY
4709,202410,2024-10-23,kelapa gading,68,90,59,11,38,17,90,PM25,UNHEALTHY
4710,202410,2024-10-24,kelapa gading,60,74,59,9,29,18,74,PM25,UNHEALTHY
4711,202410,2024-10-25,kelapa gading,52,69,59,9,31,18,69,PM25,UNHEALTHY
4712,202410,2024-10-26,kelapa gading,59,75,59,13,31,29,75,PM25,UNHEALTHY
4713,202410,2024-10-27,kelapa gading,58,77,61,11,32,19,77,PM25,UNHEALTHY
4714,202410,2024-10-28,kelapa gading,64,90,60,13,30,22,90,PM25,UNHEALTHY
4715,202410,2024-10-29,kelapa gading,65,86,60,14,31,29,86,PM25,UNHEALTHY
4716,202410,2024-10-30,kelapa gading,66,87,59,12,34,22,87,PM25,UNHEALTHY
4717,202410,2024-10-31,kelapa gading,65,80,59,13,28,26,80,PM25,UNHEALTHY
4718,202411,2024-11-01,kelapa gading,62,88,59,15,29,31,88,PM25,UNHEALTHY
4719,202411,2024-11-02,kelapa gading,70,89,60,11,25,18,89,PM25,UNHEALTHY
4720,202411,2024-11-03,kelapa gading,51,66,59,18,25,39,66,PM25,UNHEALTHY
4721,202411,2024-11-04,kelapa gading,52,66,59,15,18,34,66,PM25,UNHEALTHY
4722,202411,2024-11-05,kelapa gading,51,70,59,13,22,25,70,PM25,UNHEALTHY
4723,202411,2024-11-06,kelapa gading,50,63,59,14,21,29,63,PM25,UNHEALTHY
4724,202411,2024-11-07,kelapa gading,60,86,60,12,25,26,86,PM25,UNHEALTHY
4725,202411,2024-11-08,kelapa gading,60,91,60,16,30,36,91,PM25,UNHEALTHY
4726,202411,2024-11-09,kelapa gading,71,100,60,11,31,25,100,PM25,UNHEALTHY
4727,202411,2024-11-10,kelapa gading,60,77,60,20,21,49,77,PM25,UNHEALTHY
4728,202411,2024-11-11,kelapa gading,55,70,59,16,23,36,70,PM25,UNHEALTHY
4729,202411,2024-11-12,kelapa gading,52,59,60,15,16,39,60,SO2,UNHEALTHY
4730,202411,2024-11-13,kelapa gading,61,81,61,13,14,38,81,PM25,UNHEALTHY
4731,202411,2024-11-14,kelapa gading,64,96,61,10,15,22,96,PM25,UNHEALTHY
4732,202411,2024-11-15,kelapa gading,76,118,62,14,21,27,118,PM25,UNHEALTHY
4733,202411,2024-11-16,kelapa gading,78,113,61,13,20,25,113,PM25,UNHEALTHY
4734,202411,2024-11-17,kelapa gading,100,132,62,24,17,52,132,PM25,UNHEALTHY
4735,202411,2024-11-18,kelapa gading,58,69,60,11,16,19,69,PM25,UNHEALTHY
4736,202411,2024-11-19,kelapa gading,50,68,60,16,19,33,68,PM25,UNHEALTHY
4737,202411,2024-11-20,kelapa gading,57,71,61,15,23,42,71,PM25,UNHEALTHY
4738,202411,2024-11-21,kelapa gading,57,70,-,12,19,29,70,PM25,UNHEALTHY
4739,202411,2024-11-22,kelapa gading,43,54,60,11,19,25,60,SO2,UNHEALTHY
4740,202411,2024-11-23,kelapa gading,44,58,60,13,20,27,60,SO2,UNHEALTHY
4741,202411,2024-11-24,kelapa gading,41,49,60,11,15,20,60,SO2,UNHEALTHY
4742,202411,2024-11-25,kelapa gading,36,52,60,12,11,25,60,SO2,UNHEALTHY
4743,202411,2024-11-26,kelapa gading,54,63,62,13,16,35,63,PM25,UNHEALTHY
4744,202411,2024-11-27,kelapa gading,50,59,61,16,13,41,61,SO2,UNHEALTHY
4745,202411,2024-11-28,kelapa gading,30,44,59,13,11,25,59,SO2,UNHEALTHY
4746,202411,2024-11-29,kelapa gading,38,53,60,12,11,25,60,SO2,UNHEALTHY
4747,202411,2024-11-30,kelapa gading,26,39,59,10,11,21,59,SO2,UNHEALTHY
4748,202412,2024-12-01,kelapa gading,29,39,59,10,10,21,59,SO2,UNHEALTHY
4749,202412,2024-12-02,kelapa gading,25,32,59,9,10,17,59,SO2,UNHEALTHY
4750,202412,2024-12-03,kelapa gading,21,22,59,9,12,14,59,SO2,UNHEALTHY
4751,202412,2024-12-04,kelapa gading,25,21,59,10,11,13,59,SO2,UNHEALTHY
4752,202412,2024-12-05,kelapa gading,21,21,59,9,11,19,59,SO2,UNHEALTHY
4753,202412,2024-12-06,kelapa gading,32,33,60,12,11,25,60,SO2,UNHEALTHY
4754,202412,2024-12-07,kelapa gading,71,87,63,26,10,76,87,PM25,UNHEALTHY
4755,202412,2024-12-08,kelapa gading,58,68,61,13,14,30,68,PM25,UNHEALTHY
4756,202412,2024-12-09,kelapa gading,49,58,60,10,10,35,60,SO2,UNHEALTHY
4757,202412,2024-12-10,kelapa gading,39,43,60,15,8,43,60,SO2,UNHEALTHY
4758,202412,2024-12-11,kelapa gading,28,36,60,9,12,20,60,SO2,UNHEALTHY
4759,202412,2024-12-12,kelapa gading,31,34,61,11,12,-,61,SO2,UNHEALTHY
4760,202412,2024-12-13,kelapa gading,36,49,72,10,11,9,72,SO2,UNHEALTHY
4761,202412,2024-12-14,kelapa gading,33,48,23,11,12,13,48,PM25,UNHEALTHY
4762,202412,2024-12-15,kelapa gading,25,34,23,10,12,11,34,PM25,UNHEALTHY
4763,202412,2024-12-16,kelapa gading,27,33,22,14,16,12,33,PM25,UNHEALTHY
4764,202412,2024-12-17,kelapa gading,26,38,23,15,14,-,38,PM25,UNHEALTHY
4765,202412,2024-12-18,kelapa gading,33,41,22,13,11,5,41,PM25,UNHEALTHY
4766,202412,2024-12-19,kelapa gading,22,28,24,12,9,5,28,PM25,UNHEALTHY
4767,202412,2024-12-20,kelapa gading,33,32,24,16,9,-,33,PM10,UNHEALTHY
4768,202412,2024-12-21,kelapa gading,31,40,22,14,10,-,40,PM25,UNHEALTHY
4769,202412,2024-12-22,kelapa gading,36,53,22,15,11,-,53,PM25,UNHEALTHY
4770,202412,2024-12-23,kelapa gading,39,46,21,14,12,-,46,PM25,UNHEALTHY
4771,202412,2024-12-24,kelapa gading,49,63,23,20,14,17,63,PM25,UNHEALTHY
4772,202412,2024-12-25,kelapa gading,43,50,22,16,12,15,50,PM25,UNHEALTHY
4773,202412,2024-12-26,kelapa gading,46,58,22,20,12,21,58,PM25,UNHEALTHY
4774,202412,2024-12-27,kelapa gading,41,55,24,15,12,11,55,PM25,UNHEALTHY
4775,202412,2024-12-28,kelapa gading,46,59,25,14,12,15,59,PM25,UNHEALTHY
4776,202412,2024-12-29,kelapa gading,49,61,26,13,14,12,61,PM25,UNHEALTHY
4777,202412,2024-12-30,kelapa gading,34,50,21,11,14,11,50,PM25,UNHEALTHY
4778,202412,2024-12-31,kelapa gading,29,35,22,11,12,13,35,PM25,UNHEALTHY
4779,202501,2025-01-01,kelapa gading,48,60,25,13,12,13,60,PM25,MEDIUM
4780,202501,2025-01-02,kelapa gading,29,38,23,11,12,12,38,PM25,GOOD
4781,202501,2025-01-03,kelapa gading,51,60,26,13,12,16,60,PM25,MEDIUM
4782,202501,2025-01-04,kelapa gading,37,48,24,10,11,14,48,PM25,GOOD
4783,202501,2025-01-05,kelapa gading,29,51,22,11,10,16,51,PM25,MEDIUM
4784,202501,2025-01-06,kelapa gading,56,71,25,18,11,36,71,PM25,MEDIUM
4785,202501,2025-01-07,kelapa gading,32,37,24,12,11,17,37,PM25,GOOD
4786,202501,2025-01-08,kelapa gading,29,36,24,11,10,19,36,PM25,GOOD
4787,202501,2025-01-09,kelapa gading,22,23,21,11,12,17,23,PM25,GOOD
4788,202501,2025-01-10,kelapa gading,47,56,23,16,14,15,56,PM25,MEDIUM
4789,202501,2025-01-11,kelapa gading,39,55,22,11,19,8,55,PM25,MEDIUM
4790,202501,2025-01-12,kelapa gading,44,55,24,11,14,10,55,PM25,MEDIUM
4791,202501,2025-01-13,kelapa gading,26,33,22,11,12,12,33,PM25,GOOD
4792,202501,2025-01-14,kelapa gading,28,32,23,11,10,15,32,PM25,GOOD
4793,202501,2025-01-15,kelapa gading,30,43,24,13,11,26,43,PM25,GOOD
4794,202501,2025-01-16,kelapa gading,36,48,25,10,10,17,48,PM25,GOOD
4795,202501,2025-01-17,kelapa gading,32,47,25,9,11,12,47,PM25,GOOD
4796,202501,2025-01-18,kelapa gading,24,35,21,10,12,13,35,PM25,GOOD
4797,202501,2025-01-19,kelapa gading,33,39,24,10,11,17,39,PM25,GOOD
4798,202501,2025-01-20,kelapa gading,26,37,26,10,12,12,37,PM25,GOOD
4799,202501,2025-01-21,kelapa gading,39,53,21,17,9,23,53,PM25,MEDIUM
4800,202501,2025-01-22,kelapa gading,36,52,24,14,9,22,52,PM25,MEDIUM
4801,202501,2025-01-23,kelapa gading,35,46,21,8,13,11,46,PM25,GOOD
4802,202501,2025-01-24,kelapa gading,52,68,26,14,11,20,68,PM25,MEDIUM
4803,202501,2025-01-25,kelapa gading,47,57,24,15,11,35,57,PM25,MEDIUM
4804,202501,2025-01-26,kelapa gading,47,57,24,12,10,19,57,PM25,MEDIUM
4805,202501,2025-01-27,kelapa gading,29,49,22,7,9,14,49,PM25,GOOD
4806,202501,2025-01-28,kelapa gading,33,36,22,7,9,13,36,PM25,GOOD
4807,202501,2025-01-29,kelapa gading,27,30,21,8,12,12,30,PM25,GOOD
4808,202501,2025-01-30,kelapa gading,-,26,20,6,20,11,26,PM25,GOOD
4809,202501,2025-01-31,kelapa gading,51,41,20,8,16,10,51,PM10,MEDIUM
4810,202502,2025-02-01,kelapa gading,51,33,20,6,17,7,51,PM10,MEDIUM
4811,202502,2025-02-02,kelapa gading,38,35,20,5,19,9,38,PM10,GOOD
4812,202502,2025-02-03,kelapa gading,39,37,20,5,21,10,39,PM10,GOOD
4813,202502,2025-02-04,kelapa gading,52,61,21,7,16,10,61,PM25,MEDIUM
4814,202502,2025-02-05,kelapa gading,42,42,23,7,11,14,42,PM10,GOOD
4815,202502,2025-02-06,kelapa gading,40,51,21,4,14,11,51,PM25,MEDIUM
4816,202502,2025-02-07,kelapa gading,35,44,21,6,15,15,44,PM25,GOOD
4817,202502,2025-02-08,kelapa gading,42,50,21,6,14,9,50,PM25,GOOD
4818,202502,2025-02-09,kelapa gading,34,33,22,4,15,9,34,PM10,GOOD
4819,202502,2025-02-10,kelapa gading,36,35,21,3,15,10,36,PM10,GOOD
4820,202502,2025-02-11,kelapa gading,34,37,22,4,15,11,37,PM25,GOOD
4821,202502,2025-02-12,kelapa gading,53,71,30,5,19,7,71,PM25,MEDIUM
4822,202502,2025-02-13,kelapa gading,65,79,31,4,20,13,79,PM25,MEDIUM
4823,202502,2025-02-14,kelapa gading,56,70,31,2,17,11,70,PM25,MEDIUM
4824,202502,2025-02-15,kelapa gading,37,51,29,-,9,17,51,PM25,MEDIUM
4825,202502,2025-02-16,kelapa gading,-,-,-,-,-,-,-,,TIDAK ADA DATA
4826,202502,2025-02-17,kelapa gading,39,56,29,-,8,21,56,PM25,MEDIUM
4827,202502,2025-02-18,kelapa gading,49,69,31,29,7,50,69,PM25,MEDIUM
4828,202502,2025-02-19,kelapa gading,-,67,31,29,8,29,67,PM25,MEDIUM
4829,202502,2025-02-20,kelapa gading,26,41,29,13,11,15,41,PM25,GOOD
4830,202502,2025-02-21,kelapa gading,-,63,32,17,15,8,63,PM25,MEDIUM
4831,202502,2025-02-22,kelapa gading,-,56,32,19,12,15,56,PM25,MEDIUM
4832,202502,2025-02-23,kelapa gading,-,63,32,19,10,15,63,PM25,MEDIUM
4833,202502,2025-02-24,kelapa gading,-,43,30,15,19,8,43,PM25,GOOD
4834,202502,2025-02-25,kelapa gading,31,51,40,16,17,21,51,PM25,MEDIUM
4835,202502,2025-02-26,kelapa gading,54,61,35,19,9,18,61,PM25,MEDIUM
4836,202502,2025-02-27,kelapa gading,64,83,31,22,11,24,83,PM25,MEDIUM
4837,202502,2025-02-28,kelapa gading,41,59,28,20,11,10,59,PM25,MEDIUM
4838,202503,2025-03-01,kelapa gading,49,73,-,-,-,-,73,PM25,MEDIUM
4839,202503,2025-03-02,kelapa gading,51,68,30,16,25,7,68,PM25,MEDIUM
4840,202503,2025-03-03,kelapa gading,43,56,29,17,16,10,56,PM25,MEDIUM
4841,202503,2025-03-04,kelapa gading,32,51,30,15,18,7,51,PM25,MEDIUM
4842,202503,2025-03-05,kelapa gading,52,63,37,16,17,15,63,PM25,MEDIUM
4843,202503,2025-03-06,kelapa gading,60,83,31,20,20,15,83,PM25,MEDIUM
4844,202503,2025-03-07,kelapa gading,31,34,28,13,15,12,34,PM25,GOOD
4845,202503,2025-03-08,kelapa gading,51,67,31,17,22,8,67,PM25,MEDIUM
4846,202503,2025-03-09,kelapa gading,59,75,34,23,15,11,75,PM25,MEDIUM
4847,202503,2025-03-10,kelapa gading,51,69,31,22,15,15,69,PM25,MEDIUM
4848,202503,2025-03-11,kelapa gading,-,-,-,-,-,-,-,,TIDAK ADA DATA
4849,202503,2025-03-12,kelapa gading,37,56,31,14,13,10,56,PM25,MEDIUM
4850,202503,2025-03-13,kelapa gading,48,58,31,14,13,11,58,PM25,MEDIUM
4851,202503,2025-03-14,kelapa gading,51,62,30,16,12,13,62,PM25,MEDIUM
4852,202503,2025-03-15,kelapa gading,26,37,28,14,11,14,37,PM25,GOOD
4853,202503,2025-03-16,kelapa gading,31,47,-,-,-,-,47,PM25,GOOD
4854,202503,2025-03-17,kelapa gading,36,49,29,14,10,15,49,PM25,GOOD
4855,202503,2025-03-18,kelapa gading,25,29,28,15,12,12,29,PM25,GOOD
4856,202503,2025-03-19,kelapa gading,32,52,29,15,13,9,52,PM25,MEDIUM
4857,202503,2025-03-20,kelapa gading,37,53,29,13,16,8,53,PM25,MEDIUM
4858,202503,2025-03-21,kelapa gading,37,50,28,13,17,8,50,PM25,GOOD
4859,202503,2025-03-22,kelapa gading,39,53,28,14,18,9,53,PM25,MEDIUM
4860,202503,2025-03-23,kelapa gading,46,56,28,21,13,15,56,PM25,MEDIUM
4861,202503,2025-03-24,kelapa gading,39,47,28,15,15,9,47,PM25,GOOD
4862,202503,2025-03-25,kelapa gading,35,39,28,16,11,13,39,PM25,GOOD
4863,202503,2025-03-26,kelapa gading,51,61,28,20,13,16,61,PM25,MEDIUM
4864,202503,2025-03-27,kelapa gading,54,60,28,16,15,12,60,PM25,MEDIUM
4865,202503,2025-03-28,kelapa gading,37,49,28,16,12,13,49,PM25,GOOD
4866,202503,2025-03-29,kelapa gading,20,21,28,12,12,12,28,SO2,GOOD
4867,202503,2025-03-30,kelapa gading,26,30,28,13,12,13,30,PM25,GOOD
4868,202503,2025-03-31,kelapa gading,22,25,28,12,12,12,28,SO2,GOOD
4869,202504,2025-04-01,kelapa gading,20,24,29,13,10,13,29,SO2,GOOD
4870,202504,2025-04-02,kelapa gading,25,28,28,16,11,12,28,PM25,GOOD
4871,202504,2025-04-03,kelapa gading,27,44,29,16,13,17,44,PM25,GOOD
4872,202504,2025-04-04,kelapa gading,30,45,28,13,19,9,45,PM25,GOOD
4873,202504,2025-04-05,kelapa gading,49,65,31,17,16,9,65,PM25,MEDIUM
4874,202504,2025-04-06,kelapa gading,47,63,29,21,16,16,63,PM25,MEDIUM
4875,202504,2025-04-07,kelapa gading,42,57,29,21,17,12,57,PM25,MEDIUM
4876,202504,2025-04-08,kelapa gading,50,62,31,15,19,9,62,PM25,MEDIUM
4877,202504,2025-04-09,kelapa gading,56,77,31,15,18,8,77,PM25,MEDIUM
4878,202504,2025-04-10,kelapa gading,61,84,31,16,19,12,84,PM25,MEDIUM
4879,202504,2025-04-11,kelapa gading,59,85,32,23,21,10,85,PM25,MEDIUM
4880,202504,2025-04-12,kelapa gading,64,84,33,24,16,14,84,PM25,MEDIUM
4881,202504,2025-04-13,kelapa gading,51,74,30,22,20,6,74,PM25,MEDIUM
4882,202504,2025-04-14,kelapa gading,30,32,29,14,12,12,32,PM25,GOOD
4883,202504,2025-04-15,kelapa gading,48,62,34,16,12,10,62,PM25,MEDIUM
4884,202504,2025-04-16,kelapa gading,52,72,33,18,20,17,72,PM25,MEDIUM
4885,202504,2025-04-17,kelapa gading,53,72,31,21,17,8,72,PM25,MEDIUM
4886,202504,2025-04-18,kelapa gading,58,73,30,21,14,33,73,PM25,MEDIUM
4887,202504,2025-04-19,kelapa gading,56,73,32,19,17,42,73,PM25,MEDIUM
4888,202504,2025-04-20,kelapa gading,41,57,32,15,21,31,57,PM25,MEDIUM
4889,202504,2025-04-21,kelapa gading,44,61,32,15,14,33,61,PM25,MEDIUM
4890,202504,2025-04-22,kelapa gading,53,78,34,21,21,35,78,PM25,MEDIUM
4891,202504,2025-04-23,kelapa gading,62,81,34,25,13,47,81,PM25,MEDIUM
4892,202504,2025-04-24,kelapa gading,24,50,30,13,14,38,50,PM25,GOOD
4893,202504,2025-04-25,kelapa gading,53,77,34,22,19,42,77,PM25,MEDIUM
4894,202504,2025-04-26,kelapa gading,53,77,35,18,20,33,77,PM25,MEDIUM
4895,202504,2025-04-27,kelapa gading,56,89,31,17,22,31,89,PM25,MEDIUM
4896,202504,2025-04-28,kelapa gading,-,-,31,16,19,34,34,NO2,GOOD
4897,202504,2025-04-29,kelapa gading,57,83,34,17,20,7,83,PM25,MEDIUM
4898,202504,2025-04-30,kelapa gading,60,84,35,16,23,-,84,PM25,MEDIUM
4899,202505,2025-05-01,kelapa gading,60,88,35,16,25,5,88,PM25,MEDIUM
4900,202505,2025-05-02,kelapa gading,60,87,34,16,24,5,87,PM25,MEDIUM
4901,202505,2025-05-03,kelapa gading,62,89,38,17,21,8,89,PM25,MEDIUM
4902,202505,2025-05-04,kelapa gading,61,82,34,20,17,6,82,PM25,MEDIUM
4903,202505,2025-05-05,kelapa gading,66,97,38,22,16,12,97,PM25,MEDIUM
4904,202505,2025-05-06,kelapa gading,55,87,33,20,18,-,87,PM25,MEDIUM
4905,202505,2025-05-07,kelapa gading,64,91,34,27,18,20,91,PM25,MEDIUM
4906,202505,2025-05-08,kelapa gading,71,105,35,26,17,15,105,PM25,UNHEALTHY
4907,202505,2025-05-09,kelapa gading,57,83,33,19,22,9,83,PM25,MEDIUM
4908,202505,2025-05-10,kelapa gading,67,103,36,19,22,9,103,PM25,UNHEALTHY
4909,202505,2025-05-11,kelapa gading,69,93,36,24,24,9,93,PM25,MEDIUM
4910,202505,2025-05-12,kelapa gading,44,63,34,18,14,15,63,PM25,MEDIUM
4911,202505,2025-05-13,kelapa gading,44,64,34,17,18,13,64,PM25,MEDIUM
4912,202505,2025-05-14,kelapa gading,57,79,35,19,22,12,79,PM25,MEDIUM
4913,202505,2025-05-15,kelapa gading,60,81,36,22,23,13,81,PM25,MEDIUM
4914,202505,2025-05-16,kelapa gading,58,81,36,20,22,8,81,PM25,MEDIUM
4915,202505,2025-05-17,kelapa gading,66,92,40,21,21,24,92,PM25,MEDIUM
4916,202505,2025-05-18,kelapa gading,63,85,36,29,19,31,85,PM25,MEDIUM
4917,202505,2025-05-19,kelapa gading,69,97,44,19,22,18,97,PM25,MEDIUM
4918,202505,2025-05-20,kelapa gading,70,92,41,23,17,31,92,PM25,MEDIUM
4919,202505,2025-05-21,kelapa gading,66,88,40,17,17,9,88,PM25,MEDIUM
4920,202505,2025-05-22,kelapa gading,60,78,34,19,14,18,78,PM25,MEDIUM
4921,202505,2025-05-23,kelapa gading,48,62,35,17,13,14,62,PM25,MEDIUM
4922,202505,2025-05-24,kelapa gading,39,56,34,21,14,25,56,PM25,MEDIUM
4923,202505,2025-05-25,kelapa gading,56,79,34,23,13,23,79,PM25,MEDIUM
4924,202505,2025-05-26,kelapa gading,54,67,33,23,11,23,67,PM25,MEDIUM
4925,202505,2025-05-27,kelapa gading,37,54,32,16,13,15,54,PM25,MEDIUM
4926,202505,2025-05-28,kelapa gading,60,87,37,21,20,24,87,PM25,MEDIUM
4927,202505,2025-05-29,kelapa gading,75,101,39,17,25,8,101,PM25,UNHEALTHY
4928,202505,2025-05-30,kelapa gading,56,77,35,16,20,11,77,PM25,MEDIUM
4929,202505,2025-05-31,kelapa gading,72,101,36,19,22,7,101,PM25,UNHEALTHY
4930,202506,2025-06-01,kelapa gading,68,88,37,19,18,11,88,PM25,MEDIUM
4931,202506,2025-06-02,kelapa gading,78,105,38,20,19,14,105,PM25,UNHEALTHY
4932,202506,2025-06-03,kelapa gading,57,78,35,15,20,12,78,PM25,MEDIUM
4933,202506,2025-06-04,kelapa gading,77,109,36,22,22,10,109,PM25,UNHEALTHY
4934,202506,2025-06-05,kelapa gading,86,129,37,25,23,13,129,PM25,UNHEALTHY
4935,202506,2025-06-06,kelapa gading,66,87,37,16,23,8,87,PM25,MEDIUM
4936,202506,2025-06-07,kelapa gading,84,129,37,24,23,10,129,PM25,UNHEALTHY
4937,202506,2025-06-08,kelapa gading,68,99,36,19,27,9,99,PM25,MEDIUM
4938,202506,2025-06-09,kelapa gading,70,97,39,18,22,10,97,PM25,MEDIUM
4939,202506,2025-06-10,kelapa gading,65,87,38,15,19,9,87,PM25,MEDIUM
4940,202506,2025-06-11,kelapa gading,64,86,37,19,19,13,86,PM25,MEDIUM
4941,202506,2025-06-12,kelapa gading,66,93,39,16,18,13,93,PM25,MEDIUM
4942,202506,2025-06-13,kelapa gading,79,115,41,17,19,9,115,PM25,UNHEALTHY
4943,202506,2025-06-14,kelapa gading,69,106,37,17,18,8,106,PM25,UNHEALTHY
4944,202506,2025-06-15,kelapa gading,60,72,43,18,12,21,72,PM25,MEDIUM
4945,202506,2025-06-16,kelapa gading,60,86,37,15,20,12,86,PM25,MEDIUM
4946,202506,2025-06-17,kelapa gading,51,73,41,16,19,14,73,PM25,MEDIUM
4947,202506,2025-06-18,kelapa gading,35,57,34,17,16,7,57,PM25,MEDIUM
4948,202506,2025-06-19,kelapa gading,52,70,36,26,10,31,70,PM25,MEDIUM
4949,202506,2025-06-20,kelapa gading,71,95,49,21,13,20,95,PM25,MEDIUM
4950,202506,2025-06-21,kelapa gading,43,64,36,15,20,7,64,PM25,MEDIUM
4951,202506,2025-06-22,kelapa gading,71,104,40,27,18,16,104,PM25,UNHEALTHY
4952,202506,2025-06-23,kelapa gading,53,74,34,12,24,12,74,PM25,MEDIUM
4953,202506,2025-06-24,kelapa gading,72,103,41,16,20,9,103,PM25,UNHEALTHY
4954,202506,2025-06-25,kelapa gading,76,113,38,23,28,13,113,PM25,UNHEALTHY
4955,202506,2025-06-26,kelapa gading,87,120,47,24,20,16,120,PM25,UNHEALTHY
4956,202506,2025-06-27,kelapa gading,68,91,37,16,25,8,91,PM25,MEDIUM
4957,202506,2025-06-28,kelapa gading,72,107,37,18,28,7,107,PM25,UNHEALTHY
4958,202506,2025-06-29,kelapa gading,58,78,35,25,12,-,78,PM25,MEDIUM
4959,202506,2025-06-30,kelapa gading,68,99,39,23,15,10,99,PM25,MEDIUM
4960,202507,2025-07-01,kelapa gading,37,51,36,13,17,13,51,PM25,MEDIUM
4961,202507,2025-07-02,kelapa gading,54,74,44,19,17,13,74,PM25,MEDIUM
4962,202507,2025-07-03,kelapa gading,55,75,36,20,17,9,75,PM25,MEDIUM
4963,202507,2025-07-04,kelapa gading,57,78,42,20,18,19,78,PM25,MEDIUM
4964,202507,2025-07-05,kelapa gading,59,83,38,20,21,12,83,PM25,MEDIUM
4965,202507,2025-07-06,kelapa gading,49,61,39,14,25,10,61,PM25,MEDIUM
4966,202507,2025-07-07,kelapa gading,44,-,39,20,16,25,44,PM10,GOOD
4967,202507,2025-07-08,kelapa gading,43,60,37,15,18,10,60,PM25,MEDIUM
4968,202507,2025-07-09,kelapa gading,54,74,35,19,19,9,74,PM25,MEDIUM
4969,202507,2025-07-10,kelapa gading,63,86,39,19,23,8,86,PM25,MEDIUM
4970,202507,2025-07-11,kelapa gading,64,92,43,15,26,7,92,PM25,MEDIUM
4971,202507,2025-07-12,kelapa gading,79,116,45,18,29,8,116,PM25,UNHEALTHY
4972,202507,2025-07-13,kelapa gading,74,104,46,17,26,8,104,PM25,UNHEALTHY
4973,202507,2025-07-14,kelapa gading,55,76,39,18,28,11,76,PM25,MEDIUM
4974,202507,2025-07-15,kelapa gading,70,96,37,23,21,11,96,PM25,MEDIUM
4975,202507,2025-07-16,kelapa gading,81,121,46,22,28,9,121,PM25,UNHEALTHY
4976,202507,2025-07-17,kelapa gading,60,81,36,21,27,16,81,PM25,MEDIUM
4977,202507,2025-07-18,kelapa gading,71,100,39,18,27,16,100,PM25,MEDIUM
4978,202507,2025-07-19,kelapa gading,61,89,38,18,27,12,89,PM25,MEDIUM
4979,202507,2025-07-20,kelapa gading,71,101,40,18,30,12,101,PM25,UNHEALTHY
4980,202507,2025-07-21,kelapa gading,66,94,37,16,28,13,94,PM25,MEDIUM
4981,202507,2025-07-22,kelapa gading,69,97,41,15,24,12,97,PM25,MEDIUM
4982,202507,2025-07-23,kelapa gading,74,108,45,17,26,9,108,PM25,UNHEALTHY
4983,202507,2025-07-24,kelapa gading,79,117,47,18,26,9,117,PM25,UNHEALTHY
4984,202507,2025-07-25,kelapa gading,76,111,46,16,26,9,111,PM25,UNHEALTHY
4985,202507,2025-07-26,kelapa gading,-,101,45,15,26,11,101,PM25,UNHEALTHY
4986,202507,2025-07-27,kelapa gading,-,107,41,15,29,12,107,PM25,UNHEALTHY
4987,202507,2025-07-28,kelapa gading,-,92,38,18,25,9,92,PM25,MEDIUM
4988,202507,2025-07-29,kelapa gading,-,94,38,26,18,22,94,PM25,MEDIUM
4989,202507,2025-07-30,kelapa gading,-,67,38,13,22,14,67,PM25,MEDIUM
4990,202507,2025-07-31,kelapa gading,-,73,41,14,22,16,73,PM25,MEDIUM
4991,202508,2025-08-01,kelapa gading,-,76,44,14,23,14,76,PM25,MEDIUM
4992,202508,2025-08-02,kelapa gading,-,92,50,16,20,17,92,PM25,MEDIUM
4993,202508,2025-08-03,kelapa gading,-,87,43,15,24,13,87,PM25,MEDIUM
4994,202508,2025-08-04,kelapa gading,-,73,40,18,21,10,73,PM25,MEDIUM
4995,202508,2025-08-05,kelapa gading,-,92,42,27,16,23,92,PM25,MEDIUM
4996,202508,2025-08-06,kelapa gading,-,88,45,18,19,16,88,PM25,MEDIUM
4997,202508,2025-08-07,kelapa gading,-,93,43,16,21,16,93,PM25,MEDIUM
4998,202508,2025-08-08,kelapa gading,-,73,37,15,22,14,73,PM25,MEDIUM
4999,202508,2025-08-09,kelapa gading,-,90,44,15,21,17,90,PM25,MEDIUM
5000,202508,2025-08-10,kelapa gading,-,84,41,22,21,16,84,PM25,MEDIUM
5001,202508,2025-08-11,kelapa gading,-,89,41,17,24,12,89,PM25,MEDIUM
5002,202508,2025-08-12,kelapa gading,-,104,50,25,19,17,104,PM25,UNHEALTHY
5003,202508,2025-08-13,kelapa gading,-,89,41,33,14,29,89,PM25,MEDIUM
5004,202508,2025-08-14,kelapa gading,-,87,42,19,17,15,87,PM25,MEDIUM
5005,202508,2025-08-15,kelapa gading,-,89,46,22,21,20,89,PM25,MEDIUM
5006,202508,2025-08-16,kelapa gading,-,99,42,18,23,14,99,PM25,MEDIUM
5007,202508,2025-08-17,kelapa gading,-,99,43,15,27,14,99,PM25,MEDIUM
5008,202508,2025-08-18,kelapa gading,-,79,45,13,23,15,79,PM25,MEDIUM
5009,202508,2025-08-19,kelapa gading,-,65,38,17,12,21,65,PM25,MEDIUM
5010,202508,2025-08-20,kelapa gading,-,97,44,22,19,11,97,PM25,MEDIUM
5011,202508,2025-08-21,kelapa gading,-,86,52,26,18,35,86,PM25,MEDIUM
5012,202508,2025-08-22,kelapa gading,-,88,45,17,29,13,88,PM25,MEDIUM
5013,202508,2025-08-23,kelapa gading,-,93,50,16,24,16,93,PM25,MEDIUM
5014,202508,2025-08-24,kelapa gading,-,76,47,14,19,19,76,PM25,MEDIUM
5015,202508,2025-08-25,kelapa gading,-,111,50,21,20,13,111,PM25,UNHEALTHY
5016,202508,2025-08-26,kelapa gading,-,100,50,22,26,18,100,PM25,MEDIUM
5017,202508,2025-08-27,kelapa gading,-,96,43,17,24,20,96,PM25,MEDIUM
5018,202508,2025-08-28,kelapa gading,-,66,40,15,26,13,66,PM25,MEDIUM
5019,202508,2025-08-29,kelapa gading,-,67,38,16,28,14,67,PM25,MEDIUM
5020,202508,2025-08-30,kelapa gading,-,66,41,15,22,16,66,PM25,MEDIUM
5021,202508,2025-08-31,kelapa gading,-,72,45,16,21,16,72,PM25,MEDIUM
5022,202509,2025-09-01,kelapa gading,-,84,44,14,24,15,84,PM25,MEDIUM
5023,202509,2025-09-02,kelapa gading,-,85,43,13,25,16,85,PM25,MEDIUM
5024,202509,2025-09-03,kelapa gading,-,79,49,13,20,17,79,PM25,MEDIUM
5025,202509,2025-09-04,kelapa gading,-,67,47,13,20,16,67,PM25,MEDIUM
5026,202509,2025-09-05,kelapa gading,-,85,46,15,21,14,85,PM25,MEDIUM
5027,202509,2025-09-06,kelapa gading,-,87,43,17,27,12,87,PM25,MEDIUM
5028,202509,2025-09-07,kelapa gading,-,77,39,16,31,14,77,PM25,MEDIUM
5029,202509,2025-09-08,kelapa gading,-,87,40,19,25,19,87,PM25,MEDIUM
5030,202509,2025-09-09,kelapa gading,-,80,39,17,19,13,80,PM25,MEDIUM
5031,202509,2025-09-10,kelapa gading,-,89,42,24,16,25,89,PM25,MEDIUM
5032,202509,2025-09-11,kelapa gading,-,71,41,17,15,17,71,PM25,MEDIUM
5033,202509,2025-09-12,kelapa gading,-,72,38,17,19,14,72,PM25,MEDIUM
5034,202509,2025-09-13,kelapa gading,-,67,39,21,20,22,67,PM25,MEDIUM
5035,202509,2025-09-14,kelapa gading,-,95,47,19,24,13,95,PM25,MEDIUM
5036,202509,2025-09-15,kelapa gading,-,79,40,14,32,15,79,PM25,MEDIUM
5037,202509,2025-09-16,kelapa gading,-,89,40,17,29,12,89,PM25,MEDIUM
5038,202509,2025-09-17,kelapa gading,-,123,47,28,23,18,123,PM25,UNHEALTHY
5039,202509,2025-09-18,kelapa gading,-,70,46,18,13,14,70,PM25,MEDIUM
5040,202509,2025-09-19,kelapa gading,-,101,49,22,17,18,101,PM25,UNHEALTHY
5041,202509,2025-09-20,kelapa gading,-,92,43,18,16,17,92,PM25,MEDIUM
5042,202509,2025-09-21,kelapa gading,-,82,45,16,14,20,82,PM25,MEDIUM
5043,202509,2025-09-22,kelapa gading,-,-,43,20,18,24,43,SO2,GOOD
5044,202509,2025-09-23,kelapa gading,-,73,49,18,21,19,73,PM25,MEDIUM
5045,202509,2025-09-24,kelapa gading,-,92,43,18,30,14,92,PM25,MEDIUM
5046,202509,2025-09-25,kelapa gading,-,115,51,19,25,11,115,PM25,UNHEALTHY
5047,202509,2025-09-26,kelapa gading,-,86,46,16,27,13,86,PM25,MEDIUM
5048,202509,2025-09-27,kelapa gading,-,84,51,17,22,13,84,PM25,MEDIUM
5049,202509,2025-09-28,kelapa gading,-,72,43,13,19,18,72,PM25,MEDIUM
5050,202509,2025-09-29,kelapa gading,-,79,44,17,20,14,79,PM25,MEDIUM
5051,202509,2025-09-30,kelapa gading,-,91,47,31,9,33,91,PM25,MEDIUM
5052,202301,2023-01-01,komp angkasa pura jakarta pusat,0,18,0,0,0,0,18,PM25,GOOD
5053,202301,2023-01-02,komp angkasa pura jakarta pusat,0,13,0,0,0,0,13,PM25,GOOD
5054,202301,2023-01-03,komp angkasa pura jakarta pusat,0,11,0,0,0,0,11,PM25,GOOD
5055,202301,2023-01-04,komp angkasa pura jakarta pusat,0,22,0,0,0,0,22,PM25,GOOD
5056,202301,2023-01-05,komp angkasa pura jakarta pusat,0,19,0,0,0,0,19,PM25,GOOD
5057,202301,2023-01-06,komp angkasa pura jakarta pusat,0,11,0,0,0,0,11,PM25,GOOD
5058,202301,2023-01-07,komp angkasa pura jakarta pusat,0,10,0,0,0,0,10,PM25,GOOD
5059,202301,2023-01-08,komp angkasa pura jakarta pusat,0,12,0,0,0,0,12,PM25,GOOD
5060,202301,2023-01-09,komp angkasa pura jakarta pusat,0,12,0,0,0,0,12,PM25,GOOD
5061,202301,2023-01-10,komp angkasa pura jakarta pusat,31,11,31,0,0,0,31,PM10,GOOD
5062,202301,2023-01-11,komp angkasa pura jakarta pusat,42,23,42,0,0,0,42,PM10,GOOD
5063,202301,2023-01-12,komp angkasa pura jakarta pusat,56,27,55,0,0,0,56,PM10,MEDIUM
5064,202301,2023-01-13,komp angkasa pura jakarta pusat,62,38,62,0,0,0,62,PM10,MEDIUM
5065,202301,2023-01-14,komp angkasa pura jakarta pusat,50,26,50,0,0,0,50,PM10,GOOD
5066,202301,2023-01-15,komp angkasa pura jakarta pusat,50,14,50,0,0,0,50,PM10,GOOD
5067,202301,2023-01-16,komp angkasa pura jakarta pusat,53,14,47,0,0,0,53,PM10,MEDIUM
5068,202301,2023-01-17,komp angkasa pura jakarta pusat,68,22,66,0,0,0,68,PM10,MEDIUM
5069,202301,2023-01-18,komp angkasa pura jakarta pusat,68,36,69,0,0,0,69,SO2,MEDIUM
5070,202301,2023-01-19,komp angkasa pura jakarta pusat,42,23,34,0,0,0,42,PM10,GOOD
5071,202301,2023-01-20,komp angkasa pura jakarta pusat,48,16,52,0,0,0,52,SO2,MEDIUM
5072,202301,2023-01-21,komp angkasa pura jakarta pusat,61,17,61,0,0,0,61,PM10,MEDIUM
5073,202301,2023-01-22,komp angkasa pura jakarta pusat,61,10,61,0,0,0,61,PM10,MEDIUM
5074,202301,2023-01-23,komp angkasa pura jakarta pusat,61,10,61,0,0,0,61,PM10,MEDIUM
5075,202301,2023-01-24,komp angkasa pura jakarta pusat,61,13,61,0,0,0,61,PM10,MEDIUM
5076,202301,2023-01-25,komp angkasa pura jakarta pusat,58,16,57,0,0,0,58,PM10,MEDIUM
5077,202301,2023-01-26,komp angkasa pura jakarta pusat,54,19,54,0,0,0,54,PM10,MEDIUM
5078,202301,2023-01-27,komp angkasa pura jakarta pusat,49,20,48,0,0,0,49,PM10,GOOD
5079,202301,2023-01-28,komp angkasa pura jakarta pusat,36,28,26,0,0,0,36,PM10,GOOD
5080,202301,2023-01-29,komp angkasa pura jakarta pusat,33,23,33,0,0,0,33,PM10,GOOD
5081,202301,2023-01-30,komp angkasa pura jakarta pusat,33,24,33,0,0,0,33,PM10,GOOD
5082,202301,2023-01-31,komp angkasa pura jakarta pusat,33,31,33,0,0,0,33,PM10,GOOD
5083,202302,2023-02-01,komp angkasa pura jakarta pusat,45,22,46,0,0,0,46,SO2,GOOD
5084,202302,2023-02-02,komp angkasa pura jakarta pusat,35,20,40,0,0,0,40,SO2,GOOD
5085,202302,2023-02-03,komp angkasa pura jakarta pusat,3,20,3,0,0,0,20,PM25,GOOD
5086,202302,2023-02-04,komp angkasa pura jakarta pusat,3,28,3,0,0,0,28,PM25,GOOD
5087,202302,2023-02-05,komp angkasa pura jakarta pusat,3,19,3,0,0,0,19,PM25,GOOD
5088,202302,2023-02-06,komp angkasa pura jakarta pusat,3,19,3,0,0,0,19,PM25,GOOD
5089,202302,2023-02-07,komp angkasa pura jakarta pusat,3,16,3,0,0,0,16,PM25,GOOD
5090,202302,2023-02-08,komp angkasa pura jakarta pusat,3,16,3,0,0,0,16,PM25,GOOD
5091,202302,2023-02-09,komp angkasa pura jakarta pusat,3,11,0,0,0,0,11,PM25,GOOD
5092,202302,2023-02-10,komp angkasa pura jakarta pusat,0,12,0,0,0,0,12,PM25,GOOD
5093,202302,2023-02-11,komp angkasa pura jakarta pusat,0,10,0,0,0,0,10,PM25,GOOD
5094,202302,2023-02-12,komp angkasa pura jakarta pusat,0,10,0,0,0,0,10,PM25,GOOD
5095,202302,2023-02-13,komp angkasa pura jakarta pusat,45,13,45,0,0,0,45,PM10,GOOD
5096,202302,2023-02-14,komp angkasa pura jakarta pusat,32,10,31,0,0,0,32,PM10,GOOD
5097,202302,2023-02-15,komp angkasa pura jakarta pusat,46,12,47,0,0,0,47,SO2,GOOD
5098,202302,2023-02-16,komp angkasa pura jakarta pusat,48,17,48,0,0,0,48,PM10,GOOD
5099,202302,2023-02-17,komp angkasa pura jakarta pusat,41,19,42,0,0,0,42,SO2,GOOD
5100,202302,2023-02-18,komp angkasa pura jakarta pusat,50,32,53,0,0,0,53,SO2,MEDIUM
5101,202302,2023-02-19,komp angkasa pura jakarta pusat,76,36,71,0,0,0,76,PM10,MEDIUM
5102,202302,2023-02-20,komp angkasa pura jakarta pusat,36,15,39,0,0,0,39,SO2,GOOD
5103,202302,2023-02-21,komp angkasa pura jakarta pusat,34,14,34,0,0,0,34,PM10,GOOD
5104,202302,2023-02-22,komp angkasa pura jakarta pusat,36,16,36,0,0,0,36,PM10,GOOD
5105,202302,2023-02-23,komp angkasa pura jakarta pusat,37,15,40,0,0,0,40,SO2,GOOD
5106,202302,2023-02-24,komp angkasa pura jakarta pusat,0,20,15,0,0,0,20,PM25,GOOD
5107,202302,2023-02-25,komp angkasa pura jakarta pusat,0,19,15,0,0,0,19,PM25,GOOD
5108,202302,2023-02-26,komp angkasa pura jakarta pusat,0,15,15,0,0,0,15,PM25,GOOD
5109,202302,2023-02-27,komp angkasa pura jakarta pusat,15,21,15,0,0,0,21,PM25,GOOD
5110,202302,2023-02-28,komp angkasa pura jakarta pusat,15,17,15,0,0,0,17,PM25,GOOD
5111,202303,2023-03-01,komp angkasa pura jakarta pusat,0,18,0,0,0,0,18,PM25,GOOD
5112,202303,2023-03-02,komp angkasa pura jakarta pusat,0,17,0,0,0,0,17,PM25,GOOD
5113,202303,2023-03-03,komp angkasa pura jakarta pusat,0,18,0,0,0,0,18,PM25,GOOD
5114,202303,2023-03-04,komp angkasa pura jakarta pusat,0,13,0,0,0,0,13,PM25,GOOD
5115,202303,2023-03-05,komp angkasa pura jakarta pusat,0,19,0,0,0,0,19,PM25,GOOD
5116,202303,2023-03-06,komp angkasa pura jakarta pusat,0,14,0,0,0,0,14,PM25,GOOD
5117,202303,2023-03-07,komp angkasa pura jakarta pusat,0,19,0,0,0,0,19,PM25,GOOD
5118,202303,2023-03-08,komp angkasa pura jakarta pusat,0,26,0,0,0,0,26,PM25,GOOD
5119,202303,2023-03-09,komp angkasa pura jakarta pusat,0,19,0,0,0,0,19,PM25,GOOD
5120,202303,2023-03-10,komp angkasa pura jakarta pusat,0,33,0,0,0,0,33,PM25,GOOD
5121,202303,2023-03-11,komp angkasa pura jakarta pusat,0,36,0,0,0,0,36,PM25,GOOD
5122,202303,2023-03-12,komp angkasa pura jakarta pusat,0,51,0,0,0,0,51,PM25,MEDIUM
5123,202303,2023-03-13,komp angkasa pura jakarta pusat,0,36,0,0,0,0,36,PM25,GOOD
5124,202303,2023-03-14,komp angkasa pura jakarta pusat,0,23,0,0,0,0,23,PM25,GOOD
5125,202303,2023-03-15,komp angkasa pura jakarta pusat,0,30,0,0,0,0,30,PM25,GOOD
5126,202303,2023-03-16,komp angkasa pura jakarta pusat,0,49,0,0,0,0,49,PM25,GOOD
5127,202303,2023-03-17,komp angkasa pura jakarta pusat,0,30,0,0,0,0,30,PM25,GOOD
5128,202303,2023-03-18,komp angkasa pura jakarta pusat,0,27,0,0,0,0,27,PM25,GOOD
5129,202303,2023-03-19,komp angkasa pura jakarta pusat,0,40,0,0,0,0,40,PM25,GOOD
5130,202303,2023-03-20,komp angkasa pura jakarta pusat,0,45,0,0,0,0,45,PM25,GOOD
5131,202303,2023-03-21,komp angkasa pura jakarta pusat,0,32,0,0,0,0,32,PM25,GOOD
5132,202303,2023-03-22,komp angkasa pura jakarta pusat,0,25,0,0,0,0,25,PM25,GOOD
5133,202303,2023-03-23,komp angkasa pura jakarta pusat,0,17,0,0,0,0,17,PM25,GOOD
5134,202303,2023-03-24,komp angkasa pura jakarta pusat,0,36,0,0,0,0,36,PM25,GOOD
5135,202303,2023-03-25,komp angkasa pura jakarta pusat,0,31,0,0,0,0,31,PM25,GOOD
5136,202303,2023-03-26,komp angkasa pura jakarta pusat,0,25,0,0,0,0,25,PM25,GOOD
5137,202303,2023-03-27,komp angkasa pura jakarta pusat,0,24,0,0,0,0,24,PM25,GOOD
5138,202303,2023-03-28,komp angkasa pura jakarta pusat,0,37,0,0,0,0,37,PM25,GOOD
5139,202303,2023-03-29,komp angkasa pura jakarta pusat,0,39,0,0,0,0,39,PM25,GOOD
5140,202303,2023-03-30,komp angkasa pura jakarta pusat,0,32,0,0,0,0,32,PM25,GOOD
5141,202303,2023-03-31,komp angkasa pura jakarta pusat,0,17,0,0,0,0,17,PM25,GOOD
5142,202304,2023-04-01,komp angkasa pura jakarta pusat,0,10,0,0,0,0,10,PM25,GOOD
5143,202304,2023-04-02,komp angkasa pura jakarta pusat,0,20,0,0,0,0,20,PM25,GOOD
5144,202304,2023-04-03,komp angkasa pura jakarta pusat,0,35,0,0,0,0,35,PM25,GOOD
5145,202304,2023-04-04,komp angkasa pura jakarta pusat,0,20,0,0,0,0,20,PM25,GOOD
5146,202304,2023-04-05,komp angkasa pura jakarta pusat,0,28,0,0,0,0,28,PM25,GOOD
5147,202304,2023-04-06,komp angkasa pura jakarta pusat,46,19,66,0,0,0,66,SO2,MEDIUM
5148,202304,2023-04-07,komp angkasa pura jakarta pusat,38,32,37,0,0,0,38,PM10,GOOD
5149,202304,2023-04-08,komp angkasa pura jakarta pusat,38,41,38,0,0,0,41,PM25,GOOD
5150,202304,2023-04-09,komp angkasa pura jakarta pusat,38,35,38,0,0,0,38,PM10,GOOD
5151,202304,2023-04-10,komp angkasa pura jakarta pusat,38,9,38,0,0,0,38,PM10,GOOD
5152,202304,2023-04-11,komp angkasa pura jakarta pusat,34,8,34,0,0,0,34,PM10,GOOD
5153,202304,2023-04-12,komp angkasa pura jakarta pusat,30,9,30,0,0,0,30,PM10,GOOD
5154,202304,2023-04-13,komp angkasa pura jakarta pusat,30,13,30,0,0,0,30,PM10,GOOD
5155,202304,2023-04-14,komp angkasa pura jakarta pusat,30,24,30,0,0,0,30,PM10,GOOD
5156,202304,2023-04-15,komp angkasa pura jakarta pusat,30,29,30,0,0,0,30,PM10,GOOD
5157,202304,2023-04-16,komp angkasa pura jakarta pusat,30,19,30,0,0,0,30,PM10,GOOD
5158,202304,2023-04-17,komp angkasa pura jakarta pusat,0,17,30,0,0,0,30,SO2,GOOD
5159,202304,2023-04-18,komp angkasa pura jakarta pusat,45,36,43,0,0,0,45,PM10,GOOD
5160,202304,2023-04-19,komp angkasa pura jakarta pusat,49,34,49,0,0,0,49,PM10,GOOD
5161,202304,2023-04-20,komp angkasa pura jakarta pusat,49,33,49,0,0,0,49,PM10,GOOD
5162,202304,2023-04-21,komp angkasa pura jakarta pusat,49,30,49,0,0,0,49,PM10,GOOD
5163,202304,2023-04-22,komp angkasa pura jakarta pusat,49,32,49,0,0,0,49,PM10,GOOD
5164,202304,2023-04-23,komp angkasa pura jakarta pusat,49,32,49,0,0,0,49,PM10,GOOD
5165,202304,2023-04-24,komp angkasa pura jakarta pusat,0,37,49,0,0,0,49,SO2,GOOD
5166,202304,2023-04-25,komp angkasa pura jakarta pusat,0,17,0,0,0,0,17,PM25,GOOD
5167,202304,2023-04-26,komp angkasa pura jakarta pusat,0,26,0,0,0,0,26,PM25,GOOD
5168,202304,2023-04-27,komp angkasa pura jakarta pusat,0,29,0,0,0,0,29,PM25,GOOD
5169,202304,2023-04-28,komp angkasa pura jakarta pusat,0,21,0,0,0,0,21,PM25,GOOD
5170,202304,2023-04-29,komp angkasa pura jakarta pusat,0,45,0,0,0,0,45,PM25,GOOD
5171,202304,2023-04-30,komp angkasa pura jakarta pusat,0,28,0,0,0,0,28,PM25,GOOD
5172,202305,2023-05-01,komp angkasa pura jakarta pusat,0,33,0,0,0,0,33,PM25,GOOD
5173,202305,2023-05-02,komp angkasa pura jakarta pusat,0,59,0,0,0,0,59,PM25,MEDIUM
5174,202305,2023-05-03,komp angkasa pura jakarta pusat,0,28,0,0,0,0,28,PM25,GOOD
5175,202305,2023-05-04,komp angkasa pura jakarta pusat,0,20,0,0,0,0,20,PM25,GOOD
5176,202305,2023-05-05,komp angkasa pura jakarta pusat,0,35,0,0,0,0,35,PM25,GOOD
5177,202305,2023-05-06,komp angkasa pura jakarta pusat,0,31,0,0,0,0,31,PM25,GOOD
5178,202305,2023-05-07,komp angkasa pura jakarta pusat,0,43,0,0,0,0,43,PM25,GOOD
5179,202305,2023-05-08,komp angkasa pura jakarta pusat,0,26,0,0,0,0,26,PM25,GOOD
5180,202305,2023-05-09,komp angkasa pura jakarta pusat,0,43,0,0,0,0,43,PM25,GOOD
5181,202305,2023-05-10,komp angkasa pura jakarta pusat,0,50,0,0,0,0,50,PM25,GOOD
5182,202305,2023-05-11,komp angkasa pura jakarta pusat,0,36,0,0,0,0,36,PM25,GOOD
5183,202305,2023-05-12,komp angkasa pura jakarta pusat,0,14,0,0,0,0,14,PM25,GOOD
5184,202305,2023-05-13,komp angkasa pura jakarta pusat,0,33,0,0,0,0,33,PM25,GOOD
5185,202305,2023-05-14,komp angkasa pura jakarta pusat,0,29,0,0,0,0,29,PM25,GOOD
5186,202305,2023-05-15,komp angkasa pura jakarta pusat,0,40,0,0,0,0,40,PM25,GOOD
5187,202305,2023-05-16,komp angkasa pura jakarta pusat,0,37,0,0,0,0,37,PM25,GOOD
5188,202305,2023-05-17,komp angkasa pura jakarta pusat,0,48,0,0,0,0,48,PM25,GOOD
5189,202305,2023-05-18,komp angkasa pura jakarta pusat,0,54,0,0,0,0,54,PM25,MEDIUM
5190,202305,2023-05-19,komp angkasa pura jakarta pusat,0,55,0,0,0,0,55,PM25,MEDIUM
5191,202305,2023-05-20,komp angkasa pura jakarta pusat,0,47,0,0,0,0,47,PM25,GOOD
5192,202305,2023-05-21,komp angkasa pura jakarta pusat,0,58,0,0,0,0,58,PM25,MEDIUM
5193,202305,2023-05-22,komp angkasa pura jakarta pusat,0,57,0,0,0,0,57,PM25,MEDIUM
5194,202305,2023-05-23,komp angkasa pura jakarta pusat,0,48,0,0,0,0,48,PM25,GOOD
5195,202305,2023-05-24,komp angkasa pura jakarta pusat,0,65,0,0,0,0,65,PM25,MEDIUM
5196,202305,2023-05-25,komp angkasa pura jakarta pusat,0,57,0,0,0,0,57,PM25,MEDIUM
5197,202305,2023-05-26,komp angkasa pura jakarta pusat,0,57,0,0,0,0,57,PM25,MEDIUM
5198,202305,2023-05-27,komp angkasa pura jakarta pusat,0,56,0,0,0,0,56,PM25,MEDIUM
5199,202305,2023-05-28,komp angkasa pura jakarta pusat,0,48,0,0,0,0,48,PM25,GOOD
5200,202305,2023-05-29,komp angkasa pura jakarta pusat,0,55,0,0,0,0,55,PM25,MEDIUM
5201,202305,2023-05-30,komp angkasa pura jakarta pusat,100,58,99,0,0,0,100,PM10,MEDIUM
5202,202305,2023-05-31,komp angkasa pura jakarta pusat,99,48,99,0,0,0,99,PM10,MEDIUM
5203,202306,2023-06-01,komp angkasa pura jakarta pusat,99,47,99,0,0,0,99,PM10,MEDIUM
5204,202306,2023-06-02,komp angkasa pura jakarta pusat,99,59,99,0,0,0,99,PM10,MEDIUM
5205,202306,2023-06-03,komp angkasa pura jakarta pusat,99,46,99,0,0,0,99,PM10,MEDIUM
5206,202306,2023-06-04,komp angkasa pura jakarta pusat,99,51,99,0,0,0,99,PM10,MEDIUM
5207,202306,2023-06-05,komp angkasa pura jakarta pusat,0,44,99,0,0,0,99,SO2,MEDIUM
5208,202306,2023-06-06,komp angkasa pura jakarta pusat,0,46,0,0,0,0,46,PM25,GOOD
5209,202306,2023-06-07,komp angkasa pura jakarta pusat,0,44,0,0,0,0,44,PM25,GOOD
5210,202306,2023-06-08,komp angkasa pura jakarta pusat,0,44,0,0,0,0,44,PM25,GOOD
5211,202306,2023-06-09,komp angkasa pura jakarta pusat,0,43,0,0,0,0,43,PM25,GOOD
5212,202306,2023-06-10,komp angkasa pura jakarta pusat,0,50,0,0,0,0,50,PM25,GOOD
5213,202306,2023-06-11,komp angkasa pura jakarta pusat,0,58,0,0,0,0,58,PM25,MEDIUM
5214,202306,2023-06-12,komp angkasa pura jakarta pusat,0,47,0,0,0,0,47,PM25,GOOD
5215,202306,2023-06-13,komp angkasa pura jakarta pusat,0,45,0,0,0,0,45,PM25,GOOD
5216,202306,2023-06-14,komp angkasa pura jakarta pusat,0,47,0,0,0,0,47,PM25,GOOD
5217,202306,2023-06-15,komp angkasa pura jakarta pusat,0,57,0,0,0,0,57,PM25,MEDIUM
5218,202306,2023-06-16,komp angkasa pura jakarta pusat,0,40,0,0,0,0,40,PM25,GOOD
5219,202306,2023-06-17,komp angkasa pura jakarta pusat,0,50,0,0,0,0,50,PM25,GOOD
5220,202306,2023-06-18,komp angkasa pura jakarta pusat,103,45,103,0,0,0,103,PM10,UNHEALTHY
5221,202306,2023-06-19,komp angkasa pura jakarta pusat,76,33,75,0,0,0,76,PM10,MEDIUM
5222,202306,2023-06-20,komp angkasa pura jakarta pusat,102,46,101,0,0,0,102,PM10,UNHEALTHY
5223,202306,2023-06-21,komp angkasa pura jakarta pusat,154,52,150,0,0,0,154,PM10,UNHEALTHY
5224,202306,2023-06-22,komp angkasa pura jakarta pusat,163,49,163,0,0,0,163,PM10,UNHEALTHY
5225,202306,2023-06-23,komp angkasa pura jakarta pusat,163,42,163,0,0,0,163,PM10,UNHEALTHY
5226,202306,2023-06-24,komp angkasa pura jakarta pusat,163,37,163,0,0,0,163,PM10,UNHEALTHY
5227,202306,2023-06-25,komp angkasa pura jakarta pusat,163,49,163,0,0,0,163,PM10,UNHEALTHY
5228,202306,2023-06-26,komp angkasa pura jakarta pusat,163,44,163,0,0,0,163,PM10,UNHEALTHY
5229,202306,2023-06-27,komp angkasa pura jakarta pusat,154,46,157,0,0,0,157,SO2,UNHEALTHY
5230,202306,2023-06-28,komp angkasa pura jakarta pusat,59,25,60,0,0,0,60,SO2,MEDIUM
5231,202306,2023-06-29,komp angkasa pura jakarta pusat,59,23,59,0,0,0,59,PM10,MEDIUM
5232,202306,2023-06-30,komp angkasa pura jakarta pusat,59,24,59,0,0,0,59,PM10,MEDIUM
5233,202307,2023-07-01,komp angkasa pura jakarta pusat,59,51,59,0,0,0,59,PM10,MEDIUM
5234,202307,2023-07-02,komp angkasa pura jakarta pusat,59,40,59,0,0,0,59,PM10,MEDIUM
5235,202307,2023-07-03,komp angkasa pura jakarta pusat,59,47,59,0,0,0,59,PM10,MEDIUM
5236,202307,2023-07-04,komp angkasa pura jakarta pusat,0,40,59,0,0,0,59,SO2,MEDIUM
5237,202307,2023-07-05,komp angkasa pura jakarta pusat,0,60,0,0,0,0,60,PM25,MEDIUM
5238,202307,2023-07-06,komp angkasa pura jakarta pusat,0,63,0,0,0,0,63,PM25,MEDIUM
5239,202307,2023-07-07,komp angkasa pura jakarta pusat,0,53,0,0,0,0,53,PM25,MEDIUM
5240,202307,2023-07-08,komp angkasa pura jakarta pusat,0,38,0,0,0,0,38,PM25,GOOD
5241,202307,2023-07-09,komp angkasa pura jakarta pusat,0,34,0,0,0,0,34,PM25,GOOD
5242,202307,2023-07-10,komp angkasa pura jakarta pusat,0,36,0,0,0,0,36,PM25,GOOD
5243,202307,2023-07-11,komp angkasa pura jakarta pusat,0,37,0,0,0,0,37,PM25,GOOD
5244,202307,2023-07-12,komp angkasa pura jakarta pusat,0,65,0,0,0,0,65,PM25,MEDIUM
5245,202307,2023-07-13,komp angkasa pura jakarta pusat,0,54,0,0,0,0,54,PM25,MEDIUM
5246,202307,2023-07-14,komp angkasa pura jakarta pusat,0,49,0,0,0,0,49,PM25,GOOD
5247,202307,2023-07-15,komp angkasa pura jakarta pusat,0,39,0,0,0,0,39,PM25,GOOD
5248,202307,2023-07-16,komp angkasa pura jakarta pusat,81,44,87,0,0,0,87,SO2,MEDIUM
5249,202307,2023-07-17,komp angkasa pura jakarta pusat,73,40,73,0,0,0,73,PM10,MEDIUM
5250,202307,2023-07-18,komp angkasa pura jakarta pusat,73,57,0,0,0,0,73,PM10,MEDIUM
5251,202307,2023-07-19,komp angkasa pura jakarta pusat,73,47,0,0,0,0,73,PM10,MEDIUM
5252,202307,2023-07-20,komp angkasa pura jakarta pusat,73,39,0,0,0,0,73,PM10,MEDIUM
5253,202307,2023-07-21,komp angkasa pura jakarta pusat,73,55,0,0,0,0,73,PM10,MEDIUM
5254,202307,2023-07-22,komp angkasa pura jakarta pusat,0,62,0,0,0,0,62,PM25,MEDIUM
5255,202307,2023-07-23,komp angkasa pura jakarta pusat,0,48,0,0,0,0,48,PM25,GOOD
5256,202307,2023-07-24,komp angkasa pura jakarta pusat,0,38,0,0,0,0,38,PM25,GOOD
5257,202307,2023-07-25,komp angkasa pura jakarta pusat,0,66,0,0,0,0,66,PM25,MEDIUM
5258,202307,2023-07-26,komp angkasa pura jakarta pusat,0,46,0,0,0,0,46,PM25,GOOD
5259,202307,2023-07-27,komp angkasa pura jakarta pusat,0,69,0,0,0,0,69,PM25,MEDIUM
5260,202307,2023-07-28,komp angkasa pura jakarta pusat,0,56,0,0,0,0,56,PM25,MEDIUM
5261,202307,2023-07-29,komp angkasa pura jakarta pusat,0,54,0,0,0,0,54,PM25,MEDIUM
5262,202307,2023-07-30,komp angkasa pura jakarta pusat,0,52,0,0,0,0,52,PM25,MEDIUM
5263,202307,2023-07-31,komp angkasa pura jakarta pusat,0,46,0,0,0,0,46,PM25,GOOD
5264,202308,2023-08-01,komp angkasa pura jakarta pusat,119,38,124,0,0,0,124,SO2,UNHEALTHY
5265,202308,2023-08-02,komp angkasa pura jakarta pusat,98,44,102,0,0,0,102,SO2,UNHEALTHY
5266,202308,2023-08-03,komp angkasa pura jakarta pusat,81,49,81,0,0,0,81,PM10,MEDIUM
5267,202308,2023-08-04,komp angkasa pura jakarta pusat,92,53,88,0,0,0,92,PM10,MEDIUM
5268,202308,2023-08-05,komp angkasa pura jakarta pusat,76,43,79,0,0,0,79,SO2,MEDIUM
5269,202308,2023-08-06,komp angkasa pura jakarta pusat,83,55,136,0,0,0,136,SO2,UNHEALTHY
5270,202308,2023-08-07,komp angkasa pura jakarta pusat,97,69,95,0,0,0,97,PM10,MEDIUM
5271,202308,2023-08-08,komp angkasa pura jakarta pusat,92,65,92,0,0,0,92,PM10,MEDIUM
5272,202308,2023-08-09,komp angkasa pura jakarta pusat,95,57,81,0,0,0,95,PM10,MEDIUM
5273,202308,2023-08-10,komp angkasa pura jakarta pusat,91,62,91,0,0,0,91,PM10,MEDIUM
5274,202308,2023-08-11,komp angkasa pura jakarta pusat,90,64,89,0,0,0,90,PM10,MEDIUM
5275,202308,2023-08-12,komp angkasa pura jakarta pusat,74,54,80,0,0,0,80,SO2,MEDIUM
5276,202308,2023-08-13,komp angkasa pura jakarta pusat,72,49,70,0,0,0,72,PM10,MEDIUM
5277,202308,2023-08-14,komp angkasa pura jakarta pusat,110,59,123,0,0,0,123,SO2,UNHEALTHY
5278,202308,2023-08-15,komp angkasa pura jakarta pusat,101,54,82,0,0,0,101,PM10,UNHEALTHY
5279,202308,2023-08-16,komp angkasa pura jakarta pusat,86,61,87,0,0,0,87,SO2,MEDIUM
5280,202308,2023-08-17,komp angkasa pura jakarta pusat,88,44,86,0,0,0,88,PM10,MEDIUM
5281,202308,2023-08-18,komp angkasa pura jakarta pusat,74,38,62,0,0,0,74,PM10,MEDIUM
5282,202308,2023-08-19,komp angkasa pura jakarta pusat,69,47,69,0,0,0,69,PM10,MEDIUM
5283,202308,2023-08-20,komp angkasa pura jakarta pusat,69,53,69,0,0,0,69,PM10,MEDIUM
5284,202308,2023-08-21,komp angkasa pura jakarta pusat,64,50,69,0,0,0,69,SO2,MEDIUM
5285,202308,2023-08-22,komp angkasa pura jakarta pusat,83,59,83,0,0,0,83,PM10,MEDIUM
5286,202308,2023-08-23,komp angkasa pura jakarta pusat,100,65,124,0,0,0,124,SO2,UNHEALTHY
5287,202308,2023-08-24,komp angkasa pura jakarta pusat,87,49,95,0,0,0,95,SO2,MEDIUM
5288,202308,2023-08-25,komp angkasa pura jakarta pusat,83,48,80,0,0,0,83,PM10,MEDIUM
5289,202308,2023-08-26,komp angkasa pura jakarta pusat,96,37,119,0,0,0,119,SO2,UNHEALTHY
5290,202308,2023-08-27,komp angkasa pura jakarta pusat,147,55,86,0,0,0,147,PM10,UNHEALTHY
5291,202308,2023-08-28,komp angkasa pura jakarta pusat,153,42,79,0,0,0,153,PM10,UNHEALTHY
5292,202308,2023-08-29,komp angkasa pura jakarta pusat,110,51,107,0,0,0,110,PM10,UNHEALTHY
5293,202308,2023-08-30,komp angkasa pura jakarta pusat,107,52,102,0,0,0,107,PM10,UNHEALTHY
5294,202308,2023-08-31,komp angkasa pura jakarta pusat,85,67,82,0,0,0,85,PM10,MEDIUM
5295,202309,2023-09-01,komp angkasa pura jakarta pusat,85,60,91,0,0,0,91,SO2,MEDIUM
5296,202309,2023-09-02,komp angkasa pura jakarta pusat,90,56,91,0,0,0,91,SO2,MEDIUM
5297,202309,2023-09-03,komp angkasa pura jakarta pusat,76,47,77,0,0,0,77,SO2,MEDIUM
5298,202309,2023-09-04,komp angkasa pura jakarta pusat,75,39,69,0,0,0,75,PM10,MEDIUM
5299,202309,2023-09-05,komp angkasa pura jakarta pusat,87,48,86,0,0,0,87,PM10,MEDIUM
5300,202309,2023-09-06,komp angkasa pura jakarta pusat,78,45,74,0,0,0,78,PM10,MEDIUM
5301,202309,2023-09-07,komp angkasa pura jakarta pusat,79,49,84,0,0,0,84,SO2,MEDIUM
5302,202309,2023-09-08,komp angkasa pura jakarta pusat,87,53,90,0,0,0,90,SO2,MEDIUM
5303,202309,2023-09-09,komp angkasa pura jakarta pusat,73,47,75,0,0,0,75,SO2,MEDIUM
5304,202309,2023-09-10,komp angkasa pura jakarta pusat,70,45,70,0,0,0,70,PM10,MEDIUM
5305,202309,2023-09-11,komp angkasa pura jakarta pusat,68,39,74,0,0,0,74,SO2,MEDIUM
5306,202309,2023-09-12,komp angkasa pura jakarta pusat,65,31,65,0,0,0,65,PM10,MEDIUM
5307,202309,2023-09-13,komp angkasa pura jakarta pusat,70,35,74,0,0,0,74,SO2,MEDIUM
5308,202309,2023-09-14,komp angkasa pura jakarta pusat,61,37,63,0,0,0,63,SO2,MEDIUM
5309,202309,2023-09-15,komp angkasa pura jakarta pusat,72,43,73,0,0,0,73,SO2,MEDIUM
5310,202309,2023-09-16,komp angkasa pura jakarta pusat,78,47,73,0,0,0,78,PM10,MEDIUM
5311,202309,2023-09-17,komp angkasa pura jakarta pusat,69,44,76,0,0,0,76,SO2,MEDIUM
5312,202309,2023-09-18,komp angkasa pura jakarta pusat,65,45,66,0,0,0,66,SO2,MEDIUM
5313,202309,2023-09-19,komp angkasa pura jakarta pusat,73,48,70,0,0,0,73,PM10,MEDIUM
5314,202309,2023-09-20,komp angkasa pura jakarta pusat,86,47,83,0,0,0,86,PM10,MEDIUM
5315,202309,2023-09-21,komp angkasa pura jakarta pusat,76,49,76,0,0,0,76,PM10,MEDIUM
5316,202309,2023-09-22,komp angkasa pura jakarta pusat,55,43,55,0,0,0,55,PM10,MEDIUM
5317,202309,2023-09-23,komp angkasa pura jakarta pusat,55,36,55,0,0,0,55,PM10,MEDIUM
5318,202309,2023-09-24,komp angkasa pura jakarta pusat,55,42,55,0,0,0,55,PM10,MEDIUM
5319,202309,2023-09-25,komp angkasa pura jakarta pusat,63,46,61,0,0,0,63,PM10,MEDIUM
5320,202309,2023-09-26,komp angkasa pura jakarta pusat,66,36,68,0,0,0,68,SO2,MEDIUM
5321,202309,2023-09-27,komp angkasa pura jakarta pusat,70,38,86,0,0,0,86,SO2,MEDIUM
5322,202309,2023-09-28,komp angkasa pura jakarta pusat,71,43,74,0,0,0,74,SO2,MEDIUM
5323,202309,2023-09-29,komp angkasa pura jakarta pusat,76,47,80,0,0,0,80,SO2,MEDIUM
5324,202309,2023-09-30,komp angkasa pura jakarta pusat,85,61,88,0,0,0,88,SO2,MEDIUM
5325,202310,2023-10-01,komp angkasa pura jakarta pusat,87,60,100,0,0,0,100,SO2,MEDIUM
5326,202310,2023-10-02,komp angkasa pura jakarta pusat,85,58,84,0,0,0,85,PM10,MEDIUM
5327,202310,2023-10-03,komp angkasa pura jakarta pusat,55,36,57,0,0,0,57,SO2,MEDIUM
5328,202310,2023-10-04,komp angkasa pura jakarta pusat,76,47,74,0,0,0,76,PM10,MEDIUM
5329,202310,2023-10-05,komp angkasa pura jakarta pusat,64,43,62,0,0,0,64,PM10,MEDIUM
5330,202310,2023-10-06,komp angkasa pura jakarta pusat,75,50,70,0,0,0,75,PM10,MEDIUM
5331,202310,2023-10-07,komp angkasa pura jakarta pusat,84,66,97,0,0,0,97,SO2,MEDIUM
5332,202310,2023-10-08,komp angkasa pura jakarta pusat,69,47,66,0,0,0,69,PM10,MEDIUM
5333,202310,2023-10-09,komp angkasa pura jakarta pusat,67,43,65,16,21,19,67,PM10,MEDIUM
5334,202310,2023-10-10,komp angkasa pura jakarta pusat,60,41,61,8,22,21,61,SO2,MEDIUM
5335,202310,2023-10-11,komp angkasa pura jakarta pusat,50,37,53,36,21,21,53,SO2,MEDIUM
5336,202310,2023-10-12,komp angkasa pura jakarta pusat,72,52,73,8,23,19,73,SO2,MEDIUM
5337,202310,2023-10-13,komp angkasa pura jakarta pusat,73,54,71,39,23,19,73,PM10,MEDIUM
5338,202310,2023-10-14,komp angkasa pura jakarta pusat,62,47,59,34,28,12,62,PM10,MEDIUM
5339,202310,2023-10-15,komp angkasa pura jakarta pusat,62,42,59,0,0,0,62,PM10,MEDIUM
5340,202310,2023-10-16,komp angkasa pura jakarta pusat,65,50,70,17,10,5,70,SO2,MEDIUM
5341,202310,2023-10-17,komp angkasa pura jakarta pusat,66,55,62,0,0,0,66,PM10,MEDIUM
5342,202310,2023-10-18,komp angkasa pura jakarta pusat,79,67,77,0,0,0,79,PM10,MEDIUM
5343,202310,2023-10-19,komp angkasa pura jakarta pusat,62,58,64,0,0,0,64,SO2,MEDIUM
5344,202310,2023-10-20,komp angkasa pura jakarta pusat,88,44,67,0,0,0,88,PM10,MEDIUM
5345,202310,2023-10-21,komp angkasa pura jakarta pusat,69,28,59,0,0,0,69,PM10,MEDIUM
5346,202310,2023-10-22,komp angkasa pura jakarta pusat,63,34,68,0,0,0,68,SO2,MEDIUM
5347,202310,2023-10-23,komp angkasa pura jakarta pusat,66,31,62,32,2,0,66,PM10,MEDIUM
5348,202310,2023-10-24,komp angkasa pura jakarta pusat,84,41,76,29,3,0,84,PM10,MEDIUM
5349,202310,2023-10-25,komp angkasa pura jakarta pusat,72,51,70,0,0,0,72,PM10,MEDIUM
5350,202310,2023-10-26,komp angkasa pura jakarta pusat,90,63,91,0,0,0,91,SO2,MEDIUM
5351,202310,2023-10-27,komp angkasa pura jakarta pusat,87,57,88,0,0,0,88,SO2,MEDIUM
5352,202310,2023-10-28,komp angkasa pura jakarta pusat,82,57,84,0,0,0,84,SO2,MEDIUM
5353,202310,2023-10-29,komp angkasa pura jakarta pusat,86,57,84,33,6,0,86,PM10,MEDIUM
5354,202310,2023-10-30,komp angkasa pura jakarta pusat,70,48,71,14,3,0,71,SO2,MEDIUM
5355,202310,2023-10-31,komp angkasa pura jakarta pusat,80,56,81,18,3,0,81,SO2,MEDIUM
5356,202311,2023-11-01,komp angkasa pura jakarta pusat,73,47,74,10,2,0,74,SO2,MEDIUM
5357,202311,2023-11-02,komp angkasa pura jakarta pusat,74,51,76,30,1,0,76,SO2,MEDIUM
5358,202311,2023-11-03,komp angkasa pura jakarta pusat,80,50,77,10,1,0,80,PM10,MEDIUM
5359,202311,2023-11-04,komp angkasa pura jakarta pusat,81,57,83,47,1,0,83,SO2,MEDIUM
5360,202311,2023-11-05,komp angkasa pura jakarta pusat,54,33,50,46,0,0,54,PM10,MEDIUM
5361,202311,2023-11-06,komp angkasa pura jakarta pusat,65,42,62,14,0,0,65,PM10,MEDIUM
5362,202311,2023-11-07,komp angkasa pura jakarta pusat,66,42,66,0,0,0,66,PM10,MEDIUM
5363,202311,2023-11-08,komp angkasa pura jakarta pusat,73,46,91,50,2,0,91,SO2,MEDIUM
5364,202311,2023-11-09,komp angkasa pura jakarta pusat,88,55,90,24,2,0,90,SO2,MEDIUM
5365,202311,2023-11-10,komp angkasa pura jakarta pusat,79,56,79,37,2,0,79,PM10,MEDIUM
5366,202311,2023-11-11,komp angkasa pura jakarta pusat,79,49,80,18,2,0,80,SO2,MEDIUM
5367,202311,2023-11-12,komp angkasa pura jakarta pusat,63,38,61,24,0,0,63,PM10,MEDIUM
5368,202311,2023-11-13,komp angkasa pura jakarta pusat,71,41,72,0,0,0,72,SO2,MEDIUM
5369,202311,2023-11-14,komp angkasa pura jakarta pusat,58,36,58,0,0,0,58,PM10,MEDIUM
5370,202311,2023-11-15,komp angkasa pura jakarta pusat,57,25,55,0,0,0,57,PM10,MEDIUM
5371,202311,2023-11-16,komp angkasa pura jakarta pusat,58,29,90,0,0,0,90,SO2,MEDIUM
5372,202311,2023-11-17,komp angkasa pura jakarta pusat,0,0,0,0,0,0,0,PM10,GOOD
5373,202311,2023-11-18,komp angkasa pura jakarta pusat,54,29,56,0,0,0,56,SO2,MEDIUM
5374,202311,2023-11-19,komp angkasa pura jakarta pusat,58,27,59,20,4,4,59,SO2,MEDIUM
5375,202311,2023-11-20,komp angkasa pura jakarta pusat,49,24,50,19,4,4,50,SO2,GOOD
5376,202311,2023-11-21,komp angkasa pura jakarta pusat,69,30,61,19,4,3,69,PM10,MEDIUM
5377,202311,2023-11-22,komp angkasa pura jakarta pusat,46,23,51,28,4,3,51,SO2,MEDIUM
5378,202311,2023-11-23,komp angkasa pura jakarta pusat,75,48,75,27,4,4,75,PM10,MEDIUM
5379,202311,2023-11-24,komp angkasa pura jakarta pusat,77,67,74,29,4,4,77,PM10,MEDIUM
5380,202311,2023-11-25,komp angkasa pura jakarta pusat,46,39,40,28,4,5,46,PM10,GOOD
5381,202311,2023-11-26,komp angkasa pura jakarta pusat,62,40,62,29,5,4,62,PM10,MEDIUM
5382,202311,2023-11-27,komp angkasa pura jakarta pusat,49,34,50,30,5,4,50,SO2,GOOD
5383,202311,2023-11-28,komp angkasa pura jakarta pusat,68,42,66,32,6,4,68,PM10,MEDIUM
5384,202311,2023-11-29,komp angkasa pura jakarta pusat,32,29,33,31,7,4,33,SO2,GOOD
5385,202311,2023-11-30,komp angkasa pura jakarta pusat,25,28,0,22,7,4,28,PM25,GOOD
5386,202312,2023-12-01,komp angkasa pura jakarta pusat,25,32,0,13,8,4,32,PM25,GOOD
5387,202312,2023-12-02,komp angkasa pura jakarta pusat,25,38,26,15,8,5,38,PM25,GOOD
5388,202312,2023-12-03,komp angkasa pura jakarta pusat,25,23,26,3,8,4,26,SO2,GOOD
5389,202312,2023-12-04,komp angkasa pura jakarta pusat,25,37,26,37,10,5,37,PM25,GOOD
5390,202312,2023-12-05,komp angkasa pura jakarta pusat,39,41,47,58,9,5,58,CO,MEDIUM
5391,202312,2023-12-06,komp angkasa pura jakarta pusat,59,36,59,54,9,5,59,PM10,MEDIUM
5392,202312,2023-12-07,komp angkasa pura jakarta pusat,59,40,66,51,9,6,66,SO2,MEDIUM
5393,202312,2023-12-08,komp angkasa pura jakarta pusat,61,39,60,44,9,6,61,PM10,MEDIUM
5394,202312,2023-12-09,komp angkasa pura jakarta pusat,61,39,58,48,9,6,61,PM10,MEDIUM
5395,202312,2023-12-10,komp angkasa pura jakarta pusat,68,42,69,32,9,6,69,SO2,MEDIUM
5396,202312,2023-12-11,komp angkasa pura jakarta pusat,53,35,58,8,9,6,58,SO2,MEDIUM
5397,202312,2023-12-12,komp angkasa pura jakarta pusat,61,39,58,15,10,6,61,PM10,MEDIUM
5398,202312,2023-12-13,komp angkasa pura jakarta pusat,66,38,64,25,10,6,66,PM10,MEDIUM
5399,202312,2023-12-14,komp angkasa pura jakarta pusat,77,38,77,8,10,6,77,PM10,MEDIUM
5400,202312,2023-12-15,komp angkasa pura jakarta pusat,77,30,77,88,11,6,88,CO,MEDIUM
5401,202312,2023-12-16,komp angkasa pura jakarta pusat,77,36,77,36,11,6,77,PM10,MEDIUM
5402,202312,2023-12-17,komp angkasa pura jakarta pusat,77,27,77,48,11,7,77,PM10,MEDIUM
5403,202312,2023-12-18,komp angkasa pura jakarta pusat,64,30,62,5,11,7,64,PM10,MEDIUM
5404,202312,2023-12-19,komp angkasa pura jakarta pusat,51,27,50,5,11,6,51,PM10,MEDIUM
5405,202312,2023-12-20,komp angkasa pura jakarta pusat,49,25,47,5,11,7,49,PM10,GOOD
5406,202312,2023-12-21,komp angkasa pura jakarta pusat,60,23,48,29,11,6,60,PM10,MEDIUM
5407,202312,2023-12-22,komp angkasa pura jakarta pusat,47,27,50,40,10,7,50,SO2,GOOD
5408,202312,2023-12-23,komp angkasa pura jakarta pusat,48,36,50,22,10,7,50,SO2,GOOD
5409,202312,2023-12-24,komp angkasa pura jakarta pusat,89,57,78,3,10,7,89,PM10,MEDIUM
5410,202312,2023-12-25,komp angkasa pura jakarta pusat,49,37,54,4,10,7,54,SO2,MEDIUM
5411,202312,2023-12-26,komp angkasa pura jakarta pusat,70,46,64,47,10,7,70,PM10,MEDIUM
5412,202312,2023-12-27,komp angkasa pura jakarta pusat,59,38,60,45,10,7,60,SO2,MEDIUM
5413,202312,2023-12-28,komp angkasa pura jakarta pusat,51,32,57,45,10,7,57,SO2,MEDIUM
5414,202312,2023-12-29,komp angkasa pura jakarta pusat,64,37,62,44,10,7,64,PM10,MEDIUM
5415,202312,2023-12-30,komp angkasa pura jakarta pusat,57,35,57,35,10,6,57,PM10,MEDIUM
5416,202312,2023-12-31,komp angkasa pura jakarta pusat,61,32,58,17,10,6,61,PM10,MEDIUM
5417,202401,2024-01-01,komp angkasa pura jakarta pusat,67,33,0,0,0,0,67,PM10,MEDIUM
5418,202401,2024-01-02,komp angkasa pura jakarta pusat,39,25,0,0,0,0,39,PM10,GOOD
5419,202401,2024-01-03,komp angkasa pura jakarta pusat,49,29,0,0,0,0,49,PM10,GOOD
5420,202401,2024-01-04,komp angkasa pura jakarta pusat,29,16,0,0,0,0,29,PM10,GOOD
5421,202401,2024-01-05,komp angkasa pura jakarta pusat,33,23,0,0,0,0,33,PM10,GOOD
5422,202401,2024-01-06,komp angkasa pura jakarta pusat,44,35,0,0,0,0,44,PM10,GOOD
5423,202401,2024-01-07,komp angkasa pura jakarta pusat,47,35,0,0,0,0,47,PM10,GOOD
5424,202401,2024-01-08,komp angkasa pura jakarta pusat,33,21,0,0,0,0,33,PM10,GOOD
5425,202401,2024-01-09,komp angkasa pura jakarta pusat,60,26,0,0,0,0,60,PM10,MEDIUM
5426,202401,2024-01-10,komp angkasa pura jakarta pusat,55,32,0,0,0,0,55,PM10,MEDIUM
5427,202401,2024-01-11,komp angkasa pura jakarta pusat,55,18,0,0,0,0,55,PM10,MEDIUM
5428,202401,2024-01-12,komp angkasa pura jakarta pusat,55,12,0,0,0,0,55,PM10,MEDIUM
5429,202401,2024-01-13,komp angkasa pura jakarta pusat,55,17,0,0,0,0,55,PM10,MEDIUM
5430,202401,2024-01-14,komp angkasa pura jakarta pusat,55,21,0,0,0,0,55,PM10,MEDIUM
5431,202401,2024-01-15,komp angkasa pura jakarta pusat,55,25,0,0,0,0,55,PM10,MEDIUM
5432,202401,2024-01-16,komp angkasa pura jakarta pusat,0,12,0,0,0,0,12,PM25,GOOD
5433,202401,2024-01-17,komp angkasa pura jakarta pusat,0,23,0,0,0,0,23,PM25,GOOD
5434,202401,2024-01-18,komp angkasa pura jakarta pusat,0,11,0,0,0,0,11,PM25,GOOD
5435,202401,2024-01-19,komp angkasa pura jakarta pusat,0,9,0,0,0,0,9,PM25,GOOD
5436,202401,2024-01-20,komp angkasa pura jakarta pusat,0,10,0,0,0,0,10,PM25,GOOD
5437,202401,2024-01-21,komp angkasa pura jakarta pusat,0,11,0,0,0,0,11,PM25,GOOD
5438,202401,2024-01-22,komp angkasa pura jakarta pusat,0,10,0,0,0,0,10,PM25,GOOD
5439,202401,2024-01-23,komp angkasa pura jakarta pusat,0,11,0,0,0,0,11,PM25,GOOD
5440,202401,2024-01-24,komp angkasa pura jakarta pusat,0,11,0,0,0,0,11,PM25,GOOD
5441,202401,2024-01-25,komp angkasa pura jakarta pusat,0,17,0,0,0,0,17,PM25,GOOD
5442,202401,2024-01-26,komp angkasa pura jakarta pusat,0,21,0,0,0,0,21,PM25,GOOD
5443,202401,2024-01-27,komp angkasa pura jakarta pusat,0,13,0,0,0,0,13,PM25,GOOD
5444,202401,2024-01-28,komp angkasa pura jakarta pusat,0,20,0,0,0,0,20,PM25,GOOD
5445,202401,2024-01-29,komp angkasa pura jakarta pusat,0,19,0,0,0,0,19,PM25,GOOD
5446,202401,2024-01-30,komp angkasa pura jakarta pusat,0,27,0,0,0,0,27,PM25,GOOD
5447,202401,2024-01-31,komp angkasa pura jakarta pusat,0,23,0,0,0,0,23,PM25,GOOD
5448,202402,2024-02-01,komp angkasa pura jakarta pusat,0,26,0,0,0,0,26,PM25,GOOD
5449,202402,2024-02-02,komp angkasa pura jakarta pusat,0,21,0,0,0,0,21,PM25,GOOD
5450,202402,2024-02-03,komp angkasa pura jakarta pusat,0,14,0,0,0,0,14,PM25,GOOD
5451,202402,2024-02-04,komp angkasa pura jakarta pusat,0,10,0,0,0,0,10,PM25,GOOD
5452,202402,2024-02-05,komp angkasa pura jakarta pusat,0,25,0,0,0,0,25,PM25,GOOD
5453,202402,2024-02-06,komp angkasa pura jakarta pusat,0,22,0,0,0,0,22,PM25,GOOD
5454,202402,2024-02-07,komp angkasa pura jakarta pusat,0,21,0,0,0,0,21,PM25,GOOD
5455,202402,2024-02-08,komp angkasa pura jakarta pusat,0,24,0,0,0,0,24,PM25,GOOD
5456,202402,2024-02-09,komp angkasa pura jakarta pusat,0,35,0,0,0,0,35,PM25,GOOD
5457,202402,2024-02-10,komp angkasa pura jakarta pusat,0,21,0,0,0,0,21,PM25,GOOD
5458,202402,2024-02-11,komp angkasa pura jakarta pusat,0,20,0,0,0,0,20,PM25,GOOD
5459,202402,2024-02-12,komp angkasa pura jakarta pusat,0,20,0,0,0,0,20,PM25,GOOD
5460,202402,2024-02-13,komp angkasa pura jakarta pusat,0,14,0,0,0,0,14,PM25,GOOD
5461,202402,2024-02-14,komp angkasa pura jakarta pusat,0,13,0,0,0,0,13,PM25,GOOD
5462,202402,2024-02-15,komp angkasa pura jakarta pusat,0,27,0,0,0,0,27,PM25,GOOD
5463,202402,2024-02-16,komp angkasa pura jakarta pusat,0,34,0,0,0,0,34,PM25,GOOD
5464,202402,2024-02-17,komp angkasa pura jakarta pusat,0,18,0,0,0,0,18,PM25,GOOD
5465,202402,2024-02-18,komp angkasa pura jakarta pusat,0,25,0,0,0,0,25,PM25,GOOD
5466,202402,2024-02-19,komp angkasa pura jakarta pusat,0,22,0,0,0,0,22,PM25,GOOD
5467,202402,2024-02-20,komp angkasa pura jakarta pusat,0,21,0,0,0,0,21,PM25,GOOD
5468,202402,2024-02-21,komp angkasa pura jakarta pusat,0,36,0,0,0,0,36,PM25,GOOD
5469,202402,2024-02-22,komp angkasa pura jakarta pusat,0,20,0,0,0,0,20,PM25,GOOD
5470,202402,2024-02-23,komp angkasa pura jakarta pusat,0,14,0,0,0,0,14,PM25,GOOD
5471,202402,2024-02-24,komp angkasa pura jakarta pusat,0,11,0,0,0,0,11,PM25,GOOD
5472,202402,2024-02-25,komp angkasa pura jakarta pusat,0,11,0,0,0,0,11,PM25,GOOD
5473,202402,2024-02-26,komp angkasa pura jakarta pusat,30,10,0,0,0,0,30,PM10,GOOD
5474,202402,2024-02-27,komp angkasa pura jakarta pusat,56,27,0,0,0,0,56,PM10,MEDIUM
5475,202402,2024-02-28,komp angkasa pura jakarta pusat,43,19,0,0,0,0,43,PM10,GOOD
5476,202402,2024-02-29,komp angkasa pura jakarta pusat,65,20,0,0,0,0,65,PM10,MEDIUM
5477,202403,2024-03-01,komp angkasa pura jakarta pusat,65,24,0,0,0,0,65,PM10,MEDIUM
5478,202403,2024-03-02,komp angkasa pura jakarta pusat,65,24,0,0,0,0,65,PM10,MEDIUM
5479,202403,2024-03-03,komp angkasa pura jakarta pusat,65,17,0,0,0,0,65,PM10,MEDIUM
5480,202403,2024-03-04,komp angkasa pura jakarta pusat,104,16,0,0,0,0,104,PM10,UNHEALTHY
5481,202403,2024-03-05,komp angkasa pura jakarta pusat,30,11,0,0,0,0,30,PM10,GOOD
5482,202403,2024-03-06,komp angkasa pura jakarta pusat,31,10,0,0,0,0,31,PM10,GOOD
5483,202403,2024-03-07,komp angkasa pura jakarta pusat,32,7,0,0,0,0,32,PM10,GOOD
5484,202403,2024-03-08,komp angkasa pura jakarta pusat,34,7,0,0,0,0,34,PM10,GOOD
5485,202403,2024-03-09,komp angkasa pura jakarta pusat,64,23,0,0,0,0,64,PM10,MEDIUM
5486,202403,2024-03-10,komp angkasa pura jakarta pusat,64,33,0,0,0,0,64,PM10,MEDIUM
5487,202403,2024-03-11,komp angkasa pura jakarta pusat,38,20,0,0,0,0,38,PM10,GOOD
5488,202403,2024-03-12,komp angkasa pura jakarta pusat,32,23,0,0,0,0,32,PM10,GOOD
5489,202403,2024-03-13,komp angkasa pura jakarta pusat,34,21,0,0,0,0,34,PM10,GOOD
5490,202403,2024-03-14,komp angkasa pura jakarta pusat,34,20,0,0,0,0,34,PM10,GOOD
5491,202403,2024-03-15,komp angkasa pura jakarta pusat,38,11,0,0,0,0,38,PM10,GOOD
5492,202403,2024-03-16,komp angkasa pura jakarta pusat,42,9,0,0,0,0,42,PM10,GOOD
5493,202403,2024-03-17,komp angkasa pura jakarta pusat,42,10,0,0,0,0,42,PM10,GOOD
5494,202403,2024-03-18,komp angkasa pura jakarta pusat,42,12,0,0,0,0,42,PM10,GOOD
5495,202403,2024-03-19,komp angkasa pura jakarta pusat,42,11,0,0,0,0,42,PM10,GOOD
5496,202403,2024-03-20,komp angkasa pura jakarta pusat,40,10,0,0,0,0,40,PM10,GOOD
5497,202403,2024-03-21,komp angkasa pura jakarta pusat,42,16,0,0,0,0,42,PM10,GOOD
5498,202403,2024-03-22,komp angkasa pura jakarta pusat,0,17,0,0,0,0,17,PM25,GOOD
5499,202403,2024-03-23,komp angkasa pura jakarta pusat,0,53,0,0,0,0,53,PM25,MEDIUM
5500,202403,2024-03-24,komp angkasa pura jakarta pusat,0,31,0,0,0,0,31,PM25,GOOD
5501,202403,2024-03-25,komp angkasa pura jakarta pusat,0,21,0,0,0,0,21,PM25,GOOD
5502,202403,2024-03-26,komp angkasa pura jakarta pusat,0,37,0,0,0,0,37,PM25,GOOD
5503,202403,2024-03-27,komp angkasa pura jakarta pusat,0,39,0,0,0,0,39,PM25,GOOD
5504,202403,2024-03-28,komp angkasa pura jakarta pusat,0,55,0,0,0,0,55,PM25,MEDIUM
5505,202403,2024-03-29,komp angkasa pura jakarta pusat,0,47,0,0,0,0,47,PM25,GOOD
5506,202403,2024-03-30,komp angkasa pura jakarta pusat,0,38,0,0,0,0,38,PM25,GOOD
5507,202403,2024-03-31,komp angkasa pura jakarta pusat,0,46,0,0,0,0,46,PM25,GOOD
5508,202404,2024-04-01,komp angkasa pura jakarta pusat,0,55,0,0,0,0,55,PM25,MEDIUM
5509,202404,2024-04-02,komp angkasa pura jakarta pusat,0,42,0,0,0,0,42,PM25,GOOD
5510,202404,2024-04-03,komp angkasa pura jakarta pusat,42,35,0,0,0,0,42,PM10,GOOD
5511,202404,2024-04-04,komp angkasa pura jakarta pusat,58,38,0,0,0,0,58,PM10,MEDIUM
5512,202404,2024-04-05,komp angkasa pura jakarta pusat,74,54,0,0,0,0,74,PM10,MEDIUM
5513,202404,2024-04-06,komp angkasa pura jakarta pusat,55,37,0,0,0,0,55,PM10,MEDIUM
5514,202404,2024-04-07,komp angkasa pura jakarta pusat,57,34,0,0,0,0,57,PM10,MEDIUM
5515,202404,2024-04-08,komp angkasa pura jakarta pusat,39,22,0,0,0,0,39,PM10,GOOD
5516,202404,2024-04-09,komp angkasa pura jakarta pusat,49,31,0,0,0,0,49,PM10,GOOD
5517,202404,2024-04-10,komp angkasa pura jakarta pusat,65,40,0,0,0,0,65,PM10,MEDIUM
5518,202404,2024-04-11,komp angkasa pura jakarta pusat,35,19,0,0,0,0,35,PM10,GOOD
5519,202404,2024-04-12,komp angkasa pura jakarta pusat,51,16,0,0,0,0,51,PM10,MEDIUM
5520,202404,2024-04-13,komp angkasa pura jakarta pusat,39,14,0,0,0,0,39,PM10,GOOD
5521,202404,2024-04-14,komp angkasa pura jakarta pusat,25,24,0,0,0,0,25,PM10,GOOD
5522,202404,2024-04-15,komp angkasa pura jakarta pusat,29,26,0,0,0,0,29,PM10,GOOD
5523,202404,2024-04-16,komp angkasa pura jakarta pusat,52,26,0,0,0,0,52,PM10,MEDIUM
5524,202404,2024-04-17,komp angkasa pura jakarta pusat,47,26,0,0,0,0,47,PM10,GOOD
5525,202404,2024-04-18,komp angkasa pura jakarta pusat,93,25,0,0,0,0,93,PM10,MEDIUM
5526,202404,2024-04-19,komp angkasa pura jakarta pusat,63,25,0,0,0,0,63,PM10,MEDIUM
5527,202404,2024-04-20,komp angkasa pura jakarta pusat,59,34,0,0,0,0,59,PM10,MEDIUM
5528,202404,2024-04-21,komp angkasa pura jakarta pusat,35,24,0,0,0,0,35,PM10,GOOD
5529,202404,2024-04-22,komp angkasa pura jakarta pusat,54,25,0,0,0,0,54,PM10,MEDIUM
5530,202404,2024-04-23,komp angkasa pura jakarta pusat,146,34,0,0,0,0,146,PM10,UNHEALTHY
5531,202404,2024-04-24,komp angkasa pura jakarta pusat,64,38,0,0,0,0,64,PM10,MEDIUM
5532,202404,2024-04-25,komp angkasa pura jakarta pusat,51,28,0,0,0,0,51,PM10,MEDIUM
5533,202404,2024-04-26,komp angkasa pura jakarta pusat,56,24,0,0,0,0,56,PM10,MEDIUM
5534,202404,2024-04-27,komp angkasa pura jakarta pusat,56,29,0,0,0,0,56,PM10,MEDIUM
5535,202404,2024-04-28,komp angkasa pura jakarta pusat,49,27,0,0,0,0,49,PM10,GOOD
5536,202404,2024-04-29,komp angkasa pura jakarta pusat,45,25,0,0,0,0,45,PM10,GOOD
5537,202404,2024-04-30,komp angkasa pura jakarta pusat,56,29,0,0,0,0,56,PM10,MEDIUM
5538,202405,2024-05-01,komp angkasa pura jakarta pusat,54,27,0,0,0,0,54,PM10,MEDIUM
5539,202405,2024-05-02,komp angkasa pura jakarta pusat,57,34,0,0,0,0,57,PM10,MEDIUM
5540,202405,2024-05-03,komp angkasa pura jakarta pusat,57,40,0,0,0,0,57,PM10,MEDIUM
5541,202405,2024-05-04,komp angkasa pura jakarta pusat,57,39,0,0,0,0,57,PM10,MEDIUM
5542,202405,2024-05-05,komp angkasa pura jakarta pusat,57,42,0,0,0,0,57,PM10,MEDIUM
5543,202405,2024-05-06,komp angkasa pura jakarta pusat,62,39,0,0,0,0,62,PM10,MEDIUM
5544,202405,2024-05-07,komp angkasa pura jakarta pusat,71,43,0,0,0,0,71,PM10,MEDIUM
5545,202405,2024-05-08,komp angkasa pura jakarta pusat,72,48,0,0,0,0,72,PM10,MEDIUM
5546,202405,2024-05-09,komp angkasa pura jakarta pusat,82,48,0,0,0,0,82,PM10,MEDIUM
5547,202405,2024-05-10,komp angkasa pura jakarta pusat,70,40,0,0,0,0,70,PM10,MEDIUM
5548,202405,2024-05-11,komp angkasa pura jakarta pusat,69,36,0,0,0,0,69,PM10,MEDIUM
5549,202405,2024-05-12,komp angkasa pura jakarta pusat,61,36,0,0,0,0,61,PM10,MEDIUM
5550,202405,2024-05-13,komp angkasa pura jakarta pusat,60,34,0,0,0,0,60,PM10,MEDIUM
5551,202405,2024-05-14,komp angkasa pura jakarta pusat,75,46,0,0,0,0,75,PM10,MEDIUM
5552,202405,2024-05-15,komp angkasa pura jakarta pusat,72,42,0,0,0,0,72,PM10,MEDIUM
5553,202405,2024-05-16,komp angkasa pura jakarta pusat,88,63,0,0,0,0,88,PM10,MEDIUM
5554,202405,2024-05-17,komp angkasa pura jakarta pusat,74,53,0,0,0,0,74,PM10,MEDIUM
5555,202405,2024-05-18,komp angkasa pura jakarta pusat,82,56,0,0,0,0,82,PM10,MEDIUM
5556,202405,2024-05-19,komp angkasa pura jakarta pusat,70,51,0,0,0,0,70,PM10,MEDIUM
5557,202405,2024-05-20,komp angkasa pura jakarta pusat,80,54,0,0,0,0,80,PM10,MEDIUM
5558,202405,2024-05-21,komp angkasa pura jakarta pusat,92,59,0,0,0,0,92,PM10,MEDIUM
5559,202405,2024-05-22,komp angkasa pura jakarta pusat,85,55,0,0,0,0,85,PM10,MEDIUM
5560,202405,2024-05-23,komp angkasa pura jakarta pusat,58,34,0,0,0,0,58,PM10,MEDIUM
5561,202405,2024-05-24,komp angkasa pura jakarta pusat,55,31,0,0,0,0,55,PM10,MEDIUM
5562,202405,2024-05-25,komp angkasa pura jakarta pusat,42,22,0,0,0,0,42,PM10,GOOD
5563,202405,2024-05-26,komp angkasa pura jakarta pusat,69,43,0,0,0,0,69,PM10,MEDIUM
5564,202405,2024-05-27,komp angkasa pura jakarta pusat,120,41,0,0,0,0,120,PM10,UNHEALTHY
5565,202405,2024-05-28,komp angkasa pura jakarta pusat,84,49,0,0,0,0,84,PM10,MEDIUM
5566,202405,2024-05-29,komp angkasa pura jakarta pusat,73,44,0,0,0,0,73,PM10,MEDIUM
5567,202405,2024-05-30,komp angkasa pura jakarta pusat,74,45,0,0,0,0,74,PM10,MEDIUM
5568,202405,2024-05-31,komp angkasa pura jakarta pusat,89,55,0,0,0,0,89,PM10,MEDIUM
5569,202406,2024-06-01,komp angkasa pura jakarta pusat,116,57,0,0,0,0,116,PM10,UNHEALTHY
5570,202406,2024-06-02,komp angkasa pura jakarta pusat,70,46,0,0,0,0,70,PM10,MEDIUM
5571,202406,2024-06-03,komp angkasa pura jakarta pusat,38,28,0,0,0,0,38,PM10,GOOD
5572,202406,2024-06-04,komp angkasa pura jakarta pusat,87,51,0,0,0,0,87,PM10,MEDIUM
5573,202406,2024-06-05,komp angkasa pura jakarta pusat,93,42,0,0,0,0,93,PM10,MEDIUM
5574,202406,2024-06-06,komp angkasa pura jakarta pusat,93,37,0,0,0,0,93,PM10,MEDIUM
5575,202406,2024-06-07,komp angkasa pura jakarta pusat,93,42,0,0,0,0,93,PM10,MEDIUM
5576,202406,2024-06-08,komp angkasa pura jakarta pusat,93,46,0,0,0,0,93,PM10,MEDIUM
5577,202406,2024-06-09,komp angkasa pura jakarta pusat,93,47,0,0,0,0,93,PM10,MEDIUM
5578,202406,2024-06-10,komp angkasa pura jakarta pusat,62,41,0,0,0,0,62,PM10,MEDIUM
5579,202406,2024-06-11,komp angkasa pura jakarta pusat,69,42,0,0,0,0,69,PM10,MEDIUM
5580,202406,2024-06-12,komp angkasa pura jakarta pusat,57,32,0,0,0,0,57,PM10,MEDIUM
5581,202406,2024-06-13,komp angkasa pura jakarta pusat,53,28,0,0,0,0,53,PM10,MEDIUM
5582,202406,2024-06-14,komp angkasa pura jakarta pusat,53,32,0,0,0,0,53,PM10,MEDIUM
5583,202406,2024-06-15,komp angkasa pura jakarta pusat,68,45,0,0,0,0,68,PM10,MEDIUM
5584,202406,2024-06-16,komp angkasa pura jakarta pusat,38,28,0,0,0,0,38,PM10,GOOD
5585,202406,2024-06-17,komp angkasa pura jakarta pusat,60,41,0,0,0,0,60,PM10,MEDIUM
5586,202406,2024-06-18,komp angkasa pura jakarta pusat,87,62,0,0,0,0,87,PM10,MEDIUM
5587,202406,2024-06-19,komp angkasa pura jakarta pusat,85,49,0,0,0,0,85,PM10,MEDIUM
5588,202406,2024-06-20,komp angkasa pura jakarta pusat,80,39,0,0,0,0,80,PM10,MEDIUM
5589,202406,2024-06-21,komp angkasa pura jakarta pusat,77,40,0,0,0,0,77,PM10,MEDIUM
5590,202406,2024-06-22,komp angkasa pura jakarta pusat,86,44,0,0,0,0,86,PM10,MEDIUM
5591,202406,2024-06-23,komp angkasa pura jakarta pusat,72,37,0,0,0,0,72,PM10,MEDIUM
5592,202406,2024-06-24,komp angkasa pura jakarta pusat,74,38,0,0,0,0,74,PM10,MEDIUM
5593,202406,2024-06-25,komp angkasa pura jakarta pusat,63,36,0,0,0,0,63,PM10,MEDIUM
5594,202406,2024-06-26,komp angkasa pura jakarta pusat,64,33,0,0,0,0,64,PM10,MEDIUM
5595,202406,2024-06-27,komp angkasa pura jakarta pusat,67,37,0,0,0,0,67,PM10,MEDIUM
5596,202406,2024-06-28,komp angkasa pura jakarta pusat,66,35,0,0,0,0,66,PM10,MEDIUM
5597,202406,2024-06-29,komp angkasa pura jakarta pusat,47,28,0,0,0,0,47,PM10,GOOD
5598,202406,2024-06-30,komp angkasa pura jakarta pusat,47,17,0,0,0,0,47,PM10,GOOD
5599,202407,2024-07-01,komp angkasa pura jakarta pusat,47,28,0,0,0,0,47,PM10,GOOD
5600,202407,2024-07-02,komp angkasa pura jakarta pusat,47,23,0,0,0,0,47,PM10,GOOD
5601,202407,2024-07-03,komp angkasa pura jakarta pusat,47,32,0,0,0,0,47,PM10,GOOD
5602,202407,2024-07-04,komp angkasa pura jakarta pusat,47,34,0,0,0,0,47,PM10,GOOD
5603,202407,2024-07-05,komp angkasa pura jakarta pusat,0,21,0,0,0,0,21,PM25,GOOD
5604,202407,2024-07-06,komp angkasa pura jakarta pusat,0,13,0,0,0,0,13,PM25,GOOD
5605,202407,2024-07-07,komp angkasa pura jakarta pusat,0,15,0,0,0,0,15,PM25,GOOD
5606,202407,2024-07-08,komp angkasa pura jakarta pusat,0,18,0,0,0,0,18,PM25,GOOD
5607,202407,2024-07-09,komp angkasa pura jakarta pusat,0,23,0,0,0,0,23,PM25,GOOD
5608,202407,2024-07-10,komp angkasa pura jakarta pusat,0,30,0,0,0,0,30,PM25,GOOD
5609,202407,2024-07-11,komp angkasa pura jakarta pusat,0,34,0,0,0,0,34,PM25,GOOD
5610,202407,2024-07-12,komp angkasa pura jakarta pusat,0,30,0,0,0,0,30,PM25,GOOD
5611,202407,2024-07-13,komp angkasa pura jakarta pusat,0,35,0,0,0,0,35,PM25,GOOD
5612,202407,2024-07-14,komp angkasa pura jakarta pusat,0,28,0,0,0,0,28,PM25,GOOD
5613,202407,2024-07-15,komp angkasa pura jakarta pusat,0,31,0,0,0,0,31,PM25,GOOD
5614,202407,2024-07-16,komp angkasa pura jakarta pusat,0,28,0,0,0,0,28,PM25,GOOD
5615,202407,2024-07-17,komp angkasa pura jakarta pusat,0,31,0,0,0,0,31,PM25,GOOD
5616,202407,2024-07-18,komp angkasa pura jakarta pusat,0,28,0,0,0,0,28,PM25,GOOD
5617,202407,2024-07-19,komp angkasa pura jakarta pusat,0,27,0,0,0,0,27,PM25,GOOD
5618,202407,2024-07-20,komp angkasa pura jakarta pusat,0,29,0,0,0,0,29,PM25,GOOD
5619,202407,2024-07-21,komp angkasa pura jakarta pusat,0,25,0,0,0,0,25,PM25,GOOD
5620,202407,2024-07-22,komp angkasa pura jakarta pusat,0,31,0,0,0,0,31,PM25,GOOD
5621,202407,2024-07-23,komp angkasa pura jakarta pusat,0,29,0,0,0,0,29,PM25,GOOD
5622,202407,2024-07-24,komp angkasa pura jakarta pusat,0,38,0,0,0,0,38,PM25,GOOD
5623,202407,2024-07-25,komp angkasa pura jakarta pusat,0,25,0,0,0,0,25,PM25,GOOD
5624,202407,2024-07-26,komp angkasa pura jakarta pusat,0,34,0,0,0,0,34,PM25,GOOD
5625,202407,2024-07-27,komp angkasa pura jakarta pusat,0,33,0,0,0,0,33,PM25,GOOD
5626,202407,2024-07-28,komp angkasa pura jakarta pusat,0,34,0,0,0,0,34,PM25,GOOD
5627,202407,2024-07-29,komp angkasa pura jakarta pusat,0,30,0,0,0,0,30,PM25,GOOD
5628,202407,2024-07-30,komp angkasa pura jakarta pusat,0,38,0,0,0,0,38,PM25,GOOD
5629,202407,2024-07-31,komp angkasa pura jakarta pusat,0,35,0,0,0,0,35,PM25,GOOD
5630,202408,2024-08-01,komp angkasa pura jakarta pusat,0,34,0,0,0,0,34,PM25,GOOD
5631,202408,2024-08-02,komp angkasa pura jakarta pusat,0,20,0,0,0,0,20,PM25,GOOD
5632,202408,2024-08-03,komp angkasa pura jakarta pusat,0,24,0,0,0,0,24,PM25,GOOD
5633,202408,2024-08-04,komp angkasa pura jakarta pusat,0,25,0,0,0,0,25,PM25,GOOD
5634,202408,2024-08-05,komp angkasa pura jakarta pusat,0,24,0,0,0,0,24,PM25,GOOD
5635,202408,2024-08-06,komp angkasa pura jakarta pusat,0,27,0,0,0,0,27,PM25,GOOD
5636,202408,2024-08-07,komp angkasa pura jakarta pusat,0,43,0,0,0,0,43,PM25,GOOD
5637,202408,2024-08-08,komp angkasa pura jakarta pusat,0,53,0,0,0,0,53,PM25,MEDIUM
5638,202408,2024-08-09,komp angkasa pura jakarta pusat,0,48,0,0,0,0,48,PM25,GOOD
5639,202408,2024-08-10,komp angkasa pura jakarta pusat,0,38,0,0,0,0,38,PM25,GOOD
5640,202408,2024-08-11,komp angkasa pura jakarta pusat,0,37,0,0,0,0,37,PM25,GOOD
5641,202408,2024-08-12,komp angkasa pura jakarta pusat,0,38,0,0,0,0,38,PM25,GOOD
5642,202408,2024-08-13,komp angkasa pura jakarta pusat,0,34,0,0,0,0,34,PM25,GOOD
5643,202408,2024-08-14,komp angkasa pura jakarta pusat,0,54,0,0,0,0,54,PM25,MEDIUM
5644,202408,2024-08-15,komp angkasa pura jakarta pusat,0,49,0,0,0,0,49,PM25,GOOD
5645,202408,2024-08-16,komp angkasa pura jakarta pusat,75,55,0,0,0,0,75,PM10,MEDIUM
5646,202408,2024-08-17,komp angkasa pura jakarta pusat,67,55,0,0,0,0,67,PM10,MEDIUM
5647,202408,2024-08-18,komp angkasa pura jakarta pusat,74,50,0,0,0,0,74,PM10,MEDIUM
5648,202408,2024-08-19,komp angkasa pura jakarta pusat,70,46,0,0,0,0,70,PM10,MEDIUM
5649,202408,2024-08-20,komp angkasa pura jakarta pusat,81,56,0,0,0,0,81,PM10,MEDIUM
5650,202408,2024-08-21,komp angkasa pura jakarta pusat,81,55,0,0,0,0,81,PM10,MEDIUM
5651,202408,2024-08-22,komp angkasa pura jakarta pusat,71,42,0,0,0,0,71,PM10,MEDIUM
5652,202408,2024-08-23,komp angkasa pura jakarta pusat,64,43,0,0,0,0,64,PM10,MEDIUM
5653,202408,2024-08-24,komp angkasa pura jakarta pusat,88,65,0,0,0,0,88,PM10,MEDIUM
5654,202408,2024-08-25,komp angkasa pura jakarta pusat,63,55,0,0,0,0,63,PM10,MEDIUM
5655,202408,2024-08-26,komp angkasa pura jakarta pusat,70,55,0,0,0,0,70,PM10,MEDIUM
5656,202408,2024-08-27,komp angkasa pura jakarta pusat,105,57,0,0,0,0,105,PM10,UNHEALTHY
5657,202408,2024-08-28,komp angkasa pura jakarta pusat,69,41,0,0,0,0,69,PM10,MEDIUM
5658,202408,2024-08-29,komp angkasa pura jakarta pusat,97,60,0,0,0,0,97,PM10,MEDIUM
5659,202408,2024-08-30,komp angkasa pura jakarta pusat,72,42,0,0,0,0,72,PM10,MEDIUM
5660,202408,2024-08-31,komp angkasa pura jakarta pusat,63,35,0,0,0,0,63,PM10,MEDIUM
5661,202409,2024-09-01,komp angkasa pura jakarta pusat,62,37,0,0,0,0,62,PM10,MEDIUM
5662,202409,2024-09-02,komp angkasa pura jakarta pusat,62,37,0,0,0,0,62,PM10,MEDIUM
5663,202409,2024-09-03,komp angkasa pura jakarta pusat,74,44,0,0,0,0,74,PM10,MEDIUM
5664,202409,2024-09-04,komp angkasa pura jakarta pusat,61,37,0,0,0,0,61,PM10,MEDIUM
5665,202409,2024-09-05,komp angkasa pura jakarta pusat,55,42,0,0,0,0,55,PM10,MEDIUM
5666,202409,2024-09-06,komp angkasa pura jakarta pusat,63,43,0,0,0,0,63,PM10,MEDIUM
5667,202409,2024-09-07,komp angkasa pura jakarta pusat,60,40,0,0,0,0,60,PM10,MEDIUM
5668,202409,2024-09-08,komp angkasa pura jakarta pusat,56,37,0,0,0,0,56,PM10,MEDIUM
5669,202409,2024-09-09,komp angkasa pura jakarta pusat,46,34,0,0,0,0,46,PM10,GOOD
5670,202409,2024-09-10,komp angkasa pura jakarta pusat,53,39,0,0,0,0,53,PM10,MEDIUM
5671,202409,2024-09-11,komp angkasa pura jakarta pusat,53,32,0,0,0,0,53,PM10,MEDIUM
5672,202409,2024-09-12,komp angkasa pura jakarta pusat,66,56,0,0,0,0,66,PM10,MEDIUM
5673,202409,2024-09-13,komp angkasa pura jakarta pusat,47,38,0,0,0,0,47,PM10,GOOD
5674,202409,2024-09-14,komp angkasa pura jakarta pusat,67,47,0,0,0,0,67,PM10,MEDIUM
5675,202409,2024-09-15,komp angkasa pura jakarta pusat,56,42,0,0,0,0,56,PM10,MEDIUM
5676,202409,2024-09-16,komp angkasa pura jakarta pusat,70,54,0,0,0,0,70,PM10,MEDIUM
5677,202409,2024-09-17,komp angkasa pura jakarta pusat,57,44,0,0,0,0,57,PM10,MEDIUM
5678,202409,2024-09-18,komp angkasa pura jakarta pusat,60,48,0,0,0,0,60,PM10,MEDIUM
5679,202409,2024-09-19,komp angkasa pura jakarta pusat,68,46,0,0,0,0,68,PM10,MEDIUM
5680,202409,2024-09-20,komp angkasa pura jakarta pusat,65,49,0,0,0,0,65,PM10,MEDIUM
5681,202409,2024-09-21,komp angkasa pura jakarta pusat,91,68,0,0,0,0,91,PM10,MEDIUM
5682,202409,2024-09-22,komp angkasa pura jakarta pusat,95,63,0,0,0,0,95,PM10,MEDIUM
5683,202409,2024-09-23,komp angkasa pura jakarta pusat,95,49,0,0,0,0,95,PM10,MEDIUM
5684,202409,2024-09-24,komp angkasa pura jakarta pusat,95,47,0,0,0,0,95,PM10,MEDIUM
5685,202409,2024-09-25,komp angkasa pura jakarta pusat,95,49,0,0,0,0,95,PM10,MEDIUM
5686,202409,2024-09-26,komp angkasa pura jakarta pusat,76,47,0,0,0,0,76,PM10,MEDIUM
5687,202409,2024-09-27,komp angkasa pura jakarta pusat,48,37,0,0,0,0,48,PM10,GOOD
5688,202409,2024-09-28,komp angkasa pura jakarta pusat,63,50,0,0,0,0,63,PM10,MEDIUM
5689,202409,2024-09-29,komp angkasa pura jakarta pusat,68,50,0,0,0,0,68,PM10,MEDIUM
5690,202409,2024-09-30,komp angkasa pura jakarta pusat,51,36,0,0,0,0,51,PM10,MEDIUM
5691,202410,2024-10-01,komp angkasa pura jakarta pusat,75,62,0,0,0,0,75,PM10,MEDIUM
5692,202410,2024-10-02,komp angkasa pura jakarta pusat,67,52,0,0,0,0,67,PM10,MEDIUM
5693,202410,2024-10-03,komp angkasa pura jakarta pusat,76,57,0,0,0,0,76,PM10,MEDIUM
5694,202410,2024-10-04,komp angkasa pura jakarta pusat,68,48,0,0,0,0,68,PM10,MEDIUM
5695,202410,2024-10-05,komp angkasa pura jakarta pusat,71,48,0,0,0,0,71,PM10,MEDIUM
5696,202410,2024-10-06,komp angkasa pura jakarta pusat,64,50,0,0,0,0,64,PM10,MEDIUM
5697,202410,2024-10-07,komp angkasa pura jakarta pusat,86,62,0,0,0,0,86,PM10,MEDIUM
5698,202410,2024-10-08,komp angkasa pura jakarta pusat,63,46,0,0,0,0,63,PM10,MEDIUM
5699,202410,2024-10-09,komp angkasa pura jakarta pusat,63,45,7,16,21,19,63,PM10,MEDIUM
5700,202410,2024-10-10,komp angkasa pura jakarta pusat,70,45,8,48,22,21,70,PM10,MEDIUM
5701,202410,2024-10-11,komp angkasa pura jakarta pusat,60,38,8,36,21,21,60,PM10,MEDIUM
5702,202410,2024-10-12,komp angkasa pura jakarta pusat,70,43,8,50,23,19,70,PM10,MEDIUM
5703,202410,2024-10-13,komp angkasa pura jakarta pusat,64,42,7,39,23,19,64,PM10,MEDIUM
5704,202410,2024-10-14,komp angkasa pura jakarta pusat,49,31,6,43,28,12,49,PM10,GOOD
5705,202410,2024-10-15,komp angkasa pura jakarta pusat,62,42,0,0,0,0,62,PM10,MEDIUM
5706,202410,2024-10-16,komp angkasa pura jakarta pusat,67,58,1,17,10,5,67,PM10,MEDIUM
5707,202410,2024-10-17,komp angkasa pura jakarta pusat,47,38,0,0,0,0,47,PM10,GOOD
5708,202410,2024-10-18,komp angkasa pura jakarta pusat,67,32,0,0,0,0,67,PM10,MEDIUM
5709,202410,2024-10-19,komp angkasa pura jakarta pusat,67,41,0,0,0,0,67,PM10,MEDIUM
5710,202410,2024-10-20,komp angkasa pura jakarta pusat,67,23,0,0,0,0,67,PM10,MEDIUM
5711,202410,2024-10-21,komp angkasa pura jakarta pusat,67,41,0,0,0,0,67,PM10,MEDIUM
5712,202410,2024-10-22,komp angkasa pura jakarta pusat,82,54,0,0,2,0,82,PM10,MEDIUM
5713,202410,2024-10-23,komp angkasa pura jakarta pusat,70,40,1,32,3,0,70,PM10,MEDIUM
5714,202410,2024-10-24,komp angkasa pura jakarta pusat,52,30,1,29,0,0,52,PM10,MEDIUM
5715,202410,2024-10-25,komp angkasa pura jakarta pusat,56,38,0,0,0,0,56,PM10,MEDIUM
5716,202410,2024-10-26,komp angkasa pura jakarta pusat,71,40,0,0,0,0,71,PM10,MEDIUM
5717,202410,2024-10-27,komp angkasa pura jakarta pusat,86,45,0,0,0,0,86,PM10,MEDIUM
5718,202410,2024-10-28,komp angkasa pura jakarta pusat,82,48,0,0,0,0,82,PM10,MEDIUM
5719,202410,2024-10-29,komp angkasa pura jakarta pusat,73,44,1,33,6,0,73,PM10,MEDIUM
5720,202410,2024-10-30,komp angkasa pura jakarta pusat,84,49,1,14,3,0,84,PM10,MEDIUM
5721,202410,2024-10-31,komp angkasa pura jakarta pusat,63,41,0,18,3,0,63,PM10,MEDIUM
5722,202411,2024-11-01,komp angkasa pura jakarta pusat,94,53,0,10,2,0,94,PM10,MEDIUM
5723,202411,2024-11-02,komp angkasa pura jakarta pusat,55,39,0,30,1,0,55,PM10,MEDIUM
5724,202411,2024-11-03,komp angkasa pura jakarta pusat,46,33,0,10,1,0,46,PM10,GOOD
5725,202411,2024-11-04,komp angkasa pura jakarta pusat,42,26,0,47,1,0,47,CO,GOOD
5726,202411,2024-11-05,komp angkasa pura jakarta pusat,45,30,0,46,0,0,46,CO,GOOD
5727,202411,2024-11-06,komp angkasa pura jakarta pusat,42,26,0,10,0,0,42,PM10,GOOD
5728,202411,2024-11-07,komp angkasa pura jakarta pusat,73,49,0,0,0,0,73,PM10,MEDIUM
5729,202411,2024-11-08,komp angkasa pura jakarta pusat,67,44,0,50,2,0,67,PM10,MEDIUM
5730,202411,2024-11-09,komp angkasa pura jakarta pusat,74,50,0,24,2,0,74,PM10,MEDIUM
5731,202411,2024-11-10,komp angkasa pura jakarta pusat,55,35,0,37,2,0,55,PM10,MEDIUM
5732,202411,2024-11-11,komp angkasa pura jakarta pusat,59,32,0,18,2,0,59,PM10,MEDIUM
5733,202411,2024-11-12,komp angkasa pura jakarta pusat,56,38,0,24,0,0,56,PM10,MEDIUM
5734,202411,2024-11-13,komp angkasa pura jakarta pusat,62,39,0,0,0,0,62,PM10,MEDIUM
5735,202411,2024-11-14,komp angkasa pura jakarta pusat,83,52,0,0,0,0,83,PM10,MEDIUM
5736,202411,2024-11-15,komp angkasa pura jakarta pusat,88,57,0,0,0,0,88,PM10,MEDIUM
5737,202411,2024-11-16,komp angkasa pura jakarta pusat,69,42,0,0,0,0,69,PM10,MEDIUM
5738,202411,2024-11-17,komp angkasa pura jakarta pusat,69,40,0,0,0,0,69,PM10,MEDIUM
5739,202411,2024-11-18,komp angkasa pura jakarta pusat,69,36,0,0,0,0,69,PM10,MEDIUM
5740,202411,2024-11-19,komp angkasa pura jakarta pusat,68,36,4,20,4,4,68,PM10,MEDIUM
5741,202411,2024-11-20,komp angkasa pura jakarta pusat,62,31,3,19,4,4,62,PM10,MEDIUM
5742,202411,2024-11-21,komp angkasa pura jakarta pusat,58,29,4,19,4,3,58,PM10,MEDIUM
5743,202411,2024-11-22,komp angkasa pura jakarta pusat,45,20,3,28,4,3,45,PM10,GOOD
5744,202411,2024-11-23,komp angkasa pura jakarta pusat,46,21,4,27,4,4,46,PM10,GOOD
5745,202411,2024-11-24,komp angkasa pura jakarta pusat,41,18,4,29,4,4,41,PM10,GOOD
5746,202411,2024-11-25,komp angkasa pura jakarta pusat,38,18,5,28,4,5,38,PM10,GOOD
5747,202411,2024-11-26,komp angkasa pura jakarta pusat,37,23,4,29,5,4,37,PM10,GOOD
5748,202411,2024-11-27,komp angkasa pura jakarta pusat,34,13,4,30,5,4,34,PM10,GOOD
5749,202411,2024-11-28,komp angkasa pura jakarta pusat,33,15,4,32,6,4,33,PM10,GOOD
5750,202411,2024-11-29,komp angkasa pura jakarta pusat,31,11,4,31,7,4,31,PM10,GOOD
5751,202411,2024-11-30,komp angkasa pura jakarta pusat,30,13,4,32,7,4,32,CO,GOOD
5752,202412,2024-12-01,komp angkasa pura jakarta pusat,32,13,5,13,8,4,32,PM10,GOOD
5753,202412,2024-12-02,komp angkasa pura jakarta pusat,30,13,5,15,8,5,30,PM10,GOOD
5754,202412,2024-12-03,komp angkasa pura jakarta pusat,27,9,5,3,8,4,27,PM10,GOOD
5755,202412,2024-12-04,komp angkasa pura jakarta pusat,26,10,4,37,10,5,37,CO,GOOD
5756,202412,2024-12-05,komp angkasa pura jakarta pusat,32,12,5,58,9,5,58,CO,MEDIUM
5757,202412,2024-12-06,komp angkasa pura jakarta pusat,44,21,5,64,9,5,64,CO,MEDIUM
5758,202412,2024-12-07,komp angkasa pura jakarta pusat,42,31,7,59,9,6,59,CO,MEDIUM
5759,202412,2024-12-08,komp angkasa pura jakarta pusat,44,21,8,4,9,6,44,PM10,GOOD
5760,202412,2024-12-09,komp angkasa pura jakarta pusat,34,25,10,8,9,6,34,PM10,GOOD
5761,202412,2024-12-10,komp angkasa pura jakarta pusat,34,12,8,32,9,6,34,PM10,GOOD
5762,202412,2024-12-11,komp angkasa pura jakarta pusat,34,15,7,60,9,6,60,CO,MEDIUM
5763,202412,2024-12-12,komp angkasa pura jakarta pusat,30,10,6,15,10,6,30,PM10,GOOD
5764,202412,2024-12-13,komp angkasa pura jakarta pusat,30,12,6,52,10,6,52,CO,MEDIUM
5765,202412,2024-12-14,komp angkasa pura jakarta pusat,29,10,8,68,10,6,68,CO,MEDIUM
5766,202412,2024-12-15,komp angkasa pura jakarta pusat,35,11,7,88,11,6,88,CO,MEDIUM
5767,202412,2024-12-16,komp angkasa pura jakarta pusat,37,12,7,36,11,6,37,PM10,GOOD
5768,202412,2024-12-17,komp angkasa pura jakarta pusat,41,12,7,37,11,7,41,PM10,GOOD
5769,202412,2024-12-18,komp angkasa pura jakarta pusat,40,11,7,5,11,7,40,PM10,GOOD
5770,202412,2024-12-19,komp angkasa pura jakarta pusat,40,14,7,38,11,6,40,PM10,GOOD
5771,202412,2024-12-20,komp angkasa pura jakarta pusat,39,15,6,39,11,7,39,PM10,GOOD
5772,202412,2024-12-21,komp angkasa pura jakarta pusat,37,15,7,29,11,6,37,PM10,GOOD
5773,202412,2024-12-22,komp angkasa pura jakarta pusat,41,18,6,4,10,7,41,PM10,GOOD
5774,202412,2024-12-23,komp angkasa pura jakarta pusat,47,20,6,22,10,7,47,PM10,GOOD
5775,202412,2024-12-24,komp angkasa pura jakarta pusat,54,21,6,50,10,7,54,PM10,MEDIUM
5776,202412,2024-12-25,komp angkasa pura jakarta pusat,57,19,6,4,10,7,57,PM10,MEDIUM
5777,202412,2024-12-26,komp angkasa pura jakarta pusat,55,20,6,4,10,7,55,PM10,MEDIUM
5778,202412,2024-12-27,komp angkasa pura jakarta pusat,57,27,6,4,10,7,57,PM10,MEDIUM
5779,202412,2024-12-28,komp angkasa pura jakarta pusat,52,24,6,4,10,7,52,PM10,MEDIUM
5780,202412,2024-12-29,komp angkasa pura jakarta pusat,55,25,8,41,10,7,55,PM10,MEDIUM
5781,202412,2024-12-30,komp angkasa pura jakarta pusat,58,16,6,35,10,6,58,PM10,MEDIUM
5782,202412,2024-12-31,komp angkasa pura jakarta pusat,57,19,6,17,10,6,57,PM10,MEDIUM
5783,202501,2025-01-01,komp angkasa pura jakarta pusat,51,20,5,44,11,7,51,PM10,MEDIUM
5784,202501,2025-01-02,komp angkasa pura jakarta pusat,46,19,6,48,12,7,48,CO,GOOD
5785,202501,2025-01-03,komp angkasa pura jakarta pusat,47,24,8,60,12,11,60,CO,MEDIUM
5786,202501,2025-01-04,komp angkasa pura jakarta pusat,47,21,7,50,12,9,50,CO,GOOD
5787,202501,2025-01-05,komp angkasa pura jakarta pusat,45,21,8,49,12,9,49,CO,GOOD
5788,202501,2025-01-06,komp angkasa pura jakarta pusat,54,35,7,45,12,8,54,PM10,MEDIUM
5789,202501,2025-01-07,komp angkasa pura jakarta pusat,52,22,6,44,11,8,52,PM10,MEDIUM
5790,202501,2025-01-08,komp angkasa pura jakarta pusat,49,19,5,42,11,7,49,PM10,GOOD
5791,202501,2025-01-09,komp angkasa pura jakarta pusat,44,17,5,40,11,7,44,PM10,GOOD
5792,202501,2025-01-10,komp angkasa pura jakarta pusat,47,29,5,49,11,8,49,CO,GOOD
5793,202501,2025-01-11,komp angkasa pura jakarta pusat,46,31,5,39,11,8,46,PM10,GOOD
5794,202501,2025-01-12,komp angkasa pura jakarta pusat,51,20,5,39,11,8,51,PM10,MEDIUM
5795,202501,2025-01-13,komp angkasa pura jakarta pusat,50,24,5,39,11,8,50,PM10,GOOD
5796,202501,2025-01-14,komp angkasa pura jakarta pusat,45,19,5,40,10,8,45,PM10,GOOD
5797,202501,2025-01-15,komp angkasa pura jakarta pusat,47,27,5,39,10,9,47,PM10,GOOD
5798,202501,2025-01-16,komp angkasa pura jakarta pusat,43,21,5,39,10,9,43,PM10,GOOD
5799,202501,2025-01-17,komp angkasa pura jakarta pusat,42,18,5,39,10,9,42,PM10,GOOD
5800,202501,2025-01-18,komp angkasa pura jakarta pusat,38,14,5,38,10,9,38,PM10,GOOD
5801,202501,2025-01-19,komp angkasa pura jakarta pusat,39,19,5,37,10,9,39,PM10,GOOD
5802,202501,2025-01-20,komp angkasa pura jakarta pusat,39,16,6,37,10,9,39,PM10,GOOD
5803,202501,2025-01-21,komp angkasa pura jakarta pusat,41,24,6,38,10,9,41,PM10,GOOD
5804,202501,2025-01-22,komp angkasa pura jakarta pusat,38,19,5,37,11,9,38,PM10,GOOD
5805,202501,2025-01-23,komp angkasa pura jakarta pusat,41,25,6,39,11,9,41,PM10,GOOD
5806,202501,2025-01-24,komp angkasa pura jakarta pusat,44,33,7,39,10,9,44,PM10,GOOD
5807,202501,2025-01-25,komp angkasa pura jakarta pusat,44,26,7,41,11,9,44,PM10,GOOD
5808,202501,2025-01-26,komp angkasa pura jakarta pusat,42,21,7,40,11,9,42,PM10,GOOD
5809,202501,2025-01-27,komp angkasa pura jakarta pusat,39,18,7,40,11,8,40,CO,GOOD
5810,202501,2025-01-28,komp angkasa pura jakarta pusat,41,18,8,39,11,8,41,PM10,GOOD
5811,202501,2025-01-29,komp angkasa pura jakarta pusat,38,12,9,39,11,7,39,CO,GOOD
5812,202501,2025-01-30,komp angkasa pura jakarta pusat,40,18,7,42,11,7,42,CO,GOOD
5813,202501,2025-01-31,komp angkasa pura jakarta pusat,45,28,9,45,11,7,45,PM10,GOOD
5814,202502,2025-02-01,komp angkasa pura jakarta pusat,42,30,8,50,11,7,50,CO,GOOD
5815,202502,2025-02-02,komp angkasa pura jakarta pusat,41,27,7,49,11,7,49,CO,GOOD
5816,202502,2025-02-03,komp angkasa pura jakarta pusat,39,26,6,49,11,7,49,CO,GOOD
5817,202502,2025-02-04,komp angkasa pura jakarta pusat,44,33,5,54,11,8,54,CO,MEDIUM
5818,202502,2025-02-05,komp angkasa pura jakarta pusat,41,25,5,59,11,8,59,CO,MEDIUM
5819,202502,2025-02-06,komp angkasa pura jakarta pusat,38,23,5,58,10,7,58,CO,MEDIUM
5820,202502,2025-02-07,komp angkasa pura jakarta pusat,38,26,5,55,10,8,55,CO,MEDIUM
5821,202502,2025-02-08,komp angkasa pura jakarta pusat,35,22,4,52,10,8,52,CO,MEDIUM
5822,202502,2025-02-09,komp angkasa pura jakarta pusat,34,18,4,49,10,8,49,CO,GOOD
5823,202502,2025-02-10,komp angkasa pura jakarta pusat,34,19,4,47,10,8,47,CO,GOOD
5824,202502,2025-02-11,komp angkasa pura jakarta pusat,35,26,5,47,10,8,47,CO,GOOD
5825,202502,2025-02-12,komp angkasa pura jakarta pusat,41,38,5,47,10,8,47,CO,GOOD
5826,202502,2025-02-13,komp angkasa pura jakarta pusat,42,34,5,47,10,8,47,CO,GOOD
5827,202502,2025-02-14,komp angkasa pura jakarta pusat,44,30,6,45,10,9,45,CO,GOOD
5828,202502,2025-02-15,komp angkasa pura jakarta pusat,40,33,6,46,11,8,46,CO,GOOD
5829,202502,2025-02-16,komp angkasa pura jakarta pusat,40,25,6,44,10,8,44,CO,GOOD
5830,202502,2025-02-17,komp angkasa pura jakarta pusat,38,24,6,44,10,7,44,CO,GOOD
5831,202502,2025-02-18,komp angkasa pura jakarta pusat,39,36,7,41,10,7,41,CO,GOOD
5832,202502,2025-02-19,komp angkasa pura jakarta pusat,38,24,7,40,9,7,40,CO,GOOD
5833,202502,2025-02-20,komp angkasa pura jakarta pusat,37,21,7,38,9,8,38,CO,GOOD
5834,202502,2025-02-21,komp angkasa pura jakarta pusat,41,29,7,36,9,8,41,PM10,GOOD
5835,202502,2025-02-22,komp angkasa pura jakarta pusat,37,21,6,35,9,8,37,PM10,GOOD
5836,202502,2025-02-23,komp angkasa pura jakarta pusat,37,21,6,34,9,7,37,PM10,GOOD
5837,202502,2025-02-24,komp angkasa pura jakarta pusat,34,16,7,33,9,7,34,PM10,GOOD
5838,202502,2025-02-25,komp angkasa pura jakarta pusat,38,30,6,33,9,8,38,PM10,GOOD
5839,202502,2025-02-26,komp angkasa pura jakarta pusat,35,19,7,32,9,7,35,PM10,GOOD
5840,202502,2025-02-27,komp angkasa pura jakarta pusat,46,34,6,33,10,8,46,PM10,GOOD
5841,202502,2025-02-28,komp angkasa pura jakarta pusat,39,21,7,31,10,8,39,PM10,GOOD
5842,202503,2025-03-01,komp angkasa pura jakarta pusat,42,25,8,32,9,8,42,PM10,GOOD
5843,202503,2025-03-02,komp angkasa pura jakarta pusat,41,23,8,33,10,8,41,PM10,GOOD
5844,202503,2025-03-03,komp angkasa pura jakarta pusat,41,21,11,32,9,8,41,PM10,GOOD
5845,202503,2025-03-04,komp angkasa pura jakarta pusat,42,24,13,32,9,8,42,PM10,GOOD
5846,202503,2025-03-05,komp angkasa pura jakarta pusat,42,30,17,34,9,9,42,PM10,GOOD
5847,202503,2025-03-06,komp angkasa pura jakarta pusat,44,29,17,34,9,8,44,PM10,GOOD
5848,202503,2025-03-07,komp angkasa pura jakarta pusat,37,14,16,33,9,9,37,PM10,GOOD
5849,202503,2025-03-08,komp angkasa pura jakarta pusat,40,32,14,32,9,11,40,PM10,GOOD
5850,202503,2025-03-09,komp angkasa pura jakarta pusat,36,19,13,31,9,11,36,PM10,GOOD
5851,202503,2025-03-10,komp angkasa pura jakarta pusat,40,19,13,32,10,10,40,PM10,GOOD
5852,202503,2025-03-11,komp angkasa pura jakarta pusat,32,19,12,32,9,9,32,PM10,GOOD
5853,202503,2025-03-12,komp angkasa pura jakarta pusat,30,16,12,31,10,10,31,CO,GOOD
5854,202503,2025-03-13,komp angkasa pura jakarta pusat,29,16,11,31,10,9,31,CO,GOOD
5855,202503,2025-03-14,komp angkasa pura jakarta pusat,29,19,10,32,10,9,32,CO,GOOD
5856,202503,2025-03-15,komp angkasa pura jakarta pusat,29,12,10,33,10,10,33,CO,GOOD
5857,202503,2025-03-16,komp angkasa pura jakarta pusat,28,12,9,33,11,9,33,CO,GOOD
5858,202503,2025-03-17,komp angkasa pura jakarta pusat,29,16,8,34,12,9,34,CO,GOOD
5859,202503,2025-03-18,komp angkasa pura jakarta pusat,28,14,7,36,13,9,36,CO,GOOD
5860,202503,2025-03-19,komp angkasa pura jakarta pusat,28,15,6,35,16,9,35,CO,GOOD
5861,202503,2025-03-20,komp angkasa pura jakarta pusat,29,29,6,36,17,9,36,CO,GOOD
5862,202503,2025-03-21,komp angkasa pura jakarta pusat,29,14,5,36,17,8,36,CO,GOOD
5863,202503,2025-03-22,komp angkasa pura jakarta pusat,32,22,6,37,17,8,37,CO,GOOD
5864,202503,2025-03-23,komp angkasa pura jakarta pusat,32,17,7,37,18,9,37,CO,GOOD
5865,202503,2025-03-24,komp angkasa pura jakarta pusat,32,15,6,36,17,9,36,CO,GOOD
5866,202503,2025-03-25,komp angkasa pura jakarta pusat,30,12,7,37,17,9,37,CO,GOOD
5867,202503,2025-03-26,komp angkasa pura jakarta pusat,31,23,6,42,15,9,42,CO,GOOD
5868,202503,2025-03-27,komp angkasa pura jakarta pusat,30,17,5,42,14,8,42,CO,GOOD
5869,202503,2025-03-28,komp angkasa pura jakarta pusat,30,12,5,41,14,8,41,CO,GOOD
5870,202503,2025-03-29,komp angkasa pura jakarta pusat,28,8,4,42,13,7,42,CO,GOOD
5871,202503,2025-03-30,komp angkasa pura jakarta pusat,27,11,4,43,13,8,43,CO,GOOD
5872,202503,2025-03-31,komp angkasa pura jakarta pusat,27,8,4,43,13,7,43,CO,GOOD
5873,202504,2025-04-01,komp angkasa pura jakarta pusat,27,10,4,43,13,7,43,CO,GOOD
5874,202504,2025-04-02,komp angkasa pura jakarta pusat,26,8,4,43,14,8,43,CO,GOOD
5875,202504,2025-04-03,komp angkasa pura jakarta pusat,27,13,4,44,13,8,44,CO,GOOD
5876,202504,2025-04-04,komp angkasa pura jakarta pusat,26,13,4,42,14,8,42,CO,GOOD
5877,202504,2025-04-05,komp angkasa pura jakarta pusat,27,19,4,45,13,8,45,CO,GOOD
5878,202504,2025-04-06,komp angkasa pura jakarta pusat,26,14,6,50,13,10,50,CO,GOOD
5879,202504,2025-04-07,komp angkasa pura jakarta pusat,27,15,7,50,13,9,50,CO,GOOD
5880,202504,2025-04-08,komp angkasa pura jakarta pusat,27,13,8,53,13,9,53,CO,MEDIUM
5881,202504,2025-04-09,komp angkasa pura jakarta pusat,27,16,8,54,13,10,54,CO,MEDIUM
5882,202504,2025-04-10,komp angkasa pura jakarta pusat,25,14,9,67,12,9,67,CO,MEDIUM
5883,202504,2025-04-11,komp angkasa pura jakarta pusat,23,13,9,60,11,10,60,CO,MEDIUM
5884,202504,2025-04-12,komp angkasa pura jakarta pusat,23,14,10,70,11,10,70,CO,MEDIUM
5885,202504,2025-04-13,komp angkasa pura jakarta pusat,23,7,9,65,11,10,65,CO,MEDIUM
5886,202504,2025-04-14,komp angkasa pura jakarta pusat,26,12,9,62,12,9,62,CO,MEDIUM
5887,202504,2025-04-15,komp angkasa pura jakarta pusat,28,14,8,65,12,9,65,CO,MEDIUM
5888,202504,2025-04-16,komp angkasa pura jakarta pusat,29,8,8,63,13,9,63,CO,MEDIUM
5889,202504,2025-04-17,komp angkasa pura jakarta pusat,32,19,9,60,12,9,60,CO,MEDIUM
5890,202504,2025-04-18,komp angkasa pura jakarta pusat,31,16,9,62,12,9,62,CO,MEDIUM
5891,202504,2025-04-19,komp angkasa pura jakarta pusat,30,16,9,59,13,9,59,CO,MEDIUM
5892,202504,2025-04-20,komp angkasa pura jakarta pusat,28,13,7,64,13,8,64,CO,MEDIUM
5893,202504,2025-04-21,komp angkasa pura jakarta pusat,30,15,7,62,13,9,62,CO,MEDIUM
5894,202504,2025-04-22,komp angkasa pura jakarta pusat,30,17,8,65,12,8,65,CO,MEDIUM
5895,202504,2025-04-23,komp angkasa pura jakarta pusat,29,13,8,64,13,8,64,CO,MEDIUM
5896,202504,2025-04-24,komp angkasa pura jakarta pusat,28,13,7,66,13,8,66,CO,MEDIUM
5897,202504,2025-04-25,komp angkasa pura jakarta pusat,28,17,8,64,13,8,64,CO,MEDIUM
5898,202504,2025-04-26,komp angkasa pura jakarta pusat,27,17,9,63,13,8,63,CO,MEDIUM
5899,202504,2025-04-27,komp angkasa pura jakarta pusat,27,16,8,63,13,8,63,CO,MEDIUM
5900,202504,2025-04-28,komp angkasa pura jakarta pusat,28,17,7,65,13,8,65,CO,MEDIUM
5901,202504,2025-04-29,komp angkasa pura jakarta pusat,28,15,6,63,13,8,63,CO,MEDIUM
5902,202504,2025-04-30,komp angkasa pura jakarta pusat,29,18,6,64,14,8,64,CO,MEDIUM
5903,202505,2025-05-01,komp angkasa pura jakarta pusat,37,21,8,46,13,11,46,CO,GOOD
5904,202505,2025-05-02,komp angkasa pura jakarta pusat,41,26,14,21,15,18,41,PM10,GOOD
5905,202505,2025-05-03,komp angkasa pura jakarta pusat,37,19,16,14,15,21,37,PM10,GOOD
5906,202505,2025-05-04,komp angkasa pura jakarta pusat,39,20,16,10,16,22,39,PM10,GOOD
5907,202505,2025-05-05,komp angkasa pura jakarta pusat,42,24,16,52,15,23,52,CO,MEDIUM
5908,202505,2025-05-06,komp angkasa pura jakarta pusat,43,24,15,43,14,21,43,PM10,GOOD
5909,202505,2025-05-07,komp angkasa pura jakarta pusat,48,28,17,14,16,25,48,PM10,GOOD
5910,202505,2025-05-08,komp angkasa pura jakarta pusat,55,31,17,18,16,25,55,PM10,MEDIUM
5911,202505,2025-05-09,komp angkasa pura jakarta pusat,56,35,17,5,15,25,56,PM10,MEDIUM
5912,202505,2025-05-10,komp angkasa pura jakarta pusat,56,34,17,7,14,26,56,PM10,MEDIUM
5913,202505,2025-05-11,komp angkasa pura jakarta pusat,59,36,16,-4,16,28,59,PM10,MEDIUM
5914,202505,2025-05-12,komp angkasa pura jakarta pusat,53,26,17,-3,16,29,53,PM10,MEDIUM
5915,202505,2025-05-13,komp angkasa pura jakarta pusat,53,31,16,-3,17,29,53,PM10,MEDIUM
5916,202505,2025-05-14,komp angkasa pura jakarta pusat,50,31,14,2,18,27,50,PM10,GOOD
5917,202505,2025-05-15,komp angkasa pura jakarta pusat,47,30,13,4,19,28,47,PM10,GOOD
5918,202505,2025-05-16,komp angkasa pura jakarta pusat,46,25,13,2,15,24,46,PM10,GOOD
5919,202505,2025-05-17,komp angkasa pura jakarta pusat,44,26,12,2,15,21,44,PM10,GOOD
5920,202505,2025-05-18,komp angkasa pura jakarta pusat,43,25,12,4,14,24,43,PM10,GOOD
5921,202505,2025-05-19,komp angkasa pura jakarta pusat,38,23,15,8,14,24,38,PM10,GOOD
5922,202505,2025-05-20,komp angkasa pura jakarta pusat,42,23,18,2,15,27,42,PM10,GOOD
5923,202505,2025-05-21,komp angkasa pura jakarta pusat,49,32,17,3,15,25,49,PM10,GOOD
5924,202505,2025-05-22,komp angkasa pura jakarta pusat,49,24,17,1,15,28,49,PM10,GOOD
5925,202505,2025-05-23,komp angkasa pura jakarta pusat,47,22,16,2,14,28,47,PM10,GOOD
5926,202505,2025-05-24,komp angkasa pura jakarta pusat,42,18,15,3,13,27,42,PM10,GOOD
5927,202505,2025-05-25,komp angkasa pura jakarta pusat,48,21,16,2,12,25,48,PM10,GOOD
5928,202505,2025-05-26,komp angkasa pura jakarta pusat,51,23,16,2,12,25,51,PM10,MEDIUM
5929,202505,2025-05-27,komp angkasa pura jakarta pusat,45,18,15,10,12,29,45,PM10,GOOD
5930,202505,2025-05-28,komp angkasa pura jakarta pusat,52,30,17,1,12,26,52,PM10,MEDIUM
5931,202505,2025-05-29,komp angkasa pura jakarta pusat,53,31,15,-3,13,27,53,PM10,MEDIUM
5932,202505,2025-05-30,komp angkasa pura jakarta pusat,57,33,16,2,16,30,57,PM10,MEDIUM
5933,202505,2025-05-31,komp angkasa pura jakarta pusat,65,41,16,10,16,30,65,PM10,MEDIUM
5934,202506,2025-06-01,komp angkasa pura jakarta pusat,64,39,15,-1,15,30,64,PM10,MEDIUM
5935,202506,2025-06-02,komp angkasa pura jakarta pusat,67,41,15,10,14,31,67,PM10,MEDIUM
5936,202506,2025-06-03,komp angkasa pura jakarta pusat,70,39,15,27,14,33,70,PM10,MEDIUM
5937,202506,2025-06-04,komp angkasa pura jakarta pusat,77,43,16,31,15,33,77,PM10,MEDIUM
5938,202506,2025-06-05,komp angkasa pura jakarta pusat,77,44,15,21,14,32,77,PM10,MEDIUM
5939,202506,2025-06-06,komp angkasa pura jakarta pusat,80,44,15,17,15,33,80,PM10,MEDIUM
5940,202506,2025-06-07,komp angkasa pura jakarta pusat,80,48,16,2,15,31,80,PM10,MEDIUM
5941,202506,2025-06-08,komp angkasa pura jakarta pusat,80,44,15,16,15,31,80,PM10,MEDIUM
5942,202506,2025-06-09,komp angkasa pura jakarta pusat,78,41,16,28,14,29,78,PM10,MEDIUM
5943,202506,2025-06-10,komp angkasa pura jakarta pusat,72,38,15,5,14,27,72,PM10,MEDIUM
5944,202506,2025-06-11,komp angkasa pura jakarta pusat,74,36,15,30,16,27,74,PM10,MEDIUM
5945,202506,2025-06-12,komp angkasa pura jakarta pusat,69,37,15,40,15,25,69,PM10,MEDIUM
5946,202506,2025-06-13,komp angkasa pura jakarta pusat,69,39,14,22,15,25,69,PM10,MEDIUM
5947,202506,2025-06-14,komp angkasa pura jakarta pusat,74,36,14,47,14,28,74,PM10,MEDIUM
5948,202506,2025-06-15,komp angkasa pura jakarta pusat,61,27,16,25,12,26,61,PM10,MEDIUM
5949,202506,2025-06-16,komp angkasa pura jakarta pusat,60,25,17,3,14,26,60,PM10,MEDIUM
5950,202506,2025-06-17,komp angkasa pura jakarta pusat,53,23,16,34,14,27,53,PM10,MEDIUM
5951,202506,2025-06-18,komp angkasa pura jakarta pusat,45,18,15,22,14,30,45,PM10,GOOD
5952,202506,2025-06-19,komp angkasa pura jakarta pusat,43,19,17,18,16,28,43,PM10,GOOD
5953,202506,2025-06-20,komp angkasa pura jakarta pusat,48,24,17,21,14,27,48,PM10,GOOD
5954,202506,2025-06-21,komp angkasa pura jakarta pusat,43,22,15,28,14,27,43,PM10,GOOD
5955,202506,2025-06-22,komp angkasa pura jakarta pusat,44,24,14,9,13,25,44,PM10,GOOD
5956,202506,2025-06-23,komp angkasa pura jakarta pusat,45,24,14,6,14,25,45,PM10,GOOD
5957,202506,2025-06-24,komp angkasa pura jakarta pusat,50,27,14,38,15,26,50,PM10,GOOD
5958,202506,2025-06-25,komp angkasa pura jakarta pusat,68,38,14,30,17,33,68,PM10,MEDIUM
5959,202506,2025-06-26,komp angkasa pura jakarta pusat,69,39,16,28,16,27,69,PM10,MEDIUM
5960,202506,2025-06-27,komp angkasa pura jakarta pusat,69,39,13,13,17,22,69,PM10,MEDIUM
5961,202506,2025-06-28,komp angkasa pura jakarta pusat,78,41,13,31,19,26,78,PM10,MEDIUM
5962,202506,2025-06-29,komp angkasa pura jakarta pusat,71,37,14,5,20,25,71,PM10,MEDIUM
5963,202506,2025-06-30,komp angkasa pura jakarta pusat,79,43,16,13,19,25,79,PM10,MEDIUM
5964,202507,2025-07-01,komp angkasa pura jakarta pusat,65,27,13,28,17,24,65,PM10,MEDIUM
5965,202507,2025-07-02,komp angkasa pura jakarta pusat,50,22,13,20,16,26,50,PM10,GOOD
5966,202507,2025-07-03,komp angkasa pura jakarta pusat,44,21,13,25,16,27,44,PM10,GOOD
5967,202507,2025-07-04,komp angkasa pura jakarta pusat,47,25,12,27,16,25,47,PM10,GOOD
5968,202507,2025-07-05,komp angkasa pura jakarta pusat,45,26,12,25,16,24,45,PM10,GOOD
5969,202507,2025-07-06,komp angkasa pura jakarta pusat,43,24,12,34,16,24,43,PM10,GOOD
5970,202507,2025-07-07,komp angkasa pura jakarta pusat,39,20,12,30,15,24,39,PM10,GOOD
5971,202507,2025-07-08,komp angkasa pura jakarta pusat,36,18,11,32,16,22,36,PM10,GOOD
5972,202507,2025-07-09,komp angkasa pura jakarta pusat,37,21,11,38,15,22,38,CO,GOOD
5973,202507,2025-07-10,komp angkasa pura jakarta pusat,43,24,12,32,15,22,43,PM10,GOOD
5974,202507,2025-07-11,komp angkasa pura jakarta pusat,48,28,10,32,15,23,48,PM10,GOOD
5975,202507,2025-07-12,komp angkasa pura jakarta pusat,62,39,12,27,15,22,62,PM10,MEDIUM
5976,202507,2025-07-13,komp angkasa pura jakarta pusat,70,39,12,27,15,21,70,PM10,MEDIUM
5977,202507,2025-07-14,komp angkasa pura jakarta pusat,66,36,12,35,16,21,66,PM10,MEDIUM
5978,202507,2025-07-15,komp angkasa pura jakarta pusat,67,37,12,33,19,21,67,PM10,MEDIUM
5979,202507,2025-07-16,komp angkasa pura jakarta pusat,60,34,12,21,17,19,60,PM10,MEDIUM
5980,202507,2025-07-17,komp angkasa pura jakarta pusat,58,30,11,15,17,19,58,PM10,MEDIUM
5981,202507,2025-07-18,komp angkasa pura jakarta pusat,53,28,11,28,15,19,53,PM10,MEDIUM
5982,202507,2025-07-19,komp angkasa pura jakarta pusat,54,27,12,22,16,19,54,PM10,MEDIUM
5983,202507,2025-07-20,komp angkasa pura jakarta pusat,54,28,11,23,18,19,54,PM10,MEDIUM
5984,202507,2025-07-21,komp angkasa pura jakarta pusat,50,26,10,22,18,19,50,PM10,GOOD
5985,202507,2025-07-22,komp angkasa pura jakarta pusat,49,29,11,19,18,19,49,PM10,GOOD
5986,202507,2025-07-23,komp angkasa pura jakarta pusat,49,30,11,16,18,20,49,PM10,GOOD
5987,202507,2025-07-24,komp angkasa pura jakarta pusat,54,33,11,11,18,19,54,PM10,MEDIUM
5988,202507,2025-07-25,komp angkasa pura jakarta pusat,59,37,11,16,19,18,59,PM10,MEDIUM
5989,202507,2025-07-26,komp angkasa pura jakarta pusat,62,36,11,10,19,20,62,PM10,MEDIUM
5990,202507,2025-07-27,komp angkasa pura jakarta pusat,69,55,12,9,19,22,69,PM10,MEDIUM
5991,202507,2025-07-28,komp angkasa pura jakarta pusat,60,37,12,10,19,22,60,PM10,MEDIUM
5992,202507,2025-07-29,komp angkasa pura jakarta pusat,60,31,13,8,18,22,60,PM10,MEDIUM
5993,202507,2025-07-30,komp angkasa pura jakarta pusat,49,23,12,30,17,22,49,PM10,GOOD
5994,202507,2025-07-31,komp angkasa pura jakarta pusat,39,19,9,32,17,20,39,PM10,GOOD
5995,202508,2025-08-01,komp angkasa pura jakarta pusat,26,12,8,4,10,18,26,PM10,GOOD
5996,202508,2025-08-02,komp angkasa pura jakarta pusat,24,10,8,3,16,18,24,PM10,GOOD
5997,202508,2025-08-03,komp angkasa pura jakarta pusat,25,10,6,3,15,16,25,PM10,GOOD
5998,202508,2025-08-04,komp angkasa pura jakarta pusat,24,11,6,5,14,14,24,PM10,GOOD
5999,202508,2025-08-05,komp angkasa pura jakarta pusat,22,10,5,4,13,13,22,PM10,GOOD
6000,202508,2025-08-06,komp angkasa pura jakarta pusat,25,12,4,4,12,12,25,PM10,GOOD
6001,202508,2025-08-07,komp angkasa pura jakarta pusat,35,19,7,2,15,14,35,PM10,GOOD
6002,202508,2025-08-08,komp angkasa pura jakarta pusat,41,23,8,2,15,16,41,PM10,GOOD
6003,202508,2025-08-09,komp angkasa pura jakarta pusat,43,25,9,11,16,17,43,PM10,GOOD
6004,202508,2025-08-10,komp angkasa pura jakarta pusat,42,23,10,1,16,16,42,PM10,GOOD
6005,202508,2025-08-11,komp angkasa pura jakarta pusat,34,17,7,3,15,12,34,PM10,GOOD
6006,202508,2025-08-12,komp angkasa pura jakarta pusat,23,12,5,8,14,9,23,PM10,GOOD
6007,202508,2025-08-13,komp angkasa pura jakarta pusat,21,10,3,7,13,8,21,PM10,GOOD
6008,202508,2025-08-14,komp angkasa pura jakarta pusat,21,10,3,7,13,7,21,PM10,GOOD
6009,202508,2025-08-15,komp angkasa pura jakarta pusat,19,9,2,6,13,6,19,PM10,GOOD
6010,202508,2025-08-16,komp angkasa pura jakarta pusat,20,9,2,7,14,6,20,PM10,GOOD
6011,202508,2025-08-17,komp angkasa pura jakarta pusat,19,9,2,6,13,5,19,PM10,GOOD
6012,202508,2025-08-18,komp angkasa pura jakarta pusat,19,9,2,7,13,6,19,PM10,GOOD
6013,202508,2025-08-19,komp angkasa pura jakarta pusat,19,8,2,7,13,6,19,PM10,GOOD
6014,202508,2025-08-20,komp angkasa pura jakarta pusat,20,8,2,8,12,5,20,PM10,GOOD
6015,202508,2025-08-21,komp angkasa pura jakarta pusat,19,8,2,5,13,6,19,PM10,GOOD
6016,202508,2025-08-22,komp angkasa pura jakarta pusat,20,10,1,6,13,6,20,PM10,GOOD
6017,202508,2025-08-23,komp angkasa pura jakarta pusat,20,10,2,6,12,5,20,PM10,GOOD
6018,202508,2025-08-24,komp angkasa pura jakarta pusat,22,12,2,7,12,5,22,PM10,GOOD
6019,202508,2025-08-25,komp angkasa pura jakarta pusat,24,10,2,7,12,5,24,PM10,GOOD
6020,202508,2025-08-26,komp angkasa pura jakarta pusat,22,11,2,6,12,5,22,PM10,GOOD
6021,202508,2025-08-27,komp angkasa pura jakarta pusat,24,13,2,7,11,5,24,PM10,GOOD
6022,202508,2025-08-28,komp angkasa pura jakarta pusat,25,13,1,6,11,5,25,PM10,GOOD
6023,202508,2025-08-29,komp angkasa pura jakarta pusat,26,16,1,6,12,5,26,PM10,GOOD
6024,202508,2025-08-30,komp angkasa pura jakarta pusat,25,15,1,7,11,5,25,PM10,GOOD
6025,202508,2025-08-31,komp angkasa pura jakarta pusat,25,13,1,10,11,4,25,PM10,GOOD
6026,202509,2025-09-01,komp angkasa pura jakarta pusat,22,10,1,7,5,5,22,PM10,GOOD
6027,202509,2025-09-02,komp angkasa pura jakarta pusat,24,10,1,9,5,5,24,PM10,GOOD
6028,202509,2025-09-03,komp angkasa pura jakarta pusat,20,9,1,6,5,5,20,PM10,GOOD
6029,202509,2025-09-04,komp angkasa pura jakarta pusat,32,12,3,5,15,15,32,PM10,GOOD
6030,202509,2025-09-05,komp angkasa pura jakarta pusat,24,9,2,5,10,10,24,PM10,GOOD
6031,202509,2025-09-06,komp angkasa pura jakarta pusat,20,8,1,5,5,5,20,PM10,GOOD
6032,202509,2025-09-07,komp angkasa pura jakarta pusat,18,8,1,5,5,5,18,PM10,GOOD
6033,202509,2025-09-08,komp angkasa pura jakarta pusat,22,11,1,4,5,5,22,PM10,GOOD
6034,202509,2025-09-09,komp angkasa pura jakarta pusat,19,9,1,4,5,5,19,PM10,GOOD
6035,202509,2025-09-10,komp angkasa pura jakarta pusat,23,9,1,4,5,5,23,PM10,GOOD
6036,202509,2025-09-11,komp angkasa pura jakarta pusat,19,8,1,4,5,5,19,PM10,GOOD
6037,202509,2025-09-12,komp angkasa pura jakarta pusat,19,7,1,4,5,5,19,PM10,GOOD
6038,202509,2025-09-13,komp angkasa pura jakarta pusat,16,6,1,4,5,5,16,PM10,GOOD
6039,202509,2025-09-14,komp angkasa pura jakarta pusat,18,8,1,3,5,5,18,PM10,GOOD
6040,202509,2025-09-15,komp angkasa pura jakarta pusat,20,9,3,4,7,7,20,PM10,GOOD
6041,202509,2025-09-16,komp angkasa pura jakarta pusat,26,12,3,7,8,8,26,PM10,GOOD
6042,202509,2025-09-17,komp angkasa pura jakarta pusat,24,10,3,5,8,8,24,PM10,GOOD
6043,202509,2025-09-18,komp angkasa pura jakarta pusat,31,14,7,2,13,13,31,PM10,GOOD
6044,202509,2025-09-19,komp angkasa pura jakarta pusat,50,27,7,3,19,19,50,PM10,GOOD
6045,202509,2025-09-20,komp angkasa pura jakarta pusat,45,25,8,3,18,18,45,PM10,GOOD
6046,202509,2025-09-21,komp angkasa pura jakarta pusat,34,18,7,2,18,18,34,PM10,GOOD
6047,202509,2025-09-22,komp angkasa pura jakarta pusat,33,19,8,2,18,18,33,PM10,GOOD
6048,202509,2025-09-23,komp angkasa pura jakarta pusat,30,17,8,16,17,17,30,PM10,GOOD
6049,202509,2025-09-24,komp angkasa pura jakarta pusat,37,22,9,21,20,20,37,PM10,GOOD
6050,202509,2025-09-25,komp angkasa pura jakarta pusat,47,25,15,3,30,30,47,PM10,GOOD
6051,202509,2025-09-26,komp angkasa pura jakarta pusat,48,26,20,3,46,46,48,PM10,GOOD
6052,202509,2025-09-27,komp angkasa pura jakarta pusat,37,20,12,3,47,47,47,O3,GOOD
6053,202509,2025-09-28,komp angkasa pura jakarta pusat,38,18,6,24,45,45,45,O3,GOOD
6054,202509,2025-09-29,komp angkasa pura jakarta pusat,63,34,13,21,42,42,63,PM10,MEDIUM
6055,202509,2025-09-30,komp angkasa pura jakarta pusat,70,34,17,52,54,54,70,PM10,MEDIUM
6056,202510,2025-10-01,komp angkasa pura jakarta pusat,88,23,19,61,21,53,88,PM10,MEDIUM
6057,202510,2025-10-02,komp angkasa pura jakarta pusat,38,26,13,40,16,49,49,NO2,GOOD
6058,202510,2025-10-03,komp angkasa pura jakarta pusat,38,24,21,85,22,68,85,CO,MEDIUM
6059,202510,2025-10-04,komp angkasa pura jakarta pusat,80,29,34,99,41,72,99,CO,MEDIUM
6060,202510,2025-10-05,komp angkasa pura jakarta pusat,136,41,21,92,43,64,136,PM10,UNHEALTHY
6061,202510,2025-10-06,komp angkasa pura jakarta pusat,150,24,22,99,24,72,150,PM10,UNHEALTHY
6062,202510,2025-10-07,komp angkasa pura jakarta pusat,97,29,23,89,21,64,97,PM10,MEDIUM
6063,202510,2025-10-08,komp angkasa pura jakarta pusat,90,46,27,99,54,59,99,CO,MEDIUM
6064,202510,2025-10-09,komp angkasa pura jakarta pusat,128,49,24,98,55,67,128,PM10,UNHEALTHY
6065,202510,2025-10-10,komp angkasa pura jakarta pusat,107,45,25,96,49,68,107,PM10,UNHEALTHY
6066,202510,2025-10-11,komp angkasa pura jakarta pusat,141,4,24,94,50,61,141,PM10,UNHEALTHY
6067,202510,2025-10-12,komp angkasa pura jakarta pusat,108,47,21,91,45,56,108,PM10,UNHEALTHY
6068,202510,2025-10-13,komp angkasa pura jakarta pusat,90,38,16,91,36,51,91,CO,MEDIUM
6069,202510,2025-10-14,komp angkasa pura jakarta pusat,66,41,15,88,38,46,88,CO,MEDIUM
6070,202510,2025-10-15,komp angkasa pura jakarta pusat,100,31,16,91,40,54,100,PM10,MEDIUM
6071,202510,2025-10-16,komp angkasa pura jakarta pusat,81,36,24,89,37,54,89,CO,MEDIUM
6072,202510,2025-10-17,komp angkasa pura jakarta pusat,74,49,29,91,39,53,91,CO,MEDIUM
6073,202510,2025-10-18,komp angkasa pura jakarta pusat,101,40,21,94,49,63,101,PM10,UNHEALTHY
6074,202510,2025-10-19,komp angkasa pura jakarta pusat,140,50,25,103,44,57,140,PM10,UNHEALTHY
6075,202510,2025-10-20,komp angkasa pura jakarta pusat,103,44,25,200,35,58,200,CO,UNHEALTHY
6076,202510,2025-10-21,komp angkasa pura jakarta pusat,125,43,27,205,42,52,205,CO,UNHEALTHY
6077,202510,2025-10-22,komp angkasa pura jakarta pusat,80,22,23,144,18,46,144,CO,UNHEALTHY
6078,202510,2025-10-23,komp angkasa pura jakarta pusat,55,22,20,132,15,36,132,CO,UNHEALTHY
6079,202510,2025-10-24,komp angkasa pura jakarta pusat,31,18,19,96,12,45,96,CO,MEDIUM
6080,202510,2025-10-25,komp angkasa pura jakarta pusat,27,14,18,100,19,49,100,CO,MEDIUM
6081,202510,2025-10-26,komp angkasa pura jakarta pusat,49,19,18,95,30,49,95,CO,MEDIUM
6082,202510,2025-10-27,komp angkasa pura jakarta pusat,63,21,19,96,40,54,96,CO,MEDIUM
6083,202510,2025-10-28,komp angkasa pura jakarta pusat,68,27,21,98,35,53,98,CO,MEDIUM
6084,202510,2025-10-29,komp angkasa pura jakarta pusat,37,28,23,93,20,57,93,CO,MEDIUM
6085,202510,2025-10-30,komp angkasa pura jakarta pusat,44,27,23,96,21,57,96,CO,MEDIUM
6086,202510,2025-10-31,komp angkasa pura jakarta pusat,57,29,21,95,24,52,95,CO,MEDIUM
6087,202301,2023-01-01,lubang buaya,23,57,-,-,-,-,57,PM25,MEDIUM
6088,202301,2023-01-02,lubang buaya,27,53,53,3,12,10,53,PM25,MEDIUM
6089,202301,2023-01-03,lubang buaya,19,43,53,3,11,9,53,SO2,MEDIUM
6090,202301,2023-01-04,lubang buaya,17,51,53,4,9,10,53,SO2,MEDIUM
6091,202301,2023-01-05,lubang buaya,21,59,53,19,14,11,59,PM25,MEDIUM
6092,202301,2023-01-06,lubang buaya,38,68,53,16,12,10,68,PM25,MEDIUM
6093,202301,2023-01-07,lubang buaya,30,64,53,14,9,7,64,PM25,MEDIUM
6094,202301,2023-01-08,lubang buaya,21,60,53,13,9,5,60,PM25,MEDIUM
6095,202301,2023-01-09,lubang buaya,37,68,53,15,9,8,68,PM25,MEDIUM
6096,202301,2023-01-10,lubang buaya,32,63,53,13,11,8,63,PM25,MEDIUM
6097,202301,2023-01-11,lubang buaya,36,81,54,14,23,12,81,PM25,MEDIUM
6098,202301,2023-01-12,lubang buaya,-,111,54,15,26,14,111,PM25,UNHEALTHY
6099,202301,2023-01-13,lubang buaya,-,135,55,15,28,15,135,PM25,UNHEALTHY
6100,202301,2023-01-14,lubang buaya,54,91,54,17,19,19,91,PM25,MEDIUM
6101,202301,2023-01-15,lubang buaya,47,73,54,12,15,11,73,PM25,MEDIUM
6102,202301,2023-01-16,lubang buaya,-,-,-,-,-,-,-,-,TIDAK ADA DATA
6103,202301,2023-01-17,lubang buaya,45,66,53,13,7,8,66,PM25,MEDIUM
6104,202301,2023-01-18,lubang buaya,42,80,54,14,8,14,80,PM25,MEDIUM
6105,202301,2023-01-19,lubang buaya,40,79,54,16,7,10,79,PM25,MEDIUM
6106,202301,2023-01-20,lubang buaya,39,65,54,13,11,10,65,PM25,MEDIUM
6107,202301,2023-01-21,lubang buaya,43,75,54,14,10,10,75,PM25,MEDIUM
6108,202301,2023-01-22,lubang buaya,-,66,53,13,9,9,66,PM25,MEDIUM
6109,202301,2023-01-23,lubang buaya,37,51,53,11,11,4,53,SO2,MEDIUM
6110,202301,2023-01-24,lubang buaya,32,43,53,10,11,3,53,SO2,MEDIUM
6111,202301,2023-01-25,lubang buaya,52,53,55,10,10,5,55,SO2,MEDIUM
6112,202301,2023-01-26,lubang buaya,41,61,54,13,12,11,61,PM25,MEDIUM
6113,202301,2023-01-27,lubang buaya,50,66,54,13,10,15,66,PM25,MEDIUM
6114,202301,2023-01-28,lubang buaya,44,68,54,14,7,17,68,PM25,MEDIUM
6115,202301,2023-01-29,lubang buaya,53,82,54,20,8,11,82,PM25,MEDIUM
6116,202301,2023-01-30,lubang buaya,51,65,53,14,14,13,65,PM25,MEDIUM
6117,202301,2023-01-31,lubang buaya,56,90,54,16,15,20,90,PM25,MEDIUM
6118,202302,2023-02-01,lubang buaya,51,65,55,12,13,16,65,PM25,MEDIUM
6119,202302,2023-02-02,lubang buaya,46,66,53,13,8,15,66,PM25,MEDIUM
6120,202302,2023-02-03,lubang buaya,40,53,54,10,9,12,54,SO2,MEDIUM
6121,202302,2023-02-04,lubang buaya,55,74,55,14,9,12,74,PM25,MEDIUM
6122,202302,2023-02-05,lubang buaya,44,71,54,16,7,10,71,PM25,MEDIUM
6123,202302,2023-02-06,lubang buaya,41,56,54,11,12,4,56,PM25,MEDIUM
6124,202302,2023-02-07,lubang buaya,38,65,54,12,12,10,65,PM25,MEDIUM
6125,202302,2023-02-08,lubang buaya,44,61,53,15,7,15,61,PM25,MEDIUM
6126,202302,2023-02-09,lubang buaya,44,61,53,13,7,10,61,PM25,MEDIUM
6127,202302,2023-02-10,lubang buaya,31,42,53,10,11,6,53,SO2,MEDIUM
6128,202302,2023-02-11,lubang buaya,38,51,53,12,8,9,53,SO2,MEDIUM
6129,202302,2023-02-12,lubang buaya,33,42,53,12,8,10,53,SO2,MEDIUM
6130,202302,2023-02-13,lubang buaya,35,51,53,14,7,8,53,SO2,MEDIUM
6131,202302,2023-02-14,lubang buaya,31,39,53,11,7,6,53,SO2,MEDIUM
6132,202302,2023-02-15,lubang buaya,33,48,53,11,9,5,53,SO2,MEDIUM
6133,202302,2023-02-16,lubang buaya,29,53,26,5,7,8,53,PM25,MEDIUM
6134,202302,2023-02-17,lubang buaya,33,48,27,6,8,9,48,PM25,GOOD
6135,202302,2023-02-18,lubang buaya,51,75,27,11,14,14,75,PM25,MEDIUM
6136,202302,2023-02-19,lubang buaya,60,82,27,13,13,14,82,PM25,MEDIUM
6137,202302,2023-02-20,lubang buaya,52,56,26,12,6,7,56,PM25,MEDIUM
6138,202302,2023-02-21,lubang buaya,40,41,26,6,6,6,41,PM25,GOOD
6139,202302,2023-02-22,lubang buaya,39,43,27,6,9,8,43,PM25,GOOD
6140,202302,2023-02-23,lubang buaya,50,59,27,11,8,14,59,PM25,MEDIUM
6141,202302,2023-02-24,lubang buaya,51,49,26,9,10,17,51,PM10,MEDIUM
6142,202302,2023-02-25,lubang buaya,45,55,26,11,14,18,55,PM25,MEDIUM
6143,202302,2023-02-26,lubang buaya,40,52,27,8,15,12,52,PM25,MEDIUM
6144,202302,2023-02-27,lubang buaya,46,50,27,7,16,15,50,PM25,GOOD
6145,202302,2023-02-28,lubang buaya,54,61,29,10,14,18,61,PM25,MEDIUM
6146,202303,2023-03-01,lubang buaya,35,50,28,11,7,17,50,PM25,GOOD
6147,202303,2023-03-02,lubang buaya,38,39,27,10,5,13,39,PM25,GOOD
6148,202303,2023-03-03,lubang buaya,35,50,28,10,8,14,50,PM25,GOOD
6149,202303,2023-03-04,lubang buaya,31,51,28,10,10,14,51,PM25,MEDIUM
6150,202303,2023-03-05,lubang buaya,46,50,28,9,8,11,50,PM25,GOOD
6151,202303,2023-03-06,lubang buaya,51,54,28,6,8,7,54,PM25,MEDIUM
6152,202303,2023-03-07,lubang buaya,34,64,29,8,10,10,64,PM25,MEDIUM
6153,202303,2023-03-08,lubang buaya,-,86,31,12,8,17,86,PM25,MEDIUM
6154,202303,2023-03-09,lubang buaya,50,87,30,13,14,20,87,PM25,MEDIUM
6155,202303,2023-03-10,lubang buaya,-,77,29,15,17,17,77,PM25,MEDIUM
6156,202303,2023-03-11,lubang buaya,49,73,29,11,20,23,73,PM25,MEDIUM
6157,202303,2023-03-12,lubang buaya,64,109,30,16,14,22,109,PM25,UNHEALTHY
6158,202303,2023-03-13,lubang buaya,64,107,31,11,23,16,107,PM25,UNHEALTHY
6159,202303,2023-03-14,lubang buaya,-,76,30,11,12,20,76,PM25,MEDIUM
6160,202303,2023-03-15,lubang buaya,50,63,30,9,15,19,63,PM25,MEDIUM
6161,202303,2023-03-16,lubang buaya,-,107,30,19,15,20,107,PM25,UNHEALTHY
6162,202303,2023-03-17,lubang buaya,-,92,30,16,16,18,92,PM25,MEDIUM
6163,202303,2023-03-18,lubang buaya,-,85,30,10,23,17,85,PM25,MEDIUM
6164,202303,2023-03-19,lubang buaya,61,84,32,12,20,16,84,PM25,MEDIUM
6165,202303,2023-03-20,lubang buaya,52,91,32,12,26,19,91,PM25,MEDIUM
6166,202303,2023-03-21,lubang buaya,59,94,31,11,21,17,94,PM25,MEDIUM
6167,202303,2023-03-22,lubang buaya,60,87,31,7,22,16,87,PM25,MEDIUM
6168,202303,2023-03-23,lubang buaya,63,87,33,13,15,11,87,PM25,MEDIUM
6169,202303,2023-03-24,lubang buaya,57,85,33,8,19,13,85,PM25,MEDIUM
6170,202303,2023-03-25,lubang buaya,-,91,32,11,18,22,91,PM25,MEDIUM
6171,202303,2023-03-26,lubang buaya,-,71,31,11,14,14,71,PM25,MEDIUM
6172,202303,2023-03-27,lubang buaya,-,76,31,16,12,13,76,PM25,MEDIUM
6173,202303,2023-03-28,lubang buaya,-,85,32,18,7,18,85,PM25,MEDIUM
6174,202303,2023-03-29,lubang buaya,-,113,32,21,13,20,113,PM25,UNHEALTHY
6175,202303,2023-03-30,lubang buaya,-,85,33,17,12,15,85,PM25,MEDIUM
6176,202303,2023-03-31,lubang buaya,-,56,31,11,10,13,56,PM25,MEDIUM
6177,202304,2023-04-01,lubang buaya,-,50,31,3,13,8,50,PM25,GOOD
6178,202304,2023-04-02,lubang buaya,-,56,31,6,12,10,56,PM25,MEDIUM
6179,202304,2023-04-03,lubang buaya,-,91,33,8,15,15,91,PM25,MEDIUM
6180,202304,2023-04-04,lubang buaya,-,61,31,6,11,11,61,PM25,MEDIUM
6181,202304,2023-04-05,lubang buaya,-,86,36,7,26,16,86,PM25,MEDIUM
6182,202304,2023-04-06,lubang buaya,-,85,35,6,24,16,85,PM25,MEDIUM
6183,202304,2023-04-07,lubang buaya,-,72,37,5,22,15,72,PM25,MEDIUM
6184,202304,2023-04-08,lubang buaya,-,95,35,4,32,16,95,PM25,MEDIUM
6185,202304,2023-04-09,lubang buaya,-,99,35,10,14,17,99,PM25,MEDIUM
6186,202304,2023-04-10,lubang buaya,-,55,32,3,7,9,55,PM25,MEDIUM
6187,202304,2023-04-11,lubang buaya,-,-,-,-,-,-,,-,TIDAK ADA DATA
6188,202304,2023-04-12,lubang buaya,-,55,32,3,7,7,55,PM25,MEDIUM
6189,202304,2023-04-13,lubang buaya,37,58,32,3,11,8,58,PM25,MEDIUM
6190,202304,2023-04-14,lubang buaya,50,70,34,3,17,13,70,PM25,MEDIUM
6191,202304,2023-04-15,lubang buaya,65,88,33,5,16,14,88,PM25,MEDIUM
6192,202304,2023-04-16,lubang buaya,57,82,33,6,17,11,82,PM25,MEDIUM
6193,202304,2023-04-17,lubang buaya,51,72,32,4,19,13,72,PM25,MEDIUM
6194,202304,2023-04-18,lubang buaya,62,86,38,5,20,14,86,PM25,MEDIUM
6195,202304,2023-04-19,lubang buaya,-,88,33,7,19,11,88,PM25,MEDIUM
6196,202304,2023-04-20,lubang buaya,-,85,32,13,18,15,85,PM25,MEDIUM
6197,202304,2023-04-21,lubang buaya,-,78,32,8,18,13,78,PM25,MEDIUM
6198,202304,2023-04-22,lubang buaya,-,79,33,-,19,11,79,PM25,MEDIUM
6199,202304,2023-04-23,lubang buaya,-,78,34,-,21,5,78,PM25,MEDIUM
6200,202304,2023-04-24,lubang buaya,-,76,33,6,19,10,76,PM25,MEDIUM
6201,202304,2023-04-25,lubang buaya,-,64,33,5,18,11,64,PM25,MEDIUM
6202,202304,2023-04-26,lubang buaya,-,80,34,7,15,13,80,PM25,MEDIUM
6203,202304,2023-04-27,lubang buaya,-,83,34,10,16,13,83,PM25,MEDIUM
6204,202304,2023-04-28,lubang buaya,-,81,33,6,14,10,81,PM25,MEDIUM
6205,202304,2023-04-29,lubang buaya,-,98,34,9,18,18,98,PM25,MEDIUM
6206,202304,2023-04-30,lubang buaya,-,104,33,6,18,13,104,PM25,UNHEALTHY
6207,202305,2023-05-01,lubang buaya,-,76,33,-,18,14,76,PM25,MEDIUM
6208,202305,2023-05-02,lubang buaya,-,113,35,-,15,14,113,PM25,UNHEALTHY
6209,202305,2023-05-03,lubang buaya,-,92,35,-,18,13,92,PM25,MEDIUM
6210,202305,2023-05-04,lubang buaya,-,62,33,21,15,15,62,PM25,MEDIUM
6211,202305,2023-05-05,lubang buaya,-,82,34,24,23,15,82,PM25,MEDIUM
6212,202305,2023-05-06,lubang buaya,-,71,34,20,26,13,71,PM25,MEDIUM
6213,202305,2023-05-07,lubang buaya,-,107,37,37,17,19,107,PM25,UNHEALTHY
6214,202305,2023-05-08,lubang buaya,-,88,34,34,21,20,88,PM25,MEDIUM
6215,202305,2023-05-09,lubang buaya,-,86,35,36,21,17,86,PM25,MEDIUM
6216,202305,2023-05-10,lubang buaya,-,123,36,26,19,13,123,PM25,UNHEALTHY
6217,202305,2023-05-11,lubang buaya,-,109,36,21,16,13,109,PM25,UNHEALTHY
6218,202305,2023-05-12,lubang buaya,-,59,39,13,12,13,59,PM25,MEDIUM
6219,202305,2023-05-13,lubang buaya,-,89,36,20,17,12,89,PM25,MEDIUM
6220,202305,2023-05-14,lubang buaya,-,78,34,23,17,12,78,PM25,MEDIUM
6221,202305,2023-05-15,lubang buaya,-,102,37,24,25,17,102,PM25,UNHEALTHY
6222,202305,2023-05-16,lubang buaya,-,104,37,22,26,17,104,PM25,UNHEALTHY
6223,202305,2023-05-17,lubang buaya,-,114,37,22,22,15,114,PM25,UNHEALTHY
6224,202305,2023-05-18,lubang buaya,-,113,37,21,22,16,113,PM25,UNHEALTHY
6225,202305,2023-05-19,lubang buaya,-,114,37,23,23,16,114,PM25,UNHEALTHY
6226,202305,2023-05-20,lubang buaya,-,119,36,27,16,16,119,PM25,UNHEALTHY
6227,202305,2023-05-21,lubang buaya,-,118,37,26,22,15,118,PM25,UNHEALTHY
6228,202305,2023-05-22,lubang buaya,-,97,35,30,27,17,97,PM25,MEDIUM
6229,202305,2023-05-23,lubang buaya,-,115,35,33,18,21,115,PM25,UNHEALTHY
6230,202305,2023-05-24,lubang buaya,-,170,38,35,17,18,170,PM25,UNHEALTHY
6231,202305,2023-05-25,lubang buaya,-,136,38,29,20,17,136,PM25,UNHEALTHY
6232,202305,2023-05-26,lubang buaya,-,135,39,28,22,24,135,PM25,UNHEALTHY
6233,202305,2023-05-27,lubang buaya,-,139,38,23,22,12,139,PM25,UNHEALTHY
6234,202305,2023-05-28,lubang buaya,-,115,36,30,19,19,115,PM25,UNHEALTHY
6235,202305,2023-05-29,lubang buaya,-,126,37,32,19,15,126,PM25,UNHEALTHY
6236,202305,2023-05-30,lubang buaya,-,128,38,28,24,17,128,PM25,UNHEALTHY
6237,202305,2023-05-31,lubang buaya,-,110,37,26,21,24,110,PM25,UNHEALTHY
6238,202306,2023-06-01,lubang buaya,-,111,39,25,23,21,111,PM25,UNHEALTHY
6239,202306,2023-06-02,lubang buaya,-,136,38,25,21,12,136,PM25,UNHEALTHY
6240,202306,2023-06-03,lubang buaya,-,116,39,21,21,15,116,PM25,UNHEALTHY
6241,202306,2023-06-04,lubang buaya,-,117,38,24,21,13,117,PM25,UNHEALTHY
6242,202306,2023-06-05,lubang buaya,-,105,40,22,22,13,105,PM25,UNHEALTHY
6243,202306,2023-06-06,lubang buaya,-,105,37,25,14,13,105,PM25,UNHEALTHY
6244,202306,2023-06-07,lubang buaya,-,102,37,29,18,16,102,PM25,UNHEALTHY
6245,202306,2023-06-08,lubang buaya,-,118,39,22,15,17,118,PM25,UNHEALTHY
6246,202306,2023-06-09,lubang buaya,-,115,38,24,15,14,115,PM25,UNHEALTHY
6247,202306,2023-06-10,lubang buaya,-,106,37,22,18,13,106,PM25,UNHEALTHY
6248,202306,2023-06-11,lubang buaya,-,116,39,22,25,14,116,PM25,UNHEALTHY
6249,202306,2023-06-12,lubang buaya,-,113,38,20,22,15,113,PM25,UNHEALTHY
6250,202306,2023-06-13,lubang buaya,-,133,40,24,19,13,133,PM25,UNHEALTHY
6251,202306,2023-06-14,lubang buaya,-,102,37,22,15,13,102,PM25,UNHEALTHY
6252,202306,2023-06-15,lubang buaya,-,121,39,31,14,17,121,PM25,UNHEALTHY
6253,202306,2023-06-16,lubang buaya,-,108,37,24,14,15,108,PM25,UNHEALTHY
6254,202306,2023-06-17,lubang buaya,-,84,39,27,10,17,84,PM25,MEDIUM
6255,202306,2023-06-18,lubang buaya,-,112,37,39,12,15,112,PM25,UNHEALTHY
6256,202306,2023-06-19,lubang buaya,-,83,36,22,13,14,83,PM25,MEDIUM
6257,202306,2023-06-20,lubang buaya,-,102,38,36,11,15,102,PM25,UNHEALTHY
6258,202306,2023-06-21,lubang buaya,-,108,39,22,20,16,108,PM25,UNHEALTHY
6259,202306,2023-06-22,lubang buaya,-,119,37,40,16,22,119,PM25,UNHEALTHY
6260,202306,2023-06-23,lubang buaya,-,98,38,21,17,14,98,PM25,MEDIUM
6261,202306,2023-06-24,lubang buaya,-,92,38,21,25,14,92,PM25,MEDIUM
6262,202306,2023-06-25,lubang buaya,-,104,38,25,20,19,104,PM25,UNHEALTHY
6263,202306,2023-06-26,lubang buaya,-,93,38,24,23,17,93,PM25,MEDIUM
6264,202306,2023-06-27,lubang buaya,-,113,39,27,23,17,113,PM25,UNHEALTHY
6265,202306,2023-06-28,lubang buaya,-,84,39,19,22,14,84,PM25,MEDIUM
6266,202306,2023-06-29,lubang buaya,-,64,38,16,18,10,64,PM25,MEDIUM
6267,202306,2023-06-30,lubang buaya,-,77,39,17,21,11,77,PM25,MEDIUM
6268,202307,2023-07-01,lubang buaya,-,98,38,27,17,18,98,PM25,MEDIUM
6269,202307,2023-07-02,lubang buaya,-,79,37,27,18,14,79,PM25,MEDIUM
6270,202307,2023-07-03,lubang buaya,-,97,39,21,23,13,97,PM25,MEDIUM
6271,202307,2023-07-04,lubang buaya,-,88,39,22,23,17,88,PM25,MEDIUM
6272,202307,2023-07-05,lubang buaya,-,119,39,31,22,16,119,PM25,UNHEALTHY
6273,202307,2023-07-06,lubang buaya,-,113,38,38,12,24,113,PM25,UNHEALTHY
6274,202307,2023-07-07,lubang buaya,-,107,39,33,12,21,107,PM25,UNHEALTHY
6275,202307,2023-07-08,lubang buaya,-,98,39,34,15,18,98,PM25,MEDIUM
6276,202307,2023-07-09,lubang buaya,-,92,38,30,13,11,92,PM25,MEDIUM
6277,202307,2023-07-10,lubang buaya,-,84,39,18,16,12,84,PM25,MEDIUM
6278,202307,2023-07-11,lubang buaya,-,151,40,29,14,18,151,PM25,UNHEALTHY
6279,202307,2023-07-12,lubang buaya,-,136,40,29,20,15,136,PM25,UNHEALTHY
6280,202307,2023-07-13,lubang buaya,-,120,42,23,29,21,120,PM25,UNHEALTHY
6281,202307,2023-07-14,lubang buaya,-,104,42,21,32,21,104,PM25,UNHEALTHY
6282,202307,2023-07-15,lubang buaya,-,90,42,20,23,19,90,PM25,MEDIUM
6283,202307,2023-07-16,lubang buaya,-,101,41,21,23,17,101,PM25,UNHEALTHY
6284,202307,2023-07-17,lubang buaya,-,97,41,19,24,16,97,PM25,MEDIUM
6285,202307,2023-07-18,lubang buaya,-,114,-,21,23,16,114,PM25,UNHEALTHY
6286,202307,2023-07-19,lubang buaya,-,130,-,22,22,15,130,PM25,UNHEALTHY
6287,202307,2023-07-20,lubang buaya,-,110,-,21,30,15,110,PM25,UNHEALTHY
6288,202307,2023-07-21,lubang buaya,-,112,28,24,32,20,112,PM25,UNHEALTHY
6289,202307,2023-07-22,lubang buaya,-,125,29,24,33,20,125,PM25,UNHEALTHY
6290,202307,2023-07-23,lubang buaya,-,146,27,23,22,13,146,PM25,UNHEALTHY
6291,202307,2023-07-24,lubang buaya,-,104,25,19,22,12,104,PM25,UNHEALTHY
6292,202307,2023-07-25,lubang buaya,-,117,26,27,19,19,117,PM25,UNHEALTHY
6293,202307,2023-07-26,lubang buaya,-,124,26,24,28,18,124,PM25,UNHEALTHY
6294,202307,2023-07-27,lubang buaya,-,129,26,34,25,24,129,PM25,UNHEALTHY
6295,202307,2023-07-28,lubang buaya,-,129,28,31,23,21,129,PM25,UNHEALTHY
6296,202307,2023-07-29,lubang buaya,-,117,27,21,26,17,117,PM25,UNHEALTHY
6297,202307,2023-07-30,lubang buaya,-,129,27,22,26,13,129,PM25,UNHEALTHY
6298,202307,2023-07-31,lubang buaya,-,115,26,18,24,14,115,PM25,UNHEALTHY
6299,202308,2023-08-01,lubang buaya,-,103,28,17,20,14,103,PM25,UNHEALTHY
6300,202308,2023-08-02,lubang buaya,-,99,29,18,23,13,99,PM25,MEDIUM
6301,202308,2023-08-03,lubang buaya,-,106,28,21,22,14,106,PM25,UNHEALTHY
6302,202308,2023-08-04,lubang buaya,-,110,27,19,25,13,110,PM25,UNHEALTHY
6303,202308,2023-08-05,lubang buaya,-,111,26,18,26,12,111,PM25,UNHEALTHY
6304,202308,2023-08-06,lubang buaya,-,118,26,22,23,14,118,PM25,UNHEALTHY
6305,202308,2023-08-07,lubang buaya,-,139,25,31,28,18,139,PM25,UNHEALTHY
6306,202308,2023-08-08,lubang buaya,-,105,26,19,22,12,105,PM25,UNHEALTHY
6307,202308,2023-08-09,lubang buaya,-,104,27,16,24,10,104,PM25,UNHEALTHY
6308,202308,2023-08-10,lubang buaya,-,102,26,16,32,10,102,PM25,UNHEALTHY
6309,202308,2023-08-11,lubang buaya,-,119,28,21,32,14,119,PM25,UNHEALTHY
6310,202308,2023-08-12,lubang buaya,-,126,27,20,29,15,126,PM25,UNHEALTHY
6311,202308,2023-08-13,lubang buaya,-,128,26,22,26,13,128,PM25,UNHEALTHY
6312,202308,2023-08-14,lubang buaya,-,115,26,19,27,14,115,PM25,UNHEALTHY
6313,202308,2023-08-15,lubang buaya,-,122,28,23,30,18,122,PM25,UNHEALTHY
6314,202308,2023-08-16,lubang buaya,-,138,27,24,29,15,138,PM25,UNHEALTHY
6315,202308,2023-08-17,lubang buaya,-,111,27,23,23,18,111,PM25,UNHEALTHY
6316,202308,2023-08-18,lubang buaya,-,82,26,15,25,12,82,PM25,MEDIUM
6317,202308,2023-08-19,lubang buaya,-,127,27,23,29,16,127,PM25,UNHEALTHY
6318,202308,2023-08-20,lubang buaya,-,113,27,17,28,10,113,PM25,UNHEALTHY
6319,202308,2023-08-21,lubang buaya,-,105,26,19,26,13,105,PM25,UNHEALTHY
6320,202308,2023-08-22,lubang buaya,-,123,27,22,23,20,123,PM25,UNHEALTHY
6321,202308,2023-08-23,lubang buaya,-,110,27,19,26,15,110,PM25,UNHEALTHY
6322,202308,2023-08-24,lubang buaya,-,114,28,20,26,17,114,PM25,UNHEALTHY
6323,202308,2023-08-25,lubang buaya,-,112,28,20,33,15,112,PM25,UNHEALTHY
6324,202308,2023-08-26,lubang buaya,-,96,27,17,30,10,96,PM25,MEDIUM
6325,202308,2023-08-27,lubang buaya,-,139,27,23,29,18,139,PM25,UNHEALTHY
6326,202308,2023-08-28,lubang buaya,-,98,27,25,20,22,98,PM25,MEDIUM
6327,202308,2023-08-29,lubang buaya,-,108,28,22,21,21,108,PM25,UNHEALTHY
6328,202308,2023-08-30,lubang buaya,-,113,27,24,29,17,113,PM25,UNHEALTHY
6329,202308,2023-08-31,lubang buaya,-,108,27,22,32,19,108,PM25,UNHEALTHY
6330,202309,2023-09-01,lubang buaya,-,117,27,24,34,24,117,PM25,UNHEALTHY
6331,202309,2023-09-02,lubang buaya,-,112,28,23,33,21,112,PM25,UNHEALTHY
6332,202309,2023-09-03,lubang buaya,-,102,26,18,32,17,102,PM25,UNHEALTHY
6333,202309,2023-09-04,lubang buaya,-,96,27,18,33,14,96,PM25,MEDIUM
6334,202309,2023-09-05,lubang buaya,-,134,27,28,29,21,134,PM25,UNHEALTHY
6335,202309,2023-09-06,lubang buaya,-,104,28,21,29,20,104,PM25,UNHEALTHY
6336,202309,2023-09-07,lubang buaya,88,121,27,26,39,22,121,PM25,UNHEALTHY
6337,202309,2023-09-08,lubang buaya,89,117,29,22,28,17,117,PM25,UNHEALTHY
6338,202309,2023-09-09,lubang buaya,80,111,28,21,29,16,111,PM25,UNHEALTHY
6339,202309,2023-09-10,lubang buaya,69,99,27,18,27,15,99,PM25,MEDIUM
6340,202309,2023-09-11,lubang buaya,-,126,27,22,33,18,126,PM25,UNHEALTHY
6341,202309,2023-09-12,lubang buaya,81,152,27,19,19,19,152,PM25,UNHEALTHY
6342,202309,2023-09-13,lubang buaya,71,107,28,17,23,15,107,PM25,UNHEALTHY
6343,202309,2023-09-14,lubang buaya,62,93,27,16,24,13,93,PM25,MEDIUM
6344,202309,2023-09-15,lubang buaya,70,108,27,21,29,18,108,PM25,UNHEALTHY
6345,202309,2023-09-16,lubang buaya,76,113,28,20,26,18,113,PM25,UNHEALTHY
6346,202309,2023-09-17,lubang buaya,77,110,27,19,25,15,110,PM25,UNHEALTHY
6347,202309,2023-09-18,lubang buaya,59,86,28,16,28,12,86,PM25,MEDIUM
6348,202309,2023-09-19,lubang buaya,77,109,28,24,40,21,109,PM25,UNHEALTHY
6349,202309,2023-09-20,lubang buaya,71,98,28,21,26,17,98,PM25,MEDIUM
6350,202309,2023-09-21,lubang buaya,69,101,28,24,29,19,101,PM25,UNHEALTHY
6351,202309,2023-09-22,lubang buaya,68,93,28,20,26,23,93,PM25,MEDIUM
6352,202309,2023-09-23,lubang buaya,78,111,28,22,30,20,111,PM25,UNHEALTHY
6353,202309,2023-09-24,lubang buaya,65,92,28,23,26,16,92,PM25,MEDIUM
6354,202309,2023-09-25,lubang buaya,76,114,30,23,-,24,114,PM25,UNHEALTHY
6355,202309,2023-09-26,lubang buaya,85,249,28,18,26,20,249,PM25,VERY_UNHEALTHY
6356,202309,2023-09-27,lubang buaya,-,217,28,22,23,22,217,PM25,VERY_UNHEALTHY
6357,202309,2023-09-28,lubang buaya,163,287,29,17,29,19,287,PM25,VERY_UNHEALTHY
6358,202309,2023-09-29,lubang buaya,129,143,29,21,24,23,143,PM25,UNHEALTHY
6359,202309,2023-09-30,lubang buaya,-,-,-,-,-,-,0,,TIDAK ADA DATA
6360,202310,2023-10-01,lubang buaya,126,199,29,26,27,25,199,PM25,UNHEALTHY
6361,202310,2023-10-02,lubang buaya,86,120,30,25,24,25,120,PM25,UNHEALTHY
6362,202310,2023-10-03,lubang buaya,64,93,29,15,28,19,93,PM25,MEDIUM
6363,202310,2023-10-04,lubang buaya,76,115,29,20,26,25,115,PM25,UNHEALTHY
6364,202310,2023-10-05,lubang buaya,84,123,28,20,21,12,123,PM25,UNHEALTHY
6365,202310,2023-10-06,lubang buaya,80,111,28,20,24,15,111,PM25,UNHEALTHY
6366,202310,2023-10-07,lubang buaya,97,141,29,33,23,28,141,PM25,UNHEALTHY
6367,202310,2023-10-08,lubang buaya,97,148,29,21,21,16,148,PM25,UNHEALTHY
6368,202310,2023-10-09,lubang buaya,80,122,28,17,20,11,122,PM25,UNHEALTHY
6369,202310,2023-10-10,lubang buaya,88,121,30,16,18,10,121,PM25,UNHEALTHY
6370,202310,2023-10-11,lubang buaya,75,106,31,18,19,14,106,PM25,UNHEALTHY
6371,202310,2023-10-12,lubang buaya,82,123,30,22,23,15,123,PM25,UNHEALTHY
6372,202310,2023-10-13,lubang buaya,82,121,29,19,29,12,121,PM25,UNHEALTHY
6373,202310,2023-10-14,lubang buaya,78,110,29,20,24,17,110,PM25,UNHEALTHY
6374,202310,2023-10-15,lubang buaya,79,117,29,20,20,14,117,PM25,UNHEALTHY
6375,202310,2023-10-16,lubang buaya,82,122,30,20,22,16,122,PM25,UNHEALTHY
6376,202310,2023-10-17,lubang buaya,81,129,29,18,24,14,129,PM25,UNHEALTHY
6377,202310,2023-10-18,lubang buaya,88,122,29,25,24,21,122,PM25,UNHEALTHY
6378,202310,2023-10-19,lubang buaya,82,116,30,19,23,14,116,PM25,UNHEALTHY
6379,202310,2023-10-20,lubang buaya,75,106,29,16,23,10,106,PM25,UNHEALTHY
6380,202310,2023-10-21,lubang buaya,77,109,30,24,19,21,109,PM25,UNHEALTHY
6381,202310,2023-10-22,lubang buaya,77,114,29,26,23,20,114,PM25,UNHEALTHY
6382,202310,2023-10-23,lubang buaya,86,133,29,20,22,16,133,PM25,UNHEALTHY
6383,202310,2023-10-24,lubang buaya,75,107,29,20,27,17,107,PM25,UNHEALTHY
6384,202310,2023-10-25,lubang buaya,61,103,28,20,34,17,103,PM25,UNHEALTHY
6385,202310,2023-10-26,lubang buaya,82,114,30,29,26,22,114,PM25,UNHEALTHY
6386,202310,2023-10-27,lubang buaya,83,116,30,27,27,23,116,PM25,UNHEALTHY
6387,202310,2023-10-28,lubang buaya,81,122,29,26,22,22,122,PM25,UNHEALTHY
6388,202310,2023-10-29,lubang buaya,94,150,30,20,25,16,150,PM25,UNHEALTHY
6389,202310,2023-10-30,lubang buaya,92,108,32,22,28,20,108,PM25,UNHEALTHY
6390,202310,2023-10-31,lubang buaya,81,108,29,22,33,20,108,PM25,UNHEALTHY
6391,202311,2023-11-01,lubang buaya,80,104,34,24,24,27,104,PM25,UNHEALTHY
6392,202311,2023-11-02,lubang buaya,80,109,29,31,27,26,109,PM25,UNHEALTHY
6393,202311,2023-11-03,lubang buaya,82,108,29,34,24,28,108,PM25,UNHEALTHY
6394,202311,2023-11-04,lubang buaya,89,124,30,32,19,27,124,PM25,UNHEALTHY
6395,202311,2023-11-05,lubang buaya,59,74,28,22,15,16,74,PM25,MEDIUM
6396,202311,2023-11-06,lubang buaya,67,92,30,43,-,19,92,PM25,MEDIUM
6397,202311,2023-11-07,lubang buaya,71,107,29,26,18,19,107,PM25,UNHEALTHY
6398,202311,2023-11-08,lubang buaya,66,92,29,21,18,18,92,PM25,MEDIUM
6399,202311,2023-11-09,lubang buaya,73,109,30,20,24,19,109,PM25,UNHEALTHY
6400,202311,2023-11-10,lubang buaya,78,109,30,27,27,24,109,PM25,UNHEALTHY
6401,202311,2023-11-11,lubang buaya,67,90,28,23,24,17,90,PM25,MEDIUM
6402,202311,2023-11-12,lubang buaya,65,93,30,21,23,15,93,PM25,MEDIUM
6403,202311,2023-11-13,lubang buaya,-,-,-,-,-,-,0,,TIDAK ADA DATA
6404,202311,2023-11-14,lubang buaya,75,109,30,22,19,16,109,PM25,UNHEALTHY
6405,202311,2023-11-15,lubang buaya,55,79,29,20,15,15,79,PM25,MEDIUM
6406,202311,2023-11-16,lubang buaya,63,95,30,25,21,26,95,PM25,MEDIUM
6407,202311,2023-11-17,lubang buaya,65,87,30,27,25,28,87,PM25,MEDIUM
6408,202311,2023-11-18,lubang buaya,60,-,31,22,14,27,60,PM10,MEDIUM
6409,202311,2023-11-19,lubang buaya,56,-,29,22,20,18,56,PM10,MEDIUM
6410,202311,2023-11-20,lubang buaya,63,-,30,14,22,12,63,PM10,MEDIUM
6411,202311,2023-11-21,lubang buaya,59,89,30,18,19,18,89,PM25,MEDIUM
6412,202311,2023-11-22,lubang buaya,58,74,30,19,24,19,74,PM25,MEDIUM
6413,202311,2023-11-23,lubang buaya,67,75,31,21,21,22,75,PM25,MEDIUM
6414,202311,2023-11-24,lubang buaya,83,82,29,41,20,29,83,PM10,MEDIUM
6415,202311,2023-11-25,lubang buaya,63,54,29,25,15,21,63,PM10,MEDIUM
6416,202311,2023-11-26,lubang buaya,55,33,30,28,17,19,55,PM10,MEDIUM
6417,202311,2023-11-27,lubang buaya,67,57,31,19,24,20,67,PM10,MEDIUM
6418,202311,2023-11-28,lubang buaya,60,-,30,22,17,23,60,PM10,MEDIUM
6419,202311,2023-11-29,lubang buaya,71,105,30,19,22,14,105,PM25,UNHEALTHY
6420,202311,2023-11-30,lubang buaya,46,67,29,18,23,17,67,PM25,MEDIUM
6421,202312,2023-12-01,lubang buaya,64,93,52,7,27,19,93,PM25,MEDIUM
6422,202312,2023-12-02,lubang buaya,60,94,52,9,20,18,94,PM25,MEDIUM
6423,202312,2023-12-03,lubang buaya,55,100,52,7,26,17,100,PM25,MEDIUM
6424,202312,2023-12-04,lubang buaya,65,95,52,9,18,14,95,PM25,MEDIUM
6425,202312,2023-12-05,lubang buaya,74,117,52,9,21,13,117,PM25,UNHEALTHY
6426,202312,2023-12-06,lubang buaya,70,107,-,-,-,-,107,PM25,UNHEALTHY
6427,202312,2023-12-07,lubang buaya,53,88,52,11,13,18,88,PM25,MEDIUM
6428,202312,2023-12-08,lubang buaya,50,85,52,6,25,18,85,PM25,MEDIUM
6429,202312,2023-12-09,lubang buaya,54,91,51,10,12,18,91,PM25,MEDIUM
6430,202312,2023-12-10,lubang buaya,42,72,52,8,10,11,72,PM25,MEDIUM
6431,202312,2023-12-11,lubang buaya,44,72,52,6,10,16,72,PM25,MEDIUM
6432,202312,2023-12-12,lubang buaya,37,62,51,3,16,10,62,PM25,MEDIUM
6433,202312,2023-12-13,lubang buaya,47,67,51,6,8,15,67,PM25,MEDIUM
6434,202312,2023-12-14,lubang buaya,39,66,51,5,8,12,66,PM25,MEDIUM
6435,202312,2023-12-15,lubang buaya,27,60,52,1,13,8,60,PM25,MEDIUM
6436,202312,2023-12-16,lubang buaya,56,83,52,5,14,13,83,PM25,MEDIUM
6437,202312,2023-12-17,lubang buaya,65,98,52,14,13,15,98,PM25,MEDIUM
6438,202312,2023-12-18,lubang buaya,61,96,52,7,17,19,96,PM25,MEDIUM
6439,202312,2023-12-19,lubang buaya,64,99,52,10,20,15,99,PM25,MEDIUM
6440,202312,2023-12-20,lubang buaya,85,154,52,10,11,13,154,PM25,UNHEALTHY
6441,202312,2023-12-21,lubang buaya,53,77,54,5,16,19,77,PM25,MEDIUM
6442,202312,2023-12-22,lubang buaya,49,65,52,5,10,12,65,PM25,MEDIUM
6443,202312,2023-12-23,lubang buaya,22,39,52,2,11,8,52,SO2,MEDIUM
6444,202312,2023-12-24,lubang buaya,-,83,52,7,13,16,83,PM25,MEDIUM
6445,202312,2023-12-25,lubang buaya,-,56,52,5,10,13,56,PM25,MEDIUM
6446,202312,2023-12-26,lubang buaya,-,58,52,4,10,14,58,PM25,MEDIUM
6447,202312,2023-12-27,lubang buaya,-,47,52,3,7,9,52,SO2,MEDIUM
6448,202312,2023-12-28,lubang buaya,-,63,52,5,6,9,63,PM25,MEDIUM
6449,202312,2023-12-29,lubang buaya,-,35,52,2,8,8,52,SO2,MEDIUM
6450,202312,2023-12-30,lubang buaya,32,64,52,7,8,12,64,PM25,MEDIUM
6451,202312,2023-12-31,lubang buaya,49,73,-,-,-,-,73,PM25,MEDIUM
6452,202401,2024-01-01,lubang buaya,74,110,10,20,24,10,110,PM25,UNHEALTHY
6453,202401,2024-01-02,lubang buaya,56,80,12,11,27,13,80,PM25,UNHEALTHY
6454,202401,2024-01-03,lubang buaya,54,66,13,7,18,14,66,PM25,UNHEALTHY
6455,202401,2024-01-04,lubang buaya,53,72,13,10,20,15,72,PM25,UNHEALTHY
6456,202401,2024-01-05,lubang buaya,61,62,10,14,17,19,62,PM25,UNHEALTHY
6457,202401,2024-01-06,lubang buaya,51,70,11,10,31,16,70,PM25,UNHEALTHY
6458,202401,2024-01-07,lubang buaya,62,84,10,15,23,19,84,PM25,UNHEALTHY
6459,202401,2024-01-08,lubang buaya,55,76,10,22,21,20,76,PM25,UNHEALTHY
6460,202401,2024-01-09,lubang buaya,61,84,12,14,17,14,84,PM25,UNHEALTHY
6461,202401,2024-01-10,lubang buaya,70,102,12,11,26,13,102,PM25,UNHEALTHY
6462,202401,2024-01-11,lubang buaya,63,81,11,16,17,19,81,PM25,UNHEALTHY
6463,202401,2024-01-12,lubang buaya,37,49,10,11,10,8,49,PM25,UNHEALTHY
6464,202401,2024-01-13,lubang buaya,45,62,10,10,15,13,62,PM25,UNHEALTHY
6465,202401,2024-01-14,lubang buaya,50,64,11,9,16,10,64,PM25,UNHEALTHY
6466,202401,2024-01-15,lubang buaya,58,78,10,12,15,15,78,PM25,UNHEALTHY
6467,202401,2024-01-16,lubang buaya,49,62,11,6,11,9,62,PM25,UNHEALTHY
6468,202401,2024-01-17,lubang buaya,42,56,10,7,8,9,56,PM25,UNHEALTHY
6469,202401,2024-01-18,lubang buaya,53,67,13,13,6,12,67,PM25,UNHEALTHY
6470,202401,2024-01-19,lubang buaya,30,36,24,7,6,8,36,PM25,UNHEALTHY
6471,202401,2024-01-20,lubang buaya,28,46,24,8,7,8,46,PM25,UNHEALTHY
6472,202401,2024-01-21,lubang buaya,50,64,24,8,7,6,64,PM25,UNHEALTHY
6473,202401,2024-01-22,lubang buaya,31,50,24,4,7,3,50,PM25,UNHEALTHY
6474,202401,2024-01-23,lubang buaya,36,58,24,5,9,6,58,PM25,UNHEALTHY
6475,202401,2024-01-24,lubang buaya,46,61,24,6,7,6,61,PM25,UNHEALTHY
6476,202401,2024-01-25,lubang buaya,46,62,25,7,12,8,62,PM25,UNHEALTHY
6477,202401,2024-01-26,lubang buaya,58,77,27,7,16,14,77,PM25,UNHEALTHY
6478,202401,2024-01-27,lubang buaya,38,47,24,5,11,10,47,PM25,UNHEALTHY
6479,202401,2024-01-28,lubang buaya,43,59,24,16,10,14,59,PM25,UNHEALTHY
6480,202401,2024-01-29,lubang buaya,51,63,24,14,11,13,63,PM25,UNHEALTHY
6481,202401,2024-01-30,lubang buaya,71,82,24,23,13,12,82,PM25,UNHEALTHY
6482,202401,2024-01-31,lubang buaya,40,57,25,7,17,15,57,PM25,UNHEALTHY
6483,202402,2024-02-01,lubang buaya,68,90,25,15,18,14,90,PM25,UNHEALTHY
6484,202402,2024-02-02,lubang buaya,50,59,24,10,12,9,59,PM25,UNHEALTHY
6485,202402,2024-02-03,lubang buaya,-,56,25,7,11,10,56,PM25,UNHEALTHY
6486,202402,2024-02-04,lubang buaya,32,45,25,4,7,4,45,PM25,UNHEALTHY
6487,202402,2024-02-05,lubang buaya,54,77,25,10,6,5,77,PM25,UNHEALTHY
6488,202402,2024-02-06,lubang buaya,64,74,25,15,6,7,74,PM25,UNHEALTHY
6489,202402,2024-02-07,lubang buaya,40,58,25,6,4,6,58,PM25,UNHEALTHY
6490,202402,2024-02-08,lubang buaya,64,90,25,10,4,4,90,PM25,UNHEALTHY
6491,202402,2024-02-09,lubang buaya,67,86,26,-,7,5,86,PM25,UNHEALTHY
6492,202402,2024-02-10,lubang buaya,57,74,25,-,8,5,74,PM25,UNHEALTHY
6493,202402,2024-02-11,lubang buaya,63,85,25,9,6,6,85,PM25,UNHEALTHY
6494,202402,2024-02-12,lubang buaya,61,80,25,4,5,6,80,PM25,UNHEALTHY
6495,202402,2024-02-13,lubang buaya,53,67,25,7,8,6,67,PM25,UNHEALTHY
6496,202402,2024-02-14,lubang buaya,49,62,25,16,8,6,62,PM25,UNHEALTHY
6497,202402,2024-02-15,lubang buaya,53,76,25,24,7,8,76,PM25,UNHEALTHY
6498,202402,2024-02-16,lubang buaya,81,103,25,24,6,11,103,PM25,UNHEALTHY
6499,202402,2024-02-17,lubang buaya,59,74,25,22,6,8,74,PM25,UNHEALTHY
6500,202402,2024-02-18,lubang buaya,57,71,25,21,7,6,71,PM25,UNHEALTHY
6501,202402,2024-02-19,lubang buaya,68,91,26,23,6,9,91,PM25,UNHEALTHY
6502,202402,2024-02-20,lubang buaya,71,94,25,22,7,9,94,PM25,UNHEALTHY
6503,202402,2024-02-21,lubang buaya,70,102,25,24,9,8,102,PM25,UNHEALTHY
6504,202402,2024-02-22,lubang buaya,70,86,25,21,8,9,86,PM25,UNHEALTHY
6505,202402,2024-02-23,lubang buaya,46,61,25,20,7,6,61,PM25,UNHEALTHY
6506,202402,2024-02-24,lubang buaya,54,67,25,18,6,2,67,PM25,UNHEALTHY
6507,202402,2024-02-25,lubang buaya,37,52,25,15,8,3,52,PM25,UNHEALTHY
6508,202402,2024-02-26,lubang buaya,36,52,25,18,7,4,52,PM25,UNHEALTHY
6509,202402,2024-02-27,lubang buaya,70,96,26,28,5,7,96,PM25,UNHEALTHY
6510,202402,2024-02-28,lubang buaya,-,-,-,-,-,-,-,,TIDAK ADA DATA
6511,202402,2024-02-29,lubang buaya,57,59,25,22,6,6,59,PM25,UNHEALTHY
6512,202403,2024-03-01,lubang buaya,55,69,25,28,8,6,69,PM25,UNHEALTHY
6513,202403,2024-03-02,lubang buaya,59,72,26,21,8,7,72,PM25,UNHEALTHY
6514,202403,2024-03-03,lubang buaya,46,58,26,21,6,7,58,PM25,UNHEALTHY
6515,202403,2024-03-04,lubang buaya,49,61,26,25,8,5,61,PM25,UNHEALTHY
6516,202403,2024-03-05,lubang buaya,39,56,26,22,6,4,56,PM25,UNHEALTHY
6517,202403,2024-03-06,lubang buaya,37,55,26,18,5,3,55,PM25,UNHEALTHY
6518,202403,2024-03-07,lubang buaya,31,47,26,18,6,2,47,PM25,UNHEALTHY
6519,202403,2024-03-08,lubang buaya,26,39,26,15,6,2,39,PM25,UNHEALTHY
6520,202403,2024-03-09,lubang buaya,30,30,26,16,6,3,30,PM10,UNHEALTHY
6521,202403,2024-03-10,lubang buaya,72,96,26,39,5,8,96,PM25,UNHEALTHY
6522,202403,2024-03-11,lubang buaya,70,78,26,27,8,4,78,PM25,UNHEALTHY
6523,202403,2024-03-12,lubang buaya,37,53,26,17,6,2,53,PM25,UNHEALTHY
6524,202403,2024-03-13,lubang buaya,49,64,26,19,7,4,64,PM25,UNHEALTHY
6525,202403,2024-03-14,lubang buaya,52,65,26,21,6,4,65,PM25,UNHEALTHY
6526,202403,2024-03-15,lubang buaya,38,45,26,21,6,4,45,PM25,UNHEALTHY
6527,202403,2024-03-16,lubang buaya,24,31,26,17,5,3,31,PM25,UNHEALTHY
6528,202403,2024-03-17,lubang buaya,23,31,26,16,5,4,31,PM25,UNHEALTHY
6529,202403,2024-03-18,lubang buaya,30,51,26,17,4,3,51,PM25,UNHEALTHY
6530,202403,2024-03-19,lubang buaya,53,67,27,20,4,3,67,PM25,UNHEALTHY
6531,202403,2024-03-20,lubang buaya,43,59,27,19,3,4,59,PM25,UNHEALTHY
6532,202403,2024-03-21,lubang buaya,48,67,27,21,4,4,67,PM25,UNHEALTHY
6533,202403,2024-03-22,lubang buaya,-,-,-,-,-,-,-,,TIDAK ADA DATA
6534,202403,2024-03-23,lubang buaya,70,122,27,40,8,11,122,PM25,UNHEALTHY
6535,202403,2024-03-24,lubang buaya,57,78,27,18,11,7,78,PM25,UNHEALTHY
6536,202403,2024-03-25,lubang buaya,50,69,27,17,12,4,69,PM25,UNHEALTHY
6537,202403,2024-03-26,lubang buaya,-,93,27,23,9,7,93,PM25,UNHEALTHY
6538,202403,2024-03-27,lubang buaya,64,92,27,25,8,9,92,PM25,UNHEALTHY
6539,202403,2024-03-28,lubang buaya,90,128,27,27,12,10,128,PM25,UNHEALTHY
6540,202403,2024-03-29,lubang buaya,74,96,27,23,10,11,96,PM25,UNHEALTHY
6541,202403,2024-03-30,lubang buaya,62,86,27,23,13,9,86,PM25,UNHEALTHY
6542,202403,2024-03-31,lubang buaya,61,82,27,27,13,9,82,PM25,UNHEALTHY
6543,202404,2024-04-01,lubang buaya,83,113,27,27,13,8,113,PM25,UNHEALTHY
6544,202404,2024-04-02,lubang buaya,81,112,27,26,10,11,112,PM25,UNHEALTHY
6545,202404,2024-04-03,lubang buaya,70,97,27,20,15,8,97,PM25,UNHEALTHY
6546,202404,2024-04-04,lubang buaya,49,70,27,30,13,11,70,PM25,UNHEALTHY
6547,202404,2024-04-05,lubang buaya,86,116,28,34,11,9,116,PM25,UNHEALTHY
6548,202404,2024-04-06,lubang buaya,61,92,28,28,14,12,92,PM25,UNHEALTHY
6549,202404,2024-04-07,lubang buaya,60,83,28,19,19,7,83,PM25,UNHEALTHY
6550,202404,2024-04-08,lubang buaya,55,76,28,20,19,9,76,PM25,UNHEALTHY
6551,202404,2024-04-09,lubang buaya,53,77,28,20,19,11,77,PM25,UNHEALTHY
6552,202404,2024-04-10,lubang buaya,73,96,28,33,14,10,96,PM25,UNHEALTHY
6553,202404,2024-04-11,lubang buaya,45,62,28,17,15,8,62,PM25,UNHEALTHY
6554,202404,2024-04-12,lubang buaya,31,51,28,13,12,5,51,PM25,UNHEALTHY
6555,202404,2024-04-13,lubang buaya,44,61,28,23,9,7,61,PM25,UNHEALTHY
6556,202404,2024-04-14,lubang buaya,37,60,28,15,13,6,60,PM25,UNHEALTHY
6557,202404,2024-04-15,lubang buaya,31,54,28,18,10,6,54,PM25,UNHEALTHY
6558,202404,2024-04-16,lubang buaya,43,64,28,16,11,6,64,PM25,UNHEALTHY
6559,202404,2024-04-17,lubang buaya,51,76,28,17,19,8,76,PM25,UNHEALTHY
6560,202404,2024-04-18,lubang buaya,52,67,28,21,14,10,67,PM25,UNHEALTHY
6561,202404,2024-04-19,lubang buaya,44,64,28,21,12,9,64,PM25,UNHEALTHY
6562,202404,2024-04-20,lubang buaya,69,95,29,22,9,7,95,PM25,UNHEALTHY
6563,202404,2024-04-21,lubang buaya,58,76,28,18,10,6,76,PM25,UNHEALTHY
6564,202404,2024-04-22,lubang buaya,64,83,29,26,9,7,83,PM25,UNHEALTHY
6565,202404,2024-04-23,lubang buaya,63,84,29,23,11,6,84,PM25,UNHEALTHY
6566,202404,2024-04-24,lubang buaya,53,74,28,21,14,8,74,PM25,UNHEALTHY
6567,202404,2024-04-25,lubang buaya,58,79,28,13,12,8,79,PM25,UNHEALTHY
6568,202404,2024-04-26,lubang buaya,56,71,29,12,13,6,71,PM25,UNHEALTHY
6569,202404,2024-04-27,lubang buaya,62,80,29,18,10,3,80,PM25,UNHEALTHY
6570,202404,2024-04-28,lubang buaya,60,80,29,24,14,3,80,PM25,UNHEALTHY
6571,202404,2024-04-29,lubang buaya,60,81,29,13,18,5,81,PM25,UNHEALTHY
6572,202404,2024-04-30,lubang buaya,70,91,29,16,18,6,91,PM25,UNHEALTHY
6573,202405,2024-05-01,lubang buaya,56,-,29,14,16,6,56,PM10,UNHEALTHY
6574,202405,2024-05-02,lubang buaya,-,-,-,-,-,-,-,,TIDAK ADA DATA
6575,202405,2024-05-03,lubang buaya,64,88,29,15,19,9,88,PM25,UNHEALTHY
6576,202405,2024-05-04,lubang buaya,68,90,30,23,15,8,90,PM25,UNHEALTHY
6577,202405,2024-05-05,lubang buaya,79,107,30,32,15,13,107,PM25,UNHEALTHY
6578,202405,2024-05-06,lubang buaya,71,97,30,19,17,10,97,PM25,UNHEALTHY
6579,202405,2024-05-07,lubang buaya,78,107,30,22,16,12,107,PM25,UNHEALTHY
6580,202405,2024-05-08,lubang buaya,76,101,30,17,18,10,101,PM25,UNHEALTHY
6581,202405,2024-05-09,lubang buaya,85,111,30,18,13,13,111,PM25,UNHEALTHY
6582,202405,2024-05-10,lubang buaya,74,96,30,13,15,7,96,PM25,UNHEALTHY
6583,202405,2024-05-11,lubang buaya,75,92,30,12,13,7,92,PM25,UNHEALTHY
6584,202405,2024-05-12,lubang buaya,67,85,30,13,11,6,85,PM25,UNHEALTHY
6585,202405,2024-05-13,lubang buaya,62,82,30,15,14,6,82,PM25,UNHEALTHY
6586,202405,2024-05-14,lubang buaya,69,94,30,15,14,10,94,PM25,UNHEALTHY
6587,202405,2024-05-15,lubang buaya,75,98,30,12,12,8,98,PM25,UNHEALTHY
6588,202405,2024-05-16,lubang buaya,82,111,30,13,20,8,111,PM25,UNHEALTHY
6589,202405,2024-05-17,lubang buaya,74,98,30,12,18,9,98,PM25,UNHEALTHY
6590,202405,2024-05-18,lubang buaya,77,105,31,14,18,11,105,PM25,UNHEALTHY
6591,202405,2024-05-19,lubang buaya,69,92,31,17,18,11,92,PM25,UNHEALTHY
6592,202405,2024-05-20,lubang buaya,83,110,31,18,20,10,110,PM25,UNHEALTHY
6593,202405,2024-05-21,lubang buaya,83,107,31,17,20,15,107,PM25,UNHEALTHY
6594,202405,2024-05-22,lubang buaya,84,106,31,16,22,9,106,PM25,UNHEALTHY
6595,202405,2024-05-23,lubang buaya,78,95,31,15,16,8,95,PM25,UNHEALTHY
6596,202405,2024-05-24,lubang buaya,82,95,30,18,10,6,95,PM25,UNHEALTHY
6597,202405,2024-05-25,lubang buaya,41,55,30,12,9,8,55,PM25,UNHEALTHY
6598,202405,2024-05-26,lubang buaya,71,88,30,15,11,8,88,PM25,UNHEALTHY
6599,202405,2024-05-27,lubang buaya,81,104,31,13,22,9,104,PM25,UNHEALTHY
6600,202405,2024-05-28,lubang buaya,81,104,31,14,20,8,104,PM25,UNHEALTHY
6601,202405,2024-05-29,lubang buaya,77,94,31,11,18,7,94,PM25,UNHEALTHY
6602,202405,2024-05-30,lubang buaya,77,100,31,11,19,10,100,PM25,UNHEALTHY
6603,202405,2024-05-31,lubang buaya,91,110,31,13,22,9,110,PM25,UNHEALTHY
6604,202406,2024-06-01,lubang buaya,97,120,31,13,19,8,120,PM25,UNHEALTHY
6605,202406,2024-06-02,lubang buaya,73,91,31,12,14,12,91,PM25,UNHEALTHY
6606,202406,2024-06-03,lubang buaya,60,71,31,12,12,9,71,PM25,UNHEALTHY
6607,202406,2024-06-04,lubang buaya,87,106,31,13,12,8,106,PM25,UNHEALTHY
6608,202406,2024-06-05,lubang buaya,74,93,31,14,17,10,93,PM25,UNHEALTHY
6609,202406,2024-06-06,lubang buaya,70,85,32,12,16,12,85,PM25,UNHEALTHY
6610,202406,2024-06-07,lubang buaya,79,97,31,13,18,8,97,PM25,UNHEALTHY
6611,202406,2024-06-08,lubang buaya,78,96,32,12,16,14,96,PM25,UNHEALTHY
6612,202406,2024-06-09,lubang buaya,78,92,32,11,16,7,92,PM25,UNHEALTHY
6613,202406,2024-06-10,lubang buaya,84,100,32,12,12,10,100,PM25,UNHEALTHY
6614,202406,2024-06-11,lubang buaya,74,88,31,11,14,7,88,PM25,UNHEALTHY
6615,202406,2024-06-12,lubang buaya,63,70,31,12,7,9,70,PM25,UNHEALTHY
6616,202406,2024-06-13,lubang buaya,61,72,31,12,4,6,72,PM25,UNHEALTHY
6617,202406,2024-06-14,lubang buaya,-,74,32,11,8,6,74,PM25,UNHEALTHY
6618,202406,2024-06-15,lubang buaya,-,73,33,34,15,8,73,PM25,UNHEALTHY
6619,202406,2024-06-16,lubang buaya,56,63,40,25,11,16,63,PM25,UNHEALTHY
6620,202406,2024-06-17,lubang buaya,57,76,39,23,15,10,76,PM25,UNHEALTHY
6621,202406,2024-06-18,lubang buaya,87,113,40,31,15,12,113,PM25,UNHEALTHY
6622,202406,2024-06-19,lubang buaya,77,97,40,28,13,16,97,PM25,UNHEALTHY
6623,202406,2024-06-20,lubang buaya,76,92,41,21,15,16,92,PM25,UNHEALTHY
6624,202406,2024-06-21,lubang buaya,78,100,41,24,19,22,100,PM25,UNHEALTHY
6625,202406,2024-06-22,lubang buaya,74,103,40,23,17,18,103,PM25,UNHEALTHY
6626,202406,2024-06-23,lubang buaya,75,91,41,22,14,20,91,PM25,UNHEALTHY
6627,202406,2024-06-24,lubang buaya,69,90,41,25,16,22,90,PM25,UNHEALTHY
6628,202406,2024-06-25,lubang buaya,68,85,40,21,10,17,85,PM25,UNHEALTHY
6629,202406,2024-06-26,lubang buaya,71,80,41,27,8,16,80,PM25,UNHEALTHY
6630,202406,2024-06-27,lubang buaya,73,86,41,20,19,13,86,PM25,UNHEALTHY
6631,202406,2024-06-28,lubang buaya,63,74,40,26,17,9,74,PM25,UNHEALTHY
6632,202406,2024-06-29,lubang buaya,63,76,40,35,15,9,76,PM25,UNHEALTHY
6633,202406,2024-06-30,lubang buaya,51,56,40,24,11,14,56,PM25,UNHEALTHY
6634,202407,2024-07-01,lubang buaya,73,98,40,30,18,14,98,PM25,UNHEALTHY
6635,202407,2024-07-02,lubang buaya,61,71,40,25,15,15,71,PM25,UNHEALTHY
6636,202407,2024-07-03,lubang buaya,77,105,43,36,17,15,105,PM25,UNHEALTHY
6637,202407,2024-07-04,lubang buaya,61,68,51,31,17,16,68,PM25,UNHEALTHY
6638,202407,2024-07-05,lubang buaya,64,65,51,24,12,16,65,PM25,UNHEALTHY
6639,202407,2024-07-06,lubang buaya,51,51,51,20,11,12,51,PM10,UNHEALTHY
6640,202407,2024-07-07,lubang buaya,33,46,51,24,11,14,51,SO2,UNHEALTHY
6641,202407,2024-07-08,lubang buaya,52,63,51,22,21,10,63,PM25,UNHEALTHY
6642,202407,2024-07-09,lubang buaya,46,55,51,22,18,13,55,PM25,UNHEALTHY
6643,202407,2024-07-10,lubang buaya,65,74,51,19,20,12,74,PM25,UNHEALTHY
6644,202407,2024-07-11,lubang buaya,75,107,51,28,26,17,107,PM25,UNHEALTHY
6645,202407,2024-07-12,lubang buaya,79,94,51,26,29,20,94,PM25,UNHEALTHY
6646,202407,2024-07-13,lubang buaya,-,102,51,29,21,23,102,PM25,UNHEALTHY
6647,202407,2024-07-14,lubang buaya,-,100,51,27,19,22,100,PM25,UNHEALTHY
6648,202407,2024-07-15,lubang buaya,-,88,51,23,22,22,88,PM25,UNHEALTHY
6649,202407,2024-07-16,lubang buaya,74,81,51,23,29,20,81,PM25,UNHEALTHY
6650,202407,2024-07-17,lubang buaya,77,97,51,26,19,22,97,PM25,UNHEALTHY
6651,202407,2024-07-18,lubang buaya,76,90,51,21,24,18,90,PM25,UNHEALTHY
6652,202407,2024-07-19,lubang buaya,73,81,51,19,24,17,81,PM25,UNHEALTHY
6653,202407,2024-07-20,lubang buaya,76,84,51,21,25,16,84,PM25,UNHEALTHY
6654,202407,2024-07-21,lubang buaya,70,81,51,20,27,16,81,PM25,UNHEALTHY
6655,202407,2024-07-22,lubang buaya,69,80,51,21,32,17,80,PM25,UNHEALTHY
6656,202407,2024-07-23,lubang buaya,72,81,52,21,34,19,81,PM25,UNHEALTHY
6657,202407,2024-07-24,lubang buaya,77,87,52,21,26,23,87,PM25,UNHEALTHY
6658,202407,2024-07-25,lubang buaya,66,74,51,20,30,19,74,PM25,UNHEALTHY
6659,202407,2024-07-26,lubang buaya,64,79,52,22,25,17,79,PM25,UNHEALTHY
6660,202407,2024-07-27,lubang buaya,75,92,51,20,27,16,92,PM25,UNHEALTHY
6661,202407,2024-07-28,lubang buaya,75,90,51,21,31,15,90,PM25,UNHEALTHY
6662,202407,2024-07-29,lubang buaya,83,97,52,20,31,17,97,PM25,UNHEALTHY
6663,202407,2024-07-30,lubang buaya,80,94,52,23,28,19,94,PM25,UNHEALTHY
6664,202407,2024-07-31,lubang buaya,96,113,52,28,28,20,113,PM25,UNHEALTHY
6665,202408,2024-08-01,lubang buaya,72,83,51,21,32,17,83,PM25,UNHEALTHY
6666,202408,2024-08-02,lubang buaya,63,75,51,23,28,20,75,PM25,UNHEALTHY
6667,202408,2024-08-03,lubang buaya,54,58,51,22,22,14,58,PM25,UNHEALTHY
6668,202408,2024-08-04,lubang buaya,58,64,51,29,18,13,64,PM25,UNHEALTHY
6669,202408,2024-08-05,lubang buaya,53,67,51,21,21,15,67,PM25,UNHEALTHY
6670,202408,2024-08-06,lubang buaya,67,75,52,21,24,17,75,PM25,UNHEALTHY
6671,202408,2024-08-07,lubang buaya,76,87,52,21,30,17,87,PM25,UNHEALTHY
6672,202408,2024-08-08,lubang buaya,91,98,52,25,32,22,98,PM25,UNHEALTHY
6673,202408,2024-08-09,lubang buaya,78,85,53,23,32,19,85,PM25,UNHEALTHY
6674,202408,2024-08-10,lubang buaya,64,75,53,19,39,18,75,PM25,UNHEALTHY
6675,202408,2024-08-11,lubang buaya,62,68,52,17,47,15,68,PM25,UNHEALTHY
6676,202408,2024-08-12,lubang buaya,56,66,52,17,43,14,66,PM25,UNHEALTHY
6677,202408,2024-08-13,lubang buaya,75,88,53,23,38,24,88,PM25,UNHEALTHY
6678,202408,2024-08-14,lubang buaya,78,85,53,24,37,25,85,PM25,UNHEALTHY
6679,202408,2024-08-15,lubang buaya,78,84,53,22,42,22,84,PM25,UNHEALTHY
6680,202408,2024-08-16,lubang buaya,73,83,53,23,44,24,83,PM25,UNHEALTHY
6681,202408,2024-08-17,lubang buaya,75,93,54,24,56,23,93,PM25,UNHEALTHY
6682,202408,2024-08-18,lubang buaya,76,90,53,21,46,16,90,PM25,UNHEALTHY
6683,202408,2024-08-19,lubang buaya,70,81,53,20,48,15,81,PM25,UNHEALTHY
6684,202408,2024-08-20,lubang buaya,81,95,53,22,48,20,95,PM25,UNHEALTHY
6685,202408,2024-08-21,lubang buaya,85,95,53,23,43,23,95,PM25,UNHEALTHY
6686,202408,2024-08-22,lubang buaya,86,102,54,19,47,17,102,PM25,UNHEALTHY
6687,202408,2024-08-23,lubang buaya,87,103,52,20,31,13,103,PM25,UNHEALTHY
6688,202408,2024-08-24,lubang buaya,69,85,53,22,40,24,85,PM25,UNHEALTHY
6689,202408,2024-08-25,lubang buaya,75,80,53,21,40,19,80,PM25,UNHEALTHY
6690,202408,2024-08-26,lubang buaya,72,76,53,22,40,21,76,PM25,UNHEALTHY
6691,202408,2024-08-27,lubang buaya,71,84,54,26,43,29,84,PM25,UNHEALTHY
6692,202408,2024-08-28,lubang buaya,70,79,53,20,52,22,79,PM25,UNHEALTHY
6693,202408,2024-08-29,lubang buaya,187,123,54,23,48,33,187,PM10,UNHEALTHY
6694,202408,2024-08-30,lubang buaya,71,82,53,23,43,26,82,PM25,UNHEALTHY
6695,202408,2024-08-31,lubang buaya,133,135,53,19,38,21,135,PM25,UNHEALTHY
6696,202409,2024-09-01,lubang buaya,65,81,53,21,44,18,81,PM25,UNHEALTHY
6697,202409,2024-09-02,lubang buaya,-,-,-,-,-,-,-,,TIDAK ADA DATA
6698,202409,2024-09-03,lubang buaya,66,74,53,21,39,23,74,PM25,UNHEALTHY
6699,202409,2024-09-04,lubang buaya,65,79,53,19,43,16,79,PM25,UNHEALTHY
6700,202409,2024-09-05,lubang buaya,118,69,53,16,31,13,118,PM10,UNHEALTHY
6701,202409,2024-09-06,lubang buaya,82,76,53,21,34,19,82,PM10,UNHEALTHY
6702,202409,2024-09-07,lubang buaya,162,97,53,17,39,15,162,PM10,UNHEALTHY
6703,202409,2024-09-08,lubang buaya,70,83,53,17,31,12,83,PM25,UNHEALTHY
6704,202409,2024-09-09,lubang buaya,57,63,53,17,34,12,63,PM25,UNHEALTHY
6705,202409,2024-09-10,lubang buaya,57,58,53,39,23,23,58,PM25,UNHEALTHY
6706,202409,2024-09-11,lubang buaya,50,46,53,19,24,17,53,SO2,UNHEALTHY
6707,202409,2024-09-12,lubang buaya,57,65,53,23,38,17,65,PM25,UNHEALTHY
6708,202409,2024-09-13,lubang buaya,54,54,53,22,34,21,54,PM10,UNHEALTHY
6709,202409,2024-09-14,lubang buaya,59,60,53,21,34,23,60,PM25,UNHEALTHY
6710,202409,2024-09-15,lubang buaya,65,69,53,21,42,16,69,PM25,UNHEALTHY
6711,202409,2024-09-16,lubang buaya,62,69,53,22,37,18,69,PM25,UNHEALTHY
6712,202409,2024-09-17,lubang buaya,63,67,53,21,47,-,67,PM25,UNHEALTHY
6713,202409,2024-09-18,lubang buaya,57,60,54,18,42,25,60,PM25,UNHEALTHY
6714,202409,2024-09-19,lubang buaya,60,64,54,20,52,29,64,PM25,UNHEALTHY
6715,202409,2024-09-20,lubang buaya,64,69,54,20,49,25,69,PM25,UNHEALTHY
6716,202409,2024-09-21,lubang buaya,61,69,54,20,54,26,69,PM25,UNHEALTHY
6717,202409,2024-09-22,lubang buaya,76,75,55,22,45,23,76,PM10,UNHEALTHY
6718,202409,2024-09-23,lubang buaya,68,63,54,20,35,20,68,PM10,UNHEALTHY
6719,202409,2024-09-24,lubang buaya,60,54,54,19,31,18,60,PM10,UNHEALTHY
6720,202409,2024-09-25,lubang buaya,68,63,54,31,34,28,68,PM10,UNHEALTHY
6721,202409,2024-09-26,lubang buaya,52,53,54,27,30,27,54,SO2,UNHEALTHY
6722,202409,2024-09-27,lubang buaya,56,51,53,23,33,24,56,PM10,UNHEALTHY
6723,202409,2024-09-28,lubang buaya,62,62,54,22,34,20,62,PM10,UNHEALTHY
6724,202409,2024-09-29,lubang buaya,90,104,54,27,31,24,104,PM25,UNHEALTHY
6725,202409,2024-09-30,lubang buaya,51,58,54,20,30,21,58,PM25,UNHEALTHY
6726,202410,2024-10-01,lubang buaya,100,102,54,25,37,25,102,PM25,UNHEALTHY
6727,202410,2024-10-02,lubang buaya,67,-,54,22,40,22,67,PM10,UNHEALTHY
6728,202410,2024-10-03,lubang buaya,65,74,54,25,33,27,74,PM25,UNHEALTHY
6729,202410,2024-10-04,lubang buaya,64,67,54,21,35,22,67,PM25,UNHEALTHY
6730,202410,2024-10-05,lubang buaya,58,62,54,24,33,27,62,PM25,UNHEALTHY
6731,202410,2024-10-06,lubang buaya,50,56,54,21,36,19,56,PM25,UNHEALTHY
6732,202410,2024-10-07,lubang buaya,75,76,54,30,28,29,76,PM25,UNHEALTHY
6733,202410,2024-10-08,lubang buaya,59,62,49,20,33,23,62,PM25,UNHEALTHY
6734,202410,2024-10-09,lubang buaya,61,60,53,19,37,18,61,PM10,UNHEALTHY
6735,202410,2024-10-10,lubang buaya,58,62,53,20,41,20,62,PM25,UNHEALTHY
6736,202410,2024-10-11,lubang buaya,64,66,53,23,34,26,66,PM25,UNHEALTHY
6737,202410,2024-10-12,lubang buaya,58,64,54,21,33,25,64,PM25,UNHEALTHY
6738,202410,2024-10-13,lubang buaya,59,60,53,21,36,20,60,PM25,UNHEALTHY
6739,202410,2024-10-14,lubang buaya,78,76,53,29,43,30,78,PM10,UNHEALTHY
6740,202410,2024-10-15,lubang buaya,60,61,52,22,44,24,61,PM25,UNHEALTHY
6741,202410,2024-10-16,lubang buaya,65,63,53,25,47,26,65,PM10,UNHEALTHY
6742,202410,2024-10-17,lubang buaya,54,57,53,20,51,27,57,PM25,UNHEALTHY
6743,202410,2024-10-18,lubang buaya,50,55,53,20,56,31,56,O3,UNHEALTHY
6744,202410,2024-10-19,lubang buaya,68,70,53,24,49,28,70,PM25,UNHEALTHY
6745,202410,2024-10-20,lubang buaya,64,80,54,28,42,34,80,PM25,UNHEALTHY
6746,202410,2024-10-21,lubang buaya,51,62,54,21,34,19,62,PM25,UNHEALTHY
6747,202410,2024-10-22,lubang buaya,72,73,53,28,37,36,73,PM25,UNHEALTHY
6748,202410,2024-10-23,lubang buaya,57,59,54,19,51,24,59,PM25,UNHEALTHY
6749,202410,2024-10-24,lubang buaya,51,56,54,19,40,25,56,PM25,UNHEALTHY
6750,202410,2024-10-25,lubang buaya,53,55,53,19,45,22,55,PM25,UNHEALTHY
6751,202410,2024-10-26,lubang buaya,52,53,53,19,42,22,53,PM25,UNHEALTHY
6752,202410,2024-10-27,lubang buaya,52,57,55,18,52,22,57,PM25,UNHEALTHY
6753,202410,2024-10-28,lubang buaya,60,66,54,23,44,26,66,PM25,UNHEALTHY
6754,202410,2024-10-29,lubang buaya,66,64,54,21,44,24,66,PM10,UNHEALTHY
6755,202410,2024-10-30,lubang buaya,64,63,54,21,45,30,64,PM10,UNHEALTHY
6756,202410,2024-10-31,lubang buaya,62,59,53,24,41,27,62,PM10,UNHEALTHY
6757,202411,2024-11-01,lubang buaya,58,59,54,23,36,28,59,PM25,UNHEALTHY
6758,202411,2024-11-02,lubang buaya,66,68,54,23,32,23,68,PM25,UNHEALTHY
6759,202411,2024-11-03,lubang buaya,45,52,53,32,28,28,53,SO2,UNHEALTHY
6760,202411,2024-11-04,lubang buaya,48,51,53,27,35,28,53,SO2,UNHEALTHY
6761,202411,2024-11-05,lubang buaya,56,55,54,23,35,25,56,PM10,UNHEALTHY
6762,202411,2024-11-06,lubang buaya,43,49,53,22,29,24,53,SO2,UNHEALTHY
6763,202411,2024-11-07,lubang buaya,53,61,54,24,33,21,61,PM25,UNHEALTHY
6764,202411,2024-11-08,lubang buaya,62,61,54,26,44,30,62,PM10,UNHEALTHY
6765,202411,2024-11-09,lubang buaya,74,67,54,24,36,36,74,PM10,UNHEALTHY
6766,202411,2024-11-10,lubang buaya,58,55,53,34,30,26,58,PM10,UNHEALTHY
6767,202411,2024-11-11,lubang buaya,55,52,53,30,34,30,55,PM10,UNHEALTHY
6768,202411,2024-11-12,lubang buaya,-,37,53,28,24,25,53,SO2,UNHEALTHY
6769,202411,2024-11-13,lubang buaya,42,61,54,27,24,19,61,PM25,UNHEALTHY
6770,202411,2024-11-14,lubang buaya,18,64,55,22,23,20,64,PM25,UNHEALTHY
6771,202411,2024-11-15,lubang buaya,18,65,55,30,35,28,65,PM25,UNHEALTHY
6772,202411,2024-11-16,lubang buaya,37,56,53,28,41,30,56,PM25,UNHEALTHY
6773,202411,2024-11-17,lubang buaya,38,60,53,42,33,27,60,PM25,UNHEALTHY
6774,202411,2024-11-18,lubang buaya,18,41,54,22,25,21,54,SO2,UNHEALTHY
6775,202411,2024-11-19,lubang buaya,19,51,54,27,23,25,54,SO2,UNHEALTHY
6776,202411,2024-11-20,lubang buaya,-,44,54,24,33,26,54,SO2,UNHEALTHY
6777,202411,2024-11-21,lubang buaya,-,52,54,22,33,24,54,SO2,UNHEALTHY
6778,202411,2024-11-22,lubang buaya,-,48,54,23,29,26,54,SO2,UNHEALTHY
6779,202411,2024-11-23,lubang buaya,-,54,55,25,28,25,55,SO2,UNHEALTHY
6780,202411,2024-11-24,lubang buaya,-,38,53,27,18,19,53,SO2,UNHEALTHY
6781,202411,2024-11-25,lubang buaya,-,38,54,26,23,16,54,SO2,UNHEALTHY
6782,202411,2024-11-26,lubang buaya,-,51,54,27,28,22,54,SO2,UNHEALTHY
6783,202411,2024-11-27,lubang buaya,-,42,54,26,18,22,54,SO2,UNHEALTHY
6784,202411,2024-11-28,lubang buaya,-,28,53,24,19,20,53,SO2,UNHEALTHY
6785,202411,2024-11-29,lubang buaya,-,27,53,19,19,16,53,SO2,UNHEALTHY
6786,202411,2024-11-30,lubang buaya,-,34,53,20,13,16,53,SO2,UNHEALTHY
6787,202412,2024-12-01,lubang buaya,-,28,54,18,13,10,54,SO2,UNHEALTHY
6788,202412,2024-12-02,lubang buaya,-,19,53,17,13,10,53,SO2,UNHEALTHY
6789,202412,2024-12-03,lubang buaya,-,15,53,15,17,11,53,SO2,UNHEALTHY
6790,202412,2024-12-04,lubang buaya,-,20,53,17,14,15,53,SO2,UNHEALTHY
6791,202412,2024-12-05,lubang buaya,-,17,53,15,18,12,53,SO2,UNHEALTHY
6792,202412,2024-12-06,lubang buaya,-,22,53,16,16,13,53,SO2,UNHEALTHY
6793,202412,2024-12-07,lubang buaya,-,77,54,45,19,33,77,PM25,UNHEALTHY
6794,202412,2024-12-08,lubang buaya,-,54,54,29,28,22,54,PM25,UNHEALTHY
6795,202412,2024-12-09,lubang buaya,-,37,54,22,17,23,54,SO2,UNHEALTHY
6796,202412,2024-12-10,lubang buaya,-,29,54,31,9,19,54,SO2,UNHEALTHY
6797,202412,2024-12-11,lubang buaya,-,16,54,15,14,13,54,SO2,UNHEALTHY
6798,202412,2024-12-12,lubang buaya,-,19,54,14,17,10,54,SO2,UNHEALTHY
6799,202412,2024-12-13,lubang buaya,-,22,54,14,19,12,54,SO2,UNHEALTHY
6800,202412,2024-12-14,lubang buaya,15,18,54,15,14,11,54,SO2,UNHEALTHY
6801,202412,2024-12-15,lubang buaya,26,21,54,18,15,14,54,SO2,UNHEALTHY
6802,202412,2024-12-16,lubang buaya,22,19,54,18,14,15,54,SO2,UNHEALTHY
6803,202412,2024-12-17,lubang buaya,26,21,54,18,17,15,54,SO2,UNHEALTHY
6804,202412,2024-12-18,lubang buaya,35,29,54,18,12,11,54,SO2,UNHEALTHY
6805,202412,2024-12-19,lubang buaya,24,22,54,16,13,10,54,SO2,UNHEALTHY
6806,202412,2024-12-20,lubang buaya,26,20,54,18,17,14,54,SO2,UNHEALTHY
6807,202412,2024-12-21,lubang buaya,34,20,22,17,14,16,34,PM10,UNHEALTHY
6808,202412,2024-12-22,lubang buaya,48,35,22,22,19,22,48,PM10,UNHEALTHY
6809,202412,2024-12-23,lubang buaya,50,30,21,25,18,24,50,PM10,UNHEALTHY
6810,202412,2024-12-24,lubang buaya,38,22,21,23,15,21,38,PM10,UNHEALTHY
6811,202412,2024-12-25,lubang buaya,39,27,21,14,15,12,39,PM10,UNHEALTHY
6812,202412,2024-12-26,lubang buaya,42,26,21,14,14,10,42,PM10,UNHEALTHY
6813,202412,2024-12-27,lubang buaya,44,29,21,11,17,14,44,PM10,UNHEALTHY
6814,202412,2024-12-28,lubang buaya,50,33,23,9,20,13,50,PM10,UNHEALTHY
6815,202412,2024-12-29,lubang buaya,53,37,23,12,19,14,53,PM10,UNHEALTHY
6816,202412,2024-12-30,lubang buaya,39,19,22,7,22,11,39,PM10,UNHEALTHY
6817,202412,2024-12-31,lubang buaya,27,15,21,6,18,8,27,PM10,UNHEALTHY
6818,202501,2025-01-01,lubang buaya,46,30,23,9,19,9,46,PM10,GOOD
6819,202501,2025-01-02,lubang buaya,31,23,23,8,20,11,31,PM10,GOOD
6820,202501,2025-01-03,lubang buaya,55,51,23,12,19,13,55,PM10,MEDIUM
6821,202501,2025-01-04,lubang buaya,45,27,24,7,17,11,45,PM10,GOOD
6822,202501,2025-01-05,lubang buaya,35,28,23,9,12,8,35,PM10,GOOD
6823,202501,2025-01-06,lubang buaya,55,43,22,18,21,11,55,PM10,MEDIUM
6824,202501,2025-01-07,lubang buaya,37,25,10,12,14,8,37,PM10,GOOD
6825,202501,2025-01-08,lubang buaya,27,21,10,8,15,9,27,PM10,GOOD
6826,202501,2025-01-09,lubang buaya,26,16,10,10,14,13,26,PM10,GOOD
6827,202501,2025-01-10,lubang buaya,50,33,12,19,22,17,50,PM10,GOOD
6828,202501,2025-01-11,lubang buaya,45,23,12,10,30,17,45,PM10,GOOD
6829,202501,2025-01-12,lubang buaya,48,21,11,11,19,11,48,PM10,GOOD
6830,202501,2025-01-13,lubang buaya,30,22,11,10,12,12,30,PM10,GOOD
6831,202501,2025-01-14,lubang buaya,26,14,13,8,14,11,26,PM10,GOOD
6832,202501,2025-01-15,lubang buaya,32,23,12,10,14,9,32,PM10,GOOD
6833,202501,2025-01-16,lubang buaya,34,23,13,8,16,10,34,PM10,GOOD
6834,202501,2025-01-17,lubang buaya,33,20,14,8,15,11,33,PM10,GOOD
6835,202501,2025-01-18,lubang buaya,22,14,11,8,15,9,22,PM10,GOOD
6836,202501,2025-01-19,lubang buaya,27,16,12,8,17,9,27,PM10,GOOD
6837,202501,2025-01-20,lubang buaya,27,16,12,10,18,9,27,PM10,GOOD
6838,202501,2025-01-21,lubang buaya,39,22,12,14,15,11,39,PM10,GOOD
6839,202501,2025-01-22,lubang buaya,31,14,12,16,11,10,31,PM10,GOOD
6840,202501,2025-01-23,lubang buaya,52,35,15,18,18,14,52,PM10,MEDIUM
6841,202501,2025-01-24,lubang buaya,54,30,12,13,17,12,54,PM10,MEDIUM
6842,202501,2025-01-25,lubang buaya,46,33,14,15,15,11,46,PM10,GOOD
6843,202501,2025-01-26,lubang buaya,49,27,13,17,12,9,49,PM10,GOOD
6844,202501,2025-01-27,lubang buaya,26,20,12,7,14,8,26,PM10,GOOD
6845,202501,2025-01-28,lubang buaya,27,18,13,6,12,7,27,PM10,GOOD
6846,202501,2025-01-29,lubang buaya,27,12,11,10,13,10,27,PM10,GOOD
6847,202501,2025-01-30,lubang buaya,50,52,12,9,22,10,52,PM25,MEDIUM
6848,202501,2025-01-31,lubang buaya,33,14,12,9,26,13,33,PM10,GOOD
6849,202502,2025-02-01,lubang buaya,39,15,12,9,24,13,39,PM10,GOOD
6850,202502,2025-02-02,lubang buaya,41,14,12,10,23,12,41,PM10,GOOD
6851,202502,2025-02-03,lubang buaya,52,21,13,13,24,14,52,PM10,MEDIUM
6852,202502,2025-02-04,lubang buaya,52,30,14,16,22,20,52,PM10,MEDIUM
6853,202502,2025-02-05,lubang buaya,35,14,13,9,16,14,35,PM10,GOOD
6854,202502,2025-02-06,lubang buaya,31,16,13,8,19,14,31,PM10,GOOD
6855,202502,2025-02-07,lubang buaya,40,19,13,12,21,20,40,PM10,GOOD
6856,202502,2025-02-08,lubang buaya,44,23,13,11,20,19,44,PM10,GOOD
6857,202502,2025-02-09,lubang buaya,-,19,14,15,19,17,19,PM25,GOOD
6858,202502,2025-02-10,lubang buaya,34,18,-,-,-,-,34,PM10,GOOD
6859,202502,2025-02-11,lubang buaya,42,22,13,12,23,19,42,PM10,GOOD
6860,202502,2025-02-12,lubang buaya,58,32,14,17,21,23,58,PM10,MEDIUM
6861,202502,2025-02-13,lubang buaya,72,52,15,14,19,15,72,PM10,MEDIUM
6862,202502,2025-02-14,lubang buaya,56,39,16,11,19,23,56,PM10,MEDIUM
6863,202502,2025-02-15,lubang buaya,43,23,14,9,12,8,43,PM10,GOOD
6864,202502,2025-02-16,lubang buaya,-,-,-,-,-,-,-,,TIDAK ADA DATA
6865,202502,2025-02-17,lubang buaya,-,-,-,-,-,-,-,,TIDAK ADA DATA
6866,202502,2025-02-18,lubang buaya,54,35,15,18,15,21,54,PM10,MEDIUM
6867,202502,2025-02-19,lubang buaya,77,60,14,24,14,12,77,PM10,MEDIUM
6868,202502,2025-02-20,lubang buaya,33,35,15,11,20,14,35,PM25,GOOD
6869,202502,2025-02-21,lubang buaya,46,39,17,10,23,18,46,PM10,GOOD
6870,202502,2025-02-22,lubang buaya,37,33,16,10,18,12,37,PM10,GOOD
6871,202502,2025-02-23,lubang buaya,42,36,17,15,17,15,42,PM10,GOOD
6872,202502,2025-02-24,lubang buaya,36,43,15,15,32,22,43,PM25,GOOD
6873,202502,2025-02-25,lubang buaya,44,50,15,18,8,10,50,PM25,GOOD
6874,202502,2025-02-26,lubang buaya,49,30,15,14,17,21,49,PM10,GOOD
6875,202502,2025-02-27,lubang buaya,82,55,15,23,24,23,82,PM10,MEDIUM
6876,202502,2025-02-28,lubang buaya,49,36,16,14,28,20,49,PM10,GOOD
6877,202503,2025-03-01,lubang buaya,48,25,16,11,32,18,48,PM10,GOOD
6878,202503,2025-03-02,lubang buaya,54,-,16,14,32,20,54,PM10,MEDIUM
6879,202503,2025-03-03,lubang buaya,37,32,15,10,30,16,37,PM10,GOOD
6880,202503,2025-03-04,lubang buaya,26,25,15,8,19,19,26,PM10,GOOD
6881,202503,2025-03-05,lubang buaya,55,38,18,10,24,15,55,PM10,MEDIUM
6882,202503,2025-03-06,lubang buaya,59,55,16,16,32,16,59,PM10,MEDIUM
6883,202503,2025-03-07,lubang buaya,32,25,15,7,22,12,32,PM10,GOOD
6884,202503,2025-03-08,lubang buaya,52,54,18,11,28,18,54,PM25,MEDIUM
6885,202503,2025-03-09,lubang buaya,53,44,16,15,21,18,53,PM10,MEDIUM
6886,202503,2025-03-10,lubang buaya,48,40,-,-,-,-,48,PM10,GOOD
6887,202503,2025-03-11,lubang buaya,-,68,-,-,-,-,68,PM25,MEDIUM
6888,202503,2025-03-12,lubang buaya,46,50,20,9,29,19,50,PM25,GOOD
6889,202503,2025-03-13,lubang buaya,54,55,21,11,25,22,55,PM25,MEDIUM
6890,202503,2025-03-14,lubang buaya,52,43,17,9,18,12,52,PM10,MEDIUM
6891,202503,2025-03-15,lubang buaya,29,31,16,6,11,6,31,PM25,GOOD
6892,202503,2025-03-16,lubang buaya,28,26,16,8,10,7,28,PM10,GOOD
6893,202503,2025-03-17,lubang buaya,-,-,-,-,-,-,-,,TIDAK ADA DATA
6894,202503,2025-03-18,lubang buaya,26,20,16,8,19,15,26,PM10,GOOD
6895,202503,2025-03-19,lubang buaya,24,24,16,8,22,16,24,PM10,GOOD
6896,202503,2025-03-20,lubang buaya,38,36,21,9,25,18,38,PM10,GOOD
6897,202503,2025-03-21,lubang buaya,36,31,17,11,23,18,36,PM10,GOOD
6898,202503,2025-03-22,lubang buaya,47,51,18,13,27,21,51,PM25,MEDIUM
6899,202503,2025-03-23,lubang buaya,42,37,18,12,17,16,42,PM10,GOOD
6900,202503,2025-03-24,lubang buaya,41,36,17,12,20,16,41,PM10,GOOD
6901,202503,2025-03-25,lubang buaya,37,33,16,18,14,12,37,PM10,GOOD
6902,202503,2025-03-26,lubang buaya,53,44,17,19,20,16,53,PM10,MEDIUM
6903,202503,2025-03-27,lubang buaya,71,54,17,20,18,15,71,PM10,MEDIUM
6904,202503,2025-03-28,lubang buaya,45,33,17,13,14,15,45,PM10,GOOD
6905,202503,2025-03-29,lubang buaya,18,19,16,6,13,8,19,PM25,GOOD
6906,202503,2025-03-30,lubang buaya,26,28,16,9,12,8,28,PM25,GOOD
6907,202503,2025-03-31,lubang buaya,23,24,17,7,14,5,24,PM25,GOOD
6908,202504,2025-04-01,lubang buaya,18,25,17,9,13,8,25,PM25,GOOD
6909,202504,2025-04-02,lubang buaya,30,31,16,12,11,10,31,PM25,GOOD
6910,202504,2025-04-03,lubang buaya,34,29,17,13,16,8,34,PM10,GOOD
6911,202504,2025-04-04,lubang buaya,31,-,-,-,-,-,31,PM10,GOOD
6912,202504,2025-04-05,lubang buaya,51,47,21,9,26,13,51,PM10,MEDIUM
6913,202504,2025-04-06,lubang buaya,55,41,17,15,23,12,55,PM10,MEDIUM
6914,202504,2025-04-07,lubang buaya,42,37,18,15,24,16,42,PM10,GOOD
6915,202504,2025-04-08,lubang buaya,51,45,20,11,26,15,51,PM10,MEDIUM
6916,202504,2025-04-09,lubang buaya,60,51,20,13,25,15,60,PM10,MEDIUM
6917,202504,2025-04-10,lubang buaya,64,53,19,13,26,15,64,PM10,MEDIUM
6918,202504,2025-04-11,lubang buaya,59,45,18,18,26,19,59,PM10,MEDIUM
6919,202504,2025-04-12,lubang buaya,65,40,19,20,26,30,65,PM10,MEDIUM
6920,202504,2025-04-13,lubang buaya,58,47,18,15,27,24,58,PM10,MEDIUM
6921,202504,2025-04-14,lubang buaya,28,22,17,9,13,11,28,PM10,GOOD
6922,202504,2025-04-15,lubang buaya,51,41,20,10,17,17,51,PM10,MEDIUM
6923,202504,2025-04-16,lubang buaya,58,48,22,14,26,19,58,PM10,MEDIUM
6924,202504,2025-04-17,lubang buaya,54,34,19,12,28,24,54,PM10,MEDIUM
6925,202504,2025-04-18,lubang buaya,59,45,19,17,20,30,59,PM10,MEDIUM
6926,202504,2025-04-19,lubang buaya,53,49,18,13,23,17,53,PM10,MEDIUM
6927,202504,2025-04-20,lubang buaya,44,47,21,10,33,18,47,PM25,GOOD
6928,202504,2025-04-21,lubang buaya,50,42,22,8,19,17,50,PM10,GOOD
6929,202504,2025-04-22,lubang buaya,60,-,21,17,24,20,60,PM10,MEDIUM
6930,202504,2025-04-23,lubang buaya,69,-,19,21,17,16,69,PM10,MEDIUM
6931,202504,2025-04-24,lubang buaya,27,61,19,8,21,9,61,PM25,MEDIUM
6932,202504,2025-04-25,lubang buaya,59,93,19,18,31,14,93,PM25,MEDIUM
6933,202504,2025-04-26,lubang buaya,56,87,19,13,35,18,87,PM25,MEDIUM
6934,202504,2025-04-27,lubang buaya,61,90,20,12,33,17,90,PM25,MEDIUM
6935,202504,2025-04-28,lubang buaya,54,87,21,10,30,17,87,PM25,MEDIUM
6936,202504,2025-04-29,lubang buaya,61,97,22,11,32,21,97,PM25,MEDIUM
6937,202504,2025-04-30,lubang buaya,60,97,22,11,33,19,97,PM25,MEDIUM
6938,202505,2025-05-01,lubang buaya,63,103,21,11,34,16,103,PM25,UNHEALTHY
6939,202505,2025-05-02,lubang buaya,62,102,21,12,38,21,102,PM25,UNHEALTHY
6940,202505,2025-05-03,lubang buaya,61,92,22,10,34,16,92,PM25,MEDIUM
6941,202505,2025-05-04,lubang buaya,56,80,19,11,27,17,80,PM25,MEDIUM
6942,202505,2025-05-05,lubang buaya,69,112,21,20,25,17,112,PM25,UNHEALTHY
6943,202505,2025-05-06,lubang buaya,61,101,20,15,31,19,101,PM25,UNHEALTHY
6944,202505,2025-05-07,lubang buaya,66,96,19,16,27,18,96,PM25,MEDIUM
6945,202505,2025-05-08,lubang buaya,83,117,20,23,26,17,117,PM25,UNHEALTHY
6946,202505,2025-05-09,lubang buaya,57,86,19,14,26,21,86,PM25,MEDIUM
6947,202505,2025-05-10,lubang buaya,66,107,20,12,33,20,107,PM25,UNHEALTHY
6948,202505,2025-05-11,lubang buaya,70,95,19,19,28,19,95,PM25,MEDIUM
6949,202505,2025-05-12,lubang buaya,52,78,19,13,23,11,78,PM25,MEDIUM
6950,202505,2025-05-13,lubang buaya,50,73,20,11,19,13,73,PM25,MEDIUM
6951,202505,2025-05-14,lubang buaya,57,84,19,13,29,22,84,PM25,MEDIUM
6952,202505,2025-05-15,lubang buaya,60,88,21,18,33,23,88,PM25,MEDIUM
6953,202505,2025-05-16,lubang buaya,61,82,19,13,32,21,82,PM25,MEDIUM
6954,202505,2025-05-17,lubang buaya,61,75,20,13,27,24,75,PM25,MEDIUM
6955,202505,2025-05-18,lubang buaya,-,85,20,18,25,12,85,PM25,MEDIUM
6956,202505,2025-05-19,lubang buaya,-,78,20,10,29,14,78,PM25,MEDIUM
6957,202505,2025-05-20,lubang buaya,70,107,22,16,23,18,107,PM25,UNHEALTHY
6958,202505,2025-05-21,lubang buaya,69,104,22,15,22,20,104,PM25,UNHEALTHY
6959,202505,2025-05-22,lubang buaya,73,101,19,21,23,24,101,PM25,UNHEALTHY
6960,202505,2025-05-23,lubang buaya,49,64,20,13,21,17,64,PM25,MEDIUM
6961,202505,2025-05-24,lubang buaya,-,-,-,-,-,-,-,,TIDAK ADA DATA
6962,202505,2025-05-25,lubang buaya,66,102,22,17,18,15,102,PM25,UNHEALTHY
6963,202505,2025-05-26,lubang buaya,76,95,19,24,14,24,95,PM25,MEDIUM
6964,202505,2025-05-27,lubang buaya,42,60,19,11,14,14,60,PM25,MEDIUM
6965,202505,2025-05-28,lubang buaya,58,96,22,15,26,11,96,PM25,MEDIUM
6966,202505,2025-05-29,lubang buaya,80,128,23,13,38,23,128,PM25,UNHEALTHY
6967,202505,2025-05-30,lubang buaya,-,-,-,-,-,-,-,,TIDAK ADA DATA
6968,202505,2025-05-31,lubang buaya,70,105,21,13,29,17,105,PM25,UNHEALTHY
6969,202506,2025-06-01,lubang buaya,64,105,21,14,28,16,105,PM25,UNHEALTHY
6970,202506,2025-06-02,lubang buaya,85,127,23,14,28,18,127,PM25,UNHEALTHY
6971,202506,2025-06-03,lubang buaya,68,101,22,11,27,23,101,PM25,UNHEALTHY
6972,202506,2025-06-04,lubang buaya,83,124,21,20,24,22,124,PM25,UNHEALTHY
6973,202506,2025-06-05,lubang buaya,88,139,23,19,25,32,139,PM25,UNHEALTHY
6974,202506,2025-06-06,lubang buaya,68,96,21,14,27,29,96,PM25,MEDIUM
6975,202506,2025-06-07,lubang buaya,75,124,21,16,32,23,124,PM25,UNHEALTHY
6976,202506,2025-06-08,lubang buaya,67,93,21,14,35,20,93,PM25,MEDIUM
6977,202506,2025-06-09,lubang buaya,74,118,24,14,34,20,118,PM25,UNHEALTHY
6978,202506,2025-06-10,lubang buaya,76,114,24,12,30,20,114,PM25,UNHEALTHY
6979,202506,2025-06-11,lubang buaya,64,86,21,12,25,21,86,PM25,MEDIUM
6980,202506,2025-06-12,lubang buaya,64,95,24,11,23,18,95,PM25,MEDIUM
6981,202506,2025-06-13,lubang buaya,74,105,22,11,26,15,105,PM25,UNHEALTHY
6982,202506,2025-06-14,lubang buaya,67,99,23,10,22,19,99,PM25,MEDIUM
6983,202506,2025-06-15,lubang buaya,62,87,24,13,15,11,87,PM25,MEDIUM
6984,202506,2025-06-16,lubang buaya,68,101,22,13,21,15,101,PM25,UNHEALTHY
6985,202506,2025-06-17,lubang buaya,50,71,22,9,24,13,71,PM25,MEDIUM
6986,202506,2025-06-18,lubang buaya,40,56,20,11,16,23,56,PM25,MEDIUM
6987,202506,2025-06-19,lubang buaya,56,74,23,21,11,19,74,PM25,MEDIUM
6988,202506,2025-06-20,lubang buaya,80,113,24,17,19,21,113,PM25,UNHEALTHY
6989,202506,2025-06-21,lubang buaya,46,68,22,9,25,18,68,PM25,MEDIUM
6990,202506,2025-06-22,lubang buaya,71,104,23,21,22,21,104,PM25,UNHEALTHY
6991,202506,2025-06-23,lubang buaya,62,82,23,8,26,16,82,PM25,MEDIUM
6992,202506,2025-06-24,lubang buaya,72,101,24,13,20,17,101,PM25,UNHEALTHY
6993,202506,2025-06-25,lubang buaya,79,115,23,23,30,16,115,PM25,UNHEALTHY
6994,202506,2025-06-26,lubang buaya,81,117,24,17,28,25,117,PM25,UNHEALTHY
6995,202506,2025-06-27,lubang buaya,71,99,23,13,28,17,99,PM25,MEDIUM
6996,202506,2025-06-28,lubang buaya,84,118,26,14,29,24,118,PM25,UNHEALTHY
6997,202506,2025-06-29,lubang buaya,57,83,21,22,11,29,83,PM25,MEDIUM
6998,202506,2025-06-30,lubang buaya,97,114,22,27,15,36,114,PM25,UNHEALTHY
6999,202507,2025-07-01,lubang buaya,44,57,22,7,19,11,57,PM25,MEDIUM
7000,202507,2025-07-02,lubang buaya,54,80,23,16,20,20,80,PM25,MEDIUM
7001,202507,2025-07-03,lubang buaya,57,76,23,12,19,26,76,PM25,MEDIUM
7002,202507,2025-07-04,lubang buaya,58,78,24,12,28,22,78,PM25,MEDIUM
7003,202507,2025-07-05,lubang buaya,60,83,24,13,25,20,83,PM25,MEDIUM
7004,202507,2025-07-06,lubang buaya,52,69,23,9,32,17,69,PM25,MEDIUM
7005,202507,2025-07-07,lubang buaya,-,58,22,14,21,14,58,PM25,MEDIUM
7006,202507,2025-07-08,lubang buaya,41,62,24,9,21,22,62,PM25,MEDIUM
7007,202507,2025-07-09,lubang buaya,61,81,23,14,21,17,81,PM25,MEDIUM
7008,202507,2025-07-10,lubang buaya,58,86,25,11,28,25,86,PM25,MEDIUM
7009,202507,2025-07-11,lubang buaya,70,110,28,12,32,29,110,PM25,UNHEALTHY
7010,202507,2025-07-12,lubang buaya,91,140,28,18,32,26,140,PM25,UNHEALTHY
7011,202507,2025-07-13,lubang buaya,81,113,26,12,28,20,113,PM25,UNHEALTHY
7012,202507,2025-07-14,lubang buaya,57,81,25,10,24,16,81,PM25,MEDIUM
7013,202507,2025-07-15,lubang buaya,71,104,24,17,23,27,104,PM25,UNHEALTHY
7014,202507,2025-07-16,lubang buaya,86,122,27,23,33,29,122,PM25,UNHEALTHY
7015,202507,2025-07-17,lubang buaya,62,76,24,14,25,25,76,PM25,MEDIUM
7016,202507,2025-07-18,lubang buaya,72,100,25,14,27,28,100,PM25,MEDIUM
7017,202507,2025-07-19,lubang buaya,65,91,26,12,25,28,91,PM25,MEDIUM
7018,202507,2025-07-20,lubang buaya,68,102,27,12,33,21,102,PM25,UNHEALTHY
7019,202507,2025-07-21,lubang buaya,70,104,28,12,29,24,104,PM25,UNHEALTHY
7020,202507,2025-07-22,lubang buaya,70,102,28,11,29,19,102,PM25,UNHEALTHY
7021,202507,2025-07-23,lubang buaya,76,110,27,12,29,22,110,PM25,UNHEALTHY
7022,202507,2025-07-24,lubang buaya,82,118,27,15,27,24,118,PM25,UNHEALTHY
7023,202507,2025-07-25,lubang buaya,80,119,28,13,28,20,119,PM25,UNHEALTHY
7024,202507,2025-07-26,lubang buaya,74,104,28,10,26,17,104,PM25,UNHEALTHY
7025,202507,2025-07-27,lubang buaya,86,117,29,12,26,17,117,PM25,UNHEALTHY
7026,202507,2025-07-28,lubang buaya,68,96,-,-,-,-,96,PM25,MEDIUM
7027,202507,2025-07-29,lubang buaya,66,-,26,16,23,28,66,PM10,MEDIUM
7028,202507,2025-07-30,lubang buaya,55,77,27,10,29,16,77,PM25,MEDIUM
7029,202507,2025-07-31,lubang buaya,54,78,27,8,22,15,78,PM25,MEDIUM
7030,202508,2025-08-01,lubang buaya,63,89,30,7,28,16,89,PM25,MEDIUM
7031,202508,2025-08-02,lubang buaya,73,105,31,11,25,21,105,PM25,UNHEALTHY
7032,202508,2025-08-03,lubang buaya,-,-,-,-,-,-,-,,TIDAK ADA DATA
7033,202508,2025-08-04,lubang buaya,63,84,27,14,26,26,84,PM25,MEDIUM
7034,202508,2025-08-05,lubang buaya,61,78,25,26,15,24,78,PM25,MEDIUM
7035,202508,2025-08-06,lubang buaya,59,75,26,11,26,19,75,PM25,MEDIUM
7036,202508,2025-08-07,lubang buaya,66,90,27,11,28,17,90,PM25,MEDIUM
7037,202508,2025-08-08,lubang buaya,62,75,27,9,25,21,75,PM25,MEDIUM
7038,202508,2025-08-09,lubang buaya,67,91,28,11,26,18,91,PM25,MEDIUM
7039,202508,2025-08-10,lubang buaya,60,81,28,14,27,23,81,PM25,MEDIUM
7040,202508,2025-08-11,lubang buaya,61,72,26,12,27,20,72,PM25,MEDIUM
7041,202508,2025-08-12,lubang buaya,65,78,25,18,25,31,78,PM25,MEDIUM
7042,202508,2025-08-13,lubang buaya,64,73,28,28,18,35,73,PM25,MEDIUM
7043,202508,2025-08-14,lubang buaya,59,82,27,11,22,20,82,PM25,MEDIUM
7044,202508,2025-08-15,lubang buaya,60,74,-,-,-,-,74,PM25,MEDIUM
7045,202508,2025-08-16,lubang buaya,74,98,31,14,24,26,98,PM25,MEDIUM
7046,202508,2025-08-17,lubang buaya,73,92,28,10,28,14,92,PM25,MEDIUM
7047,202508,2025-08-18,lubang buaya,64,83,31,8,27,14,83,PM25,MEDIUM
7048,202508,2025-08-19,lubang buaya,56,63,26,12,15,20,63,PM25,MEDIUM
7049,202508,2025-08-20,lubang buaya,71,79,32,13,24,22,79,PM25,MEDIUM
7050,202508,2025-08-21,lubang buaya,54,57,26,14,16,20,57,PM25,MEDIUM
7051,202508,2025-08-22,lubang buaya,57,72,29,10,34,19,72,PM25,MEDIUM
7052,202508,2025-08-23,lubang buaya,72,86,31,12,25,19,86,PM25,MEDIUM
7053,202508,2025-08-24,lubang buaya,58,70,28,9,22,14,70,PM25,MEDIUM
7054,202508,2025-08-25,lubang buaya,79,99,28,14,25,25,99,PM25,MEDIUM
7055,202508,2025-08-26,lubang buaya,63,72,26,13,30,19,72,PM25,MEDIUM
7056,202508,2025-08-27,lubang buaya,68,90,29,12,27,21,90,PM25,MEDIUM
7057,202508,2025-08-28,lubang buaya,-,60,28,7,28,16,60,PM25,MEDIUM
7058,202508,2025-08-29,lubang buaya,28,56,26,8,27,16,56,PM25,MEDIUM
7059,202508,2025-08-30,lubang buaya,38,61,28,9,22,20,61,PM25,MEDIUM
7060,202508,2025-08-31,lubang buaya,47,59,27,10,18,17,59,PM25,MEDIUM
7061,202509,2025-09-01,lubang buaya,42,80,28,12,24,16,80,PM25,MEDIUM
7062,202509,2025-09-02,lubang buaya,58,82,29,8,25,16,82,PM25,MEDIUM
7063,202509,2025-09-03,lubang buaya,62,79,30,9,20,19,79,PM25,MEDIUM
7064,202509,2025-09-04,lubang buaya,61,73,31,7,24,15,73,PM25,MEDIUM
7065,202509,2025-09-05,lubang buaya,63,77,28,10,22,17,77,PM25,MEDIUM
7066,202509,2025-09-06,lubang buaya,61,75,29,11,29,20,75,PM25,MEDIUM
7067,202509,2025-09-07,lubang buaya,55,66,27,8,28,18,66,PM25,MEDIUM
7068,202509,2025-09-08,lubang buaya,65,87,29,13,27,20,87,PM25,MEDIUM
7069,202509,2025-09-09,lubang buaya,53,67,28,9,23,14,67,PM25,MEDIUM
7070,202509,2025-09-10,lubang buaya,59,75,29,17,19,18,75,PM25,MEDIUM
7071,202509,2025-09-11,lubang buaya,50,63,29,12,17,16,63,PM25,MEDIUM
7072,202509,2025-09-12,lubang buaya,52,66,27,12,22,17,66,PM25,MEDIUM
7073,202509,2025-09-13,lubang buaya,46,58,30,16,22,17,58,PM25,MEDIUM
7074,202509,2025-09-14,lubang buaya,60,82,32,14,24,23,82,PM25,MEDIUM
7075,202509,2025-09-15,lubang buaya,52,66,30,8,31,10,66,PM25,MEDIUM
7076,202509,2025-09-16,lubang buaya,57,73,31,11,27,18,73,PM25,MEDIUM
7077,202509,2025-09-17,lubang buaya,75,93,28,24,24,20,93,PM25,MEDIUM
7078,202509,2025-09-18,lubang buaya,54,57,28,17,12,26,57,PM25,MEDIUM
7079,202509,2025-09-19,lubang buaya,74,87,31,20,18,17,87,PM25,MEDIUM
7080,202509,2025-09-20,lubang buaya,75,84,30,15,14,19,84,PM25,MEDIUM
7081,202509,2025-09-21,lubang buaya,62,70,32,10,14,13,70,PM25,MEDIUM
7082,202509,2025-09-22,lubang buaya,64,80,33,18,21,20,80,PM25,MEDIUM
7083,202509,2025-09-23,lubang buaya,53,62,29,10,28,14,62,PM25,MEDIUM
7084,202509,2025-09-24,lubang buaya,64,76,30,13,36,26,76,PM25,MEDIUM
7085,202509,2025-09-25,lubang buaya,79,99,32,13,29,23,99,PM25,MEDIUM
7086,202509,2025-09-26,lubang buaya,66,70,29,13,23,25,70,PM25,MEDIUM
7087,202509,2025-09-27,lubang buaya,60,73,33,10,22,24,73,PM25,MEDIUM
7088,202509,2025-09-28,lubang buaya,61,67,32,8,18,22,67,PM25,MEDIUM
7089,202509,2025-09-29,lubang buaya,74,77,31,12,19,30,77,PM25,MEDIUM
7090,202509,2025-09-30,lubang buaya,55,57,28,22,6,34,57,PM25,MEDIUM
7091,202301,2023-01-01,us consulate jakarta pusat,-,-,-,-,-,-,-,,TIDAK ADA DATA
7092,202301,2023-01-02,us consulate jakarta pusat,0,16,0,0,0,0,16,PM25,GOOD
7093,202301,2023-01-03,us consulate jakarta pusat,0,13,0,0,0,0,13,PM25,GOOD
7094,202301,2023-01-04,us consulate jakarta pusat,0,23,0,0,0,0,23,PM25,GOOD
7095,202301,2023-01-05,us consulate jakarta pusat,0,19,0,0,0,0,19,PM25,GOOD
7096,202301,2023-01-06,us consulate jakarta pusat,0,11,0,0,0,0,11,PM25,GOOD
7097,202301,2023-01-07,us consulate jakarta pusat,0,12,0,0,0,0,12,PM25,GOOD
7098,202301,2023-01-08,us consulate jakarta pusat,0,13,0,0,0,0,13,PM25,GOOD
7099,202301,2023-01-09,us consulate jakarta pusat,0,15,0,0,0,0,15,PM25,GOOD
7100,202301,2023-01-10,us consulate jakarta pusat,31,15,0,31,31,0,31,PM10,GOOD
7101,202301,2023-01-11,us consulate jakarta pusat,42,35,0,43,42,0,43,CO,GOOD
7102,202301,2023-01-12,us consulate jakarta pusat,55,30,0,5,55,0,55,PM10,MEDIUM
7103,202301,2023-01-13,us consulate jakarta pusat,62,41,0,6,62,0,62,PM10,MEDIUM
7104,202301,2023-01-14,us consulate jakarta pusat,50,27,0,5,50,0,50,PM10,GOOD
7105,202301,2023-01-15,us consulate jakarta pusat,50,16,0,5,50,0,50,PM10,GOOD
7106,202301,2023-01-16,us consulate jakarta pusat,47,15,0,4,47,0,47,PM10,GOOD
7107,202301,2023-01-17,us consulate jakarta pusat,66,23,0,6,66,0,66,PM10,MEDIUM
7108,202301,2023-01-18,us consulate jakarta pusat,69,45,0,6,69,0,69,PM10,MEDIUM
7109,202301,2023-01-19,us consulate jakarta pusat,34,21,0,3,34,0,34,PM10,GOOD
7110,202301,2023-01-20,us consulate jakarta pusat,52,19,0,5,52,0,52,PM10,MEDIUM
7111,202301,2023-01-21,us consulate jakarta pusat,61,21,0,6,61,0,61,PM10,MEDIUM
7112,202301,2023-01-22,us consulate jakarta pusat,61,12,0,6,61,0,61,PM10,MEDIUM
7113,202301,2023-01-23,us consulate jakarta pusat,61,11,0,6,61,0,61,PM10,MEDIUM
7114,202301,2023-01-24,us consulate jakarta pusat,61,14,0,6,61,0,61,PM10,MEDIUM
7115,202301,2023-01-25,us consulate jakarta pusat,57,18,0,5,57,0,57,PM10,MEDIUM
7116,202301,2023-01-26,us consulate jakarta pusat,54,20,0,5,54,0,54,PM10,MEDIUM
7117,202301,2023-01-27,us consulate jakarta pusat,48,20,0,4,48,0,48,PM10,GOOD
7118,202301,2023-01-28,us consulate jakarta pusat,36,19,0,3,36,0,36,PM10,GOOD
7119,202301,2023-01-29,us consulate jakarta pusat,33,21,0,3,33,0,33,PM10,GOOD
7120,202301,2023-01-30,us consulate jakarta pusat,33,25,0,3,33,0,33,PM10,GOOD
7121,202301,2023-01-31,us consulate jakarta pusat,33,32,0,3,33,0,33,PM10,GOOD
7122,202302,2023-02-01,us consulate jakarta pusat,46,22,0,4,46,71,71,NO2,MEDIUM
7123,202302,2023-02-02,us consulate jakarta pusat,40,21,0,4,40,69,69,NO2,MEDIUM
7124,202302,2023-02-03,us consulate jakarta pusat,3,21,0,3,3,67,67,NO2,MEDIUM
7125,202302,2023-02-04,us consulate jakarta pusat,3,29,0,3,3,86,86,NO2,MEDIUM
7126,202302,2023-02-05,us consulate jakarta pusat,3,21,0,3,3,69,69,NO2,MEDIUM
7127,202302,2023-02-06,us consulate jakarta pusat,3,22,0,3,3,72,72,NO2,MEDIUM
7128,202302,2023-02-07,us consulate jakarta pusat,3,15,0,3,3,57,57,NO2,MEDIUM
7129,202302,2023-02-08,us consulate jakarta pusat,3,16,0,3,3,56,56,NO2,MEDIUM
7130,202302,2023-02-09,us consulate jakarta pusat,3,12,0,3,3,47,47,NO2,GOOD
7131,202302,2023-02-10,us consulate jakarta pusat,0,14,0,0,0,54,54,NO2,MEDIUM
7132,202302,2023-02-11,us consulate jakarta pusat,0,12,0,0,0,47,47,NO2,GOOD
7133,202302,2023-02-12,us consulate jakarta pusat,0,10,0,0,0,41,41,NO2,GOOD
7134,202302,2023-02-13,us consulate jakarta pusat,45,14,0,4,45,53,53,NO2,MEDIUM
7135,202302,2023-02-14,us consulate jakarta pusat,31,9,0,3,31,39,39,NO2,GOOD
7136,202302,2023-02-15,us consulate jakarta pusat,47,13,0,4,47,52,52,NO2,MEDIUM
7137,202302,2023-02-16,us consulate jakarta pusat,48,16,0,4,48,60,60,NO2,MEDIUM
7138,202302,2023-02-17,us consulate jakarta pusat,42,19,0,4,42,63,63,NO2,MEDIUM
7139,202302,2023-02-18,us consulate jakarta pusat,53,31,0,5,53,91,91,NO2,MEDIUM
7140,202302,2023-02-19,us consulate jakarta pusat,71,34,0,7,71,98,98,NO2,MEDIUM
7141,202302,2023-02-20,us consulate jakarta pusat,39,16,0,3,39,59,59,NO2,MEDIUM
7142,202302,2023-02-21,us consulate jakarta pusat,34,14,0,3,34,52,52,NO2,MEDIUM
7143,202302,2023-02-22,us consulate jakarta pusat,36,14,0,3,36,53,53,NO2,MEDIUM
7144,202302,2023-02-23,us consulate jakarta pusat,40,15,0,4,40,56,56,NO2,MEDIUM
7145,202302,2023-02-24,us consulate jakarta pusat,15,17,0,15,15,60,60,NO2,MEDIUM
7146,202302,2023-02-25,us consulate jakarta pusat,15,18,0,15,15,62,62,NO2,MEDIUM
7147,202302,2023-02-26,us consulate jakarta pusat,15,14,0,15,15,51,51,NO2,MEDIUM
7148,202302,2023-02-27,us consulate jakarta pusat,15,19,0,15,15,65,65,NO2,MEDIUM
7149,202302,2023-02-28,us consulate jakarta pusat,15,18,0,15,15,62,62,NO2,MEDIUM
7150,202303,2023-03-01,us consulate jakarta pusat,0,19,65,0,0,65,65,SO2,MEDIUM
7151,202303,2023-03-02,us consulate jakarta pusat,0,14,51,0,0,51,51,SO2,MEDIUM
7152,202303,2023-03-03,us consulate jakarta pusat,0,18,62,0,0,62,62,SO2,MEDIUM
7153,202303,2023-03-04,us consulate jakarta pusat,0,14,52,0,0,52,52,SO2,MEDIUM
7154,202303,2023-03-05,us consulate jakarta pusat,0,21,69,0,0,69,69,SO2,MEDIUM
7155,202303,2023-03-06,us consulate jakarta pusat,0,14,49,0,0,49,49,SO2,GOOD
7156,202303,2023-03-07,us consulate jakarta pusat,0,17,60,0,0,60,60,SO2,MEDIUM
7157,202303,2023-03-08,us consulate jakarta pusat,0,21,68,0,0,68,68,SO2,MEDIUM
7158,202303,2023-03-09,us consulate jakarta pusat,0,22,64,0,0,64,64,SO2,MEDIUM
7159,202303,2023-03-10,us consulate jakarta pusat,0,28,85,0,0,85,85,SO2,MEDIUM
7160,202303,2023-03-11,us consulate jakarta pusat,0,32,94,0,0,94,94,SO2,MEDIUM
7161,202303,2023-03-12,us consulate jakarta pusat,0,49,118,0,0,118,118,SO2,UNHEALTHY
7162,202303,2023-03-13,us consulate jakarta pusat,0,36,103,0,0,103,103,SO2,UNHEALTHY
7163,202303,2023-03-14,us consulate jakarta pusat,0,25,80,0,0,80,80,SO2,MEDIUM
7164,202303,2023-03-15,us consulate jakarta pusat,0,25,78,0,0,78,78,SO2,MEDIUM
7165,202303,2023-03-16,us consulate jakarta pusat,0,46,106,0,0,106,106,SO2,UNHEALTHY
7166,202303,2023-03-17,us consulate jakarta pusat,0,46,80,0,0,80,80,SO2,MEDIUM
7167,202303,2023-03-18,us consulate jakarta pusat,0,28,82,0,0,82,82,SO2,MEDIUM
7168,202303,2023-03-19,us consulate jakarta pusat,0,33,97,0,0,97,97,SO2,MEDIUM
7169,202303,2023-03-20,us consulate jakarta pusat,0,42,118,0,0,118,118,SO2,UNHEALTHY
7170,202303,2023-03-21,us consulate jakarta pusat,0,32,94,0,0,94,94,SO2,MEDIUM
7171,202303,2023-03-22,us consulate jakarta pusat,0,27,80,0,0,800,800,NO2,UNHEALTHY
7172,202303,2023-03-23,us consulate jakarta pusat,0,17,56,0,0,56,56,SO2,MEDIUM
7173,202303,2023-03-24,us consulate jakarta pusat,0,32,95,0,0,95,95,SO2,MEDIUM
7174,202303,2023-03-25,us consulate jakarta pusat,0,30,90,0,0,90,90,SO2,MEDIUM
7175,202303,2023-03-26,us consulate jakarta pusat,0,26,81,0,0,81,81,SO2,MEDIUM
7176,202303,2023-03-27,us consulate jakarta pusat,0,23,75,0,0,75,75,SO2,MEDIUM
7177,202303,2023-03-28,us consulate jakarta pusat,0,29,88,0,0,88,88,SO2,MEDIUM
7178,202303,2023-03-29,us consulate jakarta pusat,0,38,95,0,0,95,95,SO2,MEDIUM
7179,202303,2023-03-30,us consulate jakarta pusat,0,33,97,0,0,97,97,SO2,MEDIUM
7180,202303,2023-03-31,us consulate jakarta pusat,0,21,70,0,0,70,70,SO2,MEDIUM
7181,202304,2023-04-01,us consulate jakarta pusat,0,11,43,0,0,43,43,SO2,GOOD
7182,202304,2023-04-02,us consulate jakarta pusat,0,19,65,0,0,65,65,SO2,MEDIUM
7183,202304,2023-04-03,us consulate jakarta pusat,0,36,103,0,0,103,103,SO2,UNHEALTHY
7184,202304,2023-04-04,us consulate jakarta pusat,0,23,75,0,0,75,75,SO2,MEDIUM
7185,202304,2023-04-05,us consulate jakarta pusat,0,27,83,0,0,83,83,SO2,MEDIUM
7186,202304,2023-04-06,us consulate jakarta pusat,66,21,75,0,66,75,75,SO2,MEDIUM
7187,202304,2023-04-07,us consulate jakarta pusat,37,33,95,66,37,95,95,SO2,MEDIUM
7188,202304,2023-04-08,us consulate jakarta pusat,38,42,116,37,38,116,116,SO2,UNHEALTHY
7189,202304,2023-04-09,us consulate jakarta pusat,38,37,100,38,38,100,100,SO2,MEDIUM
7190,202304,2023-04-10,us consulate jakarta pusat,38,10,44,38,38,44,44,SO2,GOOD
7191,202304,2023-04-11,us consulate jakarta pusat,34,10,42,38,34,42,42,SO2,GOOD
7192,202304,2023-04-12,us consulate jakarta pusat,30,11,45,34,30,45,45,SO2,GOOD
7193,202304,2023-04-13,us consulate jakarta pusat,30,14,51,30,30,51,51,SO2,MEDIUM
7194,202304,2023-04-14,us consulate jakarta pusat,30,25,79,30,30,79,79,SO2,MEDIUM
7195,202304,2023-04-15,us consulate jakarta pusat,30,30,90,30,30,90,90,SO2,MEDIUM
7196,202304,2023-04-16,us consulate jakarta pusat,30,20,67,30,30,67,67,SO2,MEDIUM
7197,202304,2023-04-17,us consulate jakarta pusat,30,19,65,30,30,65,65,SO2,MEDIUM
7198,202304,2023-04-18,us consulate jakarta pusat,43,38,107,43,43,107,107,SO2,UNHEALTHY
7199,202304,2023-04-19,us consulate jakarta pusat,49,34,100,49,49,100,100,SO2,MEDIUM
7200,202304,2023-04-20,us consulate jakarta pusat,49,32,93,49,49,93,93,SO2,MEDIUM
7201,202304,2023-04-21,us consulate jakarta pusat,49,32,95,49,49,95,95,SO2,MEDIUM
7202,202304,2023-04-22,us consulate jakarta pusat,49,34,98,49,49,98,98,SO2,MEDIUM
7203,202304,2023-04-23,us consulate jakarta pusat,49,33,96,49,49,96,96,SO2,MEDIUM
7204,202304,2023-04-24,us consulate jakarta pusat,49,30,90,49,49,90,90,SO2,MEDIUM
7205,202304,2023-04-25,us consulate jakarta pusat,0,17,59,0,0,59,59,SO2,MEDIUM
7206,202304,2023-04-26,us consulate jakarta pusat,0,26,81,0,0,81,81,SO2,MEDIUM
7207,202304,2023-04-27,us consulate jakarta pusat,0,32,93,0,0,93,93,SO2,MEDIUM
7208,202304,2023-04-28,us consulate jakarta pusat,0,24,75,0,0,75,75,SO2,MEDIUM
7209,202304,2023-04-29,us consulate jakarta pusat,0,41,114,0,0,114,114,SO2,UNHEALTHY
7210,202304,2023-04-30,us consulate jakarta pusat,0,43,112,0,0,112,112,SO2,UNHEALTHY
7211,202305,2023-05-01,us consulate jakarta pusat,0,34,98,0,0,98,98,SO2,MEDIUM
7212,202305,2023-05-02,us consulate jakarta pusat,0,59,128,0,0,128,128,SO2,UNHEALTHY
7213,202305,2023-05-03,us consulate jakarta pusat,0,28,85,0,0,85,85,SO2,MEDIUM
7214,202305,2023-05-04,us consulate jakarta pusat,0,19,66,0,0,66,66,SO2,MEDIUM
7215,202305,2023-05-05,us consulate jakarta pusat,0,36,104,0,0,104,104,SO2,UNHEALTHY
7216,202305,2023-05-06,us consulate jakarta pusat,0,33,97,0,0,97,97,SO2,MEDIUM
7217,202305,2023-05-07,us consulate jakarta pusat,0,42,115,0,0,115,115,SO2,UNHEALTHY
7218,202305,2023-05-08,us consulate jakarta pusat,0,28,85,0,0,85,85,SO2,MEDIUM
7219,202305,2023-05-09,us consulate jakarta pusat,0,40,112,0,0,112,112,SO2,UNHEALTHY
7220,202305,2023-05-10,us consulate jakarta pusat,0,50,134,0,0,134,134,SO2,UNHEALTHY
7221,202305,2023-05-11,us consulate jakarta pusat,0,37,100,0,0,100,100,SO2,MEDIUM
7222,202305,2023-05-12,us consulate jakarta pusat,0,14,54,0,0,54,54,SO2,MEDIUM
7223,202305,2023-05-13,us consulate jakarta pusat,0,33,94,0,0,94,94,SO2,MEDIUM
7224,202305,2023-05-14,us consulate jakarta pusat,0,30,90,0,0,90,90,SO2,MEDIUM
7225,202305,2023-05-15,us consulate jakarta pusat,0,37,10,0,0,107,107,NO2,UNHEALTHY
7226,202305,2023-05-16,us consulate jakarta pusat,0,40,105,0,0,105,105,SO2,UNHEALTHY
7227,202305,2023-05-17,us consulate jakarta pusat,0,50,128,0,0,128,128,SO2,UNHEALTHY
7228,202305,2023-05-18,us consulate jakarta pusat,0,52,142,0,0,132,142,SO2,UNHEALTHY
7229,202305,2023-05-19,us consulate jakarta pusat,0,50,134,0,0,134,134,SO2,UNHEALTHY
7230,202305,2023-05-20,us consulate jakarta pusat,0,51,138,0,0,138,138,SO2,UNHEALTHY
7231,202305,2023-05-21,us consulate jakarta pusat,0,59,143,0,0,143,143,SO2,UNHEALTHY
7232,202305,2023-05-22,us consulate jakarta pusat,0,57,145,0,0,145,145,SO2,UNHEALTHY
7233,202305,2023-05-23,us consulate jakarta pusat,0,46,120,0,0,120,120,SO2,UNHEALTHY
7234,202305,2023-05-24,us consulate jakarta pusat,0,63,145,0,0,145,145,SO2,UNHEALTHY
7235,202305,2023-05-25,us consulate jakarta pusat,0,57,151,0,0,151,151,SO2,UNHEALTHY
7236,202305,2023-05-26,us consulate jakarta pusat,-,-,-,-,-,-,-,,TIDAK ADA DATA
7237,202305,2023-05-27,us consulate jakarta pusat,-,-,-,-,-,-,-,,TIDAK ADA DATA
7238,202305,2023-05-28,us consulate jakarta pusat,-,-,-,-,-,-,-,,TIDAK ADA DATA
7239,202305,2023-05-29,us consulate jakarta pusat,-,-,-,-,-,-,-,,TIDAK ADA DATA
7240,202305,2023-05-30,us consulate jakarta pusat,99,57,152,9,99,152,152,SO2,UNHEALTHY
7241,202305,2023-05-31,us consulate jakarta pusat,99,42,116,9,99,116,116,SO2,UNHEALTHY
7242,202306,2023-06-01,us consulate jakarta pusat,99,47,125,9,99,125,125,SO2,UNHEALTHY
7243,202306,2023-06-02,us consulate jakarta pusat,99,59,148,9,99,149,149,NO2,UNHEALTHY
7244,202306,2023-06-03,us consulate jakarta pusat,99,46,124,9,99,124,124,SO2,UNHEALTHY
7245,202306,2023-06-04,us consulate jakarta pusat,99,50,130,9,99,130,130,SO2,UNHEALTHY
7246,202306,2023-06-05,us consulate jakarta pusat,99,42,118,9,99,118,118,SO2,UNHEALTHY
7247,202306,2023-06-06,us consulate jakarta pusat,0,42,116,0,0,116,116,SO2,UNHEALTHY
7248,202306,2023-06-07,us consulate jakarta pusat,0,45,124,0,0,124,124,SO2,UNHEALTHY
7249,202306,2023-06-08,us consulate jakarta pusat,0,43,118,0,0,118,118,SO2,UNHEALTHY
7250,202306,2023-06-09,us consulate jakarta pusat,0,39,109,0,0,109,109,SO2,UNHEALTHY
7251,202306,2023-06-10,us consulate jakarta pusat,0,43,118,0,0,118,118,SO2,UNHEALTHY
7252,202306,2023-06-11,us consulate jakarta pusat,0,53,135,0,0,135,135,SO2,UNHEALTHY
7253,202306,2023-06-12,us consulate jakarta pusat,0,46,120,0,0,120,120,SO2,UNHEALTHY
7254,202306,2023-06-13,us consulate jakarta pusat,0,44,123,0,0,123,123,SO2,UNHEALTHY
7255,202306,2023-06-14,us consulate jakarta pusat,0,46,127,0,0,127,127,SO2,UNHEALTHY
7256,202306,2023-06-15,us consulate jakarta pusat,0,54,134,0,0,134,134,SO2,UNHEALTHY
7257,202306,2023-06-16,us consulate jakarta pusat,0,41,113,0,0,113,113,SO2,UNHEALTHY
7258,202306,2023-06-17,us consulate jakarta pusat,0,48,137,0,0,127,137,SO2,UNHEALTHY
7259,202306,2023-06-18,us consulate jakarta pusat,103,43,118,10,103,118,118,SO2,UNHEALTHY
7260,202306,2023-06-19,us consulate jakarta pusat,75,30,90,7,75,90,90,SO2,MEDIUM
7261,202306,2023-06-20,us consulate jakarta pusat,101,45,120,10,101,120,120,SO2,UNHEALTHY
7262,202306,2023-06-21,us consulate jakarta pusat,150,47,126,15,150,126,150,PM10,UNHEALTHY
7263,202306,2023-06-22,us consulate jakarta pusat,163,46,132,16,163,132,163,PM10,UNHEALTHY
7264,202306,2023-06-23,us consulate jakarta pusat,163,40,118,16,163,118,163,PM10,UNHEALTHY
7265,202306,2023-06-24,us consulate jakarta pusat,163,37,116,16,163,116,163,PM10,UNHEALTHY
7266,202306,2023-06-25,us consulate jakarta pusat,163,46,124,16,163,124,163,PM10,UNHEALTHY
7267,202306,2023-06-26,us consulate jakarta pusat,1563,45,127,16,163,127,1563,PM10,UNHEALTHY
7268,202306,2023-06-27,us consulate jakarta pusat,157,51,132,15,157,132,157,PM10,UNHEALTHY
7269,202306,2023-06-28,us consulate jakarta pusat,60,22,71,6,60,71,71,SO2,MEDIUM
7270,202306,2023-06-29,us consulate jakarta pusat,59,24,78,5,59,78,78,SO2,MEDIUM
7271,202306,2023-06-30,us consulate jakarta pusat,59,23,75,5,59,75,75,SO2,MEDIUM
7272,202307,2023-07-01,us consulate jakarta pusat,59,52,135,5,59,135,135,SO2,UNHEALTHY
7273,202307,2023-07-02,us consulate jakarta pusat,59,40,110,5,59,110,110,SO2,UNHEALTHY
7274,202307,2023-07-03,us consulate jakarta pusat,59,50,130,5,59,130,130,SO2,UNHEALTHY
7275,202307,2023-07-04,us consulate jakarta pusat,59,38,108,5,59,108,108,SO2,UNHEALTHY
7276,202307,2023-07-05,us consulate jakarta pusat,0,58,141,0,0,141,141,SO2,UNHEALTHY
7277,202307,2023-07-06,us consulate jakarta pusat,0,61,144,0,0,144,144,SO2,UNHEALTHY
7278,202307,2023-07-07,us consulate jakarta pusat,0,50,127,0,0,127,127,SO2,UNHEALTHY
7279,202307,2023-07-08,us consulate jakarta pusat,0,36,105,0,0,105,105,SO2,UNHEALTHY
7280,202307,2023-07-09,us consulate jakarta pusat,0,34,98,0,0,98,98,SO2,MEDIUM
7281,202307,2023-07-10,us consulate jakarta pusat,0,32,94,0,0,94,94,SO2,MEDIUM
7282,202307,2023-07-11,us consulate jakarta pusat,0,35,102,0,0,102,102,SO2,UNHEALTHY
7283,202307,2023-07-12,us consulate jakarta pusat,0,65,152,0,0,152,152,SO2,UNHEALTHY
7284,202307,2023-07-13,us consulate jakarta pusat,0,51,136,0,0,136,136,SO2,UNHEALTHY
7285,202307,2023-07-14,us consulate jakarta pusat,0,47,126,0,0,126,126,SO2,UNHEALTHY
7286,202307,2023-07-15,us consulate jakarta pusat,0,35,102,0,0,102,102,SO2,UNHEALTHY
7287,202307,2023-07-16,us consulate jakarta pusat,87,41,111,8,87,111,111,SO2,UNHEALTHY
7288,202307,2023-07-17,us consulate jakarta pusat,73,37,106,7,73,106,106,SO2,UNHEALTHY
7289,202307,2023-07-18,us consulate jakarta pusat,-,-,-,-,-,-,-,,TIDAK ADA DATA
7290,202307,2023-07-19,us consulate jakarta pusat,-,-,-,-,-,-,-,,TIDAK ADA DATA
7291,202307,2023-07-20,us consulate jakarta pusat,-,-,-,-,-,-,-,,TIDAK ADA DATA
7292,202307,2023-07-21,us consulate jakarta pusat,-,-,-,-,-,-,-,,TIDAK ADA DATA
7293,202307,2023-07-22,us consulate jakarta pusat,-,-,-,-,-,-,-,,TIDAK ADA DATA
7294,202307,2023-07-23,us consulate jakarta pusat,-,-,-,-,-,-,-,,TIDAK ADA DATA
7295,202307,2023-07-24,us consulate jakarta pusat,0,36,104,0,0,104,104,SO2,UNHEALTHY
7296,202307,2023-07-25,us consulate jakarta pusat,0,64,154,0,0,154,154,SO2,UNHEALTHY
7297,202307,2023-07-26,us consulate jakarta pusat,0,46,123,0,0,123,123,SO2,UNHEALTHY
7298,202307,2023-07-27,us consulate jakarta pusat,0,70,151,0,0,151,151,SO2,UNHEALTHY
7299,202307,2023-07-28,us consulate jakarta pusat,0,53,137,0,0,137,137,SO2,UNHEALTHY
7300,202307,2023-07-29,us consulate jakarta pusat,0,50,134,0,0,134,134,SO2,UNHEALTHY
7301,202307,2023-07-30,us consulate jakarta pusat,0,50,132,0,0,132,132,SO2,UNHEALTHY
7302,202307,2023-07-31,us consulate jakarta pusat,0,41,112,0,0,112,112,SO2,UNHEALTHY
7303,202308,2023-08-01,us consulate jakarta pusat,124,36,107,12,124,107,124,PM10,UNHEALTHY
7304,202308,2023-08-02,us consulate jakarta pusat,102,42,117,10,102,117,117,SO2,UNHEALTHY
7305,202308,2023-08-03,us consulate jakarta pusat,81,49,134,8,81,134,134,SO2,UNHEALTHY
7306,202308,2023-08-04,us consulate jakarta pusat,88,50,127,8,88,127,127,SO2,UNHEALTHY
7307,202308,2023-08-05,us consulate jakarta pusat,79,40,111,7,79,111,111,SO2,UNHEALTHY
7308,202308,2023-08-06,us consulate jakarta pusat,136,55,140,13,136,140,140,SO2,UNHEALTHY
7309,202308,2023-08-07,us consulate jakarta pusat,95,64,142,9,95,142,142,SO2,UNHEALTHY
7310,202308,2023-08-08,us consulate jakarta pusat,92,48,125,9,92,125,125,SO2,UNHEALTHY
7311,202308,2023-08-09,us consulate jakarta pusat,81,42,115,8,81,115,115,SO2,UNHEALTHY
7312,202308,2023-08-10,us consulate jakarta pusat,91,48,125,9,91,125,125,SO2,UNHEALTHY
7313,202308,2023-08-11,us consulate jakarta pusat,89,53,136,8,89,136,136,SO2,UNHEALTHY
7314,202308,2023-08-12,us consulate jakarta pusat,80,47,112,8,90,122,122,NO2,UNHEALTHY
7315,202308,2023-08-13,us consulate jakarta pusat,70,40,113,7,70,113,113,SO2,UNHEALTHY
7316,202308,2023-08-14,us consulate jakarta pusat,123,45,123,12,123,123,123,PM10,UNHEALTHY
7317,202308,2023-08-15,us consulate jakarta pusat,82,51,132,8,82,132,132,SO2,UNHEALTHY
7318,202308,2023-08-16,us consulate jakarta pusat,87,51,129,8,87,129,129,SO2,UNHEALTHY
7319,202308,2023-08-17,us consulate jakarta pusat,86,39,109,8,86,109,109,SO2,UNHEALTHY
7320,202308,2023-08-18,us consulate jakarta pusat,62,33,96,6,62,96,96,SO2,MEDIUM
7321,202308,2023-08-19,us consulate jakarta pusat,69,41,112,6,69,112,112,SO2,UNHEALTHY
7322,202308,2023-08-20,us consulate jakarta pusat,69,42,116,6,69,116,116,SO2,UNHEALTHY
7323,202308,2023-08-21,us consulate jakarta pusat,69,44,120,6,69,120,120,SO2,UNHEALTHY
7324,202308,2023-08-22,us consulate jakarta pusat,83,50,132,8,83,132,132,SO2,UNHEALTHY
7325,202308,2023-08-23,us consulate jakarta pusat,124,53,146,12,124,146,146,SO2,UNHEALTHY
7326,202308,2023-08-24,us consulate jakarta pusat,95,44,123,9,95,123,123,SO2,UNHEALTHY
7327,202308,2023-08-25,us consulate jakarta pusat,80,48,127,8,80,127,127,SO2,UNHEALTHY
7328,202308,2023-08-26,us consulate jakarta pusat,119,36,138,11,119,138,138,SO2,UNHEALTHY
7329,202308,2023-08-27,us consulate jakarta pusat,86,51,130,8,86,139,139,NO2,UNHEALTHY
7330,202308,2023-08-28,us consulate jakarta pusat,79,42,117,7,79,117,117,SO2,UNHEALTHY
7331,202308,2023-08-29,us consulate jakarta pusat,107,51,140,10,107,140,140,SO2,UNHEALTHY
7332,202308,2023-08-30,us consulate jakarta pusat,102,49,146,10,102,136,146,SO2,UNHEALTHY
7333,202308,2023-08-31,us consulate jakarta pusat,82,64,145,8,82,145,145,SO2,UNHEALTHY
7334,202309,2023-09-01,us consulate jakarta pusat,91,60,146,9,91,146,146,SO2,UNHEALTHY
7335,202309,2023-09-02,us consulate jakarta pusat,91,56,140,9,91,140,140,SO2,UNHEALTHY
7336,202309,2023-09-03,us consulate jakarta pusat,77,47,128,7,77,128,128,SO2,UNHEALTHY
7337,202309,2023-09-04,us consulate jakarta pusat,69,39,110,6,69,110,110,SO2,UNHEALTHY
7338,202309,2023-09-05,us consulate jakarta pusat,86,48,124,8,86,124,124,SO2,UNHEALTHY
7339,202309,2023-09-06,us consulate jakarta pusat,74,45,123,7,74,123,123,SO2,UNHEALTHY
7340,202309,2023-09-07,us consulate jakarta pusat,84,45,121,8,84,121,121,SO2,UNHEALTHY
7341,202309,2023-09-08,us consulate jakarta pusat,90,52,129,9,90,129,129,SO2,UNHEALTHY
7342,202309,2023-09-09,us consulate jakarta pusat,75,46,122,7,75,122,122,SO2,UNHEALTHY
7343,202309,2023-09-10,us consulate jakarta pusat,70,44,121,7,70,121,121,SO2,UNHEALTHY
7344,202309,2023-09-11,us consulate jakarta pusat,74,43,119,7,74,119,119,SO2,UNHEALTHY
7345,202309,2023-09-12,us consulate jakarta pusat,65,34,100,6,65,100,100,SO2,MEDIUM
7346,202309,2023-09-13,us consulate jakarta pusat,74,44,121,7,74,121,121,SO2,UNHEALTHY
7347,202309,2023-09-14,us consulate jakarta pusat,63,37,106,6,63,106,106,SO2,UNHEALTHY
7348,202309,2023-09-15,us consulate jakarta pusat,73,45,125,7,73,125,125,SO2,UNHEALTHY
7349,202309,2023-09-16,us consulate jakarta pusat,73,47,125,7,73,125,125,SO2,UNHEALTHY
7350,202309,2023-09-17,us consulate jakarta pusat,76,41,114,7,76,114,114,SO2,UNHEALTHY
7351,202309,2023-09-18,us consulate jakarta pusat,66,42,116,6,66,116,116,SO2,UNHEALTHY
7352,202309,2023-09-19,us consulate jakarta pusat,70,50,128,7,70,128,128,SO2,UNHEALTHY
7353,202309,2023-09-20,us consulate jakarta pusat,83,45,121,8,83,121,121,SO2,UNHEALTHY
7354,202309,2023-09-21,us consulate jakarta pusat,76,49,129,7,76,129,129,SO2,UNHEALTHY
7355,202309,2023-09-22,us consulate jakarta pusat,55,44,119,5,55,119,119,SO2,UNHEALTHY
7356,202309,2023-09-23,us consulate jakarta pusat,55,37,106,5,55,106,106,SO2,UNHEALTHY
7357,202309,2023-09-24,us consulate jakarta pusat,55,44,122,5,55,122,122,SO2,UNHEALTHY
7358,202309,2023-09-25,us consulate jakarta pusat,61,46,125,6,61,125,125,SO2,UNHEALTHY
7359,202309,2023-09-26,us consulate jakarta pusat,68,36,102,6,68,102,102,SO2,UNHEALTHY
7360,202309,2023-09-27,us consulate jakarta pusat,86,38,110,8,86,110,110,SO2,UNHEALTHY
7361,202309,2023-09-28,us consulate jakarta pusat,74,42,116,7,74,116,116,SO2,UNHEALTHY
7362,202309,2023-09-29,us consulate jakarta pusat,80,44,119,8,80,119,119,SO2,UNHEALTHY
7363,202309,2023-09-30,us consulate jakarta pusat,80,60,147,8,88,147,147,SO2,UNHEALTHY
7364,202310,2023-10-01,us consulate jakarta pusat,100,63,147,10,100,147,147,SO2,UNHEALTHY
7365,202310,2023-10-02,us consulate jakarta pusat,84,60,142,8,84,142,142,SO2,UNHEALTHY
7366,202310,2023-10-03,us consulate jakarta pusat,57,37,105,5,57,105,105,SO2,UNHEALTHY
7367,202310,2023-10-04,us consulate jakarta pusat,74,52,130,7,74,130,130,SO2,UNHEALTHY
7368,202310,2023-10-05,us consulate jakarta pusat,62,42,117,6,62,117,117,SO2,UNHEALTHY
7369,202310,2023-10-06,us consulate jakarta pusat,70,49,130,7,70,130,130,SO2,UNHEALTHY
7370,202310,2023-10-07,us consulate jakarta pusat,97,69,150,9,97,150,150,SO2,UNHEALTHY
7371,202310,2023-10-08,us consulate jakarta pusat,66,46,126,6,66,126,126,SO2,UNHEALTHY
7372,202310,2023-10-09,us consulate jakarta pusat,65,41,112,6,65,112,112,SO2,UNHEALTHY
7373,202310,2023-10-10,us consulate jakarta pusat,61,42,112,6,61,112,112,SO2,UNHEALTHY
7374,202310,2023-10-11,us consulate jakarta pusat,53,37,106,5,53,106,106,SO2,UNHEALTHY
7375,202310,2023-10-12,us consulate jakarta pusat,73,51,133,7,73,133,133,SO2,UNHEALTHY
7376,202310,2023-10-13,us consulate jakarta pusat,71,54,136,7,71,136,136,SO2,UNHEALTHY
7377,202310,2023-10-14,us consulate jakarta pusat,59,49,127,5,59,127,127,SO2,UNHEALTHY
7378,202310,2023-10-15,us consulate jakarta pusat,59,38,109,5,59,109,109,SO2,UNHEALTHY
7379,202310,2023-10-16,us consulate jakarta pusat,70,47,128,7,70,128,128,SO2,UNHEALTHY
7380,202310,2023-10-17,us consulate jakarta pusat,62,42,114,6,62,114,114,SO2,UNHEALTHY
7381,202310,2023-10-18,us consulate jakarta pusat,77,56,140,7,77,140,140,SO2,UNHEALTHY
7382,202310,2023-10-19,us consulate jakarta pusat,64,43,112,6,64,112,112,SO2,UNHEALTHY
7383,202310,2023-10-20,us consulate jakarta pusat,67,42,117,6,67,117,117,SO2,UNHEALTHY
7384,202310,2023-10-21,us consulate jakarta pusat,59,44,117,5,59,117,117,SO2,UNHEALTHY
7385,202310,2023-10-22,us consulate jakarta pusat,68,51,124,6,68,124,124,SO2,UNHEALTHY
7386,202310,2023-10-23,us consulate jakarta pusat,62,46,118,6,62,118,118,SO2,UNHEALTHY
7387,202310,2023-10-24,us consulate jakarta pusat,76,57,134,7,76,134,134,SO2,UNHEALTHY
7388,202310,2023-10-25,us consulate jakarta pusat,70,50,131,7,70,131,131,SO2,UNHEALTHY
7389,202310,2023-10-26,us consulate jakarta pusat,91,62,151,9,91,151,151,SO2,UNHEALTHY
7390,202310,2023-10-27,us consulate jakarta pusat,88,59,139,8,88,139,139,SO2,UNHEALTHY
7391,202310,2023-10-28,us consulate jakarta pusat,84,57,140,8,84,140,140,SO2,UNHEALTHY
7392,202310,2023-10-29,us consulate jakarta pusat,84,54,139,8,84,139,139,SO2,UNHEALTHY
7393,202310,2023-10-30,us consulate jakarta pusat,71,47,128,7,71,128,128,SO2,UNHEALTHY
7394,202310,2023-10-31,us consulate jakarta pusat,81,54,135,8,81,135,135,SO2,UNHEALTHY
7395,202311,2023-11-01,us consulate jakarta pusat,74,49,130,7,74,130,130,SO2,UNHEALTHY
7396,202311,2023-11-02,us consulate jakarta pusat,76,49,134,7,76,134,134,SO2,UNHEALTHY
7397,202311,2023-11-03,us consulate jakarta pusat,77,50,135,7,77,135,135,SO2,UNHEALTHY
7398,202311,2023-11-04,us consulate jakarta pusat,83,55,131,8,83,131,131,SO2,UNHEALTHY
7399,202311,2023-11-05,us consulate jakarta pusat,50,32,95,5,50,95,95,SO2,MEDIUM
7400,202311,2023-11-06,us consulate jakarta pusat,62,41,110,6,62,110,110,SO2,UNHEALTHY
7401,202311,2023-11-07,us consulate jakarta pusat,66,40,112,6,66,112,112,SO2,UNHEALTHY
7402,202311,2023-11-08,us consulate jakarta pusat,91,45,130,9,91,130,130,SO2,UNHEALTHY
7403,202311,2023-11-09,us consulate jakarta pusat,90,55,137,9,90,137,137,SO2,UNHEALTHY
7404,202311,2023-11-10,us consulate jakarta pusat,79,52,134,7,79,134,134,SO2,UNHEALTHY
7405,202311,2023-11-11,us consulate jakarta pusat,80,50,134,8,80,134,134,SO2,UNHEALTHY
7406,202311,2023-11-12,us consulate jakarta pusat,61,39,110,6,61,110,110,SO2,UNHEALTHY
7407,202311,2023-11-13,us consulate jakarta pusat,72,34,103,7,72,103,103,SO2,UNHEALTHY
7408,202311,2023-11-14,us consulate jakarta pusat,58,37,106,5,58,106,106,SO2,UNHEALTHY
7409,202311,2023-11-15,us consulate jakarta pusat,55,16,63,5,55,63,63,SO2,MEDIUM
7410,202311,2023-11-16,us consulate jakarta pusat,60,7,52,6,60,52,60,PM10,MEDIUM
7411,202311,2023-11-17,us consulate jakarta pusat,0,0,0,0,0,0,0,PM10,GOOD
7412,202311,2023-11-18,us consulate jakarta pusat,56,8,50,5,56,50,56,PM10,MEDIUM
7413,202311,2023-11-19,us consulate jakarta pusat,59,8,52,5,59,52,59,PM10,MEDIUM
7414,202311,2023-11-20,us consulate jakarta pusat,50,8,45,5,50,45,50,PM10,GOOD
7415,202311,2023-11-21,us consulate jakarta pusat,61,8,52,6,61,52,61,PM10,MEDIUM
7416,202311,2023-11-22,us consulate jakarta pusat,51,8,47,5,51,47,51,PM10,MEDIUM
7417,202311,2023-11-23,us consulate jakarta pusat,75,0,60,7,75,60,75,PM10,MEDIUM
7418,202311,2023-11-24,us consulate jakarta pusat,74,0,59,7,74,59,74,PM10,MEDIUM
7419,202311,2023-11-25,us consulate jakarta pusat,40,0,36,4,40,36,40,PM10,GOOD
7420,202311,2023-11-26,us consulate jakarta pusat,62,0,52,6,62,52,62,PM10,MEDIUM
7421,202311,2023-11-27,us consulate jakarta pusat,50,0,44,5,50,44,50,PM10,GOOD
7422,202311,2023-11-28,us consulate jakarta pusat,66,0,55,6,66,55,66,PM10,MEDIUM
7423,202311,2023-11-29,us consulate jakarta pusat,33,0,30,3,33,30,33,PM10,GOOD
7424,202311,2023-11-30,us consulate jakarta pusat,0,0,0,0,0,0,0,PM10,GOOD
7425,202312,2023-12-01,us consulate jakarta pusat,0,0,0,0,0,0,0,PM10,GOOD
7426,202312,2023-12-02,us consulate jakarta pusat,26,32,95,2,26,95,95,SO2,MEDIUM
7427,202312,2023-12-03,us consulate jakarta pusat,26,20,67,2,26,67,67,SO2,MEDIUM
7428,202312,2023-12-04,us consulate jakarta pusat,26,30,90,2,26,90,90,SO2,MEDIUM
7429,202312,2023-12-05,us consulate jakarta pusat,47,40,89,4,47,89,89,SO2,MEDIUM
7430,202312,2023-12-06,us consulate jakarta pusat,59,34,100,5,59,100,100,SO2,MEDIUM
7431,202312,2023-12-07,us consulate jakarta pusat,66,39,109,6,66,109,109,SO2,UNHEALTHY
7432,202312,2023-12-08,us consulate jakarta pusat,60,35,101,6,60,101,101,SO2,UNHEALTHY
7433,202312,2023-12-09,us consulate jakarta pusat,58,35,101,5,58,101,101,SO2,UNHEALTHY
7434,202312,2023-12-10,us consulate jakarta pusat,69,40,111,6,69,111,111,SO2,UNHEALTHY
7435,202312,2023-12-11,us consulate jakarta pusat,58,35,100,5,58,100,100,SO2,MEDIUM
7436,202312,2023-12-12,us consulate jakarta pusat,58,36,104,5,58,104,104,SO2,UNHEALTHY
7437,202312,2023-12-13,us consulate jakarta pusat,64,35,101,6,64,101,101,SO2,UNHEALTHY
7438,202312,2023-12-14,us consulate jakarta pusat,77,40,107,7,77,107,107,SO2,UNHEALTHY
7439,202312,2023-12-15,us consulate jakarta pusat,77,31,92,7,77,92,92,SO2,MEDIUM
7440,202312,2023-12-16,us consulate jakarta pusat,77,36,102,7,77,102,102,SO2,UNHEALTHY
7441,202312,2023-12-17,us consulate jakarta pusat,77,28,85,7,77,85,85,SO2,MEDIUM
7442,202312,2023-12-18,us consulate jakarta pusat,62,31,92,6,62,92,92,SO2,MEDIUM
7443,202312,2023-12-19,us consulate jakarta pusat,50,26,79,5,50,79,79,SO2,MEDIUM
7444,202312,2023-12-20,us consulate jakarta pusat,47,22,71,4,47,71,71,SO2,MEDIUM
7445,202312,2023-12-21,us consulate jakarta pusat,48,24,77,4,48,77,77,SO2,MEDIUM
7446,202312,2023-12-22,us consulate jakarta pusat,50,27,82,5,80,82,82,SO2,MEDIUM
7447,202312,2023-12-23,us consulate jakarta pusat,50,40,109,5,80,109,109,SO2,UNHEALTHY
7448,202312,2023-12-24,us consulate jakarta pusat,78,54,131,7,78,131,131,SO2,UNHEALTHY
7449,202312,2023-12-25,us consulate jakarta pusat,54,36,102,5,54,102,102,SO2,UNHEALTHY
7450,202312,2023-12-26,us consulate jakarta pusat,64,42,116,6,64,116,116,SO2,UNHEALTHY
7451,202312,2023-12-27,us consulate jakarta pusat,60,33,97,6,60,97,97,SO2,MEDIUM
7452,202312,2023-12-28,us consulate jakarta pusat,57,17,62,5,57,62,62,SO2,MEDIUM
7453,202312,2023-12-29,us consulate jakarta pusat,62,17,62,6,62,62,62,PM10,MEDIUM
7454,202312,2023-12-30,us consulate jakarta pusat,57,17,62,5,57,62,62,SO2,MEDIUM
7455,202312,2023-12-31,us consulate jakarta pusat,58,17,64,5,58,64,64,SO2,MEDIUM
7456,202401,2024-01-01,us consulate jakarta pusat,67,17,0,0,0,0,67,PM10,MEDIUM
7457,202401,2024-01-02,us consulate jakarta pusat,39,23,0,0,0,0,39,PM10,GOOD
7458,202401,2024-01-03,us consulate jakarta pusat,42,28,0,0,0,0,42,PM10,GOOD
7459,202401,2024-01-04,us consulate jakarta pusat,33,15,0,0,0,0,33,PM10,GOOD
7460,202401,2024-01-05,us consulate jakarta pusat,32,20,0,0,0,0,32,PM10,GOOD
7461,202401,2024-01-06,us consulate jakarta pusat,46,34,0,0,0,0,46,PM10,GOOD
7462,202401,2024-01-07,us consulate jakarta pusat,45,32,0,0,0,0,45,PM10,GOOD
7463,202401,2024-01-08,us consulate jakarta pusat,32,17,0,0,0,0,32,PM10,GOOD
7464,202401,2024-01-09,us consulate jakarta pusat,58,25,0,0,0,0,58,PM10,MEDIUM
7465,202401,2024-01-10,us consulate jakarta pusat,55,31,0,0,0,0,55,PM10,MEDIUM
7466,202401,2024-01-11,us consulate jakarta pusat,55,16,0,0,0,0,55,PM10,MEDIUM
7467,202401,2024-01-12,us consulate jakarta pusat,55,11,0,0,0,0,55,PM10,MEDIUM
7468,202401,2024-01-13,us consulate jakarta pusat,55,16,0,0,0,0,55,PM10,MEDIUM
7469,202401,2024-01-14,us consulate jakarta pusat,55,21,0,0,0,0,55,PM10,MEDIUM
7470,202401,2024-01-15,us consulate jakarta pusat,55,23,0,0,0,0,55,PM10,MEDIUM
7471,202401,2024-01-16,us consulate jakarta pusat,0,11,0,0,0,0,11,PM25,GOOD
7472,202401,2024-01-17,us consulate jakarta pusat,0,18,0,0,0,0,18,PM25,GOOD
7473,202401,2024-01-18,us consulate jakarta pusat,0,7,0,0,0,0,7,PM25,GOOD
7474,202401,2024-01-19,us consulate jakarta pusat,0,6,0,0,0,0,6,PM25,GOOD
7475,202401,2024-01-20,us consulate jakarta pusat,0,6,0,0,0,0,6,PM25,GOOD
7476,202401,2024-01-21,us consulate jakarta pusat,0,9,0,0,0,0,9,PM25,GOOD
7477,202401,2024-01-22,us consulate jakarta pusat,0,7,0,0,0,0,7,PM25,GOOD
7478,202401,2024-01-23,us consulate jakarta pusat,0,8,0,0,0,0,8,PM25,GOOD
7479,202401,2024-01-24,us consulate jakarta pusat,0,8,0,0,0,0,8,PM25,GOOD
7480,202401,2024-01-25,us consulate jakarta pusat,0,16,0,0,0,0,16,PM25,GOOD
7481,202401,2024-01-26,us consulate jakarta pusat,0,19,0,0,0,0,19,PM25,GOOD
7482,202401,2024-01-27,us consulate jakarta pusat,0,9,0,0,0,0,9,PM25,GOOD
7483,202401,2024-01-28,us consulate jakarta pusat,0,13,0,0,0,0,13,PM25,GOOD
7484,202401,2024-01-29,us consulate jakarta pusat,0,13,0,0,0,0,13,PM25,GOOD
7485,202401,2024-01-30,us consulate jakarta pusat,0,26,0,0,0,0,26,PM25,GOOD
7486,202401,2024-01-31,us consulate jakarta pusat,0,17,0,0,0,0,17,PM25,GOOD
7487,202402,2024-02-01,us consulate jakarta pusat,0,25,0,0,0,0,25,PM25,GOOD
7488,202402,2024-02-02,us consulate jakarta pusat,0,21,0,0,0,0,21,PM25,GOOD
7489,202402,2024-02-03,us consulate jakarta pusat,0,10,0,0,0,0,10,PM25,GOOD
7490,202402,2024-02-04,us consulate jakarta pusat,0,8,0,0,0,0,8,PM25,GOOD
7491,202402,2024-02-05,us consulate jakarta pusat,0,24,0,0,0,0,24,PM25,GOOD
7492,202402,2024-02-06,us consulate jakarta pusat,0,20,0,0,0,0,20,PM25,GOOD
7493,202402,2024-02-07,us consulate jakarta pusat,0,17,0,0,0,0,17,PM25,GOOD
7494,202402,2024-02-08,us consulate jakarta pusat,0,18,0,0,0,0,18,PM25,GOOD
7495,202402,2024-02-09,us consulate jakarta pusat,0,30,0,0,0,0,30,PM25,GOOD
7496,202402,2024-02-10,us consulate jakarta pusat,0,18,0,0,0,0,18,PM25,GOOD
7497,202402,2024-02-11,us consulate jakarta pusat,0,13,0,0,0,0,13,PM25,GOOD
7498,202402,2024-02-12,us consulate jakarta pusat,0,13,0,0,0,0,13,PM25,GOOD
7499,202402,2024-02-13,us consulate jakarta pusat,0,10,0,0,0,0,10,PM25,GOOD
7500,202402,2024-02-14,us consulate jakarta pusat,0,8,0,0,0,0,8,PM25,GOOD
7501,202402,2024-02-15,us consulate jakarta pusat,0,24,0,0,0,0,24,PM25,GOOD
7502,202402,2024-02-16,us consulate jakarta pusat,0,31,0,0,0,0,31,PM25,GOOD
7503,202402,2024-02-17,us consulate jakarta pusat,0,14,0,0,0,0,14,PM25,GOOD
7504,202402,2024-02-18,us consulate jakarta pusat,0,12,0,0,0,0,12,PM25,GOOD
7505,202402,2024-02-19,us consulate jakarta pusat,-,-,-,-,-,-,-,,TIDAK ADA DATA
7506,202402,2024-02-20,us consulate jakarta pusat,-,-,-,-,-,-,-,,TIDAK ADA DATA
7507,202402,2024-02-21,us consulate jakarta pusat,-,-,-,-,-,-,-,,TIDAK ADA DATA
7508,202402,2024-02-22,us consulate jakarta pusat,-,-,-,-,-,-,-,,TIDAK ADA DATA
7509,202402,2024-02-23,us consulate jakarta pusat,-,-,-,-,-,-,-,,TIDAK ADA DATA
7510,202402,2024-02-24,us consulate jakarta pusat,-,-,-,-,-,-,-,,TIDAK ADA DATA
7511,202402,2024-02-25,us consulate jakarta pusat,-,-,-,-,-,-,-,,TIDAK ADA DATA
7512,202402,2024-02-26,us consulate jakarta pusat,34,0,0,0,0,0,34,PM10,GOOD
7513,202402,2024-02-27,us consulate jakarta pusat,57,0,0,0,0,0,57,PM10,MEDIUM
7514,202402,2024-02-28,us consulate jakarta pusat,34,0,0,0,0,0,34,PM10,GOOD
7515,202402,2024-02-29,us consulate jakarta pusat,65,15,0,0,0,0,65,PM10,MEDIUM
7516,202403,2024-03-01,us consulate jakarta pusat,65,23,0,0,0,0,65,PM10,MEDIUM
7517,202403,2024-03-02,us consulate jakarta pusat,65,24,0,0,0,0,65,PM10,MEDIUM
7518,202403,2024-03-03,us consulate jakarta pusat,65,14,0,0,0,0,65,PM10,MEDIUM
7519,202403,2024-03-04,us consulate jakarta pusat,100,14,0,0,0,0,100,PM10,MEDIUM
7520,202403,2024-03-05,us consulate jakarta pusat,34,8,0,0,0,0,34,PM10,GOOD
7521,202403,2024-03-06,us consulate jakarta pusat,32,9,0,0,0,0,32,PM10,GOOD
7522,202403,2024-03-07,us consulate jakarta pusat,32,6,0,0,0,0,32,PM10,GOOD
7523,202403,2024-03-08,us consulate jakarta pusat,29,6,0,0,0,0,29,PM10,GOOD
7524,202403,2024-03-09,us consulate jakarta pusat,63,18,0,0,0,0,63,PM10,MEDIUM
7525,202403,2024-03-10,us consulate jakarta pusat,55,27,0,0,0,0,55,PM10,MEDIUM
7526,202403,2024-03-11,us consulate jakarta pusat,44,13,0,0,0,0,44,PM10,GOOD
7527,202403,2024-03-12,us consulate jakarta pusat,33,21,0,0,0,0,33,PM10,GOOD
7528,202403,2024-03-13,us consulate jakarta pusat,34,17,0,0,0,0,34,PM10,GOOD
7529,202403,2024-03-14,us consulate jakarta pusat,34,17,0,0,0,0,34,PM10,GOOD
7530,202403,2024-03-15,us consulate jakarta pusat,37,10,0,0,0,0,37,PM10,GOOD
7531,202403,2024-03-16,us consulate jakarta pusat,42,7,0,0,0,0,42,PM10,GOOD
7532,202403,2024-03-17,us consulate jakarta pusat,42,7,0,0,0,0,42,PM10,GOOD
7533,202403,2024-03-18,us consulate jakarta pusat,42,9,0,0,0,0,42,PM10,GOOD
7534,202403,2024-03-19,us consulate jakarta pusat,42,8,0,0,0,0,42,PM10,GOOD
7535,202403,2024-03-20,us consulate jakarta pusat,42,10,0,0,0,0,42,PM10,GOOD
7536,202403,2024-03-21,us consulate jakarta pusat,0,13,0,0,0,0,13,PM25,GOOD
7537,202403,2024-03-22,us consulate jakarta pusat,0,12,0,0,0,0,12,PM25,GOOD
7538,202403,2024-03-23,us consulate jakarta pusat,0,53,0,0,0,0,53,PM25,MEDIUM
7539,202403,2024-03-24,us consulate jakarta pusat,0,29,0,0,0,0,29,PM25,GOOD
7540,202403,2024-03-25,us consulate jakarta pusat,0,21,0,0,0,0,21,PM25,GOOD
7541,202403,2024-03-26,us consulate jakarta pusat,0,34,0,0,0,0,34,PM25,GOOD
7542,202403,2024-03-27,us consulate jakarta pusat,0,30,0,0,0,0,30,PM25,GOOD
7543,202403,2024-03-28,us consulate jakarta pusat,0,53,0,0,0,0,53,PM25,MEDIUM
7544,202403,2024-03-29,us consulate jakarta pusat,0,42,0,0,0,0,42,PM25,GOOD
7545,202403,2024-03-30,us consulate jakarta pusat,0,35,0,0,0,0,35,PM25,GOOD
7546,202403,2024-03-31,us consulate jakarta pusat,0,39,0,0,0,0,39,PM25,GOOD
7547,202404,2024-04-01,us consulate jakarta pusat,0,53,0,0,0,0,53,PM25,MEDIUM
7548,202404,2024-04-02,us consulate jakarta pusat,0,44,0,0,0,0,44,PM25,GOOD
7549,202404,2024-04-03,us consulate jakarta pusat,45,32,0,0,0,0,45,PM10,GOOD
7550,202404,2024-04-04,us consulate jakarta pusat,56,34,0,0,0,0,56,PM10,MEDIUM
7551,202404,2024-04-05,us consulate jakarta pusat,84,51,0,0,0,0,84,PM10,MEDIUM
7552,202404,2024-04-06,us consulate jakarta pusat,52,33,0,0,0,0,52,PM10,MEDIUM
7553,202404,2024-04-07,us consulate jakarta pusat,53,32,0,0,0,0,53,PM10,MEDIUM
7554,202404,2024-04-08,us consulate jakarta pusat,39,21,0,0,0,0,39,PM10,GOOD
7555,202404,2024-04-09,us consulate jakarta pusat,49,28,0,0,0,0,49,PM10,GOOD
7556,202404,2024-04-10,us consulate jakarta pusat,63,38,0,0,0,0,63,PM10,MEDIUM
7557,202404,2024-04-11,us consulate jakarta pusat,33,17,0,0,0,0,33,PM10,GOOD
7558,202404,2024-04-12,us consulate jakarta pusat,26,13,0,0,0,0,26,PM10,GOOD
7559,202404,2024-04-13,us consulate jakarta pusat,37,20,0,0,0,0,37,PM10,GOOD
7560,202404,2024-04-14,us consulate jakarta pusat,27,13,0,0,0,0,27,PM10,GOOD
7561,202404,2024-04-15,us consulate jakarta pusat,28,11,0,0,0,0,28,PM10,GOOD
7562,202404,2024-04-16,us consulate jakarta pusat,51,19,0,0,0,0,51,PM10,MEDIUM
7563,202404,2024-04-17,us consulate jakarta pusat,55,29,0,0,0,0,55,PM10,MEDIUM
7564,202404,2024-04-18,us consulate jakarta pusat,79,30,0,0,0,0,79,PM10,MEDIUM
7565,202404,2024-04-19,us consulate jakarta pusat,75,26,0,0,0,0,75,PM10,MEDIUM
7566,202404,2024-04-20,us consulate jakarta pusat,60,32,0,0,0,0,60,PM10,MEDIUM
7567,202404,2024-04-21,us consulate jakarta pusat,31,19,0,0,0,0,31,PM10,GOOD
7568,202404,2024-04-22,us consulate jakarta pusat,54,25,0,0,0,0,54,PM10,MEDIUM
7569,202404,2024-04-23,us consulate jakarta pusat,76,35,0,0,0,0,76,PM10,MEDIUM
7570,202404,2024-04-24,us consulate jakarta pusat,62,36,0,0,0,0,62,PM10,MEDIUM
7571,202404,2024-04-25,us consulate jakarta pusat,51,27,0,0,0,0,51,PM10,MEDIUM
7572,202404,2024-04-26,us consulate jakarta pusat,48,21,0,0,0,0,48,PM10,GOOD
7573,202404,2024-04-27,us consulate jakarta pusat,52,28,0,0,0,0,52,PM10,MEDIUM
7574,202404,2024-04-28,us consulate jakarta pusat,48,30,0,0,0,0,48,PM10,GOOD
7575,202404,2024-04-29,us consulate jakarta pusat,50,23,0,0,0,0,50,PM10,GOOD
7576,202404,2024-04-30,us consulate jakarta pusat,63,27,0,0,0,0,63,PM10,MEDIUM
7577,202405,2024-05-01,us consulate jakarta pusat,53,28,0,0,0,0,53,PM10,MEDIUM
7578,202405,2024-05-02,us consulate jakarta pusat,57,33,0,0,0,0,57,PM10,MEDIUM
7579,202405,2024-05-03,us consulate jakarta pusat,57,41,0,0,0,0,57,PM10,MEDIUM
7580,202405,2024-05-04,us consulate jakarta pusat,57,41,0,0,0,0,57,PM10,MEDIUM
7581,202405,2024-05-05,us consulate jakarta pusat,57,42,0,0,0,0,57,PM10,MEDIUM
7582,202405,2024-05-06,us consulate jakarta pusat,62,41,0,0,0,0,62,PM10,MEDIUM
7583,202405,2024-05-07,us consulate jakarta pusat,76,45,0,0,0,0,76,PM10,MEDIUM
7584,202405,2024-05-08,us consulate jakarta pusat,72,42,0,0,0,0,72,PM10,MEDIUM
7585,202405,2024-05-09,us consulate jakarta pusat,80,46,0,0,0,0,80,PM10,MEDIUM
7586,202405,2024-05-10,us consulate jakarta pusat,70,41,0,0,0,0,70,PM10,MEDIUM
7587,202405,2024-05-11,us consulate jakarta pusat,61,33,0,0,0,0,61,PM10,MEDIUM
7588,202405,2024-05-12,us consulate jakarta pusat,64,36,0,0,0,0,64,PM10,MEDIUM
7589,202405,2024-05-13,us consulate jakarta pusat,64,34,0,0,0,0,64,PM10,MEDIUM
7590,202405,2024-05-14,us consulate jakarta pusat,79,47,0,0,0,0,79,PM10,MEDIUM
7591,202405,2024-05-15,us consulate jakarta pusat,70,42,0,0,0,0,70,PM10,MEDIUM
7592,202405,2024-05-16,us consulate jakarta pusat,94,59,0,0,0,0,94,PM10,MEDIUM
7593,202405,2024-05-17,us consulate jakarta pusat,73,42,0,0,0,0,73,PM10,MEDIUM
7594,202405,2024-05-18,us consulate jakarta pusat,84,49,0,0,0,0,84,PM10,MEDIUM
7595,202405,2024-05-19,us consulate jakarta pusat,71,43,0,0,0,0,71,PM10,MEDIUM
7596,202405,2024-05-20,us consulate jakarta pusat,83,49,0,0,0,0,83,PM10,MEDIUM
7597,202405,2024-05-21,us consulate jakarta pusat,92,56,0,0,0,0,92,PM10,MEDIUM
7598,202405,2024-05-22,us consulate jakarta pusat,85,46,0,0,0,0,85,PM10,MEDIUM
7599,202405,2024-05-23,us consulate jakarta pusat,57,35,0,0,0,0,57,PM10,MEDIUM
7600,202405,2024-05-24,us consulate jakarta pusat,57,36,0,0,0,0,57,PM10,MEDIUM
7601,202405,2024-05-25,us consulate jakarta pusat,41,24,0,0,0,0,41,PM10,GOOD
7602,202405,2024-05-26,us consulate jakarta pusat,71,47,0,0,0,0,71,PM10,MEDIUM
7603,202405,2024-05-27,us consulate jakarta pusat,124,46,0,0,0,0,124,PM10,UNHEALTHY
7604,202405,2024-05-28,us consulate jakarta pusat,83,53,0,0,0,0,83,PM10,MEDIUM
7605,202405,2024-05-29,us consulate jakarta pusat,73,45,0,0,0,0,73,PM10,MEDIUM
7606,202405,2024-05-30,us consulate jakarta pusat,77,46,0,0,0,0,77,PM10,MEDIUM
7607,202405,2024-05-31,us consulate jakarta pusat,83,57,0,0,0,0,83,PM10,MEDIUM
7608,202406,2024-06-01,us consulate jakarta pusat,103,60,0,0,0,0,103,PM10,UNHEALTHY
7609,202406,2024-06-02,us consulate jakarta pusat,70,44,0,0,0,0,70,PM10,MEDIUM
7610,202406,2024-06-03,us consulate jakarta pusat,41,23,0,0,0,0,41,PM10,GOOD
7611,202406,2024-06-04,us consulate jakarta pusat,89,64,0,0,0,0,89,PM10,MEDIUM
7612,202406,2024-06-05,us consulate jakarta pusat,93,44,0,0,0,0,93,PM10,MEDIUM
7613,202406,2024-06-06,us consulate jakarta pusat,93,35,0,0,0,0,93,PM10,MEDIUM
7614,202406,2024-06-07,us consulate jakarta pusat,93,36,0,0,0,0,93,PM10,MEDIUM
7615,202406,2024-06-08,us consulate jakarta pusat,93,44,0,0,0,0,93,PM10,MEDIUM
7616,202406,2024-06-09,us consulate jakarta pusat,93,50,0,0,0,0,93,PM10,MEDIUM
7617,202406,2024-06-10,us consulate jakarta pusat,74,47,0,0,0,0,74,PM10,MEDIUM
7618,202406,2024-06-11,us consulate jakarta pusat,71,41,0,0,0,0,71,PM10,MEDIUM
7619,202406,2024-06-12,us consulate jakarta pusat,62,35,0,0,0,0,62,PM10,MEDIUM
7620,202406,2024-06-13,us consulate jakarta pusat,53,31,0,0,0,0,53,PM10,MEDIUM
7621,202406,2024-06-14,us consulate jakarta pusat,55,27,0,0,0,0,55,PM10,MEDIUM
7622,202406,2024-06-15,us consulate jakarta pusat,67,46,0,0,0,0,67,PM10,MEDIUM
7623,202406,2024-06-16,us consulate jakarta pusat,42,21,0,0,0,0,42,PM10,GOOD
7624,202406,2024-06-17,us consulate jakarta pusat,57,37,0,0,0,0,57,PM10,MEDIUM
7625,202406,2024-06-18,us consulate jakarta pusat,90,63,0,0,0,0,90,PM10,MEDIUM
7626,202406,2024-06-19,us consulate jakarta pusat,87,48,0,0,0,0,87,PM10,MEDIUM
7627,202406,2024-06-20,us consulate jakarta pusat,78,46,0,0,0,0,78,PM10,MEDIUM
7628,202406,2024-06-21,us consulate jakarta pusat,81,47,0,0,0,0,81,PM10,MEDIUM
7629,202406,2024-06-22,us consulate jakarta pusat,84,53,0,0,0,0,84,PM10,MEDIUM
7630,202406,2024-06-23,us consulate jakarta pusat,71,43,0,0,0,0,71,PM10,MEDIUM
7631,202406,2024-06-24,us consulate jakarta pusat,73,44,0,0,0,0,73,PM10,MEDIUM
7632,202406,2024-06-25,us consulate jakarta pusat,67,54,0,0,0,0,67,PM10,MEDIUM
7633,202406,2024-06-26,us consulate jakarta pusat,62,59,0,0,0,0,62,PM10,MEDIUM
7634,202406,2024-06-27,us consulate jakarta pusat,67,59,0,0,0,0,67,PM10,MEDIUM
7635,202406,2024-06-28,us consulate jakarta pusat,62,59,0,0,0,0,62,PM10,MEDIUM
7636,202406,2024-06-29,us consulate jakarta pusat,0,0,0,0,0,0,0,PM10,GOOD
7637,202406,2024-06-30,us consulate jakarta pusat,24,12,0,0,0,0,24,PM10,GOOD
7638,202407,2024-07-01,us consulate jakarta pusat,23,12,2,24,12,5,24,CO,GOOD
7639,202407,2024-07-02,us consulate jakarta pusat,22,11,1,25,13,5,25,CO,GOOD
7640,202407,2024-07-03,us consulate jakarta pusat,21,10,2,23,13,5,23,CO,GOOD
7641,202407,2024-07-04,us consulate jakarta pusat,20,10,1,24,13,5,24,CO,GOOD
7642,202407,2024-07-05,us consulate jakarta pusat,21,10,2,23,14,5,23,CO,GOOD
7643,202407,2024-07-06,us consulate jakarta pusat,24,11,1,23,13,5,24,PM10,GOOD
7644,202407,2024-07-07,us consulate jakarta pusat,29,14,2,24,13,5,29,PM10,GOOD
7645,202407,2024-07-08,us consulate jakarta pusat,25,12,1,23,14,5,25,PM10,GOOD
7646,202407,2024-07-09,us consulate jakarta pusat,28,14,2,49,12,5,49,CO,GOOD
7647,202407,2024-07-10,us consulate jakarta pusat,22,10,1,24,12,5,24,CO,GOOD
7648,202407,2024-07-11,us consulate jakarta pusat,25,11,2,27,11,5,27,CO,GOOD
7649,202407,2024-07-12,us consulate jakarta pusat,21,10,1,26,12,5,26,CO,GOOD
7650,202407,2024-07-13,us consulate jakarta pusat,24,12,2,26,10,5,26,CO,GOOD
7651,202407,2024-07-14,us consulate jakarta pusat,21,10,1,24,12,5,24,CO,GOOD
7652,202407,2024-07-15,us consulate jakarta pusat,23,12,2,26,10,5,26,CO,GOOD
7653,202407,2024-07-16,us consulate jakarta pusat,23,12,1,26,12,5,26,CO,GOOD
7654,202407,2024-07-17,us consulate jakarta pusat,22,11,2,23,11,5,23,CO,GOOD
7655,202407,2024-07-18,us consulate jakarta pusat,22,10,1,24,11,5,24,CO,GOOD
7656,202407,2024-07-19,us consulate jakarta pusat,22,10,2,23,11,5,23,CO,GOOD
7657,202407,2024-07-20,us consulate jakarta pusat,23,11,1,22,11,5,23,PM10,GOOD
7658,202407,2024-07-21,us consulate jakarta pusat,21,10,2,21,11,5,21,PM10,GOOD
7659,202407,2024-07-22,us consulate jakarta pusat,24,11,1,22,11,5,24,PM10,GOOD
7660,202407,2024-07-23,us consulate jakarta pusat,21,11,2,22,11,5,22,CO,GOOD
7661,202407,2024-07-24,us consulate jakarta pusat,24,11,1,25,10,5,25,CO,GOOD
7662,202407,2024-07-25,us consulate jakarta pusat,22,14,2,24,10,5,24,CO,GOOD
7663,202407,2024-07-26,us consulate jakarta pusat,24,14,1,26,10,5,26,CO,GOOD
7664,202407,2024-07-27,us consulate jakarta pusat,23,14,2,27,10,6,27,CO,GOOD
7665,202407,2024-07-28,us consulate jakarta pusat,24,13,2,31,11,6,31,CO,GOOD
7666,202407,2024-07-29,us consulate jakarta pusat,24,13,2,31,11,6,31,CO,GOOD
7667,202407,2024-07-30,us consulate jakarta pusat,23,12,2,31,11,6,31,CO,GOOD
7668,202407,2024-07-31,us consulate jakarta pusat,20,10,2,31,10,6,31,CO,GOOD
7669,202408,2024-08-01,us consulate jakarta pusat,21,11,2,35,11,6,35,CO,GOOD
7670,202408,2024-08-02,us consulate jakarta pusat,20,12,2,34,10,7,34,CO,GOOD
7671,202408,2024-08-03,us consulate jakarta pusat,24,18,2,35,10,6,35,CO,GOOD
7672,202408,2024-08-04,us consulate jakarta pusat,22,15,2,34,11,6,34,CO,GOOD
7673,202408,2024-08-05,us consulate jakarta pusat,22,12,2,34,10,0,34,CO,GOOD
7674,202408,2024-08-06,us consulate jakarta pusat,0,13,0,0,0,0,13,PM25,GOOD
7675,202408,2024-08-07,us consulate jakarta pusat,0,29,0,0,0,0,29,PM25,GOOD
7676,202408,2024-08-08,us consulate jakarta pusat,0,40,0,0,0,0,40,PM25,GOOD
7677,202408,2024-08-09,us consulate jakarta pusat,0,40,0,0,0,0,40,PM25,GOOD
7678,202408,2024-08-10,us consulate jakarta pusat,0,35,0,0,0,0,35,PM25,GOOD
7679,202408,2024-08-11,us consulate jakarta pusat,0,34,0,0,0,0,34,PM25,GOOD
7680,202408,2024-08-12,us consulate jakarta pusat,0,34,0,0,0,0,34,PM25,GOOD
7681,202408,2024-08-13,us consulate jakarta pusat,0,30,0,0,0,0,30,PM25,GOOD
7682,202408,2024-08-14,us consulate jakarta pusat,0,49,0,0,0,0,49,PM25,GOOD
7683,202408,2024-08-15,us consulate jakarta pusat,0,46,0,0,0,0,46,PM25,GOOD
7684,202408,2024-08-16,us consulate jakarta pusat,88,49,0,0,0,0,88,PM10,MEDIUM
7685,202408,2024-08-17,us consulate jakarta pusat,65,38,0,0,0,0,65,PM10,MEDIUM
7686,202408,2024-08-18,us consulate jakarta pusat,75,40,0,0,0,0,75,PM10,MEDIUM
7687,202408,2024-08-19,us consulate jakarta pusat,73,41,0,0,0,0,73,PM10,MEDIUM
7688,202408,2024-08-20,us consulate jakarta pusat,79,51,0,0,0,0,79,PM10,MEDIUM
7689,202408,2024-08-21,us consulate jakarta pusat,79,50,0,0,0,0,79,PM10,MEDIUM
7690,202408,2024-08-22,us consulate jakarta pusat,69,36,0,0,0,0,69,PM10,MEDIUM
7691,202408,2024-08-23,us consulate jakarta pusat,64,42,0,0,0,0,64,PM10,MEDIUM
7692,202408,2024-08-24,us consulate jakarta pusat,88,55,0,0,0,0,88,PM10,MEDIUM
7693,202408,2024-08-25,us consulate jakarta pusat,67,35,0,0,0,0,67,PM10,MEDIUM
7694,202408,2024-08-26,us consulate jakarta pusat,68,42,0,0,0,0,68,PM10,MEDIUM
7695,202408,2024-08-27,us consulate jakarta pusat,107,63,0,0,0,0,107,PM10,UNHEALTHY
7696,202408,2024-08-28,us consulate jakarta pusat,67,36,0,0,0,0,67,PM10,MEDIUM
7697,202408,2024-08-29,us consulate jakarta pusat,95,65,0,0,0,0,95,PM10,MEDIUM
7698,202408,2024-08-30,us consulate jakarta pusat,68,40,0,0,0,0,68,PM10,MEDIUM
7699,202408,2024-08-31,us consulate jakarta pusat,64,32,0,0,0,0,64,PM10,MEDIUM
7700,202409,2024-09-01,us consulate jakarta pusat,65,35,0,0,0,0,65,PM10,MEDIUM
7701,202409,2024-09-02,us consulate jakarta pusat,64,31,0,0,0,0,64,PM10,MEDIUM
7702,202409,2024-09-03,us consulate jakarta pusat,71,43,0,0,0,0,71,PM10,MEDIUM
7703,202409,2024-09-04,us consulate jakarta pusat,59,27,0,0,0,0,59,PM10,MEDIUM
7704,202409,2024-09-05,us consulate jakarta pusat,55,31,0,0,0,0,55,PM10,MEDIUM
7705,202409,2024-09-06,us consulate jakarta pusat,59,37,0,0,0,0,59,PM10,MEDIUM
7706,202409,2024-09-07,us consulate jakarta pusat,59,29,0,0,0,0,59,PM10,MEDIUM
7707,202409,2024-09-08,us consulate jakarta pusat,56,28,0,0,0,0,56,PM10,MEDIUM
7708,202409,2024-09-09,us consulate jakarta pusat,47,24,0,0,0,0,47,PM10,GOOD
7709,202409,2024-09-10,us consulate jakarta pusat,57,31,0,0,0,0,57,PM10,MEDIUM
7710,202409,2024-09-11,us consulate jakarta pusat,47,24,0,0,0,0,47,PM10,GOOD
7711,202409,2024-09-12,us consulate jakarta pusat,68,45,0,0,0,0,68,PM10,MEDIUM
7712,202409,2024-09-13,us consulate jakarta pusat,47,28,0,0,0,0,47,PM10,GOOD
7713,202409,2024-09-14,us consulate jakarta pusat,65,41,0,0,0,0,65,PM10,MEDIUM
7714,202409,2024-09-15,us consulate jakarta pusat,56,33,0,0,0,0,56,PM10,MEDIUM
7715,202409,2024-09-16,us consulate jakarta pusat,108,43,0,0,0,0,108,PM10,UNHEALTHY
7716,202409,2024-09-17,us consulate jakarta pusat,52,34,0,0,0,0,52,PM10,MEDIUM
7717,202409,2024-09-18,us consulate jakarta pusat,60,36,0,0,0,0,60,PM10,MEDIUM
7718,202409,2024-09-19,us consulate jakarta pusat,69,34,0,0,0,0,69,PM10,MEDIUM
7719,202409,2024-09-20,us consulate jakarta pusat,65,39,0,0,0,0,65,PM10,MEDIUM
7720,202409,2024-09-21,us consulate jakarta pusat,91,51,0,0,0,0,91,PM10,MEDIUM
7721,202409,2024-09-22,us consulate jakarta pusat,95,50,0,0,0,0,95,PM10,MEDIUM
7722,202409,2024-09-23,us consulate jakarta pusat,95,38,0,0,0,0,95,PM10,MEDIUM
7723,202409,2024-09-24,us consulate jakarta pusat,95,36,0,0,0,,95,PM10,MEDIUM
7724,202409,2024-09-25,us consulate jakarta pusat,95,40,0,0,0,0,95,PM10,MEDIUM
7725,202409,2024-09-26,us consulate jakarta pusat,74,38,0,0,0,0,74,PM10,MEDIUM
7726,202409,2024-09-27,us consulate jakarta pusat,49,27,0,0,0,0,49,PM10,GOOD
7727,202409,2024-09-28,us consulate jakarta pusat,63,40,0,0,0,0,63,PM10,MEDIUM
7728,202409,2024-09-29,us consulate jakarta pusat,68,40,0,0,0,0,68,PM10,MEDIUM
7729,202409,2024-09-30,us consulate jakarta pusat,52,28,0,0,0,0,52,PM10,MEDIUM
7730,202410,2024-10-01,us consulate jakarta pusat,76,49,0,0,0,0,76,PM10,MEDIUM
7731,202410,2024-10-02,us consulate jakarta pusat,68,40,18,273,24,54,273,CO,UNHEALTHY
7732,202410,2024-10-03,us consulate jakarta pusat,73,46,0,0,0,0,73,PM10,MEDIUM
7733,202410,2024-10-04,us consulate jakarta pusat,68,37,0,0,0,0,68,PM10,MEDIUM
7734,202410,2024-10-05,us consulate jakarta pusat,79,34,19,182,26,55,182,CO,UNHEALTHY
7735,202410,2024-10-06,us consulate jakarta pusat,69,38,0,0,0,0,69,PM10,MEDIUM
7736,202410,2024-10-07,us consulate jakarta pusat,84,48,0,0,0,0,84,PM10,MEDIUM
7737,202410,2024-10-08,us consulate jakarta pusat,63,33,0,0,0,0,63,PM10,MEDIUM
7738,202410,2024-10-09,us consulate jakarta pusat,64,33,12,115,25,31,115,CO,UNHEALTHY
7739,202410,2024-10-10,us consulate jakarta pusat,67,41,11,103,24,28,103,CO,UNHEALTHY
7740,202410,2024-10-11,us consulate jakarta pusat,59,37,9,85,23,25,85,CO,MEDIUM
7741,202410,2024-10-12,us consulate jakarta pusat,69,42,9,85,24,21,85,CO,MEDIUM
7742,202410,2024-10-13,us consulate jakarta pusat,62,38,8,75,24,20,75,CO,MEDIUM
7743,202410,2024-10-14,us consulate jakarta pusat,48,30,5,49,28,10,49,CO,GOOD
7744,202410,2024-10-15,us consulate jakarta pusat,59,41,0,0,0,0,59,PM10,MEDIUM
7745,202410,2024-10-16,us consulate jakarta pusat,67,53,1,15,10,5,67,PM10,MEDIUM
7746,202410,2024-10-17,us consulate jakarta pusat,47,39,0,0,0,0,47,PM10,GOOD
7747,202410,2024-10-18,us consulate jakarta pusat,67,33,0,0,0,0,67,PM10,MEDIUM
7748,202410,2024-10-19,us consulate jakarta pusat,67,45,0,0,0,0,67,PM10,MEDIUM
7749,202410,2024-10-20,us consulate jakarta pusat,67,27,0,0,0,0,67,PM10,MEDIUM
7750,202410,2024-10-21,us consulate jakarta pusat,67,36,0,0,0,0,67,PM10,MEDIUM
7751,202410,2024-10-22,us consulate jakarta pusat,67,43,0,0,0,0,67,PM10,MEDIUM
7752,202410,2024-10-23,us consulate jakarta pusat,66,39,0,7,1,0,66,PM10,MEDIUM
7753,202410,2024-10-24,us consulate jakarta pusat,49,29,1,8,3,0,49,PM10,GOOD
7754,202410,2024-10-25,us consulate jakarta pusat,49,35,0,0,0,0,49,PM10,GOOD
7755,202410,2024-10-26,us consulate jakarta pusat,58,30,0,0,0,0,58,PM10,MEDIUM
7756,202410,2024-10-27,us consulate jakarta pusat,65,33,0,0,0,0,65,PM10,MEDIUM
7757,202410,2024-10-28,us consulate jakarta pusat,67,40,0,0,0,0,67,PM10,MEDIUM
7758,202410,2024-10-29,us consulate jakarta pusat,58,34,1,13,6,0,58,PM10,MEDIUM
7759,202410,2024-10-30,us consulate jakarta pusat,61,45,1,10,3,0,61,PM10,MEDIUM
7760,202410,2024-10-31,us consulate jakarta pusat,56,40,0,11,3,0,56,PM10,MEDIUM
7761,202411,2024-11-01,us consulate jakarta pusat,62,48,0,9,3,0,62,PM10,MEDIUM
7762,202411,2024-11-02,us consulate jakarta pusat,48,38,0,12,1,0,48,PM10,GOOD
7763,202411,2024-11-03,us consulate jakarta pusat,44,32,0,10,1,0,44,PM10,GOOD
7764,202411,2024-11-04,us consulate jakarta pusat,37,26,0,14,1,0,37,PM10,GOOD
7765,202411,2024-11-05,us consulate jakarta pusat,39,29,0,14,0,0,39,PM10,GOOD
7766,202411,2024-11-06,us consulate jakarta pusat,38,26,0,10,1,0,38,PM10,GOOD
7767,202411,2024-11-07,us consulate jakarta pusat,54,45,0,9,1,0,54,PM10,MEDIUM
7768,202411,2024-11-08,us consulate jakarta pusat,50,40,0,14,2,0,50,PM10,GOOD
7769,202411,2024-11-09,us consulate jakarta pusat,63,47,0,12,2,0,63,PM10,MEDIUM
7770,202411,2024-11-10,us consulate jakarta pusat,44,33,0,13,2,0,44,PM10,GOOD
7771,202411,2024-11-11,us consulate jakarta pusat,49,32,0,11,2,0,49,PM10,GOOD
7772,202411,2024-11-12,us consulate jakarta pusat,56,28,0,12,0,0,56,PM10,MEDIUM
7773,202411,2024-11-13,us consulate jakarta pusat,62,35,0,0,0,0,62,PM10,MEDIUM
7774,202411,2024-11-14,us consulate jakarta pusat,83,29,0,0,0,0,83,PM10,MEDIUM
7775,202411,2024-11-15,us consulate jakarta pusat,88,29,0,0,0,0,88,PM10,MEDIUM
7776,202411,2024-11-16,us consulate jakarta pusat,69,29,0,0,0,0,69,PM10,MEDIUM
7777,202411,2024-11-17,us consulate jakarta pusat,69,29,0,0,0,0,69,PM10,MEDIUM
7778,202411,2024-11-18,us consulate jakarta pusat,69,29,0,0,0,0,69,PM10,MEDIUM
7779,202411,2024-11-19,us consulate jakarta pusat,57,30,1,12,2,1,57,PM10,MEDIUM
7780,202411,2024-11-20,us consulate jakarta pusat,59,31,2,16,3,2,59,PM10,MEDIUM
7781,202411,2024-11-21,us consulate jakarta pusat,55,29,2,17,3,3,55,PM10,MEDIUM
7782,202411,2024-11-22,us consulate jakarta pusat,43,19,3,26,4,3,43,PM10,GOOD
7783,202411,2024-11-23,us consulate jakarta pusat,44,20,3,23,4,3,44,PM10,GOOD
7784,202411,2024-11-24,us consulate jakarta pusat,39,17,3,25,4,3,39,PM10,GOOD
7785,202411,2024-11-25,us consulate jakarta pusat,36,18,5,26,4,4,36,PM10,GOOD
7786,202411,2024-11-26,us consulate jakarta pusat,36,25,5,28,5,4,36,PM10,GOOD
7787,202411,2024-11-27,us consulate jakarta pusat,33,11,4,29,6,4,33,PM10,GOOD
7788,202411,2024-11-28,us consulate jakarta pusat,32,15,4,30,6,4,32,PM10,GOOD
7789,202411,2024-11-29,us consulate jakarta pusat,30,10,4,29,7,4,30,PM10,GOOD
7790,202411,2024-11-30,us consulate jakarta pusat,30,12,4,30,7,4,30,PM10,GOOD
7791,202412,2024-12-01,us consulate jakarta pusat,30,12,4,30,7,4,30,PM10,GOOD
7792,202412,2024-12-02,us consulate jakarta pusat,29,13,4,30,8,4,30,CO,GOOD
7793,202412,2024-12-03,us consulate jakarta pusat,26,9,4,44,8,4,44,CO,GOOD
7794,202412,2024-12-04,us consulate jakarta pusat,26,9,4,53,9,4,53,CO,MEDIUM
7795,202412,2024-12-05,us consulate jakarta pusat,26,11,4,48,9,4,48,CO,GOOD
7796,202412,2024-12-06,us consulate jakarta pusat,28,18,4,49,9,5,49,CO,GOOD
7797,202412,2024-12-07,us consulate jakarta pusat,36,31,6,48,9,5,48,CO,GOOD
7798,202412,2024-12-08,us consulate jakarta pusat,37,20,7,44,9,6,44,CO,GOOD
7799,202412,2024-12-09,us consulate jakarta pusat,42,25,8,44,9,6,44,CO,GOOD
7800,202412,2024-12-10,us consulate jakarta pusat,34,13,7,49,9,6,49,CO,GOOD
7801,202412,2024-12-11,us consulate jakarta pusat,34,14,6,48,9,6,48,CO,GOOD
7802,202412,2024-12-12,us consulate jakarta pusat,32,11,6,45,9,6,45,CO,GOOD
7803,202412,2024-12-13,us consulate jakarta pusat,31,13,6,49,9,6,49,CO,GOOD
7804,202412,2024-12-14,us consulate jakarta pusat,29,10,6,50,10,6,50,CO,GOOD
7805,202412,2024-12-15,us consulate jakarta pusat,33,11,6,59,11,6,59,CO,MEDIUM
7806,202412,2024-12-16,us consulate jakarta pusat,34,12,6,7,11,6,34,PM10,GOOD
7807,202412,2024-12-17,us consulate jakarta pusat,32,13,6,16,11,6,32,PM10,GOOD
7808,202412,2024-12-18,us consulate jakarta pusat,33,10,5,39,11,7,39,CO,GOOD
7809,202412,2024-12-19,us consulate jakarta pusat,33,14,5,38,10,6,38,CO,GOOD
7810,202412,2024-12-20,us consulate jakarta pusat,33,14,4,37,10,6,37,CO,GOOD
7811,202412,2024-12-21,us consulate jakarta pusat,33,14,5,35,10,6,35,CO,GOOD
7812,202412,2024-12-22,us consulate jakarta pusat,34,16,4,34,10,6,34,PM10,GOOD
7813,202412,2024-12-23,us consulate jakarta pusat,37,20,4,35,10,6,37,PM10,GOOD
7814,202412,2024-12-24,us consulate jakarta pusat,45,22,4,34,10,6,45,PM10,GOOD
7815,202412,2024-12-25,us consulate jakarta pusat,49,19,4,34,10,6,49,PM10,GOOD
7816,202412,2024-12-26,us consulate jakarta pusat,50,20,4,45,10,6,50,PM10,GOOD
7817,202412,2024-12-27,us consulate jakarta pusat,50,27,4,44,10,6,50,PM10,GOOD
7818,202412,2024-12-28,us consulate jakarta pusat,48,24,5,44,10,6,48,PM10,GOOD
7819,202412,2024-12-29,us consulate jakarta pusat,47,24,4,43,10,6,47,PM10,GOOD
7820,202412,2024-12-30,us consulate jakarta pusat,48,17,4,41,10,6,48,PM10,GOOD
7821,202412,2024-12-31,us consulate jakarta pusat,47,19,4,40,10,6,47,PM10,GOOD
7822,202501,2025-01-01,us consulate jakarta pusat,47,17,4,4,11,6,47,PM10,GOOD
7823,202501,2025-01-02,us consulate jakarta pusat,43,17,4,4,13,6,43,PM10,GOOD
7824,202501,2025-01-03,us consulate jakarta pusat,44,22,5,5,12,8,44,PM10,GOOD
7825,202501,2025-01-04,us consulate jakarta pusat,42,17,5,4,12,7,42,PM10,GOOD
7826,202501,2025-01-05,us consulate jakarta pusat,41,16,6,4,12,7,41,PM10,GOOD
7827,202501,2025-01-06,us consulate jakarta pusat,50,24,6,4,12,7,50,PM10,GOOD
7828,202501,2025-01-07,us consulate jakarta pusat,50,17,5,4,12,7,50,PM10,GOOD
7829,202501,2025-01-08,us consulate jakarta pusat,45,16,5,3,11,7,45,PM10,GOOD
7830,202501,2025-01-09,us consulate jakarta pusat,43,15,5,3,11,7,43,PM10,GOOD
7831,202501,2025-01-10,us consulate jakarta pusat,43,23,5,3,11,7,43,PM10,GOOD
7832,202501,2025-01-11,us consulate jakarta pusat,43,25,5,3,11,8,43,PM10,GOOD
7833,202501,2025-01-12,us consulate jakarta pusat,45,16,5,3,11,7,45,PM10,GOOD
7834,202501,2025-01-13,us consulate jakarta pusat,46,19,5,3,11,8,46,PM10,GOOD
7835,202501,2025-01-14,us consulate jakarta pusat,43,16,4,3,11,8,43,PM10,GOOD
7836,202501,2025-01-15,us consulate jakarta pusat,44,20,5,3,10,8,44,PM10,GOOD
7837,202501,2025-01-16,us consulate jakarta pusat,41,18,4,3,10,8,41,PM10,GOOD
7838,202501,2025-01-17,us consulate jakarta pusat,39,14,4,3,10,8,39,PM10,GOOD
7839,202501,2025-01-18,us consulate jakarta pusat,37,11,4,3,10,8,37,PM10,GOOD
7840,202501,2025-01-19,us consulate jakarta pusat,37,14,4,3,10,7,37,PM10,GOOD
7841,202501,2025-01-20,us consulate jakarta pusat,37,13,5,3,10,7,37,PM10,GOOD
7842,202501,2025-01-21,us consulate jakarta pusat,38,19,5,3,10,8,38,PM10,GOOD
7843,202501,2025-01-22,us consulate jakarta pusat,37,16,5,3,11,8,37,PM10,GOOD
7844,202501,2025-01-23,us consulate jakarta pusat,38,21,5,3,10,8,38,PM10,GOOD
7845,202501,2025-01-24,us consulate jakarta pusat,40,25,5,3,10,8,40,PM10,GOOD
7846,202501,2025-01-25,us consulate jakarta pusat,39,21,5,3,10,8,39,PM10,GOOD
7847,202501,2025-01-26,us consulate jakarta pusat,38,19,5,3,11,8,38,PM10,GOOD
7848,202501,2025-01-27,us consulate jakarta pusat,38,16,4,3,11,7,38,PM10,GOOD
7849,202501,2025-01-28,us consulate jakarta pusat,38,16,5,3,11,7,38,PM10,GOOD
7850,202501,2025-01-29,us consulate jakarta pusat,35,10,4,3,11,7,35,PM10,GOOD
7851,202501,2025-01-30,us consulate jakarta pusat,36,13,4,3,11,7,36,PM10,GOOD
7852,202501,2025-01-31,us consulate jakarta pusat,38,19,4,4,11,6,38,PM10,GOOD
7853,202502,2025-02-01,us consulate jakarta pusat,37,18,8,3,11,7,37,PM10,GOOD
7854,202502,2025-02-02,us consulate jakarta pusat,37,19,7,1,11,7,37,PM10,GOOD
7855,202502,2025-02-03,us consulate jakarta pusat,36,20,6,0,11,7,36,PM10,GOOD
7856,202502,2025-02-04,us consulate jakarta pusat,39,30,5,8,11,7,39,PM10,GOOD
7857,202502,2025-02-05,us consulate jakarta pusat,37,19,5,5,11,7,37,PM10,GOOD
7858,202502,2025-02-06,us consulate jakarta pusat,36,18,5,9,11,7,36,PM10,GOOD
7859,202502,2025-02-07,us consulate jakarta pusat,35,21,4,0,11,7,35,PM10,GOOD
7860,202502,2025-02-08,us consulate jakarta pusat,33,17,4,10,10,7,33,PM10,GOOD
7861,202502,2025-02-09,us consulate jakarta pusat,33,16,4,8,10,7,33,PM10,GOOD
7862,202502,2025-02-10,us consulate jakarta pusat,32,14,4,8,10,7,32,PM10,GOOD
7863,202502,2025-02-11,us consulate jakarta pusat,34,21,4,3,10,7,34,PM10,GOOD
7864,202502,2025-02-12,us consulate jakarta pusat,37,30,4,5,10,7,37,PM10,GOOD
7865,202502,2025-02-13,us consulate jakarta pusat,38,27,4,7,10,7,38,PM10,GOOD
7866,202502,2025-02-14,us consulate jakarta pusat,41,24,4,9,10,6,41,PM10,GOOD
7867,202502,2025-02-15,us consulate jakarta pusat,38,27,5,1,11,7,38,PM10,GOOD
7868,202502,2025-02-16,us consulate jakarta pusat,38,22,5,1,10,7,38,PM10,GOOD
7869,202502,2025-02-17,us consulate jakarta pusat,36,20,5,7,10,6,36,PM10,GOOD
7870,202502,2025-02-18,us consulate jakarta pusat,36,25,5,8,10,6,36,PM10,GOOD
7871,202502,2025-02-19,us consulate jakarta pusat,35,20,5,9,10,7,35,PM10,GOOD
7872,202502,2025-02-20,us consulate jakarta pusat,34,17,6,8,10,7,34,PM10,GOOD
7873,202502,2025-02-21,us consulate jakarta pusat,37,24,6,4,10,7,37,PM10,GOOD
7874,202502,2025-02-22,us consulate jakarta pusat,34,18,6,9,9,7,34,PM10,GOOD
7875,202502,2025-02-23,us consulate jakarta pusat,34,18,6,1,9,6,34,PM10,GOOD
7876,202502,2025-02-24,us consulate jakarta pusat,32,13,5,7,10,7,32,PM10,GOOD
7877,202502,2025-02-25,us consulate jakarta pusat,34,26,5,6,9,7,34,PM10,GOOD
7878,202502,2025-02-26,us consulate jakarta pusat,33,16,5,10,9,7,33,PM10,GOOD
7879,202502,2025-02-27,us consulate jakarta pusat,41,31,6,12,10,7,41,PM10,GOOD
7880,202502,2025-02-28,us consulate jakarta pusat,36,17,6,9,10,7,36,PM10,GOOD
7881,202503,2025-03-01,us consulate jakarta pusat,39,22,7,1,9,7,39,PM10,GOOD
7882,202503,2025-03-02,us consulate jakarta pusat,39,21,7,5,10,7,39,PM10,GOOD
7883,202503,2025-03-03,us consulate jakarta pusat,38,17,10,3,9,7,38,PM10,GOOD
7884,202503,2025-03-04,us consulate jakarta pusat,40,20,11,6,9,7,40,PM10,GOOD
7885,202503,2025-03-05,us consulate jakarta pusat,42,30,15,6,9,8,42,PM10,GOOD
7886,202503,2025-03-06,us consulate jakarta pusat,42,27,16,5,9,8,42,PM10,GOOD
7887,202503,2025-03-07,us consulate jakarta pusat,35,14,14,0,9,8,35,PM10,GOOD
7888,202503,2025-03-08,us consulate jakarta pusat,37,32,13,7,9,10,37,PM10,GOOD
7889,202503,2025-03-09,us consulate jakarta pusat,35,17,12,3,10,10,35,PM10,GOOD
7890,202503,2025-03-10,us consulate jakarta pusat,38,17,12,3,10,10,38,PM10,GOOD
7891,202503,2025-03-11,us consulate jakarta pusat,30,17,10,3,9,8,30,PM10,GOOD
7892,202503,2025-03-12,us consulate jakarta pusat,30,15,10,3,10,8,30,PM10,GOOD
7893,202503,2025-03-13,us consulate jakarta pusat,29,17,9,3,10,8,29,PM10,GOOD
7894,202503,2025-03-14,us consulate jakarta pusat,28,18,8,3,10,8,28,PM10,GOOD
7895,202503,2025-03-15,us consulate jakarta pusat,30,14,8,3,10,9,30,PM10,GOOD
7896,202503,2025-03-16,us consulate jakarta pusat,28,12,8,3,11,9,28,PM10,GOOD
7897,202503,2025-03-17,us consulate jakarta pusat,28,15,7,3,11,8,28,PM10,GOOD
7898,202503,2025-03-18,us consulate jakarta pusat,27,12,6,3,13,9,27,PM10,GOOD
7899,202503,2025-03-19,us consulate jakarta pusat,28,15,6,3,15,9,28,PM10,GOOD
7900,202503,2025-03-20,us consulate jakarta pusat,29,27,5,3,16,9,29,PM10,GOOD
7901,202503,2025-03-21,us consulate jakarta pusat,29,14,6,3,16,8,29,PM10,GOOD
7902,202503,2025-03-22,us consulate jakarta pusat,33,22,7,3,17,8,33,PM10,GOOD
7903,202503,2025-03-23,us consulate jakarta pusat,32,17,6,3,18,9,32,PM10,GOOD
7904,202503,2025-03-24,us consulate jakarta pusat,32,15,6,3,17,8,32,PM10,GOOD
7905,202503,2025-03-25,us consulate jakarta pusat,30,13,5,3,16,8,30,PM10,GOOD
7906,202503,2025-03-26,us consulate jakarta pusat,30,21,4,4,14,8,30,PM10,GOOD
7907,202503,2025-03-27,us consulate jakarta pusat,30,18,4,4,14,8,30,PM10,GOOD
7908,202503,2025-03-28,us consulate jakarta pusat,29,12,4,4,14,7,29,PM10,GOOD
7909,202503,2025-03-29,us consulate jakarta pusat,28,7,4,4,14,7,28,PM10,GOOD
7910,202503,2025-03-30,us consulate jakarta pusat,28,10,3,4,14,7,28,PM10,GOOD
7911,202503,2025-03-31,us consulate jakarta pusat,28,9,3,4,14,7,28,PM10,GOOD
7912,202504,2025-04-01,us consulate jakarta pusat,28,9,3,3,14,7,28,PM10,GOOD
7913,202504,2025-04-02,us consulate jakarta pusat,27,9,4,9,14,7,27,PM10,GOOD
7914,202504,2025-04-03,us consulate jakarta pusat,27,14,3,8,14,8,27,PM10,GOOD
7915,202504,2025-04-04,us consulate jakarta pusat,26,13,3,5,14,7,26,PM10,GOOD
7916,202504,2025-04-05,us consulate jakarta pusat,27,20,3,4,14,7,27,PM10,GOOD
7917,202504,2025-04-06,us consulate jakarta pusat,26,15,4,8,13,8,26,PM10,GOOD
7918,202504,2025-04-07,us consulate jakarta pusat,27,15,4,0,14,7,27,PM10,GOOD
7919,202504,2025-04-08,us consulate jakarta pusat,26,14,5,6,13,8,26,PM10,GOOD
7920,202504,2025-04-09,us consulate jakarta pusat,26,15,5,0,13,8,26,PM10,GOOD
7921,202504,2025-04-10,us consulate jakarta pusat,25,15,7,7,12,8,25,PM10,GOOD
7922,202504,2025-04-11,us consulate jakarta pusat,23,13,6,2,11,9,23,PM10,GOOD
7923,202504,2025-04-12,us consulate jakarta pusat,24,14,7,9,11,9,24,PM10,GOOD
7924,202504,2025-04-13,us consulate jakarta pusat,24,9,6,3,11,9,24,PM10,GOOD
7925,202504,2025-04-14,us consulate jakarta pusat,27,17,6,4,12,8,27,PM10,GOOD
7926,202504,2025-04-15,us consulate jakarta pusat,29,18,6,8,13,8,29,PM10,GOOD
7927,202504,2025-04-16,us consulate jakarta pusat,29,14,5,1,13,7,29,PM10,GOOD
7928,202504,2025-04-17,us consulate jakarta pusat,31,20,5,4,12,8,31,PM10,GOOD
7929,202504,2025-04-18,us consulate jakarta pusat,31,20,6,9,13,8,31,PM10,GOOD
7930,202504,2025-04-19,us consulate jakarta pusat,30,16,5,8,14,7,30,PM10,GOOD
7931,202504,2025-04-20,us consulate jakarta pusat,28,15,5,5,14,7,28,PM10,GOOD
7932,202504,2025-04-21,us consulate jakarta pusat,29,16,6,8,14,8,29,PM10,GOOD
7933,202504,2025-04-22,us consulate jakarta pusat,30,17,7,1,13,8,30,PM10,GOOD
7934,202504,2025-04-23,us consulate jakarta pusat,29,15,7,1,13,7,29,PM10,GOOD
7935,202504,2025-04-24,us consulate jakarta pusat,28,14,7,4,13,8,28,PM10,GOOD
7936,202504,2025-04-25,us consulate jakarta pusat,28,17,8,2,13,8,28,PM10,GOOD
7937,202504,2025-04-26,us consulate jakarta pusat,27,17,8,9,12,8,27,PM10,GOOD
7938,202504,2025-04-27,us consulate jakarta pusat,27,17,7,8,13,7,27,PM10,GOOD
7939,202504,2025-04-28,us consulate jakarta pusat,27,16,6,9,13,7,27,PM10,GOOD
7940,202504,2025-04-29,us consulate jakarta pusat,27,15,6,1,13,7,27,PM10,GOOD
7941,202504,2025-04-30,us consulate jakarta pusat,28,18,5,7,14,7,28,PM10,GOOD
7942,202505,2025-05-01,us consulate jakarta pusat,36,22,8,8,13,10,36,PM10,GOOD
7943,202505,2025-05-02,us consulate jakarta pusat,43,24,15,4,15,19,43,PM10,GOOD
7944,202505,2025-05-03,us consulate jakarta pusat,38,19,14,3,15,21,38,PM10,GOOD
7945,202505,2025-05-04,us consulate jakarta pusat,41,20,16,9,16,22,41,PM10,GOOD
7946,202505,2025-05-05,us consulate jakarta pusat,46,25,16,23,16,24,46,PM10,GOOD
7947,202505,2025-05-06,us consulate jakarta pusat,46,25,16,20,15,21,46,PM10,GOOD
7948,202505,2025-05-07,us consulate jakarta pusat,51,29,17,9,16,24,51,PM10,MEDIUM
7949,202505,2025-05-08,us consulate jakarta pusat,56,32,18,16,17,23,56,PM10,MEDIUM
7950,202505,2025-05-09,us consulate jakarta pusat,56,32,17,0,14,23,56,PM10,MEDIUM
7951,202505,2025-05-10,us consulate jakarta pusat,52,31,16,7,13,27,52,PM10,MEDIUM
7952,202505,2025-05-11,us consulate jakarta pusat,58,35,16,-8,15,30,58,PM10,MEDIUM
7953,202505,2025-05-12,us consulate jakarta pusat,48,24,16,4,15,29,48,PM10,GOOD
7954,202505,2025-05-13,us consulate jakarta pusat,48,26,14,3,16,29,48,PM10,GOOD
7955,202505,2025-05-14,us consulate jakarta pusat,42,28,13,44,19,27,44,CO,GOOD
7956,202505,2025-05-15,us consulate jakarta pusat,42,25,12,16,19,25,42,PM10,GOOD
7957,202505,2025-05-16,us consulate jakarta pusat,40,23,14,8,14,23,40,PM10,GOOD
7958,202505,2025-05-17,us consulate jakarta pusat,40,23,12,26,13,20,40,PM10,GOOD
7959,202505,2025-05-18,us consulate jakarta pusat,39,23,13,52,13,24,52,CO,MEDIUM
7960,202505,2025-05-19,us consulate jakarta pusat,34,20,15,0,14,24,34,PM10,GOOD
7961,202505,2025-05-20,us consulate jakarta pusat,44,22,18,21,17,26,44,PM10,GOOD
7962,202505,2025-05-21,us consulate jakarta pusat,50,29,16,20,16,25,50,PM10,GOOD
7963,202505,2025-05-22,us consulate jakarta pusat,46,23,16,-7,14,25,46,PM10,GOOD
7964,202505,2025-05-23,us consulate jakarta pusat,38,19,16,10,13,25,38,PM10,GOOD
7965,202505,2025-05-24,us consulate jakarta pusat,32,14,14,11,13,26,32,PM10,GOOD
7966,202505,2025-05-25,us consulate jakarta pusat,42,20,16,-3,11,23,42,PM10,GOOD
7967,202505,2025-05-26,us consulate jakarta pusat,51,25,16,7,11,22,51,PM10,MEDIUM
7968,202505,2025-05-27,us consulate jakarta pusat,40,17,15,6,12,27,40,PM10,GOOD
7969,202505,2025-05-28,us consulate jakarta pusat,50,28,16,0,12,25,50,PM10,GOOD
7970,202505,2025-05-29,us consulate jakarta pusat,52,29,16,-5,12,26,52,PM10,MEDIUM
7971,202505,2025-05-30,us consulate jakarta pusat,50,27,16,7,16,28,50,PM10,GOOD
7972,202505,2025-05-31,us consulate jakarta pusat,62,36,16,7,17,31,62,PM10,MEDIUM
7973,202506,2025-06-01,us consulate jakarta pusat,59,33,16,1,14,28,59,PM10,MEDIUM
7974,202506,2025-06-02,us consulate jakarta pusat,68,39,15,5,14,29,68,PM10,MEDIUM
7975,202506,2025-06-03,us consulate jakarta pusat,64,36,15,16,14,31,64,PM10,MEDIUM
7976,202506,2025-06-04,us consulate jakarta pusat,69,40,16,26,15,33,69,PM10,MEDIUM
7977,202506,2025-06-05,us consulate jakarta pusat,79,45,15,20,14,32,79,PM10,MEDIUM
7978,202506,2025-06-06,us consulate jakarta pusat,76,42,14,10,16,34,76,PM10,MEDIUM
7979,202506,2025-06-07,us consulate jakarta pusat,76,45,16,4,16,29,76,PM10,MEDIUM
7980,202506,2025-06-08,us consulate jakarta pusat,72,42,15,21,15,30,72,PM10,MEDIUM
7981,202506,2025-06-09,us consulate jakarta pusat,65,46,15,26,12,26,65,PM10,MEDIUM
7982,202506,2025-06-10,us consulate jakarta pusat,63,33,16,7,12,25,63,PM10,MEDIUM
7983,202506,2025-06-11,us consulate jakarta pusat,61,33,15,23,16,26,61,PM10,MEDIUM
7984,202506,2025-06-12,us consulate jakarta pusat,60,33,15,24,12,23,60,PM10,MEDIUM
7985,202506,2025-06-13,us consulate jakarta pusat,62,34,14,6,13,22,62,PM10,MEDIUM
7986,202506,2025-06-14,us consulate jakarta pusat,67,31,15,24,12,23,67,PM10,MEDIUM
7987,202506,2025-06-15,us consulate jakarta pusat,56,24,16,9,11,22,56,PM10,MEDIUM
7988,202506,2025-06-16,us consulate jakarta pusat,53,25,18,13,13,23,53,PM10,MEDIUM
7989,202506,2025-06-17,us consulate jakarta pusat,45,20,16,31,14,25,45,PM10,GOOD
7990,202506,2025-06-18,us consulate jakarta pusat,39,16,14,22,13,25,39,PM10,GOOD
7991,202506,2025-06-19,us consulate jakarta pusat,41,16,17,18,15,23,41,PM10,GOOD
7992,202506,2025-06-20,us consulate jakarta pusat,50,24,18,19,14,25,50,PM10,GOOD
7993,202506,2025-06-21,us consulate jakarta pusat,44,22,15,13,14,26,44,PM10,GOOD
7994,202506,2025-06-22,us consulate jakarta pusat,40,23,14,15,12,23,40,PM10,GOOD
7995,202506,2025-06-23,us consulate jakarta pusat,44,23,14,14,13,22,44,PM10,GOOD
7996,202506,2025-06-24,us consulate jakarta pusat,51,26,14,28,14,23,51,PM10,MEDIUM
7997,202506,2025-06-25,us consulate jakarta pusat,72,39,14,23,17,31,72,PM10,MEDIUM
7998,202506,2025-06-26,us consulate jakarta pusat,68,38,16,15,17,26,68,PM10,MEDIUM
7999,202506,2025-06-27,us consulate jakarta pusat,64,36,14,16,17,22,64,PM10,MEDIUM
8000,202506,2025-06-28,us consulate jakarta pusat,79,41,14,30,18,24,79,PM10,MEDIUM
8001,202506,2025-06-29,us consulate jakarta pusat,63,33,14,39,18,23,63,PM10,MEDIUM
8002,202506,2025-06-30,us consulate jakarta pusat,72,41,16,3,17,24,72,PM10,MEDIUM
8003,202507,2025-07-01,us consulate jakarta pusat,43,19,13,20,16,22,43,PM10,GOOD
8004,202507,2025-07-02,us consulate jakarta pusat,41,18,13,17,15,23,41,PM10,GOOD
8005,202507,2025-07-03,us consulate jakarta pusat,42,20,13,15,15,26,42,PM10,GOOD
8006,202507,2025-07-04,us consulate jakarta pusat,42,21,12,24,17,24,42,PM10,GOOD
8007,202507,2025-07-05,us consulate jakarta pusat,44,24,12,33,15,23,44,PM10,GOOD
8008,202507,2025-07-06,us consulate jakarta pusat,41,19,12,36,14,22,41,PM10,GOOD
8009,202507,2025-07-07,us consulate jakarta pusat,35,17,12,40,14,23,40,CO,GOOD
8010,202507,2025-07-08,us consulate jakarta pusat,34,16,11,42,15,21,42,CO,GOOD
8011,202507,2025-07-09,us consulate jakarta pusat,35,19,11,43,15,20,43,CO,GOOD
8012,202507,2025-07-10,us consulate jakarta pusat,44,22,12,42,14,19,44,PM10,GOOD
8013,202507,2025-07-11,us consulate jakarta pusat,46,24,11,41,15,22,46,PM10,GOOD
8014,202507,2025-07-12,us consulate jakarta pusat,59,35,12,35,16,20,59,PM10,MEDIUM
8015,202507,2025-07-13,us consulate jakarta pusat,67,36,12,30,15,20,67,PM10,MEDIUM
8016,202507,2025-07-14,us consulate jakarta pusat,61,34,12,28,16,19,61,PM10,MEDIUM
8017,202507,2025-07-15,us consulate jakarta pusat,62,35,12,36,18,19,62,PM10,MEDIUM
8018,202507,2025-07-16,us consulate jakarta pusat,56,31,12,25,19,19,56,PM10,MEDIUM
8019,202507,2025-07-17,us consulate jakarta pusat,53,28,11,18,18,18,53,PM10,MEDIUM
8020,202507,2025-07-18,us consulate jakarta pusat,48,26,11,24,15,19,48,PM10,GOOD
8021,202507,2025-07-19,us consulate jakarta pusat,48,26,11,17,16,19,48,PM10,GOOD
8022,202507,2025-07-20,us consulate jakarta pusat,48,25,11,22,17,18,48,PM10,GOOD
8023,202507,2025-07-21,us consulate jakarta pusat,46,22,11,17,17,18,46,PM10,GOOD
8024,202507,2025-07-22,us consulate jakarta pusat,47,26,11,16,16,19,47,PM10,GOOD
8025,202507,2025-07-23,us consulate jakarta pusat,49,28,11,15,17,21,49,PM10,GOOD
8026,202507,2025-07-24,us consulate jakarta pusat,55,32,11,12,17,19,55,PM10,MEDIUM
8027,202507,2025-07-25,us consulate jakarta pusat,56,34,12,16,18,20,56,PM10,MEDIUM
8028,202507,2025-07-26,us consulate jakarta pusat,61,35,12,10,17,19,61,PM10,MEDIUM
8029,202507,2025-07-27,us consulate jakarta pusat,67,42,12,6,17,22,67,PM10,MEDIUM
8030,202507,2025-07-28,us consulate jakarta pusat,58,34,12,9,17,21,58,PM10,MEDIUM
8031,202507,2025-07-29,us consulate jakarta pusat,58,30,13,6,17,21,58,PM10,MEDIUM
8032,202507,2025-07-30,us consulate jakarta pusat,42,19,11,31,16,21,42,PM10,GOOD
8033,202507,2025-07-31,us consulate jakarta pusat,36,18,10,30,16,21,36,PM10,GOOD
8034,202508,2025-08-01,us consulate jakarta pusat,25,12,8,3,16,18,25,PM10,GOOD
8035,202508,2025-08-02,us consulate jakarta pusat,23,10,8,3,15,17,23,PM10,GOOD
8036,202508,2025-08-03,us consulate jakarta pusat,24,10,6,3,14,15,24,PM10,GOOD
8037,202508,2025-08-04,us consulate jakarta pusat,23,11,5,4,13,14,23,PM10,GOOD
8038,202508,2025-08-05,us consulate jakarta pusat,22,10,5,4,13,12,22,PM10,GOOD
8039,202508,2025-08-06,us consulate jakarta pusat,25,12,4,3,12,11,25,PM10,GOOD
8040,202508,2025-08-07,us consulate jakarta pusat,37,18,8,2,14,14,37,PM10,GOOD
8041,202508,2025-08-08,us consulate jakarta pusat,43,23,9,1,14,17,43,PM10,GOOD
8042,202508,2025-08-09,us consulate jakarta pusat,46,26,10,1,15,17,46,PM10,GOOD
8043,202508,2025-08-10,us consulate jakarta pusat,40,22,10,8,16,17,40,PM10,GOOD
8044,202508,2025-08-11,us consulate jakarta pusat,33,17,8,2,15,13,33,PM10,GOOD
8045,202508,2025-08-12,us consulate jakarta pusat,22,12,5,7,14,9,22,PM10,GOOD
8046,202508,2025-08-13,us consulate jakarta pusat,21,10,3,6,14,7,21,PM10,GOOD
8047,202508,2025-08-14,us consulate jakarta pusat,21,11,3,6,13,6,21,PM10,GOOD
8048,202508,2025-08-15,us consulate jakarta pusat,20,9,2,5,13,7,20,PM10,GOOD
8049,202508,2025-08-16,us consulate jakarta pusat,19,9,2,5,13,6,19,PM10,GOOD
8050,202508,2025-08-17,us consulate jakarta pusat,19,9,2,6,13,6,19,PM10,GOOD
8051,202508,2025-08-18,us consulate jakarta pusat,19,9,2,6,12,6,19,PM10,GOOD
8052,202508,2025-08-19,us consulate jakarta pusat,19,8,2,6,12,6,19,PM10,GOOD
8053,202508,2025-08-20,us consulate jakarta pusat,21,9,2,6,12,5,21,PM10,GOOD
8054,202508,2025-08-21,us consulate jakarta pusat,20,9,2,5,12,6,20,PM10,GOOD
8055,202508,2025-08-22,us consulate jakarta pusat,21,10,1,5,12,6,21,PM10,GOOD
8056,202508,2025-08-23,us consulate jakarta pusat,21,10,2,4,12,5,21,PM10,GOOD
8057,202508,2025-08-24,us consulate jakarta pusat,21,12,2,6,12,5,21,PM10,GOOD
8058,202508,2025-08-25,us consulate jakarta pusat,22,10,2,6,11,5,22,PM10,GOOD
8059,202508,2025-08-26,us consulate jakarta pusat,22,11,2,6,11,5,22,PM10,GOOD
8060,202508,2025-08-27,us consulate jakarta pusat,23,13,1,6,11,5,23,PM10,GOOD
8061,202508,2025-08-28,us consulate jakarta pusat,24,13,1,6,11,5,24,PM10,GOOD
8062,202508,2025-08-29,us consulate jakarta pusat,26,15,1,5,11,5,26,PM10,GOOD
8063,202508,2025-08-30,us consulate jakarta pusat,26,15,1,6,11,5,26,PM10,GOOD
8064,202508,2025-08-31,us consulate jakarta pusat,24,13,1,10,11,5,24,PM10,GOOD
8065,202509,2025-09-01,us consulate jakarta pusat,22,10,1,7,10,5,22,PM10,GOOD
8066,202509,2025-09-02,us consulate jakarta pusat,24,10,1,9,10,5,24,PM10,GOOD
8067,202509,2025-09-03,us consulate jakarta pusat,20,9,1,6,11,5,20,PM10,GOOD
8068,202509,2025-09-04,us consulate jakarta pusat,32,12,3,5,10,15,32,PM10,GOOD
8069,202509,2025-09-05,us consulate jakarta pusat,24,9,2,5,10,10,24,PM10,GOOD
8070,202509,2025-09-06,us consulate jakarta pusat,20,8,1,5,11,5,20,PM10,GOOD
8071,202509,2025-09-07,us consulate jakarta pusat,18,8,1,4,10,5,18,PM10,GOOD
8072,202509,2025-09-08,us consulate jakarta pusat,22,11,1,4,10,5,22,PM10,GOOD
8073,202509,2025-09-09,us consulate jakarta pusat,19,9,1,4,11,5,19,PM10,GOOD
8074,202509,2025-09-10,us consulate jakarta pusat,23,9,1,4,10,5,23,PM10,GOOD
8075,202509,2025-09-11,us consulate jakarta pusat,19,8,1,4,10,5,19,PM10,GOOD
8076,202509,2025-09-12,us consulate jakarta pusat,19,7,1,4,10,5,19,PM10,GOOD
8077,202509,2025-09-13,us consulate jakarta pusat,16,6,1,3,10,5,16,PM10,GOOD
8078,202509,2025-09-14,us consulate jakarta pusat,18,8,1,4,10,5,18,PM10,GOOD
8079,202509,2025-09-15,us consulate jakarta pusat,20,9,3,7,11,5,20,PM10,GOOD
8080,202509,2025-09-16,us consulate jakarta pusat,26,12,3,5,12,7,26,PM10,GOOD
8081,202509,2025-09-17,us consulate jakarta pusat,24,10,3,2,12,8,24,PM10,GOOD
8082,202509,2025-09-18,us consulate jakarta pusat,31,14,7,3,13,13,31,PM10,GOOD
8083,202509,2025-09-19,us consulate jakarta pusat,50,27,7,3,14,19,50,PM10,GOOD
8084,202509,2025-09-20,us consulate jakarta pusat,45,25,8,2,13,18,45,PM10,GOOD
8085,202509,2025-09-21,us consulate jakarta pusat,34,18,7,2,13,18,34,PM10,GOOD
8086,202509,2025-09-22,us consulate jakarta pusat,33,19,8,16,13,18,33,PM10,GOOD
8087,202509,2025-09-23,us consulate jakarta pusat,30,17,8,21,13,17,30,PM10,GOOD
8088,202509,2025-09-24,us consulate jakarta pusat,37,22,9,3,11,20,37,PM10,GOOD
8089,202509,2025-09-25,us consulate jakarta pusat,47,25,15,0,11,30,47,PM10,GOOD
8090,202509,2025-09-26,us consulate jakarta pusat,48,26,20,3,10,46,48,PM10,GOOD
8091,202509,2025-09-27,us consulate jakarta pusat,37,20,12,2,9,47,47,NO2,GOOD
8092,202509,2025-09-28,us consulate jakarta pusat,38,18,6,21,9,45,45,NO2,GOOD
8093,202509,2025-09-29,us consulate jakarta pusat,63,34,13,21,31,42,63,PM10,MEDIUM
8094,202509,2025-09-30,us consulate jakarta pusat,70,34,17,52,28,54,70,PM10,MEDIUM
8095,202510,2025-10-01,us consulate jakarta pusat,88,23,19,61,21,53,88,PM10,MEDIUM
8096,202510,2025-10-02,us consulate jakarta pusat,38,26,13,9,16,49,49,NO2,GOOD
8097,202510,2025-10-03,us consulate jakarta pusat,38,24,21,85,22,68,85,CO,MEDIUM
8098,202510,2025-10-04,us consulate jakarta pusat,80,29,34,93,41,72,93,CO,MEDIUM
8099,202510,2025-10-05,us consulate jakarta pusat,136,41,21,92,43,64,136,PM10,UNHEALTHY
8100,202510,2025-10-06,us consulate jakarta pusat,150,24,22,99,24,72,150,PM10,UNHEALTHY
8101,202510,2025-10-07,us consulate jakarta pusat,97,29,23,89,21,64,97,PM10,MEDIUM
8102,202510,2025-10-08,us consulate jakarta pusat,90,46,27,99,54,59,99,CO,MEDIUM
8103,202510,2025-10-09,us consulate jakarta pusat,128,49,24,98,55,67,128,PM10,UNHEALTHY
8104,202510,2025-10-10,us consulate jakarta pusat,107,45,25,96,49,68,107,PM10,UNHEALTHY
8105,202510,2025-10-11,us consulate jakarta pusat,141,46,24,94,50,61,141,PM10,UNHEALTHY
8106,202510,2025-10-12,us consulate jakarta pusat,108,47,21,91,45,56,108,PM10,UNHEALTHY
8107,202510,2025-10-13,us consulate jakarta pusat,90,38,16,91,36,51,91,CO,MEDIUM
8108,202510,2025-10-14,us consulate jakarta pusat,66,41,15,89,38,46,89,CO,MEDIUM
8109,202510,2025-10-15,us consulate jakarta pusat,100,31,16,91,40,47,100,PM10,MEDIUM
8110,202510,2025-10-16,us consulate jakarta pusat,81,36,24,89,37,54,89,CO,MEDIUM
8111,202510,2025-10-17,us consulate jakarta pusat,74,49,29,91,39,54,91,CO,MEDIUM
8112,202510,2025-10-18,us consulate jakarta pusat,101,40,21,94,49,53,101,PM10,UNHEALTHY
8113,202510,2025-10-19,us consulate jakarta pusat,140,50,25,103,44,63,140,PM10,UNHEALTHY
8114,202510,2025-10-20,us consulate jakarta pusat,103,44,25,200,35,57,200,CO,UNHEALTHY
8115,202510,2025-10-21,us consulate jakarta pusat,125,43,27,205,42,58,205,CO,UNHEALTHY
8116,202510,2025-10-22,us consulate jakarta pusat,80,22,23,144,18,52,144,CO,UNHEALTHY
8117,202510,2025-10-23,us consulate jakarta pusat,55,22,20,132,15,46,132,CO,UNHEALTHY
8118,202510,2025-10-24,us consulate jakarta pusat,31,18,19,96,12,36,96,CO,MEDIUM
8119,202510,2025-10-25,us consulate jakarta pusat,27,14,18,100,19,45,100,CO,MEDIUM
8120,202510,2025-10-26,us consulate jakarta pusat,49,19,18,95,30,49,95,CO,MEDIUM
8121,202510,2025-10-27,us consulate jakarta pusat,63,21,19,96,40,49,96,CO,MEDIUM
8122,202510,2025-10-28,us consulate jakarta pusat,68,27,21,98,35,54,98,CO,MEDIUM
8123,202510,2025-10-29,us consulate jakarta pusat,37,28,23,93,20,53,93,CO,MEDIUM
8124,202510,2025-10-30,us consulate jakarta pusat,44,27,23,96,21,57,96,CO,MEDIUM
8125,202510,2025-10-31,us consulate jakarta pusat,57,29,21,95,24,52,95,CO,MEDIUM
