{"type":"FeatureCollection","features":[{"type":"Feature","geometry":{"type":"Polygon","coordinates":[[[106.88947898330073,-6.3686461453967365],[106.88946779745267,-6.365588724830068],[106.8808522187492,-6.365620179728778],[106.88947898330073,-6.3686461453967365]]]},"id":"0","properties":{"grid_id":"grid_001"}},{"type":"Feature","geometry":{"type":"Polygon","coordinates":[[[106.89852091556243,-6.3698986122040075],[106.89850495016493,-6.3655555763403795],[106.88946779745267,-6.365588724830068],[106.88947898330073,-6.3686461453967365],[106.89716528660895,-6.371342079654723],[106.89852091556243,-6.3698986122040075]]]},"id":"1","properties":{"grid_id":"grid_002"}},{"type":"Feature","geometry":{"type":"Polygon","coordinates":[[[106.90261380421802,-6.365540452549459],[106.89850495016493,-6.3655555763403795],[106.89852091556243,-6.3698986122040075],[106.90261380421802,-6.365540452549459]]]},"id":"2","properties":{"grid_id":"grid_003"}},{"type":"Feature","geometry":{"type":"Polygon","coordinates":[[[106.91652102374137,-6.365489021151751],[106.91405742464158,-6.36549815919494],[106.9163913608334,-6.366906431396086],[106.91652102374137,-6.365489021151751]]]},"id":"3","properties":{"grid_id":"grid_004"}},{"type":"Feature","geometry":{"type":"Polygon","coordinates":[[[106.79908806541752,-6.364299555790414],[106.79906222002755,-6.356869812363664],[106.79327983124782,-6.356889899028934],[106.79348181489836,-6.364517989538288],[106.79908806541752,-6.364299555790414]]]},"id":"4","properties":{"grid_id":"grid_005"}},{"type":"Feature","geometry":{"type":"Polygon","coordinates":[[[106.80812453776906,-6.36394734429534],[106.80809968376319,-6.356838288666333],[106.79906222002755,-6.356869812363664],[106.79908806541752,-6.364299555790414],[106.80812453776906,-6.36394734429534]]]},"id":"5","properties":{"grid_id":"grid_006"}},{"type":"Feature","geometry":{"type":"Polygon","coordinates":[[[106.81713818731376,-6.357115602300118],[106.81713710165104,-6.356806607217396],[106.80809968376319,-6.356838288666333],[106.80812453776906,-6.36394734429534],[106.81099127535279,-6.363835575538859],[106.81713818731376,-6.357115602300118]]]},"id":"6","properties":{"grid_id":"grid_007"}},{"type":"Feature","geometry":{"type":"Polygon","coordinates":[[[106.81742174174472,-6.356805606805927],[106.81713710165104,-6.356806607217396],[106.81713818731376,-6.357115602300118],[106.81742174174472,-6.356805606805927]]]},"id":"7","properties":{"grid_id":"grid_008"}},{"type":"Feature","geometry":{"type":"Polygon","coordinates":[[[106.86232637911068,-6.357446680826472],[106.86232349536371,-6.356645833836699],[106.8618907450503,-6.356647392262255],[106.86232637911068,-6.357446680826472]]]},"id":"8","properties":{"grid_id":"grid_009"}},{"type":"Feature","geometry":{"type":"Polygon","coordinates":[[[106.8657136306051,-6.356633612403752],[106.86232349536371,-6.356645833836699],[106.86232637911068,-6.357446680826472],[106.86283301120805,-6.358376230917801],[106.8657136306051,-6.356633612403752]]]},"id":"9","properties":{"grid_id":"grid_010"}},{"type":"Feature","geometry":{"type":"Polygon","coordinates":[[[106.88043005281726,-6.365472094174925],[106.88039772390505,-6.356580420362071],[106.87170378531759,-6.356611963907397],[106.87381933933635,-6.363153160632823],[106.88043005281726,-6.365472094174925]]]},"id":"10","properties":{"grid_id":"grid_011"}},{"type":"Feature","geometry":{"type":"Polygon","coordinates":[[[106.8808522187492,-6.365620179728778],[106.88946779745267,-6.365588724830068],[106.88943476677252,-6.356547477043243],[106.88039772390505,-6.356580420362071],[106.88043005281726,-6.365472094174925],[106.8808522187492,-6.365620179728778]]]},"id":"11","properties":{"grid_id":"grid_012"}},{"type":"Feature","geometry":{"type":"Polygon","coordinates":[[[106.88946779745267,-6.365588724830068],[106.89850495016493,-6.3655555763403795],[106.89847176173284,-6.356514376008837],[106.88943476677252,-6.356547477043243],[106.88946779745267,-6.365588724830068]]]},"id":"12","properties":{"grid_id":"grid_013"}},{"type":"Feature","geometry":{"type":"Polygon","coordinates":[[[106.90752743307019,-6.3615579352626215],[106.90750870855715,-6.356481117262961],[106.89847176173284,-6.356514376008837],[106.89850495016493,-6.3655555763403795],[106.90261380421802,-6.365540452549459],[106.90677832372114,-6.361105910476963],[106.90752743307019,-6.3615579352626215]]]},"id":"13","properties":{"grid_id":"grid_014"}},{"type":"Feature","geometry":{"type":"Polygon","coordinates":[[[106.91657685020614,-6.364878751661129],[106.9165456070167,-6.3564477008097295],[106.90750870855715,-6.356481117262961],[106.90752743307019,-6.3615579352626215],[106.91405742464158,-6.36549815919494],[106.91652102374137,-6.365489021151751],[106.91657685020614,-6.364878751661129]]]},"id":"14","properties":{"grid_id":"grid_015"}},{"type":"Feature","geometry":{"type":"Polygon","coordinates":[[[106.91734836769965,-6.356444724700315],[106.9165456070167,-6.3564477008097295],[106.91657685020614,-6.364878751661129],[106.91734836769965,-6.356444724700315]]]},"id":"15","properties":{"grid_id":"grid_016"}},{"type":"Feature","geometry":{"type":"Polygon","coordinates":[[[106.79327983124782,-6.356889899028934],[106.79906222002755,-6.356869812363664],[106.79903081270957,-6.347828099152333],[106.79481278108574,-6.347842737183576],[106.79313849214438,-6.35155196863248],[106.79327983124782,-6.356889899028934]]]},"id":"16","properties":{"grid_id":"grid_017"}},{"type":"Feature","geometry":{"type":"Polygon","coordinates":[[[106.79906222002755,-6.356869812363664],[106.80809968376319,-6.356838288666333],[106.80806811888176,-6.347796620647485],[106.79903081270957,-6.347828099152333],[106.79906222002755,-6.356869812363664]]]},"id":"17","properties":{"grid_id":"grid_018"}},{"type":"Feature","geometry":{"type":"Polygon","coordinates":[[[106.80809968376319,-6.356838288666333],[106.81713710165104,-6.356806607217396],[106.81710537921006,-6.347764984617176],[106.80806811888176,-6.347796620647485],[106.80809968376319,-6.356838288666333]]]},"id":"18","properties":{"grid_id":"grid_019"}},{"type":"Feature","geometry":{"type":"Polygon","coordinates":[[[106.82617128332583,-6.355870018625609],[106.82614259346568,-6.347733191065331],[106.81710537921006,-6.347764984617176],[106.81713710165104,-6.356806607217396],[106.81742174174472,-6.356805606805927],[106.81785773043296,-6.356328961737988],[106.82617128332583,-6.355870018625609]]]},"id":"19","properties":{"grid_id":"grid_020"}},{"type":"Feature","geometry":{"type":"Polygon","coordinates":[[[106.83520693841027,-6.355371060992397],[106.83517976141978,-6.347701239995887],[106.82614259346568,-6.347733191065331],[106.82617128332583,-6.355870018625609],[106.83520693841027,-6.355371060992397]]]},"id":"20","properties":{"grid_id":"grid_021"}},{"type":"Feature","geometry":{"type":"Polygon","coordinates":[[[106.83853569370004,-6.347689334766229],[106.83517976141978,-6.347701239995887],[106.83520693841027,-6.355371060992397],[106.83639715914944,-6.355305324092007],[106.83853569370004,-6.347689334766229]]]},"id":"21","properties":{"grid_id":"grid_022"}},{"type":"Feature","geometry":{"type":"Polygon","coordinates":[[[106.8618907450503,-6.356647392262255],[106.86232349536371,-6.356645833836699],[106.86229098518493,-6.347604441721643],[106.8569726084411,-6.347623542282677],[106.8618907450503,-6.356647392262255]]]},"id":"22","properties":{"grid_id":"grid_023"}},{"type":"Feature","geometry":{"type":"Polygon","coordinates":[[[106.87135675180096,-6.355538935360029],[106.87132796564491,-6.347571860621585],[106.86229098518493,-6.347604441721643],[106.86232349536371,-6.356645833836699],[106.8657136306051,-6.356633612403752],[106.87072943455021,-6.353599256822385],[106.87135675180096,-6.355538935360029]]]},"id":"23","properties":{"grid_id":"grid_024"}},{"type":"Feature","geometry":{"type":"Polygon","coordinates":[[[106.87170378531759,-6.356611963907397],[106.88039772390505,-6.356580420362071],[106.88036489865938,-6.347539122023915],[106.87132796564491,-6.347571860621585],[106.87135675180096,-6.355538935360029],[106.87170378531759,-6.356611963907397]]]},"id":"24","properties":{"grid_id":"grid_025"}},{"type":"Feature","geometry":{"type":"Polygon","coordinates":[[[106.88039772390505,-6.356580420362071],[106.88943476677252,-6.356547477043243],[106.88940178399959,-6.3475062259326895],[106.88036489865938,-6.347539122023915],[106.88039772390505,-6.356580420362071]]]},"id":"25","properties":{"grid_id":"grid_026"}},{"type":"Feature","geometry":{"type":"Polygon","coordinates":[[[106.88943476677252,-6.356547477043243],[106.89847176173284,-6.356514376008837],[106.89843862143668,-6.347473172351988],[106.88940178399959,-6.3475062259326895],[106.88943476677252,-6.356547477043243]]]},"id":"26","properties":{"grid_id":"grid_027"}},{"type":"Feature","geometry":{"type":"Polygon","coordinates":[[[106.89847176173284,-6.356514376008837],[106.90750870855715,-6.356481117262961],[106.90747541074197,-6.3474399612858985],[106.89843862143668,-6.347473172351988],[106.89847176173284,-6.356514376008837]]]},"id":"27","properties":{"grid_id":"grid_028"}},{"type":"Feature","geometry":{"type":"Polygon","coordinates":[[[106.90750870855715,-6.356481117262961],[106.9165456070167,-6.3564477008097295],[106.91651215168663,-6.347406592738542],[106.90747541074197,-6.3474399612858985],[106.90750870855715,-6.356481117262961]]]},"id":"28","properties":{"grid_id":"grid_029"}},{"type":"Feature","geometry":{"type":"Polygon","coordinates":[[[106.918175682023,-6.347400432821526],[106.91651215168663,-6.347406592738542],[106.9165456070167,-6.3564477008097295],[106.91734836769965,-6.356444724700315],[106.918175682023,-6.347400432821526]]]},"id":"29","properties":{"grid_id":"grid_030"}},{"type":"Feature","geometry":{"type":"Polygon","coordinates":[[[106.79481278108574,-6.347842737183576],[106.79903081270957,-6.347828099152333],[106.79899945100662,-6.33878638263736],[106.79890041101235,-6.338786726243654],[106.79481278108574,-6.347842737183576]]]},"id":"30","properties":{"grid_id":"grid_031"}},{"type":"Feature","geometry":{"type":"Polygon","coordinates":[[[106.79903081270957,-6.347828099152333],[106.80806811888176,-6.347796620647485],[106.80803659984417,-6.338754949323482],[106.79899945100662,-6.33878638263736],[106.79903081270957,-6.347828099152333]]]},"id":"31","properties":{"grid_id":"grid_032"}},{"type":"Feature","geometry":{"type":"Polygon","coordinates":[[[106.80806811888176,-6.347796620647485],[106.81710537921006,-6.347764984617176],[106.81707370284178,-6.33872335871029],[106.80803659984417,-6.338754949323482],[106.80806811888176,-6.347796620647485]]]},"id":"32","properties":{"grid_id":"grid_033"}},{"type":"Feature","geometry":{"type":"Polygon","coordinates":[[[106.81710537921006,-6.347764984617176],[106.82614259346568,-6.347733191065331],[106.82611075977064,-6.338691610801691],[106.81707370284178,-6.33872335871029],[106.81710537921006,-6.347764984617176]]]},"id":"33","properties":{"grid_id":"grid_034"}},{"type":"Feature","geometry":{"type":"Polygon","coordinates":[[[106.82614259346568,-6.347733191065331],[106.83517976141978,-6.347701239995887],[106.83514777040197,-6.338659705601624],[106.82611075977064,-6.338691610801691],[106.82614259346568,-6.347733191065331]]]},"id":"34","properties":{"grid_id":"grid_035"}},{"type":"Feature","geometry":{"type":"Polygon","coordinates":[[[106.84419319715029,-6.341007731401167],[106.84418473450698,-6.338627643114038],[106.83514777040197,-6.338659705601624],[106.83517976141978,-6.347701239995887],[106.83853569370004,-6.347689334766229],[106.84051703219747,-6.340632960824429],[106.84419319715029,-6.341007731401167]]]},"id":"35","properties":{"grid_id":"grid_036"}},{"type":"Feature","geometry":{"type":"Polygon","coordinates":[[[106.85323356369692,-6.341929248814347],[106.85322165185686,-6.33859542334291],[106.84418473450698,-6.338627643114038],[106.84419319715029,-6.341007731401167],[106.85323356369692,-6.341929248814347]]]},"id":"36","properties":{"grid_id":"grid_037"}},{"type":"Feature","geometry":{"type":"Polygon","coordinates":[[[106.8569726084411,-6.347623542282677],[106.86229098518493,-6.347604441721643],[106.86225852222283,-6.3385630462922276],[106.85322165185686,-6.33859542334291],[106.85323356369692,-6.341929248814347],[106.8539066196038,-6.341997849453731],[106.8569726084411,-6.347623542282677]]]},"id":"37","properties":{"grid_id":"grid_038"}},{"type":"Feature","geometry":{"type":"Polygon","coordinates":[[[106.86229098518493,-6.347604441721643],[106.87132796564491,-6.347571860621585],[106.87129534537614,-6.338530511966004],[106.86225852222283,-6.3385630462922276],[106.86229098518493,-6.347604441721643]]]},"id":"38","properties":{"grid_id":"grid_039"}},{"type":"Feature","geometry":{"type":"Polygon","coordinates":[[[106.87132796564491,-6.347571860621585],[106.88036489865938,-6.347539122023915],[106.88033212108803,-6.33849782036827],[106.87129534537614,-6.338530511966004],[106.87132796564491,-6.347571860621585]]]},"id":"39","properties":{"grid_id":"grid_040"}},{"type":"Feature","geometry":{"type":"Polygon","coordinates":[[[106.88036489865938,-6.347539122023915],[106.88940178399959,-6.3475062259326895],[106.88936884912968,-6.338464971503074],[106.88033212108803,-6.33849782036827],[106.88036489865938,-6.347539122023915]]]},"id":"40","properties":{"grid_id":"grid_041"}},{"type":"Feature","geometry":{"type":"Polygon","coordinates":[[[106.88940178399959,-6.3475062259326895],[106.89843862143668,-6.347473172351988],[106.8984055292724,-6.338431965374487],[106.88936884912968,-6.338464971503074],[106.88940178399959,-6.3475062259326895]]]},"id":"41","properties":{"grid_id":"grid_042"}},{"type":"Feature","geometry":{"type":"Polygon","coordinates":[[[106.89843862143668,-6.347473172351988],[106.90747541074197,-6.3474399612858985],[106.90744216128738,-6.338398801986599],[106.8984055292724,-6.338431965374487],[106.89843862143668,-6.347473172351988]]]},"id":"42","properties":{"grid_id":"grid_043"}},{"type":"Feature","geometry":{"type":"Polygon","coordinates":[[[106.90747541074197,-6.3474399612858985],[106.91651215168663,-6.347406592738542],[106.91647874494595,-6.338365481343517],[106.90744216128738,-6.338398801986599],[106.90747541074197,-6.3474399612858985]]]},"id":"43","properties":{"grid_id":"grid_044"}},{"type":"Feature","geometry":{"type":"Polygon","coordinates":[[[106.91900296675294,-6.338356145532004],[106.91647874494595,-6.338365481343517],[106.91651215168663,-6.347406592738542],[106.918175682023,-6.347400432821526],[106.91900296675294,-6.338356145532004]]]},"id":"44","properties":{"grid_id":"grid_045"}},{"type":"Feature","geometry":{"type":"Polygon","coordinates":[[[106.79890041101235,-6.338786726243654],[106.79899945100662,-6.33878638263736],[106.798998697984,-6.338568970348622],[106.79890041101235,-6.338786726243654]]]},"id":"45","properties":{"grid_id":"grid_046"}},{"type":"Feature","geometry":{"type":"Polygon","coordinates":[[[106.798998697984,-6.338568970348622],[106.79899945100662,-6.33878638263736],[106.80803659984417,-6.338754949323482],[106.80800512664655,-6.329713274698968],[106.80298788067854,-6.329730720352778],[106.798998697984,-6.338568970348622]]]},"id":"46","properties":{"grid_id":"grid_047"}},{"type":"Feature","geometry":{"type":"Polygon","coordinates":[[[106.80803659984417,-6.338754949323482],[106.81707370284178,-6.33872335871029],[106.81704207254226,-6.3296817295013765],[106.80800512664655,-6.329713274698968],[106.80803659984417,-6.338754949323482]]]},"id":"47","properties":{"grid_id":"grid_048"}},{"type":"Feature","geometry":{"type":"Polygon","coordinates":[[[106.81707370284178,-6.33872335871029],[106.82611075977064,-6.338691610801691],[106.82607897237317,-6.329650027234506],[106.81704207254226,-6.3296817295013765],[106.81707370284178,-6.33872335871029]]]},"id":"48","properties":{"grid_id":"grid_049"}},{"type":"Feature","geometry":{"type":"Polygon","coordinates":[[[106.82611075977064,-6.338691610801691],[106.83514777040197,-6.338659705601624],[106.83511582591052,-6.3296181679022885],[106.82607897237317,-6.329650027234506],[106.82611075977064,-6.338691610801691]]]},"id":"49","properties":{"grid_id":"grid_050"}},{"type":"Feature","geometry":{"type":"Polygon","coordinates":[[[106.83514777040197,-6.338659705601624],[106.84418473450698,-6.338627643114038],[106.84415263292553,-6.329586151508667],[106.83511582591052,-6.3296181679022885],[106.83514777040197,-6.338659705601624]]]},"id":"50","properties":{"grid_id":"grid_051"}},{"type":"Feature","geometry":{"type":"Polygon","coordinates":[[[106.84418473450698,-6.338627643114038],[106.85322165185686,-6.33859542334291],[106.85318939318942,-6.329553978057611],[106.84415263292553,-6.329586151508667],[106.84418473450698,-6.338627643114038]]]},"id":"51","properties":{"grid_id":"grid_052"}},{"type":"Feature","geometry":{"type":"Polygon","coordinates":[[[106.85322165185686,-6.33859542334291],[106.86225852222283,-6.3385630462922276],[106.86222610647344,-6.329521647553107],[106.85318939318942,-6.329553978057611],[106.85322165185686,-6.33859542334291]]]},"id":"52","properties":{"grid_id":"grid_053"}},{"type":"Feature","geometry":{"type":"Polygon","coordinates":[[[106.86225852222283,-6.3385630462922276],[106.87129534537614,-6.338530511966004],[106.87126277254883,-6.329489159999159],[106.86222610647344,-6.329521647553107],[106.86225852222283,-6.3385630462922276]]]},"id":"53","properties":{"grid_id":"grid_054"}},{"type":"Feature","geometry":{"type":"Polygon","coordinates":[[[106.87129534537614,-6.338530511966004],[106.88033212108803,-6.33849782036827],[106.88029939118684,-6.329456515399794],[106.87126277254883,-6.329489159999159],[106.87129534537614,-6.338530511966004]]]},"id":"54","properties":{"grid_id":"grid_055"}},{"type":"Feature","geometry":{"type":"Polygon","coordinates":[[[106.88033212108803,-6.33849782036827],[106.88936884912968,-6.338464971503074],[106.88933596215875,-6.329423713759053],[106.88029939118684,-6.329456515399794],[106.88033212108803,-6.33849782036827]]]},"id":"55","properties":{"grid_id":"grid_056"}},{"type":"Feature","geometry":{"type":"Polygon","coordinates":[[[106.88936884912968,-6.338464971503074],[106.8984055292724,-6.338431965374487],[106.8983724852358,-6.329390755081002],[106.88933596215875,-6.329423713759053],[106.88936884912968,-6.338464971503074]]]},"id":"56","properties":{"grid_id":"grid_057"}},{"type":"Feature","geometry":{"type":"Polygon","coordinates":[[[106.8984055292724,-6.338431965374487],[106.90744216128738,-6.338398801986599],[106.90740896018926,-6.329357639369723],[106.8983724852358,-6.329390755081002],[106.8984055292724,-6.338431965374487]]]},"id":"57","properties":{"grid_id":"grid_058"}},{"type":"Feature","geometry":{"type":"Polygon","coordinates":[[[106.90744216128738,-6.338398801986599],[106.91647874494595,-6.338365481343517],[106.91644538679043,-6.3293243666293195],[106.90740896018926,-6.329357639369723],[106.90744216128738,-6.338398801986599]]]},"id":"58","properties":{"grid_id":"grid_059"}},{"type":"Feature","geometry":{"type":"Polygon","coordinates":[[[106.91983022193153,-6.329311862841633],[106.91644538679043,-6.3293243666293195],[106.91647874494595,-6.338365481343517],[106.91900296675294,-6.338356145532004],[106.91983022193153,-6.329311862841633]]]},"id":"59","properties":{"grid_id":"grid_060"}},{"type":"Feature","geometry":{"type":"Polygon","coordinates":[[[106.80298788067854,-6.329730720352778],[106.80800512664655,-6.329713274698968],[106.8079736992849,-6.320671596778586],[106.80707519004898,-6.320674720108876],[106.80298788067854,-6.329730720352778]]]},"id":"60","properties":{"grid_id":"grid_061"}},{"type":"Feature","geometry":{"type":"Polygon","coordinates":[[[106.80800512664655,-6.329713274698968],[106.81704207254226,-6.3296817295013765],[106.81701048830753,-6.320640096995079],[106.8079736992849,-6.320671596778586],[106.80800512664655,-6.329713274698968]]]},"id":"61","properties":{"grid_id":"grid_062"}},{"type":"Feature","geometry":{"type":"Polygon","coordinates":[[[106.81704207254226,-6.3296817295013765],[106.82607897237317,-6.329650027234506],[106.82604723126929,-6.320608440368419],[106.81701048830753,-6.320640096995079],[106.81704207254226,-6.3296817295013765]]]},"id":"62","properties":{"grid_id":"grid_063"}},{"type":"Feature","geometry":{"type":"Polygon","coordinates":[[[106.82607897237317,-6.329650027234506],[106.83511582591052,-6.3296181679022885],[106.83508392794141,-6.320576626902524],[106.82604723126929,-6.320608440368419],[106.82607897237317,-6.329650027234506]]]},"id":"63","properties":{"grid_id":"grid_064"}},{"type":"Feature","geometry":{"type":"Polygon","coordinates":[[[106.83511582591052,-6.3296181679022885],[106.84415263292553,-6.329586151508667],[106.84412057809519,-6.320544656601334],[106.83508392794141,-6.320576626902524],[106.83511582591052,-6.3296181679022885]]]},"id":"64","properties":{"grid_id":"grid_065"}},{"type":"Feature","geometry":{"type":"Polygon","coordinates":[[[106.84415263292553,-6.329586151508667],[106.85318939318942,-6.329553978057611],[106.85315718150186,-6.320512529468809],[106.84412057809519,-6.320544656601334],[106.84415263292553,-6.329586151508667]]]},"id":"65","properties":{"grid_id":"grid_066"}},{"type":"Feature","geometry":{"type":"Polygon","coordinates":[[[106.85318939318942,-6.329553978057611],[106.86222610647344,-6.329521647553107],[106.86219373793266,-6.320480245508936],[106.85315718150186,-6.320512529468809],[106.85318939318942,-6.329553978057611]]]},"id":"66","properties":{"grid_id":"grid_067"}},{"type":"Feature","geometry":{"type":"Polygon","coordinates":[[[106.86222610647344,-6.329521647553107],[106.87126277254883,-6.329489159999159],[106.8712302471589,-6.320447804725709],[106.86219373793266,-6.320480245508936],[106.86222610647344,-6.329521647553107]]]},"id":"67","properties":{"grid_id":"grid_068"}},{"type":"Feature","geometry":{"type":"Polygon","coordinates":[[[106.87126277254883,-6.329489159999159],[106.88029939118684,-6.329456515399794],[106.88026670895181,-6.320415207123147],[106.8712302471589,-6.320447804725709],[106.87126277254883,-6.329489159999159]]]},"id":"68","properties":{"grid_id":"grid_069"}},{"type":"Feature","geometry":{"type":"Polygon","coordinates":[[[106.88029939118684,-6.329456515399794],[106.88933596215875,-6.329423713759053],[106.88930312308268,-6.32038245270529],[106.88026670895181,-6.320415207123147],[106.88029939118684,-6.329456515399794]]]},"id":"69","properties":{"grid_id":"grid_070"}},{"type":"Feature","geometry":{"type":"Polygon","coordinates":[[[106.88933596215875,-6.329423713759053],[106.8983724852358,-6.329390755081002],[106.89833948932282,-6.320349541476197],[106.88930312308268,-6.32038245270529],[106.88933596215875,-6.329423713759053]]]},"id":"70","properties":{"grid_id":"grid_071"}},{"type":"Feature","geometry":{"type":"Polygon","coordinates":[[[106.8983724852358,-6.329390755081002],[106.90740896018926,-6.329357639369723],[106.90737580744347,-6.3203164734399415],[106.89833948932282,-6.320349541476197],[106.8983724852358,-6.329390755081002]]]},"id":"71","properties":{"grid_id":"grid_072"}},{"type":"Feature","geometry":{"type":"Polygon","coordinates":[[[106.90740896018926,-6.329357639369723],[106.91644538679043,-6.3293243666293195],[106.91641207721594,-6.320283248600621],[106.90737580744347,-6.3203164734399415],[106.90740896018926,-6.329357639369723]]]},"id":"72","properties":{"grid_id":"grid_073"}},{"type":"Feature","geometry":{"type":"Polygon","coordinates":[[[106.92065744760085,-6.320267584760288],[106.91641207721594,-6.320283248600621],[106.91644538679043,-6.3293243666293195],[106.91983022193153,-6.329311862841633],[106.92065744760085,-6.320267584760288]]]},"id":"73","properties":{"grid_id":"grid_074"}},{"type":"Feature","geometry":{"type":"Polygon","coordinates":[[[106.78085144370363,-6.317367901536486],[106.78083214656661,-6.311723338938607],[106.77740673408694,-6.311735042597205],[106.78009222749203,-6.317429301970079],[106.78085144370363,-6.317367901536486]]]},"id":"74","properties":{"grid_id":"grid_075"}},{"type":"Feature","geometry":{"type":"Polygon","coordinates":[[[106.7898859063717,-6.316637167818116],[106.7898689157431,-6.311692354442118],[106.78083214656661,-6.311723338938607],[106.78085144370363,-6.317367901536486],[106.7898859063717,-6.316637167818116]]]},"id":"75","properties":{"grid_id":"grid_076"}},{"type":"Feature","geometry":{"type":"Polygon","coordinates":[[[106.79892029941898,-6.315906281885805],[106.79890563954895,-6.311661213316955],[106.7898689157431,-6.311692354442118],[106.7898859063717,-6.316637167818116],[106.79892029941898,-6.315906281885805]]]},"id":"76","properties":{"grid_id":"grid_077"}},{"type":"Feature","geometry":{"type":"MultiPolygon","coordinates":[[[[106.80707519004898,-6.320674720108876],[106.8079736992849,-6.320671596778586],[106.80796685302208,-6.318699070853346],[106.80707519004898,-6.320674720108876]]],[[[106.8079546226175,-6.315175243778739],[106.80794231775536,-6.3116299155669715],[106.79890563954895,-6.311661213316955],[106.79892029941898,-6.315906281885805],[106.8079546226175,-6.315175243778739]]]]},"id":"77","properties":{"grid_id":"grid_078"}},{"type":"Feature","geometry":{"type":"Polygon","coordinates":[[[106.80796685302208,-6.318699070853346],[106.8079736992849,-6.320671596778586],[106.81701048830753,-6.320640096995079],[106.81697895013362,-6.311598461196046],[106.80794231775536,-6.3116299155669715],[106.8079546226175,-6.315175243778739],[106.80961798433673,-6.315040630903967],[106.80796685302208,-6.318699070853346]]]},"id":"78","properties":{"grid_id":"grid_079"}},{"type":"Feature","geometry":{"type":"Polygon","coordinates":[[[106.81701048830753,-6.320640096995079],[106.82604723126929,-6.320608440368419],[106.82601553645497,-6.3115668502080755],[106.81697895013362,-6.311598461196046],[106.81701048830753,-6.320640096995079]]]},"id":"79","properties":{"grid_id":"grid_080"}},{"type":"Feature","geometry":{"type":"Polygon","coordinates":[[[106.82604723126929,-6.320608440368419],[106.83508392794141,-6.320576626902524],[106.83505207649064,-6.311535082606978],[106.82601553645497,-6.3115668502080755],[106.82604723126929,-6.320608440368419]]]},"id":"80","properties":{"grid_id":"grid_081"}},{"type":"Feature","geometry":{"type":"Polygon","coordinates":[[[106.83508392794141,-6.320576626902524],[106.84412057809519,-6.320544656601334],[106.84408857001195,-6.311503158396687],[106.83505207649064,-6.311535082606978],[106.83508392794141,-6.320576626902524]]]},"id":"81","properties":{"grid_id":"grid_082"}},{"type":"Feature","geometry":{"type":"Polygon","coordinates":[[[106.84412057809519,-6.320544656601334],[106.85315718150186,-6.320512529468809],[106.85312501679014,-6.311471077581158],[106.84408857001195,-6.311503158396687],[106.84412057809519,-6.320544656601334]]]},"id":"82","properties":{"grid_id":"grid_083"}},{"type":"Feature","geometry":{"type":"Polygon","coordinates":[[[106.85315718150186,-6.320512529468809],[106.86219373793266,-6.320480245508936],[106.86216141659646,-6.311438840164368],[106.85312501679014,-6.311471077581158],[106.85315718150186,-6.320512529468809]]]},"id":"83","properties":{"grid_id":"grid_084"}},{"type":"Feature","geometry":{"type":"Polygon","coordinates":[[[106.86219373793266,-6.320480245508936],[106.8712302471589,-6.320447804725709],[106.87119776920227,-6.311406446150305],[106.86216141659646,-6.311438840164368],[106.86219373793266,-6.320480245508936]]]},"id":"84","properties":{"grid_id":"grid_085"}},{"type":"Feature","geometry":{"type":"Polygon","coordinates":[[[106.8712302471589,-6.320447804725709],[106.88026670895181,-6.320415207123147],[106.88023407437882,-6.311373895542988],[106.87119776920227,-6.311406446150305],[106.8712302471589,-6.320447804725709]]]},"id":"85","properties":{"grid_id":"grid_086"}},{"type":"Feature","geometry":{"type":"Polygon","coordinates":[[[106.88026670895181,-6.320415207123147],[106.88930312308268,-6.32038245270529],[106.88927033189736,-6.311341188346446],[106.88023407437882,-6.311373895542988],[106.88026670895181,-6.320415207123147]]]},"id":"86","properties":{"grid_id":"grid_087"}},{"type":"Feature","geometry":{"type":"Polygon","coordinates":[[[106.88930312308268,-6.32038245270529],[106.89833948932282,-6.320349541476197],[106.89830654152928,-6.311308324564733],[106.88927033189736,-6.311341188346446],[106.88930312308268,-6.32038245270529]]]},"id":"87","properties":{"grid_id":"grid_088"}},{"type":"Feature","geometry":{"type":"Polygon","coordinates":[[[106.89833948932282,-6.320349541476197],[106.90737580744347,-6.3203164734399415],[106.90734270304581,-6.311275304201917],[106.89830654152928,-6.311308324564733],[106.89833948932282,-6.320349541476197]]]},"id":"88","properties":{"grid_id":"grid_089"}},{"type":"Feature","geometry":{"type":"Polygon","coordinates":[[[106.90737580744347,-6.3203164734399415],[106.91641207721594,-6.320283248600621],[106.91637881621833,-6.31124212726209],[106.90734270304581,-6.311275304201917],[106.90737580744347,-6.3203164734399415]]]},"id":"89","properties":{"grid_id":"grid_090"}},{"type":"Feature","geometry":{"type":"Polygon","coordinates":[[[106.92148464380296,-6.311223311297848],[106.91637881621833,-6.31124212726209],[106.91641207721594,-6.320283248600621],[106.92065744760085,-6.320267584760288],[106.92148464380296,-6.311223311297848]]]},"id":"90","properties":{"grid_id":"grid_091"}},{"type":"Feature","geometry":{"type":"Polygon","coordinates":[[[106.77740673408694,-6.311735042597205],[106.78083214656661,-6.311723338938607],[106.78080128013545,-6.302681519563868],[106.77225869999685,-6.302710623865532],[106.77494238618202,-6.306509572874403],[106.77740673408694,-6.311735042597205]]]},"id":"91","properties":{"grid_id":"grid_092"}},{"type":"Feature","geometry":{"type":"Polygon","coordinates":[[[106.78083214656661,-6.311723338938607],[106.7898689157431,-6.311692354442118],[106.78983789288465,-6.302650579800107],[106.78080128013545,-6.302681519563868],[106.78083214656661,-6.311723338938607]]]},"id":"92","properties":{"grid_id":"grid_093"}},{"type":"Feature","geometry":{"type":"Polygon","coordinates":[[[106.7898689157431,-6.311692354442118],[106.79890563954895,-6.311661213316955],[106.79887446026711,-6.302619483633789],[106.78983789288465,-6.302650579800107],[106.7898689157431,-6.311692354442118]]]},"id":"93","properties":{"grid_id":"grid_094"}},{"type":"Feature","geometry":{"type":"Polygon","coordinates":[[[106.79890563954895,-6.311661213316955],[106.80794231775536,-6.3116299155669715],[106.80791098205401,-6.302588231068767],[106.79887446026711,-6.302619483633789],[106.79890563954895,-6.311661213316955]]]},"id":"94","properties":{"grid_id":"grid_095"}},{"type":"Feature","geometry":{"type":"Polygon","coordinates":[[[106.80794231775536,-6.3116299155669715],[106.81697895013362,-6.311598461196046],[106.81694745801667,-6.302556822108913],[106.80791098205401,-6.302588231068767],[106.80794231775536,-6.3116299155669715]]]},"id":"95","properties":{"grid_id":"grid_096"}},{"type":"Feature","geometry":{"type":"Polygon","coordinates":[[[106.81697895013362,-6.311598461196046],[106.82601553645497,-6.3115668502080755],[106.82598388792634,-6.302525256758121],[106.81694745801667,-6.302556822108913],[106.81697895013362,-6.311598461196046]]]},"id":"96","properties":{"grid_id":"grid_097"}},{"type":"Feature","geometry":{"type":"Polygon","coordinates":[[[106.82601553645497,-6.3115668502080755],[106.83505207649064,-6.311535082606978],[106.83502027155431,-6.302493535020299],[106.82598388792634,-6.302525256758121],[106.82601553645497,-6.3115668502080755]]]},"id":"97","properties":{"grid_id":"grid_098"}},{"type":"Feature","geometry":{"type":"Polygon","coordinates":[[[106.83505207649064,-6.311535082606978],[106.84408857001195,-6.311503158396687],[106.84405660867185,-6.3024616568993785],[106.83502027155431,-6.302493535020299],[106.83505207649064,-6.311535082606978]]]},"id":"98","properties":{"grid_id":"grid_099"}},{"type":"Feature","geometry":{"type":"Polygon","coordinates":[[[106.84408857001195,-6.311503158396687],[106.85312501679014,-6.311471077581158],[106.85309289905025,-6.302429622399307],[106.84405660867185,-6.3024616568993785],[106.84408857001195,-6.311503158396687]]]},"id":"99","properties":{"grid_id":"grid_100"}},{"type":"Feature","geometry":{"type":"Polygon","coordinates":[[[106.85312501679014,-6.311471077581158],[106.86216141659646,-6.311438840164368],[106.86212914246086,-6.302397431524056],[106.85309289905025,-6.302429622399307],[106.85312501679014,-6.311471077581158]]]},"id":"100","properties":{"grid_id":"grid_101"}},{"type":"Feature","geometry":{"type":"Polygon","coordinates":[[[106.86216141659646,-6.311438840164368],[106.87119776920227,-6.311406446150305],[106.87116533867491,-6.302365084277607],[106.86212914246086,-6.302397431524056],[106.86216141659646,-6.311438840164368]]]},"id":"101","properties":{"grid_id":"grid_102"}},{"type":"Feature","geometry":{"type":"Polygon","coordinates":[[[106.87119776920227,-6.311406446150305],[106.88023407437882,-6.311373895542988],[106.88020148746376,-6.302332580663974],[106.87116533867491,-6.302365084277607],[106.87119776920227,-6.311406446150305]]]},"id":"102","properties":{"grid_id":"grid_103"}},{"type":"Feature","geometry":{"type":"Polygon","coordinates":[[[106.88023407437882,-6.311373895542988],[106.88927033189736,-6.311341188346446],[106.88923758859872,-6.30229992068718],[106.88020148746376,-6.302332580663974],[106.88023407437882,-6.311373895542988]]]},"id":"103","properties":{"grid_id":"grid_104"}},{"type":"Feature","geometry":{"type":"Polygon","coordinates":[[[106.88927033189736,-6.311341188346446],[106.89830654152928,-6.311308324564733],[106.89827364185109,-6.302267104351272],[106.88923758859872,-6.30229992068718],[106.88927033189736,-6.311341188346446]]]},"id":"104","properties":{"grid_id":"grid_105"}},{"type":"Feature","geometry":{"type":"Polygon","coordinates":[[[106.89830654152928,-6.311308324564733],[106.90734270304581,-6.311275304201917],[106.90730964699222,-6.302234131660313],[106.89827364185109,-6.302267104351272],[106.89830654152928,-6.311308324564733]]]},"id":"105","properties":{"grid_id":"grid_106"}},{"type":"Feature","geometry":{"type":"Polygon","coordinates":[[[106.90734270304581,-6.311275304201917],[106.91637881621833,-6.31124212726209],[106.91634560379345,-6.302201002618394],[106.90730964699222,-6.302234131660313],[106.90734270304581,-6.311275304201917]]]},"id":"106","properties":{"grid_id":"grid_107"}},{"type":"Feature","geometry":{"type":"Polygon","coordinates":[[[106.92085047313411,-6.302184427559774],[106.91634560379345,-6.302201002618394],[106.91637881621833,-6.31124212726209],[106.92148464380296,-6.311223311297848],[106.92222784765121,-6.3030971103444955],[106.92085047313411,-6.302184427559774]]]},"id":"107","properties":{"grid_id":"grid_108"}},{"type":"Feature","geometry":{"type":"Polygon","coordinates":[[[106.7717622330276,-6.302007831893598],[106.77173395715744,-6.293670435763901],[106.76588664113046,-6.293690242752055],[106.7717622330276,-6.302007831893598]]]},"id":"108","properties":{"grid_id":"grid_109"}},{"type":"Feature","geometry":{"type":"Polygon","coordinates":[[[106.77225869999685,-6.302710623865532],[106.78080128013545,-6.302681519563868],[106.78077045884231,-6.293639696911651],[106.77173395715744,-6.293670435763901],[106.7717622330276,-6.302007831893598],[106.77225869999685,-6.302710623865532]]]},"id":"109","properties":{"grid_id":"grid_110"}},{"type":"Feature","geometry":{"type":"Polygon","coordinates":[[[106.78080128013545,-6.302681519563868],[106.78983789288465,-6.302650579800107],[106.789806915393,-6.293608801879132],[106.78077045884231,-6.293639696911651],[106.78080128013545,-6.302681519563868]]]},"id":"110","properties":{"grid_id":"grid_111"}},{"type":"Feature","geometry":{"type":"Polygon","coordinates":[[[106.78983789288465,-6.302650579800107],[106.79887446026711,-6.302619483633789],[106.79884332658077,-6.29357775067017],[106.789806915393,-6.293608801879132],[106.78983789288465,-6.302650579800107]]]},"id":"111","properties":{"grid_id":"grid_112"}},{"type":"Feature","geometry":{"type":"Polygon","coordinates":[[[106.79887446026711,-6.302619483633789],[106.80791098205401,-6.302588231068767],[106.8078796921769,-6.293546543288614],[106.79884332658077,-6.29357775067017],[106.79887446026711,-6.302619483633789]]]},"id":"112","properties":{"grid_id":"grid_113"}},{"type":"Feature","geometry":{"type":"Polygon","coordinates":[[[106.80791098205401,-6.302588231068767],[106.81694745801667,-6.302556822108913],[106.8169160119527,-6.293515179738328],[106.8078796921769,-6.293546543288614],[106.80791098205401,-6.302588231068767]]]},"id":"113","properties":{"grid_id":"grid_114"}},{"type":"Feature","geometry":{"type":"Polygon","coordinates":[[[106.81694745801667,-6.302556822108913],[106.82598388792634,-6.302525256758121],[106.82595228567939,-6.2934836600232025],[106.8169160119527,-6.293515179738328],[106.81694745801667,-6.302556822108913]]]},"id":"114","properties":{"grid_id":"grid_115"}},{"type":"Feature","geometry":{"type":"Polygon","coordinates":[[[106.82598388792634,-6.302525256758121],[106.83502027155431,-6.302493535020299],[106.83498851312837,-6.293451984147138],[106.82595228567939,-6.2934836600232025],[106.82598388792634,-6.302525256758121]]]},"id":"115","properties":{"grid_id":"grid_116"}},{"type":"Feature","geometry":{"type":"Polygon","coordinates":[[[106.83502027155431,-6.302493535020299],[106.84405660867185,-6.3024616568993785],[106.84402469407087,-6.2934201521140585],[106.83498851312837,-6.293451984147138],[106.83502027155431,-6.302493535020299]]]},"id":"116","properties":{"grid_id":"grid_117"}},{"type":"Feature","geometry":{"type":"Polygon","coordinates":[[[106.84405660867185,-6.3024616568993785],[106.85309289905025,-6.302429622399307],[106.85306082827822,-6.293388163927911],[106.84402469407087,-6.2934201521140585],[106.84405660867185,-6.3024616568993785]]]},"id":"117","properties":{"grid_id":"grid_118"}},{"type":"Feature","geometry":{"type":"Polygon","coordinates":[[[106.85309289905025,-6.302429622399307],[106.86212914246086,-6.302397431524056],[106.86209691552175,-6.293356019592653],[106.85306082827822,-6.293388163927911],[106.85309289905025,-6.302429622399307]]]},"id":"118","properties":{"grid_id":"grid_119"}},{"type":"Feature","geometry":{"type":"Polygon","coordinates":[[[106.86212914246086,-6.302397431524056],[106.87116533867491,-6.302365084277607],[106.87113295557278,-6.293323719112272],[106.86209691552175,-6.293356019592653],[106.86212914246086,-6.302397431524056]]]},"id":"119","properties":{"grid_id":"grid_120"}},{"type":"Feature","geometry":{"type":"Polygon","coordinates":[[[106.87116533867491,-6.302365084277607],[106.88020148746376,-6.302332580663974],[106.88016894820264,-6.293291262490764],[106.87113295557278,-6.293323719112272],[106.87116533867491,-6.302365084277607]]]},"id":"120","properties":{"grid_id":"grid_121"}},{"type":"Feature","geometry":{"type":"Polygon","coordinates":[[[106.88020148746376,-6.302332580663974],[106.88923758859872,-6.30229992068718],[106.88920489318264,-6.293258649732155],[106.88016894820264,-6.293291262490764],[106.88020148746376,-6.302332580663974]]]},"id":"121","properties":{"grid_id":"grid_122"}},{"type":"Feature","geometry":{"type":"Polygon","coordinates":[[[106.88923758859872,-6.30229992068718],[106.89827364185109,-6.302267104351272],[106.89824079028416,-6.293225880840482],[106.88920489318264,-6.293258649732155],[106.88923758859872,-6.30229992068718]]]},"id":"122","properties":{"grid_id":"grid_123"}},{"type":"Feature","geometry":{"type":"Polygon","coordinates":[[[106.89827364185109,-6.302267104351272],[106.90730964699222,-6.302234131660313],[106.90727663927854,-6.293192955819803],[106.89824079028416,-6.293225880840482],[106.89827364185109,-6.302267104351272]]]},"id":"123","properties":{"grid_id":"grid_124"}},{"type":"Feature","geometry":{"type":"Polygon","coordinates":[[[106.91157231305603,-6.293177248206015],[106.90727663927854,-6.293192955819803],[106.90730964699222,-6.302234131660313],[106.91634560379345,-6.302201002618394],[106.91633456641024,-6.299192027023158],[106.91192816503096,-6.296272117949168],[106.91157231305603,-6.293177248206015]]]},"id":"124","properties":{"grid_id":"grid_125"}},{"type":"Feature","geometry":{"type":"Polygon","coordinates":[[[106.91633456641024,-6.299192027023158],[106.91634560379345,-6.302201002618394],[106.92085047313411,-6.302184427559774],[106.91633456641024,-6.299192027023158]]]},"id":"125","properties":{"grid_id":"grid_126"}},{"type":"Feature","geometry":{"type":"Polygon","coordinates":[[[106.76268208946131,-6.289153684242135],[106.76266694635925,-6.28465910372583],[106.75951475780525,-6.28466971967112],[106.76268208946131,-6.289153684242135]]]},"id":"126","properties":{"grid_id":"grid_127"}},{"type":"Feature","geometry":{"type":"Polygon","coordinates":[[[106.76588664113046,-6.293690242752055],[106.77173395715744,-6.293670435763901],[106.77170333697214,-6.284628565335188],[106.76266694635925,-6.28465910372583],[106.76268208946131,-6.289153684242135],[106.76588664113046,-6.293690242752055]]]},"id":"127","properties":{"grid_id":"grid_128"}},{"type":"Feature","geometry":{"type":"Polygon","coordinates":[[[106.77173395715744,-6.293670435763901],[106.78077045884231,-6.293639696911651],[106.7807396826834,-6.284597870986588],[106.77170333697214,-6.284628565335188],[106.77173395715744,-6.293670435763901]]]},"id":"128","properties":{"grid_id":"grid_129"}},{"type":"Feature","geometry":{"type":"Polygon","coordinates":[[[106.78077045884231,-6.293639696911651],[106.789806915393,-6.293608801879132],[106.78977598326426,-6.284567020683831],[106.7807396826834,-6.284597870986588],[106.78077045884231,-6.293639696911651]]]},"id":"129","properties":{"grid_id":"grid_130"}},{"type":"Feature","geometry":{"type":"Polygon","coordinates":[[[106.789806915393,-6.293608801879132],[106.79884332658077,-6.29357775067017],[106.79881223848611,-6.284536014430738],[106.78977598326426,-6.284567020683831],[106.789806915393,-6.293608801879132]]]},"id":"130","properties":{"grid_id":"grid_131"}},{"type":"Feature","geometry":{"type":"Polygon","coordinates":[[[106.79884332658077,-6.29357775067017],[106.8078796921769,-6.293546543288614],[106.80784844812015,-6.284504852231152],[106.79881223848611,-6.284536014430738],[106.79884332658077,-6.29357775067017]]]},"id":"131","properties":{"grid_id":"grid_132"}},{"type":"Feature","geometry":{"type":"Polygon","coordinates":[[[106.8078796921769,-6.293546543288614],[106.8169160119527,-6.293515179738328],[106.81688461193775,-6.284473534088936],[106.80784844812015,-6.284504852231152],[106.8078796921769,-6.293546543288614]]]},"id":"132","properties":{"grid_id":"grid_133"}},{"type":"Feature","geometry":{"type":"Polygon","coordinates":[[[106.8169160119527,-6.293515179738328],[106.82595228567939,-6.2934836600232025],[106.82592072971025,-6.284442060007963],[106.81688461193775,-6.284473534088936],[106.8169160119527,-6.293515179738328]]]},"id":"133","properties":{"grid_id":"grid_134"}},{"type":"Feature","geometry":{"type":"Polygon","coordinates":[[[106.82595228567939,-6.2934836600232025],[106.83498851312837,-6.293451984147138],[106.83495680120889,-6.284410429992138],[106.82592072971025,-6.284442060007963],[106.82595228567939,-6.2934836600232025]]]},"id":"134","properties":{"grid_id":"grid_135"}},{"type":"Feature","geometry":{"type":"Polygon","coordinates":[[[106.83498851312837,-6.293451984147138],[106.84402469407087,-6.2934201521140585],[106.84399282620502,-6.284378644045377],[106.83495680120889,-6.284410429992138],[106.83498851312837,-6.293451984147138]]]},"id":"135","properties":{"grid_id":"grid_136"}},{"type":"Feature","geometry":{"type":"Polygon","coordinates":[[[106.84402469407087,-6.2934201521140585],[106.85306082827822,-6.293388163927911],[106.85302880447,-6.284346702171616],[106.84399282620502,-6.284378644045377],[106.84402469407087,-6.2934201521140585]]]},"id":"136","properties":{"grid_id":"grid_137"}},{"type":"Feature","geometry":{"type":"Polygon","coordinates":[[[106.85306082827822,-6.293388163927911],[106.86209691552175,-6.293356019592653],[106.86206473577516,-6.284314604374818],[106.85302880447,-6.284346702171616],[106.85306082827822,-6.293388163927911]]]},"id":"137","properties":{"grid_id":"grid_138"}},{"type":"Feature","geometry":{"type":"Polygon","coordinates":[[[106.86209691552175,-6.293356019592653],[106.87113295557278,-6.293323719112272],[106.87110061989182,-6.284282350658954],[106.86206473577516,-6.284314604374818],[106.86209691552175,-6.293356019592653]]]},"id":"138","properties":{"grid_id":"grid_139"}},{"type":"Feature","geometry":{"type":"Polygon","coordinates":[[[106.87113295557278,-6.293323719112272],[106.88016894820264,-6.293291262490764],[106.88013645659133,-6.28424994102802],[106.87110061989182,-6.284282350658954],[106.87113295557278,-6.293323719112272]]]},"id":"139","properties":{"grid_id":"grid_140"}},{"type":"Feature","geometry":{"type":"Polygon","coordinates":[[[106.88016894820264,-6.293291262490764],[106.88920489318264,-6.293258649732155],[106.88917224564509,-6.2842173754860315],[106.88013645659133,-6.28424994102802],[106.88016894820264,-6.293291262490764]]]},"id":"140","properties":{"grid_id":"grid_141"}},{"type":"Feature","geometry":{"type":"Polygon","coordinates":[[[106.88920489318264,-6.293258649732155],[106.89824079028416,-6.293225880840482],[106.8982079868244,-6.2841846540370225],[106.88917224564509,-6.2842173754860315],[106.88920489318264,-6.293258649732155]]]},"id":"141","properties":{"grid_id":"grid_142"}},{"type":"Feature","geometry":{"type":"Polygon","coordinates":[[[106.89824079028416,-6.293225880840482],[106.90727663927854,-6.293192955819803],[106.90724367990067,-6.2841517766850465],[106.8982079868244,-6.2841846540370225],[106.89824079028416,-6.293225880840482]]]},"id":"142","properties":{"grid_id":"grid_143"}},{"type":"Feature","geometry":{"type":"Polygon","coordinates":[[[106.91053319681303,-6.284139768546795],[106.90724367990067,-6.2841517766850465],[106.90727663927854,-6.293192955819803],[106.91157231305603,-6.293177248206015],[106.91053319681303,-6.284139768546795]]]},"id":"143","properties":{"grid_id":"grid_144"}},{"type":"Feature","geometry":{"type":"Polygon","coordinates":[[[106.75360242920398,-6.276299428471648],[106.75360024729113,-6.275647524133253],[106.75314304985818,-6.275649054958642],[106.75360242920398,-6.276299428471648]]]},"id":"144","properties":{"grid_id":"grid_145"}},{"type":"Feature","geometry":{"type":"Polygon","coordinates":[[[106.75951475780525,-6.28466971967112],[106.76266694635925,-6.28465910372583],[106.76263652682438,-6.2756171857543075],[106.75360024729113,-6.275647524133253],[106.75360242920398,-6.276299428471648],[106.75951475780525,-6.28466971967112]]]},"id":"145","properties":{"grid_id":"grid_146"}},{"type":"Feature","geometry":{"type":"Polygon","coordinates":[[[106.76266694635925,-6.28465910372583],[106.77170333697214,-6.284628565335188],[106.77167276168854,-6.275586691639737],[106.76263652682438,-6.2756171857543075],[106.76266694635925,-6.28465910372583]]]},"id":"146","properties":{"grid_id":"grid_147"}},{"type":"Feature","geometry":{"type":"Polygon","coordinates":[[[106.77170333697214,-6.284628565335188],[106.7807396826834,-6.284597870986588],[106.78070895165482,-6.275556041793314],[106.77167276168854,-6.275586691639737],[106.77170333697214,-6.284628565335188]]]},"id":"147","properties":{"grid_id":"grid_148"}},{"type":"Feature","geometry":{"type":"Polygon","coordinates":[[[106.7807396826834,-6.284597870986588],[106.78977598326426,-6.284567020683831],[106.7897450964946,-6.275525236218843],[106.78070895165482,-6.275556041793314],[106.7807396826834,-6.284597870986588]]]},"id":"148","properties":{"grid_id":"grid_149"}},{"type":"Feature","geometry":{"type":"Polygon","coordinates":[[[106.78977598326426,-6.284567020683831],[106.79881223848611,-6.284536014430738],[106.79878119597916,-6.275494274920135],[106.7897450964946,-6.275525236218843],[106.78977598326426,-6.284567020683831]]]},"id":"149","properties":{"grid_id":"grid_150"}},{"type":"Feature","geometry":{"type":"Polygon","coordinates":[[[106.79881223848611,-6.284536014430738],[106.80784844812015,-6.284504852231152],[106.80781724987985,-6.275463157901027],[106.79878119597916,-6.275494274920135],[106.79881223848611,-6.284536014430738]]]},"id":"150","properties":{"grid_id":"grid_151"}},{"type":"Feature","geometry":{"type":"Polygon","coordinates":[[[106.80784844812015,-6.284504852231152],[106.81688461193775,-6.284473534088936],[106.81685325796798,-6.275431885165375],[106.80781724987985,-6.275463157901027],[106.80784844812015,-6.284504852231152]]]},"id":"151","properties":{"grid_id":"grid_152"}},{"type":"Feature","geometry":{"type":"Polygon","coordinates":[[[106.81688461193775,-6.284473534088936],[106.82592072971025,-6.284442060007963],[106.8258892200149,-6.27540045671705],[106.81685325796798,-6.275431885165375],[106.81688461193775,-6.284473534088936]]]},"id":"152","properties":{"grid_id":"grid_153"}},{"type":"Feature","geometry":{"type":"Polygon","coordinates":[[[106.82592072971025,-6.284442060007963],[106.83495680120889,-6.284410429992138],[106.83492513579189,-6.275368872559951],[106.8258892200149,-6.27540045671705],[106.82592072971025,-6.284442060007963]]]},"id":"153","properties":{"grid_id":"grid_154"}},{"type":"Feature","geometry":{"type":"Polygon","coordinates":[[[106.83495680120889,-6.284410429992138],[106.84399282620502,-6.284378644045377],[106.84396100507035,-6.275337132697986],[106.83492513579189,-6.275368872559951],[106.83495680120889,-6.284410429992138]]]},"id":"154","properties":{"grid_id":"grid_155"}},{"type":"Feature","geometry":{"type":"Polygon","coordinates":[[[106.84399282620502,-6.284378644045377],[106.85302880447,-6.284346702171616],[106.85299682762162,-6.275305237135086],[106.84396100507035,-6.275337132697986],[106.84399282620502,-6.284378644045377]]]},"id":"155","properties":{"grid_id":"grid_156"}},{"type":"Feature","geometry":{"type":"Polygon","coordinates":[[[106.85302880447,-6.284346702171616],[106.86206473577516,-6.284314604374818],[106.86203260321705,-6.275273185875205],[106.85299682762162,-6.275305237135086],[106.85302880447,-6.284346702171616]]]},"id":"156","properties":{"grid_id":"grid_157"}},{"type":"Feature","geometry":{"type":"Polygon","coordinates":[[[106.86206473577516,-6.284314604374818],[106.87110061989182,-6.284282350658954],[106.87106833162798,-6.275240978922313],[106.86203260321705,-6.275273185875205],[106.86206473577516,-6.284314604374818]]]},"id":"157","properties":{"grid_id":"grid_158"}},{"type":"Feature","geometry":{"type":"Polygon","coordinates":[[[106.87110061989182,-6.284282350658954],[106.88013645659133,-6.28424994102802],[106.88010401262582,-6.2752086162804],[106.87106833162798,-6.275240978922313],[106.87110061989182,-6.284282350658954]]]},"id":"158","properties":{"grid_id":"grid_159"}},{"type":"Feature","geometry":{"type":"Polygon","coordinates":[[[106.88013645659133,-6.28424994102802],[106.88917224564509,-6.2842173754860315],[106.88913964598194,-6.275176097953474],[106.88010401262582,-6.2752086162804],[106.88013645659133,-6.28424994102802]]]},"id":"159","properties":{"grid_id":"grid_160"}},{"type":"Feature","geometry":{"type":"Polygon","coordinates":[[[106.88917224564509,-6.2842173754860315],[106.8982079868244,-6.2841846540370225],[106.89817523146769,-6.275143423945565],[106.88913964598194,-6.275176097953474],[106.88917224564509,-6.2842173754860315]]]},"id":"160","properties":{"grid_id":"grid_161"}},{"type":"Feature","geometry":{"type":"Polygon","coordinates":[[[106.8982079868244,-6.2841846540370225],[106.90724367990067,-6.2841517766850465],[106.90721076885445,-6.275110594260714],[106.89817523146769,-6.275143423945565],[106.8982079868244,-6.2841846540370225]]]},"id":"161","properties":{"grid_id":"grid_162"}},{"type":"Feature","geometry":{"type":"Polygon","coordinates":[[[106.90949411509922,-6.2751022731936175],[106.90721076885445,-6.275110594260714],[106.90724367990067,-6.2841517766850465],[106.91053319681303,-6.284139768546795],[106.90949411509922,-6.2751022731936175]]]},"id":"162","properties":{"grid_id":"grid_163"}},{"type":"Feature","geometry":{"type":"Polygon","coordinates":[[[106.75314304985818,-6.275649054958642],[106.75360024729113,-6.275647524133253],[106.75357002794922,-6.266605558852587],[106.75115951130601,-6.266613613900992],[106.7522830844176,-6.274431539959147],[106.75314304985818,-6.275649054958642]]]},"id":"163","properties":{"grid_id":"grid_164"}},{"type":"Feature","geometry":{"type":"Polygon","coordinates":[[[106.75360024729113,-6.275647524133253],[106.76263652682438,-6.2756171857543075],[106.76260615195866,-6.2665752645221415],[106.75357002794922,-6.266605558852587],[106.75360024729113,-6.275647524133253]]]},"id":"164","properties":{"grid_id":"grid_165"}},{"type":"Feature","geometry":{"type":"Polygon","coordinates":[[[106.76263652682438,-6.2756171857543075],[106.77167276168854,-6.275586691639737],[106.77164223130272,-6.266544814682177],[106.76260615195866,-6.2665752645221415],[106.76263652682438,-6.2756171857543075]]]},"id":"165","properties":{"grid_id":"grid_166"}},{"type":"Feature","geometry":{"type":"Polygon","coordinates":[[[106.77167276168854,-6.275586691639737],[106.78070895165482,-6.275556041793314],[106.7806782657528,-6.266514209336468],[106.77164223130272,-6.266544814682177],[106.77167276168854,-6.275586691639737]]]},"id":"166","properties":{"grid_id":"grid_167"}},{"type":"Feature","geometry":{"type":"Polygon","coordinates":[[[106.78070895165482,-6.275556041793314],[106.7897450964946,-6.275525236218843],[106.78971425508014,-6.266483448488804],[106.7806782657528,-6.266514209336468],[106.78070895165482,-6.275556041793314]]]},"id":"167","properties":{"grid_id":"grid_168"}},{"type":"Feature","geometry":{"type":"Polygon","coordinates":[[[106.7897450964946,-6.275525236218843],[106.79878119597916,-6.275494274920135],[106.79875019905616,-6.266452532142997],[106.78971425508014,-6.266483448488804],[106.7897450964946,-6.275525236218843]]]},"id":"168","properties":{"grid_id":"grid_169"}},{"type":"Feature","geometry":{"type":"Polygon","coordinates":[[[106.79878119597916,-6.275494274920135],[106.80781724987985,-6.275463157901027],[106.80778609745212,-6.266421460302877],[106.79875019905616,-6.266452532142997],[106.79878119597916,-6.275494274920135]]]},"id":"169","properties":{"grid_id":"grid_170"}},{"type":"Feature","geometry":{"type":"Polygon","coordinates":[[[106.80781724987985,-6.275463157901027],[106.81685325796798,-6.275431885165375],[106.81682195003945,-6.266390232972291],[106.80778609745212,-6.266421460302877],[106.80781724987985,-6.275463157901027]]]},"id":"170","properties":{"grid_id":"grid_171"}},{"type":"Feature","geometry":{"type":"Polygon","coordinates":[[[106.81685325796798,-6.275431885165375],[106.8258892200149,-6.27540045671705],[106.82585775658941,-6.266358850155111],[106.81682195003945,-6.266390232972291],[106.81685325796798,-6.275431885165375]]]},"id":"171","properties":{"grid_id":"grid_172"}},{"type":"Feature","geometry":{"type":"Polygon","coordinates":[[[106.8258892200149,-6.27540045671705],[106.83492513579189,-6.275368872559951],[106.83489351687346,-6.266327311855222],[106.82585775658941,-6.266358850155111],[106.8258892200149,-6.27540045671705]]]},"id":"172","properties":{"grid_id":"grid_173"}},{"type":"Feature","geometry":{"type":"Polygon","coordinates":[[[106.83492513579189,-6.275368872559951],[106.84396100507035,-6.275337132697986],[106.84392923066288,-6.266295618076531],[106.83489351687346,-6.266327311855222],[106.83492513579189,-6.275368872559951]]]},"id":"173","properties":{"grid_id":"grid_174"}},{"type":"Feature","geometry":{"type":"Polygon","coordinates":[[[106.84396100507035,-6.275337132697986],[106.85299682762162,-6.275305237135086],[106.85296489772908,-6.266263768822965],[106.84392923066288,-6.266295618076531],[106.84396100507035,-6.275337132697986]]]},"id":"174","properties":{"grid_id":"grid_175"}},{"type":"Feature","geometry":{"type":"Polygon","coordinates":[[[106.85299682762162,-6.275305237135086],[106.86203260321705,-6.275273185875205],[106.86200051784341,-6.266231764098468],[106.85296489772908,-6.266263768822965],[106.85299682762162,-6.275305237135086]]]},"id":"175","properties":{"grid_id":"grid_176"}},{"type":"Feature","geometry":{"type":"Polygon","coordinates":[[[106.86203260321705,-6.275273185875205],[106.87106833162798,-6.275240978922313],[106.87103609077727,-6.266199603907007],[106.86200051784341,-6.266231764098468],[106.86203260321705,-6.275273185875205]]]},"id":"176","properties":{"grid_id":"grid_177"}},{"type":"Feature","geometry":{"type":"Polygon","coordinates":[[[106.87106833162798,-6.275240978922313],[106.88010401262582,-6.2752086162804],[106.88007161630205,-6.266167288252565],[106.87103609077727,-6.266199603907007],[106.87106833162798,-6.275240978922313]]]},"id":"177","properties":{"grid_id":"grid_178"}},{"type":"Feature","geometry":{"type":"Polygon","coordinates":[[[106.88010401262582,-6.2752086162804],[106.88913964598194,-6.275176097953474],[106.88910709418913,-6.266134817139144],[106.88007161630205,-6.266167288252565],[106.88010401262582,-6.2752086162804]]]},"id":"178","properties":{"grid_id":"grid_179"}},{"type":"Feature","geometry":{"type":"Polygon","coordinates":[[[106.88913964598194,-6.275176097953474],[106.89817523146769,-6.275143423945565],[106.89814252420994,-6.2661021905707655],[106.88910709418913,-6.266134817139144],[106.88913964598194,-6.275176097953474]]]},"id":"179","properties":{"grid_id":"grid_180"}},{"type":"Feature","geometry":{"type":"Polygon","coordinates":[[[106.90623379092926,-6.266072841207017],[106.89814252420994,-6.2661021905707655],[106.89817523146769,-6.275143423945565],[106.90721076885445,-6.275110594260714],[106.9071853233189,-6.2681100501198275],[106.90623379092926,-6.266072841207017]]]},"id":"180","properties":{"grid_id":"grid_181"}},{"type":"Feature","geometry":{"type":"Polygon","coordinates":[[[106.9071853233189,-6.2681100501198275],[106.90721076885445,-6.275110594260714],[106.90949411509922,-6.2751022731936175],[106.90918158299877,-6.2723839387910845],[106.9071853233189,-6.2681100501198275]]]},"id":"181","properties":{"grid_id":"grid_182"}},{"type":"Feature","geometry":{"type":"Polygon","coordinates":[[[106.75115951130601,-6.266613613900992],[106.75357002794922,-6.266605558852587],[106.75353985304402,-6.257563590317358],[106.75286505176645,-6.257565843119323],[106.7505664706476,-6.262487086475374],[106.75115951130601,-6.266613613900992]]]},"id":"182","properties":{"grid_id":"grid_183"}},{"type":"Feature","geometry":{"type":"Polygon","coordinates":[[[106.75357002794922,-6.266605558852587],[106.76260615195866,-6.2665752645221415],[106.76257582175828,-6.257533340033962],[106.75353985304402,-6.257563590317358],[106.75357002794922,-6.266605558852587]]]},"id":"183","properties":{"grid_id":"grid_184"}},{"type":"Feature","geometry":{"type":"Polygon","coordinates":[[[106.76260615195866,-6.2665752645221415],[106.77164223130272,-6.266544814682177],[106.77161174581096,-6.257502934467147],[106.76257582175828,-6.257533340033962],[106.76260615195866,-6.2665752645221415]]]},"id":"184","properties":{"grid_id":"grid_185"}},{"type":"Feature","geometry":{"type":"Polygon","coordinates":[[[106.77164223130272,-6.266544814682177],[106.7806782657528,-6.266514209336468],[106.78064762497345,-6.257472373620684],[106.77161174581096,-6.257502934467147],[106.77164223130272,-6.266544814682177]]]},"id":"185","properties":{"grid_id":"grid_186"}},{"type":"Feature","geometry":{"type":"Polygon","coordinates":[[[106.7806782657528,-6.266514209336468],[106.78971425508014,-6.266483448488804],[106.78968345901704,-6.2574416574983545],[106.78064762497345,-6.257472373620684],[106.7806782657528,-6.266514209336468]]]},"id":"186","properties":{"grid_id":"grid_187"}},{"type":"Feature","geometry":{"type":"Polygon","coordinates":[[[106.78971425508014,-6.266483448488804],[106.79875019905616,-6.266452532142997],[106.79871924771315,-6.257410786103969],[106.78968345901704,-6.2574416574983545],[106.78971425508014,-6.266483448488804]]]},"id":"187","properties":{"grid_id":"grid_188"}},{"type":"Feature","geometry":{"type":"Polygon","coordinates":[[[106.79875019905616,-6.266452532142997],[106.80778609745212,-6.266421460302877],[106.80775499083309,-6.257379759441346],[106.79871924771315,-6.257410786103969],[106.79875019905616,-6.266452532142997]]]},"id":"188","properties":{"grid_id":"grid_189"}},{"type":"Feature","geometry":{"type":"Polygon","coordinates":[[[106.80778609745212,-6.266421460302877],[106.81682195003945,-6.266390232972291],[106.8167906881482,-6.257348577514333],[106.80775499083309,-6.257379759441346],[106.80778609745212,-6.266421460302877]]]},"id":"189","properties":{"grid_id":"grid_190"}},{"type":"Feature","geometry":{"type":"Polygon","coordinates":[[[106.81682195003945,-6.266390232972291],[106.82585775658941,-6.266358850155111],[106.82582633942994,-6.257317240326791],[106.8167906881482,-6.257348577514333],[106.81682195003945,-6.266390232972291]]]},"id":"190","properties":{"grid_id":"grid_191"}},{"type":"Feature","geometry":{"type":"Polygon","coordinates":[[[106.82585775658941,-6.266358850155111],[106.83489351687346,-6.266327311855222],[106.83486194444963,-6.257285747882604],[106.82582633942994,-6.257317240326791],[106.82585775658941,-6.266358850155111]]]},"id":"191","properties":{"grid_id":"grid_192"}},{"type":"Feature","geometry":{"type":"Polygon","coordinates":[[[106.83489351687346,-6.266327311855222],[106.84392923066288,-6.266295618076531],[106.84389750297863,-6.25725410018567],[106.83486194444963,-6.257285747882604],[106.83489351687346,-6.266327311855222]]]},"id":"192","properties":{"grid_id":"grid_193"}},{"type":"Feature","geometry":{"type":"Polygon","coordinates":[[[106.84392923066288,-6.266295618076531],[106.85296489772908,-6.266263768822965],[106.8529330147884,-6.257222297239911],[106.84389750297863,-6.25725410018567],[106.84392923066288,-6.266295618076531]]]},"id":"193","properties":{"grid_id":"grid_194"}},{"type":"Feature","geometry":{"type":"Polygon","coordinates":[[[106.85296489772908,-6.266263768822965],[106.86200051784341,-6.266231764098468],[106.86196847965026,-6.257190339049269],[106.8529330147884,-6.257222297239911],[106.85296489772908,-6.266263768822965]]]},"id":"194","properties":{"grid_id":"grid_195"}},{"type":"Feature","geometry":{"type":"Polygon","coordinates":[[[106.86200051784341,-6.266231764098468],[106.87103609077727,-6.266199603907007],[106.87100389733567,-6.2571582256176965],[106.86196847965026,-6.257190339049269],[106.86200051784341,-6.266231764098468]]]},"id":"195","properties":{"grid_id":"grid_196"}},{"type":"Feature","geometry":{"type":"Polygon","coordinates":[[[106.87103609077727,-6.266199603907007],[106.88007161630205,-6.266167288252565],[106.88003926761597,-6.257125956949176],[106.87100389733567,-6.2571582256176965],[106.87103609077727,-6.266199603907007]]]},"id":"196","properties":{"grid_id":"grid_197"}},{"type":"Feature","geometry":{"type":"Polygon","coordinates":[[[106.88007161630205,-6.266167288252565],[106.88910709418913,-6.266134817139144],[106.88907459026267,-6.257093533047706],[106.88003926761597,-6.257125956949176],[106.88007161630205,-6.266167288252565]]]},"id":"197","properties":{"grid_id":"grid_198"}},{"type":"Feature","geometry":{"type":"Polygon","coordinates":[[[106.88910709418913,-6.266134817139144],[106.89814252420994,-6.2661021905707655],[106.89810986504708,-6.257060953917296],[106.88907459026267,-6.257093533047706],[106.88910709418913,-6.266134817139144]]]},"id":"198","properties":{"grid_id":"grid_199"}},{"type":"Feature","geometry":{"type":"Polygon","coordinates":[[[106.90716159346967,-6.26157489895875],[106.90714509174072,-6.257028219561987],[106.89810986504708,-6.257060953917296],[106.89814252420994,-6.2661021905707655],[106.90623379092926,-6.266072841207017],[106.90471838719662,-6.2628283603693955],[106.90716159346967,-6.26157489895875]]]},"id":"199","properties":{"grid_id":"grid_200"}},{"type":"Feature","geometry":{"type":"Polygon","coordinates":[[[106.915609902352,-6.256997410785626],[106.90714509174072,-6.257028219561987],[106.90716159346967,-6.26157489895875],[106.91536139257083,-6.257367951300751],[106.915609902352,-6.256997410785626]]]},"id":"200","properties":{"grid_id":"grid_201"}},{"type":"Feature","geometry":{"type":"MultiPolygon","coordinates":[[[[106.75286505176645,-6.257565843119323],[106.75353985304402,-6.257563590317358],[106.75353508016272,-6.256131298475301],[106.75286505176645,-6.257565843119323]]],[[[106.75352241981928,-6.2523320235559625],[106.75350972257168,-6.248521618532194],[106.74767979148767,-6.248541025183707],[106.74816321136956,-6.250201077812969],[106.75352241981928,-6.2523320235559625]]]]},"id":"201","properties":{"grid_id":"grid_202"}},{"type":"Feature","geometry":{"type":"Polygon","coordinates":[[[106.75353508016272,-6.256131298475301],[106.75353985304402,-6.257563590317358],[106.76257582175828,-6.257533340033962],[106.76254553621943,-6.2484914122943955],[106.75350972257168,-6.248521618532194],[106.75352241981928,-6.2523320235559625],[106.75502966644969,-6.252931326915511],[106.75353508016272,-6.256131298475301]]]},"id":"202","properties":{"grid_id":"grid_203"}},{"type":"Feature","geometry":{"type":"Polygon","coordinates":[[[106.76257582175828,-6.257533340033962],[106.77161174581096,-6.257502934467147],[106.77158130520941,-6.248461050999275],[106.76254553621943,-6.2484914122943955],[106.76257582175828,-6.257533340033962]]]},"id":"203","properties":{"grid_id":"grid_204"}},{"type":"Feature","geometry":{"type":"Polygon","coordinates":[[[106.77161174581096,-6.257502934467147],[106.78064762497345,-6.257472373620684],[106.78061702931296,-6.248430534650593],[106.77158130520941,-6.248461050999275],[106.77161174581096,-6.257502934467147]]]},"id":"204","properties":{"grid_id":"grid_205"}},{"type":"Feature","geometry":{"type":"Polygon","coordinates":[[[106.78064762497345,-6.257472373620684],[106.78968345901704,-6.2574416574983545],[106.78965270830146,-6.24839986325213],[106.78061702931296,-6.248430534650593],[106.78064762497345,-6.257472373620684]]]},"id":"205","properties":{"grid_id":"grid_206"}},{"type":"Feature","geometry":{"type":"Polygon","coordinates":[[[106.78968345901704,-6.2574416574983545],[106.79871924771315,-6.257410786103969],[106.7986883419463,-6.248369036807684],[106.78965270830146,-6.24839986325213],[106.78968345901704,-6.2574416574983545]]]},"id":"206","properties":{"grid_id":"grid_207"}},{"type":"Feature","geometry":{"type":"Polygon","coordinates":[[[106.79871924771315,-6.257410786103969],[106.80775499083309,-6.257379759441346],[106.80772393001881,-6.248338055321075],[106.7986883419463,-6.248369036807684],[106.79871924771315,-6.257410786103969]]]},"id":"207","properties":{"grid_id":"grid_208"}},{"type":"Feature","geometry":{"type":"Polygon","coordinates":[[[106.80775499083309,-6.257379759441346],[106.8167906881482,-6.257348577514333],[106.81675947229041,-6.248306918796142],[106.80772393001881,-6.248338055321075],[106.80775499083309,-6.257379759441346]]]},"id":"208","properties":{"grid_id":"grid_209"}},{"type":"Feature","geometry":{"type":"Polygon","coordinates":[[[106.8167906881482,-6.257348577514333],[106.82582633942994,-6.257317240326791],[106.8257949685325,-6.248275627236738],[106.81675947229041,-6.248306918796142],[106.8167906881482,-6.257348577514333]]]},"id":"209","properties":{"grid_id":"grid_210"}},{"type":"Feature","geometry":{"type":"Polygon","coordinates":[[[106.82582633942994,-6.257317240326791],[106.83486194444963,-6.257285747882604],[106.83483041851646,-6.248244180646743],[106.8257949685325,-6.248275627236738],[106.82582633942994,-6.257317240326791]]]},"id":"210","properties":{"grid_id":"grid_211"}},{"type":"Feature","geometry":{"type":"Polygon","coordinates":[[[106.83486194444963,-6.257285747882604],[106.84389750297863,-6.25725410018567],[106.8438658220137,-6.24821257903005],[106.83483041851646,-6.248244180646743],[106.83486194444963,-6.257285747882604]]]},"id":"211","properties":{"grid_id":"grid_212"}},{"type":"Feature","geometry":{"type":"Polygon","coordinates":[[[106.84389750297863,-6.25725410018567],[106.8529330147884,-6.257222297239911],[106.85290117879559,-6.2481808223905775],[106.8438658220137,-6.24821257903005],[106.84389750297863,-6.25725410018567]]]},"id":"212","properties":{"grid_id":"grid_213"}},{"type":"Feature","geometry":{"type":"Polygon","coordinates":[[[106.8529330147884,-6.257222297239911],[106.86196847965026,-6.257190339049269],[106.86193648863357,-6.248148910732253],[106.85290117879559,-6.2481808223905775],[106.8529330147884,-6.257222297239911]]]},"id":"213","properties":{"grid_id":"grid_214"}},{"type":"Feature","geometry":{"type":"Polygon","coordinates":[[[106.86196847965026,-6.257190339049269],[106.87100389733567,-6.2571582256176965],[106.87097175129912,-6.248116844059036],[106.86193648863357,-6.248148910732253],[106.86196847965026,-6.257190339049269]]]},"id":"214","properties":{"grid_id":"grid_215"}},{"type":"Feature","geometry":{"type":"Polygon","coordinates":[[[106.87100389733567,-6.2571582256176965],[106.88003926761597,-6.257125956949176],[106.88000696656357,-6.248084622374893],[106.87097175129912,-6.248116844059036],[106.87100389733567,-6.2571582256176965]]]},"id":"215","properties":{"grid_id":"grid_216"}},{"type":"Feature","geometry":{"type":"Polygon","coordinates":[[[106.88003926761597,-6.257125956949176],[106.88907459026267,-6.257093533047706],[106.88904213419842,-6.248052245683818],[106.88000696656357,-6.248084622374893],[106.88003926761597,-6.257125956949176]]]},"id":"216","properties":{"grid_id":"grid_217"}},{"type":"Feature","geometry":{"type":"Polygon","coordinates":[[[106.88907459026267,-6.257093533047706],[106.89810986504708,-6.257060953917296],[106.89807725397503,-6.2480197139898195],[106.88904213419842,-6.248052245683818],[106.88907459026267,-6.257093533047706]]]},"id":"217","properties":{"grid_id":"grid_218"}},{"type":"Feature","geometry":{"type":"Polygon","coordinates":[[[106.89810986504708,-6.257060953917296],[106.90714509174072,-6.257028219561987],[106.90711232566495,-6.24798702729693],[106.89807725397503,-6.2480197139898195],[106.89810986504708,-6.257060953917296]]]},"id":"218","properties":{"grid_id":"grid_219"}},{"type":"Feature","geometry":{"type":"Polygon","coordinates":[[[106.9161771976257,-6.256151542747932],[106.91614734903953,-6.247954185609194],[106.90711232566495,-6.24798702729693],[106.90714509174072,-6.257028219561987],[106.915609902352,-6.256997410785626],[106.9161771976257,-6.256151542747932]]]},"id":"219","properties":{"grid_id":"grid_220"}},{"type":"Feature","geometry":{"type":"Polygon","coordinates":[[[106.92520314964456,-6.253613794799027],[106.92518232387032,-6.247921188930681],[106.91614734903953,-6.247954185609194],[106.9161771976257,-6.256151542747932],[106.92016791112687,-6.250201077812736],[106.92520314964456,-6.253613794799027]]]},"id":"220","properties":{"grid_id":"grid_221"}},{"type":"Feature","geometry":{"type":"Polygon","coordinates":[[[106.93423990775206,-6.254052498443979],[106.93421724992871,-6.247888037265479],[106.92518232387032,-6.247921188930681],[106.92520314964456,-6.253613794799027],[106.92772101171508,-6.255320283186521],[106.93423990775206,-6.254052498443979]]]},"id":"221","properties":{"grid_id":"grid_222"}},{"type":"Feature","geometry":{"type":"Polygon","coordinates":[[[106.94326852907514,-6.252296483434878],[106.9432521269862,-6.247854730617693],[106.93421724992871,-6.247888037265479],[106.93423990775206,-6.254052498443979],[106.94326852907514,-6.252296483434878]]]},"id":"222","properties":{"grid_id":"grid_223"}},{"type":"Feature","geometry":{"type":"Polygon","coordinates":[[[106.94331292296543,-6.24785450596719],[106.9432521269862,-6.247854730617693],[106.94326852907514,-6.252296483434878],[106.94351385839933,-6.252248765975669],[106.94331292296543,-6.24785450596719]]]},"id":"223","properties":{"grid_id":"grid_224"}},{"type":"Feature","geometry":{"type":"Polygon","coordinates":[[[106.74767979148767,-6.248541025183707],[106.75350972257168,-6.248521618532194],[106.75347963652848,-6.239479643501727],[106.7450492589539,-6.2395076453995735],[106.74767979148767,-6.248541025183707]]]},"id":"224","properties":{"grid_id":"grid_225"}},{"type":"Feature","geometry":{"type":"Polygon","coordinates":[[[106.75350972257168,-6.248521618532194],[106.76254553621943,-6.2484914122943955],[106.7625152953384,-6.239449481308084],[106.75347963652848,-6.239479643501727],[106.75350972257168,-6.248521618532194]]]},"id":"225","properties":{"grid_id":"grid_226"}},{"type":"Feature","geometry":{"type":"Polygon","coordinates":[[[106.76254553621943,-6.2484914122943955],[106.77158130520941,-6.248461050999275],[106.77155090949428,-6.239419164283202],[106.7625152953384,-6.239449481308084],[106.76254553621943,-6.2484914122943955]]]},"id":"226","properties":{"grid_id":"grid_227"}},{"type":"Feature","geometry":{"type":"Polygon","coordinates":[[[106.77158130520941,-6.248461050999275],[106.78061702931296,-6.248430534650593],[106.78058647876753,-6.23938869243084],[106.77155090949428,-6.239419164283202],[106.77158130520941,-6.248461050999275]]]},"id":"227","properties":{"grid_id":"grid_228"}},{"type":"Feature","geometry":{"type":"Polygon","coordinates":[[[106.78061702931296,-6.248430534650593],[106.78965270830146,-6.24839986325213],[106.78962200292956,-6.239358065754772],[106.78058647876753,-6.23938869243084],[106.78061702931296,-6.248430534650593]]]},"id":"228","properties":{"grid_id":"grid_229"}},{"type":"Feature","geometry":{"type":"Polygon","coordinates":[[[106.78965270830146,-6.24839986325213],[106.7986883419463,-6.248369036807684],[106.79865748175176,-6.239327284258791],[106.78962200292956,-6.239358065754772],[106.78965270830146,-6.24839986325213]]]},"id":"229","properties":{"grid_id":"grid_230"}},{"type":"Feature","geometry":{"type":"Polygon","coordinates":[[[106.7986883419463,-6.248369036807684],[106.80772393001881,-6.248338055321075],[106.80769291500548,-6.23929634794671],[106.79865748175176,-6.239327284258791],[106.7986883419463,-6.248369036807684]]]},"id":"230","properties":{"grid_id":"grid_231"}},{"type":"Feature","geometry":{"type":"Polygon","coordinates":[[[106.80772393001881,-6.248338055321075],[106.81675947229041,-6.248306918796142],[106.81672830246217,-6.239265256822362],[106.80769291500548,-6.23929634794671],[106.80772393001881,-6.248338055321075]]]},"id":"231","properties":{"grid_id":"grid_232"}},{"type":"Feature","geometry":{"type":"Polygon","coordinates":[[[106.81675947229041,-6.248306918796142],[106.8257949685325,-6.248275627236738],[106.82576364389321,-6.239234010889601],[106.81672830246217,-6.239265256822362],[106.81675947229041,-6.248306918796142]]]},"id":"232","properties":{"grid_id":"grid_233"}},{"type":"Feature","geometry":{"type":"Polygon","coordinates":[[[106.8257949685325,-6.248275627236738],[106.83483041851646,-6.248244180646743],[106.83479893907001,-6.239202610152291],[106.82576364389321,-6.239234010889601],[106.8257949685325,-6.248275627236738]]]},"id":"233","properties":{"grid_id":"grid_234"}},{"type":"Feature","geometry":{"type":"Polygon","coordinates":[[[106.83483041851646,-6.248244180646743],[106.8438658220137,-6.24821257903005],[106.84383418776405,-6.239171054614328],[106.83479893907001,-6.239202610152291],[106.83483041851646,-6.248244180646743]]]},"id":"234","properties":{"grid_id":"grid_235"}},{"type":"Feature","geometry":{"type":"Polygon","coordinates":[[[106.8438658220137,-6.24821257903005],[106.85290117879559,-6.2481808223905775],[106.8528693897467,-6.239139344279616],[106.84383418776405,-6.239171054614328],[106.8438658220137,-6.24821257903005]]]},"id":"235","properties":{"grid_id":"grid_236"}},{"type":"Feature","geometry":{"type":"Polygon","coordinates":[[[106.85290117879559,-6.2481808223905775],[106.86193648863357,-6.248148910732253],[106.8619045447894,-6.2391074791520875],[106.8528693897467,-6.239139344279616],[106.85290117879559,-6.2481808223905775]]]},"id":"236","properties":{"grid_id":"grid_237"}},{"type":"Feature","geometry":{"type":"Polygon","coordinates":[[[106.86193648863357,-6.248148910732253],[106.87097175129912,-6.248116844059036],[106.87093965266364,-6.239075459235685],[106.8619045447894,-6.2391074791520875],[106.86193648863357,-6.248148910732253]]]},"id":"237","properties":{"grid_id":"grid_238"}},{"type":"Feature","geometry":{"type":"Polygon","coordinates":[[[106.87097175129912,-6.248116844059036],[106.88000696656357,-6.248084622374893],[106.87997471314077,-6.239043284534378],[106.87093965266364,-6.239075459235685],[106.87097175129912,-6.248116844059036]]]},"id":"238","properties":{"grid_id":"grid_239"}},{"type":"Feature","geometry":{"type":"Polygon","coordinates":[[[106.88000696656357,-6.248084622374893],[106.88904213419842,-6.248052245683818],[106.88900972599235,-6.239010955052147],[106.87997471314077,-6.239043284534378],[106.88000696656357,-6.248084622374893]]]},"id":"239","properties":{"grid_id":"grid_240"}},{"type":"Feature","geometry":{"type":"Polygon","coordinates":[[[106.88904213419842,-6.248052245683818],[106.89807725397503,-6.2480197139898195],[106.89804469098976,-6.238978470793002],[106.88900972599235,-6.239010955052147],[106.88904213419842,-6.248052245683818]]]},"id":"240","properties":{"grid_id":"grid_241"}},{"type":"Feature","geometry":{"type":"Polygon","coordinates":[[[106.89807725397503,-6.2480197139898195],[106.90711232566495,-6.24798702729693],[106.90707960790449,-6.238945831760964],[106.89804469098976,-6.238978470793002],[106.89807725397503,-6.2480197139898195]]]},"id":"241","properties":{"grid_id":"grid_242"}},{"type":"Feature","geometry":{"type":"Polygon","coordinates":[[[106.90711232566495,-6.24798702729693],[106.91614734903953,-6.247954185609194],[106.91611447650799,-6.238913037960074],[106.90707960790449,-6.238945831760964],[106.90711232566495,-6.24798702729693]]]},"id":"242","properties":{"grid_id":"grid_243"}},{"type":"Feature","geometry":{"type":"Polygon","coordinates":[[[106.91614734903953,-6.247954185609194],[106.92518232387032,-6.247921188930681],[106.92514929657179,-6.238880089394398],[106.91611447650799,-6.238913037960074],[106.91614734903953,-6.247954185609194]]]},"id":"243","properties":{"grid_id":"grid_244"}},{"type":"Feature","geometry":{"type":"Polygon","coordinates":[[[106.92518232387032,-6.247921188930681],[106.93421724992871,-6.247888037265479],[106.93418406786732,-6.238846986068012],[106.92514929657179,-6.238880089394398],[106.92518232387032,-6.247921188930681]]]},"id":"244","properties":{"grid_id":"grid_245"}},{"type":"Feature","geometry":{"type":"Polygon","coordinates":[[[106.94289958161883,-6.238814905659378],[106.93418406786732,-6.238846986068012],[106.93421724992871,-6.247888037265479],[106.9432521269862,-6.247854730617693],[106.94324679351013,-6.246408303761416],[106.94289958161883,-6.238814905659378]]]},"id":"245","properties":{"grid_id":"grid_246"}},{"type":"Feature","geometry":{"type":"Polygon","coordinates":[[[106.94324679351013,-6.246408303761416],[106.9432521269862,-6.247854730617693],[106.94331292296543,-6.24785450596719],[106.94324679351013,-6.246408303761416]]]},"id":"246","properties":{"grid_id":"grid_247"}},{"type":"Feature","geometry":{"type":"Polygon","coordinates":[[[106.74443697657246,-6.237404990625272],[106.74441404628841,-6.230467628772634],[106.7412806347232,-6.230477983486142],[106.7443866610755,-6.2372322000932545],[106.74443697657246,-6.237404990625272]]]},"id":"247","properties":{"grid_id":"grid_248"}},{"type":"Feature","geometry":{"type":"Polygon","coordinates":[[[106.7450492589539,-6.2395076453995735],[106.75347963652848,-6.239479643501727],[106.75344959491068,-6.230437665230587],[106.74441404628841,-6.230467628772634],[106.74443697657246,-6.237404990625272],[106.7450492589539,-6.2395076453995735]]]},"id":"248","properties":{"grid_id":"grid_249"}},{"type":"Feature","geometry":{"type":"Polygon","coordinates":[[[106.75347963652848,-6.239479643501727],[106.7625152953384,-6.239449481308084],[106.76248509911134,-6.2304075470796505],[106.75344959491068,-6.230437665230587],[106.75347963652848,-6.239479643501727]]]},"id":"249","properties":{"grid_id":"grid_250"}},{"type":"Feature","geometry":{"type":"Polygon","coordinates":[[[106.7625152953384,-6.239449481308084],[106.77155090949428,-6.239419164283202],[106.77152055866178,-6.230377274323557],[106.76248509911134,-6.2304075470796505],[106.7625152953384,-6.239449481308084]]]},"id":"250","properties":{"grid_id":"grid_251"}},{"type":"Feature","geometry":{"type":"Polygon","coordinates":[[[106.77155090949428,-6.239419164283202],[106.78058647876753,-6.23938869243084],[106.78055597333336,-6.230346846966055],[106.77152055866178,-6.230377274323557],[106.77155090949428,-6.239419164283202]]]},"id":"251","properties":{"grid_id":"grid_252"}},{"type":"Feature","geometry":{"type":"Polygon","coordinates":[[[106.78058647876753,-6.23938869243084],[106.78962200292956,-6.239358065754772],[106.78959134289752,-6.230316265010915],[106.78055597333336,-6.230346846966055],[106.78058647876753,-6.23938869243084]]]},"id":"252","properties":{"grid_id":"grid_253"}},{"type":"Feature","geometry":{"type":"Polygon","coordinates":[[[106.78962200292956,-6.239358065754772],[106.79865748175176,-6.239327284258791],[106.79862666712565,-6.230285528461924],[106.78959134289752,-6.230316265010915],[106.78962200292956,-6.239358065754772]]]},"id":"253","properties":{"grid_id":"grid_254"}},{"type":"Feature","geometry":{"type":"Polygon","coordinates":[[[106.79865748175176,-6.239327284258791],[106.80769291500548,-6.23929634794671],[106.80766194578916,-6.230254637322893],[106.79862666712565,-6.230285528461924],[106.79865748175176,-6.239327284258791]]]},"id":"254","properties":{"grid_id":"grid_255"}},{"type":"Feature","geometry":{"type":"Polygon","coordinates":[[[106.80769291500548,-6.23929634794671],[106.81672830246217,-6.239265256822362],[106.81669717865952,-6.230223591597642],[106.80766194578916,-6.230254637322893],[106.80769291500548,-6.23929634794671]]]},"id":"255","properties":{"grid_id":"grid_256"}},{"type":"Feature","geometry":{"type":"Polygon","coordinates":[[[106.81672830246217,-6.239265256822362],[106.82576364389321,-6.239234010889601],[106.8257323655081,-6.230192391290023],[106.81669717865952,-6.230223591597642],[106.81672830246217,-6.239265256822362]]]},"id":"256","properties":{"grid_id":"grid_257"}},{"type":"Feature","geometry":{"type":"Polygon","coordinates":[[[106.82576364389321,-6.239234010889601],[106.83479893907001,-6.239202610152291],[106.83476750610637,-6.2301610364038975],[106.8257323655081,-6.230192391290023],[106.82576364389321,-6.239234010889601]]]},"id":"257","properties":{"grid_id":"grid_258"}},{"type":"Feature","geometry":{"type":"Polygon","coordinates":[[[106.83479893907001,-6.239202610152291],[106.84383418776405,-6.239171054614328],[106.84380260022579,-6.230129526943151],[106.83476750610637,-6.2301610364038975],[106.83479893907001,-6.239202610152291]]]},"id":"258","properties":{"grid_id":"grid_259"}},{"type":"Feature","geometry":{"type":"Polygon","coordinates":[[[106.84383418776405,-6.239171054614328],[106.8528693897467,-6.239139344279616],[106.85283764763773,-6.230097862911685],[106.84380260022579,-6.230129526943151],[106.84383418776405,-6.239171054614328]]]},"id":"259","properties":{"grid_id":"grid_260"}},{"type":"Feature","geometry":{"type":"Polygon","coordinates":[[[106.8528693897467,-6.239139344279616],[106.8619045447894,-6.2391074791520875],[106.86187264811372,-6.230066044313421],[106.85283764763773,-6.230097862911685],[106.8528693897467,-6.239139344279616]]]},"id":"260","properties":{"grid_id":"grid_261"}},{"type":"Feature","geometry":{"type":"Polygon","coordinates":[[[106.8619045447894,-6.2391074791520875],[106.87093965266364,-6.239075459235685],[106.87090760142519,-6.2300340711523035],[106.86187264811372,-6.230066044313421],[106.8619045447894,-6.2391074791520875]]]},"id":"261","properties":{"grid_id":"grid_262"}},{"type":"Feature","geometry":{"type":"Polygon","coordinates":[[[106.87093965266364,-6.239075459235685],[106.87997471314077,-6.239043284534378],[106.87994250734359,-6.230001943432289],[106.87090760142519,-6.2300340711523035],[106.87093965266364,-6.239075459235685]]]},"id":"262","properties":{"grid_id":"grid_263"}},{"type":"Feature","geometry":{"type":"Polygon","coordinates":[[[106.87997471314077,-6.239043284534378],[106.88900972599235,-6.239010955052147],[106.88897736564041,-6.229969661157359],[106.87994250734359,-6.230001943432289],[106.87997471314077,-6.239043284534378]]]},"id":"263","properties":{"grid_id":"grid_264"}},{"type":"Feature","geometry":{"type":"Polygon","coordinates":[[[106.88900972599235,-6.239010955052147],[106.89804469098976,-6.238978470793002],[106.89801217608714,-6.229937224331509],[106.88897736564041,-6.229969661157359],[106.88900972599235,-6.239010955052147]]]},"id":"264","properties":{"grid_id":"grid_265"}},{"type":"Feature","geometry":{"type":"Polygon","coordinates":[[[106.89804469098976,-6.238978470793002],[106.90707960790449,-6.238945831760964],[106.90704693845522,-6.229904632958761],[106.89801217608714,-6.229937224331509],[106.89804469098976,-6.238978470793002]]]},"id":"265","properties":{"grid_id":"grid_266"}},{"type":"Feature","geometry":{"type":"Polygon","coordinates":[[[106.90707960790449,-6.238945831760964],[106.91611447650799,-6.238913037960074],[106.91608165251618,-6.2298718870431475],[106.90704693845522,-6.229904632958761],[106.90707960790449,-6.238945831760964]]]},"id":"266","properties":{"grid_id":"grid_267"}},{"type":"Feature","geometry":{"type":"Polygon","coordinates":[[[106.91611447650799,-6.238913037960074],[106.92514929657179,-6.238880089394398],[106.92511631804149,-6.229838986588728],[106.91608165251618,-6.2298718870431475],[106.91611447650799,-6.238913037960074]]]},"id":"267","properties":{"grid_id":"grid_268"}},{"type":"Feature","geometry":{"type":"Polygon","coordinates":[[[106.92514929657179,-6.238880089394398],[106.93418406786732,-6.238846986068012],[106.93415093480267,-6.229805931599572],[106.92511631804149,-6.229838986588728],[106.92514929657179,-6.238880089394398]]]},"id":"268","properties":{"grid_id":"grid_269"}},{"type":"Feature","geometry":{"type":"Polygon","coordinates":[[[106.94320940016382,-6.236263408099123],[106.94318550257121,-6.229772722079779],[106.93415093480267,-6.229805931599572],[106.93418406786732,-6.238846986068012],[106.94289958161883,-6.238814905659378],[106.94282721289122,-6.237232200092901],[106.94320940016382,-6.236263408099123]]]},"id":"269","properties":{"grid_id":"grid_270"}},{"type":"Feature","geometry":{"type":"Polygon","coordinates":[[[106.94577369308954,-6.2297631797223945],[106.94318550257121,-6.229772722079779],[106.94320940016382,-6.236263408099123],[106.94577369308954,-6.2297631797223945]]]},"id":"270","properties":{"grid_id":"grid_271"}},{"type":"Feature","geometry":{"type":"Polygon","coordinates":[[[106.72631792332068,-6.222905780350151],[106.72631328266145,-6.2214849797407386],[106.71894190434395,-6.221509022571896],[106.72631792332068,-6.222905780350151]]]},"id":"271","properties":{"grid_id":"grid_272"}},{"type":"Feature","geometry":{"type":"Polygon","coordinates":[[[106.73535914808916,-6.224617719647631],[106.73534876504937,-6.221455368790601],[106.72631328266145,-6.2214849797407386],[106.72631792332068,-6.222905780350151],[106.73535914808916,-6.224617719647631]]]},"id":"272","properties":{"grid_id":"grid_273"}},{"type":"Feature","geometry":{"type":"Polygon","coordinates":[[[106.7412806347232,-6.230477983486142],[106.74441404628841,-6.230467628772634],[106.74438420347659,-6.2214256034502595],[106.73534876504937,-6.221455368790601],[106.73535914808916,-6.224617719647631],[106.73889349701145,-6.225286897283901],[106.7412806347232,-6.230477983486142]]]},"id":"273","properties":{"grid_id":"grid_274"}},{"type":"Feature","geometry":{"type":"Polygon","coordinates":[[[106.74441404628841,-6.230467628772634],[106.75344959491068,-6.230437665230587],[106.75341959771451,-6.221395683723402],[106.74438420347659,-6.2214256034502595],[106.74441404628841,-6.230467628772634]]]},"id":"274","properties":{"grid_id":"grid_275"}},{"type":"Feature","geometry":{"type":"Polygon","coordinates":[[[106.75344959491068,-6.230437665230587],[106.76248509911134,-6.2304075470796505],[106.76245494753455,-6.221365609613731],[106.75341959771451,-6.221395683723402],[106.75344959491068,-6.230437665230587]]]},"id":"275","properties":{"grid_id":"grid_276"}},{"type":"Feature","geometry":{"type":"Polygon","coordinates":[[[106.76248509911134,-6.2304075470796505],[106.77152055866178,-6.230377274323557],[106.7714902527081,-6.221335381124975],[106.76245494753455,-6.221365609613731],[106.76248509911134,-6.2304075470796505]]]},"id":"276","properties":{"grid_id":"grid_277"}},{"type":"Feature","geometry":{"type":"Polygon","coordinates":[[[106.77152055866178,-6.230377274323557],[106.78055597333336,-6.230346846966055],[106.78052551300662,-6.221304998260874],[106.7714902527081,-6.221335381124975],[106.77152055866178,-6.230377274323557]]]},"id":"277","properties":{"grid_id":"grid_278"}},{"type":"Feature","geometry":{"type":"Polygon","coordinates":[[[106.78055597333336,-6.230346846966055],[106.78959134289752,-6.230316265010915],[106.78956072820148,-6.2212744610252],[106.78052551300662,-6.221304998260874],[106.78055597333336,-6.230346846966055]]]},"id":"278","properties":{"grid_id":"grid_279"}},{"type":"Feature","geometry":{"type":"Polygon","coordinates":[[[106.78959134289752,-6.230316265010915],[106.79862666712565,-6.230285528461924],[106.79859589806416,-6.2212437694217275],[106.78956072820148,-6.2212744610252],[106.78959134289752,-6.230316265010915]]]},"id":"279","properties":{"grid_id":"grid_280"}},{"type":"Feature","geometry":{"type":"Polygon","coordinates":[[[106.79862666712565,-6.230285528461924],[106.80766194578916,-6.230254637322893],[106.80763102236608,-6.221212923454263],[106.79859589806416,-6.2212437694217275],[106.79862666712565,-6.230285528461924]]]},"id":"280","properties":{"grid_id":"grid_281"}},{"type":"Feature","geometry":{"type":"Polygon","coordinates":[[[106.80766194578916,-6.230254637322893],[106.81669717865952,-6.230223591597642],[106.81666610087865,-6.221181923126625],[106.80763102236608,-6.221212923454263],[106.80766194578916,-6.230254637322893]]]},"id":"281","properties":{"grid_id":"grid_282"}},{"type":"Feature","geometry":{"type":"Polygon","coordinates":[[[106.81669717865952,-6.230223591597642],[106.8257323655081,-6.230192391290023],[106.82570113337336,-6.221150768442656],[106.81666610087865,-6.221181923126625],[106.81669717865952,-6.230223591597642]]]},"id":"282","properties":{"grid_id":"grid_283"}},{"type":"Feature","geometry":{"type":"Polygon","coordinates":[[[106.8257323655081,-6.230192391290023],[106.83476750610637,-6.2301610364038975],[106.83473611962164,-6.2211194594062125],[106.82570113337336,-6.221150768442656],[106.8257323655081,-6.230192391290023]]]},"id":"283","properties":{"grid_id":"grid_284"}},{"type":"Feature","geometry":{"type":"Polygon","coordinates":[[[106.83476750610637,-6.2301610364038975],[106.84380260022579,-6.230129526943151],[106.84377105939495,-6.221087996021172],[106.83473611962164,-6.2211194594062125],[106.83476750610637,-6.2301610364038975]]]},"id":"284","properties":{"grid_id":"grid_285"}},{"type":"Feature","geometry":{"type":"Polygon","coordinates":[[[106.84380260022579,-6.230129526943151],[106.85283764763773,-6.230097862911685],[106.85280595246476,-6.221056378291435],[106.84377105939495,-6.221087996021172],[106.84380260022579,-6.230129526943151]]]},"id":"285","properties":{"grid_id":"grid_286"}},{"type":"Feature","geometry":{"type":"Polygon","coordinates":[[[106.85283764763773,-6.230097862911685],[106.86187264811372,-6.230066044313421],[106.86184079860256,-6.221024606220916],[106.85280595246476,-6.221056378291435],[106.85283764763773,-6.230097862911685]]]},"id":"286","properties":{"grid_id":"grid_287"}},{"type":"Feature","geometry":{"type":"Polygon","coordinates":[[[106.86187264811372,-6.230066044313421],[106.87090760142519,-6.2300340711523035],[106.87087559757983,-6.220992679813549],[106.86184079860256,-6.221024606220916],[106.86187264811372,-6.230066044313421]]]},"id":"287","properties":{"grid_id":"grid_288"}},{"type":"Feature","geometry":{"type":"Polygon","coordinates":[[[106.87090760142519,-6.2300340711523035],[106.87994250734359,-6.230001943432289],[106.879910349168,-6.220960599073289],[106.87087559757983,-6.220992679813549],[106.87090760142519,-6.2300340711523035]]]},"id":"288","properties":{"grid_id":"grid_289"}},{"type":"Feature","geometry":{"type":"Polygon","coordinates":[[[106.87994250734359,-6.230001943432289],[106.88897736564041,-6.229969661157359],[106.88894505313863,-6.220928364004112],[106.879910349168,-6.220960599073289],[106.87994250734359,-6.230001943432289]]]},"id":"289","properties":{"grid_id":"grid_290"}},{"type":"Feature","geometry":{"type":"Polygon","coordinates":[[[106.88897736564041,-6.229969661157359],[106.89801217608714,-6.229937224331509],[106.89797970926317,-6.2208959746100065],[106.88894505313863,-6.220928364004112],[106.88897736564041,-6.229969661157359]]]},"id":"290","properties":{"grid_id":"grid_291"}},{"type":"Feature","geometry":{"type":"Polygon","coordinates":[[[106.89801217608714,-6.229937224331509],[106.90704693845522,-6.229904632958761],[106.90701431731313,-6.220863430894988],[106.89797970926317,-6.2208959746100065],[106.89801217608714,-6.229937224331509]]]},"id":"291","properties":{"grid_id":"grid_292"}},{"type":"Feature","geometry":{"type":"Polygon","coordinates":[[[106.90704693845522,-6.229904632958761],[106.91608165251618,-6.2298718870431475],[106.91604887706,-6.220830732863082],[106.90701431731313,-6.220863430894988],[106.90704693845522,-6.229904632958761]]]},"id":"292","properties":{"grid_id":"grid_293"}},{"type":"Feature","geometry":{"type":"Polygon","coordinates":[[[106.91608165251618,-6.2298718870431475],[106.92511631804149,-6.229838986588728],[106.92508338827537,-6.220797880518343],[106.91604887706,-6.220830732863082],[106.91608165251618,-6.2298718870431475]]]},"id":"293","properties":{"grid_id":"grid_294"}},{"type":"Feature","geometry":{"type":"Polygon","coordinates":[[[106.92511631804149,-6.229838986588728],[106.93415093480267,-6.229805931599572],[106.93411785073069,-6.220764873864837],[106.92508338827537,-6.220797880518343],[106.92511631804149,-6.229838986588728]]]},"id":"294","properties":{"grid_id":"grid_295"}},{"type":"Feature","geometry":{"type":"Polygon","coordinates":[[[106.93415093480267,-6.229805931599572],[106.94318550257121,-6.229772722079779],[106.94315226419748,-6.220731712906654],[106.93411785073069,-6.220764873864837],[106.93415093480267,-6.229805931599572]]]},"id":"295","properties":{"grid_id":"grid_296"}},{"type":"Feature","geometry":{"type":"Polygon","coordinates":[[[106.94934543014438,-6.220708891435312],[106.94315226419748,-6.220731712906654],[106.94318550257121,-6.229772722079779],[106.94577369308954,-6.2297631797223945],[106.94934543014438,-6.220708891435312]]]},"id":"296","properties":{"grid_id":"grid_297"}},{"type":"Feature","geometry":{"type":"Polygon","coordinates":[[[106.71727671586936,-6.221193679437914],[106.71727662553722,-6.221165837169715],[106.7172641635091,-6.221191302328027],[106.71727671586936,-6.221193679437914]]]},"id":"297","properties":{"grid_id":"grid_298"}},{"type":"Feature","geometry":{"type":"Polygon","coordinates":[[[106.71894190434395,-6.221509022571896],[106.72631328266145,-6.2214849797407386],[106.72628379236164,-6.2124428642391045],[106.72153778665816,-6.212458333325357],[106.71727662553722,-6.221165837169715],[106.71727671586936,-6.221193679437914],[106.71894190434395,-6.221509022571896]]]},"id":"298","properties":{"grid_id":"grid_299"}},{"type":"Feature","geometry":{"type":"Polygon","coordinates":[[[106.72631328266145,-6.2214849797407386],[106.73534876504937,-6.221455368790601],[106.73531912058635,-6.21241329665057],[106.72628379236164,-6.2124428642391045],[106.72631328266145,-6.2214849797407386]]]},"id":"299","properties":{"grid_id":"grid_300"}},{"type":"Feature","geometry":{"type":"Polygon","coordinates":[[[106.73534876504937,-6.221455368790601],[106.74438420347659,-6.2214256034502595],[106.74435440485408,-6.212383574897907],[106.73531912058635,-6.21241329665057],[106.73534876504937,-6.221455368790601]]]},"id":"300","properties":{"grid_id":"grid_301"}},{"type":"Feature","geometry":{"type":"Polygon","coordinates":[[[106.74438420347659,-6.2214256034502595],[106.75341959771451,-6.221395683723402],[106.75338964493625,-6.212353698984804],[106.74435440485408,-6.212383574897907],[106.74438420347659,-6.2214256034502595]]]},"id":"301","properties":{"grid_id":"grid_302"}},{"type":"Feature","geometry":{"type":"Polygon","coordinates":[[[106.75341959771451,-6.221395683723402],[106.76245494753455,-6.221365609613731],[106.76242484060424,-6.212323668914959],[106.75338964493625,-6.212353698984804],[106.75341959771451,-6.221395683723402]]]},"id":"302","properties":{"grid_id":"grid_303"}},{"type":"Feature","geometry":{"type":"Polygon","coordinates":[[[106.76245494753455,-6.221365609613731],[106.7714902527081,-6.221335381124975],[106.77145999162953,-6.212293484692092],[106.76242484060424,-6.212323668914959],[106.76245494753455,-6.221365609613731]]]},"id":"303","properties":{"grid_id":"grid_304"}},{"type":"Feature","geometry":{"type":"Polygon","coordinates":[[[106.7714902527081,-6.221335381124975],[106.78052551300662,-6.221304998260874],[106.78049509778351,-6.212263146319942],[106.77145999162953,-6.212293484692092],[106.7714902527081,-6.221335381124975]]]},"id":"304","properties":{"grid_id":"grid_305"}},{"type":"Feature","geometry":{"type":"Polygon","coordinates":[[[106.78052551300662,-6.221304998260874],[106.78956072820148,-6.2212744610252],[106.78953015883768,-6.212232653802267],[106.78049509778351,-6.212263146319942],[106.78052551300662,-6.221304998260874]]]},"id":"305","properties":{"grid_id":"grid_306"}},{"type":"Feature","geometry":{"type":"Polygon","coordinates":[[[106.78956072820148,-6.2212744610252],[106.79859589806416,-6.2212437694217275],[106.79856517456344,-6.212202007142844],[106.78953015883768,-6.212232653802267],[106.78956072820148,-6.2212744610252]]]},"id":"306","properties":{"grid_id":"grid_307"}},{"type":"Feature","geometry":{"type":"Polygon","coordinates":[[[106.79859589806416,-6.2212437694217275],[106.80763102236608,-6.221212923454263],[106.80760014473229,-6.21217120634547],[106.79856517456344,-6.212202007142844],[106.79859589806416,-6.2212437694217275]]]},"id":"307","properties":{"grid_id":"grid_308"}},{"type":"Feature","geometry":{"type":"Polygon","coordinates":[[[106.80763102236608,-6.221212923454263],[106.81666610087865,-6.221181923126625],[106.81663506911565,-6.2121402514139605],[106.80760014473229,-6.21217120634547],[106.80763102236608,-6.221212923454263]]]},"id":"308","properties":{"grid_id":"grid_309"}},{"type":"Feature","geometry":{"type":"Polygon","coordinates":[[[106.81666610087865,-6.221181923126625],[106.82570113337336,-6.221150768442656],[106.82566994748501,-6.212109142352148],[106.81663506911565,-6.2121402514139605],[106.81666610087865,-6.221181923126625]]]},"id":"309","properties":{"grid_id":"grid_310"}},{"type":"Feature","geometry":{"type":"Polygon","coordinates":[[[106.82570113337336,-6.221150768442656],[106.83473611962164,-6.2211194594062125],[106.83470477961184,-6.2120778791638855],[106.82566994748501,-6.212109142352148],[106.82570113337336,-6.221150768442656]]]},"id":"310","properties":{"grid_id":"grid_311"}},{"type":"Feature","geometry":{"type":"Polygon","coordinates":[[[106.83473611962164,-6.2211194594062125],[106.84377105939495,-6.221087996021172],[106.8437395652676,-6.212046461853048],[106.83470477961184,-6.2120778791638855],[106.83473611962164,-6.2211194594062125]]]},"id":"311","properties":{"grid_id":"grid_312"}},{"type":"Feature","geometry":{"type":"Polygon","coordinates":[[[106.84377105939495,-6.221087996021172],[106.85280595246476,-6.221056378291435],[106.85277430422383,-6.212014890423526],[106.8437395652676,-6.212046461853048],[106.84377105939495,-6.221087996021172]]]},"id":"312","properties":{"grid_id":"grid_313"}},{"type":"Feature","geometry":{"type":"Polygon","coordinates":[[[106.85280595246476,-6.221056378291435],[106.86184079860256,-6.221024606220916],[106.86180899625194,-6.211983164879228],[106.85277430422383,-6.212014890423526],[106.85280595246476,-6.221056378291435]]]},"id":"313","properties":{"grid_id":"grid_314"}},{"type":"Feature","geometry":{"type":"Polygon","coordinates":[[[106.86184079860256,-6.221024606220916],[106.87087559757983,-6.220992679813549],[106.8708436411235,-6.211951285224084],[106.86180899625194,-6.211983164879228],[106.86184079860256,-6.221024606220916]]]},"id":"314","properties":{"grid_id":"grid_315"}},{"type":"Feature","geometry":{"type":"Polygon","coordinates":[[[106.87087559757983,-6.220992679813549],[106.879910349168,-6.220960599073289],[106.87987823860998,-6.211919251462046],[106.8708436411235,-6.211951285224084],[106.87087559757983,-6.220992679813549]]]},"id":"315","properties":{"grid_id":"grid_316"}},{"type":"Feature","geometry":{"type":"Polygon","coordinates":[[[106.879910349168,-6.220960599073289],[106.88894505313863,-6.220928364004112],[106.88891278848288,-6.211887063597074],[106.87987823860998,-6.211919251462046],[106.879910349168,-6.220960599073289]]]},"id":"316","properties":{"grid_id":"grid_317"}},{"type":"Feature","geometry":{"type":"Polygon","coordinates":[[[106.88894505313863,-6.220928364004112],[106.89797970926317,-6.2208959746100065],[106.89794729051376,-6.211854721633163],[106.88891278848288,-6.211887063597074],[106.88894505313863,-6.220928364004112]]]},"id":"317","properties":{"grid_id":"grid_318"}},{"type":"Feature","geometry":{"type":"Polygon","coordinates":[[[106.89797970926317,-6.2208959746100065],[106.90701431731313,-6.220863430894988],[106.9069817444741,-6.211822225574313],[106.89794729051376,-6.211854721633163],[106.89797970926317,-6.2208959746100065]]]},"id":"318","properties":{"grid_id":"grid_319"}},{"type":"Feature","geometry":{"type":"Polygon","coordinates":[[[106.90701431731313,-6.220863430894988],[106.91604887706,-6.220830732863082],[106.91601615013539,-6.21178957542455],[106.9069817444741,-6.211822225574313],[106.90701431731313,-6.220863430894988]]]},"id":"319","properties":{"grid_id":"grid_320"}},{"type":"Feature","geometry":{"type":"Polygon","coordinates":[[[106.91604887706,-6.220830732863082],[106.92508338827537,-6.220797880518343],[106.92505050726925,-6.21175677118792],[106.91601615013539,-6.21178957542455],[106.91604887706,-6.220830732863082]]]},"id":"320","properties":{"grid_id":"grid_321"}},{"type":"Feature","geometry":{"type":"Polygon","coordinates":[[[106.92508338827537,-6.220797880518343],[106.93411785073069,-6.220764873864837],[106.93408481564717,-6.211723812868484],[106.92505050726925,-6.21175677118792],[106.92508338827537,-6.220797880518343]]]},"id":"321","properties":{"grid_id":"grid_322"}},{"type":"Feature","geometry":{"type":"Polygon","coordinates":[[[106.93411785073069,-6.220764873864837],[106.94315226419748,-6.220731712906654],[106.94311907504073,-6.211690700470322],[106.93408481564717,-6.211723812868484],[106.93411785073069,-6.220764873864837]]]},"id":"322","properties":{"grid_id":"grid_323"}},{"type":"Feature","geometry":{"type":"Polygon","coordinates":[[[106.95217734081857,-6.218180102838563],[106.95215328522144,-6.211657433997537],[106.94311907504073,-6.211690700470322],[106.94315226419748,-6.220731712906654],[106.94934543014438,-6.220708891435312],[106.94969366797122,-6.219826096916178],[106.95217734081857,-6.218180102838563]]]},"id":"323","properties":{"grid_id":"grid_324"}},{"type":"Feature","geometry":{"type":"Polygon","coordinates":[[[106.96118960689151,-6.212207257739432],[106.96118744596086,-6.211624013454248],[106.95215328522144,-6.211657433997537],[106.95217734081857,-6.218180102838563],[106.96118960689151,-6.212207257739432]]]},"id":"324","properties":{"grid_id":"grid_325"}},{"type":"Feature","geometry":{"type":"Polygon","coordinates":[[[106.96207458966207,-6.211620723234477],[106.96118744596086,-6.211624013454248],[106.96118960689151,-6.212207257739432],[106.96207458966207,-6.211620723234477]]]},"id":"325","properties":{"grid_id":"grid_326"}},{"type":"Feature","geometry":{"type":"Polygon","coordinates":[[[106.72153778665816,-6.212458333325357],[106.72628379236164,-6.2124428642391045],[106.72625434579022,-6.20340074551496],[106.72344397308129,-6.203409897439606],[106.72344397308126,-6.208563017070285],[106.72153778665816,-6.212458333325357]]]},"id":"326","properties":{"grid_id":"grid_327"}},{"type":"Feature","geometry":{"type":"Polygon","coordinates":[[[106.72628379236164,-6.2124428642391045],[106.73531912058635,-6.21241329665057],[106.73528952008036,-6.203371221286608],[106.72625434579022,-6.20340074551496],[106.72628379236164,-6.2124428642391045]]]},"id":"327","properties":{"grid_id":"grid_328"}},{"type":"Feature","geometry":{"type":"Polygon","coordinates":[[[106.73531912058635,-6.21241329665057],[106.74435440485408,-6.212383574897907],[106.74432465041716,-6.203341543120203],[106.73528952008036,-6.203371221286608],[106.73531912058635,-6.21241329665057]]]},"id":"328","properties":{"grid_id":"grid_329"}},{"type":"Feature","geometry":{"type":"Polygon","coordinates":[[[106.74435440485408,-6.212383574897907],[106.75338964493625,-6.212353698984804],[106.75335973657212,-6.203311711019424],[106.74432465041716,-6.203341543120203],[106.74435440485408,-6.212383574897907]]]},"id":"329","properties":{"grid_id":"grid_330"}},{"type":"Feature","geometry":{"type":"Polygon","coordinates":[[[106.75338964493625,-6.212353698984804],[106.76242484060424,-6.212323668914959],[106.76239477831665,-6.203281724987965],[106.75335973657212,-6.203311711019424],[106.75338964493625,-6.212353698984804]]]},"id":"330","properties":{"grid_id":"grid_331"}},{"type":"Feature","geometry":{"type":"Polygon","coordinates":[[[106.76242484060424,-6.212323668914959],[106.77145999162953,-6.212293484692092],[106.77142977542219,-6.203251585029545],[106.76239477831665,-6.203281724987965],[106.76242484060424,-6.212323668914959]]]},"id":"331","properties":{"grid_id":"grid_332"}},{"type":"Feature","geometry":{"type":"Polygon","coordinates":[[[106.77145999162953,-6.212293484692092],[106.78049509778351,-6.212263146319942],[106.78046472766026,-6.203221291147889],[106.77142977542219,-6.203251585029545],[106.77145999162953,-6.212293484692092]]]},"id":"332","properties":{"grid_id":"grid_333"}},{"type":"Feature","geometry":{"type":"Polygon","coordinates":[[[106.78049509778351,-6.212263146319942],[106.78953015883768,-6.212232653802267],[106.78949963480224,-6.203190843346755],[106.78046472766026,-6.203221291147889],[106.78049509778351,-6.212263146319942]]]},"id":"333","properties":{"grid_id":"grid_334"}},{"type":"Feature","geometry":{"type":"Polygon","coordinates":[[[106.78953015883768,-6.212232653802267],[106.79856517456344,-6.212202007142844],[106.79853449661967,-6.203160241629914],[106.78949963480224,-6.203190843346755],[106.78953015883768,-6.212232653802267]]]},"id":"334","properties":{"grid_id":"grid_335"}},{"type":"Feature","geometry":{"type":"Polygon","coordinates":[[[106.79856517456344,-6.212202007142844],[106.80760014473229,-6.21217120634547],[106.80756931288398,-6.203129486001157],[106.79853449661967,-6.203160241629914],[106.79856517456344,-6.212202007142844]]]},"id":"335","properties":{"grid_id":"grid_336"}},{"type":"Feature","geometry":{"type":"Polygon","coordinates":[[[106.80760014473229,-6.21217120634547],[106.81663506911565,-6.2121402514139605],[106.81660408336666,-6.203098576464291],[106.80756931288398,-6.203129486001157],[106.80760014473229,-6.21217120634547]]]},"id":"336","properties":{"grid_id":"grid_337"}},{"type":"Feature","geometry":{"type":"Polygon","coordinates":[[[106.81663506911565,-6.2121402514139605],[106.82566994748501,-6.212109142352148],[106.8256388078392,-6.203067513023145],[106.81660408336666,-6.203098576464291],[106.81663506911565,-6.2121402514139605]]]},"id":"337","properties":{"grid_id":"grid_338"}},{"type":"Feature","geometry":{"type":"Polygon","coordinates":[[[106.82566994748501,-6.212109142352148],[106.83470477961184,-6.2120778791638855],[106.83467348607309,-6.203036295681568],[106.8256388078392,-6.203067513023145],[106.82566994748501,-6.212109142352148]]]},"id":"338","properties":{"grid_id":"grid_339"}},{"type":"Feature","geometry":{"type":"Polygon","coordinates":[[[106.83470477961184,-6.2120778791638855],[106.8437395652676,-6.212046461853048],[106.84370811783985,-6.203004924443428],[106.83467348607309,-6.203036295681568],[106.83470477961184,-6.2120778791638855]]]},"id":"339","properties":{"grid_id":"grid_340"}},{"type":"Feature","geometry":{"type":"Polygon","coordinates":[[[106.8437395652676,-6.212046461853048],[106.85277430422383,-6.212014890423526],[106.85274270291094,-6.202973399312607],[106.84370811783985,-6.203004924443428],[106.8437395652676,-6.212046461853048]]]},"id":"340","properties":{"grid_id":"grid_341"}},{"type":"Feature","geometry":{"type":"Polygon","coordinates":[[[106.85277430422383,-6.212014890423526],[106.86180899625194,-6.211983164879228],[106.86177724105791,-6.202941720293013],[106.85274270291094,-6.202973399312607],[106.85277430422383,-6.212014890423526]]]},"id":"341","properties":{"grid_id":"grid_342"}},{"type":"Feature","geometry":{"type":"Polygon","coordinates":[[[106.86180899625194,-6.211983164879228],[106.8708436411235,-6.211951285224084],[106.87081173205227,-6.202909887388566],[106.86177724105791,-6.202941720293013],[106.86180899625194,-6.211983164879228]]]},"id":"342","properties":{"grid_id":"grid_343"}},{"type":"Feature","geometry":{"type":"Polygon","coordinates":[[[106.8708436411235,-6.211951285224084],[106.87987823860998,-6.211919251462046],[106.87984617566555,-6.202877900603214],[106.87081173205227,-6.202909887388566],[106.8708436411235,-6.211951285224084]]]},"id":"343","properties":{"grid_id":"grid_344"}},{"type":"Feature","geometry":{"type":"Polygon","coordinates":[[[106.87987823860998,-6.211919251462046],[106.88891278848288,-6.211887063597074],[106.88888057166922,-6.202845759940909],[106.87984617566555,-6.202877900603214],[106.87987823860998,-6.211919251462046]]]},"id":"344","properties":{"grid_id":"grid_345"}},{"type":"Feature","geometry":{"type":"Polygon","coordinates":[[[106.88891278848288,-6.211887063597074],[106.89794729051376,-6.211854721633163],[106.89791491983489,-6.202813465405643],[106.88888057166922,-6.202845759940909],[106.88891278848288,-6.211887063597074]]]},"id":"345","properties":{"grid_id":"grid_346"}},{"type":"Feature","geometry":{"type":"Polygon","coordinates":[[[106.89794729051376,-6.211854721633163],[106.9069817444741,-6.211822225574313],[106.90694921993405,-6.202781017001409],[106.89791491983489,-6.202813465405643],[106.89794729051376,-6.211854721633163]]]},"id":"346","properties":{"grid_id":"grid_347"}},{"type":"Feature","geometry":{"type":"Polygon","coordinates":[[[106.9069817444741,-6.211822225574313],[106.91601615013539,-6.21178957542455],[106.91598347173826,-6.202748414732225],[106.90694921993405,-6.202781017001409],[106.9069817444741,-6.211822225574313]]]},"id":"347","properties":{"grid_id":"grid_348"}},{"type":"Feature","geometry":{"type":"Polygon","coordinates":[[[106.91601615013539,-6.21178957542455],[106.92505050726925,-6.21175677118792],[106.92501767501908,-6.202715658602132],[106.91598347173826,-6.202748414732225],[106.91601615013539,-6.21178957542455]]]},"id":"348","properties":{"grid_id":"grid_349"}},{"type":"Feature","geometry":{"type":"Polygon","coordinates":[[[106.92505050726925,-6.21175677118792],[106.93408481564717,-6.211723812868484],[106.93405182954807,-6.202682748615186],[106.92501767501908,-6.202715658602132],[106.92505050726925,-6.21175677118792]]]},"id":"349","properties":{"grid_id":"grid_350"}},{"type":"Feature","geometry":{"type":"Polygon","coordinates":[[[106.93408481564717,-6.211723812868484],[106.94311907504073,-6.211690700470322],[106.94308593509678,-6.202649684775461],[106.93405182954807,-6.202682748615186],[106.93408481564717,-6.211723812868484]]]},"id":"350","properties":{"grid_id":"grid_351"}},{"type":"Feature","geometry":{"type":"Polygon","coordinates":[[[106.94311907504073,-6.211690700470322],[106.95215328522144,-6.211657433997537],[106.95211999143682,-6.202616467087053],[106.94308593509678,-6.202649684775461],[106.94311907504073,-6.211690700470322]]]},"id":"351","properties":{"grid_id":"grid_352"}},{"type":"Feature","geometry":{"type":"Polygon","coordinates":[[[106.95215328522144,-6.211657433997537],[106.96118744596086,-6.211624013454248],[106.96115399833971,-6.2025830955540755],[106.95211999143682,-6.202616467087053],[106.95215328522144,-6.211657433997537]]]},"id":"352","properties":{"grid_id":"grid_353"}},{"type":"Feature","geometry":{"type":"Polygon","coordinates":[[[106.96667636677591,-6.202562620003597],[106.96115399833971,-6.2025830955540755],[106.96118744596086,-6.211624013454248],[106.96207458966207,-6.211620723234477],[106.96514319190142,-6.209586943379077],[106.96667636677591,-6.202562620003597]]]},"id":"353","properties":{"grid_id":"grid_354"}},{"type":"Feature","geometry":{"type":"Polygon","coordinates":[[[106.7171911891528,-6.194793093659493],[106.71718987863842,-6.194387950726876],[106.71539095637065,-6.19439377144816],[106.71486090423117,-6.196275746183559],[106.7171911891528,-6.194793093659493]]]},"id":"354","properties":{"grid_id":"grid_355"}},{"type":"Feature","geometry":{"type":"MultiPolygon","coordinates":[[[[106.71783121111294,-6.194385874048272],[106.71718987863842,-6.194387950726876],[106.7171911891528,-6.194793093659493],[106.71783121111294,-6.194385874048272]]],[[[106.72344397308129,-6.203409897439606],[106.72625434579022,-6.20340074551496],[106.72622494294357,-6.194358623572929],[106.72344397308132,-6.194367666678287],[106.72344397308129,-6.203409897439606]]]]},"id":"355","properties":{"grid_id":"grid_356"}},{"type":"Feature","geometry":{"type":"Polygon","coordinates":[[[106.72625434579022,-6.20340074551496],[106.73528952008036,-6.203371221286608],[106.73525996352767,-6.194329142703345],[106.72622494294357,-6.194358623572929],[106.72625434579022,-6.20340074551496]]]},"id":"356","properties":{"grid_id":"grid_357"}},{"type":"Feature","geometry":{"type":"Polygon","coordinates":[[[106.73528952008036,-6.203371221286608],[106.74432465041716,-6.203341543120203],[106.7442949401621,-6.194299508121776],[106.73525996352767,-6.194329142703345],[106.73528952008036,-6.203371221286608]]]},"id":"357","properties":{"grid_id":"grid_358"}},{"type":"Feature","geometry":{"type":"Polygon","coordinates":[[[106.74432465041716,-6.203341543120203],[106.75335973657212,-6.203311711019424],[106.75332987261842,-6.194269719831893],[106.7442949401621,-6.194299508121776],[106.74432465041716,-6.203341543120203]]]},"id":"358","properties":{"grid_id":"grid_359"}},{"type":"Feature","geometry":{"type":"Polygon","coordinates":[[[106.75335973657212,-6.203311711019424],[106.76239477831665,-6.203281724987965],[106.76236476066804,-6.194239777837387],[106.75332987261842,-6.194269719831893],[106.75335973657212,-6.203311711019424]]]},"id":"359","properties":{"grid_id":"grid_360"}},{"type":"Feature","geometry":{"type":"Polygon","coordinates":[[[106.76239477831665,-6.203281724987965],[106.77142977542219,-6.203251585029545],[106.77139960408239,-6.194209682141964],[106.76236476066804,-6.194239777837387],[106.76239477831665,-6.203281724987965]]]},"id":"360","properties":{"grid_id":"grid_361"}},{"type":"Feature","geometry":{"type":"Polygon","coordinates":[[[106.77142977542219,-6.203251585029545],[106.78046472766026,-6.203221291147889],[106.78043440263303,-6.194179432749354],[106.77139960408239,-6.194209682141964],[106.77142977542219,-6.203251585029545]]]},"id":"361","properties":{"grid_id":"grid_362"}},{"type":"Feature","geometry":{"type":"Polygon","coordinates":[[[106.78046472766026,-6.203221291147889],[106.78949963480224,-6.203190843346755],[106.78946915609141,-6.194149029663304],[106.78043440263303,-6.194179432749354],[106.78046472766026,-6.203221291147889]]]},"id":"362","properties":{"grid_id":"grid_363"}},{"type":"Feature","geometry":{"type":"Polygon","coordinates":[[[106.78949963480224,-6.203190843346755],[106.79853449661967,-6.203160241629914],[106.79850386422899,-6.1941184728875776],[106.78946915609141,-6.194149029663304],[106.78949963480224,-6.203190843346755]]]},"id":"363","properties":{"grid_id":"grid_364"}},{"type":"Feature","geometry":{"type":"Polygon","coordinates":[[[106.79853449661967,-6.203160241629914],[106.80756931288398,-6.203129486001157],[106.8075385268173,-6.194087762425963],[106.79850386422899,-6.1941184728875776],[106.79853449661967,-6.203160241629914]]]},"id":"364","properties":{"grid_id":"grid_365"}},{"type":"Feature","geometry":{"type":"Polygon","coordinates":[[[106.80756931288398,-6.203129486001157],[106.81660408336666,-6.203098576464291],[106.81657314362779,-6.1940568982822635],[106.8075385268173,-6.194087762425963],[106.80756931288398,-6.203129486001157]]]},"id":"365","properties":{"grid_id":"grid_366"}},{"type":"Feature","geometry":{"type":"Polygon","coordinates":[[[106.81660408336666,-6.203098576464291],[106.8256388078392,-6.203067513023145],[106.82560771443204,-6.1940258804602975],[106.81657314362779,-6.1940568982822635],[106.81660408336666,-6.203098576464291]]]},"id":"366","properties":{"grid_id":"grid_367"}},{"type":"Feature","geometry":{"type":"Polygon","coordinates":[[[106.8256388078392,-6.203067513023145],[106.83467348607309,-6.203036295681568],[106.8346422390015,-6.1939947089639125],[106.82560771443204,-6.1940258804602975],[106.8256388078392,-6.203067513023145]]]},"id":"367","properties":{"grid_id":"grid_368"}},{"type":"Feature","geometry":{"type":"Polygon","coordinates":[[[106.83467348607309,-6.203036295681568],[106.84370811783985,-6.203004924443428],[106.84367671710774,-6.193963383796968],[106.8346422390015,-6.1939947089639125],[106.83467348607309,-6.203036295681568]]]},"id":"368","properties":{"grid_id":"grid_369"}},{"type":"Feature","geometry":{"type":"Polygon","coordinates":[[[106.84370811783985,-6.203004924443428],[106.85274270291094,-6.202973399312607],[106.85271114852222,-6.193931904963338],[106.84367671710774,-6.193963383796968],[106.84370811783985,-6.203004924443428]]]},"id":"369","properties":{"grid_id":"grid_370"}},{"type":"Feature","geometry":{"type":"Polygon","coordinates":[[[106.85274270291094,-6.202973399312607],[106.86177724105791,-6.202941720293013],[106.86174553301653,-6.19390027246693],[106.85271114852222,-6.193931904963338],[106.85274270291094,-6.202973399312607]]]},"id":"370","properties":{"grid_id":"grid_371"}},{"type":"Feature","geometry":{"type":"Polygon","coordinates":[[[106.86177724105791,-6.202941720293013],[106.87081173205227,-6.202909887388566],[106.87077987036216,-6.193868486311658],[106.86174553301653,-6.19390027246693],[106.86177724105791,-6.202941720293013]]]},"id":"371","properties":{"grid_id":"grid_372"}},{"type":"Feature","geometry":{"type":"Polygon","coordinates":[[[106.87081173205227,-6.202909887388566],[106.87984617566555,-6.202877900603214],[106.87981416033065,-6.193836546501456],[106.87077987036216,-6.193868486311658],[106.87081173205227,-6.202909887388566]]]},"id":"372","properties":{"grid_id":"grid_373"}},{"type":"Feature","geometry":{"type":"Polygon","coordinates":[[[106.87984617566555,-6.202877900603214],[106.88888057166922,-6.202845759940909],[106.8888484026936,-6.193804453040283],[106.87981416033065,-6.193836546501456],[106.87984617566555,-6.202877900603214]]]},"id":"373","properties":{"grid_id":"grid_374"}},{"type":"Feature","geometry":{"type":"Polygon","coordinates":[[[106.88888057166922,-6.202845759940909],[106.89791491983489,-6.202813465405643],[106.89788259722252,-6.193772205932112],[106.8888484026936,-6.193804453040283],[106.88888057166922,-6.202845759940909]]]},"id":"374","properties":{"grid_id":"grid_375"}},{"type":"Feature","geometry":{"type":"Polygon","coordinates":[[[106.89791491983489,-6.202813465405643],[106.90694921993405,-6.202781017001409],[106.90691674368897,-6.19373980518094],[106.89788259722252,-6.193772205932112],[106.89791491983489,-6.202813465405643]]]},"id":"375","properties":{"grid_id":"grid_376"}},{"type":"Feature","geometry":{"type":"Polygon","coordinates":[[[106.90694921993405,-6.202781017001409],[106.91598347173826,-6.202748414732225],[106.9159508418645,-6.1937072507907756],[106.90691674368897,-6.19373980518094],[106.90694921993405,-6.202781017001409]]]},"id":"376","properties":{"grid_id":"grid_377"}},{"type":"Feature","geometry":{"type":"Polygon","coordinates":[[[106.91598347173826,-6.202748414732225],[106.92501767501908,-6.202715658602132],[106.92498489152074,-6.1936745427656525],[106.9159508418645,-6.1937072507907756],[106.91598347173826,-6.202748414732225]]]},"id":"377","properties":{"grid_id":"grid_378"}},{"type":"Feature","geometry":{"type":"Polygon","coordinates":[[[106.92501767501908,-6.202715658602132],[106.93405182954807,-6.202682748615186],[106.93401889242925,-6.193641681109621],[106.92498489152074,-6.1936745427656525],[106.92501767501908,-6.202715658602132]]]},"id":"378","properties":{"grid_id":"grid_379"}},{"type":"Feature","geometry":{"type":"Polygon","coordinates":[[[106.93405182954807,-6.202682748615186],[106.94308593509678,-6.202649684775461],[106.94305284436157,-6.19360866582675],[106.93401889242925,-6.193641681109621],[106.93405182954807,-6.202682748615186]]]},"id":"379","properties":{"grid_id":"grid_380"}},{"type":"Feature","geometry":{"type":"Polygon","coordinates":[[[106.94308593509678,-6.202649684775461],[106.95211999143682,-6.202616467087053],[106.95208674708931,-6.193575496921131],[106.94305284436157,-6.19360866582675],[106.94308593509678,-6.202649684775461]]]},"id":"380","properties":{"grid_id":"grid_381"}},{"type":"Feature","geometry":{"type":"Polygon","coordinates":[[[106.95211999143682,-6.202616467087053],[106.96115399833971,-6.2025830955540755],[106.96112060038409,-6.193542174396867],[106.95208674708931,-6.193575496921131],[106.95211999143682,-6.202616467087053]]]},"id":"381","properties":{"grid_id":"grid_382"}},{"type":"Feature","geometry":{"type":"Polygon","coordinates":[[[106.96865125538818,-6.193514279000338],[106.96112060038409,-6.193542174396867],[106.96115399833971,-6.2025830955540755],[106.96667636677591,-6.202562620003597],[106.96865125538818,-6.193514279000338]]]},"id":"382","properties":{"grid_id":"grid_383"}},{"type":"Feature","geometry":{"type":"MultiPolygon","coordinates":[[[[106.71716824970474,-6.1876915879544425],[106.717160672994,-6.18534578244029],[106.71279708900978,-6.185359870577057],[106.71716824970474,-6.1876915879544425]]],[[[106.71539095637065,-6.19439377144816],[106.71718987863842,-6.194387950726876],[106.71716950057875,-6.188078865774468],[106.71539095637065,-6.19439377144816]]]]},"id":"383","properties":{"grid_id":"grid_384"}},{"type":"Feature","geometry":{"type":"Polygon","coordinates":[[[106.72344397308132,-6.194367666678287],[106.72622494294357,-6.194358623572929],[106.72619558381801,-6.185316498417636],[106.717160672994,-6.18534578244029],[106.71716824970474,-6.1876915879544425],[106.71726416350923,-6.187742750824185],[106.71716950057875,-6.188078865774468],[106.71718987863842,-6.194387950726876],[106.71783121111294,-6.194385874048272],[106.72344397308133,-6.190814645035758],[106.72344397308132,-6.194367666678287]]]},"id":"384","properties":{"grid_id":"grid_385"}},{"type":"Feature","geometry":{"type":"Polygon","coordinates":[[[106.72622494294357,-6.194358623572929],[106.73525996352767,-6.194329142703345],[106.73523045092458,-6.18528706090541],[106.72619558381801,-6.185316498417636],[106.72622494294357,-6.194358623572929]]]},"id":"385","properties":{"grid_id":"grid_386"}},{"type":"Feature","geometry":{"type":"Polygon","coordinates":[[[106.73525996352767,-6.194329142703345],[106.7442949401621,-6.194299508121776],[106.74426527408524,-6.185257469907257],[106.73523045092458,-6.18528706090541],[106.73525996352767,-6.194329142703345]]]},"id":"386","properties":{"grid_id":"grid_387"}},{"type":"Feature","geometry":{"type":"Polygon","coordinates":[[[106.7442949401621,-6.194299508121776],[106.75332987261842,-6.194269719831893],[106.7533000530714,-6.185227725426843],[106.74426527408524,-6.185257469907257],[106.7442949401621,-6.194299508121776]]]},"id":"387","properties":{"grid_id":"grid_388"}},{"type":"Feature","geometry":{"type":"Polygon","coordinates":[[[106.75332987261842,-6.194269719831893],[106.76236476066804,-6.194239777837387],[106.76233478765461,-6.185197827467855],[106.7533000530714,-6.185227725426843],[106.75332987261842,-6.194269719831893]]]},"id":"388","properties":{"grid_id":"grid_389"}},{"type":"Feature","geometry":{"type":"Polygon","coordinates":[[[106.76236476066804,-6.194239777837387],[106.77139960408239,-6.194209682141964],[106.77136947760634,-6.185167776033991],[106.76233478765461,-6.185197827467855],[106.76236476066804,-6.194239777837387]]]},"id":"389","properties":{"grid_id":"grid_390"}},{"type":"Feature","geometry":{"type":"Polygon","coordinates":[[[106.77139960408239,-6.194209682141964],[106.78043440263303,-6.194179432749354],[106.78040412269807,-6.185137571128978],[106.77136947760634,-6.185167776033991],[106.77139960408239,-6.194209682141964]]]},"id":"390","properties":{"grid_id":"grid_391"}},{"type":"Feature","geometry":{"type":"Polygon","coordinates":[[[106.78043440263303,-6.194179432749354],[106.78946915609141,-6.194149029663304],[106.78943872270133,-6.185107212756556],[106.78040412269807,-6.185137571128978],[106.78043440263303,-6.194179432749354]]]},"id":"391","properties":{"grid_id":"grid_392"}},{"type":"Feature","geometry":{"type":"Polygon","coordinates":[[[106.78946915609141,-6.194149029663304],[106.79850386422899,-6.1941184728875776],[106.79847327738759,-6.185076700920482],[106.78943872270133,-6.185107212756556],[106.78946915609141,-6.194149029663304]]]},"id":"392","properties":{"grid_id":"grid_393"}},{"type":"Feature","geometry":{"type":"Polygon","coordinates":[[[106.79850386422899,-6.1941184728875776],[106.8075385268173,-6.194087762425963],[106.80750778652838,-6.185046035624539],[106.79847327738759,-6.185076700920482],[106.79850386422899,-6.1941184728875776]]]},"id":"393","properties":{"grid_id":"grid_394"}},{"type":"Feature","geometry":{"type":"Polygon","coordinates":[[[106.8075385268173,-6.194087762425963],[106.81657314362779,-6.1940568982822635],[106.81654224989524,-6.185015216872525],[106.80750778652838,-6.185046035624539],[106.8075385268173,-6.194087762425963]]]},"id":"394","properties":{"grid_id":"grid_395"}},{"type":"Feature","geometry":{"type":"Polygon","coordinates":[[[106.81657314362779,-6.1940568982822635],[106.82560771443204,-6.1940258804602975],[106.82557666725964,-6.1849842446682555],[106.81654224989524,-6.185015216872525],[106.81657314362779,-6.1940568982822635]]]},"id":"395","properties":{"grid_id":"grid_396"}},{"type":"Feature","geometry":{"type":"Polygon","coordinates":[[[106.82560771443204,-6.1940258804602975],[106.8346422390015,-6.1939947089639125],[106.83461103839319,-6.184953119015567],[106.82557666725964,-6.1849842446682555],[106.82560771443204,-6.1940258804602975]]]},"id":"396","properties":{"grid_id":"grid_397"}},{"type":"Feature","geometry":{"type":"Polygon","coordinates":[[[106.8346422390015,-6.1939947089639125],[106.84367671710774,-6.193963383796968],[106.84364536306735,-6.184921839918317],[106.83461103839319,-6.184953119015567],[106.8346422390015,-6.1939947089639125]]]},"id":"397","properties":{"grid_id":"grid_398"}},{"type":"Feature","geometry":{"type":"Polygon","coordinates":[[[106.84367671710774,-6.193963383796968],[106.85271114852222,-6.193931904963338],[106.8526796410537,-6.184890407380374],[106.84364536306735,-6.184921839918317],[106.84367671710774,-6.193963383796968]]]},"id":"398","properties":{"grid_id":"grid_399"}},{"type":"Feature","geometry":{"type":"Polygon","coordinates":[[[106.85271114852222,-6.193931904963338],[106.86174553301653,-6.19390027246693],[106.86171387212377,-6.184858821405637],[106.8526796410537,-6.184890407380374],[106.85271114852222,-6.193931904963338]]]},"id":"399","properties":{"grid_id":"grid_400"}},{"type":"Feature","geometry":{"type":"Polygon","coordinates":[[[106.86174553301653,-6.19390027246693],[106.87077987036216,-6.193868486311658],[106.87074805604915,-6.184827081998015],[106.86171387212377,-6.184858821405637],[106.86174553301653,-6.19390027246693]]]},"id":"400","properties":{"grid_id":"grid_401"}},{"type":"Feature","geometry":{"type":"Polygon","coordinates":[[[106.87077987036216,-6.193868486311658],[106.87981416033065,-6.193836546501456],[106.87978219260137,-6.184795189161437],[106.87074805604915,-6.184827081998015],[106.87077987036216,-6.193868486311658]]]},"id":"401","properties":{"grid_id":"grid_402"}},{"type":"Feature","geometry":{"type":"Polygon","coordinates":[[[106.87981416033065,-6.193836546501456],[106.8888484026936,-6.193804453040283],[106.88881628155197,-6.184763142899858],[106.87978219260137,-6.184795189161437],[106.87981416033065,-6.193836546501456]]]},"id":"402","properties":{"grid_id":"grid_403"}},{"type":"Feature","geometry":{"type":"Polygon","coordinates":[[[106.8888484026936,-6.193804453040283],[106.89788259722252,-6.193772205932112],[106.89785032267258,-6.184730943217243],[106.88881628155197,-6.184763142899858],[106.8888484026936,-6.193804453040283]]]},"id":"403","properties":{"grid_id":"grid_404"}},{"type":"Feature","geometry":{"type":"Polygon","coordinates":[[[106.89788259722252,-6.193772205932112],[106.90691674368897,-6.19373980518094],[106.90688431573476,-6.184698590117581],[106.89785032267258,-6.184730943217243],[106.89788259722252,-6.193772205932112]]]},"id":"404","properties":{"grid_id":"grid_405"}},{"type":"Feature","geometry":{"type":"Polygon","coordinates":[[[106.90691674368897,-6.19373980518094],[106.9159508418645,-6.1937072507907756],[106.9159182605101,-6.184666083604877],[106.90688431573476,-6.184698590117581],[106.90691674368897,-6.19373980518094]]]},"id":"405","properties":{"grid_id":"grid_406"}},{"type":"Feature","geometry":{"type":"Polygon","coordinates":[[[106.9159508418645,-6.1937072507907756],[106.92498489152074,-6.1936745427656525],[106.92495215677015,-6.184633423683156],[106.9159182605101,-6.184666083604877],[106.9159508418645,-6.1937072507907756]]]},"id":"406","properties":{"grid_id":"grid_407"}},{"type":"Feature","geometry":{"type":"Polygon","coordinates":[[[106.92498489152074,-6.1936745427656525],[106.93401889242925,-6.193641681109621],[106.93398600428655,-6.184600610356467],[106.92495215677015,-6.184633423683156],[106.92498489152074,-6.1936745427656525]]]},"id":"407","properties":{"grid_id":"grid_408"}},{"type":"Feature","geometry":{"type":"Polygon","coordinates":[[[106.93401889242925,-6.193641681109621],[106.94305284436157,-6.19360866582675],[106.94301980283092,-6.18456764362887],[106.93398600428655,-6.184600610356467],[106.93401889242925,-6.193641681109621]]]},"id":"408","properties":{"grid_id":"grid_409"}},{"type":"Feature","geometry":{"type":"Polygon","coordinates":[[[106.94305284436157,-6.19360866582675],[106.95208674708931,-6.193575496921131],[106.9520535521748,-6.184534523504448],[106.94301980283092,-6.18456764362887],[106.94305284436157,-6.19360866582675]]]},"id":"409","properties":{"grid_id":"grid_410"}},{"type":"Feature","geometry":{"type":"Polygon","coordinates":[[[106.95208674708931,-6.193575496921131],[106.96112060038409,-6.193542174396867],[106.96108725208984,-6.184501249987303],[106.9520535521748,-6.184534523504448],[106.95208674708931,-6.193575496921131]]]},"id":"410","properties":{"grid_id":"grid_411"}},{"type":"Feature","geometry":{"type":"Polygon","coordinates":[[[106.97012932932283,-6.186741984527509],[106.97012090234769,-6.1844678230815555],[106.96108725208984,-6.184501249987303],[106.96112060038409,-6.193542174396867],[106.96865125538818,-6.193514279000338],[106.97012932932283,-6.186741984527509]]]},"id":"411","properties":{"grid_id":"grid_412"}},{"type":"Feature","geometry":{"type":"Polygon","coordinates":[[[106.97062607225975,-6.184465949257772],[106.97012090234769,-6.1844678230815555],[106.97012932932283,-6.186741984527509],[106.97062607225975,-6.184465949257772]]]},"id":"412","properties":{"grid_id":"grid_413"}},{"type":"Feature","geometry":{"type":"Polygon","coordinates":[[[106.6990672071804,-6.178035545050915],[106.69906186546854,-6.176361632926976],[106.69594813072652,-6.176371569093207],[106.6990672071804,-6.178035545050915]]]},"id":"413","properties":{"grid_id":"grid_414"}},{"type":"Feature","geometry":{"type":"Polygon","coordinates":[[[106.70811766204572,-6.182863651695539],[106.70809670978187,-6.176332698572092],[106.69906186546854,-6.176361632926976],[106.6990672071804,-6.178035545050915],[106.70811766204572,-6.182863651695539]]]},"id":"414","properties":{"grid_id":"grid_415"}},{"type":"Feature","geometry":{"type":"Polygon","coordinates":[[[106.71279708900978,-6.185359870577057],[106.717160672994,-6.18534578244029],[106.71713151083846,-6.176303610946466],[106.70809670978187,-6.176332698572092],[106.70811766204572,-6.182863651695539],[106.71279708900978,-6.185359870577057]]]},"id":"415","properties":{"grid_id":"grid_416"}},{"type":"Feature","geometry":{"type":"Polygon","coordinates":[[[106.717160672994,-6.18534578244029],[106.72619558381801,-6.185316498417636],[106.72616626840983,-6.176274370053705],[106.71713151083846,-6.176303610946466],[106.717160672994,-6.18534578244029]]]},"id":"416","properties":{"grid_id":"grid_417"}},{"type":"Feature","geometry":{"type":"Polygon","coordinates":[[[106.72619558381801,-6.185316498417636],[106.73523045092458,-6.18528706090541],[106.73520098226743,-6.176244975897428],[106.72616626840983,-6.176274370053705],[106.72619558381801,-6.185316498417636]]]},"id":"417","properties":{"grid_id":"grid_418"}},{"type":"Feature","geometry":{"type":"Polygon","coordinates":[[[106.73523045092458,-6.18528706090541],[106.74426527408524,-6.185257469907257],[106.7442356521828,-6.176215428481274],[106.73520098226743,-6.176244975897428],[106.73523045092458,-6.18528706090541]]]},"id":"418","properties":{"grid_id":"grid_419"}},{"type":"Feature","geometry":{"type":"Polygon","coordinates":[[[106.74426527408524,-6.185257469907257],[106.7533000530714,-6.185227725426843],[106.7532702779274,-6.176185727808906],[106.7442356521828,-6.176215428481274],[106.74426527408524,-6.185257469907257]]]},"id":"419","properties":{"grid_id":"grid_420"}},{"type":"Feature","geometry":{"type":"Polygon","coordinates":[[[106.7533000530714,-6.185227725426843],[106.76233478765461,-6.185197827467855],[106.76230485927273,-6.176155873884002],[106.7532702779274,-6.176185727808906],[106.7533000530714,-6.185227725426843]]]},"id":"420","properties":{"grid_id":"grid_421"}},{"type":"Feature","geometry":{"type":"Polygon","coordinates":[[[106.76233478765461,-6.185197827467855],[106.77136947760634,-6.185167776033991],[106.77133939599028,-6.17612586671026],[106.76230485927273,-6.176155873884002],[106.76233478765461,-6.185197827467855]]]},"id":"421","properties":{"grid_id":"grid_422"}},{"type":"Feature","geometry":{"type":"Polygon","coordinates":[[[106.77136947760634,-6.185167776033991],[106.78040412269807,-6.185137571128978],[106.78037388785162,-6.176095706291395],[106.77133939599028,-6.17612586671026],[106.77136947760634,-6.185167776033991]]]},"id":"422","properties":{"grid_id":"grid_423"}},{"type":"Feature","geometry":{"type":"Polygon","coordinates":[[[106.78040412269807,-6.185137571128978],[106.78943872270133,-6.185107212756556],[106.78940833462823,-6.176065392631147],[106.78037388785162,-6.176095706291395],[106.78040412269807,-6.185137571128978]]]},"id":"423","properties":{"grid_id":"grid_424"}},{"type":"Feature","geometry":{"type":"Polygon","coordinates":[[[106.78943872270133,-6.185107212756556],[106.79847327738759,-6.185076700920482],[106.79844273609169,-6.176034925733266],[106.78940833462823,-6.176065392631147],[106.78943872270133,-6.185107212756556]]]},"id":"424","properties":{"grid_id":"grid_425"}},{"type":"Feature","geometry":{"type":"Polygon","coordinates":[[[106.79847327738759,-6.185076700920482],[106.80750778652838,-6.185046035624539],[106.80747709201343,-6.176004305601528],[106.79844273609169,-6.176034925733266],[106.79847327738759,-6.185076700920482]]]},"id":"425","properties":{"grid_id":"grid_426"}},{"type":"Feature","geometry":{"type":"Polygon","coordinates":[[[106.80750778652838,-6.185046035624539],[106.81654224989524,-6.185015216872525],[106.81651140216509,-6.1759735322397225],[106.80747709201343,-6.176004305601528],[106.80750778652838,-6.185046035624539]]]},"id":"426","properties":{"grid_id":"grid_427"}},{"type":"Feature","geometry":{"type":"Polygon","coordinates":[[[106.81654224989524,-6.185015216872525],[106.82557666725964,-6.1849842446682555],[106.82554566631816,-6.175942605651667],[106.81651140216509,-6.1759735322397225],[106.81654224989524,-6.185015216872525]]]},"id":"427","properties":{"grid_id":"grid_428"}},{"type":"Feature","geometry":{"type":"Polygon","coordinates":[[[106.82557666725964,-6.1849842446682555],[106.83461103839319,-6.184953119015567],[106.83457988424419,-6.175911525841186],[106.82554566631816,-6.175942605651667],[106.82557666725964,-6.1849842446682555]]]},"id":"428","properties":{"grid_id":"grid_429"}},{"type":"Feature","geometry":{"type":"Polygon","coordinates":[[[106.83461103839319,-6.184953119015567],[106.84364536306735,-6.184921839918317],[106.84361405571477,-6.175880292812132],[106.83457988424419,-6.175911525841186],[106.83461103839319,-6.184953119015567]]]},"id":"429","properties":{"grid_id":"grid_430"}},{"type":"Feature","geometry":{"type":"Polygon","coordinates":[[[106.84364536306735,-6.184921839918317],[106.8526796410537,-6.184890407380374],[106.85264818050142,-6.175848906568373],[106.84361405571477,-6.175880292812132],[106.84364536306735,-6.184921839918317]]]},"id":"430","properties":{"grid_id":"grid_431"}},{"type":"Feature","geometry":{"type":"Polygon","coordinates":[[[106.8526796410537,-6.184890407380374],[106.86171387212377,-6.184858821405637],[106.86168225837574,-6.175817367113795],[106.85264818050142,-6.175848906568373],[106.8526796410537,-6.184890407380374]]]},"id":"431","properties":{"grid_id":"grid_432"}},{"type":"Feature","geometry":{"type":"Polygon","coordinates":[[[106.86171387212377,-6.184858821405637],[106.87074805604915,-6.184827081998015],[106.87071628910928,-6.175785674452302],[106.86168225837574,-6.175817367113795],[106.86171387212377,-6.184858821405637]]]},"id":"432","properties":{"grid_id":"grid_433"}},{"type":"Feature","geometry":{"type":"Polygon","coordinates":[[[106.87074805604915,-6.184827081998015],[106.87978219260137,-6.184795189161437],[106.87975027247363,-6.175753828587824],[106.87071628910928,-6.175785674452302],[106.87074805604915,-6.184827081998015]]]},"id":"433","properties":{"grid_id":"grid_434"}},{"type":"Feature","geometry":{"type":"Polygon","coordinates":[[[106.87978219260137,-6.184795189161437],[106.88881628155197,-6.184763142899858],[106.88878420824038,-6.175721829524301],[106.87975027247363,-6.175753828587824],[106.87978219260137,-6.184795189161437]]]},"id":"434","properties":{"grid_id":"grid_435"}},{"type":"Feature","geometry":{"type":"Polygon","coordinates":[[[106.88881628155197,-6.184763142899858],[106.89785032267258,-6.184730943217243],[106.89781809618113,-6.175689677265699],[106.88878420824038,-6.175721829524301],[106.88881628155197,-6.184763142899858]]]},"id":"435","properties":{"grid_id":"grid_436"}},{"type":"Feature","geometry":{"type":"Polygon","coordinates":[[[106.89785032267258,-6.184730943217243],[106.90688431573476,-6.184698590117581],[106.90685193606743,-6.175657371815997],[106.89781809618113,-6.175689677265699],[106.89785032267258,-6.184730943217243]]]},"id":"436","properties":{"grid_id":"grid_437"}},{"type":"Feature","geometry":{"type":"Polygon","coordinates":[[[106.90688431573476,-6.184698590117581],[106.9159182605101,-6.184666083604877],[106.91588572767091,-6.175624913179195],[106.90685193606743,-6.175657371815997],[106.90688431573476,-6.184698590117581]]]},"id":"437","properties":{"grid_id":"grid_438"}},{"type":"Feature","geometry":{"type":"Polygon","coordinates":[[[106.9159182605101,-6.184666083604877],[106.92495215677015,-6.184633423683156],[106.92491947076323,-6.175592301359317],[106.91588572767091,-6.175624913179195],[106.9159182605101,-6.184666083604877]]]},"id":"438","properties":{"grid_id":"grid_439"}},{"type":"Feature","geometry":{"type":"Polygon","coordinates":[[[106.92495215677015,-6.184633423683156],[106.93398600428655,-6.184600610356467],[106.93395316511595,-6.175559536360399],[106.92491947076323,-6.175592301359317],[106.92495215677015,-6.184633423683156]]]},"id":"439","properties":{"grid_id":"grid_440"}},{"type":"Feature","geometry":{"type":"Polygon","coordinates":[[[106.93398600428655,-6.184600610356467],[106.94301980283092,-6.18456764362887],[106.9429868105007,-6.175526618186497],[106.93395316511595,-6.175559536360399],[106.93398600428655,-6.184600610356467]]]},"id":"440","properties":{"grid_id":"grid_441"}},{"type":"Feature","geometry":{"type":"Polygon","coordinates":[[[106.94301980283092,-6.18456764362887],[106.9520535521748,-6.184534523504448],[106.9520204066891,-6.175493546841689],[106.9429868105007,-6.175526618186497],[106.94301980283092,-6.18456764362887]]]},"id":"441","properties":{"grid_id":"grid_442"}},{"type":"Feature","geometry":{"type":"Polygon","coordinates":[[[106.9520535521748,-6.184534523504448],[106.96108725208984,-6.184501249987303],[106.96105395345283,-6.175460322330073],[106.9520204066891,-6.175493546841689],[106.9520535521748,-6.184534523504448]]]},"id":"442","properties":{"grid_id":"grid_443"}},{"type":"Feature","geometry":{"type":"Polygon","coordinates":[[[106.96108725208984,-6.184501249987303],[106.97012090234769,-6.1844678230815555],[106.97008745056347,-6.175426944655754],[106.96105395345283,-6.175460322330073],[106.96108725208984,-6.184501249987303]]]},"id":"443","properties":{"grid_id":"grid_444"}},{"type":"Feature","geometry":{"type":"Polygon","coordinates":[[[106.97260081751182,-6.175417630700578],[106.97008745056347,-6.175426944655754],[106.97012090234769,-6.1844678230815555],[106.97062607225975,-6.184465949257772],[106.97260081751182,-6.175417630700578]]]},"id":"444","properties":{"grid_id":"grid_445"}},{"type":"Feature","geometry":{"type":"Polygon","coordinates":[[[106.69001688904225,-6.173207270307964],[106.68999831855078,-6.16734811128198],[106.6888114861712,-6.167351875041654],[106.68911169768084,-6.172724344463596],[106.69001688904225,-6.173207270307964]]]},"id":"445","properties":{"grid_id":"grid_446"}},{"type":"Feature","geometry":{"type":"Polygon","coordinates":[[[106.69594813072652,-6.176371569093207],[106.69906186546854,-6.176361632926976],[106.69903305285733,-6.167319372651732],[106.68999831855078,-6.16734811128198],[106.69001688904225,-6.173207270307964],[106.69594813072652,-6.176371569093207]]]},"id":"446","properties":{"grid_id":"grid_447"}},{"type":"Feature","geometry":{"type":"Polygon","coordinates":[[[106.69906186546854,-6.176361632926976],[106.70809670978187,-6.176332698572092],[106.7080677441393,-6.167290480973224],[106.69903305285733,-6.167319372651732],[106.69906186546854,-6.176361632926976]]]},"id":"447","properties":{"grid_id":"grid_448"}},{"type":"Feature","geometry":{"type":"Polygon","coordinates":[[[106.70809670978187,-6.176332698572092],[106.71713151083846,-6.176303610946466],[106.71710239216817,-6.167261436250036],[106.7080677441393,-6.167290480973224],[106.70809670978187,-6.176332698572092]]]},"id":"448","properties":{"grid_id":"grid_449"}},{"type":"Feature","geometry":{"type":"Polygon","coordinates":[[[106.71713151083846,-6.176303610946466],[106.72616626840983,-6.176274370053705],[106.72613699671543,-6.167232238485764],[106.71710239216817,-6.167261436250036],[106.71713151083846,-6.176303610946466]]]},"id":"449","properties":{"grid_id":"grid_450"}},{"type":"Feature","geometry":{"type":"Polygon","coordinates":[[[106.72616626840983,-6.176274370053705],[106.73520098226743,-6.176244975897428],[106.73517155755259,-6.167202887684026],[106.72613699671543,-6.167232238485764],[106.72616626840983,-6.176274370053705]]]},"id":"450","properties":{"grid_id":"grid_451"}},{"type":"Feature","geometry":{"type":"Polygon","coordinates":[[[106.73520098226743,-6.176244975897428],[106.7442356521828,-6.176215428481274],[106.74420607445114,-6.167173383848458],[106.73517155755259,-6.167202887684026],[106.73520098226743,-6.176244975897428]]]},"id":"451","properties":{"grid_id":"grid_452"}},{"type":"Feature","geometry":{"type":"Polygon","coordinates":[[[106.7442356521828,-6.176215428481274],[106.7532702779274,-6.176185727808906],[106.75324054718263,-6.167143726982714],[106.74420607445114,-6.167173383848458],[106.7442356521828,-6.176215428481274]]]},"id":"452","properties":{"grid_id":"grid_453"}},{"type":"Feature","geometry":{"type":"Polygon","coordinates":[[[106.7532702779274,-6.176185727808906],[106.76230485927273,-6.176155873884002],[106.76227497551855,-6.1671139170904645],[106.75324054718263,-6.167143726982714],[106.7532702779274,-6.176185727808906]]]},"id":"453","properties":{"grid_id":"grid_454"}},{"type":"Feature","geometry":{"type":"Polygon","coordinates":[[[106.76230485927273,-6.176155873884002],[106.77133939599028,-6.17612586671026],[106.77130935923047,-6.167083954175405],[106.76227497551855,-6.1671139170904645],[106.76230485927273,-6.176155873884002]]]},"id":"454","properties":{"grid_id":"grid_455"}},{"type":"Feature","geometry":{"type":"Polygon","coordinates":[[[106.77133939599028,-6.17612586671026],[106.78037388785162,-6.176095706291395],[106.7803436980899,-6.167053838241247],[106.77130935923047,-6.167083954175405],[106.77133939599028,-6.17612586671026]]]},"id":"455","properties":{"grid_id":"grid_456"}},{"type":"Feature","geometry":{"type":"Polygon","coordinates":[[[106.78037388785162,-6.176095706291395],[106.78940833462823,-6.176065392631147],[106.78937799186836,-6.167023569291719],[106.7803436980899,-6.167053838241247],[106.78037388785162,-6.176095706291395]]]},"id":"456","properties":{"grid_id":"grid_457"}},{"type":"Feature","geometry":{"type":"Polygon","coordinates":[[[106.78940833462823,-6.176065392631147],[106.79844273609169,-6.176034925733266],[106.79841224033741,-6.1669931473305715],[106.78937799186836,-6.167023569291719],[106.78940833462823,-6.176065392631147]]]},"id":"457","properties":{"grid_id":"grid_458"}},{"type":"Feature","geometry":{"type":"Polygon","coordinates":[[[106.79844273609169,-6.176034925733266],[106.80747709201343,-6.176004305601528],[106.80744644326863,-6.166962572361572],[106.79841224033741,-6.1669931473305715],[106.79844273609169,-6.176034925733266]]]},"id":"458","properties":{"grid_id":"grid_459"}},{"type":"Feature","geometry":{"type":"Polygon","coordinates":[[[106.80747709201343,-6.176004305601528],[106.81651140216509,-6.1759735322397225],[106.81648060043352,-6.166931844388506],[106.80744644326863,-6.166962572361572],[106.80747709201343,-6.176004305601528]]]},"id":"459","properties":{"grid_id":"grid_460"}},{"type":"Feature","geometry":{"type":"Polygon","coordinates":[[[106.81651140216509,-6.1759735322397225],[106.82554566631816,-6.175942605651667],[106.8255147116037,-6.166900963415181],[106.81648060043352,-6.166931844388506],[106.81651140216509,-6.1759735322397225]]]},"id":"460","properties":{"grid_id":"grid_461"}},{"type":"Feature","geometry":{"type":"Polygon","coordinates":[[[106.82554566631816,-6.175942605651667],[106.83457988424419,-6.175911525841186],[106.83454877655069,-6.16686992944542],[106.8255147116037,-6.166900963415181],[106.82554566631816,-6.175942605651667]]]},"id":"461","properties":{"grid_id":"grid_462"}},{"type":"Feature","geometry":{"type":"Polygon","coordinates":[[[106.83457988424419,-6.175911525841186],[106.84361405571477,-6.175880292812132],[106.8435827950461,-6.166838742483068],[106.83454877655069,-6.16686992944542],[106.83457988424419,-6.175911525841186]]]},"id":"462","properties":{"grid_id":"grid_463"}},{"type":"Feature","geometry":{"type":"Polygon","coordinates":[[[106.84361405571477,-6.175880292812132],[106.85264818050142,-6.175848906568373],[106.85261676686153,-6.166807402531984],[106.8435827950461,-6.166838742483068],[106.84361405571477,-6.175880292812132]]]},"id":"463","properties":{"grid_id":"grid_464"}},{"type":"Feature","geometry":{"type":"Polygon","coordinates":[[[106.85264818050142,-6.175848906568373],[106.86168225837574,-6.175817367113795],[106.86165069176847,-6.1667759095960575],[106.85261676686153,-6.166807402531984],[106.85264818050142,-6.175848906568373]]]},"id":"464","properties":{"grid_id":"grid_465"}},{"type":"Feature","geometry":{"type":"Polygon","coordinates":[[[106.86168225837574,-6.175817367113795],[106.87071628910928,-6.175785674452302],[106.87068456953864,-6.166744263679179],[106.86165069176847,-6.1667759095960575],[106.86168225837574,-6.175817367113795]]]},"id":"465","properties":{"grid_id":"grid_466"}},{"type":"Feature","geometry":{"type":"Polygon","coordinates":[[[106.87071628910928,-6.175785674452302],[106.87975027247363,-6.175753828587824],[106.87971839994354,-6.166712464785275],[106.87068456953864,-6.166744263679179],[106.87071628910928,-6.175785674452302]]]},"id":"466","properties":{"grid_id":"grid_467"}},{"type":"Feature","geometry":{"type":"Polygon","coordinates":[[[106.87975027247363,-6.175753828587824],[106.88878420824038,-6.175721829524301],[106.8887521827548,-6.166680512918278],[106.87971839994354,-6.166712464785275],[106.87975027247363,-6.175753828587824]]]},"id":"467","properties":{"grid_id":"grid_468"}},{"type":"Feature","geometry":{"type":"Polygon","coordinates":[[[106.88878420824038,-6.175721829524301],[106.89781809618113,-6.175689677265699],[106.89778591774406,-6.166648408082147],[106.8887521827548,-6.166680512918278],[106.88878420824038,-6.175721829524301]]]},"id":"468","properties":{"grid_id":"grid_469"}},{"type":"Feature","geometry":{"type":"Polygon","coordinates":[[[106.89781809618113,-6.175689677265699],[106.90685193606743,-6.175657371815997],[106.90681960468292,-6.166616150280861],[106.89778591774406,-6.166648408082147],[106.89781809618113,-6.175689677265699]]]},"id":"469","properties":{"grid_id":"grid_470"}},{"type":"Feature","geometry":{"type":"Polygon","coordinates":[[[106.90685193606743,-6.175657371815997],[106.91588572767091,-6.175624913179195],[106.91585324334298,-6.166583739518411],[106.90681960468292,-6.166616150280861],[106.90685193606743,-6.175657371815997]]]},"id":"470","properties":{"grid_id":"grid_471"}},{"type":"Feature","geometry":{"type":"Polygon","coordinates":[[[106.91588572767091,-6.175624913179195],[106.92491947076323,-6.175592301359317],[106.92488683349589,-6.166551175798811],[106.91585324334298,-6.166583739518411],[106.91588572767091,-6.175624913179195]]]},"id":"471","properties":{"grid_id":"grid_472"}},{"type":"Feature","geometry":{"type":"Polygon","coordinates":[[[106.92491947076323,-6.175592301359317],[106.93395316511595,-6.175559536360399],[106.9339203749133,-6.166518459126095],[106.92488683349589,-6.166551175798811],[106.92491947076323,-6.175592301359317]]]},"id":"472","properties":{"grid_id":"grid_473"}},{"type":"Feature","geometry":{"type":"Polygon","coordinates":[[[106.93395316511595,-6.175559536360399],[106.9429868105007,-6.175526618186497],[106.94295386736681,-6.166485589504313],[106.9339203749133,-6.166518459126095],[106.93395316511595,-6.175559536360399]]]},"id":"473","properties":{"grid_id":"grid_474"}},{"type":"Feature","geometry":{"type":"Polygon","coordinates":[[[106.9429868105007,-6.175526618186497],[106.9520204066891,-6.175493546841689],[106.95198731062811,-6.166452566937536],[106.94295386736681,-6.166485589504313],[106.9429868105007,-6.175526618186497]]]},"id":"474","properties":{"grid_id":"grid_475"}},{"type":"Feature","geometry":{"type":"Polygon","coordinates":[[[106.9520204066891,-6.175493546841689],[106.96105395345283,-6.175460322330073],[106.96102070446885,-6.166419391429853],[106.95198731062811,-6.166452566937536],[106.9520204066891,-6.175493546841689]]]},"id":"475","properties":{"grid_id":"grid_476"}},{"type":"Feature","geometry":{"type":"Polygon","coordinates":[[[106.96105395345283,-6.175460322330073],[106.97008745056347,-6.175426944655754],[106.97005404866067,-6.166386062985372],[106.96102070446885,-6.166419391429853],[106.96105395345283,-6.175460322330073]]]},"id":"476","properties":{"grid_id":"grid_477"}},{"type":"Feature","geometry":{"type":"Polygon","coordinates":[[[106.97269990389916,-6.166376272028375],[106.97005404866067,-6.166386062985372],[106.97008745056347,-6.175426944655754],[106.97260081751182,-6.175417630700578],[106.97303961524327,-6.173407008542313],[106.97269990389916,-6.166376272028375]]]},"id":"477","properties":{"grid_id":"grid_478"}},{"type":"Feature","geometry":{"type":"Polygon","coordinates":[[[106.6888114861712,-6.167351875041654],[106.68999831855078,-6.16734811128198],[106.68996970177064,-6.15830580536259],[106.68793951403424,-6.158312232630658],[106.6884250521729,-6.160436240705982],[106.6888114861712,-6.167351875041654]]]},"id":"478","properties":{"grid_id":"grid_479"}},{"type":"Feature","geometry":{"type":"Polygon","coordinates":[[[106.68999831855078,-6.16734811128198],[106.69903305285733,-6.167319372651732],[106.69900428327075,-6.158277109181275],[106.68996970177064,-6.15830580536259],[106.68999831855078,-6.16734811128198]]]},"id":"479","properties":{"grid_id":"grid_480"}},{"type":"Feature","geometry":{"type":"Polygon","coordinates":[[[106.69903305285733,-6.167319372651732],[106.7080677441393,-6.167290480973224],[106.70803882174985,-6.158248260177759],[106.69900428327075,-6.158277109181275],[106.69903305285733,-6.167319372651732]]]},"id":"480","properties":{"grid_id":"grid_481"}},{"type":"Feature","geometry":{"type":"Polygon","coordinates":[[[106.7080677441393,-6.167290480973224],[106.71710239216817,-6.167261436250036],[106.71707331697948,-6.158219258355615],[106.70803882174985,-6.158248260177759],[106.7080677441393,-6.167290480973224]]]},"id":"481","properties":{"grid_id":"grid_482"}},{"type":"Feature","geometry":{"type":"Polygon","coordinates":[[[106.71710239216817,-6.167261436250036],[106.72613699671543,-6.167232238485764],[106.72610776873113,-6.158190103718437],[106.71707331697948,-6.158219258355615],[106.71710239216817,-6.167261436250036]]]},"id":"482","properties":{"grid_id":"grid_483"}},{"type":"Feature","geometry":{"type":"Polygon","coordinates":[[[106.72613699671543,-6.167232238485764],[106.73517155755259,-6.167202887684026],[106.73514217677631,-6.158160796269835],[106.72610776873113,-6.158190103718437],[106.72613699671543,-6.167232238485764]]]},"id":"483","properties":{"grid_id":"grid_484"}},{"type":"Feature","geometry":{"type":"Polygon","coordinates":[[[106.73517155755259,-6.167202887684026],[106.74420607445114,-6.167173383848458],[106.74417654088654,-6.1581313360134375],[106.73514217677631,-6.158160796269835],[106.73517155755259,-6.167202887684026]]]},"id":"484","properties":{"grid_id":"grid_485"}},{"type":"Feature","geometry":{"type":"Polygon","coordinates":[[[106.74420607445114,-6.167173383848458],[106.75324054718263,-6.167143726982714],[106.75321086083342,-6.158101722952895],[106.74417654088654,-6.1581313360134375],[106.74420607445114,-6.167173383848458]]]},"id":"485","properties":{"grid_id":"grid_486"}},{"type":"Feature","geometry":{"type":"Polygon","coordinates":[[[106.75324054718263,-6.167143726982714],[106.76227497551855,-6.1671139170904645],[106.76224513638843,-6.158071957091876],[106.75321086083342,-6.158101722952895],[106.75324054718263,-6.167143726982714]]]},"id":"486","properties":{"grid_id":"grid_487"}},{"type":"Feature","geometry":{"type":"Polygon","coordinates":[[[106.76227497551855,-6.1671139170904645],[106.77130935923047,-6.167083954175405],[106.77127936732313,-6.158042038434065],[106.76224513638843,-6.158071957091876],[106.76227497551855,-6.1671139170904645]]]},"id":"487","properties":{"grid_id":"grid_488"}},{"type":"Feature","geometry":{"type":"Polygon","coordinates":[[[106.77130935923047,-6.167083954175405],[106.7803436980899,-6.167053838241247],[106.78031355340912,-6.158011966983173],[106.77127936732313,-6.158042038434065],[106.77130935923047,-6.167083954175405]]]},"id":"488","properties":{"grid_id":"grid_489"}},{"type":"Feature","geometry":{"type":"Polygon","coordinates":[[[106.7803436980899,-6.167053838241247],[106.78937799186836,-6.167023569291719],[106.78934769441787,-6.157981742742917],[106.78031355340912,-6.158011966983173],[106.7803436980899,-6.167053838241247]]]},"id":"489","properties":{"grid_id":"grid_490"}},{"type":"Feature","geometry":{"type":"Polygon","coordinates":[[[106.78937799186836,-6.167023569291719],[106.79841224033741,-6.1669931473305715],[106.79838179012103,-6.157951365717046],[106.78934769441787,-6.157981742742917],[106.78937799186836,-6.167023569291719]]]},"id":"490","properties":{"grid_id":"grid_491"}},{"type":"Feature","geometry":{"type":"Polygon","coordinates":[[[106.79841224033741,-6.1669931473305715],[106.80744644326863,-6.166962572361572],[106.80741584029009,-6.157920835909319],[106.79838179012103,-6.157951365717046],[106.79841224033741,-6.1669931473305715]]]},"id":"491","properties":{"grid_id":"grid_492"}},{"type":"Feature","geometry":{"type":"Polygon","coordinates":[[[106.80744644326863,-6.166962572361572],[106.81648060043352,-6.166931844388506],[106.81644984469672,-6.15789015332352],[106.80741584029009,-6.157920835909319],[106.80744644326863,-6.166962572361572]]]},"id":"492","properties":{"grid_id":"grid_493"}},{"type":"Feature","geometry":{"type":"Polygon","coordinates":[[[106.81648060043352,-6.166931844388506],[106.8255147116037,-6.166900963415181],[106.8254838031124,-6.157859317963448],[106.81644984469672,-6.15789015332352],[106.81648060043352,-6.166931844388506]]]},"id":"493","properties":{"grid_id":"grid_494"}},{"type":"Feature","geometry":{"type":"Polygon","coordinates":[[[106.8255147116037,-6.166900963415181],[106.83454877655069,-6.16686992944542],[106.83451771530879,-6.157828329832921],[106.8254838031124,-6.157859317963448],[106.8255147116037,-6.166900963415181]]]},"id":"494","properties":{"grid_id":"grid_495"}},{"type":"Feature","geometry":{"type":"Polygon","coordinates":[[[106.83454877655069,-6.16686992944542],[106.8435827950461,-6.166838742483068],[106.84355158105745,-6.157797188935777],[106.83451771530879,-6.157828329832921],[106.83454877655069,-6.16686992944542]]]},"id":"495","properties":{"grid_id":"grid_496"}},{"type":"Feature","geometry":{"type":"Polygon","coordinates":[[[106.8435827950461,-6.166838742483068],[106.85261676686153,-6.166807402531984],[106.85258540013001,-6.157765895275873],[106.84355158105745,-6.157797188935777],[106.8435827950461,-6.166838742483068]]]},"id":"496","properties":{"grid_id":"grid_497"}},{"type":"Feature","geometry":{"type":"Polygon","coordinates":[[[106.85261676686153,-6.166807402531984],[106.86165069176847,-6.1667759095960575],[106.86161917229808,-6.157734448857086],[106.85258540013001,-6.157765895275873],[106.85261676686153,-6.166807402531984]]]},"id":"497","properties":{"grid_id":"grid_498"}},{"type":"Feature","geometry":{"type":"Polygon","coordinates":[[[106.86165069176847,-6.1667759095960575],[106.87068456953864,-6.166744263679179],[106.8706528973332,-6.1577028496833055],[106.86161917229808,-6.157734448857086],[106.86165069176847,-6.1667759095960575]]]},"id":"498","properties":{"grid_id":"grid_499"}},{"type":"Feature","geometry":{"type":"Polygon","coordinates":[[[106.87068456953864,-6.166744263679179],[106.87971839994354,-6.166712464785275],[106.87968657500704,-6.157671097758452],[106.8706528973332,-6.1577028496833055],[106.87068456953864,-6.166744263679179]]]},"id":"499","properties":{"grid_id":"grid_500"}},{"type":"Feature","geometry":{"type":"Polygon","coordinates":[[[106.87971839994354,-6.166712464785275],[106.8887521827548,-6.166680512918278],[106.88872020509126,-6.157639193086452],[106.87968657500704,-6.157671097758452],[106.87971839994354,-6.166712464785275]]]},"id":"500","properties":{"grid_id":"grid_501"}},{"type":"Feature","geometry":{"type":"Polygon","coordinates":[[[106.8887521827548,-6.166680512918278],[106.89778591774406,-6.166648408082147],[106.8977537873574,-6.15760713567126],[106.88872020509126,-6.157639193086452],[106.8887521827548,-6.166680512918278]]]},"id":"501","properties":{"grid_id":"grid_502"}},{"type":"Feature","geometry":{"type":"Polygon","coordinates":[[[106.89778591774406,-6.166648408082147],[106.90681960468292,-6.166616150280861],[106.90678732157717,-6.157574925516844],[106.8977537873574,-6.15760713567126],[106.89778591774406,-6.166648408082147]]]},"id":"502","properties":{"grid_id":"grid_503"}},{"type":"Feature","geometry":{"type":"Polygon","coordinates":[[[106.90681960468292,-6.166616150280861],[106.91585324334298,-6.166583739518411],[106.91582080752218,-6.157542562627191],[106.90678732157717,-6.157574925516844],[106.90681960468292,-6.166616150280861]]]},"id":"503","properties":{"grid_id":"grid_504"}},{"type":"Feature","geometry":{"type":"Polygon","coordinates":[[[106.91585324334298,-6.166583739518411],[106.92488683349589,-6.166551175798811],[106.92485424496407,-6.157510047006313],[106.91582080752218,-6.157542562627191],[106.91585324334298,-6.166583739518411]]]},"id":"504","properties":{"grid_id":"grid_505"}},{"type":"Feature","geometry":{"type":"Polygon","coordinates":[[[106.92488683349589,-6.166551175798811],[106.9339203749133,-6.166518459126095],[106.93388763367453,-6.157477378658233],[106.92485424496407,-6.157510047006313],[106.92488683349589,-6.166551175798811]]]},"id":"505","properties":{"grid_id":"grid_506"}},{"type":"Feature","geometry":{"type":"Polygon","coordinates":[[[106.9339203749133,-6.166518459126095],[106.94295386736681,-6.166485589504313],[106.94292097342519,-6.157444557586998],[106.93388763367453,-6.157477378658233],[106.9339203749133,-6.166518459126095]]]},"id":"506","properties":{"grid_id":"grid_507"}},{"type":"Feature","geometry":{"type":"Polygon","coordinates":[[[106.94295386736681,-6.166485589504313],[106.95198731062811,-6.166452566937536],[106.95195426398773,-6.15741158379667],[106.94292097342519,-6.157444557586998],[106.94295386736681,-6.166485589504313]]]},"id":"507","properties":{"grid_id":"grid_508"}},{"type":"Feature","geometry":{"type":"Polygon","coordinates":[[[106.95198731062811,-6.166452566937536],[106.96102070446885,-6.166419391429853],[106.9609875051338,-6.157378457291334],[106.95195426398773,-6.15741158379667],[106.95198731062811,-6.166452566937536]]]},"id":"508","properties":{"grid_id":"grid_509"}},{"type":"Feature","geometry":{"type":"Polygon","coordinates":[[[106.96102070446885,-6.166419391429853],[106.97005404866067,-6.166386062985372],[106.97002069663512,-6.157345178075093],[106.9609875051338,-6.157378457291334],[106.96102070446885,-6.166419391429853]]]},"id":"509","properties":{"grid_id":"grid_510"}},{"type":"Feature","geometry":{"type":"Polygon","coordinates":[[[106.97226315214574,-6.1573368928528165],[106.97002069663512,-6.157345178075093],[106.97005404866067,-6.166386062985372],[106.97269990389916,-6.166376272028375],[106.97226315214574,-6.1573368928528165]]]},"id":"510","properties":{"grid_id":"grid_511"}},{"type":"Feature","geometry":{"type":"Polygon","coordinates":[[[106.68793951403424,-6.158312232630658],[106.68996970177064,-6.15830580536259],[106.68994112778302,-6.1492634962539805],[106.68587399778157,-6.149276345644921],[106.68793951403424,-6.158312232630658]]]},"id":"511","properties":{"grid_id":"grid_512"}},{"type":"Feature","geometry":{"type":"Polygon","coordinates":[[[106.68996970177064,-6.15830580536259],[106.69900428327075,-6.158277109181275],[106.69897555670516,-6.149234842520227],[106.68994112778302,-6.1492634962539805],[106.68996970177064,-6.15830580536259]]]},"id":"512","properties":{"grid_id":"grid_513"}},{"type":"Feature","geometry":{"type":"Polygon","coordinates":[[[106.69900428327075,-6.158277109181275],[106.70803882174985,-6.158248260177759],[106.70800994260993,-6.149206036190321],[106.69897555670516,-6.149234842520227],[106.69900428327075,-6.158277109181275]]]},"id":"513","properties":{"grid_id":"grid_514"}},{"type":"Feature","geometry":{"type":"Polygon","coordinates":[[[106.70803882174985,-6.158248260177759],[106.71707331697948,-6.158219258355615],[106.71704428526878,-6.149177077267833],[106.70800994260993,-6.149206036190321],[106.70803882174985,-6.158248260177759]]]},"id":"514","properties":{"grid_id":"grid_515"}},{"type":"Feature","geometry":{"type":"Polygon","coordinates":[[[106.71707331697948,-6.158219258355615],[106.72610776873113,-6.158190103718437],[106.72607858445326,-6.1491479657563515],[106.71704428526878,-6.149177077267833],[106.71707331697948,-6.158219258355615]]]},"id":"515","properties":{"grid_id":"grid_516"}},{"type":"Feature","geometry":{"type":"Polygon","coordinates":[[[106.72610776873113,-6.158190103718437],[106.73514217677631,-6.158160796269835],[106.73511283993494,-6.149118701659481],[106.72607858445326,-6.1491479657563515],[106.72610776873113,-6.158190103718437]]]},"id":"516","properties":{"grid_id":"grid_517"}},{"type":"Feature","geometry":{"type":"Polygon","coordinates":[[[106.73514217677631,-6.158160796269835],[106.74417654088654,-6.1581313360134375],[106.74414705148537,-6.149089284980844],[106.73511283993494,-6.149118701659481],[106.73514217677631,-6.158160796269835]]]},"id":"517","properties":{"grid_id":"grid_518"}},{"type":"Feature","geometry":{"type":"Polygon","coordinates":[[[106.74417654088654,-6.1581313360134375],[106.75321086083342,-6.158101722952895],[106.75318121887605,-6.149059715724088],[106.74414705148537,-6.149089284980844],[106.74417654088654,-6.1581313360134375]]]},"id":"518","properties":{"grid_id":"grid_519"}},{"type":"Feature","geometry":{"type":"Polygon","coordinates":[[[106.75321086083342,-6.158101722952895],[106.76224513638843,-6.158071957091876],[106.7622153418786,-6.149029993892872],[106.75318121887605,-6.149059715724088],[106.75321086083342,-6.158101722952895]]]},"id":"519","properties":{"grid_id":"grid_520"}},{"type":"Feature","geometry":{"type":"Polygon","coordinates":[[[106.76224513638843,-6.158071957091876],[106.77127936732313,-6.158042038434065],[106.77124942026457,-6.1490001194908785],[106.7622153418786,-6.149029993892872],[106.76224513638843,-6.158071957091876]]]},"id":"520","properties":{"grid_id":"grid_521"}},{"type":"Feature","geometry":{"type":"Polygon","coordinates":[[[106.77127936732313,-6.158042038434065],[106.78031355340912,-6.158011966983173],[106.7802834538055,-6.1489700925218065],[106.77124942026457,-6.1490001194908785],[106.77127936732313,-6.158042038434065]]]},"id":"521","properties":{"grid_id":"grid_522"}},{"type":"Feature","geometry":{"type":"Polygon","coordinates":[[[106.78031355340912,-6.158011966983173],[106.78934769441787,-6.157981742742917],[106.789317442273,-6.148939912989379],[106.7802834538055,-6.1489700925218065],[106.78031355340912,-6.158011966983173]]]},"id":"522","properties":{"grid_id":"grid_523"}},{"type":"Feature","geometry":{"type":"Polygon","coordinates":[[[106.78934769441787,-6.157981742742917],[106.79838179012103,-6.157951365717046],[106.79835138543868,-6.148909580897329],[106.789317442273,-6.148939912989379],[106.78934769441787,-6.157981742742917]]]},"id":"523","properties":{"grid_id":"grid_524"}},{"type":"Feature","geometry":{"type":"Polygon","coordinates":[[[106.79838179012103,-6.157951365717046],[106.80741584029009,-6.157920835909319],[106.80738528307407,-6.1488790962494155],[106.79835138543868,-6.148909580897329],[106.79838179012103,-6.157951365717046]]]},"id":"524","properties":{"grid_id":"grid_525"}},{"type":"Feature","geometry":{"type":"Polygon","coordinates":[[[106.80741584029009,-6.157920835909319],[106.81644984469672,-6.15789015332352],[106.81641913495078,-6.148848459049415],[106.80738528307407,-6.1488790962494155],[106.80741584029009,-6.157920835909319]]]},"id":"525","properties":{"grid_id":"grid_526"}},{"type":"Feature","geometry":{"type":"Polygon","coordinates":[[[106.81644984469672,-6.15789015332352],[106.8254838031124,-6.157859317963448],[106.82545294084042,-6.148817669301118],[106.81641913495078,-6.148848459049415],[106.81644984469672,-6.15789015332352]]]},"id":"526","properties":{"grid_id":"grid_527"}},{"type":"Feature","geometry":{"type":"Polygon","coordinates":[[[106.8254838031124,-6.157859317963448],[106.83451771530879,-6.157828329832921],[106.83448670051463,-6.148786727008341],[106.82545294084042,-6.148817669301118],[106.8254838031124,-6.157859317963448]]]},"id":"527","properties":{"grid_id":"grid_528"}},{"type":"Feature","geometry":{"type":"Polygon","coordinates":[[[106.83451771530879,-6.157828329832921],[106.84355158105745,-6.157797188935777],[106.84352041374495,-6.1487556321749155],[106.83448670051463,-6.148786727008341],[106.83451771530879,-6.157828329832921]]]},"id":"528","properties":{"grid_id":"grid_529"}},{"type":"Feature","geometry":{"type":"Polygon","coordinates":[[[106.84355158105745,-6.157797188935777],[106.85258540013001,-6.157765895275873],[106.85255408030305,-6.148724384804691],[106.84352041374495,-6.1487556321749155],[106.84355158105745,-6.157797188935777]]]},"id":"529","properties":{"grid_id":"grid_530"}},{"type":"Feature","geometry":{"type":"Polygon","coordinates":[[[106.85258540013001,-6.157765895275873],[106.86161917229808,-6.157734448857086],[106.86158769996054,-6.1486929849015395],[106.85255408030305,-6.148724384804691],[106.85258540013001,-6.157765895275873]]]},"id":"530","properties":{"grid_id":"grid_531"}},{"type":"Feature","geometry":{"type":"Polygon","coordinates":[[[106.86161917229808,-6.157734448857086],[106.8706528973332,-6.1577028496833055],[106.87062127248906,-6.148661432469347],[106.86158769996054,-6.1486929849015395],[106.86161917229808,-6.157734448857086]]]},"id":"531","properties":{"grid_id":"grid_532"}},{"type":"Feature","geometry":{"type":"Polygon","coordinates":[[[106.8706528973332,-6.1577028496833055],[106.87968657500704,-6.157671097758452],[106.87965479766024,-6.1486297275120245],[106.87062127248906,-6.148661432469347],[106.8706528973332,-6.1577028496833055]]]},"id":"532","properties":{"grid_id":"grid_533"}},{"type":"Feature","geometry":{"type":"Polygon","coordinates":[[[106.87968657500704,-6.157671097758452],[106.88872020509126,-6.157639193086452],[106.88868827524571,-6.148597870033494],[106.87965479766024,-6.1486297275120245],[106.87968657500704,-6.157671097758452]]]},"id":"533","properties":{"grid_id":"grid_534"}},{"type":"Feature","geometry":{"type":"Polygon","coordinates":[[[106.88872020509126,-6.157639193086452],[106.8977537873574,-6.15760713567126],[106.89772170501715,-6.148565860037703],[106.88868827524571,-6.148597870033494],[106.88872020509126,-6.157639193086452]]]},"id":"534","properties":{"grid_id":"grid_535"}},{"type":"Feature","geometry":{"type":"Polygon","coordinates":[[[106.8977537873574,-6.15760713567126],[106.90678732157717,-6.157574925516844],[106.90675508674617,-6.148533697528616],[106.89772170501715,-6.148565860037703],[106.8977537873574,-6.15760713567126]]]},"id":"535","properties":{"grid_id":"grid_536"}},{"type":"Feature","geometry":{"type":"Polygon","coordinates":[[[106.90678732157717,-6.157574925516844],[106.91582080752218,-6.157542562627191],[106.91578842020449,-6.148501382510212],[106.90675508674617,-6.148533697528616],[106.90678732157717,-6.157574925516844]]]},"id":"536","properties":{"grid_id":"grid_537"}},{"type":"Feature","geometry":{"type":"Polygon","coordinates":[[[106.91582080752218,-6.157542562627191],[106.92485424496407,-6.157510047006313],[106.92482170516371,-6.1484689149864975],[106.91578842020449,-6.148501382510212],[106.91582080752218,-6.157542562627191]]]},"id":"537","properties":{"grid_id":"grid_538"}},{"type":"Feature","geometry":{"type":"Polygon","coordinates":[[[106.92485424496407,-6.157510047006313],[106.93388763367453,-6.157477378658233],[106.93385494139555,-6.14843629496149],[106.92482170516371,-6.1484689149864975],[106.92485424496407,-6.157510047006313]]]},"id":"538","properties":{"grid_id":"grid_539"}},{"type":"Feature","geometry":{"type":"Polygon","coordinates":[[[106.93388763367453,-6.157477378658233],[106.94292097342519,-6.157444557586998],[106.94288812867168,-6.148403522439229],[106.93385494139555,-6.14843629496149],[106.93388763367453,-6.157477378658233]]]},"id":"539","properties":{"grid_id":"grid_540"}},{"type":"Feature","geometry":{"type":"Polygon","coordinates":[[[106.94292097342519,-6.157444557586998],[106.95195426398773,-6.15741158379667],[106.95192126676378,-6.148370597423774],[106.94288812867168,-6.148403522439229],[106.94292097342519,-6.157444557586998]]]},"id":"540","properties":{"grid_id":"grid_541"}},{"type":"Feature","geometry":{"type":"Polygon","coordinates":[[[106.95195426398773,-6.15741158379667],[106.9609875051338,-6.157378457291334],[106.96095435544353,-6.148337519919202],[106.95192126676378,-6.148370597423774],[106.95195426398773,-6.15741158379667]]]},"id":"541","properties":{"grid_id":"grid_542"}},{"type":"Feature","geometry":{"type":"Polygon","coordinates":[[[106.9609875051338,-6.157378457291334],[106.97002069663512,-6.157345178075093],[106.96998739448263,-6.148304289929606],[106.96095435544353,-6.148337519919202],[106.9609875051338,-6.157378457291334]]]},"id":"542","properties":{"grid_id":"grid_543"}},{"type":"Feature","geometry":{"type":"Polygon","coordinates":[[[106.971826414901,-6.148297505908439],[106.96998739448263,-6.148304289929606],[106.97002069663512,-6.157345178075093],[106.97226315214574,-6.1573368928528165],[106.971826414901,-6.148297505908439]]]},"id":"543","properties":{"grid_id":"grid_544"}},{"type":"Feature","geometry":{"type":"Polygon","coordinates":[[[106.68587399778157,-6.149276345644921],[106.68994112778302,-6.1492634962539805],[106.68991259658432,-6.140221183960772],[106.68875182406272,-6.140224848980165],[106.68499182463293,-6.145417060974413],[106.68587399778157,-6.149276345644921]]]},"id":"544","properties":{"grid_id":"grid_545"}},{"type":"Feature","geometry":{"type":"Polygon","coordinates":[[[106.68994112778302,-6.1492634962539805],[106.69897555670516,-6.149234842520227],[106.69894687315704,-6.140192572673205],[106.68991259658432,-6.140221183960772],[106.68994112778302,-6.1492634962539805]]]},"id":"545","properties":{"grid_id":"grid_546"}},{"type":"Feature","geometry":{"type":"Polygon","coordinates":[[[106.69897555670516,-6.149234842520227],[106.70800994260993,-6.149206036190321],[106.70798110671588,-6.14016380901553],[106.69894687315704,-6.140192572673205],[106.69897555670516,-6.149234842520227]]]},"id":"546","properties":{"grid_id":"grid_547"}},{"type":"Feature","geometry":{"type":"Polygon","coordinates":[[[106.70800994260993,-6.149206036190321],[106.71704428526878,-6.149177077267833],[106.71701529703245,-6.140134892991315],[106.70798110671588,-6.14016380901553],[106.70800994260993,-6.149206036190321]]]},"id":"547","properties":{"grid_id":"grid_548"}},{"type":"Feature","geometry":{"type":"Polygon","coordinates":[[[106.71704428526878,-6.149177077267833],[106.72607858445326,-6.1491479657563515],[106.72604944387825,-6.140105824604135],[106.71701529703245,-6.140134892991315],[106.71704428526878,-6.149177077267833]]]},"id":"548","properties":{"grid_id":"grid_549"}},{"type":"Feature","geometry":{"type":"Polygon","coordinates":[[[106.72607858445326,-6.1491479657563515],[106.73511283993494,-6.149118701659481],[106.73508354702486,-6.140076603857595],[106.72604944387825,-6.140105824604135],[106.72607858445326,-6.1491479657563515]]]},"id":"549","properties":{"grid_id":"grid_550"}},{"type":"Feature","geometry":{"type":"Polygon","coordinates":[[[106.73511283993494,-6.149118701659481],[106.74414705148537,-6.149089284980844],[106.74411760624388,-6.14004723075531],[106.73508354702486,-6.140076603857595],[106.73511283993494,-6.149118701659481]]]},"id":"550","properties":{"grid_id":"grid_551"}},{"type":"Feature","geometry":{"type":"Polygon","coordinates":[[[106.74414705148537,-6.149089284980844],[106.75318121887605,-6.149059715724088],[106.75315162130686,-6.140017705300922],[106.74411760624388,-6.14004723075531],[106.74414705148537,-6.149089284980844]]]},"id":"551","properties":{"grid_id":"grid_552"}},{"type":"Feature","geometry":{"type":"Polygon","coordinates":[[[106.75318121887605,-6.149059715724088],[106.7622153418786,-6.149029993892872],[106.76218559198536,-6.139988027498087],[106.75315162130686,-6.140017705300922],[106.75318121887605,-6.149059715724088]]]},"id":"552","properties":{"grid_id":"grid_553"}},{"type":"Feature","geometry":{"type":"Polygon","coordinates":[[[106.7622153418786,-6.149029993892872],[106.77124942026457,-6.1490001194908785],[106.77121951805101,-6.139958197350481],[106.76218559198536,-6.139988027498087],[106.7622153418786,-6.149029993892872]]]},"id":"553","properties":{"grid_id":"grid_554"}},{"type":"Feature","geometry":{"type":"Polygon","coordinates":[[[106.77124942026457,-6.1490001194908785],[106.7802834538055,-6.1489700925218065],[106.78025339927535,-6.139928214861797],[106.77121951805101,-6.139958197350481],[106.77124942026457,-6.1490001194908785]]]},"id":"554","properties":{"grid_id":"grid_555"}},{"type":"Feature","geometry":{"type":"Polygon","coordinates":[[[106.7802834538055,-6.1489700925218065],[106.789317442273,-6.148939912989379],[106.78928723543004,-6.139898080035748],[106.78025339927535,-6.139928214861797],[106.7802834538055,-6.1489700925218065]]]},"id":"555","properties":{"grid_id":"grid_556"}},{"type":"Feature","geometry":{"type":"Polygon","coordinates":[[[106.789317442273,-6.148939912989379],[106.79835138543868,-6.148909580897329],[106.79832102628662,-6.1398677928760685],[106.78928723543004,-6.139898080035748],[106.789317442273,-6.148939912989379]]]},"id":"556","properties":{"grid_id":"grid_557"}},{"type":"Feature","geometry":{"type":"Polygon","coordinates":[[[106.79835138543868,-6.148909580897329],[106.80738528307407,-6.1488790962494155],[106.80735477161669,-6.1398373533865085],[106.79832102628662,-6.1398677928760685],[106.79835138543868,-6.148909580897329]]]},"id":"557","properties":{"grid_id":"grid_558"}},{"type":"Feature","geometry":{"type":"Polygon","coordinates":[[[106.80738528307407,-6.1488790962494155],[106.81641913495078,-6.148848459049415],[106.81638847119193,-6.139806761570837],[106.80735477161669,-6.1398373533865085],[106.80738528307407,-6.1488790962494155]]]},"id":"558","properties":{"grid_id":"grid_559"}},{"type":"Feature","geometry":{"type":"Polygon","coordinates":[[[106.81641913495078,-6.148848459049415],[106.82545294084042,-6.148817669301118],[106.82542212478393,-6.139776017432843],[106.81638847119193,-6.139806761570837],[106.81641913495078,-6.148848459049415]]]},"id":"559","properties":{"grid_id":"grid_560"}},{"type":"Feature","geometry":{"type":"Polygon","coordinates":[[[106.82545294084042,-6.148817669301118],[106.83448670051463,-6.148786727008341],[106.83445573216427,-6.139745120976335],[106.82542212478393,-6.139776017432843],[106.82545294084042,-6.148817669301118]]]},"id":"560","properties":{"grid_id":"grid_561"}},{"type":"Feature","geometry":{"type":"Polygon","coordinates":[[[106.83448670051463,-6.148786727008341],[106.84352041374495,-6.1487556321749155],[106.84348929310467,-6.139714072205138],[106.83445573216427,-6.139745120976335],[106.83448670051463,-6.148786727008341]]]},"id":"561","properties":{"grid_id":"grid_562"}},{"type":"Feature","geometry":{"type":"Polygon","coordinates":[[[106.84352041374495,-6.1487556321749155],[106.85255408030305,-6.148724384804691],[106.85252280737669,-6.1396828711230995],[106.84348929310467,-6.139714072205138],[106.84352041374495,-6.1487556321749155]]]},"id":"562","properties":{"grid_id":"grid_563"}},{"type":"Feature","geometry":{"type":"Polygon","coordinates":[[[106.85255408030305,-6.148724384804691],[106.86158769996054,-6.1486929849015395],[106.86155627475202,-6.139651517734079],[106.85252280737669,-6.1396828711230995],[106.85255408030305,-6.148724384804691]]]},"id":"563","properties":{"grid_id":"grid_564"}},{"type":"Feature","geometry":{"type":"Polygon","coordinates":[[[106.86158769996054,-6.1486929849015395],[106.87062127248906,-6.148661432469347],[106.87058969500228,-6.139620012041964],[106.86155627475202,-6.139651517734079],[106.86158769996054,-6.1486929849015395]]]},"id":"564","properties":{"grid_id":"grid_565"}},{"type":"Feature","geometry":{"type":"Polygon","coordinates":[[[106.87062127248906,-6.148661432469347],[106.87965479766024,-6.1486297275120245],[106.87962306789913,-6.139588354050653],[106.87058969500228,-6.139620012041964],[106.87062127248906,-6.148661432469347]]]},"id":"565","properties":{"grid_id":"grid_566"}},{"type":"Feature","geometry":{"type":"Polygon","coordinates":[[[106.87965479766024,-6.1486297275120245],[106.88868827524571,-6.148597870033494],[106.88865639321425,-6.139556543764068],[106.87962306789913,-6.139588354050653],[106.87965479766024,-6.1486297275120245]]]},"id":"566","properties":{"grid_id":"grid_567"}},{"type":"Feature","geometry":{"type":"Polygon","coordinates":[[[106.88868827524571,-6.148597870033494],[106.89772170501715,-6.148565860037703],[106.89768967071929,-6.139524581186146],[106.88865639321425,-6.139556543764068],[106.88868827524571,-6.148597870033494]]]},"id":"567","properties":{"grid_id":"grid_568"}},{"type":"Feature","geometry":{"type":"Polygon","coordinates":[[[106.89772170501715,-6.148565860037703],[106.90675508674617,-6.148533697528616],[106.90672290018595,-6.139492466320847],[106.89768967071929,-6.139524581186146],[106.89772170501715,-6.148565860037703]]]},"id":"568","properties":{"grid_id":"grid_569"}},{"type":"Feature","geometry":{"type":"Polygon","coordinates":[[[106.90675508674617,-6.148533697528616],[106.91578842020449,-6.148501382510212],[106.91575608138585,-6.139460199172149],[106.90672290018595,-6.139492466320847],[106.90675508674617,-6.148533697528616]]]},"id":"569","properties":{"grid_id":"grid_570"}},{"type":"Feature","geometry":{"type":"Polygon","coordinates":[[[106.91578842020449,-6.148501382510212],[106.92482170516371,-6.1484689149864975],[106.92478921409075,-6.139427779744042],[106.91575608138585,-6.139460199172149],[106.91578842020449,-6.148501382510212]]]},"id":"570","properties":{"grid_id":"grid_571"}},{"type":"Feature","geometry":{"type":"Polygon","coordinates":[[[106.92482170516371,-6.1484689149864975],[106.93385494139555,-6.14843629496149],[106.9338222980723,-6.139395208040547],[106.92478921409075,-6.139427779744042],[106.92482170516371,-6.1484689149864975]]]},"id":"571","properties":{"grid_id":"grid_572"}},{"type":"Feature","geometry":{"type":"Polygon","coordinates":[[[106.93385494139555,-6.14843629496149],[106.94288812867168,-6.148403522439229],[106.9428553331022,-6.139362484065693],[106.9338222980723,-6.139395208040547],[106.93385494139555,-6.14843629496149]]]},"id":"572","properties":{"grid_id":"grid_573"}},{"type":"Feature","geometry":{"type":"Polygon","coordinates":[[[106.94288812867168,-6.148403522439229],[106.95192126676378,-6.148370597423774],[106.95188831895217,-6.139329607823534],[106.9428553331022,-6.139362484065693],[106.94288812867168,-6.148403522439229]]]},"id":"573","properties":{"grid_id":"grid_574"}},{"type":"Feature","geometry":{"type":"Polygon","coordinates":[[[106.95192126676378,-6.148370597423774],[106.96095435544353,-6.148337519919202],[106.96092125539388,-6.13929657931814],[106.95188831895217,-6.139329607823534],[106.95192126676378,-6.148370597423774]]]},"id":"574","properties":{"grid_id":"grid_575"}},{"type":"Feature","geometry":{"type":"Polygon","coordinates":[[[106.96095435544353,-6.148337519919202],[106.96998739448263,-6.148304289929606],[106.9699541421991,-6.139263398553602],[106.96092125539388,-6.13929657931814],[106.96095435544353,-6.148337519919202]]]},"id":"575","properties":{"grid_id":"grid_576"}},{"type":"Feature","geometry":{"type":"Polygon","coordinates":[[[106.97138969214272,-6.139258111200541],[106.9699541421991,-6.139263398553602],[106.96998739448263,-6.148304289929606],[106.971826414901,-6.148297505908439],[106.97138969214272,-6.139258111200541]]]},"id":"576","properties":{"grid_id":"grid_577"}},{"type":"Feature","geometry":{"type":"MultiPolygon","coordinates":[[[[106.68989407619424,-6.134342786511816],[106.68988410817106,-6.131178868487581],[106.6883055128512,-6.1311838448177065],[106.68989407619424,-6.134342786511816]]],[[[106.68875182406272,-6.140224848980165],[106.68991259658432,-6.140221183960772],[106.68990757970256,-6.138628831550252],[106.68875182406272,-6.140224848980165]]]]},"id":"577","properties":{"grid_id":"grid_578"}},{"type":"Feature","geometry":{"type":"Polygon","coordinates":[[[106.68990757970256,-6.138628831550252],[106.68991259658432,-6.140221183960772],[106.69894687315704,-6.140192572673205],[106.69891823262273,-6.1311502996448315],[106.68988410817106,-6.131178868487581],[106.68989407619424,-6.134342786511816],[106.69117163420509,-6.13688324720397],[106.68990757970256,-6.138628831550252]]]},"id":"578","properties":{"grid_id":"grid_579"}},{"type":"Feature","geometry":{"type":"Polygon","coordinates":[[[106.69894687315704,-6.140192572673205],[106.70798110671588,-6.14016380901553],[106.70795231406413,-6.131121578658011],[106.69891823262273,-6.1311502996448315],[106.69894687315704,-6.140192572673205]]]},"id":"579","properties":{"grid_id":"grid_580"}},{"type":"Feature","geometry":{"type":"Polygon","coordinates":[[[106.70798110671588,-6.14016380901553],[106.71701529703245,-6.140134892991315],[106.71698635226683,-6.131092705530679],[106.70795231406413,-6.131121578658011],[106.70798110671588,-6.14016380901553]]]},"id":"580","properties":{"grid_id":"grid_581"}},{"type":"Feature","geometry":{"type":"Polygon","coordinates":[[[106.71701529703245,-6.140134892991315],[106.72604944387825,-6.140105824604135],[106.72602034700239,-6.1310636802664105],[106.71698635226683,-6.131092705530679],[106.71701529703245,-6.140134892991315]]]},"id":"581","properties":{"grid_id":"grid_582"}},{"type":"Feature","geometry":{"type":"Polygon","coordinates":[[[106.72604944387825,-6.140105824604135],[106.73508354702486,-6.140076603857595],[106.7350542980424,-6.131034502868802],[106.72602034700239,-6.1310636802664105],[106.72604944387825,-6.140105824604135]]]},"id":"582","properties":{"grid_id":"grid_583"}},{"type":"Feature","geometry":{"type":"Polygon","coordinates":[[[106.73508354702486,-6.140076603857595],[106.74411760624388,-6.14004723075531],[106.74408820515843,-6.131005173341463],[106.7350542980424,-6.131034502868802],[106.73508354702486,-6.140076603857595]]]},"id":"583","properties":{"grid_id":"grid_584"}},{"type":"Feature","geometry":{"type":"Polygon","coordinates":[[[106.74411760624388,-6.14004723075531],[106.75315162130686,-6.140017705300922],[106.75312206812212,-6.130975691688032],[106.74408820515843,-6.131005173341463],[106.74411760624388,-6.14004723075531]]]},"id":"584","properties":{"grid_id":"grid_585"}},{"type":"Feature","geometry":{"type":"Polygon","coordinates":[[[106.75315162130686,-6.140017705300922],[106.76218559198536,-6.139988027498087],[106.76215588670502,-6.130946057912156],[106.75312206812212,-6.130975691688032],[106.75315162130686,-6.140017705300922]]]},"id":"585","properties":{"grid_id":"grid_586"}},{"type":"Feature","geometry":{"type":"Polygon","coordinates":[[[106.76218559198536,-6.139988027498087],[106.77121951805101,-6.139958197350481],[106.77118966067874,-6.130916272017507],[106.76215588670502,-6.130946057912156],[106.76218559198536,-6.139988027498087]]]},"id":"586","properties":{"grid_id":"grid_587"}},{"type":"Feature","geometry":{"type":"Polygon","coordinates":[[[106.77121951805101,-6.139958197350481],[106.78025339927535,-6.139928214861797],[106.78022338981489,-6.130886334007775],[106.77118966067874,-6.130916272017507],[106.77121951805101,-6.139958197350481]]]},"id":"587","properties":{"grid_id":"grid_588"}},{"type":"Feature","geometry":{"type":"Polygon","coordinates":[[[106.78025339927535,-6.139928214861797],[106.78928723543004,-6.139898080035748],[106.78925707388511,-6.130856243886663],[106.78022338981489,-6.130886334007775],[106.78025339927535,-6.139928214861797]]]},"id":"588","properties":{"grid_id":"grid_589"}},{"type":"Feature","geometry":{"type":"Polygon","coordinates":[[[106.78928723543004,-6.139898080035748],[106.79832102628662,-6.1398677928760685],[106.798290712661,-6.130826001657904],[106.78925707388511,-6.130856243886663],[106.78928723543004,-6.139898080035748]]]},"id":"589","properties":{"grid_id":"grid_590"}},{"type":"Feature","geometry":{"type":"Polygon","coordinates":[[[106.79832102628662,-6.1398677928760685],[106.80735477161669,-6.1398373533865085],[106.8073243059142,-6.130795607325239],[106.798290712661,-6.130826001657904],[106.79832102628662,-6.1398677928760685]]]},"id":"590","properties":{"grid_id":"grid_591"}},{"type":"Feature","geometry":{"type":"Polygon","coordinates":[[[106.80735477161669,-6.1398373533865085],[106.81638847119193,-6.139806761570837],[106.81635785341632,-6.130765060892434],[106.8073243059142,-6.130795607325239],[106.80735477161669,-6.1398373533865085]]]},"id":"591","properties":{"grid_id":"grid_592"}},{"type":"Feature","geometry":{"type":"Polygon","coordinates":[[[106.81638847119193,-6.139806761570837],[106.82542212478393,-6.139776017432843],[106.82539135493903,-6.130734362363271],[106.81635785341632,-6.130765060892434],[106.81638847119193,-6.139806761570837]]]},"id":"592","properties":{"grid_id":"grid_593"}},{"type":"Feature","geometry":{"type":"Polygon","coordinates":[[[106.82542212478393,-6.139776017432843],[106.83445573216427,-6.139745120976335],[106.83442481025396,-6.130703511741554],[106.82539135493903,-6.130734362363271],[106.82542212478393,-6.139776017432843]]]},"id":"593","properties":{"grid_id":"grid_594"}},{"type":"Feature","geometry":{"type":"Polygon","coordinates":[[[106.83445573216427,-6.139745120976335],[106.84348929310467,-6.139714072205138],[106.84345821913273,-6.1306725090311005],[106.83442481025396,-6.130703511741554],[106.83445573216427,-6.139745120976335]]]},"id":"594","properties":{"grid_id":"grid_595"}},{"type":"Feature","geometry":{"type":"Polygon","coordinates":[[[106.84348929310467,-6.139714072205138],[106.85252280737669,-6.1396828711230995],[106.85249158134704,-6.130641354235751],[106.84345821913273,-6.1306725090311005],[106.84348929310467,-6.139714072205138]]]},"id":"595","properties":{"grid_id":"grid_596"}},{"type":"Feature","geometry":{"type":"Polygon","coordinates":[[[106.85252280737669,-6.1396828711230995],[106.86155627475202,-6.139651517734079],[106.86152489666854,-6.130610047359364],[106.85249158134704,-6.130641354235751],[106.85252280737669,-6.1396828711230995]]]},"id":"596","properties":{"grid_id":"grid_597"}},{"type":"Feature","geometry":{"type":"Polygon","coordinates":[[[106.86155627475202,-6.139651517734079],[106.87058969500228,-6.139620012041964],[106.87055816486888,-6.1305785884058155],[106.86152489666854,-6.130610047359364],[106.86155627475202,-6.139651517734079]]]},"id":"597","properties":{"grid_id":"grid_598"}},{"type":"Feature","geometry":{"type":"Polygon","coordinates":[[[106.87058969500228,-6.139620012041964],[106.87962306789913,-6.139588354050653],[106.87959138571976,-6.130546977379002],[106.87055816486888,-6.1305785884058155],[106.87058969500228,-6.139620012041964]]]},"id":"598","properties":{"grid_id":"grid_599"}},{"type":"Feature","geometry":{"type":"Polygon","coordinates":[[[106.87962306789913,-6.139588354050653],[106.88865639321425,-6.139556543764068],[106.88862455899284,-6.130515214282839],[106.87959138571976,-6.130546977379002],[106.87962306789913,-6.139588354050653]]]},"id":"599","properties":{"grid_id":"grid_600"}},{"type":"Feature","geometry":{"type":"Polygon","coordinates":[[[106.88865639321425,-6.139556543764068],[106.89768967071929,-6.139524581186146],[106.89765768445984,-6.130483299121258],[106.88862455899284,-6.130515214282839],[106.88865639321425,-6.139556543764068]]]},"id":"600","properties":{"grid_id":"grid_601"}},{"type":"Feature","geometry":{"type":"Polygon","coordinates":[[[106.89768967071929,-6.139524581186146],[106.90672290018595,-6.139492466320847],[106.90669076189243,-6.130451231898211],[106.89765768445984,-6.130483299121258],[106.89768967071929,-6.139524581186146]]]},"id":"601","properties":{"grid_id":"grid_602"}},{"type":"Feature","geometry":{"type":"Polygon","coordinates":[[[106.90672290018595,-6.139492466320847],[106.91575608138585,-6.139460199172149],[106.91572379106226,-6.130419012617668],[106.90669076189243,-6.130451231898211],[106.90672290018595,-6.139492466320847]]]},"id":"602","properties":{"grid_id":"grid_603"}},{"type":"Feature","geometry":{"type":"Polygon","coordinates":[[[106.91575608138585,-6.139460199172149],[106.92478921409075,-6.139427779744042],[106.92475677174114,-6.130386641283621],[106.91572379106226,-6.130419012617668],[106.91575608138585,-6.139460199172149]]]},"id":"603","properties":{"grid_id":"grid_604"}},{"type":"Feature","geometry":{"type":"Polygon","coordinates":[[[106.92478921409075,-6.139427779744042],[106.9338222980723,-6.139395208040547],[106.93378970370067,-6.13035411790008],[106.92475677174114,-6.130386641283621],[106.92478921409075,-6.139427779744042]]]},"id":"604","properties":{"grid_id":"grid_605"}},{"type":"Feature","geometry":{"type":"Polygon","coordinates":[[[106.9338222980723,-6.139395208040547],[106.9428553331022,-6.139362484065693],[106.94282258671267,-6.130321442471066],[106.93378970370067,-6.13035411790008],[106.9338222980723,-6.139395208040547]]]},"id":"605","properties":{"grid_id":"grid_606"}},{"type":"Feature","geometry":{"type":"Polygon","coordinates":[[[106.9428553331022,-6.139362484065693],[106.95188831895217,-6.139329607823534],[106.95185542054877,-6.130288615000628],[106.94282258671267,-6.130321442471066],[106.9428553331022,-6.139362484065693]]]},"id":"606","properties":{"grid_id":"grid_607"}},{"type":"Feature","geometry":{"type":"Polygon","coordinates":[[[106.95188831895217,-6.139329607823534],[106.96092125539388,-6.13929657931814],[106.96088820498076,-6.1302556354928335],[106.95185542054877,-6.130288615000628],[106.95188831895217,-6.139329607823534]]]},"id":"607","properties":{"grid_id":"grid_608"}},{"type":"Feature","geometry":{"type":"Polygon","coordinates":[[[106.96092125539388,-6.13929657931814],[106.9699541421991,-6.139263398553602],[106.96992093978037,-6.130222503951761],[106.96088820498076,-6.1302556354928335],[106.96092125539388,-6.13929657931814]]]},"id":"608","properties":{"grid_id":"grid_609"}},{"type":"Feature","geometry":{"type":"Polygon","coordinates":[[[106.97095298384869,-6.130218708734413],[106.96992093978037,-6.130222503951761],[106.9699541421991,-6.139263398553602],[106.97138969214272,-6.139258111200541],[106.97095298384869,-6.130218708734413]]]},"id":"609","properties":{"grid_id":"grid_610"}},{"type":"Feature","geometry":{"type":"Polygon","coordinates":[[[106.6883055128512,-6.1311838448177065],[106.68988410817106,-6.131178868487581],[106.68985566253963,-6.122136549839025],[106.68788821906513,-6.12214274214765],[106.68670843840307,-6.128007935909803],[106.6883055128512,-6.1311838448177065]]]},"id":"610","properties":{"grid_id":"grid_611"}},{"type":"Feature","geometry":{"type":"Polygon","coordinates":[[[106.68988410817106,-6.131178868487581],[106.69891823262273,-6.1311502996448315],[106.69888963509874,-6.122108023439726],[106.68985566253963,-6.122136549839025],[106.68988410817106,-6.131178868487581]]]},"id":"611","properties":{"grid_id":"grid_612"}},{"type":"Feature","geometry":{"type":"Polygon","coordinates":[[[106.69891823262273,-6.1311502996448315],[106.70795231406413,-6.131121578658011],[106.70792356465113,-6.122079345122385],[106.69888963509874,-6.122108023439726],[106.69891823262273,-6.1311502996448315]]]},"id":"612","properties":{"grid_id":"grid_613"}},{"type":"Feature","geometry":{"type":"Polygon","coordinates":[[[106.70795231406413,-6.131121578658011],[106.71698635226683,-6.131092705530679],[106.71695745096838,-6.122050514890556],[106.70792356465113,-6.122079345122385],[106.70795231406413,-6.131121578658011]]]},"id":"613","properties":{"grid_id":"grid_614"}},{"type":"Feature","geometry":{"type":"Polygon","coordinates":[[[106.71698635226683,-6.131092705530679],[106.72602034700239,-6.1310636802664105],[106.7259912938221,-6.122021532747808],[106.71695745096838,-6.122050514890556],[106.71698635226683,-6.131092705530679]]]},"id":"614","properties":{"grid_id":"grid_615"}},{"type":"Feature","geometry":{"type":"Polygon","coordinates":[[[106.72602034700239,-6.1310636802664105],[106.7350542980424,-6.131034502868802],[106.73502509298392,-6.121992398697733],[106.7259912938221,-6.122021532747808],[106.72602034700239,-6.1310636802664105]]]},"id":"615","properties":{"grid_id":"grid_616"}},{"type":"Feature","geometry":{"type":"Polygon","coordinates":[[[106.7350542980424,-6.131034502868802],[106.74408820515843,-6.131005173341463],[106.7440588482254,-6.121963112743939],[106.73502509298392,-6.121992398697733],[106.7350542980424,-6.131034502868802]]]},"id":"616","properties":{"grid_id":"grid_617"}},{"type":"Feature","geometry":{"type":"Polygon","coordinates":[[[106.74408820515843,-6.131005173341463],[106.75312206812212,-6.130975691688032],[106.75309255931813,-6.121933674890049],[106.7440588482254,-6.121963112743939],[106.74408820515843,-6.131005173341463]]]},"id":"617","properties":{"grid_id":"grid_618"}},{"type":"Feature","geometry":{"type":"Polygon","coordinates":[[[106.75312206812212,-6.130975691688032],[106.76215588670502,-6.130946057912156],[106.76212622603383,-6.121904085139716],[106.75309255931813,-6.121933674890049],[106.75312206812212,-6.130975691688032]]]},"id":"618","properties":{"grid_id":"grid_619"}},{"type":"Feature","geometry":{"type":"Polygon","coordinates":[[[106.76215588670502,-6.130946057912156],[106.77118966067874,-6.130916272017507],[106.77115984814402,-6.121874343496598],[106.76212622603383,-6.121904085139716],[106.76215588670502,-6.130946057912156]]]},"id":"619","properties":{"grid_id":"grid_620"}},{"type":"Feature","geometry":{"type":"Polygon","coordinates":[[[106.77118966067874,-6.130916272017507],[106.78022338981489,-6.130886334007775],[106.78019342542038,-6.121844449964381],[106.77115984814402,-6.121874343496598],[106.77118966067874,-6.130916272017507]]]},"id":"620","properties":{"grid_id":"grid_621"}},{"type":"Feature","geometry":{"type":"Polygon","coordinates":[[[106.78022338981489,-6.130886334007775],[106.78925707388511,-6.130856243886663],[106.78922695763454,-6.121814404546769],[106.78019342542038,-6.121844449964381],[106.78022338981489,-6.130886334007775]]]},"id":"621","properties":{"grid_id":"grid_622"}},{"type":"Feature","geometry":{"type":"Polygon","coordinates":[[[106.78925707388511,-6.130856243886663],[106.798290712661,-6.130826001657904],[106.7982604445581,-6.12178420724748],[106.78922695763454,-6.121814404546769],[106.78925707388511,-6.130856243886663]]]},"id":"622","properties":{"grid_id":"grid_623"}},{"type":"Feature","geometry":{"type":"Polygon","coordinates":[[[106.798290712661,-6.130826001657904],[106.8073243059142,-6.130795607325239],[106.80729388596276,-6.121753858070258],[106.7982604445581,-6.12178420724748],[106.798290712661,-6.130826001657904]]]},"id":"623","properties":{"grid_id":"grid_624"}},{"type":"Feature","geometry":{"type":"Polygon","coordinates":[[[106.8073243059142,-6.130795607325239],[106.81635785341632,-6.130765060892434],[106.81632728162015,-6.1217233570188565],[106.80729388596276,-6.121753858070258],[106.8073243059142,-6.130795607325239]]]},"id":"624","properties":{"grid_id":"grid_625"}},{"type":"Feature","geometry":{"type":"Polygon","coordinates":[[[106.82520742892349,-6.121693225218517],[106.81632728162015,-6.1217233570188565],[106.81635785341632,-6.130765060892434],[106.82539135493903,-6.130734362363271],[106.82536069191323,-6.121710541696787],[106.82520742892349,-6.121693225218517]]]},"id":"625","properties":{"grid_id":"grid_626"}},{"type":"Feature","geometry":{"type":"Polygon","coordinates":[[[106.82536069191323,-6.121710541696787],[106.82539135493903,-6.130734362363271],[106.83442481025396,-6.130703511741554],[106.83439758721839,-6.1227314999777755],[106.82536069191323,-6.121710541696787]]]},"id":"626","properties":{"grid_id":"grid_627"}},{"type":"Feature","geometry":{"type":"Polygon","coordinates":[[[106.83439758721839,-6.1227314999777755],[106.83442481025396,-6.130703511741554],[106.84345821913273,-6.1306725090311005],[106.8434271918253,-6.121630942657457],[106.84134783981544,-6.121638081902777],[106.83880041842713,-6.123228860983648],[106.83439758721839,-6.1227314999777755]]]},"id":"627","properties":{"grid_id":"grid_628"}},{"type":"Feature","geometry":{"type":"Polygon","coordinates":[[[106.84345821913273,-6.1306725090311005],[106.85249158134704,-6.130641354235751],[106.85246040221021,-6.121599834147305],[106.8434271918253,-6.121630942657457],[106.84345821913273,-6.1306725090311005]]]},"id":"628","properties":{"grid_id":"grid_629"}},{"type":"Feature","geometry":{"type":"Polygon","coordinates":[[[106.85249158134704,-6.130641354235751],[106.86152489666854,-6.130610047359364],[106.86149356570621,-6.121568573782052],[106.85246040221021,-6.121599834147305],[106.85249158134704,-6.130641354235751]]]},"id":"629","properties":{"grid_id":"grid_630"}},{"type":"Feature","geometry":{"type":"Polygon","coordinates":[[[106.86152489666854,-6.130610047359364],[106.87055816486888,-6.1305785884058155],[106.87052668208499,-6.121537161565566],[106.86149356570621,-6.121568573782052],[106.86152489666854,-6.130610047359364]]]},"id":"630","properties":{"grid_id":"grid_631"}},{"type":"Feature","geometry":{"type":"Polygon","coordinates":[[[106.87055816486888,-6.1305785884058155],[106.87959138571976,-6.130546977379002],[106.87955975111821,-6.121505597501738],[106.87052668208499,-6.121537161565566],[106.87055816486888,-6.1305785884058155]]]},"id":"631","properties":{"grid_id":"grid_632"}},{"type":"Feature","geometry":{"type":"Polygon","coordinates":[[[106.87959138571976,-6.130546977379002],[106.88862455899284,-6.130515214282839],[106.88859277257758,-6.121473881594474],[106.87955975111821,-6.121505597501738],[106.87959138571976,-6.130546977379002]]]},"id":"632","properties":{"grid_id":"grid_633"}},{"type":"Feature","geometry":{"type":"Polygon","coordinates":[[[106.88862455899284,-6.130515214282839],[106.89765768445984,-6.130483299121258],[106.89762574623482,-6.121442013847707],[106.88859277257758,-6.121473881594474],[106.88862455899284,-6.130515214282839]]]},"id":"633","properties":{"grid_id":"grid_634"}},{"type":"Feature","geometry":{"type":"Polygon","coordinates":[[[106.89765768445984,-6.130483299121258],[106.90669076189243,-6.130451231898211],[106.9066586718616,-6.1214099942653775],[106.89762574623482,-6.121442013847707],[106.89765768445984,-6.130483299121258]]]},"id":"634","properties":{"grid_id":"grid_635"}},{"type":"Feature","geometry":{"type":"Polygon","coordinates":[[[106.90669076189243,-6.130451231898211],[106.91572379106226,-6.130419012617668],[106.91569154922969,-6.121377822851451],[106.9066586718616,-6.1214099942653775],[106.90669076189243,-6.130451231898211]]]},"id":"635","properties":{"grid_id":"grid_636"}},{"type":"Feature","geometry":{"type":"Polygon","coordinates":[[[106.91572379106226,-6.130419012617668],[106.92475677174114,-6.130386641283621],[106.92472437811081,-6.121345499609913],[106.91569154922969,-6.121377822851451],[106.91572379106226,-6.130419012617668]]]},"id":"636","properties":{"grid_id":"grid_637"}},{"type":"Feature","geometry":{"type":"Polygon","coordinates":[[[106.92475677174114,-6.130386641283621],[106.93378970370067,-6.13035411790008],[106.93375715827665,-6.121313024544766],[106.92472437811081,-6.121345499609913],[106.92475677174114,-6.130386641283621]]]},"id":"637","properties":{"grid_id":"grid_638"}},{"type":"Feature","geometry":{"type":"Polygon","coordinates":[[[106.93378970370067,-6.13035411790008],[106.94282258671267,-6.130321442471066],[106.94278988949897,-6.12128039766003],[106.93375715827665,-6.121313024544766],[106.93378970370067,-6.13035411790008]]]},"id":"638","properties":{"grid_id":"grid_639"}},{"type":"Feature","geometry":{"type":"Polygon","coordinates":[[[106.94282258671267,-6.130321442471066],[106.95185542054877,-6.130288615000628],[106.95182257154951,-6.121247618959743],[106.94278988949897,-6.12128039766003],[106.94282258671267,-6.130321442471066]]]},"id":"639","properties":{"grid_id":"grid_640"}},{"type":"Feature","geometry":{"type":"Polygon","coordinates":[[[106.95185542054877,-6.130288615000628],[106.96088820498076,-6.1302556354928335],[106.96085520420003,-6.121214688447969],[106.95182257154951,-6.121247618959743],[106.95185542054877,-6.130288615000628]]]},"id":"640","properties":{"grid_id":"grid_641"}},{"type":"Feature","geometry":{"type":"Polygon","coordinates":[[[106.96088820498076,-6.1302556354928335],[106.96992093978037,-6.130222503951761],[106.96988778722228,-6.121181606128777],[106.96085520420003,-6.121214688447969],[106.96088820498076,-6.1302556354928335]]]},"id":"641","properties":{"grid_id":"grid_642"}},{"type":"Feature","geometry":{"type":"Polygon","coordinates":[[[106.97051628999665,-6.121179298515353],[106.96988778722228,-6.121181606128777],[106.96992093978037,-6.130222503951761],[106.97095298384869,-6.130218708734413],[106.97051628999665,-6.121179298515353]]]},"id":"642","properties":{"grid_id":"grid_643"}},{"type":"Feature","geometry":{"type":"Polygon","coordinates":[[[106.68788821906513,-6.12214274214765],[106.68985566253963,-6.122136549839025],[106.68983488193737,-6.115520875014409],[106.68911169768116,-6.1160601684203035],[106.68788821906513,-6.12214274214765]]]},"id":"643","properties":{"grid_id":"grid_644"}},{"type":"Feature","geometry":{"type":"Polygon","coordinates":[[[106.68983488193737,-6.115520875014409],[106.68985566253963,-6.122136549839025],[106.69888963509874,-6.122108023439726],[106.69886108058145,-6.11306574406251],[106.69310277035599,-6.113083917647358],[106.68983488193737,-6.115520875014409]]]},"id":"644","properties":{"grid_id":"grid_645"}},{"type":"Feature","geometry":{"type":"Polygon","coordinates":[[[106.69888963509874,-6.122108023439726],[106.70792356465113,-6.122079345122385],[106.70789485847322,-6.113037108413275],[106.69886108058145,-6.11306574406251],[106.69888963509874,-6.122108023439726]]]},"id":"645","properties":{"grid_id":"grid_646"}},{"type":"Feature","geometry":{"type":"Polygon","coordinates":[[[106.70792356465113,-6.122079345122385],[106.71695745096838,-6.122050514890556],[106.71692859313343,-6.11300832107557],[106.70789485847322,-6.113037108413275],[106.70792356465113,-6.122079345122385]]]},"id":"646","properties":{"grid_id":"grid_647"}},{"type":"Feature","geometry":{"type":"Polygon","coordinates":[[[106.71695745096838,-6.122050514890556],[106.7259912938221,-6.122021532747808],[106.72596228433373,-6.112979382052956],[106.71692859313343,-6.11300832107557],[106.71695745096838,-6.122050514890556]]]},"id":"647","properties":{"grid_id":"grid_648"}},{"type":"Feature","geometry":{"type":"Polygon","coordinates":[[[106.7259912938221,-6.122021532747808],[106.73502509298392,-6.121992398697733],[106.73499593184573,-6.11295029134902],[106.72596228433373,-6.112979382052956],[106.7259912938221,-6.122021532747808]]]},"id":"648","properties":{"grid_id":"grid_649"}},{"type":"Feature","geometry":{"type":"Polygon","coordinates":[[[106.73502509298392,-6.121992398697733],[106.7440588482254,-6.121963112743939],[106.74402953544103,-6.1129210489673635],[106.73499593184573,-6.11295029134902],[106.73502509298392,-6.121992398697733]]]},"id":"649","properties":{"grid_id":"grid_650"}},{"type":"Feature","geometry":{"type":"Polygon","coordinates":[[[106.7440588482254,-6.121963112743939],[106.75309255931813,-6.121933674890049],[106.75306309489127,-6.112891654911611],[106.74402953544103,-6.1129210489673635],[106.7440588482254,-6.121963112743939]]]},"id":"650","properties":{"grid_id":"grid_651"}},{"type":"Feature","geometry":{"type":"Polygon","coordinates":[[[106.75309255931813,-6.121933674890049],[106.76212622603383,-6.121904085139716],[106.76209660996813,-6.112862109185402],[106.75306309489127,-6.112891654911611],[106.75309255931813,-6.121933674890049]]]},"id":"651","properties":{"grid_id":"grid_652"}},{"type":"Feature","geometry":{"type":"Polygon","coordinates":[[[106.76212622603383,-6.121904085139716],[106.77115984814402,-6.121874343496598],[106.77113008044317,-6.112832411792394],[106.76209660996813,-6.112862109185402],[106.76212622603383,-6.121904085139716]]]},"id":"652","properties":{"grid_id":"grid_653"}},{"type":"Feature","geometry":{"type":"Polygon","coordinates":[[[106.77115984814402,-6.121874343496598],[106.78019342542038,-6.121844449964381],[106.78016350608807,-6.112802562736262],[106.77113008044317,-6.112832411792394],[106.77115984814402,-6.121874343496598]]]},"id":"653","properties":{"grid_id":"grid_654"}},{"type":"Feature","geometry":{"type":"Polygon","coordinates":[[[106.78019342542038,-6.121844449964381],[106.78922695763454,-6.121814404546769],[106.78919688667453,-6.11277256202071],[106.78016350608807,-6.112802562736262],[106.78019342542038,-6.121844449964381]]]},"id":"654","properties":{"grid_id":"grid_655"}},{"type":"Feature","geometry":{"type":"Polygon","coordinates":[[[106.78922695763454,-6.121814404546769],[106.7982604445581,-6.12178420724748],[106.79823022197414,-6.112742409649448],[106.78919688667453,-6.11277256202071],[106.78922695763454,-6.121814404546769]]]},"id":"655","properties":{"grid_id":"grid_656"}},{"type":"Feature","geometry":{"type":"Polygon","coordinates":[[[106.80701655542931,-6.112712936096785],[106.79823022197414,-6.112742409649448],[106.7982604445581,-6.12178420724748],[106.80729388596276,-6.121753858070258],[106.80726732182183,-6.11384629691868],[106.80701655542931,-6.112712936096785]]]},"id":"656","properties":{"grid_id":"grid_657"}},{"type":"Feature","geometry":{"type":"Polygon","coordinates":[[[106.80726732182183,-6.11384629691868],[106.80729388596276,-6.121753858070258],[106.81632728162015,-6.1217233570188565],[106.81632379090624,-6.120689427736716],[106.8085880160747,-6.11981520985189],[106.80726732182183,-6.11384629691868]]]},"id":"657","properties":{"grid_id":"grid_658"}},{"type":"Feature","geometry":{"type":"Polygon","coordinates":[[[106.81632379090624,-6.120689427736716],[106.81632728162015,-6.1217233570188565],[106.82520742892349,-6.121693225218517],[106.81632379090624,-6.120689427736716]]]},"id":"658","properties":{"grid_id":"grid_659"}},{"type":"Feature","geometry":{"type":"Polygon","coordinates":[[[106.84134783981544,-6.121638081902777],[106.8434271918253,-6.121630942657457],[106.84342277639834,-6.12034233783452],[106.84134783981544,-6.121638081902777]]]},"id":"659","properties":{"grid_id":"grid_660"}},{"type":"Feature","geometry":{"type":"Polygon","coordinates":[[[106.84342277639834,-6.12034233783452],[106.8434271918253,-6.121630942657457],[106.85246040221021,-6.121599834147305],[106.85243668975414,-6.114713217401621],[106.84342277639834,-6.12034233783452]]]},"id":"660","properties":{"grid_id":"grid_661"}},{"type":"Feature","geometry":{"type":"Polygon","coordinates":[[[106.85243668975414,-6.114713217401621],[106.85246040221021,-6.121599834147305],[106.86149356570621,-6.121568573782052],[106.86146228186112,-6.112527097006807],[106.85590643975604,-6.112546313243038],[106.85243668975414,-6.114713217401621]]]},"id":"661","properties":{"grid_id":"grid_662"}},{"type":"Feature","geometry":{"type":"Polygon","coordinates":[[[106.86149356570621,-6.121568573782052],[106.87052668208499,-6.121537161565566],[106.87049524664661,-6.112495731525882],[106.86146228186112,-6.112527097006807],[106.86149356570621,-6.121568573782052]]]},"id":"662","properties":{"grid_id":"grid_663"}},{"type":"Feature","geometry":{"type":"Polygon","coordinates":[[[106.87052668208499,-6.121537161565566],[106.87955975111821,-6.121505597501738],[106.87952816409049,-6.112464214423526],[106.87049524664661,-6.112495731525882],[106.87052668208499,-6.121537161565566]]]},"id":"663","properties":{"grid_id":"grid_664"}},{"type":"Feature","geometry":{"type":"Polygon","coordinates":[[[106.87955975111821,-6.121505597501738],[106.88859277257758,-6.121473881594474],[106.88856103396444,-6.112432545703644],[106.87952816409049,-6.112464214423526],[106.87955975111821,-6.121505597501738]]]},"id":"664","properties":{"grid_id":"grid_665"}},{"type":"Feature","geometry":{"type":"Polygon","coordinates":[[[106.88859277257758,-6.121473881594474],[106.89762574623482,-6.121442013847707],[106.8975938560402,-6.112400725370163],[106.88856103396444,-6.112432545703644],[106.88859277257758,-6.121473881594474]]]},"id":"665","properties":{"grid_id":"grid_666"}},{"type":"Feature","geometry":{"type":"Polygon","coordinates":[[[106.89762574623482,-6.121442013847707],[106.9066586718616,-6.1214099942653775],[106.90662663008953,-6.1123687534270195],[106.8975938560402,-6.112400725370163],[106.89762574623482,-6.121442013847707]]]},"id":"666","properties":{"grid_id":"grid_667"}},{"type":"Feature","geometry":{"type":"Polygon","coordinates":[[[106.9066586718616,-6.1214099942653775],[106.91569154922969,-6.121377822851451],[106.91565935588413,-6.112336629878171],[106.90662663008953,-6.1123687534270195],[106.9066586718616,-6.1214099942653775]]]},"id":"667","properties":{"grid_id":"grid_668"}},{"type":"Feature","geometry":{"type":"Polygon","coordinates":[[[106.91569154922969,-6.121377822851451],[106.92472437811081,-6.121345499609913],[106.92469203319575,-6.112304354727594],[106.91565935588413,-6.112336629878171],[106.91569154922969,-6.121377822851451]]]},"id":"668","properties":{"grid_id":"grid_669"}},{"type":"Feature","geometry":{"type":"Polygon","coordinates":[[[106.92472437811081,-6.121345499609913],[106.93375715827665,-6.121313024544766],[106.93372466179615,-6.112271927979289],[106.92469203319575,-6.112304354727594],[106.92472437811081,-6.121345499609913]]]},"id":"669","properties":{"grid_id":"grid_670"}},{"type":"Feature","geometry":{"type":"Polygon","coordinates":[[[106.93375715827665,-6.121313024544766],[106.94278988949897,-6.12128039766003],[106.94275724145709,-6.1122393496372665],[106.93372466179615,-6.112271927979289],[106.93375715827665,-6.121313024544766]]]},"id":"670","properties":{"grid_id":"grid_671"}},{"type":"Feature","geometry":{"type":"Polygon","coordinates":[[[106.94278988949897,-6.12128039766003],[106.95182257154951,-6.121247618959743],[106.95178977195032,-6.112206619705565],[106.94275724145709,-6.1122393496372665],[106.94278988949897,-6.12128039766003]]]},"id":"671","properties":{"grid_id":"grid_672"}},{"type":"Feature","geometry":{"type":"Polygon","coordinates":[[[106.95182257154951,-6.121247618959743],[106.96085520420003,-6.121214688447969],[106.96082225304758,-6.112173738188232],[106.95178977195032,-6.112206619705565],[106.95182257154951,-6.121247618959743]]]},"id":"672","properties":{"grid_id":"grid_673"}},{"type":"Feature","geometry":{"type":"Polygon","coordinates":[[[106.96085520420003,-6.121214688447969],[106.96988778722228,-6.121181606128777],[106.96985468452071,-6.112140705089343],[106.96082225304758,-6.112173738188232],[106.96085520420003,-6.121214688447969]]]},"id":"673","properties":{"grid_id":"grid_674"}},{"type":"Feature","geometry":{"type":"Polygon","coordinates":[[[106.9700796105644,-6.11213988054866],[106.96985468452071,-6.112140705089343],[106.96988778722228,-6.121181606128777],[106.97051628999665,-6.121179298515353],[106.9700796105644,-6.11213988054866]]]},"id":"674","properties":{"grid_id":"grid_675"}},{"type":"Feature","geometry":{"type":"Polygon","coordinates":[[[106.689810053537,-6.107608257212261],[106.68979889960815,-6.104051903034302],[106.68852039966607,-6.1040559159437775],[106.68842505217324,-6.107184511148339],[106.689810053537,-6.107608257212261]]]},"id":"675","properties":{"grid_id":"grid_676"}},{"type":"Feature","geometry":{"type":"Polygon","coordinates":[[[106.69310277035599,-6.113083917647358],[106.69886108058145,-6.11306574406251],[106.69883256906729,-6.104023461517805],[106.68979889960815,-6.104051903034302],[106.689810053537,-6.107608257212261],[106.6973514437773,-6.109915498295369],[106.69310277035599,-6.113083917647358]]]},"id":"676","properties":{"grid_id":"grid_677"}},{"type":"Feature","geometry":{"type":"Polygon","coordinates":[[[106.69886108058145,-6.11306574406251],[106.70789485847322,-6.113037108413275],[106.70786619552683,-6.103994868535306],[106.69883256906729,-6.104023461517805],[106.69886108058145,-6.11306574406251]]]},"id":"677","properties":{"grid_id":"grid_678"}},{"type":"Feature","geometry":{"type":"Polygon","coordinates":[[[106.70789485847322,-6.113037108413275],[106.71692859313343,-6.11300832107557],[106.71689977875845,-6.103966124090341],[106.70786619552683,-6.103994868535306],[106.70789485847322,-6.113037108413275]]]},"id":"678","properties":{"grid_id":"grid_679"}},{"type":"Feature","geometry":{"type":"Polygon","coordinates":[[[106.71692859313343,-6.11300832107557],[106.72596228433373,-6.112979382052956],[106.7259333185337,-6.103937228186478],[106.71689977875845,-6.103966124090341],[106.71692859313343,-6.11300832107557]]]},"id":"679","properties":{"grid_id":"grid_680"}},{"type":"Feature","geometry":{"type":"Polygon","coordinates":[[[106.72596228433373,-6.112979382052956],[106.73499593184573,-6.11295029134902],[106.73496681462423,-6.103908180827287],[106.7259333185337,-6.103937228186478],[106.72596228433373,-6.112979382052956]]]},"id":"680","properties":{"grid_id":"grid_681"}},{"type":"Feature","geometry":{"type":"Polygon","coordinates":[[[106.73499593184573,-6.11295029134902],[106.74402953544103,-6.1129210489673635],[106.74400026680175,-6.103878982016372],[106.73496681462423,-6.103908180827287],[106.73499593184573,-6.11295029134902]]]},"id":"681","properties":{"grid_id":"grid_682"}},{"type":"Feature","geometry":{"type":"Polygon","coordinates":[[[106.74402953544103,-6.1129210489673635],[106.75306309489127,-6.112891654911611],[106.75303367483782,-6.103849631757348],[106.74400026680175,-6.103878982016372],[106.74402953544103,-6.1129210489673635]]]},"id":"682","properties":{"grid_id":"grid_683"}},{"type":"Feature","geometry":{"type":"Polygon","coordinates":[[[106.7582493221618,-6.10383261655403],[106.75303367483782,-6.103849631757348],[106.75306309489127,-6.112891654911611],[106.76209660996813,-6.112862109185402],[106.76207051149672,-6.1048820725450055],[106.7582493221618,-6.10383261655403]]]},"id":"683","properties":{"grid_id":"grid_684"}},{"type":"Feature","geometry":{"type":"Polygon","coordinates":[[[106.76207051149672,-6.1048820725450055],[106.76209660996813,-6.112862109185402],[106.77113008044317,-6.112832411792394],[106.77111210818511,-6.107365143724036],[106.76207051149672,-6.1048820725450055]]]},"id":"684","properties":{"grid_id":"grid_685"}},{"type":"Feature","geometry":{"type":"Polygon","coordinates":[[[106.77111210818511,-6.107365143724036],[106.77113008044317,-6.112832411792394],[106.78016350608807,-6.112802562736262],[106.780153744316,-6.10984805176706],[106.77111210818511,-6.107365143724036]]]},"id":"685","properties":{"grid_id":"grid_686"}},{"type":"Feature","geometry":{"type":"Polygon","coordinates":[[[106.780153744316,-6.10984805176706],[106.78016350608807,-6.112802562736262],[106.78919688667453,-6.11277256202071],[106.78916830550861,-6.1041657181090505],[106.78661535981843,-6.111622358187007],[106.780153744316,-6.10984805176706]]]},"id":"686","properties":{"grid_id":"grid_687"}},{"type":"Feature","geometry":{"type":"Polygon","coordinates":[[[106.78916830550861,-6.1041657181090505],[106.78919688667453,-6.11277256202071],[106.79823022197414,-6.112742409649448],[106.79820004490533,-6.103700608868445],[106.78931740704093,-6.103730215779609],[106.78916830550861,-6.1041657181090505]]]},"id":"687","properties":{"grid_id":"grid_688"}},{"type":"Feature","geometry":{"type":"Polygon","coordinates":[[[106.8050174851712,-6.103677785997795],[106.79820004490533,-6.103700608868445],[106.79823022197414,-6.112742409649448],[106.80701655542931,-6.112712936096785],[106.8050174851712,-6.103677785997795]]]},"id":"688","properties":{"grid_id":"grid_689"}},{"type":"Feature","geometry":{"type":"Polygon","coordinates":[[[106.85590643975604,-6.112546313243038],[106.86146228186112,-6.112527097006807],[106.86145038631335,-6.109083963672098],[106.85590643975604,-6.112546313243038]]]},"id":"689","properties":{"grid_id":"grid_690"}},{"type":"Feature","geometry":{"type":"Polygon","coordinates":[[[106.86145038631335,-6.109083963672098],[106.86146228186112,-6.112527097006807],[106.87049524664661,-6.112495731525882],[106.87046385953128,-6.103454580987718],[106.86145038631335,-6.109083963672098]]]},"id":"690","properties":{"grid_id":"grid_691"}},{"type":"Feature","geometry":{"type":"Polygon","coordinates":[[[106.87046385953128,-6.103454580987718],[106.87049524664661,-6.112495731525882],[106.87952816409049,-6.112464214423526],[106.87949662463267,-6.103422828149026],[106.87046431469746,-6.103454296705999],[106.87046385953128,-6.103454580987718]]]},"id":"691","properties":{"grid_id":"grid_692"}},{"type":"Feature","geometry":{"type":"Polygon","coordinates":[[[106.87952816409049,-6.112464214423526],[106.88856103396444,-6.112432545703644],[106.88852934314947,-6.103391206615015],[106.87949662463267,-6.103422828149026],[106.87952816409049,-6.112464214423526]]]},"id":"692","properties":{"grid_id":"grid_693"}},{"type":"Feature","geometry":{"type":"Polygon","coordinates":[[[106.88856103396444,-6.112432545703644],[106.8975938560402,-6.112400725370163],[106.89756201387206,-6.103359433693297],[106.88852934314947,-6.103391206615015],[106.88856103396444,-6.112432545703644]]]},"id":"693","properties":{"grid_id":"grid_694"}},{"type":"Feature","geometry":{"type":"Polygon","coordinates":[[[106.8975938560402,-6.112400725370163],[106.90662663008953,-6.1123687534270195],[106.90659463657217,-6.103327509387805],[106.89756201387206,-6.103359433693297],[106.8975938560402,-6.112400725370163]]]},"id":"694","properties":{"grid_id":"grid_695"}},{"type":"Feature","geometry":{"type":"Polygon","coordinates":[[[106.90662663008953,-6.1123687534270195],[106.91565935588413,-6.112336629878171],[106.91562721102153,-6.1032954337024945],[106.90659463657217,-6.103327509387805],[106.90662663008953,-6.1123687534270195]]]},"id":"695","properties":{"grid_id":"grid_696"}},{"type":"Feature","geometry":{"type":"Polygon","coordinates":[[[106.91565935588413,-6.112336629878171],[106.92469203319575,-6.112304354727594],[106.92465973699193,-6.103263206641337],[106.91562721102153,-6.1032954337024945],[106.91565935588413,-6.112336629878171]]]},"id":"696","properties":{"grid_id":"grid_697"}},{"type":"Feature","geometry":{"type":"Polygon","coordinates":[[[106.92469203319575,-6.112304354727594],[106.93372466179615,-6.112271927979289],[106.9336922142551,-6.1032308282083205],[106.92465973699193,-6.103263206641337],[106.92469203319575,-6.112304354727594]]]},"id":"697","properties":{"grid_id":"grid_698"}},{"type":"Feature","geometry":{"type":"Polygon","coordinates":[[[106.93372466179615,-6.112271927979289],[106.94275724145709,-6.1122393496372665],[106.94272464258289,-6.103198298407454],[106.9336922142551,-6.1032308282083205],[106.93372466179615,-6.112271927979289]]]},"id":"698","properties":{"grid_id":"grid_699"}},{"type":"Feature","geometry":{"type":"Polygon","coordinates":[[[106.94275724145709,-6.1122393496372665],[106.95178977195032,-6.112206619705565],[106.95175702174703,-6.1031656172427695],[106.94272464258289,-6.103198298407454],[106.94275724145709,-6.1122393496372665]]]},"id":"699","properties":{"grid_id":"grid_700"}},{"type":"Feature","geometry":{"type":"Polygon","coordinates":[[[106.95178977195032,-6.112206619705565],[106.96082225304758,-6.112173738188232],[106.9607893515193,-6.103132784718308],[106.95175702174703,-6.1031656172427695],[106.95178977195032,-6.112206619705565]]]},"id":"700","properties":{"grid_id":"grid_701"}},{"type":"Feature","geometry":{"type":"Polygon","coordinates":[[[106.96964294552873,-6.1031004548197405],[106.9607893515193,-6.103132784718308],[106.96082225304758,-6.112173738188232],[106.96985468452071,-6.112140705089343],[106.96983626474119,-6.107102403633946],[106.96964294552873,-6.1031004548197405]]]},"id":"701","properties":{"grid_id":"grid_702"}},{"type":"Feature","geometry":{"type":"Polygon","coordinates":[[[106.96983626474119,-6.107102403633946],[106.96985468452071,-6.112140705089343],[106.9700796105644,-6.11213988054866],[106.96983626474119,-6.107102403633946]]]},"id":"702","properties":{"grid_id":"grid_703"}},{"type":"Feature","geometry":{"type":"Polygon","coordinates":[[[106.68852039966607,-6.1040559159437775],[106.68979889960815,-6.104051903034302],[106.68977370663154,-6.09600725611761],[106.68876837492728,-6.095919042012045],[106.68852039966607,-6.1040559159437775]]]},"id":"703","properties":{"grid_id":"grid_704"}},{"type":"Feature","geometry":{"type":"Polygon","coordinates":[[[106.68977370663154,-6.09600725611761],[106.68979889960815,-6.104051903034302],[106.69883256906729,-6.104023461517805],[106.69880982699746,-6.096800057043829],[106.68977370663154,-6.09600725611761]]]},"id":"704","properties":{"grid_id":"grid_705"}},{"type":"Feature","geometry":{"type":"Polygon","coordinates":[[[106.69880982699746,-6.096800057043829],[106.69883256906729,-6.104023461517805],[106.70786619552683,-6.103994868535306],[106.70783757580844,-6.0949526254930975],[106.7058913884535,-6.094958789130556],[106.7004413485634,-6.096943185351694],[106.69880982699746,-6.096800057043829]]]},"id":"705","properties":{"grid_id":"grid_706"}},{"type":"Feature","geometry":{"type":"Polygon","coordinates":[[[106.70786619552683,-6.103994868535306],[106.71689977875845,-6.103966124090341],[106.71687100783977,-6.094923923939503],[106.70783757580844,-6.0949526254930975],[106.70786619552683,-6.103994868535306]]]},"id":"706","properties":{"grid_id":"grid_707"}},{"type":"Feature","geometry":{"type":"Polygon","coordinates":[[[106.71689977875845,-6.103966124090341],[106.7259333185337,-6.103937228186478],[106.72590439641833,-6.094895071153002],[106.71687100783977,-6.094923923939503],[106.71689977875845,-6.103966124090341]]]},"id":"707","properties":{"grid_id":"grid_708"}},{"type":"Feature","geometry":{"type":"Polygon","coordinates":[[[106.7259333185337,-6.103937228186478],[106.73496681462423,-6.103908180827287],[106.73493774131582,-6.09486606713717],[106.72590439641833,-6.094895071153002],[106.7259333185337,-6.103937228186478]]]},"id":"708","properties":{"grid_id":"grid_709"}},{"type":"Feature","geometry":{"type":"Polygon","coordinates":[[[106.73496681462423,-6.103908180827287],[106.74400026680175,-6.103878982016372],[106.74397104230385,-6.094836911895598],[106.73493774131582,-6.09486606713717],[106.73496681462423,-6.103908180827287]]]},"id":"709","properties":{"grid_id":"grid_710"}},{"type":"Feature","geometry":{"type":"Polygon","coordinates":[[[106.75223099384608,-6.09481012013999],[106.74397104230385,-6.094836911895598],[106.74400026680175,-6.103878982016372],[106.75303367483782,-6.103849631757348],[106.75302896144798,-6.102398840275637],[106.75056647064801,-6.101722495076973],[106.75223099384608,-6.09481012013999]]]},"id":"710","properties":{"grid_id":"grid_711"}},{"type":"Feature","geometry":{"type":"Polygon","coordinates":[[[106.75302896144798,-6.102398840275637],[106.75303367483782,-6.103849631757348],[106.7582493221618,-6.10383261655403],[106.75302896144798,-6.102398840275637]]]},"id":"711","properties":{"grid_id":"grid_712"}},{"type":"Feature","geometry":{"type":"Polygon","coordinates":[[[106.78931740704093,-6.103730215779609],[106.79820004490533,-6.103700608868445],[106.7981844023692,-6.099006672994633],[106.79210852388252,-6.09557766046469],[106.78931740704093,-6.103730215779609]]]},"id":"712","properties":{"grid_id":"grid_713"}},{"type":"Feature","geometry":{"type":"Polygon","coordinates":[[[106.7981844023692,-6.099006672994633],[106.79820004490533,-6.103700608868445],[106.8050174851712,-6.103677785997795],[106.80481146578063,-6.102746627331876],[106.7981844023692,-6.099006672994633]]]},"id":"713","properties":{"grid_id":"grid_714"}},{"type":"Feature","geometry":{"type":"Polygon","coordinates":[[[106.87046431469746,-6.103454296705999],[106.87949662463267,-6.103422828149026],[106.87947712702272,-6.097825058601094],[106.87046431469746,-6.103454296705999]]]},"id":"714","properties":{"grid_id":"grid_715"}},{"type":"Feature","geometry":{"type":"Polygon","coordinates":[[[106.87947712702272,-6.097825058601094],[106.87949662463267,-6.103422828149026],[106.88852934314947,-6.103391206615015],[106.8885073148207,-6.097097097024958],[106.88034247166156,-6.097284566030514],[106.87947712702272,-6.097825058601094]]]},"id":"715","properties":{"grid_id":"grid_716"}},{"type":"Feature","geometry":{"type":"Polygon","coordinates":[[[106.8885073148207,-6.097097097024958],[106.88852934314947,-6.103391206615015],[106.89756201387206,-6.103359433693297],[106.89753926219751,-6.096889575556655],[106.8885073148207,-6.097097097024958]]]},"id":"716","properties":{"grid_id":"grid_717"}},{"type":"Feature","geometry":{"type":"Polygon","coordinates":[[[106.89753926219751,-6.096889575556655],[106.89756201387206,-6.103359433693297],[106.90659463657217,-6.103327509387805],[106.90657115567917,-6.096681904803811],[106.89753926219751,-6.096889575556655]]]},"id":"717","properties":{"grid_id":"grid_718"}},{"type":"Feature","geometry":{"type":"Polygon","coordinates":[[[106.90657115567917,-6.096681904803811],[106.90659463657217,-6.103327509387805],[106.91562721102153,-6.1032954337024945],[106.91560299503766,-6.096474084779185],[106.90657115567917,-6.096681904803811]]]},"id":"718","properties":{"grid_id":"grid_719"}},{"type":"Feature","geometry":{"type":"Polygon","coordinates":[[[106.91560299503766,-6.096474084779185],[106.91562721102153,-6.1032954337024945],[106.92465973699193,-6.103263206641337],[106.92463478004495,-6.096266115495558],[106.91560299503766,-6.096474084779185]]]},"id":"719","properties":{"grid_id":"grid_720"}},{"type":"Feature","geometry":{"type":"Polygon","coordinates":[[[106.92463478004495,-6.096266115495558],[106.92465973699193,-6.103263206641337],[106.9336922142551,-6.1032308282083205],[106.9336665104731,-6.096057996965722],[106.92463478004495,-6.096266115495558]]]},"id":"720","properties":{"grid_id":"grid_721"}},{"type":"Feature","geometry":{"type":"Polygon","coordinates":[[[106.9336665104731,-6.096057996965722],[106.9336922142551,-6.1032308282083205],[106.94272464258289,-6.103198298407454],[106.94269818609409,-6.095849729202491],[106.9336665104731,-6.096057996965722]]]},"id":"721","properties":{"grid_id":"grid_722"}},{"type":"Feature","geometry":{"type":"Polygon","coordinates":[[[106.94269818609409,-6.095849729202491],[106.94272464258289,-6.103198298407454],[106.95175702174703,-6.1031656172427695],[106.95172980667998,-6.0956413122187],[106.94269818609409,-6.095849729202491]]]},"id":"722","properties":{"grid_id":"grid_723"}},{"type":"Feature","geometry":{"type":"Polygon","coordinates":[[[106.95172980667998,-6.0956413122187],[106.95175702174703,-6.1031656172427695],[106.9607893515193,-6.103132784718308],[106.96076137200278,-6.095432746027201],[106.95172980667998,-6.0956413122187]]]},"id":"723","properties":{"grid_id":"grid_724"}},{"type":"Feature","geometry":{"type":"Polygon","coordinates":[[[106.96076137200278,-6.095432746027201],[106.9607893515193,-6.103132784718308],[106.96964294552873,-6.1031004548197405],[106.96926306494865,-6.095236278699177],[106.96076137200278,-6.095432746027201]]]},"id":"724","properties":{"grid_id":"grid_725"}},{"type":"Feature","geometry":{"type":"Polygon","coordinates":[[[106.7058913884535,-6.094958789130556],[106.70783757580844,-6.0949526254930975],[106.70783535827803,-6.094250959832457],[106.7058913884535,-6.094958789130556]]]},"id":"725","properties":{"grid_id":"grid_726"}},{"type":"Feature","geometry":{"type":"Polygon","coordinates":[[[106.70783535827803,-6.094250959832457],[106.70783757580844,-6.0949526254930975],[106.71687100783977,-6.094923923939503],[106.71685843133585,-6.090965404625247],[106.70783535827803,-6.094250959832457]]]},"id":"726","properties":{"grid_id":"grid_727"}},{"type":"Feature","geometry":{"type":"Polygon","coordinates":[[[106.72481726409774,-6.088067211481206],[106.71685843133585,-6.090965404625247],[106.71687100783977,-6.094923923939503],[106.72590439641833,-6.094895071153002],[106.72588024153673,-6.087331928857396],[106.72481726409774,-6.088067211481206]]]},"id":"727","properties":{"grid_id":"grid_728"}},{"type":"Feature","geometry":{"type":"Polygon","coordinates":[[[106.72588024153673,-6.087331928857396],[106.72590439641833,-6.094895071153002],[106.73493774131582,-6.09486606713717],[106.73490871191682,-6.085823950283296],[106.72802835653603,-6.0858460225233575],[106.72588024153673,-6.087331928857396]]]},"id":"728","properties":{"grid_id":"grid_729"}},{"type":"Feature","geometry":{"type":"Polygon","coordinates":[[[106.73594748242702,-6.085820610215218],[106.73490871191682,-6.085823950283296],[106.73493774131582,-6.09486606713717],[106.74397104230385,-6.094836911895598],[106.743942147625,-6.085883363702338],[106.74095343353589,-6.090798295994904],[106.73594748242702,-6.085820610215218]]]},"id":"729","properties":{"grid_id":"grid_730"}},{"type":"Feature","geometry":{"type":"Polygon","coordinates":[[[106.743942147625,-6.085883363702338],[106.74397104230385,-6.094836911895598],[106.75223099384608,-6.09481012013999],[106.75299402808923,-6.091641356412889],[106.75297496783655,-6.085765575939887],[106.7439960846676,-6.08579466340352],[106.743942147625,-6.085883363702338]]]},"id":"730","properties":{"grid_id":"grid_731"}},{"type":"Feature","geometry":{"type":"Polygon","coordinates":[[[106.7544100067372,-6.08576091316421],[106.75297496783655,-6.085765575939887],[106.75299402808923,-6.091641356412889],[106.7544100067372,-6.08576091316421]]]},"id":"731","properties":{"grid_id":"grid_732"}},{"type":"Feature","geometry":{"type":"Polygon","coordinates":[[[106.72802835653603,-6.0858460225233575],[106.73490871191682,-6.085823950283296],[106.73490537939259,-6.0847843738560075],[106.73271368743985,-6.082605000805115],[106.72802835653603,-6.0858460225233575]]]},"id":"732","properties":{"grid_id":"grid_733"}},{"type":"Feature","geometry":{"type":"Polygon","coordinates":[[[106.73490537939259,-6.0847843738560075],[106.73490871191682,-6.085823950283296],[106.73594748242702,-6.085820610215218],[106.73490537939259,-6.0847843738560075]]]},"id":"733","properties":{"grid_id":"grid_734"}},{"type":"Feature","geometry":{"type":"Polygon","coordinates":[[[106.7439960846676,-6.08579466340352],[106.75297496783655,-6.085765575939887],[106.7529458002758,-6.076760405648517],[106.75277239929738,-6.076724105209767],[106.74950517929295,-6.076734689943066],[106.7439960846676,-6.08579466340352]]]},"id":"734","properties":{"grid_id":"grid_735"}},{"type":"Feature","geometry":{"type":"Polygon","coordinates":[[[106.7529458002758,-6.076760405648517],[106.75297496783655,-6.085765575939887],[106.7544100067372,-6.08576091316421],[106.75640295746612,-6.077484127898423],[106.7529458002758,-6.076760405648517]]]},"id":"735","properties":{"grid_id":"grid_736"}},{"type":"Feature","geometry":{"type":"Polygon","coordinates":[[[106.74950517929295,-6.076734689943066],[106.75277239929738,-6.076724105209767],[106.74987982514007,-6.076118553558167],[106.74950517929295,-6.076734689943066]]]},"id":"736","properties":{"grid_id":"grid_737"}}]}