system:index,dummy,lat,lon,s5p_co,s5p_no2,s5p_o3,s5p_so2,.geo
0_0,1,-6.36456378798681,106.88604408096127,0.03674579241984473,8.871260796542727E-5,0.11774519711650008,2.5036674033502205E-5,"{""geodesic"":false,""type"":""Point"",""coordinates"":[106.88604408096127,-6.36456378798681]}"
1_0,1,-6.36456378798681,106.89502723380247,0.03618770336469556,8.46542871421235E-5,0.117753811619077,5.353672531778959E-5,"{""geodesic"":false,""type"":""Point"",""coordinates"":[106.89502723380247,-6.36456378798681]}"
2_0,1,-6.36456378798681,106.91299353948486,0.03606782977055202,8.487858409845832E-5,0.1177338339149423,4.9092590985638726E-5,"{""geodesic"":false,""type"":""Point"",""coordinates"":[106.91299353948486,-6.36456378798681]}"
3_0,1,-6.355580635145615,106.79621255254932,0.03597939107670482,9.331542424304785E-5,0.1177103362125167,7.384568328766642E-5,"{""geodesic"":false,""type"":""Point"",""coordinates"":[106.79621255254932,-6.355580635145615]}"
4_0,1,-6.355580635145615,106.80519570539052,0.03598261668212127,9.222993193534443E-5,0.11769484356038656,7.198194991865788E-5,"{""geodesic"":false,""type"":""Point"",""coordinates"":[106.80519570539052,-6.355580635145615]}"
5_0,1,-6.355580635145615,106.81417885823171,0.03597920710492095,9.205208455184567E-5,0.1176273199437478,2.646278395940548E-5,"{""geodesic"":false,""type"":""Point"",""coordinates"":[106.81417885823171,-6.355580635145615]}"
6_0,1,-6.355580635145615,106.82316201107291,0.03608098630006168,9.598187170916994E-5,0.1176044639355829,4.5053062198305057E-5,"{""geodesic"":false,""type"":""Point"",""coordinates"":[106.82316201107291,-6.355580635145615]}"
7_0,1,-6.355580635145615,106.87706092812007,0.03624866939066249,9.397592719279216E-5,0.11780607239768905,5.21188491483176E-6,"{""geodesic"":false,""type"":""Point"",""coordinates"":[106.87706092812007,-6.355580635145615]}"
8_0,1,-6.355580635145615,106.88604408096127,0.03642259798748635,9.256184889210595E-5,0.11774775983036732,1.6862974785718248E-5,"{""geodesic"":false,""type"":""Point"",""coordinates"":[106.88604408096127,-6.355580635145615]}"
9_0,1,-6.355580635145615,106.89502723380247,0.035895919875912174,9.275818592863175E-5,0.11774727902803989,3.074306523176061E-5,"{""geodesic"":false,""type"":""Point"",""coordinates"":[106.89502723380247,-6.355580635145615]}"
10_0,1,-6.355580635145615,106.90401038664366,0.0362185006216538,8.891722245595078E-5,0.11773355912907961,1.7576402569805354E-5,"{""geodesic"":false,""type"":""Point"",""coordinates"":[106.90401038664366,-6.355580635145615]}"
11_0,1,-6.355580635145615,106.91299353948486,0.03603353838987121,9.130642655551394E-5,0.11774039475588743,1.0101317295673089E-5,"{""geodesic"":false,""type"":""Point"",""coordinates"":[106.91299353948486,-6.355580635145615]}"
12_0,1,-6.34659748230442,106.79621255254932,0.03596486073855807,9.020376894630518E-5,0.11773715358896593,8.496252584947698E-5,"{""geodesic"":false,""type"":""Point"",""coordinates"":[106.79621255254932,-6.34659748230442]}"
13_0,1,-6.34659748230442,106.80519570539052,0.03597939097036482,9.612274060754579E-5,0.11762889798414422,9.970229612231259E-5,"{""geodesic"":false,""type"":""Point"",""coordinates"":[106.80519570539052,-6.34659748230442]}"
14_0,1,-6.34659748230442,106.81417885823171,0.035977752979629865,9.987281139166518E-5,0.11762091368446467,5.126617873218653E-5,"{""geodesic"":false,""type"":""Point"",""coordinates"":[106.81417885823171,-6.34659748230442]}"
15_0,1,-6.34659748230442,106.82316201107291,0.03597659148548507,1.0255493062162816E-4,0.117608226164712,4.8465635939264754E-5,"{""geodesic"":false,""type"":""Point"",""coordinates"":[106.82316201107291,-6.34659748230442]}"
16_0,1,-6.34659748230442,106.83214516391409,0.03578938194731522,1.0474049170552497E-4,0.11761675440718458,2.6521800552206546E-5,"{""geodesic"":false,""type"":""Point"",""coordinates"":[106.83214516391409,-6.34659748230442]}"
17_0,1,-6.34659748230442,106.85909462243768,0.03610232381192011,1.0427919108595128E-4,0.1176008548416635,6.898157344522195E-5,"{""geodesic"":false,""type"":""Point"",""coordinates"":[106.85909462243768,-6.34659748230442]}"
18_0,1,-6.34659748230442,106.86807777527888,0.03628534903181786,1.0120949446007241E-4,0.11773842367527945,6.139195615405207E-5,"{""geodesic"":false,""type"":""Point"",""coordinates"":[106.86807777527888,-6.34659748230442]}"
19_0,1,-6.34659748230442,106.87706092812007,0.0363060896633777,1.0058940483734973E-4,0.11775313195602634,2.770962728808789E-5,"{""geodesic"":false,""type"":""Point"",""coordinates"":[106.87706092812007,-6.34659748230442]}"
20_0,1,-6.34659748230442,106.88604408096127,0.03632592889960565,9.788337127366589E-5,0.11775438965842445,2.1390939460240077E-5,"{""geodesic"":false,""type"":""Point"",""coordinates"":[106.88604408096127,-6.34659748230442]}"
21_0,1,-6.34659748230442,106.89502723380247,0.036035757511832536,9.401084881447082E-5,0.1177476288815381,3.9478839122821775E-5,"{""geodesic"":false,""type"":""Point"",""coordinates"":[106.89502723380247,-6.34659748230442]}"
22_0,1,-6.34659748230442,106.90401038664366,0.03627355374774227,9.363712615582327E-5,0.11772483320734094,1.7576402569805354E-5,"{""geodesic"":false,""type"":""Point"",""coordinates"":[106.90401038664366,-6.34659748230442]}"
23_0,1,-6.34659748230442,106.91299353948486,0.03574378974741528,9.205256646281297E-5,0.1177405252691325,2.946254605742119E-5,"{""geodesic"":false,""type"":""Point"",""coordinates"":[106.91299353948486,-6.34659748230442]}"
24_0,1,-6.337614329463224,106.80519570539052,0.03596487517156031,1.0010285985056157E-4,0.11762279697089714,6.53408405837612E-5,"{""geodesic"":false,""type"":""Point"",""coordinates"":[106.80519570539052,-6.337614329463224]}"
25_0,1,-6.337614329463224,106.81417885823171,0.035990763725414786,1.0196424791252954E-4,0.11761133042701893,6.646405017823778E-5,"{""geodesic"":false,""type"":""Point"",""coordinates"":[106.81417885823171,-6.337614329463224]}"
26_0,1,-6.337614329463224,106.82316201107291,0.03582744609141284,1.0182273771064785E-4,0.11761269683198519,3.0767835140659514E-5,"{""geodesic"":false,""type"":""Point"",""coordinates"":[106.82316201107291,-6.337614329463224]}"
27_0,1,-6.337614329463224,106.83214516391409,0.03554130090165218,1.0739237969308785E-4,0.11763360833721544,4.487700438818309E-5,"{""geodesic"":false,""type"":""Point"",""coordinates"":[106.83214516391409,-6.337614329463224]}"
28_0,1,-6.337614329463224,106.84112831675529,0.035845377885376464,1.0754940012687666E-4,0.11763710136839649,3.256770272771012E-5,"{""geodesic"":false,""type"":""Point"",""coordinates"":[106.84112831675529,-6.337614329463224]}"
29_0,1,-6.337614329463224,106.85011146959648,0.035732589887461724,1.1026459867869909E-4,0.117769239136802,2.5378454665754586E-5,"{""geodesic"":false,""type"":""Point"",""coordinates"":[106.85011146959648,-6.337614329463224]}"
30_0,1,-6.337614329463224,106.85909462243768,0.035732589887461724,1.1026459867869909E-4,0.117769239136802,2.5378454665754586E-5,"{""geodesic"":false,""type"":""Point"",""coordinates"":[106.85909462243768,-6.337614329463224]}"
31_0,1,-6.337614329463224,106.86807777527888,0.03609723091216157,1.0756860717938618E-4,0.11774094884075084,4.8513166802955686E-5,"{""geodesic"":false,""type"":""Point"",""coordinates"":[106.86807777527888,-6.337614329463224]}"
32_0,1,-6.337614329463224,106.87706092812007,0.036512751320543435,1.0556150444502068E-4,0.11774311304395456,2.982041860373475E-5,"{""geodesic"":false,""type"":""Point"",""coordinates"":[106.87706092812007,-6.337614329463224]}"
33_0,1,-6.337614329463224,106.88604408096127,0.036440628477640014,1.0146381684326536E-4,0.11775506550961698,2.2694657409215048E-5,"{""geodesic"":false,""type"":""Point"",""coordinates"":[106.88604408096127,-6.337614329463224]}"
34_0,1,-6.337614329463224,106.89502723380247,0.03627999145557478,9.829497308898402E-5,0.1177408816687189,4.981477277486357E-5,"{""geodesic"":false,""type"":""Point"",""coordinates"":[106.89502723380247,-6.337614329463224]}"
35_0,1,-6.337614329463224,106.90401038664366,0.036338087171265285,9.721892638467615E-5,0.11773393733832971,4.085421541710632E-5,"{""geodesic"":false,""type"":""Point"",""coordinates"":[106.90401038664366,-6.337614329463224]}"
36_0,1,-6.337614329463224,106.91299353948486,0.0359314814613836,9.992362902283093E-5,0.11774135932112087,5.5744588288352616E-5,"{""geodesic"":false,""type"":""Point"",""coordinates"":[106.91299353948486,-6.337614329463224]}"
37_0,1,-6.32863117662203,106.80519570539052,0.035993955721886337,1.0117864586543191E-4,0.1176339942727314,8.67692231203986E-5,"{""geodesic"":false,""type"":""Point"",""coordinates"":[106.80519570539052,-6.32863117662203]}"
38_0,1,-6.32863117662203,106.81417885823171,0.03602439490081143,1.0282459574368934E-4,0.11761241646352782,6.646405017823778E-5,"{""geodesic"":false,""type"":""Point"",""coordinates"":[106.81417885823171,-6.32863117662203]}"
39_0,1,-6.32863117662203,106.82316201107291,0.03591946139929522,1.0175264139074722E-4,0.11763272318143266,6.871099766589168E-5,"{""geodesic"":false,""type"":""Point"",""coordinates"":[106.82316201107291,-6.32863117662203]}"
40_0,1,-6.32863117662203,106.83214516391409,0.035776474463818146,1.0992671861257128E-4,0.1176279612522508,4.47598722531254E-5,"{""geodesic"":false,""type"":""Point"",""coordinates"":[106.83214516391409,-6.32863117662203]}"
41_0,1,-6.32863117662203,106.84112831675529,0.03594444269139497,1.1044370248416795E-4,0.11763901976716278,3.310712418165081E-5,"{""geodesic"":false,""type"":""Point"",""coordinates"":[106.84112831675529,-6.32863117662203]}"
42_0,1,-6.32863117662203,106.85011146959648,0.035901601480045744,1.0955900440593907E-4,0.11773732416171355,4.384155060200803E-5,"{""geodesic"":false,""type"":""Point"",""coordinates"":[106.85011146959648,-6.32863117662203]}"
43_0,1,-6.32863117662203,106.85909462243768,0.035901601480045744,1.0955900440593907E-4,0.11773732416171355,4.384155060200803E-5,"{""geodesic"":false,""type"":""Point"",""coordinates"":[106.85909462243768,-6.32863117662203]}"
44_0,1,-6.32863117662203,106.86807777527888,0.03640543296939072,1.076117777651182E-4,0.1176132184333744,6.646720822310447E-5,"{""geodesic"":false,""type"":""Point"",""coordinates"":[106.86807777527888,-6.32863117662203]}"
45_0,1,-6.32863117662203,106.87706092812007,0.036722913665361005,1.0754591579911992E-4,0.11773621663434716,4.412924499768641E-5,"{""geodesic"":false,""type"":""Point"",""coordinates"":[106.87706092812007,-6.32863117662203]}"
46_0,1,-6.32863117662203,106.88604408096127,0.03677236042695843,1.0552231454490989E-4,0.11773739765198035,4.090296953028844E-5,"{""geodesic"":false,""type"":""Point"",""coordinates"":[106.88604408096127,-6.32863117662203]}"
47_0,1,-6.32863117662203,106.89502723380247,0.03652034862271563,1.0203782042815327E-4,0.11775172887175432,6.896081939460263E-5,"{""geodesic"":false,""type"":""Point"",""coordinates"":[106.89502723380247,-6.32863117662203]}"
48_0,1,-6.32863117662203,106.90401038664366,0.03631385559587277,1.0203692450530159E-4,0.11775280608148286,9.726632975235562E-5,"{""geodesic"":false,""type"":""Point"",""coordinates"":[106.90401038664366,-6.32863117662203]}"
49_0,1,-6.32863117662203,106.91299353948486,0.036290195814105,1.0171969505389815E-4,0.11773431262993195,9.877091327302722E-5,"{""geodesic"":false,""type"":""Point"",""coordinates"":[106.91299353948486,-6.32863117662203]}"
50_0,1,-6.319648023780834,106.81417885823171,0.03672082431409717,1.0194136281931141E-4,0.11764121137472772,5.2707512534462166E-5,"{""geodesic"":false,""type"":""Point"",""coordinates"":[106.81417885823171,-6.319648023780834]}"
51_0,1,-6.319648023780834,106.82316201107291,0.03648663610879437,1.0212169802755564E-4,0.11762126463405835,8.229763109897636E-5,"{""geodesic"":false,""type"":""Point"",""coordinates"":[106.82316201107291,-6.319648023780834]}"
52_0,1,-6.319648023780834,106.83214516391409,0.03625016626005915,1.1066948156718143E-4,0.117728621639446,1.012921482490534E-4,"{""geodesic"":false,""type"":""Point"",""coordinates"":[106.83214516391409,-6.319648023780834]}"
53_0,1,-6.319648023780834,106.84112831675529,0.0362347820151469,1.111894351601555E-4,0.11774940060543823,5.881673660070219E-5,"{""geodesic"":false,""type"":""Point"",""coordinates"":[106.84112831675529,-6.319648023780834]}"
54_0,1,-6.319648023780834,106.85011146959648,0.03648988328067821,1.1072694798000296E-4,0.11773446794988257,7.179005842768003E-5,"{""geodesic"":false,""type"":""Point"",""coordinates"":[106.85011146959648,-6.319648023780834]}"
55_0,1,-6.319648023780834,106.85909462243768,0.03648988328067821,1.1072694798000296E-4,0.11773446794988257,7.179005842768003E-5,"{""geodesic"":false,""type"":""Point"",""coordinates"":[106.85909462243768,-6.319648023780834]}"
56_0,1,-6.319648023780834,106.86807777527888,0.036514890542225203,1.0950405245790191E-4,0.11781149853539699,9.723807758941126E-5,"{""geodesic"":false,""type"":""Point"",""coordinates"":[106.86807777527888,-6.319648023780834]}"
57_0,1,-6.319648023780834,106.87706092812007,0.03711197676844649,1.0754290981320174E-4,0.11773701130337225,6.21523194028148E-5,"{""geodesic"":false,""type"":""Point"",""coordinates"":[106.87706092812007,-6.319648023780834]}"
58_0,1,-6.319648023780834,106.88604408096127,0.03699134814705398,1.1048201949124933E-4,0.11785124458093169,4.655586065820726E-5,"{""geodesic"":false,""type"":""Point"",""coordinates"":[106.88604408096127,-6.319648023780834]}"
59_0,1,-6.319648023780834,106.89502723380247,0.03700796099220484,1.0865975320112092E-4,0.11786067328998351,5.185476038601862E-5,"{""geodesic"":false,""type"":""Point"",""coordinates"":[106.89502723380247,-6.319648023780834]}"
60_0,1,-6.319648023780834,106.90401038664366,0.03649786376437425,1.0480777093768385E-4,0.11774758840865053,6.056159089273003E-5,"{""geodesic"":false,""type"":""Point"",""coordinates"":[106.90401038664366,-6.319648023780834]}"
61_0,1,-6.319648023780834,106.91299353948486,0.03672444144085503,1.018978797224315E-4,0.11773542179135164,9.651066968896899E-5,"{""geodesic"":false,""type"":""Point"",""coordinates"":[106.91299353948486,-6.319648023780834]}"
62_0,1,-6.310664870939639,106.77824624686693,0.036488208649364993,1.0614640632405091E-4,0.11761271479661525,1.2383876688236627E-5,"{""geodesic"":false,""type"":""Point"",""coordinates"":[106.77824624686693,-6.310664870939639]}"
63_0,1,-6.310664870939639,106.78722939970812,0.036493285411882535,9.92415250877218E-5,0.11762138025829323,2.4251202857682812E-5,"{""geodesic"":false,""type"":""Point"",""coordinates"":[106.78722939970812,-6.310664870939639]}"
64_0,1,-6.310664870939639,106.79621255254932,0.03664523741786197,9.995028201970444E-5,0.11760805901913411,6.3870849078067E-5,"{""geodesic"":false,""type"":""Point"",""coordinates"":[106.79621255254932,-6.310664870939639]}"
65_0,1,-6.310664870939639,106.80519570539052,0.036003423233805336,1.0188130186332929E-4,0.11768815413109729,5.75792208700274E-5,"{""geodesic"":false,""type"":""Point"",""coordinates"":[106.80519570539052,-6.310664870939639]}"
66_0,1,-6.310664870939639,106.81417885823171,0.03672082431409717,1.0194136281931141E-4,0.11764121137472772,5.2707512534462166E-5,"{""geodesic"":false,""type"":""Point"",""coordinates"":[106.81417885823171,-6.310664870939639]}"
67_0,1,-6.310664870939639,106.82316201107291,0.03648663610879437,1.0212169802755564E-4,0.11762126463405835,8.229763109897636E-5,"{""geodesic"":false,""type"":""Point"",""coordinates"":[106.82316201107291,-6.310664870939639]}"
68_0,1,-6.310664870939639,106.83214516391409,0.03625016626005915,1.1066948156718143E-4,0.117728621639446,1.012921482490534E-4,"{""geodesic"":false,""type"":""Point"",""coordinates"":[106.83214516391409,-6.310664870939639]}"
69_0,1,-6.310664870939639,106.84112831675529,0.0362347820151469,1.111894351601555E-4,0.11774940060543823,5.881673660070219E-5,"{""geodesic"":false,""type"":""Point"",""coordinates"":[106.84112831675529,-6.310664870939639]}"
70_0,1,-6.310664870939639,106.85011146959648,0.03648988328067821,1.1072694798000296E-4,0.11773446794988257,7.179005842768003E-5,"{""geodesic"":false,""type"":""Point"",""coordinates"":[106.85011146959648,-6.310664870939639]}"
71_0,1,-6.310664870939639,106.85909462243768,0.03648988328067821,1.1072694798000296E-4,0.11773446794988257,7.179005842768003E-5,"{""geodesic"":false,""type"":""Point"",""coordinates"":[106.85909462243768,-6.310664870939639]}"
72_0,1,-6.310664870939639,106.86807777527888,0.036514890542225203,1.0950405245790191E-4,0.11781149853539699,9.723807758941126E-5,"{""geodesic"":false,""type"":""Point"",""coordinates"":[106.86807777527888,-6.310664870939639]}"
73_0,1,-6.310664870939639,106.87706092812007,0.03711197676844649,1.0754290981320174E-4,0.11773701130337225,6.21523194028148E-5,"{""geodesic"":false,""type"":""Point"",""coordinates"":[106.87706092812007,-6.310664870939639]}"
74_0,1,-6.310664870939639,106.88604408096127,0.03699134814705398,1.1048201949124933E-4,0.11785124458093169,4.655586065820726E-5,"{""geodesic"":false,""type"":""Point"",""coordinates"":[106.88604408096127,-6.310664870939639]}"
75_0,1,-6.310664870939639,106.89502723380247,0.03700796099220484,1.0865975320112092E-4,0.11786067328998351,5.185476038601862E-5,"{""geodesic"":false,""type"":""Point"",""coordinates"":[106.89502723380247,-6.310664870939639]}"
76_0,1,-6.310664870939639,106.90401038664366,0.03649786376437425,1.0480777093768385E-4,0.11774758840865053,6.056159089273003E-5,"{""geodesic"":false,""type"":""Point"",""coordinates"":[106.90401038664366,-6.310664870939639]}"
77_0,1,-6.310664870939639,106.91299353948486,0.03672444144085503,1.018978797224315E-4,0.11773542179135164,9.651066968896899E-5,"{""geodesic"":false,""type"":""Point"",""coordinates"":[106.91299353948486,-6.310664870939639]}"
78_0,1,-6.301681718098443,106.77824624686693,0.03654371591762476,1.1493662816934664E-4,0.11760841570951687,1.216993998352275E-5,"{""geodesic"":false,""type"":""Point"",""coordinates"":[106.77824624686693,-6.301681718098443]}"
79_0,1,-6.301681718098443,106.78722939970812,0.03651916758345322,1.1021695689882379E-4,0.11761650187213257,3.844817365467382E-5,"{""geodesic"":false,""type"":""Point"",""coordinates"":[106.78722939970812,-6.301681718098443]}"
80_0,1,-6.301681718098443,106.79621255254932,0.03674867562944187,1.0699523488335916E-4,0.11760799764145531,2.7992330143174333E-5,"{""geodesic"":false,""type"":""Point"",""coordinates"":[106.79621255254932,-6.301681718098443]}"
81_0,1,-6.301681718098443,106.80519570539052,0.03675052719608905,1.1009659509740985E-4,0.11768269154809692,6.255767847051217E-5,"{""geodesic"":false,""type"":""Point"",""coordinates"":[106.80519570539052,-6.301681718098443]}"
82_0,1,-6.301681718098443,106.81417885823171,0.036787133650440944,1.0300572466788381E-4,0.11762770878986444,9.569451565443776E-5,"{""geodesic"":false,""type"":""Point"",""coordinates"":[106.81417885823171,-6.301681718098443]}"
83_0,1,-6.301681718098443,106.82316201107291,0.03672025618811706,1.0964264220109234E-4,0.1176422359534512,4.979478107202454E-5,"{""geodesic"":false,""type"":""Point"",""coordinates"":[106.82316201107291,-6.301681718098443]}"
84_0,1,-6.301681718098443,106.83214516391409,0.03674867598280429,1.1021166292834107E-4,0.11781263687365462,5.1113712387930164E-5,"{""geodesic"":false,""type"":""Point"",""coordinates"":[106.83214516391409,-6.301681718098443]}"
85_0,1,-6.301681718098443,106.84112831675529,0.03647302836182403,1.1123835127286047E-4,0.11779666000962866,5.220892912807829E-5,"{""geodesic"":false,""type"":""Point"",""coordinates"":[106.84112831675529,-6.301681718098443]}"
86_0,1,-6.301681718098443,106.85011146959648,0.036587020618288224,1.1021166574202332E-4,0.11776747081508547,5.595970147280979E-5,"{""geodesic"":false,""type"":""Point"",""coordinates"":[106.85011146959648,-6.301681718098443]}"
87_0,1,-6.301681718098443,106.85909462243768,0.036587020618288224,1.1021166574202332E-4,0.11776747081508547,5.595970147280979E-5,"{""geodesic"":false,""type"":""Point"",""coordinates"":[106.85909462243768,-6.301681718098443]}"
88_0,1,-6.301681718098443,106.86807777527888,0.03668492659923886,1.0753775760904752E-4,0.11780774603997927,9.998396883405318E-5,"{""geodesic"":false,""type"":""Point"",""coordinates"":[106.86807777527888,-6.301681718098443]}"
89_0,1,-6.301681718098443,106.87706092812007,0.0371135966529539,1.1109179829625297E-4,0.11771945469920744,1.024874852188713E-4,"{""geodesic"":false,""type"":""Point"",""coordinates"":[106.87706092812007,-6.301681718098443]}"
90_0,1,-6.301681718098443,106.88604408096127,0.03700638236923846,1.1143141665714058E-4,0.11775043630107326,5.185476038601401E-5,"{""geodesic"":false,""type"":""Point"",""coordinates"":[106.88604408096127,-6.301681718098443]}"
91_0,1,-6.301681718098443,106.89502723380247,0.037006363712164723,1.0648178093431659E-4,0.11780163192173622,1.0060499493320726E-4,"{""geodesic"":false,""type"":""Point"",""coordinates"":[106.89502723380247,-6.301681718098443]}"
92_0,1,-6.301681718098443,106.90401038664366,0.03686469022791098,1.0232922457822082E-4,0.11773811862448429,1.1779641257219567E-4,"{""geodesic"":false,""type"":""Point"",""coordinates"":[106.90401038664366,-6.301681718098443]}"
93_0,1,-6.301681718098443,106.91299353948486,0.03661646019926845,1.0016732854897645E-4,0.11774357695719741,1.1854372328768615E-4,"{""geodesic"":false,""type"":""Point"",""coordinates"":[106.91299353948486,-6.301681718098443]}"
94_0,1,-6.292698565257249,106.76926309402573,0.03676795062740665,1.2046209938459447E-4,0.11760886159045048,6.948454228770406E-6,"{""geodesic"":false,""type"":""Point"",""coordinates"":[106.76926309402573,-6.292698565257249]}"
95_0,1,-6.292698565257249,106.77824624686693,0.03658902052755415,1.2099916584804146E-4,0.1176198341943038,-5.436404280271399E-6,"{""geodesic"":false,""type"":""Point"",""coordinates"":[106.77824624686693,-6.292698565257249]}"
96_0,1,-6.292698565257249,106.78722939970812,0.03675028949884122,1.1227085633429477E-4,0.11761563168974792,3.703769091486553E-5,"{""geodesic"":false,""type"":""Point"",""coordinates"":[106.78722939970812,-6.292698565257249]}"
97_0,1,-6.292698565257249,106.79621255254932,0.036770347171204955,1.1136436699475487E-4,0.11760356298796995,2.0225188423149937E-5,"{""geodesic"":false,""type"":""Point"",""coordinates"":[106.79621255254932,-6.292698565257249]}"
98_0,1,-6.292698565257249,106.80519570539052,0.03672548513580382,1.1151590006358423E-4,0.11767506099655423,5.100506259738499E-6,"{""geodesic"":false,""type"":""Point"",""coordinates"":[106.80519570539052,-6.292698565257249]}"
99_0,1,-6.292698565257249,106.81417885823171,0.03691073009722876,1.0944680999742116E-4,0.11762232326830806,4.84255490750924E-5,"{""geodesic"":false,""type"":""Point"",""coordinates"":[106.81417885823171,-6.292698565257249]}"
100_0,1,-6.292698565257249,106.82316201107291,0.037048229049746216,1.086726293003438E-4,0.11769355301270626,3.6912877504121105E-5,"{""geodesic"":false,""type"":""Point"",""coordinates"":[106.82316201107291,-6.292698565257249]}"
101_0,1,-6.292698565257249,106.83214516391409,0.03688676101988744,1.0976773531427583E-4,0.11775844704901979,5.487332978447163E-5,"{""geodesic"":false,""type"":""Point"",""coordinates"":[106.83214516391409,-6.292698565257249]}"
102_0,1,-6.292698565257249,106.84112831675529,0.03673183335329722,1.151487930352361E-4,0.11772611050180311,4.326616181054616E-5,"{""geodesic"":false,""type"":""Point"",""coordinates"":[106.84112831675529,-6.292698565257249]}"
103_0,1,-6.292698565257249,106.85011146959648,0.037030203267909706,1.1269832555204306E-4,0.11760863898684368,1.7883403366665866E-5,"{""geodesic"":false,""type"":""Point"",""coordinates"":[106.85011146959648,-6.292698565257249]}"
104_0,1,-6.292698565257249,106.85909462243768,0.037030203267909706,1.1269832555204306E-4,0.11760863898684368,1.7883403366665866E-5,"{""geodesic"":false,""type"":""Point"",""coordinates"":[106.85909462243768,-6.292698565257249]}"
105_0,1,-6.292698565257249,106.86807777527888,0.036880084656683444,1.1147340353404576E-4,0.11775689656130676,1.0487373618766875E-4,"{""geodesic"":false,""type"":""Point"",""coordinates"":[106.86807777527888,-6.292698565257249]}"
106_0,1,-6.292698565257249,106.87706092812007,0.036898886493504084,1.0755838302535848E-4,0.11773894815366194,7.323033819561224E-5,"{""geodesic"":false,""type"":""Point"",""coordinates"":[106.87706092812007,-6.292698565257249]}"
107_0,1,-6.292698565257249,106.88604408096127,0.037031309210023323,1.0866362027191334E-4,0.11780484752950222,4.629810811050084E-5,"{""geodesic"":false,""type"":""Point"",""coordinates"":[106.88604408096127,-6.292698565257249]}"
108_0,1,-6.292698565257249,106.89502723380247,0.037020968018345736,1.0454748851021312E-4,0.11779991573942034,4.893299576497185E-5,"{""geodesic"":false,""type"":""Point"",""coordinates"":[106.89502723380247,-6.292698565257249]}"
109_0,1,-6.292698565257249,106.90401038664366,0.03724789882886069,1.0434867484325219E-4,0.11774462971290625,9.20732633538441E-5,"{""geodesic"":false,""type"":""Point"",""coordinates"":[106.90401038664366,-6.292698565257249]}"
110_0,1,-6.283715412416053,106.76027994118454,0.03646879867717752,1.2027343991431376E-4,0.11775352797440784,-2.930292303002276E-5,"{""geodesic"":false,""type"":""Point"",""coordinates"":[106.76027994118454,-6.283715412416053]}"
111_0,1,-6.283715412416053,106.76926309402573,0.03646879867717752,1.2027343991431376E-4,0.11775352797440784,-2.930292303002276E-5,"{""geodesic"":false,""type"":""Point"",""coordinates"":[106.76926309402573,-6.283715412416053]}"
112_0,1,-6.283715412416053,106.77824624686693,0.036637502759717486,1.2074613162092262E-4,0.11759977233212994,-1.5869076137686237E-5,"{""geodesic"":false,""type"":""Point"",""coordinates"":[106.77824624686693,-6.283715412416053]}"
113_0,1,-6.283715412416053,106.78722939970812,0.036465743949720096,1.1310103218437726E-4,0.11759165257439301,5.597344679664321E-5,"{""geodesic"":false,""type"":""Point"",""coordinates"":[106.78722939970812,-6.283715412416053]}"
114_0,1,-6.283715412416053,106.79621255254932,0.03645696788246178,1.1314750586552589E-4,0.11759812986627463,1.7836041370395106E-5,"{""geodesic"":false,""type"":""Point"",""coordinates"":[106.79621255254932,-6.283715412416053]}"
115_0,1,-6.283715412416053,106.80519570539052,0.03662248669566916,1.1155670654278566E-4,0.11760906456544792,1.8975297057140893E-5,"{""geodesic"":false,""type"":""Point"",""coordinates"":[106.80519570539052,-6.283715412416053]}"
116_0,1,-6.283715412416053,106.81417885823171,0.036689095978438786,1.1178756068679367E-4,0.11759969595332972,1.596603051893885E-5,"{""geodesic"":false,""type"":""Point"",""coordinates"":[106.81417885823171,-6.283715412416053]}"
117_0,1,-6.283715412416053,106.82316201107291,0.03674867562955285,1.1307458953541789E-4,0.11761125274548376,3.478393182382075E-6,"{""geodesic"":false,""type"":""Point"",""coordinates"":[106.82316201107291,-6.283715412416053]}"
118_0,1,-6.283715412416053,106.83214516391409,0.036731833592031915,1.1809819261535313E-4,0.11766593845308806,2.2104358413589694E-5,"{""geodesic"":false,""type"":""Point"",""coordinates"":[106.83214516391409,-6.283715412416053]}"
119_0,1,-6.283715412416053,106.84112831675529,0.03673183359208411,1.1511233501379525E-4,0.11761291388127382,1.8282982670511235E-5,"{""geodesic"":false,""type"":""Point"",""coordinates"":[106.84112831675529,-6.283715412416053]}"
120_0,1,-6.283715412416053,106.85011146959648,0.036731833592031915,1.1430004198713648E-4,0.11760139172288896,4.506751466217518E-5,"{""geodesic"":false,""type"":""Point"",""coordinates"":[106.85011146959648,-6.283715412416053]}"
121_0,1,-6.283715412416053,106.85909462243768,0.036731833592031915,1.1430004198713648E-4,0.11760139172288896,4.506751466217518E-5,"{""geodesic"":false,""type"":""Point"",""coordinates"":[106.85909462243768,-6.283715412416053]}"
122_0,1,-6.283715412416053,106.86807777527888,0.036973555675906884,1.1156389123028773E-4,0.11780447866168609,5.8342571201884204E-5,"{""geodesic"":false,""type"":""Point"",""coordinates"":[106.86807777527888,-6.283715412416053]}"
123_0,1,-6.283715412416053,106.87706092812007,0.03673183420440303,1.1153237478180213E-4,0.11773382699461846,4.6783585276023266E-5,"{""geodesic"":false,""type"":""Point"",""coordinates"":[106.87706092812007,-6.283715412416053]}"
124_0,1,-6.283715412416053,106.88604408096127,0.037213725267442974,1.1030009379681989E-4,0.1177352724897471,4.3781785416324365E-5,"{""geodesic"":false,""type"":""Point"",""coordinates"":[106.88604408096127,-6.283715412416053]}"
125_0,1,-6.283715412416053,106.89502723380247,0.03675800070297204,1.0825529681764442E-4,0.1178485361216098,5.681863034418932E-5,"{""geodesic"":false,""type"":""Point"",""coordinates"":[106.89502723380247,-6.283715412416053]}"
126_0,1,-6.283715412416053,106.90401038664366,0.03708728030326697,1.0484064371637825E-4,0.11774250781596807,6.292525461718369E-5,"{""geodesic"":false,""type"":""Point"",""coordinates"":[106.90401038664366,-6.283715412416053]}"
127_0,1,-6.274732259574858,106.76027994118454,0.03670156549532291,1.2269225801504567E-4,0.11775006850011743,-2.502495392976407E-5,"{""geodesic"":false,""type"":""Point"",""coordinates"":[106.76027994118454,-6.274732259574858]}"
128_0,1,-6.274732259574858,106.76926309402573,0.03670156549532291,1.2269225801504567E-4,0.11775006850011743,-2.502495392976407E-5,"{""geodesic"":false,""type"":""Point"",""coordinates"":[106.76926309402573,-6.274732259574858]}"
129_0,1,-6.274732259574858,106.77824624686693,0.03669385239479723,1.2231486286174188E-4,0.11774781550150196,2.0559537891760078E-5,"{""geodesic"":false,""type"":""Point"",""coordinates"":[106.77824624686693,-6.274732259574858]}"
130_0,1,-6.274732259574858,106.78722939970812,0.03684956969202101,1.2046661115655411E-4,0.11760894283856847,1.3136828140029389E-5,"{""geodesic"":false,""type"":""Point"",""coordinates"":[106.78722939970812,-6.274732259574858]}"
131_0,1,-6.274732259574858,106.79621255254932,0.03671139609215586,1.2547031393103026E-4,0.11766932465026253,1.5051705188906571E-5,"{""geodesic"":false,""type"":""Point"",""coordinates"":[106.79621255254932,-6.274732259574858]}"
132_0,1,-6.274732259574858,106.80519570539052,0.03669228798700796,1.1660114065250106E-4,0.11759928463674117,-1.0729258857097875E-5,"{""geodesic"":false,""type"":""Point"",""coordinates"":[106.80519570539052,-6.274732259574858]}"
133_0,1,-6.274732259574858,106.81417885823171,0.03691889396941041,1.1235893121521966E-4,0.1176051803372446,-1.6397421623304228E-5,"{""geodesic"":false,""type"":""Point"",""coordinates"":[106.81417885823171,-6.274732259574858]}"
134_0,1,-6.274732259574858,106.82316201107291,0.03704223968086403,1.1281548380410124E-4,0.11768768116642765,4.300914570465252E-6,"{""geodesic"":false,""type"":""Point"",""coordinates"":[106.82316201107291,-6.274732259574858]}"
135_0,1,-6.274732259574858,106.83214516391409,0.037078253986157945,1.1788084868859008E-4,0.11772492979010715,1.8769613255161946E-5,"{""geodesic"":false,""type"":""Point"",""coordinates"":[106.83214516391409,-6.274732259574858]}"
136_0,1,-6.274732259574858,106.84112831675529,0.03705435698811582,1.1936109513027651E-4,0.11760552336660586,5.140464119875865E-5,"{""geodesic"":false,""type"":""Point"",""coordinates"":[106.84112831675529,-6.274732259574858]}"
137_0,1,-6.274732259574858,106.85011146959648,0.036763860533612754,1.1505243515522862E-4,0.11774972737327324,3.8368727419781686E-5,"{""geodesic"":false,""type"":""Point"",""coordinates"":[106.85011146959648,-6.274732259574858]}"
138_0,1,-6.274732259574858,106.85909462243768,0.036763860533612754,1.1505243515522862E-4,0.11774972737327324,3.8368727419781686E-5,"{""geodesic"":false,""type"":""Point"",""coordinates"":[106.85909462243768,-6.274732259574858]}"
139_0,1,-6.274732259574858,106.86807777527888,0.036763860533694376,1.1378674389580072E-4,0.11774046450217898,7.815179434995579E-5,"{""geodesic"":false,""type"":""Point"",""coordinates"":[106.86807777527888,-6.274732259574858]}"
140_0,1,-6.274732259574858,106.87706092812007,0.036763858344675694,1.1188480840923512E-4,0.1177323692436676,6.26308967627006E-5,"{""geodesic"":false,""type"":""Point"",""coordinates"":[106.87706092812007,-6.274732259574858]}"
141_0,1,-6.274732259574858,106.88604408096127,0.037020287211840766,1.0838226068818346E-4,0.11775226223778684,5.1551024813921305E-5,"{""geodesic"":false,""type"":""Point"",""coordinates"":[106.88604408096127,-6.274732259574858]}"
142_0,1,-6.274732259574858,106.89502723380247,0.036814585550838524,1.0601107822092996E-4,0.11785962416111258,6.654250589754154E-5,"{""geodesic"":false,""type"":""Point"",""coordinates"":[106.89502723380247,-6.274732259574858]}"
143_0,1,-6.274732259574858,106.90401038664366,0.036782034810936226,1.0470539094949728E-4,0.11775777079473096,1.0008142271530776E-4,"{""geodesic"":false,""type"":""Point"",""coordinates"":[106.90401038664366,-6.274732259574858]}"
144_0,1,-6.265749106733662,106.75129678834334,0.03699223604051038,1.3556292325534933E-4,0.11774101750813376,-5.310339646621888E-5,"{""geodesic"":false,""type"":""Point"",""coordinates"":[106.75129678834334,-6.265749106733662]}"
145_0,1,-6.265749106733662,106.76027994118454,0.03700886666777787,1.3090327589482492E-4,0.11774840368140169,-6.853697931323247E-5,"{""geodesic"":false,""type"":""Point"",""coordinates"":[106.76027994118454,-6.265749106733662]}"
146_0,1,-6.265749106733662,106.76926309402573,0.03700886666777787,1.3090327589482492E-4,0.11774840368140169,-6.853697931323247E-5,"{""geodesic"":false,""type"":""Point"",""coordinates"":[106.76926309402573,-6.265749106733662]}"
147_0,1,-6.265749106733662,106.77824624686693,0.03699226381834451,1.2438623242900474E-4,0.11774879841490789,-2.0734634025453837E-5,"{""geodesic"":false,""type"":""Point"",""coordinates"":[106.77824624686693,-6.265749106733662]}"
148_0,1,-6.265749106733662,106.78722939970812,0.03700436286477366,1.2396353508574198E-4,0.11762362864719111,-2.1479648477236206E-5,"{""geodesic"":false,""type"":""Point"",""coordinates"":[106.78722939970812,-6.265749106733662]}"
149_0,1,-6.265749106733662,106.79621255254932,0.036902339076804895,1.2786968865724475E-4,0.11768813924538774,-1.0215127633580005E-5,"{""geodesic"":false,""type"":""Point"",""coordinates"":[106.79621255254932,-6.265749106733662]}"
150_0,1,-6.265749106733662,106.80519570539052,0.037057916798107146,1.229614076359032E-4,0.11762348020654306,-3.0171606749793288E-5,"{""geodesic"":false,""type"":""Point"",""coordinates"":[106.80519570539052,-6.265749106733662]}"
151_0,1,-6.265749106733662,106.81417885823171,0.03704223968091667,1.2369801350329247E-4,0.1176136547410606,-2.2247876523804224E-5,"{""geodesic"":false,""type"":""Point"",""coordinates"":[106.81417885823171,-6.265749106733662]}"
152_0,1,-6.265749106733662,106.82316201107291,0.03703119908178038,1.2374526704654119E-4,0.11769488550330631,2.0114162907690773E-5,"{""geodesic"":false,""type"":""Point"",""coordinates"":[106.82316201107291,-6.265749106733662]}"
153_0,1,-6.265749106733662,106.83214516391409,0.03704525338146853,1.278243581299349E-4,0.11767092357156242,2.0114162907735435E-5,"{""geodesic"":false,""type"":""Point"",""coordinates"":[106.83214516391409,-6.265749106733662]}"
154_0,1,-6.265749106733662,106.84112831675529,0.037039740631925874,1.230971586966406E-4,0.11761312854536313,3.608345041793506E-5,"{""geodesic"":false,""type"":""Point"",""coordinates"":[106.84112831675529,-6.265749106733662]}"
155_0,1,-6.265749106733662,106.85011146959648,0.0365014092841232,1.1601846544162464E-4,0.11760788599140885,5.283778768303778E-5,"{""geodesic"":false,""type"":""Point"",""coordinates"":[106.85011146959648,-6.265749106733662]}"
156_0,1,-6.265749106733662,106.85909462243768,0.0365014092841232,1.1601846544162464E-4,0.11760788599140885,5.283778768303778E-5,"{""geodesic"":false,""type"":""Point"",""coordinates"":[106.85909462243768,-6.265749106733662]}"
157_0,1,-6.265749106733662,106.86807777527888,0.036796443969326215,1.1542737450403432E-4,0.11776071848274632,5.266325965790939E-5,"{""geodesic"":false,""type"":""Point"",""coordinates"":[106.86807777527888,-6.265749106733662]}"
158_0,1,-6.265749106733662,106.87706092812007,0.0364453409864205,1.138012686887073E-4,0.11761241543660575,6.811900980530922E-5,"{""geodesic"":false,""type"":""Point"",""coordinates"":[106.87706092812007,-6.265749106733662]}"
159_0,1,-6.265749106733662,106.88604408096127,0.03700203935055642,1.1403039557422358E-4,0.11774493186352557,9.176077099298864E-5,"{""geodesic"":false,""type"":""Point"",""coordinates"":[106.88604408096127,-6.265749106733662]}"
160_0,1,-6.265749106733662,106.89502723380247,0.03680819700428386,1.0830113029025536E-4,0.11774191262885034,1.109326564830782E-4,"{""geodesic"":false,""type"":""Point"",""coordinates"":[106.89502723380247,-6.265749106733662]}"
161_0,1,-6.265749106733662,106.90401038664366,0.0365008520489938,1.05703987221648E-4,0.11775181025595953,1.0008142271530776E-4,"{""geodesic"":false,""type"":""Point"",""coordinates"":[106.90401038664366,-6.265749106733662]}"
162_0,1,-6.256765953892468,106.76027994118454,0.036982573568851304,1.3627791380747774E-4,0.11775056669397696,-8.669776444270967E-5,"{""geodesic"":false,""type"":""Point"",""coordinates"":[106.76027994118454,-6.256765953892468]}"
163_0,1,-6.256765953892468,106.76926309402573,0.036982573568851304,1.3627791380747774E-4,0.11775056669397696,-8.669776444270967E-5,"{""geodesic"":false,""type"":""Point"",""coordinates"":[106.76926309402573,-6.256765953892468]}"
164_0,1,-6.256765953892468,106.77824624686693,0.03709900245240118,1.332602471099137E-4,0.1177493781222759,-5.393483759731834E-5,"{""geodesic"":false,""type"":""Point"",""coordinates"":[106.77824624686693,-6.256765953892468]}"
165_0,1,-6.256765953892468,106.78722939970812,0.036987675958898965,1.307045270304889E-4,0.11774886008010754,-5.090937121303992E-5,"{""geodesic"":false,""type"":""Point"",""coordinates"":[106.78722939970812,-6.256765953892468]}"
166_0,1,-6.256765953892468,106.79621255254932,0.03708980533982073,1.309531514012455E-4,0.11775364246900567,-2.3641673936637145E-5,"{""geodesic"":false,""type"":""Point"",""coordinates"":[106.79621255254932,-6.256765953892468]}"
167_0,1,-6.256765953892468,106.80519570539052,0.0372311288941153,1.2959023266107716E-4,0.11776209662758322,6.458942152672296E-6,"{""geodesic"":false,""type"":""Point"",""coordinates"":[106.80519570539052,-6.256765953892468]}"
168_0,1,-6.256765953892468,106.81417885823171,0.037110512651526636,1.3088132214764345E-4,0.11762607150662119,-3.9357636890386976E-5,"{""geodesic"":false,""type"":""Point"",""coordinates"":[106.81417885823171,-6.256765953892468]}"
169_0,1,-6.256765953892468,106.82316201107291,0.03699001580844433,1.3246291378310368E-4,0.11768675180845972,5.654386367491042E-6,"{""geodesic"":false,""type"":""Point"",""coordinates"":[106.82316201107291,-6.256765953892468]}"
170_0,1,-6.256765953892468,106.83214516391409,0.037063136661744725,1.2888416044479065E-4,0.11773285150522345,5.164262963464549E-5,"{""geodesic"":false,""type"":""Point"",""coordinates"":[106.83214516391409,-6.256765953892468]}"
171_0,1,-6.256765953892468,106.84112831675529,0.03675665099825069,1.2319607114864568E-4,0.11761178172224913,5.0354355780252027E-5,"{""geodesic"":false,""type"":""Point"",""coordinates"":[106.84112831675529,-6.256765953892468]}"
172_0,1,-6.256765953892468,106.85011146959648,0.03675437301013933,1.1813338694713236E-4,0.11775016536308212,4.757462844657251E-5,"{""geodesic"":false,""type"":""Point"",""coordinates"":[106.85011146959648,-6.256765953892468]}"
173_0,1,-6.256765953892468,106.85909462243768,0.03675437301013933,1.1813338694713236E-4,0.11775016536308212,4.757462844657251E-5,"{""geodesic"":false,""type"":""Point"",""coordinates"":[106.85909462243768,-6.256765953892468]}"
174_0,1,-6.256765953892468,106.86807777527888,0.036795272436579776,1.1425036199876729E-4,0.11760851142712898,5.303938976098055E-5,"{""geodesic"":false,""type"":""Point"",""coordinates"":[106.86807777527888,-6.256765953892468]}"
175_0,1,-6.256765953892468,106.87706092812007,0.03674191607222427,1.159818358955744E-4,0.11761587854817666,5.3380323478297344E-5,"{""geodesic"":false,""type"":""Point"",""coordinates"":[106.87706092812007,-6.256765953892468]}"
176_0,1,-6.256765953892468,106.88604408096127,0.0370177514851693,1.0911130433116718E-4,0.11761083438697789,5.3992314497096396E-5,"{""geodesic"":false,""type"":""Point"",""coordinates"":[106.88604408096127,-6.256765953892468]}"
177_0,1,-6.256765953892468,106.89502723380247,0.03677841320238896,1.0540128472100979E-4,0.11760784587370633,6.781561933162742E-5,"{""geodesic"":false,""type"":""Point"",""coordinates"":[106.89502723380247,-6.256765953892468]}"
178_0,1,-6.256765953892468,106.90401038664366,0.036968257137291016,1.02047299151166E-4,0.11767831952696489,8.420037274862804E-5,"{""geodesic"":false,""type"":""Point"",""coordinates"":[106.90401038664366,-6.256765953892468]}"
179_0,1,-6.256765953892468,106.91299353948486,0.0368142589356008,9.693637525136569E-5,0.11774232634020444,8.87171630187286E-5,"{""geodesic"":false,""type"":""Point"",""coordinates"":[106.91299353948486,-6.256765953892468]}"
180_0,1,-6.247782801051272,106.75129678834334,0.03718859949092227,1.4002093666923206E-4,0.1177368535651613,-4.595218979372445E-5,"{""geodesic"":false,""type"":""Point"",""coordinates"":[106.75129678834334,-6.247782801051272]}"
181_0,1,-6.247782801051272,106.76027994118454,0.037189456370984385,1.4275232388184013E-4,0.1177238971135611,-6.615709557272352E-5,"{""geodesic"":false,""type"":""Point"",""coordinates"":[106.76027994118454,-6.247782801051272]}"
182_0,1,-6.247782801051272,106.76926309402573,0.037189456370984385,1.4275232388184013E-4,0.1177238971135611,-6.615709557272352E-5,"{""geodesic"":false,""type"":""Point"",""coordinates"":[106.76926309402573,-6.247782801051272]}"
183_0,1,-6.247782801051272,106.77824624686693,0.03755301321836867,1.4011387247583797E-4,0.11783910456385413,-3.0905858412020004E-5,"{""geodesic"":false,""type"":""Point"",""coordinates"":[106.77824624686693,-6.247782801051272]}"
184_0,1,-6.247782801051272,106.78722939970812,0.037416020408250275,1.4181332226047597E-4,0.11779597149926996,-2.643156853312586E-5,"{""geodesic"":false,""type"":""Point"",""coordinates"":[106.78722939970812,-6.247782801051272]}"
185_0,1,-6.247782801051272,106.79621255254932,0.037224122706059994,1.4128555238088284E-4,0.1177202851362925,-1.7647938205544462E-5,"{""geodesic"":false,""type"":""Point"",""coordinates"":[106.79621255254932,-6.247782801051272]}"
186_0,1,-6.247782801051272,106.80519570539052,0.03730876071017367,1.4458516624592683E-4,0.11763124049437018,-1.2273726497361984E-6,"{""geodesic"":false,""type"":""Point"",""coordinates"":[106.80519570539052,-6.247782801051272]}"
187_0,1,-6.247782801051272,106.81417885823171,0.03723892321192301,1.4269714135597324E-4,0.11763756480862649,-1.1245141730942373E-5,"{""geodesic"":false,""type"":""Point"",""coordinates"":[106.81417885823171,-6.247782801051272]}"
188_0,1,-6.247782801051272,106.82316201107291,0.0369551013415777,1.362571228588445E-4,0.1176246493204771,1.1834319334061138E-5,"{""geodesic"":false,""type"":""Point"",""coordinates"":[106.82316201107291,-6.247782801051272]}"
189_0,1,-6.247782801051272,106.83214516391409,0.037099836447752194,1.356417643554905E-4,0.11762353277976266,5.425516694476537E-5,"{""geodesic"":false,""type"":""Point"",""coordinates"":[106.83214516391409,-6.247782801051272]}"
190_0,1,-6.247782801051272,106.84112831675529,0.03675735928113084,1.290836478211883E-4,0.1177391865306883,3.903344232038671E-5,"{""geodesic"":false,""type"":""Point"",""coordinates"":[106.84112831675529,-6.247782801051272]}"
191_0,1,-6.247782801051272,106.85011146959648,0.03675976699882243,1.205411328823106E-4,0.11775466875432339,5.387958210608736E-5,"{""geodesic"":false,""type"":""Point"",""coordinates"":[106.85011146959648,-6.247782801051272]}"
192_0,1,-6.247782801051272,106.85909462243768,0.03675976699882243,1.205411328823106E-4,0.11775466875432339,5.387958210608736E-5,"{""geodesic"":false,""type"":""Point"",""coordinates"":[106.85909462243768,-6.247782801051272]}"
193_0,1,-6.247782801051272,106.86807777527888,0.03676563890785209,1.1313903802666494E-4,0.11760915155054108,5.41564964806607E-5,"{""geodesic"":false,""type"":""Point"",""coordinates"":[106.86807777527888,-6.247782801051272]}"
194_0,1,-6.247782801051272,106.87706092812007,0.036761635386443385,1.1264478011588513E-4,0.1176110007465668,5.4707288654677367E-5,"{""geodesic"":false,""type"":""Point"",""coordinates"":[106.87706092812007,-6.247782801051272]}"
195_0,1,-6.247782801051272,106.88604408096127,0.03656553018095881,1.1269977536367841E-4,0.11760618201722611,5.3360241509012717E-5,"{""geodesic"":false,""type"":""Point"",""coordinates"":[106.88604408096127,-6.247782801051272]}"
196_0,1,-6.247782801051272,106.89502723380247,0.03690666984764506,1.0676735109876019E-4,0.117729615459717,6.965950062012396E-5,"{""geodesic"":false,""type"":""Point"",""coordinates"":[106.89502723380247,-6.247782801051272]}"
197_0,1,-6.247782801051272,106.90401038664366,0.037010012194462476,1.0356380153083648E-4,0.11771529389626463,5.8860559367136204E-5,"{""geodesic"":false,""type"":""Point"",""coordinates"":[106.90401038664366,-6.247782801051272]}"
198_0,1,-6.247782801051272,106.91299353948486,0.03725446025515581,9.44305609064763E-5,0.11774886025765939,7.23900484446212E-5,"{""geodesic"":false,""type"":""Point"",""coordinates"":[106.91299353948486,-6.247782801051272]}"
199_0,1,-6.247782801051272,106.92197669232606,0.03687811895777168,9.225921428616565E-5,0.11761591037494018,3.731761376219943E-5,"{""geodesic"":false,""type"":""Point"",""coordinates"":[106.92197669232606,-6.247782801051272]}"
200_0,1,-6.247782801051272,106.93095984516725,0.036763138646751396,8.576021971344848E-5,0.11761676856882272,7.107683079968115E-5,"{""geodesic"":false,""type"":""Point"",""coordinates"":[106.93095984516725,-6.247782801051272]}"
201_0,1,-6.247782801051272,106.93994299800845,0.036763138646751396,8.576021971344848E-5,0.11761676856882272,7.107683079968115E-5,"{""geodesic"":false,""type"":""Point"",""coordinates"":[106.93994299800845,-6.247782801051272]}"
202_0,1,-6.238799648210077,106.75129678834334,0.037201603874541835,1.464325354280041E-4,0.11772277677160646,-2.493421249901606E-5,"{""geodesic"":false,""type"":""Point"",""coordinates"":[106.75129678834334,-6.238799648210077]}"
203_0,1,-6.238799648210077,106.76027994118454,0.037345706188360625,1.4677823723782145E-4,0.11774396542212208,-2.5799215300024867E-5,"{""geodesic"":false,""type"":""Point"",""coordinates"":[106.76027994118454,-6.238799648210077]}"
204_0,1,-6.238799648210077,106.76926309402573,0.037345706188360625,1.4677823723782145E-4,0.11774396542212208,-2.5799215300024867E-5,"{""geodesic"":false,""type"":""Point"",""coordinates"":[106.76926309402573,-6.238799648210077]}"
205_0,1,-6.238799648210077,106.77824624686693,0.03769593210432627,1.4789094401107747E-4,0.11771211053556116,-2.6798937388897854E-5,"{""geodesic"":false,""type"":""Point"",""coordinates"":[106.77824624686693,-6.238799648210077]}"
206_0,1,-6.238799648210077,106.78722939970812,0.037418502128511694,1.515715496941586E-4,0.11784344426835688,-1.0107105383919485E-5,"{""geodesic"":false,""type"":""Point"",""coordinates"":[106.78722939970812,-6.238799648210077]}"
207_0,1,-6.238799648210077,106.79621255254932,0.037429939638212506,1.4578701074552579E-4,0.11771682867236527,4.833593325063335E-6,"{""geodesic"":false,""type"":""Point"",""coordinates"":[106.79621255254932,-6.238799648210077]}"
208_0,1,-6.238799648210077,106.80519570539052,0.037314467790033314,1.4720509604354868E-4,0.11773773121159752,2.8309055994339156E-5,"{""geodesic"":false,""type"":""Point"",""coordinates"":[106.80519570539052,-6.238799648210077]}"
209_0,1,-6.238799648210077,106.81417885823171,0.037232631302475984,1.5274169901558708E-4,0.1177565443209691,5.70963379343954E-5,"{""geodesic"":false,""type"":""Point"",""coordinates"":[106.81417885823171,-6.238799648210077]}"
210_0,1,-6.238799648210077,106.82316201107291,0.03722329656229001,1.4675433205693232E-4,0.1177448224161294,4.2939489768140516E-5,"{""geodesic"":false,""type"":""Point"",""coordinates"":[106.82316201107291,-6.238799648210077]}"
211_0,1,-6.238799648210077,106.83214516391409,0.03721967665152691,1.415235908176832E-4,0.11760866518691511,6.890499607263489E-5,"{""geodesic"":false,""type"":""Point"",""coordinates"":[106.83214516391409,-6.238799648210077]}"
212_0,1,-6.238799648210077,106.84112831675529,0.036757359595039674,1.3566059027503597E-4,0.11779859665231279,6.749105612712964E-5,"{""geodesic"":false,""type"":""Point"",""coordinates"":[106.84112831675529,-6.238799648210077]}"
213_0,1,-6.238799648210077,106.85011146959648,0.03647890221460854,1.2314893683644068E-4,0.11785495986958772,6.0794352358684766E-5,"{""geodesic"":false,""type"":""Point"",""coordinates"":[106.85011146959648,-6.238799648210077]}"
214_0,1,-6.238799648210077,106.85909462243768,0.03647890221460854,1.2314893683644068E-4,0.11785495986958772,6.0794352358684766E-5,"{""geodesic"":false,""type"":""Point"",""coordinates"":[106.85909462243768,-6.238799648210077]}"
215_0,1,-6.238799648210077,106.86807777527888,0.03649400376486667,1.1623745413100664E-4,0.11778120696563728,7.197913873835952E-5,"{""geodesic"":false,""type"":""Point"",""coordinates"":[106.86807777527888,-6.238799648210077]}"
216_0,1,-6.238799648210077,106.87706092812007,0.03654878496397977,1.1237743893259399E-4,0.11774990985100138,6.959683869563916E-5,"{""geodesic"":false,""type"":""Point"",""coordinates"":[106.87706092812007,-6.238799648210077]}"
217_0,1,-6.238799648210077,106.88604408096127,0.03655903011148829,1.0788240862369484E-4,0.11760306987347544,8.38480584762875E-5,"{""geodesic"":false,""type"":""Point"",""coordinates"":[106.88604408096127,-6.238799648210077]}"
218_0,1,-6.238799648210077,106.89502723380247,0.036779639394930744,1.0645159627300076E-4,0.11761227351915693,1.3329265277520802E-4,"{""geodesic"":false,""type"":""Point"",""coordinates"":[106.89502723380247,-6.238799648210077]}"
219_0,1,-6.238799648210077,106.90401038664366,0.036755233542575934,1.0206075281765211E-4,0.11761226949150437,6.925326510081692E-5,"{""geodesic"":false,""type"":""Point"",""coordinates"":[106.90401038664366,-6.238799648210077]}"
220_0,1,-6.238799648210077,106.91299353948486,0.037116022966902196,9.428453195156902E-5,0.11760874349640797,7.467078103230325E-5,"{""geodesic"":false,""type"":""Point"",""coordinates"":[106.91299353948486,-6.238799648210077]}"
221_0,1,-6.238799648210077,106.92197669232606,0.037010012194492056,9.427729051246893E-5,0.11762154229469447,2.7512070553862893E-5,"{""geodesic"":false,""type"":""Point"",""coordinates"":[106.92197669232606,-6.238799648210077]}"
222_0,1,-6.238799648210077,106.93095984516725,0.03666519397985778,8.745229470241825E-5,0.11760840698886822,3.599258365763776E-5,"{""geodesic"":false,""type"":""Point"",""coordinates"":[106.93095984516725,-6.238799648210077]}"
223_0,1,-6.238799648210077,106.93994299800845,0.03666519397985778,8.745229470241825E-5,0.11760840698886822,3.599258365763776E-5,"{""geodesic"":false,""type"":""Point"",""coordinates"":[106.93994299800845,-6.238799648210077]}"
224_0,1,-6.2298164953688815,106.74231363550214,0.037394857261342056,1.4636850552362442E-4,0.11788442066486085,2.2723636631520148E-5,"{""geodesic"":false,""type"":""Point"",""coordinates"":[106.74231363550214,-6.2298164953688815]}"
225_0,1,-6.2298164953688815,106.75129678834334,0.03752044836677509,1.3630762073899296E-4,0.11786526707415149,1.419564464843937E-5,"{""geodesic"":false,""type"":""Point"",""coordinates"":[106.75129678834334,-6.2298164953688815]}"
226_0,1,-6.2298164953688815,106.76027994118454,0.037241506158007746,1.4702176849834203E-4,0.11786433971952133,-2.758014625216874E-5,"{""geodesic"":false,""type"":""Point"",""coordinates"":[106.76027994118454,-6.2298164953688815]}"
227_0,1,-6.2298164953688815,106.76926309402573,0.037241506158007746,1.4702176849834203E-4,0.11786433971952133,-2.758014625216874E-5,"{""geodesic"":false,""type"":""Point"",""coordinates"":[106.76926309402573,-6.2298164953688815]}"
228_0,1,-6.2298164953688815,106.77824624686693,0.03752044836677509,1.5146026271384947E-4,0.11785263084295633,-7.2754337426002275E-6,"{""geodesic"":false,""type"":""Point"",""coordinates"":[106.77824624686693,-6.2298164953688815]}"
229_0,1,-6.2298164953688815,106.78722939970812,0.037447665485854514,1.528680936317456E-4,0.11785701911386441,2.4130497424842352E-5,"{""geodesic"":false,""type"":""Point"",""coordinates"":[106.78722939970812,-6.2298164953688815]}"
230_0,1,-6.2298164953688815,106.79621255254932,0.03744176199249851,1.5282868964991726E-4,0.11784972535009107,9.754327038521328E-6,"{""geodesic"":false,""type"":""Point"",""coordinates"":[106.79621255254932,-6.2298164953688815]}"
231_0,1,-6.2298164953688815,106.80519570539052,0.037467140332632376,1.5352394496524635E-4,0.11776094685647279,-4.15480803528931E-6,"{""geodesic"":false,""type"":""Point"",""coordinates"":[106.80519570539052,-6.2298164953688815]}"
232_0,1,-6.2298164953688815,106.81417885823171,0.037193843473935395,1.5321095997910492E-4,0.11775536238360726,3.1391346055851153E-6,"{""geodesic"":false,""type"":""Point"",""coordinates"":[106.81417885823171,-6.2298164953688815]}"
233_0,1,-6.2298164953688815,106.82316201107291,0.037193843474047715,1.4952421653657114E-4,0.11774707440930203,5.590502072964118E-5,"{""geodesic"":false,""type"":""Point"",""coordinates"":[106.82316201107291,-6.2298164953688815]}"
234_0,1,-6.2298164953688815,106.83214516391409,0.037031611502668704,1.4514225952614077E-4,0.11775829620061992,4.0026985253842486E-5,"{""geodesic"":false,""type"":""Point"",""coordinates"":[106.83214516391409,-6.2298164953688815]}"
235_0,1,-6.2298164953688815,106.84112831675529,0.03672815225907884,1.3579159774993477E-4,0.1178494801858345,2.2656372190508496E-5,"{""geodesic"":false,""type"":""Point"",""coordinates"":[106.84112831675529,-6.2298164953688815]}"
236_0,1,-6.2298164953688815,106.85011146959648,0.03647199795954123,1.2066371024350318E-4,0.11784952018721429,3.8332805789941335E-5,"{""geodesic"":false,""type"":""Point"",""coordinates"":[106.85011146959648,-6.2298164953688815]}"
237_0,1,-6.2298164953688815,106.85909462243768,0.03647199795954123,1.2066371024350318E-4,0.11784952018721429,3.8332805789941335E-5,"{""geodesic"":false,""type"":""Point"",""coordinates"":[106.85909462243768,-6.2298164953688815]}"
238_0,1,-6.2298164953688815,106.86807777527888,0.036520314383688295,1.1651203517032578E-4,0.11775793530831995,4.086324211139136E-5,"{""geodesic"":false,""type"":""Point"",""coordinates"":[106.86807777527888,-6.2298164953688815]}"
239_0,1,-6.2298164953688815,106.87706092812007,0.03634338063881073,1.1427978955019494E-4,0.11777768751946904,4.795139561898335E-5,"{""geodesic"":false,""type"":""Point"",""coordinates"":[106.87706092812007,-6.2298164953688815]}"
240_0,1,-6.2298164953688815,106.88604408096127,0.03607194125649827,1.0591705831952791E-4,0.11775705268071772,8.168392906972668E-5,"{""geodesic"":false,""type"":""Point"",""coordinates"":[106.88604408096127,-6.2298164953688815]}"
241_0,1,-6.2298164953688815,106.89502723380247,0.03619131185736146,1.0372718315913644E-4,0.11761232269769653,5.5234362274310926E-5,"{""geodesic"":false,""type"":""Point"",""coordinates"":[106.89502723380247,-6.2298164953688815]}"
242_0,1,-6.2298164953688815,106.90401038664366,0.03618874152504073,1.0199884304733222E-4,0.1176717493952216,8.214498197684891E-5,"{""geodesic"":false,""type"":""Point"",""coordinates"":[106.90401038664366,-6.2298164953688815]}"
243_0,1,-6.2298164953688815,106.91299353948486,0.036524790159031054,9.451416277078651E-5,0.11762398201026596,7.004227627573163E-5,"{""geodesic"":false,""type"":""Point"",""coordinates"":[106.91299353948486,-6.2298164953688815]}"
244_0,1,-6.2298164953688815,106.92197669232606,0.036220993738680006,9.272365177451588E-5,0.11761066873021872,4.964603387413821E-5,"{""geodesic"":false,""type"":""Point"",""coordinates"":[106.92197669232606,-6.2298164953688815]}"
245_0,1,-6.2298164953688815,106.93095984516725,0.03625212169682462,8.684178909181476E-5,0.11762162113110149,5.1102046488873826E-5,"{""geodesic"":false,""type"":""Point"",""coordinates"":[106.93095984516725,-6.2298164953688815]}"
246_0,1,-6.2298164953688815,106.93994299800845,0.03625212169682462,8.684178909181476E-5,0.11762162113110149,5.1102046488873826E-5,"{""geodesic"":false,""type"":""Point"",""coordinates"":[106.93994299800845,-6.2298164953688815]}"
247_0,1,-6.220833342527687,106.72434732981975,0.03736516600125804,1.2929143849751382E-4,0.11786572352253251,2.4044842136102578E-5,"{""geodesic"":false,""type"":""Point"",""coordinates"":[106.72434732981975,-6.220833342527687]}"
248_0,1,-6.220833342527687,106.73333048266095,0.03757460229101547,1.3386233174721634E-4,0.11789408479099572,4.461405534805379E-6,"{""geodesic"":false,""type"":""Point"",""coordinates"":[106.73333048266095,-6.220833342527687]}"
249_0,1,-6.220833342527687,106.74231363550214,0.037394857261342056,1.4636850552362442E-4,0.11788442066486085,2.2723636631520148E-5,"{""geodesic"":false,""type"":""Point"",""coordinates"":[106.74231363550214,-6.220833342527687]}"
250_0,1,-6.220833342527687,106.75129678834334,0.03752044836677509,1.3630762073899296E-4,0.11786526707415149,1.419564464843937E-5,"{""geodesic"":false,""type"":""Point"",""coordinates"":[106.75129678834334,-6.220833342527687]}"
251_0,1,-6.220833342527687,106.76027994118454,0.037241506158007746,1.4702176849834203E-4,0.11786433971952133,-2.758014625216874E-5,"{""geodesic"":false,""type"":""Point"",""coordinates"":[106.76027994118454,-6.220833342527687]}"
252_0,1,-6.220833342527687,106.76926309402573,0.037241506158007746,1.4702176849834203E-4,0.11786433971952133,-2.758014625216874E-5,"{""geodesic"":false,""type"":""Point"",""coordinates"":[106.76926309402573,-6.220833342527687]}"
253_0,1,-6.220833342527687,106.77824624686693,0.03752044836677509,1.5146026271384947E-4,0.11785263084295633,-7.2754337426002275E-6,"{""geodesic"":false,""type"":""Point"",""coordinates"":[106.77824624686693,-6.220833342527687]}"
254_0,1,-6.220833342527687,106.78722939970812,0.037447665485854514,1.528680936317456E-4,0.11785701911386441,2.4130497424842352E-5,"{""geodesic"":false,""type"":""Point"",""coordinates"":[106.78722939970812,-6.220833342527687]}"
255_0,1,-6.220833342527687,106.79621255254932,0.03744176199249851,1.5282868964991726E-4,0.11784972535009107,9.754327038521328E-6,"{""geodesic"":false,""type"":""Point"",""coordinates"":[106.79621255254932,-6.220833342527687]}"
256_0,1,-6.220833342527687,106.80519570539052,0.037467140332632376,1.5352394496524635E-4,0.11776094685647279,-4.15480803528931E-6,"{""geodesic"":false,""type"":""Point"",""coordinates"":[106.80519570539052,-6.220833342527687]}"
257_0,1,-6.220833342527687,106.81417885823171,0.037193843473935395,1.5321095997910492E-4,0.11775536238360726,3.1391346055851153E-6,"{""geodesic"":false,""type"":""Point"",""coordinates"":[106.81417885823171,-6.220833342527687]}"
258_0,1,-6.220833342527687,106.82316201107291,0.037193843474047715,1.4952421653657114E-4,0.11774707440930203,5.590502072964118E-5,"{""geodesic"":false,""type"":""Point"",""coordinates"":[106.82316201107291,-6.220833342527687]}"
259_0,1,-6.220833342527687,106.83214516391409,0.037031611502668704,1.4514225952614077E-4,0.11775829620061992,4.0026985253842486E-5,"{""geodesic"":false,""type"":""Point"",""coordinates"":[106.83214516391409,-6.220833342527687]}"
260_0,1,-6.220833342527687,106.84112831675529,0.03672815225907884,1.3579159774993477E-4,0.1178494801858345,2.2656372190508496E-5,"{""geodesic"":false,""type"":""Point"",""coordinates"":[106.84112831675529,-6.220833342527687]}"
261_0,1,-6.220833342527687,106.85011146959648,0.03647199795954123,1.2066371024350318E-4,0.11784952018721429,3.8332805789941335E-5,"{""geodesic"":false,""type"":""Point"",""coordinates"":[106.85011146959648,-6.220833342527687]}"
262_0,1,-6.220833342527687,106.85909462243768,0.03647199795954123,1.2066371024350318E-4,0.11784952018721429,3.8332805789941335E-5,"{""geodesic"":false,""type"":""Point"",""coordinates"":[106.85909462243768,-6.220833342527687]}"
263_0,1,-6.220833342527687,106.86807777527888,0.036520314383688295,1.1651203517032578E-4,0.11775793530831995,4.086324211139136E-5,"{""geodesic"":false,""type"":""Point"",""coordinates"":[106.86807777527888,-6.220833342527687]}"
264_0,1,-6.220833342527687,106.87706092812007,0.03634338063881073,1.1427978955019494E-4,0.11777768751946904,4.795139561898335E-5,"{""geodesic"":false,""type"":""Point"",""coordinates"":[106.87706092812007,-6.220833342527687]}"
265_0,1,-6.220833342527687,106.88604408096127,0.03607194125649827,1.0591705831952791E-4,0.11775705268071772,8.168392906972668E-5,"{""geodesic"":false,""type"":""Point"",""coordinates"":[106.88604408096127,-6.220833342527687]}"
266_0,1,-6.220833342527687,106.89502723380247,0.03619131185736146,1.0372718315913644E-4,0.11761232269769653,5.5234362274310926E-5,"{""geodesic"":false,""type"":""Point"",""coordinates"":[106.89502723380247,-6.220833342527687]}"
267_0,1,-6.220833342527687,106.90401038664366,0.03618874152504073,1.0199884304733222E-4,0.1176717493952216,8.214498197684891E-5,"{""geodesic"":false,""type"":""Point"",""coordinates"":[106.90401038664366,-6.220833342527687]}"
268_0,1,-6.220833342527687,106.91299353948486,0.036524790159031054,9.451416277078651E-5,0.11762398201026596,7.004227627573163E-5,"{""geodesic"":false,""type"":""Point"",""coordinates"":[106.91299353948486,-6.220833342527687]}"
269_0,1,-6.220833342527687,106.92197669232606,0.036220993738680006,9.272365177451588E-5,0.11761066873021872,4.964603387413821E-5,"{""geodesic"":false,""type"":""Point"",""coordinates"":[106.92197669232606,-6.220833342527687]}"
270_0,1,-6.220833342527687,106.93095984516725,0.03625212169682462,8.684178909181476E-5,0.11762162113110149,5.1102046488873826E-5,"{""geodesic"":false,""type"":""Point"",""coordinates"":[106.93095984516725,-6.220833342527687]}"
271_0,1,-6.220833342527687,106.93994299800845,0.03625212169682462,8.684178909181476E-5,0.11762162113110149,5.1102046488873826E-5,"{""geodesic"":false,""type"":""Point"",""coordinates"":[106.93994299800845,-6.220833342527687]}"
272_0,1,-6.220833342527687,106.94892615084963,0.036459419876392875,8.179980674481104E-5,0.11761604871109983,4.6422113618461695E-5,"{""geodesic"":false,""type"":""Point"",""coordinates"":[106.94892615084963,-6.220833342527687]}"
273_0,1,-6.2118501896864915,106.72434732981975,0.037518665088047985,1.3134820735594596E-4,0.11785136341196263,3.8601888704375605E-5,"{""geodesic"":false,""type"":""Point"",""coordinates"":[106.72434732981975,-6.2118501896864915]}"
274_0,1,-6.2118501896864915,106.73333048266095,0.037761011302340705,1.3166633939783407E-4,0.11788238142226344,-6.0420884313692295E-6,"{""geodesic"":false,""type"":""Point"",""coordinates"":[106.73333048266095,-6.2118501896864915]}"
275_0,1,-6.2118501896864915,106.74231363550214,0.037686211052677145,1.3596233534525067E-4,0.11787551995065007,5.209281808442449E-6,"{""geodesic"":false,""type"":""Point"",""coordinates"":[106.74231363550214,-6.2118501896864915]}"
276_0,1,-6.2118501896864915,106.75129678834334,0.03778727691210838,1.357113620548707E-4,0.11786971445530181,-5.9538958794256085E-6,"{""geodesic"":false,""type"":""Point"",""coordinates"":[106.75129678834334,-6.2118501896864915]}"
277_0,1,-6.2118501896864915,106.76027994118454,0.03750799633716796,1.4450464701378288E-4,0.11787745513735821,-2.763719385259259E-5,"{""geodesic"":false,""type"":""Point"",""coordinates"":[106.76027994118454,-6.2118501896864915]}"
278_0,1,-6.2118501896864915,106.76926309402573,0.03750799633716796,1.4450464701378288E-4,0.11787745513735821,-2.763719385259259E-5,"{""geodesic"":false,""type"":""Point"",""coordinates"":[106.76926309402573,-6.2118501896864915]}"
279_0,1,-6.2118501896864915,106.77824624686693,0.03797230196377985,1.4685317503268635E-4,0.11786175142424268,1.9236587482801207E-5,"{""geodesic"":false,""type"":""Point"",""coordinates"":[106.77824624686693,-6.2118501896864915]}"
280_0,1,-6.2118501896864915,106.78722939970812,0.0378593623972294,1.4861276406827304E-4,0.11786606067962609,5.051436592015492E-5,"{""geodesic"":false,""type"":""Point"",""coordinates"":[106.78722939970812,-6.2118501896864915]}"
281_0,1,-6.2118501896864915,106.79621255254932,0.037677761167318746,1.5181656257583486E-4,0.11774685402172608,2.6020896544138135E-5,"{""geodesic"":false,""type"":""Point"",""coordinates"":[106.79621255254932,-6.2118501896864915]}"
282_0,1,-6.2118501896864915,106.80519570539052,0.037471554404710686,1.5195920426788065E-4,0.11785685916047954,2.6234341054807287E-5,"{""geodesic"":false,""type"":""Point"",""coordinates"":[106.80519570539052,-6.2118501896864915]}"
283_0,1,-6.2118501896864915,106.81417885823171,0.03719384308937119,1.5045873107071532E-4,0.1177533243767411,4.068518978267366E-5,"{""geodesic"":false,""type"":""Point"",""coordinates"":[106.81417885823171,-6.2118501896864915]}"
284_0,1,-6.2118501896864915,106.82316201107291,0.037193843555107374,1.5127966053317485E-4,0.11785966453837811,6.994224168006789E-5,"{""geodesic"":false,""type"":""Point"",""coordinates"":[106.82316201107291,-6.2118501896864915]}"
285_0,1,-6.2118501896864915,106.83214516391409,0.03705531745411532,1.4831735528768385E-4,0.11775738827391667,4.8666186529847244E-5,"{""geodesic"":false,""type"":""Point"",""coordinates"":[106.83214516391409,-6.2118501896864915]}"
286_0,1,-6.2118501896864915,106.84112831675529,0.03667727828958592,1.349714597509476E-4,0.11786343629164972,2.565967154589372E-5,"{""geodesic"":false,""type"":""Point"",""coordinates"":[106.84112831675529,-6.2118501896864915]}"
287_0,1,-6.2118501896864915,106.85011146959648,0.03650847264133792,1.2038662472231805E-4,0.11788011634419607,1.7153136974328903E-5,"{""geodesic"":false,""type"":""Point"",""coordinates"":[106.85011146959648,-6.2118501896864915]}"
288_0,1,-6.2118501896864915,106.85909462243768,0.03650847264133792,1.2038662472231805E-4,0.11788011634419607,1.7153136974328903E-5,"{""geodesic"":false,""type"":""Point"",""coordinates"":[106.85909462243768,-6.2118501896864915]}"
289_0,1,-6.2118501896864915,106.86807777527888,0.03654281984386389,1.2040114618834485E-4,0.11786533515119399,8.663039179951994E-6,"{""geodesic"":false,""type"":""Point"",""coordinates"":[106.86807777527888,-6.2118501896864915]}"
290_0,1,-6.2118501896864915,106.87706092812007,0.036504974588700695,1.1623430212181307E-4,0.11787747879756857,2.309736889710427E-5,"{""geodesic"":false,""type"":""Point"",""coordinates"":[106.87706092812007,-6.2118501896864915]}"
291_0,1,-6.2118501896864915,106.88604408096127,0.03618716056304627,1.0893432195023154E-4,0.11774063491490658,2.1253260893024935E-5,"{""geodesic"":false,""type"":""Point"",""coordinates"":[106.88604408096127,-6.2118501896864915]}"
292_0,1,-6.2118501896864915,106.89502723380247,0.03634838480376264,1.0364114551424409E-4,0.11773943763136345,6.752940673478756E-5,"{""geodesic"":false,""type"":""Point"",""coordinates"":[106.89502723380247,-6.2118501896864915]}"
293_0,1,-6.2118501896864915,106.90401038664366,0.036191311857733804,9.834421998107694E-5,0.11767716234227177,5.4759542948149624E-5,"{""geodesic"":false,""type"":""Point"",""coordinates"":[106.90401038664366,-6.2118501896864915]}"
294_0,1,-6.2118501896864915,106.91299353948486,0.03648966550832938,9.472269855328345E-5,0.11775325381488971,4.378906625643484E-5,"{""geodesic"":false,""type"":""Point"",""coordinates"":[106.91299353948486,-6.2118501896864915]}"
295_0,1,-6.2118501896864915,106.92197669232606,0.03621766284502096,8.774159598314901E-5,0.11767859661802337,5.948064848494407E-5,"{""geodesic"":false,""type"":""Point"",""coordinates"":[106.92197669232606,-6.2118501896864915]}"
296_0,1,-6.2118501896864915,106.93095984516725,0.03620582653755133,8.368763200630931E-5,0.11760237345779202,9.991967140059352E-5,"{""geodesic"":false,""type"":""Point"",""coordinates"":[106.93095984516725,-6.2118501896864915]}"
297_0,1,-6.2118501896864915,106.93994299800845,0.03620582653755133,8.368763200630931E-5,0.11760237345779202,9.991967140059352E-5,"{""geodesic"":false,""type"":""Point"",""coordinates"":[106.93994299800845,-6.2118501896864915]}"
298_0,1,-6.2118501896864915,106.94892615084963,0.03603533644161349,8.151338509323308E-5,0.11785383159927319,9.377893312799133E-5,"{""geodesic"":false,""type"":""Point"",""coordinates"":[106.94892615084963,-6.2118501896864915]}"
299_0,1,-6.2118501896864915,106.95790930369083,0.03604095140653684,7.566774708008086E-5,0.11785080190113494,6.925780083660174E-5,"{""geodesic"":false,""type"":""Point"",""coordinates"":[106.95790930369083,-6.2118501896864915]}"
300_0,1,-6.202867036845296,106.72434732981975,0.03881453583014316,1.304544275625641E-4,0.11787476429096447,2.4350052767187164E-5,"{""geodesic"":false,""type"":""Point"",""coordinates"":[106.72434732981975,-6.202867036845296]}"
301_0,1,-6.202867036845296,106.73333048266095,0.0386785538867399,1.318209979111058E-4,0.11787988256876354,1.541687034776352E-6,"{""geodesic"":false,""type"":""Point"",""coordinates"":[106.73333048266095,-6.202867036845296]}"
302_0,1,-6.202867036845296,106.74231363550214,0.03772769331302366,1.4227904400741293E-4,0.11785630181499354,2.332820580992322E-5,"{""geodesic"":false,""type"":""Point"",""coordinates"":[106.74231363550214,-6.202867036845296]}"
303_0,1,-6.202867036845296,106.75129678834334,0.03801139068953738,1.375824179015433E-4,0.11787380182207101,9.775480235757288E-6,"{""geodesic"":false,""type"":""Point"",""coordinates"":[106.75129678834334,-6.202867036845296]}"
304_0,1,-6.202867036845296,106.76027994118454,0.03801139033372833,1.4689708873541713E-4,0.11787198295584636,3.6359789138128374E-6,"{""geodesic"":false,""type"":""Point"",""coordinates"":[106.76027994118454,-6.202867036845296]}"
305_0,1,-6.202867036845296,106.76926309402573,0.03801139033372833,1.4689708873541713E-4,0.11787198295584636,3.6359789138128374E-6,"{""geodesic"":false,""type"":""Point"",""coordinates"":[106.76926309402573,-6.202867036845296]}"
306_0,1,-6.202867036845296,106.77824624686693,0.03819804163763792,1.4334375977299404E-4,0.11785689679106615,3.366639956067998E-5,"{""geodesic"":false,""type"":""Point"",""coordinates"":[106.77824624686693,-6.202867036845296]}"
307_0,1,-6.202867036845296,106.78722939970812,0.038175380629948914,1.468465095770107E-4,0.11773933705306733,6.059874727078993E-5,"{""geodesic"":false,""type"":""Point"",""coordinates"":[106.78722939970812,-6.202867036845296]}"
308_0,1,-6.202867036845296,106.79621255254932,0.03818098098702194,1.50393350243655E-4,0.11780416716933151,5.0393990482267646E-5,"{""geodesic"":false,""type"":""Point"",""coordinates"":[106.79621255254932,-6.202867036845296]}"
309_0,1,-6.202867036845296,106.80519570539052,0.03773334696929439,1.519270881547125E-4,0.1178636632674767,6.824509579680024E-5,"{""geodesic"":false,""type"":""Point"",""coordinates"":[106.80519570539052,-6.202867036845296]}"
310_0,1,-6.202867036845296,106.81417885823171,0.037486841397598336,1.5192119323319722E-4,0.11785834044740293,6.951266231393023E-5,"{""geodesic"":false,""type"":""Point"",""coordinates"":[106.81417885823171,-6.202867036845296]}"
311_0,1,-6.202867036845296,106.82316201107291,0.037478261903746465,1.5054769028234065E-4,0.11786349495193384,5.249814216709884E-5,"{""geodesic"":false,""type"":""Point"",""coordinates"":[106.82316201107291,-6.202867036845296]}"
312_0,1,-6.202867036845296,106.83214516391409,0.03704174328592847,1.4710755755982684E-4,0.11786348406035348,4.7172114136596294E-5,"{""geodesic"":false,""type"":""Point"",""coordinates"":[106.83214516391409,-6.202867036845296]}"
313_0,1,-6.202867036845296,106.84112831675529,0.03704483605492283,1.2933673058476662E-4,0.11792836987906725,1.5185836365646239E-5,"{""geodesic"":false,""type"":""Point"",""coordinates"":[106.84112831675529,-6.202867036845296]}"
314_0,1,-6.202867036845296,106.85011146959648,0.03652224807298906,1.2073107531483593E-4,0.11795734370481467,1.3495991678620334E-5,"{""geodesic"":false,""type"":""Point"",""coordinates"":[106.85011146959648,-6.202867036845296]}"
315_0,1,-6.202867036845296,106.85909462243768,0.03652224807298906,1.2073107531483593E-4,0.11795734370481467,1.3495991678620334E-5,"{""geodesic"":false,""type"":""Point"",""coordinates"":[106.85909462243768,-6.202867036845296]}"
316_0,1,-6.202867036845296,106.86807777527888,0.03620922043917068,1.2080831826028125E-4,0.11796486197214764,2.3847437138751707E-5,"{""geodesic"":false,""type"":""Point"",""coordinates"":[106.86807777527888,-6.202867036845296]}"
317_0,1,-6.202867036845296,106.87706092812007,0.03621529822947136,1.1743873075596141E-4,0.11787282775446202,4.6967933090214116E-5,"{""geodesic"":false,""type"":""Point"",""coordinates"":[106.87706092812007,-6.202867036845296]}"
318_0,1,-6.202867036845296,106.88604408096127,0.03635468659919975,1.1206080236147237E-4,0.11787778214558169,5.485360653461255E-5,"{""geodesic"":false,""type"":""Point"",""coordinates"":[106.88604408096127,-6.202867036845296]}"
319_0,1,-6.202867036845296,106.89502723380247,0.03652364276037523,1.0763416615239152E-4,0.11787742249341406,6.501361865432855E-5,"{""geodesic"":false,""type"":""Point"",""coordinates"":[106.89502723380247,-6.202867036845296]}"
320_0,1,-6.202867036845296,106.90401038664366,0.03650497458877851,9.833328094083884E-5,0.11779475242312568,5.488863121641921E-5,"{""geodesic"":false,""type"":""Point"",""coordinates"":[106.90401038664366,-6.202867036845296]}"
321_0,1,-6.202867036845296,106.91299353948486,0.03647930026323834,9.537251392480653E-5,0.11785956194439211,6.99708877422507E-5,"{""geodesic"":false,""type"":""Point"",""coordinates"":[106.91299353948486,-6.202867036845296]}"
322_0,1,-6.202867036845296,106.92197669232606,0.03622355043221619,9.029178619068718E-5,0.11786373576559858,7.092322045545017E-5,"{""geodesic"":false,""type"":""Point"",""coordinates"":[106.92197669232606,-6.202867036845296]}"
323_0,1,-6.202867036845296,106.93095984516725,0.03620578602147727,8.596819800780139E-5,0.11791401433944163,7.099499736437809E-5,"{""geodesic"":false,""type"":""Point"",""coordinates"":[106.93095984516725,-6.202867036845296]}"
324_0,1,-6.202867036845296,106.93994299800845,0.03620578602147727,8.596819800780139E-5,0.11791401433944163,7.099499736437809E-5,"{""geodesic"":false,""type"":""Point"",""coordinates"":[106.93994299800845,-6.202867036845296]}"
325_0,1,-6.202867036845296,106.94892615084963,0.03606454088904152,7.955136655626398E-5,0.11799028814350591,5.046782966355169E-5,"{""geodesic"":false,""type"":""Point"",""coordinates"":[106.94892615084963,-6.202867036845296]}"
326_0,1,-6.202867036845296,106.95790930369083,0.035878837196598,7.305479839081801E-5,0.11799277448819308,6.182042852733395E-5,"{""geodesic"":false,""type"":""Point"",""coordinates"":[106.95790930369083,-6.202867036845296]}"
327_0,1,-6.193883884004101,106.72434732981975,0.038979061172624195,1.2734145275309486E-4,0.1178766002371036,7.849675284798268E-6,"{""geodesic"":false,""type"":""Point"",""coordinates"":[106.72434732981975,-6.193883884004101]}"
328_0,1,-6.193883884004101,106.73333048266095,0.03857547262074216,1.2948512841858657E-4,0.11785857297854407,1.5538432587945224E-5,"{""geodesic"":false,""type"":""Point"",""coordinates"":[106.73333048266095,-6.193883884004101]}"
329_0,1,-6.193883884004101,106.74231363550214,0.03842941857872086,1.3015174772582584E-4,0.11786637144521699,-5.100263665089926E-6,"{""geodesic"":false,""type"":""Point"",""coordinates"":[106.74231363550214,-6.193883884004101]}"
330_0,1,-6.193883884004101,106.75129678834334,0.03840666802384927,1.3260389609141203E-4,0.11786438459697608,-1.5197331518236601E-5,"{""geodesic"":false,""type"":""Point"",""coordinates"":[106.75129678834334,-6.193883884004101]}"
331_0,1,-6.193883884004101,106.76027994118454,0.038290483722565646,1.3594602933164667E-4,0.11786120365775005,-5.100263635265245E-6,"{""geodesic"":false,""type"":""Point"",""coordinates"":[106.76027994118454,-6.193883884004101]}"
332_0,1,-6.193883884004101,106.76926309402573,0.038290483722565646,1.3594602933164667E-4,0.11786120365775005,-5.100263635265245E-6,"{""geodesic"":false,""type"":""Point"",""coordinates"":[106.76926309402573,-6.193883884004101]}"
333_0,1,-6.193883884004101,106.77824624686693,0.03825994860378591,1.49854005866907E-4,0.1178852675049247,4.0640564123155955E-5,"{""geodesic"":false,""type"":""Point"",""coordinates"":[106.77824624686693,-6.193883884004101]}"
334_0,1,-6.193883884004101,106.78722939970812,0.03801139108438994,1.4203422544350325E-4,0.11775839679038802,5.596805392322698E-5,"{""geodesic"":false,""type"":""Point"",""coordinates"":[106.78722939970812,-6.193883884004101]}"
335_0,1,-6.193883884004101,106.79621255254932,0.03801138980205776,1.453285367462114E-4,0.11778867351017185,5.70237711864292E-5,"{""geodesic"":false,""type"":""Point"",""coordinates"":[106.79621255254932,-6.193883884004101]}"
336_0,1,-6.193883884004101,106.80519570539052,0.03770896961796409,1.5175190623994205E-4,0.11793165934362596,5.671444310078834E-5,"{""geodesic"":false,""type"":""Point"",""coordinates"":[106.80519570539052,-6.193883884004101]}"
337_0,1,-6.193883884004101,106.81417885823171,0.03770889093111784,1.488396002170873E-4,0.11797531333219005,5.0353341237323E-5,"{""geodesic"":false,""type"":""Point"",""coordinates"":[106.81417885823171,-6.193883884004101]}"
338_0,1,-6.193883884004101,106.82316201107291,0.03747065224783421,1.437636176639278E-4,0.11798325884933047,5.386707992065618E-5,"{""geodesic"":false,""type"":""Point"",""coordinates"":[106.82316201107291,-6.193883884004101]}"
339_0,1,-6.193883884004101,106.83214516391409,0.0374857178268755,1.4287447396110417E-4,0.11785733165983986,5.380816792893289E-5,"{""geodesic"":false,""type"":""Point"",""coordinates"":[106.83214516391409,-6.193883884004101]}"
340_0,1,-6.193883884004101,106.84112831675529,0.03703922508531593,1.2781596663944523E-4,0.1179690151552106,1.53497778127753E-5,"{""geodesic"":false,""type"":""Point"",""coordinates"":[106.84112831675529,-6.193883884004101]}"
341_0,1,-6.193883884004101,106.85011146959648,0.03704260927381465,1.246703632759406E-4,0.11797932429923372,5.2552463411637725E-6,"{""geodesic"":false,""type"":""Point"",""coordinates"":[106.85011146959648,-6.193883884004101]}"
342_0,1,-6.193883884004101,106.85909462243768,0.03704260927381465,1.246703632759406E-4,0.11797932429923372,5.2552463411637725E-6,"{""geodesic"":false,""type"":""Point"",""coordinates"":[106.85909462243768,-6.193883884004101]}"
343_0,1,-6.193883884004101,106.86807777527888,0.03654163748014237,1.1696028694419894E-4,0.11797746829707662,4.8260077709338044E-5,"{""geodesic"":false,""type"":""Point"",""coordinates"":[106.86807777527888,-6.193883884004101]}"
344_0,1,-6.193883884004101,106.87706092812007,0.03617519286608764,1.1205349922707762E-4,0.11784866320576848,8.60084846373492E-5,"{""geodesic"":false,""type"":""Point"",""coordinates"":[106.87706092812007,-6.193883884004101]}"
345_0,1,-6.193883884004101,106.88604408096127,0.03621796117589819,1.0816634285569244E-4,0.11787453313560689,8.511744640070834E-5,"{""geodesic"":false,""type"":""Point"",""coordinates"":[106.88604408096127,-6.193883884004101]}"
346_0,1,-6.193883884004101,106.89502723380247,0.036365372269320614,1.0737423919982227E-4,0.11785933232553615,5.4436614170188616E-5,"{""geodesic"":false,""type"":""Point"",""coordinates"":[106.89502723380247,-6.193883884004101]}"
347_0,1,-6.193883884004101,106.90401038664366,0.036204398609647144,9.820837230705857E-5,0.11785529959695197,5.489830987830497E-5,"{""geodesic"":false,""type"":""Point"",""coordinates"":[106.90401038664366,-6.193883884004101]}"
348_0,1,-6.193883884004101,106.91299353948486,0.036235352653649446,9.421104322212532E-5,0.11785584379930099,6.97968759511402E-5,"{""geodesic"":false,""type"":""Point"",""coordinates"":[106.91299353948486,-6.193883884004101]}"
349_0,1,-6.193883884004101,106.92197669232606,0.03623545915670781,8.853567123873432E-5,0.11785364525509186,5.255841254799236E-5,"{""geodesic"":false,""type"":""Point"",""coordinates"":[106.92197669232606,-6.193883884004101]}"
350_0,1,-6.193883884004101,106.93095984516725,0.03623629157587649,8.109542963590114E-5,0.11799251546970518,4.97172293052665E-5,"{""geodesic"":false,""type"":""Point"",""coordinates"":[106.93095984516725,-6.193883884004101]}"
351_0,1,-6.193883884004101,106.93994299800845,0.03623629157587649,8.109542963590114E-5,0.11799251546970518,4.97172293052665E-5,"{""geodesic"":false,""type"":""Point"",""coordinates"":[106.93994299800845,-6.193883884004101]}"
352_0,1,-6.193883884004101,106.94892615084963,0.03597451492472326,7.825843723277215E-5,0.11797934341181815,4.304541771926567E-5,"{""geodesic"":false,""type"":""Point"",""coordinates"":[106.94892615084963,-6.193883884004101]}"
353_0,1,-6.193883884004101,106.95790930369083,0.03601970151069736,7.552926424925078E-5,0.11798977479348328,6.770438002297498E-5,"{""geodesic"":false,""type"":""Point"",""coordinates"":[106.95790930369083,-6.193883884004101]}"
354_0,1,-6.193883884004101,106.96689245653202,0.036131181950925156,7.276353183741347E-5,0.11797889059094889,3.743957748770187E-5,"{""geodesic"":false,""type"":""Point"",""coordinates"":[106.96689245653202,-6.193883884004101]}"
355_0,1,-6.184900731162906,106.71536417697857,0.03952700971102771,1.1891684091576397E-4,0.11799739247512754,-8.845763582405307E-6,"{""geodesic"":false,""type"":""Point"",""coordinates"":[106.71536417697857,-6.184900731162906]}"
356_0,1,-6.184900731162906,106.72434732981975,0.03931094430252348,1.2325699358839518E-4,0.11799765241738193,9.677337479899028E-6,"{""geodesic"":false,""type"":""Point"",""coordinates"":[106.72434732981975,-6.184900731162906]}"
357_0,1,-6.184900731162906,106.73333048266095,0.0389459734442059,1.2463624198674723E-4,0.11784207803745259,-2.0488215694537092E-5,"{""geodesic"":false,""type"":""Point"",""coordinates"":[106.73333048266095,-6.184900731162906]}"
358_0,1,-6.184900731162906,106.74231363550214,0.03871053191723088,1.246801766682599E-4,0.1178501599551818,6.307573714052863E-6,"{""geodesic"":false,""type"":""Point"",""coordinates"":[106.74231363550214,-6.184900731162906]}"
359_0,1,-6.184900731162906,106.75129678834334,0.0381045952385925,1.2673767630740716E-4,0.11787918619094932,-7.112919875715162E-6,"{""geodesic"":false,""type"":""Point"",""coordinates"":[106.75129678834334,-6.184900731162906]}"
360_0,1,-6.184900731162906,106.76027994118454,0.038227219530764626,1.3075607877131845E-4,0.11788285589587118,1.5456282011801087E-5,"{""geodesic"":false,""type"":""Point"",""coordinates"":[106.76027994118454,-6.184900731162906]}"
361_0,1,-6.184900731162906,106.76926309402573,0.038227219530764626,1.3075607877131845E-4,0.11788285589587118,1.5456282011801087E-5,"{""geodesic"":false,""type"":""Point"",""coordinates"":[106.76926309402573,-6.184900731162906]}"
362_0,1,-6.184900731162906,106.77824624686693,0.03817786435206501,1.3636498626038736E-4,0.11789540143683232,6.927526846989554E-5,"{""geodesic"":false,""type"":""Point"",""coordinates"":[106.77824624686693,-6.184900731162906]}"
363_0,1,-6.184900731162906,106.78722939970812,0.03783051110236845,1.4085008297107108E-4,0.117753825605708,6.585225656646816E-5,"{""geodesic"":false,""type"":""Point"",""coordinates"":[106.78722939970812,-6.184900731162906]}"
364_0,1,-6.184900731162906,106.79621255254932,0.037673673670141336,1.4290212129720108E-4,0.11796811049764613,6.652384647071798E-5,"{""geodesic"":false,""type"":""Point"",""coordinates"":[106.79621255254932,-6.184900731162906]}"
365_0,1,-6.184900731162906,106.80519570539052,0.037574602167189115,1.453468516031301E-4,0.1180443402100253,5.4594490238932334E-5,"{""geodesic"":false,""type"":""Point"",""coordinates"":[106.80519570539052,-6.184900731162906]}"
366_0,1,-6.184900731162906,106.81417885823171,0.03762333655659558,1.4362332876783476E-4,0.11804607195873093,5.47042683115556E-5,"{""geodesic"":false,""type"":""Point"",""coordinates"":[106.81417885823171,-6.184900731162906]}"
367_0,1,-6.184900731162906,106.82316201107291,0.037521598530334176,1.4288051170288388E-4,0.11799895656874668,6.089971032834742E-5,"{""geodesic"":false,""type"":""Point"",""coordinates"":[106.82316201107291,-6.184900731162906]}"
368_0,1,-6.184900731162906,106.83214516391409,0.03751497185539865,1.429463784558315E-4,0.11787858206765846,7.104212898351685E-5,"{""geodesic"":false,""type"":""Point"",""coordinates"":[106.83214516391409,-6.184900731162906]}"
369_0,1,-6.184900731162906,106.84112831675529,0.03703088228269296,1.2579524525499331E-4,0.11799368516907369,3.713131465992655E-5,"{""geodesic"":false,""type"":""Point"",""coordinates"":[106.84112831675529,-6.184900731162906]}"
370_0,1,-6.184900731162906,106.85011146959648,0.03672773391006172,1.2301214870853323E-4,0.11798649400919889,2.015559654029953E-5,"{""geodesic"":false,""type"":""Point"",""coordinates"":[106.85011146959648,-6.184900731162906]}"
371_0,1,-6.184900731162906,106.85909462243768,0.03672773391006172,1.2301214870853323E-4,0.11798649400919889,2.015559654029953E-5,"{""geodesic"":false,""type"":""Point"",""coordinates"":[106.85909462243768,-6.184900731162906]}"
372_0,1,-6.184900731162906,106.86807777527888,0.036263157708761005,1.2039207855566712E-4,0.11786587694208008,5.522679267515475E-5,"{""geodesic"":false,""type"":""Point"",""coordinates"":[106.86807777527888,-6.184900731162906]}"
373_0,1,-6.184900731162906,106.87706092812007,0.03675025075805444,1.1712872196001641E-4,0.11782904198277071,7.640319819997823E-5,"{""geodesic"":false,""type"":""Point"",""coordinates"":[106.87706092812007,-6.184900731162906]}"
374_0,1,-6.184900731162906,106.88604408096127,0.03656871248689246,1.1236545595810746E-4,0.11783985528727162,8.270111887925294E-5,"{""geodesic"":false,""type"":""Point"",""coordinates"":[106.88604408096127,-6.184900731162906]}"
375_0,1,-6.184900731162906,106.89502723380247,0.03619810112071143,1.0648639315396943E-4,0.1178472508227254,5.5851787887480414E-5,"{""geodesic"":false,""type"":""Point"",""coordinates"":[106.89502723380247,-6.184900731162906]}"
376_0,1,-6.184900731162906,106.90401038664366,0.03618361953331541,9.804837793323288E-5,0.11785906765059653,5.5822748412373235E-5,"{""geodesic"":false,""type"":""Point"",""coordinates"":[106.90401038664366,-6.184900731162906]}"
377_0,1,-6.184900731162906,106.91299353948486,0.036238778609832836,9.48095598947057E-5,0.1178569248324854,6.968717120681381E-5,"{""geodesic"":false,""type"":""Point"",""coordinates"":[106.91299353948486,-6.184900731162906]}"
378_0,1,-6.184900731162906,106.92197669232606,0.03632195310707492,8.859673077054144E-5,0.1179969341155239,6.777371599503827E-5,"{""geodesic"":false,""type"":""Point"",""coordinates"":[106.92197669232606,-6.184900731162906]}"
379_0,1,-6.184900731162906,106.93095984516725,0.03624866778654848,8.109542977769994E-5,0.11798367989492545,6.853160672190403E-5,"{""geodesic"":false,""type"":""Point"",""coordinates"":[106.93095984516725,-6.184900731162906]}"
380_0,1,-6.184900731162906,106.93994299800845,0.03624866778654848,8.109542977769994E-5,0.11798367989492545,6.853160672190403E-5,"{""geodesic"":false,""type"":""Point"",""coordinates"":[106.93994299800845,-6.184900731162906]}"
381_0,1,-6.184900731162906,106.94892615084963,0.036262813317477896,7.527990237788969E-5,0.11797989985739196,4.9350684630554085E-5,"{""geodesic"":false,""type"":""Point"",""coordinates"":[106.94892615084963,-6.184900731162906]}"
382_0,1,-6.184900731162906,106.95790930369083,0.03623272274822864,7.205138648167188E-5,0.1179879324101698,4.016534026591532E-5,"{""geodesic"":false,""type"":""Point"",""coordinates"":[106.95790930369083,-6.184900731162906]}"
383_0,1,-6.184900731162906,106.96689245653202,0.03623272318379954,7.054012775804388E-5,0.1179941900478699,3.851069621884234E-5,"{""geodesic"":false,""type"":""Point"",""coordinates"":[106.96689245653202,-6.184900731162906]}"
384_0,1,-6.175917578321711,106.69739787129618,0.03870488222654469,1.1148231185709803E-4,0.11787160424308189,-3.428941067495251E-5,"{""geodesic"":false,""type"":""Point"",""coordinates"":[106.69739787129618,-6.175917578321711]}"
385_0,1,-6.175917578321711,106.70638102413737,0.039187546805959025,1.1311145894304369E-4,0.11797432831118744,-3.3742411742097824E-5,"{""geodesic"":false,""type"":""Point"",""coordinates"":[106.70638102413737,-6.175917578321711]}"
386_0,1,-6.175917578321711,106.71536417697857,0.03918754735237897,1.1804384211781876E-4,0.11797073276190063,7.095354703774607E-6,"{""geodesic"":false,""type"":""Point"",""coordinates"":[106.71536417697857,-6.175917578321711]}"
387_0,1,-6.175917578321711,106.72434732981975,0.039155879636573895,1.1976445299561972E-4,0.11798139355873366,6.174636960368147E-6,"{""geodesic"":false,""type"":""Point"",""coordinates"":[106.72434732981975,-6.175917578321711]}"
388_0,1,-6.175917578321711,106.73333048266095,0.0391574859653713,1.2059171901957546E-4,0.11797694765397942,8.57738935893138E-6,"{""geodesic"":false,""type"":""Point"",""coordinates"":[106.73333048266095,-6.175917578321711]}"
389_0,1,-6.175917578321711,106.74231363550214,0.038995763286924785,1.2180434342457886E-4,0.11797934566225425,4.494974740251865E-6,"{""geodesic"":false,""type"":""Point"",""coordinates"":[106.74231363550214,-6.175917578321711]}"
390_0,1,-6.175917578321711,106.75129678834334,0.038381602288651485,1.268395960530565E-4,0.11797630693121003,1.2454897232062589E-5,"{""geodesic"":false,""type"":""Point"",""coordinates"":[106.75129678834334,-6.175917578321711]}"
391_0,1,-6.175917578321711,106.76027994118454,0.03840311552767774,1.2879049465756203E-4,0.11787181296818312,2.2442079290139493E-5,"{""geodesic"":false,""type"":""Point"",""coordinates"":[106.76027994118454,-6.175917578321711]}"
392_0,1,-6.175917578321711,106.76926309402573,0.03840311552767774,1.2879049465756203E-4,0.11787181296818312,2.2442079290139493E-5,"{""geodesic"":false,""type"":""Point"",""coordinates"":[106.76926309402573,-6.175917578321711]}"
393_0,1,-6.175917578321711,106.77824624686693,0.03808353497554902,1.335078569529837E-4,0.11784918131108074,3.838051614653774E-5,"{""geodesic"":false,""type"":""Point"",""coordinates"":[106.77824624686693,-6.175917578321711]}"
394_0,1,-6.175917578321711,106.78722939970812,0.03786692847520759,1.3248973406691138E-4,0.11784658436763892,6.0351476721933066E-5,"{""geodesic"":false,""type"":""Point"",""coordinates"":[106.78722939970812,-6.175917578321711]}"
395_0,1,-6.175917578321711,106.79621255254932,0.037774894386560925,1.3459344889223612E-4,0.11796525937046076,6.535415987230905E-5,"{""geodesic"":false,""type"":""Point"",""coordinates"":[106.79621255254932,-6.175917578321711]}"
396_0,1,-6.175917578321711,106.80519570539052,0.03773446687937683,1.408534841341957E-4,0.11798144313696678,6.73208680312648E-5,"{""geodesic"":false,""type"":""Point"",""coordinates"":[106.80519570539052,-6.175917578321711]}"
397_0,1,-6.175917578321711,106.81417885823171,0.037529040591098003,1.4261239320387893E-4,0.11796721482851848,6.870819941383694E-5,"{""geodesic"":false,""type"":""Point"",""coordinates"":[106.81417885823171,-6.175917578321711]}"
398_0,1,-6.175917578321711,106.82316201107291,0.037694984621048755,1.3549216551170655E-4,0.11796810183465663,6.663690721817717E-5,"{""geodesic"":false,""type"":""Point"",""coordinates"":[106.82316201107291,-6.175917578321711]}"
399_0,1,-6.175917578321711,106.83214516391409,0.03700826999828877,1.384557336755229E-4,0.11795461997821635,8.051542954495853E-5,"{""geodesic"":false,""type"":""Point"",""coordinates"":[106.83214516391409,-6.175917578321711]}"
400_0,1,-6.175917578321711,106.84112831675529,0.036982761579402695,1.272625669043817E-4,0.11796658198017683,7.103077538867773E-5,"{""geodesic"":false,""type"":""Point"",""coordinates"":[106.84112831675529,-6.175917578321711]}"
401_0,1,-6.175917578321711,106.85011146959648,0.03686857703399086,1.236988352110888E-4,0.11797523500803378,6.927123314382797E-5,"{""geodesic"":false,""type"":""Point"",""coordinates"":[106.85011146959648,-6.175917578321711]}"
402_0,1,-6.175917578321711,106.85909462243768,0.03686857703399086,1.236988352110888E-4,0.11797523500803378,6.927123314382797E-5,"{""geodesic"":false,""type"":""Point"",""coordinates"":[106.85909462243768,-6.175917578321711]}"
403_0,1,-6.175917578321711,106.86807777527888,0.03672773391014327,1.2425266748963533E-4,0.11797397592725728,7.152751641126761E-5,"{""geodesic"":false,""type"":""Point"",""coordinates"":[106.86807777527888,-6.175917578321711]}"
404_0,1,-6.175917578321711,106.87706092812007,0.036991526726443257,1.1693558705675647E-4,0.11795569877485058,6.837950319830064E-5,"{""geodesic"":false,""type"":""Point"",""coordinates"":[106.87706092812007,-6.175917578321711]}"
405_0,1,-6.175917578321711,106.88604408096127,0.03671695524575296,1.1252318390275459E-4,0.11786579946213692,6.784317400627322E-5,"{""geodesic"":false,""type"":""Point"",""coordinates"":[106.88604408096127,-6.175917578321711]}"
406_0,1,-6.175917578321711,106.89502723380247,0.036757291880977816,1.0380757708192774E-4,0.11787438041990769,5.411388763207026E-5,"{""geodesic"":false,""type"":""Point"",""coordinates"":[106.89502723380247,-6.175917578321711]}"
407_0,1,-6.175917578321711,106.90401038664366,0.03618891399475048,9.633667843012101E-5,0.11797909488800337,5.5460955528743126E-5,"{""geodesic"":false,""type"":""Point"",""coordinates"":[106.90401038664366,-6.175917578321711]}"
408_0,1,-6.175917578321711,106.91299353948486,0.03624105814232773,9.046159614549682E-5,0.11798898991239062,5.598295595784851E-5,"{""geodesic"":false,""type"":""Point"",""coordinates"":[106.91299353948486,-6.175917578321711]}"
409_0,1,-6.175917578321711,106.92197669232606,0.03624020455664688,8.678174991876006E-5,0.11798604990882909,6.998698496126663E-5,"{""geodesic"":false,""type"":""Point"",""coordinates"":[106.92197669232606,-6.175917578321711]}"
410_0,1,-6.175917578321711,106.93095984516725,0.035989499379009256,8.102785250236877E-5,0.11811736361752057,7.109515009736646E-5,"{""geodesic"":false,""type"":""Point"",""coordinates"":[106.93095984516725,-6.175917578321711]}"
411_0,1,-6.175917578321711,106.93994299800845,0.035989499379009256,8.102785250236877E-5,0.11811736361752057,7.109515009736646E-5,"{""geodesic"":false,""type"":""Point"",""coordinates"":[106.93994299800845,-6.175917578321711]}"
412_0,1,-6.175917578321711,106.94892615084963,0.03597995517760261,7.656195502133215E-5,0.11811417709748853,7.164920466336674E-5,"{""geodesic"":false,""type"":""Point"",""coordinates"":[106.94892615084963,-6.175917578321711]}"
413_0,1,-6.175917578321711,106.95790930369083,0.036005980198454045,7.197667483972891E-5,0.11798801218779152,5.09948628708647E-5,"{""geodesic"":false,""type"":""Point"",""coordinates"":[106.95790930369083,-6.175917578321711]}"
414_0,1,-6.175917578321711,106.96689245653202,0.035712855801509596,6.936539298028237E-5,0.11798996143185643,4.285920974312515E-5,"{""geodesic"":false,""type"":""Point"",""coordinates"":[106.96689245653202,-6.175917578321711]}"
415_0,1,-6.166934425480515,106.69739787129618,0.03916051735478275,1.0958883567894455E-4,0.11797673810262463,4.921518375707413E-6,"{""geodesic"":false,""type"":""Point"",""coordinates"":[106.69739787129618,-6.166934425480515]}"
416_0,1,-6.166934425480515,106.70638102413737,0.039425855502518585,1.1130726476700464E-4,0.11797386076724939,4.2964407836243066E-5,"{""geodesic"":false,""type"":""Point"",""coordinates"":[106.70638102413737,-6.166934425480515]}"
417_0,1,-6.166934425480515,106.71536417697857,0.03948571704973254,1.1307124805164254E-4,0.11796867786112701,2.260688615364969E-5,"{""geodesic"":false,""type"":""Point"",""coordinates"":[106.71536417697857,-6.166934425480515]}"
418_0,1,-6.166934425480515,106.72434732981975,0.03896956345559093,1.1344560334684966E-4,0.1179798016819554,2.1202643216941675E-5,"{""geodesic"":false,""type"":""Point"",""coordinates"":[106.72434732981975,-6.166934425480515]}"
419_0,1,-6.166934425480515,106.73333048266095,0.038792612402256295,1.1954878502315983E-4,0.11798118640143329,3.688334789354435E-5,"{""geodesic"":false,""type"":""Point"",""coordinates"":[106.73333048266095,-6.166934425480515]}"
420_0,1,-6.166934425480515,106.74231363550214,0.03842297814834092,1.2011250748487692E-4,0.11798481008604397,2.941225805234325E-5,"{""geodesic"":false,""type"":""Point"",""coordinates"":[106.74231363550214,-6.166934425480515]}"
421_0,1,-6.166934425480515,106.75129678834334,0.038191083828146656,1.2276561519011702E-4,0.11786751070939938,4.478996743270767E-5,"{""geodesic"":false,""type"":""Point"",""coordinates"":[106.75129678834334,-6.166934425480515]}"
422_0,1,-6.166934425480515,106.76027994118454,0.03820712636398178,1.2679117819631858E-4,0.11785388076951903,3.519848178260123E-5,"{""geodesic"":false,""type"":""Point"",""coordinates"":[106.76027994118454,-6.166934425480515]}"
423_0,1,-6.166934425480515,106.76926309402573,0.03820712636398178,1.2679117819631858E-4,0.11785388076951903,3.519848178260123E-5,"{""geodesic"":false,""type"":""Point"",""coordinates"":[106.76926309402573,-6.166934425480515]}"
424_0,1,-6.166934425480515,106.77824624686693,0.038086747646321084,1.3031962967126044E-4,0.11790019944175689,6.783113061335537E-5,"{""geodesic"":false,""type"":""Point"",""coordinates"":[106.77824624686693,-6.166934425480515]}"
425_0,1,-6.166934425480515,106.78722939970812,0.03799926737942003,1.30266116011604E-4,0.11784832935555019,6.477131695906293E-5,"{""geodesic"":false,""type"":""Point"",""coordinates"":[106.78722939970812,-6.166934425480515]}"
426_0,1,-6.166934425480515,106.79621255254932,0.03796993563600738,1.3293576843133081E-4,0.11796782021266934,3.5673265761144925E-5,"{""geodesic"":false,""type"":""Point"",""coordinates"":[106.79621255254932,-6.166934425480515]}"
427_0,1,-6.166934425480515,106.80519570539052,0.038083968467241366,1.353516401501235E-4,0.11796652389523601,6.69386237859324E-5,"{""geodesic"":false,""type"":""Point"",""coordinates"":[106.80519570539052,-6.166934425480515]}"
428_0,1,-6.166934425480515,106.81417885823171,0.03814016496370418,1.2904319363266664E-4,0.11794964779703616,6.82853617241073E-5,"{""geodesic"":false,""type"":""Point"",""coordinates"":[106.81417885823171,-6.166934425480515]}"
429_0,1,-6.166934425480515,106.82316201107291,0.037880534105111115,1.247062248179641E-4,0.11796058483254687,5.3896320316386785E-5,"{""geodesic"":false,""type"":""Point"",""coordinates"":[106.82316201107291,-6.166934425480515]}"
430_0,1,-6.166934425480515,106.83214516391409,0.03743172924320299,1.2474706250545852E-4,0.11795161849627174,4.481929789391785E-5,"{""geodesic"":false,""type"":""Point"",""coordinates"":[106.83214516391409,-6.166934425480515]}"
431_0,1,-6.166934425480515,106.84112831675529,0.037261522351679975,1.24537680167857E-4,0.11803421924307632,5.6926471097155206E-5,"{""geodesic"":false,""type"":""Point"",""coordinates"":[106.84112831675529,-6.166934425480515]}"
432_0,1,-6.166934425480515,106.85011146959648,0.03701675186552369,1.2393211532585907E-4,0.11798320296743942,7.061317955739353E-5,"{""geodesic"":false,""type"":""Point"",""coordinates"":[106.85011146959648,-6.166934425480515]}"
433_0,1,-6.166934425480515,106.85909462243768,0.03701675186552369,1.2393211532585907E-4,0.11798320296743942,7.061317955739353E-5,"{""geodesic"":false,""type"":""Point"",""coordinates"":[106.85909462243768,-6.166934425480515]}"
434_0,1,-6.166934425480515,106.86807777527888,0.0370119955934433,1.2112216113363539E-4,0.1179741402347107,7.111330563296988E-5,"{""geodesic"":false,""type"":""Point"",""coordinates"":[106.86807777527888,-6.166934425480515]}"
435_0,1,-6.166934425480515,106.87706092812007,0.036979951136565076,1.1225012729141015E-4,0.11796591050410285,6.91779050990425E-5,"{""geodesic"":false,""type"":""Point"",""coordinates"":[106.87706092812007,-6.166934425480515]}"
436_0,1,-6.166934425480515,106.88604408096127,0.03691084547468188,1.0812615073536344E-4,0.11785576516562274,5.1750870625339465E-5,"{""geodesic"":false,""type"":""Point"",""coordinates"":[106.88604408096127,-6.166934425480515]}"
437_0,1,-6.166934425480515,106.89502723380247,0.036822148786395004,9.970518536745441E-5,0.11792059596953375,6.930546020952866E-5,"{""geodesic"":false,""type"":""Point"",""coordinates"":[106.89502723380247,-6.166934425480515]}"
438_0,1,-6.166934425480515,106.90401038664366,0.03673935794282605,9.342698865824657E-5,0.1178721108355395,5.571345972016094E-5,"{""geodesic"":false,""type"":""Point"",""coordinates"":[106.90401038664366,-6.166934425480515]}"
439_0,1,-6.166934425480515,106.91299353948486,0.036408904933204214,8.859853962364717E-5,0.11798944750659945,5.558567275842488E-5,"{""geodesic"":false,""type"":""Point"",""coordinates"":[106.91299353948486,-6.166934425480515]}"
440_0,1,-6.166934425480515,106.92197669232606,0.03589796880189945,8.346209265162264E-5,0.11798386965874687,2.229116260262858E-5,"{""geodesic"":false,""type"":""Point"",""coordinates"":[106.92197669232606,-6.166934425480515]}"
441_0,1,-6.166934425480515,106.93095984516725,0.03574970144196433,7.917375322667199E-5,0.11798312488673725,2.437601409960765E-5,"{""geodesic"":false,""type"":""Point"",""coordinates"":[106.93095984516725,-6.166934425480515]}"
442_0,1,-6.166934425480515,106.93994299800845,0.03574970144196433,7.917375322667199E-5,0.11798312488673725,2.437601409960765E-5,"{""geodesic"":false,""type"":""Point"",""coordinates"":[106.93994299800845,-6.166934425480515]}"
443_0,1,-6.166934425480515,106.94892615084963,0.03573193564384871,7.585552574486027E-5,0.11787533632996561,3.798150991060094E-5,"{""geodesic"":false,""type"":""Point"",""coordinates"":[106.94892615084963,-6.166934425480515]}"
444_0,1,-6.166934425480515,106.95790930369083,0.03573531815219109,7.19306656935648E-5,0.11797510354891666,4.270052124714499E-5,"{""geodesic"":false,""type"":""Point"",""coordinates"":[106.95790930369083,-6.166934425480515]}"
445_0,1,-6.166934425480515,106.96689245653202,0.03568312277969532,6.590242305484102E-5,0.11800193372211784,1.955242924779505E-5,"{""geodesic"":false,""type"":""Point"",""coordinates"":[106.96689245653202,-6.166934425480515]}"
446_0,1,-6.15795127263932,106.68841471845498,0.039940516884789654,9.993764251711598E-5,0.11809721194590916,8.523681784414543E-6,"{""geodesic"":false,""type"":""Point"",""coordinates"":[106.68841471845498,-6.15795127263932]}"
447_0,1,-6.15795127263932,106.69739787129618,0.039175962268512526,9.989140443313001E-5,0.1179791359280674,9.682885275287865E-6,"{""geodesic"":false,""type"":""Point"",""coordinates"":[106.69739787129618,-6.15795127263932]}"
448_0,1,-6.15795127263932,106.70638102413737,0.039813970215651286,1.0173465561378235E-4,0.11796568228895478,8.965055441266756E-6,"{""geodesic"":false,""type"":""Point"",""coordinates"":[106.70638102413737,-6.15795127263932]}"
449_0,1,-6.15795127263932,106.71536417697857,0.03929318642862265,1.0988231228782521E-4,0.11809030979354761,4.6989185290476945E-5,"{""geodesic"":false,""type"":""Point"",""coordinates"":[106.71536417697857,-6.15795127263932]}"
450_0,1,-6.15795127263932,106.72434732981975,0.03903105379060012,1.1148431003891387E-4,0.11795519822126865,7.031170594201806E-5,"{""geodesic"":false,""type"":""Point"",""coordinates"":[106.72434732981975,-6.15795127263932]}"
451_0,1,-6.15795127263932,106.73333048266095,0.03881742667496055,1.1584408396784762E-4,0.11798339620512488,4.0430590056797765E-5,"{""geodesic"":false,""type"":""Point"",""coordinates"":[106.73333048266095,-6.15795127263932]}"
452_0,1,-6.15795127263932,106.74231363550214,0.03871894837796828,1.2090561383178637E-4,0.11797866252921936,3.804715155613351E-5,"{""geodesic"":false,""type"":""Point"",""coordinates"":[106.74231363550214,-6.15795127263932]}"
453_0,1,-6.15795127263932,106.75129678834334,0.03843500008461115,1.2262192776152576E-4,0.11785712790168144,6.894468679439354E-5,"{""geodesic"":false,""type"":""Point"",""coordinates"":[106.75129678834334,-6.15795127263932]}"
454_0,1,-6.15795127263932,106.76027994118454,0.03868776746097402,1.228570818024168E-4,0.11786382684766938,3.5829564961818205E-5,"{""geodesic"":false,""type"":""Point"",""coordinates"":[106.76027994118454,-6.15795127263932]}"
455_0,1,-6.15795127263932,106.76926309402573,0.03868776746097402,1.228570818024168E-4,0.11786382684766938,3.5829564961818205E-5,"{""geodesic"":false,""type"":""Point"",""coordinates"":[106.76926309402573,-6.15795127263932]}"
456_0,1,-6.15795127263932,106.77824624686693,0.03818595657743704,1.3067450234145517E-4,0.11796491864230088,4.465448000469309E-5,"{""geodesic"":false,""type"":""Point"",""coordinates"":[106.77824624686693,-6.15795127263932]}"
457_0,1,-6.15795127263932,106.78722939970812,0.03817162673714737,1.2594797590274252E-4,0.11798192739607696,5.730625473764085E-5,"{""geodesic"":false,""type"":""Point"",""coordinates"":[106.78722939970812,-6.15795127263932]}"
458_0,1,-6.15795127263932,106.79621255254932,0.03798095230016249,1.3073238714657862E-4,0.11796860531151442,3.6482545093564504E-5,"{""geodesic"":false,""type"":""Point"",""coordinates"":[106.79621255254932,-6.15795127263932]}"
459_0,1,-6.15795127263932,106.80519570539052,0.03799967890550641,1.306030758178305E-4,0.1179721316800011,5.7196036906261195E-5,"{""geodesic"":false,""type"":""Point"",""coordinates"":[106.80519570539052,-6.15795127263932]}"
460_0,1,-6.15795127263932,106.81417885823171,0.038228441411557554,1.2077054831315729E-4,0.11795687302956726,3.844752399606529E-5,"{""geodesic"":false,""type"":""Point"",""coordinates"":[106.81417885823171,-6.15795127263932]}"
461_0,1,-6.15795127263932,106.82316201107291,0.03787066414950004,1.2280777197671474E-4,0.11796651930078468,6.79186964673217E-5,"{""geodesic"":false,""type"":""Point"",""coordinates"":[106.82316201107291,-6.15795127263932]}"
462_0,1,-6.15795127263932,106.83214516391409,0.03745738163687209,1.2308715418863348E-4,0.11795925245816986,6.773057483432213E-5,"{""geodesic"":false,""type"":""Point"",""coordinates"":[106.83214516391409,-6.15795127263932]}"
463_0,1,-6.15795127263932,106.84112831675529,0.03699967953634599,1.2069638250960839E-4,0.11796124418651062,7.02772591851782E-5,"{""geodesic"":false,""type"":""Point"",""coordinates"":[106.84112831675529,-6.15795127263932]}"
464_0,1,-6.15795127263932,106.85011146959648,0.03700688992049617,1.2310072391596993E-4,0.11797448024097813,6.984274427053827E-5,"{""geodesic"":false,""type"":""Point"",""coordinates"":[106.85011146959648,-6.15795127263932]}"
465_0,1,-6.15795127263932,106.85909462243768,0.03700688992049617,1.2310072391596993E-4,0.11797448024097813,6.984274427053827E-5,"{""geodesic"":false,""type"":""Point"",""coordinates"":[106.85909462243768,-6.15795127263932]}"
466_0,1,-6.15795127263932,106.86807777527888,0.03673981370627281,1.1749788948640226E-4,0.11798717183619496,7.004110244817416E-5,"{""geodesic"":false,""type"":""Point"",""coordinates"":[106.86807777527888,-6.15795127263932]}"
467_0,1,-6.15795127263932,106.87706092812007,0.03699139366875707,1.1149114466063371E-4,0.11798176253356002,8.344150386292683E-5,"{""geodesic"":false,""type"":""Point"",""coordinates"":[106.87706092812007,-6.15795127263932]}"
468_0,1,-6.15795127263932,106.88604408096127,0.03675692815481485,1.0789400790578147E-4,0.1178648484874632,7.0404612739453E-5,"{""geodesic"":false,""type"":""Point"",""coordinates"":[106.88604408096127,-6.15795127263932]}"
469_0,1,-6.15795127263932,106.89502723380247,0.03671560622749508,9.978366572415044E-5,0.1179285208606177,8.441829370766376E-5,"{""geodesic"":false,""type"":""Point"",""coordinates"":[106.89502723380247,-6.15795127263932]}"
470_0,1,-6.15795127263932,106.90401038664366,0.03662214446905861,9.06584828043019E-5,0.11792435820259023,8.198541744231354E-5,"{""geodesic"":false,""type"":""Point"",""coordinates"":[106.90401038664366,-6.15795127263932]}"
471_0,1,-6.15795127263932,106.91299353948486,0.03650115003720444,8.273982219818483E-5,0.1179812336468635,7.072096622044668E-5,"{""geodesic"":false,""type"":""Point"",""coordinates"":[106.91299353948486,-6.15795127263932]}"
472_0,1,-6.15795127263932,106.92197669232606,0.03626773891597604,7.907495995709704E-5,0.11798709872274055,5.312077888830529E-5,"{""geodesic"":false,""type"":""Point"",""coordinates"":[106.92197669232606,-6.15795127263932]}"
473_0,1,-6.15795127263932,106.93095984516725,0.0359113804574958,7.73366634237575E-5,0.11799588513380581,3.603642107921816E-5,"{""geodesic"":false,""type"":""Point"",""coordinates"":[106.93095984516725,-6.15795127263932]}"
474_0,1,-6.15795127263932,106.93994299800845,0.0359113804574958,7.73366634237575E-5,0.11799588513380581,3.603642107921816E-5,"{""geodesic"":false,""type"":""Point"",""coordinates"":[106.93994299800845,-6.15795127263932]}"
475_0,1,-6.15795127263932,106.94892615084963,0.035991596468423745,7.111381182705439E-5,0.11799223742400355,2.8172274596710307E-5,"{""geodesic"":false,""type"":""Point"",""coordinates"":[106.94892615084963,-6.15795127263932]}"
476_0,1,-6.15795127263932,106.95790930369083,0.03558063954662899,6.809402705429209E-5,0.11798782515407591,2.0090476866352E-5,"{""geodesic"":false,""type"":""Point"",""coordinates"":[106.95790930369083,-6.15795127263932]}"
477_0,1,-6.15795127263932,106.96689245653202,0.03568051941690687,6.64791812671055E-5,0.1178619835552987,7.352133483915416E-6,"{""geodesic"":false,""type"":""Point"",""coordinates"":[106.96689245653202,-6.15795127263932]}"
478_0,1,-6.148968119798125,106.68841471845498,0.039173192502224875,9.275897851467739E-5,0.11798090353625239,3.515988467013362E-5,"{""geodesic"":false,""type"":""Point"",""coordinates"":[106.68841471845498,-6.148968119798125]}"
479_0,1,-6.148968119798125,106.69739787129618,0.03916132364016974,9.58858260385944E-5,0.11798995718661438,3.9581463042523865E-5,"{""geodesic"":false,""type"":""Point"",""coordinates"":[106.69739787129618,-6.148968119798125]}"
480_0,1,-6.148968119798125,106.70638102413737,0.039258468549587776,9.857948014675195E-5,0.11797378400938449,3.861465161764206E-5,"{""geodesic"":false,""type"":""Point"",""coordinates"":[106.70638102413737,-6.148968119798125]}"
481_0,1,-6.148968119798125,106.71536417697857,0.03919096378816918,1.0185449241581588E-4,0.11811645189680002,5.376046177664169E-5,"{""geodesic"":false,""type"":""Point"",""coordinates"":[106.71536417697857,-6.148968119798125]}"
482_0,1,-6.148968119798125,106.72434732981975,0.03909544912293812,1.0179814944711442E-4,0.11796935424250411,7.123347287807459E-5,"{""geodesic"":false,""type"":""Point"",""coordinates"":[106.72434732981975,-6.148968119798125]}"
483_0,1,-6.148968119798125,106.73333048266095,0.03880668462567732,1.0755788194677623E-4,0.11796374631181056,4.96408677654856E-5,"{""geodesic"":false,""type"":""Point"",""coordinates"":[106.73333048266095,-6.148968119798125]}"
484_0,1,-6.148968119798125,106.74231363550214,0.03867550527387757,1.1150544627981586E-4,0.11785218187613386,3.8985127394920595E-5,"{""geodesic"":false,""type"":""Point"",""coordinates"":[106.74231363550214,-6.148968119798125]}"
485_0,1,-6.148968119798125,106.75129678834334,0.03850994487029749,1.1295566767223387E-4,0.11785517184409881,3.859157556595209E-5,"{""geodesic"":false,""type"":""Point"",""coordinates"":[106.75129678834334,-6.148968119798125]}"
486_0,1,-6.148968119798125,106.76027994118454,0.03837191657318642,1.2102760927715795E-4,0.11786552244755867,1.7884310129889953E-5,"{""geodesic"":false,""type"":""Point"",""coordinates"":[106.76027994118454,-6.148968119798125]}"
487_0,1,-6.148968119798125,106.76926309402573,0.03837191657318642,1.2102760927715795E-4,0.11786552244755867,1.7884310129889953E-5,"{""geodesic"":false,""type"":""Point"",""coordinates"":[106.76926309402573,-6.148968119798125]}"
488_0,1,-6.148968119798125,106.77824624686693,0.03846372603114599,1.2183447506678893E-4,0.11796708817400298,3.492466209421246E-5,"{""geodesic"":false,""type"":""Point"",""coordinates"":[106.77824624686693,-6.148968119798125]}"
489_0,1,-6.148968119798125,106.78722939970812,0.03839309141037543,1.249510059706821E-4,0.11797093728085405,3.485828727786357E-5,"{""geodesic"":false,""type"":""Point"",""coordinates"":[106.78722939970812,-6.148968119798125]}"
490_0,1,-6.148968119798125,106.79621255254932,0.03821546718763045,1.2265135762100149E-4,0.11797555053284689,1.3365217109543439E-5,"{""geodesic"":false,""type"":""Point"",""coordinates"":[106.79621255254932,-6.148968119798125]}"
491_0,1,-6.148968119798125,106.80519570539052,0.03872027335431842,1.2138697451751224E-4,0.11797308702691162,2.3860417476205287E-5,"{""geodesic"":false,""type"":""Point"",""coordinates"":[106.80519570539052,-6.148968119798125]}"
492_0,1,-6.148968119798125,106.81417885823171,0.03821546658258673,1.2130988182209194E-4,0.11797735422805468,6.243367139368624E-6,"{""geodesic"":false,""type"":""Point"",""coordinates"":[106.81417885823171,-6.148968119798125]}"
493_0,1,-6.148968119798125,106.82316201107291,0.03794288146735022,1.2082679200133231E-4,0.11796999779809762,3.703989050020389E-5,"{""geodesic"":false,""type"":""Point"",""coordinates"":[106.82316201107291,-6.148968119798125]}"
494_0,1,-6.148968119798125,106.83214516391409,0.03746138140565265,1.1922729666850522E-4,0.11796977638540042,3.9603696020804014E-5,"{""geodesic"":false,""type"":""Point"",""coordinates"":[106.83214516391409,-6.148968119798125]}"
495_0,1,-6.148968119798125,106.84112831675529,0.03723596725956886,1.1905969674120599E-4,0.11796703003280617,5.3197609611968346E-5,"{""geodesic"":false,""type"":""Point"",""coordinates"":[106.84112831675529,-6.148968119798125]}"
496_0,1,-6.148968119798125,106.85011146959648,0.03673773665285148,1.1915739400598573E-4,0.11797614634182302,5.5654664652049604E-5,"{""geodesic"":false,""type"":""Point"",""coordinates"":[106.85011146959648,-6.148968119798125]}"
497_0,1,-6.148968119798125,106.85909462243768,0.03673773665285148,1.1915739400598573E-4,0.11797614634182302,5.5654664652049604E-5,"{""geodesic"":false,""type"":""Point"",""coordinates"":[106.85909462243768,-6.148968119798125]}"
498_0,1,-6.148968119798125,106.86807777527888,0.03673252985704826,1.1551929919157598E-4,0.11797347337489517,6.227030140409646E-5,"{""geodesic"":false,""type"":""Point"",""coordinates"":[106.86807777527888,-6.148968119798125]}"
499_0,1,-6.148968119798125,106.87706092812007,0.03698076479706822,1.0991821689434938E-4,0.1178493440697395,6.927784223272363E-5,"{""geodesic"":false,""type"":""Point"",""coordinates"":[106.87706092812007,-6.148968119798125]}"
500_0,1,-6.148968119798125,106.88604408096127,0.03667508194231317,1.0411072972855078E-4,0.11788485760655555,6.895464243761608E-5,"{""geodesic"":false,""type"":""Point"",""coordinates"":[106.88604408096127,-6.148968119798125]}"
501_0,1,-6.148968119798125,106.89502723380247,0.03666961204377501,9.618403989267896E-5,0.11788563448673198,8.321850569157141E-5,"{""geodesic"":false,""type"":""Point"",""coordinates"":[106.89502723380247,-6.148968119798125]}"
502_0,1,-6.148968119798125,106.90401038664366,0.036530435085245505,8.86795872549527E-5,0.11792473648783607,6.754511310574163E-5,"{""geodesic"":false,""type"":""Point"",""coordinates"":[106.90401038664366,-6.148968119798125]}"
503_0,1,-6.148968119798125,106.91299353948486,0.03649623300295055,8.312346666699636E-5,0.11786191714502249,8.439457540267632E-5,"{""geodesic"":false,""type"":""Point"",""coordinates"":[106.91299353948486,-6.148968119798125]}"
504_0,1,-6.148968119798125,106.92197669232606,0.036094389855839994,7.932737868076117E-5,0.11798962820908707,5.360373095153276E-5,"{""geodesic"":false,""type"":""Point"",""coordinates"":[106.92197669232606,-6.148968119798125]}"
505_0,1,-6.148968119798125,106.93095984516725,0.03612823721749689,7.284959282260838E-5,0.11797601718877027,4.285006218624816E-5,"{""geodesic"":false,""type"":""Point"",""coordinates"":[106.93095984516725,-6.148968119798125]}"
506_0,1,-6.148968119798125,106.93994299800845,0.03612823721749689,7.284959282260838E-5,0.11797601718877027,4.285006218624816E-5,"{""geodesic"":false,""type"":""Point"",""coordinates"":[106.93994299800845,-6.148968119798125]}"
507_0,1,-6.148968119798125,106.94892615084963,0.03604701008928352,7.107425066448616E-5,0.11797023269766409,4.572869163366637E-5,"{""geodesic"":false,""type"":""Point"",""coordinates"":[106.94892615084963,-6.148968119798125]}"
508_0,1,-6.148968119798125,106.95790930369083,0.03597453924173748,6.594572311157898E-5,0.11785888696401399,2.2480026632070472E-5,"{""geodesic"":false,""type"":""Point"",""coordinates"":[106.95790930369083,-6.148968119798125]}"
509_0,1,-6.148968119798125,106.96689245653202,0.03600518532178356,6.226614090915171E-5,0.11785931598558556,1.141716123157453E-5,"{""geodesic"":false,""type"":""Point"",""coordinates"":[106.96689245653202,-6.148968119798125]}"
510_0,1,-6.13998496695693,106.69739787129618,0.03890125950183467,9.27096633451022E-5,0.11798698657616086,3.608161216664399E-5,"{""geodesic"":false,""type"":""Point"",""coordinates"":[106.69739787129618,-6.13998496695693]}"
511_0,1,-6.13998496695693,106.70638102413737,0.039152255551364645,9.344337311752827E-5,0.11799400019934633,2.174637347070912E-5,"{""geodesic"":false,""type"":""Point"",""coordinates"":[106.70638102413737,-6.13998496695693]}"
512_0,1,-6.13998496695693,106.71536417697857,0.039207870949462195,9.456336540143011E-5,0.11799408034297103,6.644779201478876E-5,"{""geodesic"":false,""type"":""Point"",""coordinates"":[106.71536417697857,-6.13998496695693]}"
513_0,1,-6.13998496695693,106.72434732981975,0.03907538736933467,9.631962097789847E-5,0.11796280746701311,4.379027357115787E-5,"{""geodesic"":false,""type"":""Point"",""coordinates"":[106.72434732981975,-6.13998496695693]}"
514_0,1,-6.13998496695693,106.73333048266095,0.038994430710119266,9.991104383596547E-5,0.11795282272834616,3.494847867762717E-5,"{""geodesic"":false,""type"":""Point"",""coordinates"":[106.73333048266095,-6.13998496695693]}"
515_0,1,-6.13998496695693,106.74231363550214,0.03865762526917983,1.0744865730378031E-4,0.11797665209099305,3.664906217543331E-5,"{""geodesic"":false,""type"":""Point"",""coordinates"":[106.74231363550214,-6.13998496695693]}"
516_0,1,-6.13998496695693,106.75129678834334,0.038643064266124565,1.1074437582875666E-4,0.11797342545509641,1.7349364394290197E-5,"{""geodesic"":false,""type"":""Point"",""coordinates"":[106.75129678834334,-6.13998496695693]}"
517_0,1,-6.13998496695693,106.76027994118454,0.0386547390848268,1.119757426407084E-4,0.11795924452023154,2.552367794393156E-5,"{""geodesic"":false,""type"":""Point"",""coordinates"":[106.76027994118454,-6.13998496695693]}"
518_0,1,-6.13998496695693,106.76926309402573,0.0386547390848268,1.119757426407084E-4,0.11795924452023154,2.552367794393156E-5,"{""geodesic"":false,""type"":""Point"",""coordinates"":[106.76926309402573,-6.13998496695693]}"
519_0,1,-6.13998496695693,106.77824624686693,0.03857325870454646,1.1374247270957481E-4,0.11796843190824538,2.2213366147665046E-5,"{""geodesic"":false,""type"":""Point"",""coordinates"":[106.77824624686693,-6.13998496695693]}"
520_0,1,-6.13998496695693,106.78722939970812,0.038560001360772506,1.1417668328234364E-4,0.11797222576825891,2.466585338984607E-5,"{""geodesic"":false,""type"":""Point"",""coordinates"":[106.78722939970812,-6.13998496695693]}"
521_0,1,-6.13998496695693,106.79621255254932,0.03854448309866336,1.139135135995367E-4,0.11796718718600648,5.2455475838463955E-6,"{""geodesic"":false,""type"":""Point"",""coordinates"":[106.79621255254932,-6.13998496695693]}"
522_0,1,-6.13998496695693,106.80519570539052,0.038692277465847115,1.1592588703028851E-4,0.11797286563276912,3.0121130326642966E-5,"{""geodesic"":false,""type"":""Point"",""coordinates"":[106.80519570539052,-6.13998496695693]}"
523_0,1,-6.13998496695693,106.81417885823171,0.038071833796989016,1.0889777988147819E-4,0.11797836672867112,-1.0038607160141069E-5,"{""geodesic"":false,""type"":""Point"",""coordinates"":[106.81417885823171,-6.13998496695693]}"
524_0,1,-6.13998496695693,106.82316201107291,0.03773543824753567,1.1130347627595103E-4,0.11797319584619856,8.951549458565125E-6,"{""geodesic"":false,""type"":""Point"",""coordinates"":[106.82316201107291,-6.13998496695693]}"
525_0,1,-6.13998496695693,106.83214516391409,0.03746138109972978,1.1320058097228553E-4,0.1180403710863418,1.0517116981973695E-5,"{""geodesic"":false,""type"":""Point"",""coordinates"":[106.83214516391409,-6.13998496695693]}"
526_0,1,-6.13998496695693,106.84112831675529,0.03719829680119609,1.1334969025490109E-4,0.11797889816945178,9.722211103294596E-6,"{""geodesic"":false,""type"":""Point"",""coordinates"":[106.84112831675529,-6.13998496695693]}"
527_0,1,-6.13998496695693,106.85011146959648,0.036971955591229524,1.129390491709391E-4,0.11798253944844535,3.4753021906419527E-5,"{""geodesic"":false,""type"":""Point"",""coordinates"":[106.85011146959648,-6.13998496695693]}"
528_0,1,-6.13998496695693,106.85909462243768,0.036971955591229524,1.129390491709391E-4,0.11798253944844535,3.4753021906419527E-5,"{""geodesic"":false,""type"":""Point"",""coordinates"":[106.85909462243768,-6.13998496695693]}"
529_0,1,-6.13998496695693,106.86807777527888,0.036726243846144604,1.0804498053040307E-4,0.11791385042747357,5.4170993405948395E-5,"{""geodesic"":false,""type"":""Point"",""coordinates"":[106.86807777527888,-6.13998496695693]}"
530_0,1,-6.13998496695693,106.87706092812007,0.036659495595040476,1.042833826126233E-4,0.11797009467753979,6.891151468999832E-5,"{""geodesic"":false,""type"":""Point"",""coordinates"":[106.87706092812007,-6.13998496695693]}"
531_0,1,-6.13998496695693,106.88604408096127,0.03665444751578029,9.979886882182453E-5,0.11787233253311934,6.883547916253422E-5,"{""geodesic"":false,""type"":""Point"",""coordinates"":[106.88604408096127,-6.13998496695693]}"
532_0,1,-6.13998496695693,106.89502723380247,0.036697841933530664,9.256957047164823E-5,0.11787423520808553,6.924791393529144E-5,"{""geodesic"":false,""type"":""Point"",""coordinates"":[106.89502723380247,-6.13998496695693]}"
533_0,1,-6.13998496695693,106.90401038664366,0.03647406133892767,8.284171983774376E-5,0.11788004563317461,6.974194998983287E-5,"{""geodesic"":false,""type"":""Point"",""coordinates"":[106.90401038664366,-6.13998496695693]}"
534_0,1,-6.13998496695693,106.91299353948486,0.03624189137200126,7.916378749762546E-5,0.11788678314236589,8.386594317444113E-5,"{""geodesic"":false,""type"":""Point"",""coordinates"":[106.91299353948486,-6.13998496695693]}"
535_0,1,-6.13998496695693,106.92197669232606,0.036235546402160784,7.549840712101838E-5,0.11795441123039707,7.161905894388117E-5,"{""geodesic"":false,""type"":""Point"",""coordinates"":[106.92197669232606,-6.13998496695693]}"
536_0,1,-6.13998496695693,106.93095984516725,0.036016133175827046,7.27424597478065E-5,0.11797756939382739,5.3865054235614264E-5,"{""geodesic"":false,""type"":""Point"",""coordinates"":[106.93095984516725,-6.13998496695693]}"
537_0,1,-6.13998496695693,106.93994299800845,0.036016133175827046,7.27424597478065E-5,0.11797756939382739,5.3865054235614264E-5,"{""geodesic"":false,""type"":""Point"",""coordinates"":[106.93994299800845,-6.13998496695693]}"
538_0,1,-6.13998496695693,106.94892615084963,0.036064299676268674,6.97188118210362E-5,0.11797766711294694,1.9224164567519074E-5,"{""geodesic"":false,""type"":""Point"",""coordinates"":[106.94892615084963,-6.13998496695693]}"
539_0,1,-6.13998496695693,106.95790930369083,0.03576123265774162,6.363572902036671E-5,0.11796817461849128,2.2061163498760694E-5,"{""geodesic"":false,""type"":""Point"",""coordinates"":[106.95790930369083,-6.13998496695693]}"
540_0,1,-6.13998496695693,106.96689245653202,0.0360351879871581,6.136052838484693E-5,0.11784945546650404,8.015619596155951E-6,"{""geodesic"":false,""type"":""Point"",""coordinates"":[106.96689245653202,-6.13998496695693]}"
541_0,1,-6.131001814115734,106.68841471845498,0.038612088809353254,9.052484906771086E-5,0.11798014336669092,1.6685726954509163E-5,"{""geodesic"":false,""type"":""Point"",""coordinates"":[106.68841471845498,-6.131001814115734]}"
542_0,1,-6.131001814115734,106.69739787129618,0.03890125950183467,9.27096633451022E-5,0.11798698657616086,3.608161216664399E-5,"{""geodesic"":false,""type"":""Point"",""coordinates"":[106.69739787129618,-6.131001814115734]}"
543_0,1,-6.131001814115734,106.70638102413737,0.039152255551364645,9.344337311752827E-5,0.11799400019934633,2.174637347070912E-5,"{""geodesic"":false,""type"":""Point"",""coordinates"":[106.70638102413737,-6.131001814115734]}"
544_0,1,-6.131001814115734,106.71536417697857,0.039207870949462195,9.456336540143011E-5,0.11799408034297103,6.644779201478876E-5,"{""geodesic"":false,""type"":""Point"",""coordinates"":[106.71536417697857,-6.131001814115734]}"
545_0,1,-6.131001814115734,106.72434732981975,0.03907538736933467,9.631962097789847E-5,0.11796280746701311,4.379027357115787E-5,"{""geodesic"":false,""type"":""Point"",""coordinates"":[106.72434732981975,-6.131001814115734]}"
546_0,1,-6.131001814115734,106.73333048266095,0.038994430710119266,9.991104383596547E-5,0.11795282272834616,3.494847867762717E-5,"{""geodesic"":false,""type"":""Point"",""coordinates"":[106.73333048266095,-6.131001814115734]}"
547_0,1,-6.131001814115734,106.74231363550214,0.03865762526917983,1.0744865730378031E-4,0.11797665209099305,3.664906217543331E-5,"{""geodesic"":false,""type"":""Point"",""coordinates"":[106.74231363550214,-6.131001814115734]}"
548_0,1,-6.131001814115734,106.75129678834334,0.038643064266124565,1.1074437582875666E-4,0.11797342545509641,1.7349364394290197E-5,"{""geodesic"":false,""type"":""Point"",""coordinates"":[106.75129678834334,-6.131001814115734]}"
549_0,1,-6.131001814115734,106.76027994118454,0.0386547390848268,1.119757426407084E-4,0.11795924452023154,2.552367794393156E-5,"{""geodesic"":false,""type"":""Point"",""coordinates"":[106.76027994118454,-6.131001814115734]}"
550_0,1,-6.131001814115734,106.76926309402573,0.0386547390848268,1.119757426407084E-4,0.11795924452023154,2.552367794393156E-5,"{""geodesic"":false,""type"":""Point"",""coordinates"":[106.76926309402573,-6.131001814115734]}"
551_0,1,-6.131001814115734,106.77824624686693,0.03857325870454646,1.1374247270957481E-4,0.11796843190824538,2.2213366147665046E-5,"{""geodesic"":false,""type"":""Point"",""coordinates"":[106.77824624686693,-6.131001814115734]}"
552_0,1,-6.131001814115734,106.78722939970812,0.038560001360772506,1.1417668328234364E-4,0.11797222576825891,2.466585338984607E-5,"{""geodesic"":false,""type"":""Point"",""coordinates"":[106.78722939970812,-6.131001814115734]}"
553_0,1,-6.131001814115734,106.79621255254932,0.03854448309866336,1.139135135995367E-4,0.11796718718600648,5.2455475838463955E-6,"{""geodesic"":false,""type"":""Point"",""coordinates"":[106.79621255254932,-6.131001814115734]}"
554_0,1,-6.131001814115734,106.80519570539052,0.038692277465847115,1.1592588703028851E-4,0.11797286563276912,3.0121130326642966E-5,"{""geodesic"":false,""type"":""Point"",""coordinates"":[106.80519570539052,-6.131001814115734]}"
555_0,1,-6.131001814115734,106.81417885823171,0.038071833796989016,1.0889777988147819E-4,0.11797836672867112,-1.0038607160141069E-5,"{""geodesic"":false,""type"":""Point"",""coordinates"":[106.81417885823171,-6.131001814115734]}"
556_0,1,-6.131001814115734,106.82316201107291,0.03773543824753567,1.1130347627595103E-4,0.11797319584619856,8.951549458565125E-6,"{""geodesic"":false,""type"":""Point"",""coordinates"":[106.82316201107291,-6.131001814115734]}"
557_0,1,-6.131001814115734,106.83214516391409,0.03746138109972978,1.1320058097228553E-4,0.1180403710863418,1.0517116981973695E-5,"{""geodesic"":false,""type"":""Point"",""coordinates"":[106.83214516391409,-6.131001814115734]}"
558_0,1,-6.131001814115734,106.84112831675529,0.03719829680119609,1.1334969025490109E-4,0.11797889816945178,9.722211103294596E-6,"{""geodesic"":false,""type"":""Point"",""coordinates"":[106.84112831675529,-6.131001814115734]}"
559_0,1,-6.131001814115734,106.85011146959648,0.036971955591229524,1.129390491709391E-4,0.11798253944844535,3.4753021906419527E-5,"{""geodesic"":false,""type"":""Point"",""coordinates"":[106.85011146959648,-6.131001814115734]}"
560_0,1,-6.131001814115734,106.85909462243768,0.036971955591229524,1.129390491709391E-4,0.11798253944844535,3.4753021906419527E-5,"{""geodesic"":false,""type"":""Point"",""coordinates"":[106.85909462243768,-6.131001814115734]}"
561_0,1,-6.131001814115734,106.86807777527888,0.036726243846144604,1.0804498053040307E-4,0.11791385042747357,5.4170993405948395E-5,"{""geodesic"":false,""type"":""Point"",""coordinates"":[106.86807777527888,-6.131001814115734]}"
562_0,1,-6.131001814115734,106.87706092812007,0.036659495595040476,1.042833826126233E-4,0.11797009467753979,6.891151468999832E-5,"{""geodesic"":false,""type"":""Point"",""coordinates"":[106.87706092812007,-6.131001814115734]}"
563_0,1,-6.131001814115734,106.88604408096127,0.03665444751578029,9.979886882182453E-5,0.11787233253311934,6.883547916253422E-5,"{""geodesic"":false,""type"":""Point"",""coordinates"":[106.88604408096127,-6.131001814115734]}"
564_0,1,-6.131001814115734,106.89502723380247,0.036697841933530664,9.256957047164823E-5,0.11787423520808553,6.924791393529144E-5,"{""geodesic"":false,""type"":""Point"",""coordinates"":[106.89502723380247,-6.131001814115734]}"
565_0,1,-6.131001814115734,106.90401038664366,0.03647406133892767,8.284171983774376E-5,0.11788004563317461,6.974194998983287E-5,"{""geodesic"":false,""type"":""Point"",""coordinates"":[106.90401038664366,-6.131001814115734]}"
566_0,1,-6.131001814115734,106.91299353948486,0.03624189137200126,7.916378749762546E-5,0.11788678314236589,8.386594317444113E-5,"{""geodesic"":false,""type"":""Point"",""coordinates"":[106.91299353948486,-6.131001814115734]}"
567_0,1,-6.131001814115734,106.92197669232606,0.036235546402160784,7.549840712101838E-5,0.11795441123039707,7.161905894388117E-5,"{""geodesic"":false,""type"":""Point"",""coordinates"":[106.92197669232606,-6.131001814115734]}"
568_0,1,-6.131001814115734,106.93095984516725,0.036016133175827046,7.27424597478065E-5,0.11797756939382739,5.3865054235614264E-5,"{""geodesic"":false,""type"":""Point"",""coordinates"":[106.93095984516725,-6.131001814115734]}"
569_0,1,-6.131001814115734,106.93994299800845,0.036016133175827046,7.27424597478065E-5,0.11797756939382739,5.3865054235614264E-5,"{""geodesic"":false,""type"":""Point"",""coordinates"":[106.93994299800845,-6.131001814115734]}"
570_0,1,-6.131001814115734,106.94892615084963,0.036064299676268674,6.97188118210362E-5,0.11797766711294694,1.9224164567519074E-5,"{""geodesic"":false,""type"":""Point"",""coordinates"":[106.94892615084963,-6.131001814115734]}"
571_0,1,-6.131001814115734,106.95790930369083,0.03576123265774162,6.363572902036671E-5,0.11796817461849128,2.2061163498760694E-5,"{""geodesic"":false,""type"":""Point"",""coordinates"":[106.95790930369083,-6.131001814115734]}"
572_0,1,-6.131001814115734,106.96689245653202,0.0360351879871581,6.136052838484693E-5,0.11784945546650404,8.015619596155951E-6,"{""geodesic"":false,""type"":""Point"",""coordinates"":[106.96689245653202,-6.131001814115734]}"
573_0,1,-6.122018661274539,106.68841471845498,0.03852836268175863,8.699921949807805E-5,0.11796469209979571,2.802912055841113E-5,"{""geodesic"":false,""type"":""Point"",""coordinates"":[106.68841471845498,-6.122018661274539]}"
574_0,1,-6.122018661274539,106.69739787129618,0.03863010182974403,8.871505770149104E-5,0.11797570736647253,5.453666129886104E-5,"{""geodesic"":false,""type"":""Point"",""coordinates"":[106.69739787129618,-6.122018661274539]}"
575_0,1,-6.122018661274539,106.70638102413737,0.03864764204452996,8.882187542937779E-5,0.11799010051766344,6.975478715895637E-5,"{""geodesic"":false,""type"":""Point"",""coordinates"":[106.70638102413737,-6.122018661274539]}"
576_0,1,-6.122018661274539,106.71536417697857,0.03892656858972261,9.055481207298537E-5,0.11786133402259134,8.324381199848892E-5,"{""geodesic"":false,""type"":""Point"",""coordinates"":[106.71536417697857,-6.122018661274539]}"
577_0,1,-6.122018661274539,106.72434732981975,0.0389127336576428,9.254785822990296E-5,0.11798337120358378,3.405686220501367E-5,"{""geodesic"":false,""type"":""Point"",""coordinates"":[106.72434732981975,-6.122018661274539]}"
578_0,1,-6.122018661274539,106.73333048266095,0.03865137818543221,9.449873523257867E-5,0.11799336835283175,4.470904260442724E-5,"{""geodesic"":false,""type"":""Point"",""coordinates"":[106.73333048266095,-6.122018661274539]}"
579_0,1,-6.122018661274539,106.74231363550214,0.038927064986975006,9.744426014830487E-5,0.1179612576960809,3.710250726638847E-5,"{""geodesic"":false,""type"":""Point"",""coordinates"":[106.74231363550214,-6.122018661274539]}"
580_0,1,-6.122018661274539,106.75129678834334,0.03868431673320121,1.0211857669243509E-4,0.117982479543552,4.177396026197843E-5,"{""geodesic"":false,""type"":""Point"",""coordinates"":[106.75129678834334,-6.122018661274539]}"
581_0,1,-6.122018661274539,106.76027994118454,0.03867227631121628,1.0439934879410482E-4,0.11797913685092294,4.014390106025187E-5,"{""geodesic"":false,""type"":""Point"",""coordinates"":[106.76027994118454,-6.122018661274539]}"
582_0,1,-6.122018661274539,106.76926309402573,0.03867227631121628,1.0439934879410482E-4,0.11797913685092294,4.014390106025187E-5,"{""geodesic"":false,""type"":""Point"",""coordinates"":[106.76926309402573,-6.122018661274539]}"
583_0,1,-6.122018661274539,106.77824624686693,0.03867608410628252,1.0369435511384432E-4,0.1179667402272756,2.2138940039426767E-5,"{""geodesic"":false,""type"":""Point"",""coordinates"":[106.77824624686693,-6.122018661274539]}"
584_0,1,-6.122018661274539,106.78722939970812,0.03865856025365654,1.0816053007303254E-4,0.11796278438777776,7.098971128415093E-6,"{""geodesic"":false,""type"":""Point"",""coordinates"":[106.78722939970812,-6.122018661274539]}"
585_0,1,-6.122018661274539,106.79621255254932,0.03865856025371148,1.0387756470745205E-4,0.11797241886581321,4.721690391937985E-6,"{""geodesic"":false,""type"":""Point"",""coordinates"":[106.79621255254932,-6.122018661274539]}"
586_0,1,-6.122018661274539,106.80519570539052,0.03867563870011594,1.0359251896563462E-4,0.11797594699529669,7.862535457774437E-6,"{""geodesic"":false,""type"":""Point"",""coordinates"":[106.80519570539052,-6.122018661274539]}"
587_0,1,-6.122018661274539,106.81417885823171,0.038225490441245236,9.931095872899364E-5,0.11796540180453893,-8.687971615843674E-6,"{""geodesic"":false,""type"":""Point"",""coordinates"":[106.81417885823171,-6.122018661274539]}"
588_0,1,-6.122018661274539,106.82316201107291,0.03798330528497626,1.0017567487946095E-4,0.11796320368501031,-8.629779609687211E-6,"{""geodesic"":false,""type"":""Point"",""coordinates"":[106.82316201107291,-6.122018661274539]}"
589_0,1,-6.122018661274539,106.84112831675529,0.0371646862476544,1.0014575855018451E-4,0.11797150283936739,2.199243420021151E-5,"{""geodesic"":false,""type"":""Point"",""coordinates"":[106.84112831675529,-6.122018661274539]}"
590_0,1,-6.122018661274539,106.85011146959648,0.03697179186674275,1.002880193961523E-4,0.11796954460434983,2.2853338657620396E-5,"{""geodesic"":false,""type"":""Point"",""coordinates"":[106.85011146959648,-6.122018661274539]}"
591_0,1,-6.122018661274539,106.85909462243768,0.03697179186674275,1.002880193961523E-4,0.11796954460434983,2.2853338657620396E-5,"{""geodesic"":false,""type"":""Point"",""coordinates"":[106.85909462243768,-6.122018661274539]}"
592_0,1,-6.122018661274539,106.86807777527888,0.036956326213100146,9.814693004168253E-5,0.11787680466504058,2.8021076279565775E-5,"{""geodesic"":false,""type"":""Point"",""coordinates"":[106.86807777527888,-6.122018661274539]}"
593_0,1,-6.122018661274539,106.87706092812007,0.036672682011851906,9.605448441769525E-5,0.11798432533150519,5.5150352323752704E-5,"{""geodesic"":false,""type"":""Point"",""coordinates"":[106.87706092812007,-6.122018661274539]}"
594_0,1,-6.122018661274539,106.88604408096127,0.03669761212729147,9.285799448752641E-5,0.11788104154765545,5.445647711142281E-5,"{""geodesic"":false,""type"":""Point"",""coordinates"":[106.88604408096127,-6.122018661274539]}"
595_0,1,-6.122018661274539,106.89502723380247,0.036577522284506406,8.492823326373031E-5,0.11786946429239456,6.830467359880385E-5,"{""geodesic"":false,""type"":""Point"",""coordinates"":[106.89502723380247,-6.122018661274539]}"
596_0,1,-6.122018661274539,106.90401038664366,0.03644371032709742,7.909380098975656E-5,0.11787771889200015,8.407057518415427E-5,"{""geodesic"":false,""type"":""Point"",""coordinates"":[106.90401038664366,-6.122018661274539]}"
597_0,1,-6.122018661274539,106.91299353948486,0.036451369524061125,7.516588414280492E-5,0.11780665187507441,8.188930862376878E-5,"{""geodesic"":false,""type"":""Point"",""coordinates"":[106.91299353948486,-6.122018661274539]}"
598_0,1,-6.122018661274539,106.92197669232606,0.036357000135401385,7.326688760735326E-5,0.11787333748659487,4.1634076052215586E-5,"{""geodesic"":false,""type"":""Point"",""coordinates"":[106.92197669232606,-6.122018661274539]}"
599_0,1,-6.122018661274539,106.93095984516725,0.03612817238873948,7.044950507412393E-5,0.11787412509666681,5.487123952204195E-5,"{""geodesic"":false,""type"":""Point"",""coordinates"":[106.93095984516725,-6.122018661274539]}"
600_0,1,-6.122018661274539,106.93994299800845,0.03612817238873948,7.044950507412393E-5,0.11787412509666681,5.487123952204195E-5,"{""geodesic"":false,""type"":""Point"",""coordinates"":[106.93994299800845,-6.122018661274539]}"
601_0,1,-6.122018661274539,106.94892615084963,0.0355848351056657,6.638668441191834E-5,0.1179812790850832,5.898391482490593E-6,"{""geodesic"":false,""type"":""Point"",""coordinates"":[106.94892615084963,-6.122018661274539]}"
602_0,1,-6.122018661274539,106.95790930369083,0.03553143944894227,6.335064244927449E-5,0.11799006724076866,6.604586187072168E-6,"{""geodesic"":false,""type"":""Point"",""coordinates"":[106.95790930369083,-6.122018661274539]}"
603_0,1,-6.122018661274539,106.96689245653202,0.03579186685415171,6.145730001055332E-5,0.11786228370994078,8.491381999611477E-6,"{""geodesic"":false,""type"":""Point"",""coordinates"":[106.96689245653202,-6.122018661274539]}"
604_0,1,-6.113035508433344,106.69739787129618,0.03878015391534545,8.289515214441917E-5,0.11791926022368893,6.912321409197568E-5,"{""geodesic"":false,""type"":""Point"",""coordinates"":[106.69739787129618,-6.113035508433344]}"
605_0,1,-6.113035508433344,106.70638102413737,0.03878861905194006,8.522778044081904E-5,0.11788794935881046,8.429535234024462E-5,"{""geodesic"":false,""type"":""Point"",""coordinates"":[106.70638102413737,-6.113035508433344]}"
606_0,1,-6.113035508433344,106.71536417697857,0.03863208318302755,8.582381681643037E-5,0.11795368123586956,8.444009736746424E-5,"{""geodesic"":false,""type"":""Point"",""coordinates"":[106.71536417697857,-6.113035508433344]}"
607_0,1,-6.113035508433344,106.72434732981975,0.038508304646569215,8.64458804815084E-5,0.11796450869740165,5.334006803042456E-5,"{""geodesic"":false,""type"":""Point"",""coordinates"":[106.72434732981975,-6.113035508433344]}"
608_0,1,-6.113035508433344,106.73333048266095,0.038898382213242,9.062603440140303E-5,0.11797282441888453,5.3673128736618634E-5,"{""geodesic"":false,""type"":""Point"",""coordinates"":[106.73333048266095,-6.113035508433344]}"
609_0,1,-6.113035508433344,106.74231363550214,0.03885256499049369,9.093423619769546E-5,0.11785475745314083,5.220573696396429E-5,"{""geodesic"":false,""type"":""Point"",""coordinates"":[106.74231363550214,-6.113035508433344]}"
610_0,1,-6.113035508433344,106.75129678834334,0.03885256499049369,9.488545703060792E-5,0.11786244824688283,5.279675663864789E-5,"{""geodesic"":false,""type"":""Point"",""coordinates"":[106.75129678834334,-6.113035508433344]}"
611_0,1,-6.113035508433344,106.76027994118454,0.03886683098974688,9.639014884650624E-5,0.11787875931594795,5.0917093176431964E-5,"{""geodesic"":false,""type"":""Point"",""coordinates"":[106.76027994118454,-6.113035508433344]}"
612_0,1,-6.113035508433344,106.76926309402573,0.03886683098974688,9.639014884650624E-5,0.11787875931594795,5.0917093176431964E-5,"{""geodesic"":false,""type"":""Point"",""coordinates"":[106.76926309402573,-6.113035508433344]}"
613_0,1,-6.113035508433344,106.77824624686693,0.038643678704869074,9.633008639639325E-5,0.1178776419428371,4.19471784331457E-5,"{""geodesic"":false,""type"":""Point"",""coordinates"":[106.77824624686693,-6.113035508433344]}"
614_0,1,-6.113035508433344,106.78722939970812,0.03877416895288181,9.636055634863547E-5,0.11796203032098806,3.5905836118077236E-5,"{""geodesic"":false,""type"":""Point"",""coordinates"":[106.78722939970812,-6.113035508433344]}"
615_0,1,-6.113035508433344,106.79621255254932,0.038967175443894435,9.627585838506853E-5,0.11796981080559651,5.525993532480897E-6,"{""geodesic"":false,""type"":""Point"",""coordinates"":[106.79621255254932,-6.113035508433344]}"
616_0,1,-6.113035508433344,106.80519570539052,0.03864416824102154,9.373959639386861E-5,0.11797466014598806,-4.417929381414738E-6,"{""geodesic"":false,""type"":""Point"",""coordinates"":[106.80519570539052,-6.113035508433344]}"
617_0,1,-6.113035508433344,106.85909462243768,0.037199981781078244,9.120147106121667E-5,0.11798326169715599,5.189935958086972E-5,"{""geodesic"":false,""type"":""Point"",""coordinates"":[106.85909462243768,-6.113035508433344]}"
618_0,1,-6.113035508433344,106.86807777527888,0.037201083571043014,9.055087863002215E-5,0.11798515170804474,3.506927442731252E-5,"{""geodesic"":false,""type"":""Point"",""coordinates"":[106.86807777527888,-6.113035508433344]}"
619_0,1,-6.113035508433344,106.87706092812007,0.03697179151277592,8.870266172514875E-5,0.1179695063994816,5.364798471422834E-5,"{""geodesic"":false,""type"":""Point"",""coordinates"":[106.87706092812007,-6.113035508433344]}"
620_0,1,-6.113035508433344,106.88604408096127,0.036971791295799694,8.677921464453261E-5,0.11787290999265883,5.661131918998402E-5,"{""geodesic"":false,""type"":""Point"",""coordinates"":[106.88604408096127,-6.113035508433344]}"
621_0,1,-6.113035508433344,106.89502723380247,0.036445412059549,8.104433315130036E-5,0.11786222698930267,6.973072836873495E-5,"{""geodesic"":false,""type"":""Point"",""coordinates"":[106.89502723380247,-6.113035508433344]}"
622_0,1,-6.113035508433344,106.90401038664366,0.03656509913678987,7.714556839986314E-5,0.11787186868257195,8.37938048305501E-5,"{""geodesic"":false,""type"":""Point"",""coordinates"":[106.90401038664366,-6.113035508433344]}"
623_0,1,-6.113035508433344,106.91299353948486,0.036470860966203514,7.335894315528487E-5,0.11792247607602103,8.361360856448315E-5,"{""geodesic"":false,""type"":""Point"",""coordinates"":[106.91299353948486,-6.113035508433344]}"
624_0,1,-6.113035508433344,106.92197669232606,0.03642353229230259,6.989278882833669E-5,0.11788789678030508,8.120959428108243E-5,"{""geodesic"":false,""type"":""Point"",""coordinates"":[106.92197669232606,-6.113035508433344]}"
625_0,1,-6.113035508433344,106.93095984516725,0.03643492061107739,6.533809588506073E-5,0.11797182891162221,8.12869089176888E-5,"{""geodesic"":false,""type"":""Point"",""coordinates"":[106.93095984516725,-6.113035508433344]}"
626_0,1,-6.113035508433344,106.93994299800845,0.03643492061107739,6.533809588506073E-5,0.11797182891162221,8.12869089176888E-5,"{""geodesic"":false,""type"":""Point"",""coordinates"":[106.93994299800845,-6.113035508433344]}"
627_0,1,-6.113035508433344,106.94892615084963,0.03622354205323857,6.358595672942844E-5,0.11797587923651018,3.150094697317638E-5,"{""geodesic"":false,""type"":""Point"",""coordinates"":[106.94892615084963,-6.113035508433344]}"
628_0,1,-6.113035508433344,106.95790930369083,0.03615828515449514,6.0511916655627E-5,0.11786950213360695,7.393460530509386E-6,"{""geodesic"":false,""type"":""Point"",""coordinates"":[106.95790930369083,-6.113035508433344]}"
629_0,1,-6.113035508433344,106.96689245653202,0.03584711857166317,5.994569702687675E-5,0.11783752517776178,8.257196546024543E-6,"{""geodesic"":false,""type"":""Point"",""coordinates"":[106.96689245653202,-6.113035508433344]}"
630_0,1,-6.104052355592149,106.69739787129618,0.03893020616358908,7.857306809095478E-5,0.11795127406875122,6.501108388567787E-5,"{""geodesic"":false,""type"":""Point"",""coordinates"":[106.69739787129618,-6.104052355592149]}"
631_0,1,-6.104052355592149,106.70638102413737,0.03891828249204933,7.970079990177723E-5,0.11785940577596164,6.501108388577024E-5,"{""geodesic"":false,""type"":""Point"",""coordinates"":[106.70638102413737,-6.104052355592149]}"
632_0,1,-6.104052355592149,106.71536417697857,0.03892312805458454,8.053227720687746E-5,0.11797296307088642,8.380407962072998E-5,"{""geodesic"":false,""type"":""Point"",""coordinates"":[106.71536417697857,-6.104052355592149]}"
633_0,1,-6.104052355592149,106.72434732981975,0.038897603087548645,8.072017795219867E-5,0.1179628028358272,7.277860295031369E-5,"{""geodesic"":false,""type"":""Point"",""coordinates"":[106.72434732981975,-6.104052355592149]}"
634_0,1,-6.104052355592149,106.73333048266095,0.03935732254439715,8.321112235662472E-5,0.11797113409037885,8.421901026321138E-5,"{""geodesic"":false,""type"":""Point"",""coordinates"":[106.73333048266095,-6.104052355592149]}"
635_0,1,-6.104052355592149,106.74231363550214,0.038852564990497156,8.338005408665729E-5,0.11798541702480266,6.133702219839358E-5,"{""geodesic"":false,""type"":""Point"",""coordinates"":[106.74231363550214,-6.104052355592149]}"
636_0,1,-6.104052355592149,106.75129678834334,0.0388692868899282,8.560208048405795E-5,0.11798031892065075,3.7588246583448396E-5,"{""geodesic"":false,""type"":""Point"",""coordinates"":[106.75129678834334,-6.104052355592149]}"
637_0,1,-6.104052355592149,106.79621255254932,0.03903164096799247,8.896718810564033E-5,0.1179762455772408,2.287886807198619E-5,"{""geodesic"":false,""type"":""Point"",""coordinates"":[106.79621255254932,-6.104052355592149]}"
638_0,1,-6.104052355592149,106.87706092812007,0.03720108308664761,8.430945935175762E-5,0.11793349272807599,5.5513669803126444E-5,"{""geodesic"":false,""type"":""Point"",""coordinates"":[106.87706092812007,-6.104052355592149]}"
639_0,1,-6.104052355592149,106.88604408096127,0.03696480140478793,7.871836351127078E-5,0.11797847491861681,3.7047478010989406E-5,"{""geodesic"":false,""type"":""Point"",""coordinates"":[106.88604408096127,-6.104052355592149]}"
640_0,1,-6.104052355592149,106.89502723380247,0.03655811719934743,7.542978034570675E-5,0.11786497418054176,7.810161845698994E-5,"{""geodesic"":false,""type"":""Point"",""coordinates"":[106.89502723380247,-6.104052355592149]}"
641_0,1,-6.104052355592149,106.90401038664366,0.036720337651222394,7.044788071643015E-5,0.11786246150715544,9.086043098173837E-5,"{""geodesic"":false,""type"":""Point"",""coordinates"":[106.90401038664366,-6.104052355592149]}"
642_0,1,-6.104052355592149,106.91299353948486,0.03642353209520177,6.746963812900713E-5,0.11796786117513154,9.873894728050563E-5,"{""geodesic"":false,""type"":""Point"",""coordinates"":[106.91299353948486,-6.104052355592149]}"
643_0,1,-6.104052355592149,106.92197669232606,0.03642353246671105,6.535027656960407E-5,0.11798776616061571,8.070932766152429E-5,"{""geodesic"":false,""type"":""Point"",""coordinates"":[106.92197669232606,-6.104052355592149]}"
644_0,1,-6.104052355592149,106.93095984516725,0.03646667830234182,6.167869931496495E-5,0.11800017552192982,8.414843651670968E-5,"{""geodesic"":false,""type"":""Point"",""coordinates"":[106.93095984516725,-6.104052355592149]}"
645_0,1,-6.104052355592149,106.93994299800845,0.03646667830234182,6.167869931496495E-5,0.11800017552192982,8.414843651670968E-5,"{""geodesic"":false,""type"":""Point"",""coordinates"":[106.93994299800845,-6.104052355592149]}"
646_0,1,-6.104052355592149,106.94892615084963,0.03620420312896629,5.952576503437209E-5,0.1180100078824348,7.237050886028758E-5,"{""geodesic"":false,""type"":""Point"",""coordinates"":[106.94892615084963,-6.104052355592149]}"
647_0,1,-6.104052355592149,106.95790930369083,0.03636440279592887,5.852326924734707E-5,0.11801619482310892,6.0893262673985815E-6,"{""geodesic"":false,""type"":""Point"",""coordinates"":[106.95790930369083,-6.104052355592149]}"
648_0,1,-6.104052355592149,106.96689245653202,0.036437050538108015,5.778934656957189E-5,0.11785456253073044,3.4064188284081392E-6,"{""geodesic"":false,""type"":""Point"",""coordinates"":[106.96689245653202,-6.104052355592149]}"
649_0,1,-6.095069202750953,106.70638102413737,0.038865947230331134,7.497980180048662E-5,0.1179761340033122,9.721605378101305E-5,"{""geodesic"":false,""type"":""Point"",""coordinates"":[106.70638102413737,-6.095069202750953]}"
650_0,1,-6.095069202750953,106.71536417697857,0.03853526338932585,7.64050111460793E-5,0.11796968876339119,8.19171700876806E-5,"{""geodesic"":false,""type"":""Point"",""coordinates"":[106.71536417697857,-6.095069202750953]}"
651_0,1,-6.095069202750953,106.72434732981975,0.038672618433202355,7.662580420871013E-5,0.117982961707547,8.660689854872801E-5,"{""geodesic"":false,""type"":""Point"",""coordinates"":[106.72434732981975,-6.095069202750953]}"
652_0,1,-6.095069202750953,106.73333048266095,0.03887095004868029,7.757581849147946E-5,0.11798264173215296,9.925747570051082E-5,"{""geodesic"":false,""type"":""Point"",""coordinates"":[106.73333048266095,-6.095069202750953]}"
653_0,1,-6.095069202750953,106.74231363550214,0.03898302093145892,7.682391876018958E-5,0.11799195995859517,1.0144113912241032E-4,"{""geodesic"":false,""type"":""Point"",""coordinates"":[106.74231363550214,-6.095069202750953]}"
654_0,1,-6.095069202750953,106.75129678834334,0.038852564990497156,7.593151894975551E-5,0.1179932585236108,8.347754561669598E-5,"{""geodesic"":false,""type"":""Point"",""coordinates"":[106.75129678834334,-6.095069202750953]}"
655_0,1,-6.086086049909758,106.73333048266095,0.038700337594793986,7.282968684020506E-5,0.11797525265658566,9.746865355323515E-5,"{""geodesic"":false,""type"":""Point"",""coordinates"":[106.73333048266095,-6.086086049909758]}"
656_0,1,-6.086086049909758,106.75129678834334,0.0385046989464738,7.372651182363522E-5,0.11784631634659755,1.0071916030828734E-4,"{""geodesic"":false,""type"":""Point"",""coordinates"":[106.75129678834334,-6.086086049909758]}"
657_0,1,-6.077102897068563,106.75129678834334,0.038984404664001354,6.760418682256818E-5,0.11797235000513547,8.304334864809543E-5,"{""geodesic"":false,""type"":""Point"",""coordinates"":[106.75129678834334,-6.077102897068563]}"
