system:index,dummy,lat,lon,viirs_ntl,.geo
0_0,1,-6.36456378798681,106.88604408096127,30.452932357788086,"{""geodesic"":false,""type"":""Point"",""coordinates"":[106.88604408096127,-6.36456378798681]}"
1_0,1,-6.36456378798681,106.89502723380247,21.725201789368974,"{""geodesic"":false,""type"":""Point"",""coordinates"":[106.89502723380247,-6.36456378798681]}"
2_0,1,-6.36456378798681,106.91299353948486,25.892045373501986,"{""geodesic"":false,""type"":""Point"",""coordinates"":[106.91299353948486,-6.36456378798681]}"
3_0,1,-6.355580635145615,106.79621255254932,31.800544628198598,"{""geodesic"":false,""type"":""Point"",""coordinates"":[106.79621255254932,-6.355580635145615]}"
4_0,1,-6.355580635145615,106.80519570539052,34.71115457443964,"{""geodesic"":false,""type"":""Point"",""coordinates"":[106.80519570539052,-6.355580635145615]}"
5_0,1,-6.355580635145615,106.81417885823171,31.92979409959581,"{""geodesic"":false,""type"":""Point"",""coordinates"":[106.81417885823171,-6.355580635145615]}"
6_0,1,-6.355580635145615,106.82316201107291,27.15887451171875,"{""geodesic"":false,""type"":""Point"",""coordinates"":[106.82316201107291,-6.355580635145615]}"
7_0,1,-6.355580635145615,106.87706092812007,30.476597419151894,"{""geodesic"":false,""type"":""Point"",""coordinates"":[106.87706092812007,-6.355580635145615]}"
8_0,1,-6.355580635145615,106.88604408096127,28.13050543028733,"{""geodesic"":false,""type"":""Point"",""coordinates"":[106.88604408096127,-6.355580635145615]}"
9_0,1,-6.355580635145615,106.89502723380247,23.488555751863075,"{""geodesic"":false,""type"":""Point"",""coordinates"":[106.89502723380247,-6.355580635145615]}"
10_0,1,-6.355580635145615,106.90401038664366,21.800782203674316,"{""geodesic"":false,""type"":""Point"",""coordinates"":[106.90401038664366,-6.355580635145615]}"
11_0,1,-6.355580635145615,106.91299353948486,24.035384559631346,"{""geodesic"":false,""type"":""Point"",""coordinates"":[106.91299353948486,-6.355580635145615]}"
12_0,1,-6.34659748230442,106.79621255254932,39.83716850950007,"{""geodesic"":false,""type"":""Point"",""coordinates"":[106.79621255254932,-6.34659748230442]}"
13_0,1,-6.34659748230442,106.80519570539052,36.3289603183144,"{""geodesic"":false,""type"":""Point"",""coordinates"":[106.80519570539052,-6.34659748230442]}"
14_0,1,-6.34659748230442,106.81417885823171,35.439404108752946,"{""geodesic"":false,""type"":""Point"",""coordinates"":[106.81417885823171,-6.34659748230442]}"
15_0,1,-6.34659748230442,106.82316201107291,30.070627536413806,"{""geodesic"":false,""type"":""Point"",""coordinates"":[106.82316201107291,-6.34659748230442]}"
16_0,1,-6.34659748230442,106.83214516391409,30.318988424832703,"{""geodesic"":false,""type"":""Point"",""coordinates"":[106.83214516391409,-6.34659748230442]}"
17_0,1,-6.34659748230442,106.85909462243768,32.427341054280596,"{""geodesic"":false,""type"":""Point"",""coordinates"":[106.85909462243768,-6.34659748230442]}"
18_0,1,-6.34659748230442,106.86807777527888,34.45612732351643,"{""geodesic"":false,""type"":""Point"",""coordinates"":[106.86807777527888,-6.34659748230442]}"
19_0,1,-6.34659748230442,106.87706092812007,29.800129273358515,"{""geodesic"":false,""type"":""Point"",""coordinates"":[106.87706092812007,-6.34659748230442]}"
20_0,1,-6.34659748230442,106.88604408096127,29.90911270400225,"{""geodesic"":false,""type"":""Point"",""coordinates"":[106.88604408096127,-6.34659748230442]}"
21_0,1,-6.34659748230442,106.89502723380247,28.28863659420529,"{""geodesic"":false,""type"":""Point"",""coordinates"":[106.89502723380247,-6.34659748230442]}"
22_0,1,-6.34659748230442,106.90401038664366,26.433547607421875,"{""geodesic"":false,""type"":""Point"",""coordinates"":[106.90401038664366,-6.34659748230442]}"
23_0,1,-6.34659748230442,106.91299353948486,24.465972210498567,"{""geodesic"":false,""type"":""Point"",""coordinates"":[106.91299353948486,-6.34659748230442]}"
24_0,1,-6.337614329463224,106.80519570539052,33.17016092936198,"{""geodesic"":false,""type"":""Point"",""coordinates"":[106.80519570539052,-6.337614329463224]}"
25_0,1,-6.337614329463224,106.81417885823171,31.434071495419456,"{""geodesic"":false,""type"":""Point"",""coordinates"":[106.81417885823171,-6.337614329463224]}"
26_0,1,-6.337614329463224,106.82316201107291,31.568685926240065,"{""geodesic"":false,""type"":""Point"",""coordinates"":[106.82316201107291,-6.337614329463224]}"
27_0,1,-6.337614329463224,106.83214516391409,35.18682294373119,"{""geodesic"":false,""type"":""Point"",""coordinates"":[106.83214516391409,-6.337614329463224]}"
28_0,1,-6.337614329463224,106.84112831675529,30.18343888319932,"{""geodesic"":false,""type"":""Point"",""coordinates"":[106.84112831675529,-6.337614329463224]}"
29_0,1,-6.337614329463224,106.85011146959648,31.30648796775124,"{""geodesic"":false,""type"":""Point"",""coordinates"":[106.85011146959648,-6.337614329463224]}"
30_0,1,-6.337614329463224,106.85909462243768,33.06244250488281,"{""geodesic"":false,""type"":""Point"",""coordinates"":[106.85909462243768,-6.337614329463224]}"
31_0,1,-6.337614329463224,106.86807777527888,34.77895786887721,"{""geodesic"":false,""type"":""Point"",""coordinates"":[106.86807777527888,-6.337614329463224]}"
32_0,1,-6.337614329463224,106.87706092812007,30.395028114318848,"{""geodesic"":false,""type"":""Point"",""coordinates"":[106.87706092812007,-6.337614329463224]}"
33_0,1,-6.337614329463224,106.88604408096127,32.76814100477431,"{""geodesic"":false,""type"":""Point"",""coordinates"":[106.88604408096127,-6.337614329463224]}"
34_0,1,-6.337614329463224,106.89502723380247,30.07800601391082,"{""geodesic"":false,""type"":""Point"",""coordinates"":[106.89502723380247,-6.337614329463224]}"
35_0,1,-6.337614329463224,106.90401038664366,27.20898177888658,"{""geodesic"":false,""type"":""Point"",""coordinates"":[106.90401038664366,-6.337614329463224]}"
36_0,1,-6.337614329463224,106.91299353948486,24.516775464548648,"{""geodesic"":false,""type"":""Point"",""coordinates"":[106.91299353948486,-6.337614329463224]}"
37_0,1,-6.32863117662203,106.80519570539052,34.48569549560547,"{""geodesic"":false,""type"":""Point"",""coordinates"":[106.80519570539052,-6.32863117662203]}"
38_0,1,-6.32863117662203,106.81417885823171,32.54237365722656,"{""geodesic"":false,""type"":""Point"",""coordinates"":[106.81417885823171,-6.32863117662203]}"
39_0,1,-6.32863117662203,106.82316201107291,33.85807673136393,"{""geodesic"":false,""type"":""Point"",""coordinates"":[106.82316201107291,-6.32863117662203]}"
40_0,1,-6.32863117662203,106.83214516391409,34.80585842132568,"{""geodesic"":false,""type"":""Point"",""coordinates"":[106.83214516391409,-6.32863117662203]}"
41_0,1,-6.32863117662203,106.84112831675529,31.460663477579754,"{""geodesic"":false,""type"":""Point"",""coordinates"":[106.84112831675529,-6.32863117662203]}"
42_0,1,-6.32863117662203,106.85011146959648,32.321736744471956,"{""geodesic"":false,""type"":""Point"",""coordinates"":[106.85011146959648,-6.32863117662203]}"
43_0,1,-6.32863117662203,106.85909462243768,34.4757509685698,"{""geodesic"":false,""type"":""Point"",""coordinates"":[106.85909462243768,-6.32863117662203]}"
44_0,1,-6.32863117662203,106.86807777527888,33.42573028564453,"{""geodesic"":false,""type"":""Point"",""coordinates"":[106.86807777527888,-6.32863117662203]}"
45_0,1,-6.32863117662203,106.87706092812007,31.849695205688477,"{""geodesic"":false,""type"":""Point"",""coordinates"":[106.87706092812007,-6.32863117662203]}"
46_0,1,-6.32863117662203,106.88604408096127,32.5152656425864,"{""geodesic"":false,""type"":""Point"",""coordinates"":[106.88604408096127,-6.32863117662203]}"
47_0,1,-6.32863117662203,106.89502723380247,28.275007283912515,"{""geodesic"":false,""type"":""Point"",""coordinates"":[106.89502723380247,-6.32863117662203]}"
48_0,1,-6.32863117662203,106.90401038664366,26.506905036397498,"{""geodesic"":false,""type"":""Point"",""coordinates"":[106.90401038664366,-6.32863117662203]}"
49_0,1,-6.32863117662203,106.91299353948486,21.382508293030753,"{""geodesic"":false,""type"":""Point"",""coordinates"":[106.91299353948486,-6.32863117662203]}"
50_0,1,-6.319648023780834,106.81417885823171,33.8879656791687,"{""geodesic"":false,""type"":""Point"",""coordinates"":[106.81417885823171,-6.319648023780834]}"
51_0,1,-6.319648023780834,106.82316201107291,31.44681658063616,"{""geodesic"":false,""type"":""Point"",""coordinates"":[106.82316201107291,-6.319648023780834]}"
52_0,1,-6.319648023780834,106.83214516391409,30.13108253479004,"{""geodesic"":false,""type"":""Point"",""coordinates"":[106.83214516391409,-6.319648023780834]}"
53_0,1,-6.319648023780834,106.84112831675529,31.39334487915039,"{""geodesic"":false,""type"":""Point"",""coordinates"":[106.84112831675529,-6.319648023780834]}"
54_0,1,-6.319648023780834,106.85011146959648,30.527822138899463,"{""geodesic"":false,""type"":""Point"",""coordinates"":[106.85011146959648,-6.319648023780834]}"
55_0,1,-6.319648023780834,106.85909462243768,32.850224338878284,"{""geodesic"":false,""type"":""Point"",""coordinates"":[106.85909462243768,-6.319648023780834]}"
56_0,1,-6.319648023780834,106.86807777527888,30.678403819048846,"{""geodesic"":false,""type"":""Point"",""coordinates"":[106.86807777527888,-6.319648023780834]}"
57_0,1,-6.319648023780834,106.87706092812007,32.21939407204682,"{""geodesic"":false,""type"":""Point"",""coordinates"":[106.87706092812007,-6.319648023780834]}"
58_0,1,-6.319648023780834,106.88604408096127,35.71349864103356,"{""geodesic"":false,""type"":""Point"",""coordinates"":[106.88604408096127,-6.319648023780834]}"
59_0,1,-6.319648023780834,106.89502723380247,30.0644492149353,"{""geodesic"":false,""type"":""Point"",""coordinates"":[106.89502723380247,-6.319648023780834]}"
60_0,1,-6.319648023780834,106.90401038664366,27.77107810974121,"{""geodesic"":false,""type"":""Point"",""coordinates"":[106.90401038664366,-6.319648023780834]}"
61_0,1,-6.319648023780834,106.91299353948486,22.20216466612735,"{""geodesic"":false,""type"":""Point"",""coordinates"":[106.91299353948486,-6.319648023780834]}"
62_0,1,-6.310664870939639,106.77824624686693,32.794527027704945,"{""geodesic"":false,""type"":""Point"",""coordinates"":[106.77824624686693,-6.310664870939639]}"
63_0,1,-6.310664870939639,106.78722939970812,32.05263775792615,"{""geodesic"":false,""type"":""Point"",""coordinates"":[106.78722939970812,-6.310664870939639]}"
64_0,1,-6.310664870939639,106.79621255254932,40.517110633850095,"{""geodesic"":false,""type"":""Point"",""coordinates"":[106.79621255254932,-6.310664870939639]}"
65_0,1,-6.310664870939639,106.80519570539052,36.12752227783203,"{""geodesic"":false,""type"":""Point"",""coordinates"":[106.80519570539052,-6.310664870939639]}"
66_0,1,-6.310664870939639,106.81417885823171,34.779520416259764,"{""geodesic"":false,""type"":""Point"",""coordinates"":[106.81417885823171,-6.310664870939639]}"
67_0,1,-6.310664870939639,106.82316201107291,23.15199695933949,"{""geodesic"":false,""type"":""Point"",""coordinates"":[106.82316201107291,-6.310664870939639]}"
68_0,1,-6.310664870939639,106.83214516391409,29.261774973435834,"{""geodesic"":false,""type"":""Point"",""coordinates"":[106.83214516391409,-6.310664870939639]}"
69_0,1,-6.310664870939639,106.84112831675529,34.87829293145074,"{""geodesic"":false,""type"":""Point"",""coordinates"":[106.84112831675529,-6.310664870939639]}"
70_0,1,-6.310664870939639,106.85011146959648,30.60675804431622,"{""geodesic"":false,""type"":""Point"",""coordinates"":[106.85011146959648,-6.310664870939639]}"
71_0,1,-6.310664870939639,106.85909462243768,35.426682812826975,"{""geodesic"":false,""type"":""Point"",""coordinates"":[106.85909462243768,-6.310664870939639]}"
72_0,1,-6.310664870939639,106.86807777527888,35.504101616995676,"{""geodesic"":false,""type"":""Point"",""coordinates"":[106.86807777527888,-6.310664870939639]}"
73_0,1,-6.310664870939639,106.87706092812007,37.94985992189438,"{""geodesic"":false,""type"":""Point"",""coordinates"":[106.87706092812007,-6.310664870939639]}"
74_0,1,-6.310664870939639,106.88604408096127,39.01024026137132,"{""geodesic"":false,""type"":""Point"",""coordinates"":[106.88604408096127,-6.310664870939639]}"
75_0,1,-6.310664870939639,106.89502723380247,34.65832973348683,"{""geodesic"":false,""type"":""Point"",""coordinates"":[106.89502723380247,-6.310664870939639]}"
76_0,1,-6.310664870939639,106.90401038664366,30.438463555007683,"{""geodesic"":false,""type"":""Point"",""coordinates"":[106.90401038664366,-6.310664870939639]}"
77_0,1,-6.310664870939639,106.91299353948486,30.29757496096053,"{""geodesic"":false,""type"":""Point"",""coordinates"":[106.91299353948486,-6.310664870939639]}"
78_0,1,-6.301681718098443,106.77824624686693,36.55034644648714,"{""geodesic"":false,""type"":""Point"",""coordinates"":[106.77824624686693,-6.301681718098443]}"
79_0,1,-6.301681718098443,106.78722939970812,37.63994802747454,"{""geodesic"":false,""type"":""Point"",""coordinates"":[106.78722939970812,-6.301681718098443]}"
80_0,1,-6.301681718098443,106.79621255254932,47.43910077901987,"{""geodesic"":false,""type"":""Point"",""coordinates"":[106.79621255254932,-6.301681718098443]}"
81_0,1,-6.301681718098443,106.80519570539052,35.56096878051758,"{""geodesic"":false,""type"":""Point"",""coordinates"":[106.80519570539052,-6.301681718098443]}"
82_0,1,-6.301681718098443,106.81417885823171,35.85783021346383,"{""geodesic"":false,""type"":""Point"",""coordinates"":[106.81417885823171,-6.301681718098443]}"
83_0,1,-6.301681718098443,106.82316201107291,37.347083682105655,"{""geodesic"":false,""type"":""Point"",""coordinates"":[106.82316201107291,-6.301681718098443]}"
84_0,1,-6.301681718098443,106.83214516391409,33.64249118169149,"{""geodesic"":false,""type"":""Point"",""coordinates"":[106.83214516391409,-6.301681718098443]}"
85_0,1,-6.301681718098443,106.84112831675529,41.85862404959543,"{""geodesic"":false,""type"":""Point"",""coordinates"":[106.84112831675529,-6.301681718098443]}"
86_0,1,-6.301681718098443,106.85011146959648,37.44285871112157,"{""geodesic"":false,""type"":""Point"",""coordinates"":[106.85011146959648,-6.301681718098443]}"
87_0,1,-6.301681718098443,106.85909462243768,44.88478447840764,"{""geodesic"":false,""type"":""Point"",""coordinates"":[106.85909462243768,-6.301681718098443]}"
88_0,1,-6.301681718098443,106.86807777527888,40.397838786496955,"{""geodesic"":false,""type"":""Point"",""coordinates"":[106.86807777527888,-6.301681718098443]}"
89_0,1,-6.301681718098443,106.87706092812007,39.228207514836235,"{""geodesic"":false,""type"":""Point"",""coordinates"":[106.87706092812007,-6.301681718098443]}"
90_0,1,-6.301681718098443,106.88604408096127,45.017075441321545,"{""geodesic"":false,""type"":""Point"",""coordinates"":[106.88604408096127,-6.301681718098443]}"
91_0,1,-6.301681718098443,106.89502723380247,33.68724727630615,"{""geodesic"":false,""type"":""Point"",""coordinates"":[106.89502723380247,-6.301681718098443]}"
92_0,1,-6.301681718098443,106.90401038664366,26.661668247646755,"{""geodesic"":false,""type"":""Point"",""coordinates"":[106.90401038664366,-6.301681718098443]}"
93_0,1,-6.301681718098443,106.91299353948486,27.782963752746582,"{""geodesic"":false,""type"":""Point"",""coordinates"":[106.91299353948486,-6.301681718098443]}"
94_0,1,-6.292698565257249,106.76926309402573,40.074115852256874,"{""geodesic"":false,""type"":""Point"",""coordinates"":[106.76926309402573,-6.292698565257249]}"
95_0,1,-6.292698565257249,106.77824624686693,47.252441857077855,"{""geodesic"":false,""type"":""Point"",""coordinates"":[106.77824624686693,-6.292698565257249]}"
96_0,1,-6.292698565257249,106.78722939970812,50.48493239839198,"{""geodesic"":false,""type"":""Point"",""coordinates"":[106.78722939970812,-6.292698565257249]}"
97_0,1,-6.292698565257249,106.79621255254932,49.53247539813702,"{""geodesic"":false,""type"":""Point"",""coordinates"":[106.79621255254932,-6.292698565257249]}"
98_0,1,-6.292698565257249,106.80519570539052,53.19433355331421,"{""geodesic"":false,""type"":""Point"",""coordinates"":[106.80519570539052,-6.292698565257249]}"
99_0,1,-6.292698565257249,106.81417885823171,41.36383841694265,"{""geodesic"":false,""type"":""Point"",""coordinates"":[106.81417885823171,-6.292698565257249]}"
100_0,1,-6.292698565257249,106.82316201107291,39.87102493079933,"{""geodesic"":false,""type"":""Point"",""coordinates"":[106.82316201107291,-6.292698565257249]}"
101_0,1,-6.292698565257249,106.83214516391409,36.080994577118844,"{""geodesic"":false,""type"":""Point"",""coordinates"":[106.83214516391409,-6.292698565257249]}"
102_0,1,-6.292698565257249,106.84112831675529,36.566537563617416,"{""geodesic"":false,""type"":""Point"",""coordinates"":[106.84112831675529,-6.292698565257249]}"
103_0,1,-6.292698565257249,106.85011146959648,31.94111541401256,"{""geodesic"":false,""type"":""Point"",""coordinates"":[106.85011146959648,-6.292698565257249]}"
104_0,1,-6.292698565257249,106.85909462243768,34.491851806640625,"{""geodesic"":false,""type"":""Point"",""coordinates"":[106.85909462243768,-6.292698565257249]}"
105_0,1,-6.292698565257249,106.86807777527888,40.94814682006836,"{""geodesic"":false,""type"":""Point"",""coordinates"":[106.86807777527888,-6.292698565257249]}"
106_0,1,-6.292698565257249,106.87706092812007,39.69427163260324,"{""geodesic"":false,""type"":""Point"",""coordinates"":[106.87706092812007,-6.292698565257249]}"
107_0,1,-6.292698565257249,106.88604408096127,38.68638136892608,"{""geodesic"":false,""type"":""Point"",""coordinates"":[106.88604408096127,-6.292698565257249]}"
108_0,1,-6.292698565257249,106.89502723380247,32.170489583696636,"{""geodesic"":false,""type"":""Point"",""coordinates"":[106.89502723380247,-6.292698565257249]}"
109_0,1,-6.292698565257249,106.90401038664366,29.342780628719844,"{""geodesic"":false,""type"":""Point"",""coordinates"":[106.90401038664366,-6.292698565257249]}"
110_0,1,-6.283715412416053,106.76027994118454,32.20210582927122,"{""geodesic"":false,""type"":""Point"",""coordinates"":[106.76027994118454,-6.283715412416053]}"
111_0,1,-6.283715412416053,106.76926309402573,45.73018605781324,"{""geodesic"":false,""type"":""Point"",""coordinates"":[106.76926309402573,-6.283715412416053]}"
112_0,1,-6.283715412416053,106.77824624686693,52.82130262586806,"{""geodesic"":false,""type"":""Point"",""coordinates"":[106.77824624686693,-6.283715412416053]}"
113_0,1,-6.283715412416053,106.78722939970812,44.19995880126953,"{""geodesic"":false,""type"":""Point"",""coordinates"":[106.78722939970812,-6.283715412416053]}"
114_0,1,-6.283715412416053,106.79621255254932,47.15174903869629,"{""geodesic"":false,""type"":""Point"",""coordinates"":[106.79621255254932,-6.283715412416053]}"
115_0,1,-6.283715412416053,106.80519570539052,52.55759048461914,"{""geodesic"":false,""type"":""Point"",""coordinates"":[106.80519570539052,-6.283715412416053]}"
116_0,1,-6.283715412416053,106.81417885823171,42.21875232198964,"{""geodesic"":false,""type"":""Point"",""coordinates"":[106.81417885823171,-6.283715412416053]}"
117_0,1,-6.283715412416053,106.82316201107291,41.07446537847104,"{""geodesic"":false,""type"":""Point"",""coordinates"":[106.82316201107291,-6.283715412416053]}"
118_0,1,-6.283715412416053,106.83214516391409,37.053165435791016,"{""geodesic"":false,""type"":""Point"",""coordinates"":[106.83214516391409,-6.283715412416053]}"
119_0,1,-6.283715412416053,106.84112831675529,39.59028438727061,"{""geodesic"":false,""type"":""Point"",""coordinates"":[106.84112831675529,-6.283715412416053]}"
120_0,1,-6.283715412416053,106.85011146959648,33.914147744967245,"{""geodesic"":false,""type"":""Point"",""coordinates"":[106.85011146959648,-6.283715412416053]}"
121_0,1,-6.283715412416053,106.85909462243768,33.950686073303224,"{""geodesic"":false,""type"":""Point"",""coordinates"":[106.85909462243768,-6.283715412416053]}"
122_0,1,-6.283715412416053,106.86807777527888,35.19675462142281,"{""geodesic"":false,""type"":""Point"",""coordinates"":[106.86807777527888,-6.283715412416053]}"
123_0,1,-6.283715412416053,106.87706092812007,36.70207904634022,"{""geodesic"":false,""type"":""Point"",""coordinates"":[106.87706092812007,-6.283715412416053]}"
124_0,1,-6.283715412416053,106.88604408096127,28.186149139404296,"{""geodesic"":false,""type"":""Point"",""coordinates"":[106.88604408096127,-6.283715412416053]}"
125_0,1,-6.283715412416053,106.89502723380247,26.930529532225236,"{""geodesic"":false,""type"":""Point"",""coordinates"":[106.89502723380247,-6.283715412416053]}"
126_0,1,-6.283715412416053,106.90401038664366,32.08188222249349,"{""geodesic"":false,""type"":""Point"",""coordinates"":[106.90401038664366,-6.283715412416053]}"
127_0,1,-6.274732259574858,106.76027994118454,41.054061780657086,"{""geodesic"":false,""type"":""Point"",""coordinates"":[106.76027994118454,-6.274732259574858]}"
128_0,1,-6.274732259574858,106.76926309402573,38.878785868637436,"{""geodesic"":false,""type"":""Point"",""coordinates"":[106.76926309402573,-6.274732259574858]}"
129_0,1,-6.274732259574858,106.77824624686693,42.28243637084961,"{""geodesic"":false,""type"":""Point"",""coordinates"":[106.77824624686693,-6.274732259574858]}"
130_0,1,-6.274732259574858,106.78722939970812,36.88685989379883,"{""geodesic"":false,""type"":""Point"",""coordinates"":[106.78722939970812,-6.274732259574858]}"
131_0,1,-6.274732259574858,106.79621255254932,42.9359130859375,"{""geodesic"":false,""type"":""Point"",""coordinates"":[106.79621255254932,-6.274732259574858]}"
132_0,1,-6.274732259574858,106.80519570539052,47.66001912167198,"{""geodesic"":false,""type"":""Point"",""coordinates"":[106.80519570539052,-6.274732259574858]}"
133_0,1,-6.274732259574858,106.81417885823171,47.12497901916504,"{""geodesic"":false,""type"":""Point"",""coordinates"":[106.81417885823171,-6.274732259574858]}"
134_0,1,-6.274732259574858,106.82316201107291,41.4767096383231,"{""geodesic"":false,""type"":""Point"",""coordinates"":[106.82316201107291,-6.274732259574858]}"
135_0,1,-6.274732259574858,106.83214516391409,38.3777783203125,"{""geodesic"":false,""type"":""Point"",""coordinates"":[106.83214516391409,-6.274732259574858]}"
136_0,1,-6.274732259574858,106.84112831675529,37.20932802946671,"{""geodesic"":false,""type"":""Point"",""coordinates"":[106.84112831675529,-6.274732259574858]}"
137_0,1,-6.274732259574858,106.85011146959648,32.9378998875618,"{""geodesic"":false,""type"":""Point"",""coordinates"":[106.85011146959648,-6.274732259574858]}"
138_0,1,-6.274732259574858,106.85909462243768,40.9009570417733,"{""geodesic"":false,""type"":""Point"",""coordinates"":[106.85909462243768,-6.274732259574858]}"
139_0,1,-6.274732259574858,106.86807777527888,39.79457695419724,"{""geodesic"":false,""type"":""Point"",""coordinates"":[106.86807777527888,-6.274732259574858]}"
140_0,1,-6.274732259574858,106.87706092812007,28.951433817545574,"{""geodesic"":false,""type"":""Point"",""coordinates"":[106.87706092812007,-6.274732259574858]}"
141_0,1,-6.274732259574858,106.88604408096127,25.12930829184396,"{""geodesic"":false,""type"":""Point"",""coordinates"":[106.88604408096127,-6.274732259574858]}"
142_0,1,-6.274732259574858,106.89502723380247,20.34039712988812,"{""geodesic"":false,""type"":""Point"",""coordinates"":[106.89502723380247,-6.274732259574858]}"
143_0,1,-6.274732259574858,106.90401038664366,22.927185434690664,"{""geodesic"":false,""type"":""Point"",""coordinates"":[106.90401038664366,-6.274732259574858]}"
144_0,1,-6.265749106733662,106.75129678834334,36.199996667749744,"{""geodesic"":false,""type"":""Point"",""coordinates"":[106.75129678834334,-6.265749106733662]}"
145_0,1,-6.265749106733662,106.76027994118454,42.00758270263672,"{""geodesic"":false,""type"":""Point"",""coordinates"":[106.76027994118454,-6.265749106733662]}"
146_0,1,-6.265749106733662,106.76926309402573,38.90192716415614,"{""geodesic"":false,""type"":""Point"",""coordinates"":[106.76926309402573,-6.265749106733662]}"
147_0,1,-6.265749106733662,106.77824624686693,49.66205397106352,"{""geodesic"":false,""type"":""Point"",""coordinates"":[106.77824624686693,-6.265749106733662]}"
148_0,1,-6.265749106733662,106.78722939970812,47.8887893812997,"{""geodesic"":false,""type"":""Point"",""coordinates"":[106.78722939970812,-6.265749106733662]}"
149_0,1,-6.265749106733662,106.79621255254932,46.27540936189539,"{""geodesic"":false,""type"":""Point"",""coordinates"":[106.79621255254932,-6.265749106733662]}"
150_0,1,-6.265749106733662,106.80519570539052,47.4321928024292,"{""geodesic"":false,""type"":""Point"",""coordinates"":[106.80519570539052,-6.265749106733662]}"
151_0,1,-6.265749106733662,106.81417885823171,52.90800296559053,"{""geodesic"":false,""type"":""Point"",""coordinates"":[106.81417885823171,-6.265749106733662]}"
152_0,1,-6.265749106733662,106.82316201107291,43.06210673939098,"{""geodesic"":false,""type"":""Point"",""coordinates"":[106.82316201107291,-6.265749106733662]}"
153_0,1,-6.265749106733662,106.83214516391409,41.850871526277984,"{""geodesic"":false,""type"":""Point"",""coordinates"":[106.83214516391409,-6.265749106733662]}"
154_0,1,-6.265749106733662,106.84112831675529,39.678775883522356,"{""geodesic"":false,""type"":""Point"",""coordinates"":[106.84112831675529,-6.265749106733662]}"
155_0,1,-6.265749106733662,106.85011146959648,36.820553963644464,"{""geodesic"":false,""type"":""Point"",""coordinates"":[106.85011146959648,-6.265749106733662]}"
156_0,1,-6.265749106733662,106.85909462243768,45.22602663542095,"{""geodesic"":false,""type"":""Point"",""coordinates"":[106.85909462243768,-6.265749106733662]}"
157_0,1,-6.265749106733662,106.86807777527888,42.366512518662674,"{""geodesic"":false,""type"":""Point"",""coordinates"":[106.86807777527888,-6.265749106733662]}"
158_0,1,-6.265749106733662,106.87706092812007,35.62115478515625,"{""geodesic"":false,""type"":""Point"",""coordinates"":[106.87706092812007,-6.265749106733662]}"
159_0,1,-6.265749106733662,106.88604408096127,38.076495034354075,"{""geodesic"":false,""type"":""Point"",""coordinates"":[106.88604408096127,-6.265749106733662]}"
160_0,1,-6.265749106733662,106.89502723380247,30.306434027353923,"{""geodesic"":false,""type"":""Point"",""coordinates"":[106.89502723380247,-6.265749106733662]}"
161_0,1,-6.265749106733662,106.90401038664366,27.294837951660156,"{""geodesic"":false,""type"":""Point"",""coordinates"":[106.90401038664366,-6.265749106733662]}"
162_0,1,-6.256765953892468,106.76027994118454,39.105446886133265,"{""geodesic"":false,""type"":""Point"",""coordinates"":[106.76027994118454,-6.256765953892468]}"
163_0,1,-6.256765953892468,106.76926309402573,42.97144979800818,"{""geodesic"":false,""type"":""Point"",""coordinates"":[106.76926309402573,-6.256765953892468]}"
164_0,1,-6.256765953892468,106.77824624686693,44.55497573403751,"{""geodesic"":false,""type"":""Point"",""coordinates"":[106.77824624686693,-6.256765953892468]}"
165_0,1,-6.256765953892468,106.78722939970812,42.374190966288246,"{""geodesic"":false,""type"":""Point"",""coordinates"":[106.78722939970812,-6.256765953892468]}"
166_0,1,-6.256765953892468,106.79621255254932,49.5878343451513,"{""geodesic"":false,""type"":""Point"",""coordinates"":[106.79621255254932,-6.256765953892468]}"
167_0,1,-6.256765953892468,106.80519570539052,54.19800816411557,"{""geodesic"":false,""type"":""Point"",""coordinates"":[106.80519570539052,-6.256765953892468]}"
168_0,1,-6.256765953892468,106.81417885823171,53.06483395894369,"{""geodesic"":false,""type"":""Point"",""coordinates"":[106.81417885823171,-6.256765953892468]}"
169_0,1,-6.256765953892468,106.82316201107291,43.904713080479546,"{""geodesic"":false,""type"":""Point"",""coordinates"":[106.82316201107291,-6.256765953892468]}"
170_0,1,-6.256765953892468,106.83214516391409,41.328871045793804,"{""geodesic"":false,""type"":""Point"",""coordinates"":[106.83214516391409,-6.256765953892468]}"
171_0,1,-6.256765953892468,106.84112831675529,41.384393567236785,"{""geodesic"":false,""type"":""Point"",""coordinates"":[106.84112831675529,-6.256765953892468]}"
172_0,1,-6.256765953892468,106.85011146959648,43.06313705444336,"{""geodesic"":false,""type"":""Point"",""coordinates"":[106.85011146959648,-6.256765953892468]}"
173_0,1,-6.256765953892468,106.85909462243768,43.935437644400245,"{""geodesic"":false,""type"":""Point"",""coordinates"":[106.85909462243768,-6.256765953892468]}"
174_0,1,-6.256765953892468,106.86807777527888,43.646126637092,"{""geodesic"":false,""type"":""Point"",""coordinates"":[106.86807777527888,-6.256765953892468]}"
175_0,1,-6.256765953892468,106.87706092812007,39.415250732421875,"{""geodesic"":false,""type"":""Point"",""coordinates"":[106.87706092812007,-6.256765953892468]}"
176_0,1,-6.256765953892468,106.88604408096127,32.03519787107195,"{""geodesic"":false,""type"":""Point"",""coordinates"":[106.88604408096127,-6.256765953892468]}"
177_0,1,-6.256765953892468,106.89502723380247,31.87964786529541,"{""geodesic"":false,""type"":""Point"",""coordinates"":[106.89502723380247,-6.256765953892468]}"
178_0,1,-6.256765953892468,106.90401038664366,35.464141845703125,"{""geodesic"":false,""type"":""Point"",""coordinates"":[106.90401038664366,-6.256765953892468]}"
179_0,1,-6.256765953892468,106.91299353948486,41.03859887804304,"{""geodesic"":false,""type"":""Point"",""coordinates"":[106.91299353948486,-6.256765953892468]}"
180_0,1,-6.247782801051272,106.75129678834334,34.4506361909615,"{""geodesic"":false,""type"":""Point"",""coordinates"":[106.75129678834334,-6.247782801051272]}"
181_0,1,-6.247782801051272,106.76027994118454,35.64961783091227,"{""geodesic"":false,""type"":""Point"",""coordinates"":[106.76027994118454,-6.247782801051272]}"
182_0,1,-6.247782801051272,106.76926309402573,35.01796474456787,"{""geodesic"":false,""type"":""Point"",""coordinates"":[106.76926309402573,-6.247782801051272]}"
183_0,1,-6.247782801051272,106.77824624686693,45.08698989605082,"{""geodesic"":false,""type"":""Point"",""coordinates"":[106.77824624686693,-6.247782801051272]}"
184_0,1,-6.247782801051272,106.78722939970812,46.97018178304037,"{""geodesic"":false,""type"":""Point"",""coordinates"":[106.78722939970812,-6.247782801051272]}"
185_0,1,-6.247782801051272,106.79621255254932,62.71362198316134,"{""geodesic"":false,""type"":""Point"",""coordinates"":[106.79621255254932,-6.247782801051272]}"
186_0,1,-6.247782801051272,106.80519570539052,62.72655016676824,"{""geodesic"":false,""type"":""Point"",""coordinates"":[106.80519570539052,-6.247782801051272]}"
187_0,1,-6.247782801051272,106.81417885823171,46.15412907373337,"{""geodesic"":false,""type"":""Point"",""coordinates"":[106.81417885823171,-6.247782801051272]}"
188_0,1,-6.247782801051272,106.82316201107291,47.01484498523531,"{""geodesic"":false,""type"":""Point"",""coordinates"":[106.82316201107291,-6.247782801051272]}"
189_0,1,-6.247782801051272,106.83214516391409,47.772445907592775,"{""geodesic"":false,""type"":""Point"",""coordinates"":[106.83214516391409,-6.247782801051272]}"
190_0,1,-6.247782801051272,106.84112831675529,47.27088004664371,"{""geodesic"":false,""type"":""Point"",""coordinates"":[106.84112831675529,-6.247782801051272]}"
191_0,1,-6.247782801051272,106.85011146959648,51.59656314849853,"{""geodesic"":false,""type"":""Point"",""coordinates"":[106.85011146959648,-6.247782801051272]}"
192_0,1,-6.247782801051272,106.85909462243768,54.133136001287724,"{""geodesic"":false,""type"":""Point"",""coordinates"":[106.85909462243768,-6.247782801051272]}"
193_0,1,-6.247782801051272,106.86807777527888,59.29689221863353,"{""geodesic"":false,""type"":""Point"",""coordinates"":[106.86807777527888,-6.247782801051272]}"
194_0,1,-6.247782801051272,106.87706092812007,46.361808810915264,"{""geodesic"":false,""type"":""Point"",""coordinates"":[106.87706092812007,-6.247782801051272]}"
195_0,1,-6.247782801051272,106.88604408096127,39.05552461797541,"{""geodesic"":false,""type"":""Point"",""coordinates"":[106.88604408096127,-6.247782801051272]}"
196_0,1,-6.247782801051272,106.89502723380247,38.19744080763597,"{""geodesic"":false,""type"":""Point"",""coordinates"":[106.89502723380247,-6.247782801051272]}"
197_0,1,-6.247782801051272,106.90401038664366,44.12504118680954,"{""geodesic"":false,""type"":""Point"",""coordinates"":[106.90401038664366,-6.247782801051272]}"
198_0,1,-6.247782801051272,106.91299353948486,41.38613986968994,"{""geodesic"":false,""type"":""Point"",""coordinates"":[106.91299353948486,-6.247782801051272]}"
199_0,1,-6.247782801051272,106.92197669232606,39.67335442935719,"{""geodesic"":false,""type"":""Point"",""coordinates"":[106.92197669232606,-6.247782801051272]}"
200_0,1,-6.247782801051272,106.93095984516725,41.181329345703126,"{""geodesic"":false,""type"":""Point"",""coordinates"":[106.93095984516725,-6.247782801051272]}"
201_0,1,-6.247782801051272,106.93994299800845,38.84792658713012,"{""geodesic"":false,""type"":""Point"",""coordinates"":[106.93994299800845,-6.247782801051272]}"
202_0,1,-6.238799648210077,106.75129678834334,40.01865874969207,"{""geodesic"":false,""type"":""Point"",""coordinates"":[106.75129678834334,-6.238799648210077]}"
203_0,1,-6.238799648210077,106.76027994118454,37.3619008745466,"{""geodesic"":false,""type"":""Point"",""coordinates"":[106.76027994118454,-6.238799648210077]}"
204_0,1,-6.238799648210077,106.76926309402573,37.38779333866004,"{""geodesic"":false,""type"":""Point"",""coordinates"":[106.76926309402573,-6.238799648210077]}"
205_0,1,-6.238799648210077,106.77824624686693,49.17093338156646,"{""geodesic"":false,""type"":""Point"",""coordinates"":[106.77824624686693,-6.238799648210077]}"
206_0,1,-6.238799648210077,106.78722939970812,52.11759029290615,"{""geodesic"":false,""type"":""Point"",""coordinates"":[106.78722939970812,-6.238799648210077]}"
207_0,1,-6.238799648210077,106.79621255254932,67.84677197640403,"{""geodesic"":false,""type"":""Point"",""coordinates"":[106.79621255254932,-6.238799648210077]}"
208_0,1,-6.238799648210077,106.80519570539052,69.61756106785366,"{""geodesic"":false,""type"":""Point"",""coordinates"":[106.80519570539052,-6.238799648210077]}"
209_0,1,-6.238799648210077,106.81417885823171,58.38074202764602,"{""geodesic"":false,""type"":""Point"",""coordinates"":[106.81417885823171,-6.238799648210077]}"
210_0,1,-6.238799648210077,106.82316201107291,73.98994318644205,"{""geodesic"":false,""type"":""Point"",""coordinates"":[106.82316201107291,-6.238799648210077]}"
211_0,1,-6.238799648210077,106.83214516391409,71.06437683105469,"{""geodesic"":false,""type"":""Point"",""coordinates"":[106.83214516391409,-6.238799648210077]}"
212_0,1,-6.238799648210077,106.84112831675529,53.30352151804957,"{""geodesic"":false,""type"":""Point"",""coordinates"":[106.84112831675529,-6.238799648210077]}"
213_0,1,-6.238799648210077,106.85011146959648,54.67558650970459,"{""geodesic"":false,""type"":""Point"",""coordinates"":[106.85011146959648,-6.238799648210077]}"
214_0,1,-6.238799648210077,106.85909462243768,45.843182840654926,"{""geodesic"":false,""type"":""Point"",""coordinates"":[106.85909462243768,-6.238799648210077]}"
215_0,1,-6.238799648210077,106.86807777527888,48.84669118113332,"{""geodesic"":false,""type"":""Point"",""coordinates"":[106.86807777527888,-6.238799648210077]}"
216_0,1,-6.238799648210077,106.87706092812007,44.55725792126778,"{""geodesic"":false,""type"":""Point"",""coordinates"":[106.87706092812007,-6.238799648210077]}"
217_0,1,-6.238799648210077,106.88604408096127,43.09870802617706,"{""geodesic"":false,""type"":""Point"",""coordinates"":[106.88604408096127,-6.238799648210077]}"
218_0,1,-6.238799648210077,106.89502723380247,44.176026026407875,"{""geodesic"":false,""type"":""Point"",""coordinates"":[106.89502723380247,-6.238799648210077]}"
219_0,1,-6.238799648210077,106.90401038664366,38.38797752673809,"{""geodesic"":false,""type"":""Point"",""coordinates"":[106.90401038664366,-6.238799648210077]}"
220_0,1,-6.238799648210077,106.91299353948486,36.80760246410704,"{""geodesic"":false,""type"":""Point"",""coordinates"":[106.91299353948486,-6.238799648210077]}"
221_0,1,-6.238799648210077,106.92197669232606,37.08152961730957,"{""geodesic"":false,""type"":""Point"",""coordinates"":[106.92197669232606,-6.238799648210077]}"
222_0,1,-6.238799648210077,106.93095984516725,36.45232525578252,"{""geodesic"":false,""type"":""Point"",""coordinates"":[106.93095984516725,-6.238799648210077]}"
223_0,1,-6.238799648210077,106.93994299800845,35.504784505875385,"{""geodesic"":false,""type"":""Point"",""coordinates"":[106.93994299800845,-6.238799648210077]}"
224_0,1,-6.2298164953688815,106.74231363550214,33.59930709838867,"{""geodesic"":false,""type"":""Point"",""coordinates"":[106.74231363550214,-6.2298164953688815]}"
225_0,1,-6.2298164953688815,106.75129678834334,35.4036865234375,"{""geodesic"":false,""type"":""Point"",""coordinates"":[106.75129678834334,-6.2298164953688815]}"
226_0,1,-6.2298164953688815,106.76027994118454,34.408128799930694,"{""geodesic"":false,""type"":""Point"",""coordinates"":[106.76027994118454,-6.2298164953688815]}"
227_0,1,-6.2298164953688815,106.76926309402573,35.904777442084416,"{""geodesic"":false,""type"":""Point"",""coordinates"":[106.76926309402573,-6.2298164953688815]}"
228_0,1,-6.2298164953688815,106.77824624686693,40.633446971262536,"{""geodesic"":false,""type"":""Point"",""coordinates"":[106.77824624686693,-6.2298164953688815]}"
229_0,1,-6.2298164953688815,106.78722939970812,48.29586797290378,"{""geodesic"":false,""type"":""Point"",""coordinates"":[106.78722939970812,-6.2298164953688815]}"
230_0,1,-6.2298164953688815,106.79621255254932,67.4372329711914,"{""geodesic"":false,""type"":""Point"",""coordinates"":[106.79621255254932,-6.2298164953688815]}"
231_0,1,-6.2298164953688815,106.80519570539052,88.7455810546875,"{""geodesic"":false,""type"":""Point"",""coordinates"":[106.80519570539052,-6.2298164953688815]}"
232_0,1,-6.2298164953688815,106.81417885823171,87.48120935757954,"{""geodesic"":false,""type"":""Point"",""coordinates"":[106.81417885823171,-6.2298164953688815]}"
233_0,1,-6.2298164953688815,106.82316201107291,80.13560622485716,"{""geodesic"":false,""type"":""Point"",""coordinates"":[106.82316201107291,-6.2298164953688815]}"
234_0,1,-6.2298164953688815,106.83214516391409,70.77819569905598,"{""geodesic"":false,""type"":""Point"",""coordinates"":[106.83214516391409,-6.2298164953688815]}"
235_0,1,-6.2298164953688815,106.84112831675529,54.12889139275802,"{""geodesic"":false,""type"":""Point"",""coordinates"":[106.84112831675529,-6.2298164953688815]}"
236_0,1,-6.2298164953688815,106.85011146959648,55.910393427288724,"{""geodesic"":false,""type"":""Point"",""coordinates"":[106.85011146959648,-6.2298164953688815]}"
237_0,1,-6.2298164953688815,106.85909462243768,49.086180165608724,"{""geodesic"":false,""type"":""Point"",""coordinates"":[106.85909462243768,-6.2298164953688815]}"
238_0,1,-6.2298164953688815,106.86807777527888,51.59070218933953,"{""geodesic"":false,""type"":""Point"",""coordinates"":[106.86807777527888,-6.2298164953688815]}"
239_0,1,-6.2298164953688815,106.87706092812007,49.06665003741229,"{""geodesic"":false,""type"":""Point"",""coordinates"":[106.87706092812007,-6.2298164953688815]}"
240_0,1,-6.2298164953688815,106.88604408096127,50.66468739827474,"{""geodesic"":false,""type"":""Point"",""coordinates"":[106.88604408096127,-6.2298164953688815]}"
241_0,1,-6.2298164953688815,106.89502723380247,42.6174762673574,"{""geodesic"":false,""type"":""Point"",""coordinates"":[106.89502723380247,-6.2298164953688815]}"
242_0,1,-6.2298164953688815,106.90401038664366,38.485397441967116,"{""geodesic"":false,""type"":""Point"",""coordinates"":[106.90401038664366,-6.2298164953688815]}"
243_0,1,-6.2298164953688815,106.91299353948486,37.538876551502156,"{""geodesic"":false,""type"":""Point"",""coordinates"":[106.91299353948486,-6.2298164953688815]}"
244_0,1,-6.2298164953688815,106.92197669232606,39.25743359425029,"{""geodesic"":false,""type"":""Point"",""coordinates"":[106.92197669232606,-6.2298164953688815]}"
245_0,1,-6.2298164953688815,106.93095984516725,38.5613501597259,"{""geodesic"":false,""type"":""Point"",""coordinates"":[106.93095984516725,-6.2298164953688815]}"
246_0,1,-6.2298164953688815,106.93994299800845,37.61054827472356,"{""geodesic"":false,""type"":""Point"",""coordinates"":[106.93994299800845,-6.2298164953688815]}"
247_0,1,-6.220833342527687,106.72434732981975,34.54669549330225,"{""geodesic"":false,""type"":""Point"",""coordinates"":[106.72434732981975,-6.220833342527687]}"
248_0,1,-6.220833342527687,106.73333048266095,38.00482177734375,"{""geodesic"":false,""type"":""Point"",""coordinates"":[106.73333048266095,-6.220833342527687]}"
249_0,1,-6.220833342527687,106.74231363550214,36.79639107840402,"{""geodesic"":false,""type"":""Point"",""coordinates"":[106.74231363550214,-6.220833342527687]}"
250_0,1,-6.220833342527687,106.75129678834334,40.085087516091086,"{""geodesic"":false,""type"":""Point"",""coordinates"":[106.75129678834334,-6.220833342527687]}"
251_0,1,-6.220833342527687,106.76027994118454,39.31772192200618,"{""geodesic"":false,""type"":""Point"",""coordinates"":[106.76027994118454,-6.220833342527687]}"
252_0,1,-6.220833342527687,106.76926309402573,42.473262786865234,"{""geodesic"":false,""type"":""Point"",""coordinates"":[106.76926309402573,-6.220833342527687]}"
253_0,1,-6.220833342527687,106.77824624686693,46.81896946528187,"{""geodesic"":false,""type"":""Point"",""coordinates"":[106.77824624686693,-6.220833342527687]}"
254_0,1,-6.220833342527687,106.78722939970812,48.06385601268095,"{""geodesic"":false,""type"":""Point"",""coordinates"":[106.78722939970812,-6.220833342527687]}"
255_0,1,-6.220833342527687,106.79621255254932,125.81600189208984,"{""geodesic"":false,""type"":""Point"",""coordinates"":[106.79621255254932,-6.220833342527687]}"
256_0,1,-6.220833342527687,106.80519570539052,126.76966434054904,"{""geodesic"":false,""type"":""Point"",""coordinates"":[106.80519570539052,-6.220833342527687]}"
257_0,1,-6.220833342527687,106.81417885823171,97.10798835754395,"{""geodesic"":false,""type"":""Point"",""coordinates"":[106.81417885823171,-6.220833342527687]}"
258_0,1,-6.220833342527687,106.82316201107291,75.32045394568135,"{""geodesic"":false,""type"":""Point"",""coordinates"":[106.82316201107291,-6.220833342527687]}"
259_0,1,-6.220833342527687,106.83214516391409,80.72393035888672,"{""geodesic"":false,""type"":""Point"",""coordinates"":[106.83214516391409,-6.220833342527687]}"
260_0,1,-6.220833342527687,106.84112831675529,62.59627000276033,"{""geodesic"":false,""type"":""Point"",""coordinates"":[106.84112831675529,-6.220833342527687]}"
261_0,1,-6.220833342527687,106.85011146959648,47.87698591248063,"{""geodesic"":false,""type"":""Point"",""coordinates"":[106.85011146959648,-6.220833342527687]}"
262_0,1,-6.220833342527687,106.85909462243768,54.16347358596157,"{""geodesic"":false,""type"":""Point"",""coordinates"":[106.85909462243768,-6.220833342527687]}"
263_0,1,-6.220833342527687,106.86807777527888,55.89040811712091,"{""geodesic"":false,""type"":""Point"",""coordinates"":[106.86807777527888,-6.220833342527687]}"
264_0,1,-6.220833342527687,106.87706092812007,64.64136618536872,"{""geodesic"":false,""type"":""Point"",""coordinates"":[106.87706092812007,-6.220833342527687]}"
265_0,1,-6.220833342527687,106.88604408096127,52.84763526916504,"{""geodesic"":false,""type"":""Point"",""coordinates"":[106.88604408096127,-6.220833342527687]}"
266_0,1,-6.220833342527687,106.89502723380247,39.86554573966073,"{""geodesic"":false,""type"":""Point"",""coordinates"":[106.89502723380247,-6.220833342527687]}"
267_0,1,-6.220833342527687,106.90401038664366,38.69325467623197,"{""geodesic"":false,""type"":""Point"",""coordinates"":[106.90401038664366,-6.220833342527687]}"
268_0,1,-6.220833342527687,106.91299353948486,40.82092035227809,"{""geodesic"":false,""type"":""Point"",""coordinates"":[106.91299353948486,-6.220833342527687]}"
269_0,1,-6.220833342527687,106.92197669232606,42.567620277404785,"{""geodesic"":false,""type"":""Point"",""coordinates"":[106.92197669232606,-6.220833342527687]}"
270_0,1,-6.220833342527687,106.93095984516725,40.779305971585785,"{""geodesic"":false,""type"":""Point"",""coordinates"":[106.93095984516725,-6.220833342527687]}"
271_0,1,-6.220833342527687,106.93994299800845,43.11139565083518,"{""geodesic"":false,""type"":""Point"",""coordinates"":[106.93994299800845,-6.220833342527687]}"
272_0,1,-6.220833342527687,106.94892615084963,41.41105123666617,"{""geodesic"":false,""type"":""Point"",""coordinates"":[106.94892615084963,-6.220833342527687]}"
273_0,1,-6.2118501896864915,106.72434732981975,34.35404304444321,"{""geodesic"":false,""type"":""Point"",""coordinates"":[106.72434732981975,-6.2118501896864915]}"
274_0,1,-6.2118501896864915,106.73333048266095,40.15324887362394,"{""geodesic"":false,""type"":""Point"",""coordinates"":[106.73333048266095,-6.2118501896864915]}"
275_0,1,-6.2118501896864915,106.74231363550214,37.38919282996136,"{""geodesic"":false,""type"":""Point"",""coordinates"":[106.74231363550214,-6.2118501896864915]}"
276_0,1,-6.2118501896864915,106.75129678834334,40.02959775057706,"{""geodesic"":false,""type"":""Point"",""coordinates"":[106.75129678834334,-6.2118501896864915]}"
277_0,1,-6.2118501896864915,106.76027994118454,40.815824675559995,"{""geodesic"":false,""type"":""Point"",""coordinates"":[106.76027994118454,-6.2118501896864915]}"
278_0,1,-6.2118501896864915,106.76926309402573,46.21517528806414,"{""geodesic"":false,""type"":""Point"",""coordinates"":[106.76926309402573,-6.2118501896864915]}"
279_0,1,-6.2118501896864915,106.77824624686693,46.29352615356445,"{""geodesic"":false,""type"":""Point"",""coordinates"":[106.77824624686693,-6.2118501896864915]}"
280_0,1,-6.2118501896864915,106.78722939970812,47.04348415027965,"{""geodesic"":false,""type"":""Point"",""coordinates"":[106.78722939970812,-6.2118501896864915]}"
281_0,1,-6.2118501896864915,106.79621255254932,108.52037976582845,"{""geodesic"":false,""type"":""Point"",""coordinates"":[106.79621255254932,-6.2118501896864915]}"
282_0,1,-6.2118501896864915,106.80519570539052,88.7498885315734,"{""geodesic"":false,""type"":""Point"",""coordinates"":[106.80519570539052,-6.2118501896864915]}"
283_0,1,-6.2118501896864915,106.81417885823171,73.83690700890882,"{""geodesic"":false,""type"":""Point"",""coordinates"":[106.81417885823171,-6.2118501896864915]}"
284_0,1,-6.2118501896864915,106.82316201107291,84.5722427368164,"{""geodesic"":false,""type"":""Point"",""coordinates"":[106.82316201107291,-6.2118501896864915]}"
285_0,1,-6.2118501896864915,106.83214516391409,65.13417249737364,"{""geodesic"":false,""type"":""Point"",""coordinates"":[106.83214516391409,-6.2118501896864915]}"
286_0,1,-6.2118501896864915,106.84112831675529,53.33708294955167,"{""geodesic"":false,""type"":""Point"",""coordinates"":[106.84112831675529,-6.2118501896864915]}"
287_0,1,-6.2118501896864915,106.85011146959648,48.884597319409366,"{""geodesic"":false,""type"":""Point"",""coordinates"":[106.85011146959648,-6.2118501896864915]}"
288_0,1,-6.2118501896864915,106.85909462243768,54.86470977783203,"{""geodesic"":false,""type"":""Point"",""coordinates"":[106.85909462243768,-6.2118501896864915]}"
289_0,1,-6.2118501896864915,106.86807777527888,52.922101937088314,"{""geodesic"":false,""type"":""Point"",""coordinates"":[106.86807777527888,-6.2118501896864915]}"
290_0,1,-6.2118501896864915,106.87706092812007,49.439231872558594,"{""geodesic"":false,""type"":""Point"",""coordinates"":[106.87706092812007,-6.2118501896864915]}"
291_0,1,-6.2118501896864915,106.88604408096127,49.334896450950986,"{""geodesic"":false,""type"":""Point"",""coordinates"":[106.88604408096127,-6.2118501896864915]}"
292_0,1,-6.2118501896864915,106.89502723380247,44.928311444203786,"{""geodesic"":false,""type"":""Point"",""coordinates"":[106.89502723380247,-6.2118501896864915]}"
293_0,1,-6.2118501896864915,106.90401038664366,42.45006885696931,"{""geodesic"":false,""type"":""Point"",""coordinates"":[106.90401038664366,-6.2118501896864915]}"
294_0,1,-6.2118501896864915,106.91299353948486,43.424594805790825,"{""geodesic"":false,""type"":""Point"",""coordinates"":[106.91299353948486,-6.2118501896864915]}"
295_0,1,-6.2118501896864915,106.92197669232606,40.16844033413246,"{""geodesic"":false,""type"":""Point"",""coordinates"":[106.92197669232606,-6.2118501896864915]}"
296_0,1,-6.2118501896864915,106.93095984516725,39.01727100840786,"{""geodesic"":false,""type"":""Point"",""coordinates"":[106.93095984516725,-6.2118501896864915]}"
297_0,1,-6.2118501896864915,106.93994299800845,41.55900326581069,"{""geodesic"":false,""type"":""Point"",""coordinates"":[106.93994299800845,-6.2118501896864915]}"
298_0,1,-6.2118501896864915,106.94892615084963,44.33577493790093,"{""geodesic"":false,""type"":""Point"",""coordinates"":[106.94892615084963,-6.2118501896864915]}"
299_0,1,-6.2118501896864915,106.95790930369083,40.666981240977414,"{""geodesic"":false,""type"":""Point"",""coordinates"":[106.95790930369083,-6.2118501896864915]}"
300_0,1,-6.202867036845296,106.72434732981975,36.66635340860445,"{""geodesic"":false,""type"":""Point"",""coordinates"":[106.72434732981975,-6.202867036845296]}"
301_0,1,-6.202867036845296,106.73333048266095,40.408348083496094,"{""geodesic"":false,""type"":""Point"",""coordinates"":[106.73333048266095,-6.202867036845296]}"
302_0,1,-6.202867036845296,106.74231363550214,43.42786607288179,"{""geodesic"":false,""type"":""Point"",""coordinates"":[106.74231363550214,-6.202867036845296]}"
303_0,1,-6.202867036845296,106.75129678834334,46.519670486450195,"{""geodesic"":false,""type"":""Point"",""coordinates"":[106.75129678834334,-6.202867036845296]}"
304_0,1,-6.202867036845296,106.76027994118454,49.150674964442395,"{""geodesic"":false,""type"":""Point"",""coordinates"":[106.76027994118454,-6.202867036845296]}"
305_0,1,-6.202867036845296,106.76926309402573,47.23056411743164,"{""geodesic"":false,""type"":""Point"",""coordinates"":[106.76926309402573,-6.202867036845296]}"
306_0,1,-6.202867036845296,106.77824624686693,45.8960844039917,"{""geodesic"":false,""type"":""Point"",""coordinates"":[106.77824624686693,-6.202867036845296]}"
307_0,1,-6.202867036845296,106.78722939970812,46.311107487641564,"{""geodesic"":false,""type"":""Point"",""coordinates"":[106.78722939970812,-6.202867036845296]}"
308_0,1,-6.202867036845296,106.79621255254932,62.11171247900986,"{""geodesic"":false,""type"":""Point"",""coordinates"":[106.79621255254932,-6.202867036845296]}"
309_0,1,-6.202867036845296,106.80519570539052,61.2080700662401,"{""geodesic"":false,""type"":""Point"",""coordinates"":[106.80519570539052,-6.202867036845296]}"
310_0,1,-6.202867036845296,106.81417885823171,64.05974756876627,"{""geodesic"":false,""type"":""Point"",""coordinates"":[106.81417885823171,-6.202867036845296]}"
311_0,1,-6.202867036845296,106.82316201107291,102.2055182320731,"{""geodesic"":false,""type"":""Point"",""coordinates"":[106.82316201107291,-6.202867036845296]}"
312_0,1,-6.202867036845296,106.83214516391409,63.655832204511086,"{""geodesic"":false,""type"":""Point"",""coordinates"":[106.83214516391409,-6.202867036845296]}"
313_0,1,-6.202867036845296,106.84112831675529,54.569141249223186,"{""geodesic"":false,""type"":""Point"",""coordinates"":[106.84112831675529,-6.202867036845296]}"
314_0,1,-6.202867036845296,106.85011146959648,59.968315267896315,"{""geodesic"":false,""type"":""Point"",""coordinates"":[106.85011146959648,-6.202867036845296]}"
315_0,1,-6.202867036845296,106.85909462243768,49.913535425218484,"{""geodesic"":false,""type"":""Point"",""coordinates"":[106.85909462243768,-6.202867036845296]}"
316_0,1,-6.202867036845296,106.86807777527888,47.15062289767795,"{""geodesic"":false,""type"":""Point"",""coordinates"":[106.86807777527888,-6.202867036845296]}"
317_0,1,-6.202867036845296,106.87706092812007,45.875409150734924,"{""geodesic"":false,""type"":""Point"",""coordinates"":[106.87706092812007,-6.202867036845296]}"
318_0,1,-6.202867036845296,106.88604408096127,46.194685767678656,"{""geodesic"":false,""type"":""Point"",""coordinates"":[106.88604408096127,-6.202867036845296]}"
319_0,1,-6.202867036845296,106.89502723380247,44.15058573970088,"{""geodesic"":false,""type"":""Point"",""coordinates"":[106.89502723380247,-6.202867036845296]}"
320_0,1,-6.202867036845296,106.90401038664366,41.18629837036133,"{""geodesic"":false,""type"":""Point"",""coordinates"":[106.90401038664366,-6.202867036845296]}"
321_0,1,-6.202867036845296,106.91299353948486,38.18945647122567,"{""geodesic"":false,""type"":""Point"",""coordinates"":[106.91299353948486,-6.202867036845296]}"
322_0,1,-6.202867036845296,106.92197669232606,36.20753209731158,"{""geodesic"":false,""type"":""Point"",""coordinates"":[106.92197669232606,-6.202867036845296]}"
323_0,1,-6.202867036845296,106.93095984516725,38.91805956913875,"{""geodesic"":false,""type"":""Point"",""coordinates"":[106.93095984516725,-6.202867036845296]}"
324_0,1,-6.202867036845296,106.93994299800845,38.966420966888144,"{""geodesic"":false,""type"":""Point"",""coordinates"":[106.93994299800845,-6.202867036845296]}"
325_0,1,-6.202867036845296,106.94892615084963,42.6842597890123,"{""geodesic"":false,""type"":""Point"",""coordinates"":[106.94892615084963,-6.202867036845296]}"
326_0,1,-6.202867036845296,106.95790930369083,41.17455728237446,"{""geodesic"":false,""type"":""Point"",""coordinates"":[106.95790930369083,-6.202867036845296]}"
327_0,1,-6.193883884004101,106.72434732981975,43.57493675529183,"{""geodesic"":false,""type"":""Point"",""coordinates"":[106.72434732981975,-6.193883884004101]}"
328_0,1,-6.193883884004101,106.73333048266095,50.66128238878752,"{""geodesic"":false,""type"":""Point"",""coordinates"":[106.73333048266095,-6.193883884004101]}"
329_0,1,-6.193883884004101,106.74231363550214,51.387776329403835,"{""geodesic"":false,""type"":""Point"",""coordinates"":[106.74231363550214,-6.193883884004101]}"
330_0,1,-6.193883884004101,106.75129678834334,52.84865095808699,"{""geodesic"":false,""type"":""Point"",""coordinates"":[106.75129678834334,-6.193883884004101]}"
331_0,1,-6.193883884004101,106.76027994118454,65.76032948213465,"{""geodesic"":false,""type"":""Point"",""coordinates"":[106.76027994118454,-6.193883884004101]}"
332_0,1,-6.193883884004101,106.76926309402573,50.647947793478494,"{""geodesic"":false,""type"":""Point"",""coordinates"":[106.76926309402573,-6.193883884004101]}"
333_0,1,-6.193883884004101,106.77824624686693,44.08995226809853,"{""geodesic"":false,""type"":""Point"",""coordinates"":[106.77824624686693,-6.193883884004101]}"
334_0,1,-6.193883884004101,106.78722939970812,44.14222089255728,"{""geodesic"":false,""type"":""Point"",""coordinates"":[106.78722939970812,-6.193883884004101]}"
335_0,1,-6.193883884004101,106.79621255254932,54.80546760559082,"{""geodesic"":false,""type"":""Point"",""coordinates"":[106.79621255254932,-6.193883884004101]}"
336_0,1,-6.193883884004101,106.80519570539052,51.76739584604899,"{""geodesic"":false,""type"":""Point"",""coordinates"":[106.80519570539052,-6.193883884004101]}"
337_0,1,-6.193883884004101,106.81417885823171,59.277050390476134,"{""geodesic"":false,""type"":""Point"",""coordinates"":[106.81417885823171,-6.193883884004101]}"
338_0,1,-6.193883884004101,106.82316201107291,84.82076629638672,"{""geodesic"":false,""type"":""Point"",""coordinates"":[106.82316201107291,-6.193883884004101]}"
339_0,1,-6.193883884004101,106.83214516391409,65.1836051940918,"{""geodesic"":false,""type"":""Point"",""coordinates"":[106.83214516391409,-6.193883884004101]}"
340_0,1,-6.193883884004101,106.84112831675529,60.79635319565282,"{""geodesic"":false,""type"":""Point"",""coordinates"":[106.84112831675529,-6.193883884004101]}"
341_0,1,-6.193883884004101,106.85011146959648,58.80766724480523,"{""geodesic"":false,""type"":""Point"",""coordinates"":[106.85011146959648,-6.193883884004101]}"
342_0,1,-6.193883884004101,106.85909462243768,51.61086396111382,"{""geodesic"":false,""type"":""Point"",""coordinates"":[106.85909462243768,-6.193883884004101]}"
343_0,1,-6.193883884004101,106.86807777527888,51.852636896769205,"{""geodesic"":false,""type"":""Point"",""coordinates"":[106.86807777527888,-6.193883884004101]}"
344_0,1,-6.193883884004101,106.87706092812007,52.289626484185874,"{""geodesic"":false,""type"":""Point"",""coordinates"":[106.87706092812007,-6.193883884004101]}"
345_0,1,-6.193883884004101,106.88604408096127,56.161277421558175,"{""geodesic"":false,""type"":""Point"",""coordinates"":[106.88604408096127,-6.193883884004101]}"
346_0,1,-6.193883884004101,106.89502723380247,50.850218636649,"{""geodesic"":false,""type"":""Point"",""coordinates"":[106.89502723380247,-6.193883884004101]}"
347_0,1,-6.193883884004101,106.90401038664366,46.55268730551509,"{""geodesic"":false,""type"":""Point"",""coordinates"":[106.90401038664366,-6.193883884004101]}"
348_0,1,-6.193883884004101,106.91299353948486,40.749183654785156,"{""geodesic"":false,""type"":""Point"",""coordinates"":[106.91299353948486,-6.193883884004101]}"
349_0,1,-6.193883884004101,106.92197669232606,39.31415271759033,"{""geodesic"":false,""type"":""Point"",""coordinates"":[106.92197669232606,-6.193883884004101]}"
350_0,1,-6.193883884004101,106.93095984516725,37.677174010834136,"{""geodesic"":false,""type"":""Point"",""coordinates"":[106.93095984516725,-6.193883884004101]}"
351_0,1,-6.193883884004101,106.93994299800845,38.81487425318304,"{""geodesic"":false,""type"":""Point"",""coordinates"":[106.93994299800845,-6.193883884004101]}"
352_0,1,-6.193883884004101,106.94892615084963,40.62733571491544,"{""geodesic"":false,""type"":""Point"",""coordinates"":[106.94892615084963,-6.193883884004101]}"
353_0,1,-6.193883884004101,106.95790930369083,41.87326675415039,"{""geodesic"":false,""type"":""Point"",""coordinates"":[106.95790930369083,-6.193883884004101]}"
354_0,1,-6.193883884004101,106.96689245653202,50.38152156464041,"{""geodesic"":false,""type"":""Point"",""coordinates"":[106.96689245653202,-6.193883884004101]}"
355_0,1,-6.184900731162906,106.71536417697857,48.34000484363453,"{""geodesic"":false,""type"":""Point"",""coordinates"":[106.71536417697857,-6.184900731162906]}"
356_0,1,-6.184900731162906,106.72434732981975,44.13010803428856,"{""geodesic"":false,""type"":""Point"",""coordinates"":[106.72434732981975,-6.184900731162906]}"
357_0,1,-6.184900731162906,106.73333048266095,57.558939641835735,"{""geodesic"":false,""type"":""Point"",""coordinates"":[106.73333048266095,-6.184900731162906]}"
358_0,1,-6.184900731162906,106.74231363550214,50.64229046214711,"{""geodesic"":false,""type"":""Point"",""coordinates"":[106.74231363550214,-6.184900731162906]}"
359_0,1,-6.184900731162906,106.75129678834334,52.27326583862305,"{""geodesic"":false,""type"":""Point"",""coordinates"":[106.75129678834334,-6.184900731162906]}"
360_0,1,-6.184900731162906,106.76027994118454,57.152114030791495,"{""geodesic"":false,""type"":""Point"",""coordinates"":[106.76027994118454,-6.184900731162906]}"
361_0,1,-6.184900731162906,106.76926309402573,52.36512108899038,"{""geodesic"":false,""type"":""Point"",""coordinates"":[106.76926309402573,-6.184900731162906]}"
362_0,1,-6.184900731162906,106.77824624686693,51.90447792862401,"{""geodesic"":false,""type"":""Point"",""coordinates"":[106.77824624686693,-6.184900731162906]}"
363_0,1,-6.184900731162906,106.78722939970812,52.89085237603439,"{""geodesic"":false,""type"":""Point"",""coordinates"":[106.78722939970812,-6.184900731162906]}"
364_0,1,-6.184900731162906,106.79621255254932,68.69313049316406,"{""geodesic"":false,""type"":""Point"",""coordinates"":[106.79621255254932,-6.184900731162906]}"
365_0,1,-6.184900731162906,106.80519570539052,54.83788246944033,"{""geodesic"":false,""type"":""Point"",""coordinates"":[106.80519570539052,-6.184900731162906]}"
366_0,1,-6.184900731162906,106.81417885823171,62.125451295272164,"{""geodesic"":false,""type"":""Point"",""coordinates"":[106.81417885823171,-6.184900731162906]}"
367_0,1,-6.184900731162906,106.82316201107291,82.62056628140536,"{""geodesic"":false,""type"":""Point"",""coordinates"":[106.82316201107291,-6.184900731162906]}"
368_0,1,-6.184900731162906,106.83214516391409,95.36738186195248,"{""geodesic"":false,""type"":""Point"",""coordinates"":[106.83214516391409,-6.184900731162906]}"
369_0,1,-6.184900731162906,106.84112831675529,70.88058283299576,"{""geodesic"":false,""type"":""Point"",""coordinates"":[106.84112831675529,-6.184900731162906]}"
370_0,1,-6.184900731162906,106.85011146959648,50.850206922191056,"{""geodesic"":false,""type"":""Point"",""coordinates"":[106.85011146959648,-6.184900731162906]}"
371_0,1,-6.184900731162906,106.85909462243768,51.08500234859506,"{""geodesic"":false,""type"":""Point"",""coordinates"":[106.85909462243768,-6.184900731162906]}"
372_0,1,-6.184900731162906,106.86807777527888,52.17019276185469,"{""geodesic"":false,""type"":""Point"",""coordinates"":[106.86807777527888,-6.184900731162906]}"
373_0,1,-6.184900731162906,106.87706092812007,48.883991607247964,"{""geodesic"":false,""type"":""Point"",""coordinates"":[106.87706092812007,-6.184900731162906]}"
374_0,1,-6.184900731162906,106.88604408096127,48.43789359960663,"{""geodesic"":false,""type"":""Point"",""coordinates"":[106.88604408096127,-6.184900731162906]}"
375_0,1,-6.184900731162906,106.89502723380247,46.61981932970942,"{""geodesic"":false,""type"":""Point"",""coordinates"":[106.89502723380247,-6.184900731162906]}"
376_0,1,-6.184900731162906,106.90401038664366,47.8568891995195,"{""geodesic"":false,""type"":""Point"",""coordinates"":[106.90401038664366,-6.184900731162906]}"
377_0,1,-6.184900731162906,106.91299353948486,45.70411097749751,"{""geodesic"":false,""type"":""Point"",""coordinates"":[106.91299353948486,-6.184900731162906]}"
378_0,1,-6.184900731162906,106.92197669232606,46.61174098232336,"{""geodesic"":false,""type"":""Point"",""coordinates"":[106.92197669232606,-6.184900731162906]}"
379_0,1,-6.184900731162906,106.93095984516725,43.36417902432955,"{""geodesic"":false,""type"":""Point"",""coordinates"":[106.93095984516725,-6.184900731162906]}"
380_0,1,-6.184900731162906,106.93994299800845,46.87804445539202,"{""geodesic"":false,""type"":""Point"",""coordinates"":[106.93994299800845,-6.184900731162906]}"
381_0,1,-6.184900731162906,106.94892615084963,43.817889266543915,"{""geodesic"":false,""type"":""Point"",""coordinates"":[106.94892615084963,-6.184900731162906]}"
382_0,1,-6.184900731162906,106.95790930369083,43.09313060215541,"{""geodesic"":false,""type"":""Point"",""coordinates"":[106.95790930369083,-6.184900731162906]}"
383_0,1,-6.184900731162906,106.96689245653202,48.4126337491549,"{""geodesic"":false,""type"":""Point"",""coordinates"":[106.96689245653202,-6.184900731162906]}"
384_0,1,-6.175917578321711,106.69739787129618,39.08167513892764,"{""geodesic"":false,""type"":""Point"",""coordinates"":[106.69739787129618,-6.175917578321711]}"
385_0,1,-6.175917578321711,106.70638102413737,46.06912827165159,"{""geodesic"":false,""type"":""Point"",""coordinates"":[106.70638102413737,-6.175917578321711]}"
386_0,1,-6.175917578321711,106.71536417697857,48.68693806574895,"{""geodesic"":false,""type"":""Point"",""coordinates"":[106.71536417697857,-6.175917578321711]}"
387_0,1,-6.175917578321711,106.72434732981975,43.40215888390174,"{""geodesic"":false,""type"":""Point"",""coordinates"":[106.72434732981975,-6.175917578321711]}"
388_0,1,-6.175917578321711,106.73333048266095,48.4068603515625,"{""geodesic"":false,""type"":""Point"",""coordinates"":[106.73333048266095,-6.175917578321711]}"
389_0,1,-6.175917578321711,106.74231363550214,47.057757811112836,"{""geodesic"":false,""type"":""Point"",""coordinates"":[106.74231363550214,-6.175917578321711]}"
390_0,1,-6.175917578321711,106.75129678834334,47.76018940318715,"{""geodesic"":false,""type"":""Point"",""coordinates"":[106.75129678834334,-6.175917578321711]}"
391_0,1,-6.175917578321711,106.76027994118454,49.287235260009766,"{""geodesic"":false,""type"":""Point"",""coordinates"":[106.76027994118454,-6.175917578321711]}"
392_0,1,-6.175917578321711,106.76926309402573,49.78930473327637,"{""geodesic"":false,""type"":""Point"",""coordinates"":[106.76926309402573,-6.175917578321711]}"
393_0,1,-6.175917578321711,106.77824624686693,51.269378662109375,"{""geodesic"":false,""type"":""Point"",""coordinates"":[106.77824624686693,-6.175917578321711]}"
394_0,1,-6.175917578321711,106.78722939970812,64.29112388974144,"{""geodesic"":false,""type"":""Point"",""coordinates"":[106.78722939970812,-6.175917578321711]}"
395_0,1,-6.175917578321711,106.79621255254932,62.7882755279541,"{""geodesic"":false,""type"":""Point"",""coordinates"":[106.79621255254932,-6.175917578321711]}"
396_0,1,-6.175917578321711,106.80519570539052,53.584877944574124,"{""geodesic"":false,""type"":""Point"",""coordinates"":[106.80519570539052,-6.175917578321711]}"
397_0,1,-6.175917578321711,106.81417885823171,68.10479420979817,"{""geodesic"":false,""type"":""Point"",""coordinates"":[106.81417885823171,-6.175917578321711]}"
398_0,1,-6.175917578321711,106.82316201107291,115.66439229791814,"{""geodesic"":false,""type"":""Point"",""coordinates"":[106.82316201107291,-6.175917578321711]}"
399_0,1,-6.175917578321711,106.83214516391409,108.62691266349192,"{""geodesic"":false,""type"":""Point"",""coordinates"":[106.83214516391409,-6.175917578321711]}"
400_0,1,-6.175917578321711,106.84112831675529,79.37576033717902,"{""geodesic"":false,""type"":""Point"",""coordinates"":[106.84112831675529,-6.175917578321711]}"
401_0,1,-6.175917578321711,106.85011146959648,52.93006530062843,"{""geodesic"":false,""type"":""Point"",""coordinates"":[106.85011146959648,-6.175917578321711]}"
402_0,1,-6.175917578321711,106.85909462243768,52.619263608231506,"{""geodesic"":false,""type"":""Point"",""coordinates"":[106.85909462243768,-6.175917578321711]}"
403_0,1,-6.175917578321711,106.86807777527888,50.60023523966471,"{""geodesic"":false,""type"":""Point"",""coordinates"":[106.86807777527888,-6.175917578321711]}"
404_0,1,-6.175917578321711,106.87706092812007,48.63555415760387,"{""geodesic"":false,""type"":""Point"",""coordinates"":[106.87706092812007,-6.175917578321711]}"
405_0,1,-6.175917578321711,106.88604408096127,47.14189532545746,"{""geodesic"":false,""type"":""Point"",""coordinates"":[106.88604408096127,-6.175917578321711]}"
406_0,1,-6.175917578321711,106.89502723380247,49.2240686416626,"{""geodesic"":false,""type"":""Point"",""coordinates"":[106.89502723380247,-6.175917578321711]}"
407_0,1,-6.175917578321711,106.90401038664366,48.096519470214844,"{""geodesic"":false,""type"":""Point"",""coordinates"":[106.90401038664366,-6.175917578321711]}"
408_0,1,-6.175917578321711,106.91299353948486,52.811217837863495,"{""geodesic"":false,""type"":""Point"",""coordinates"":[106.91299353948486,-6.175917578321711]}"
409_0,1,-6.175917578321711,106.92197669232606,51.394052559988836,"{""geodesic"":false,""type"":""Point"",""coordinates"":[106.92197669232606,-6.175917578321711]}"
410_0,1,-6.175917578321711,106.93095984516725,43.635162353515625,"{""geodesic"":false,""type"":""Point"",""coordinates"":[106.93095984516725,-6.175917578321711]}"
411_0,1,-6.175917578321711,106.93994299800845,46.44996554763229,"{""geodesic"":false,""type"":""Point"",""coordinates"":[106.93994299800845,-6.175917578321711]}"
412_0,1,-6.175917578321711,106.94892615084963,45.88714203467736,"{""geodesic"":false,""type"":""Point"",""coordinates"":[106.94892615084963,-6.175917578321711]}"
413_0,1,-6.175917578321711,106.95790930369083,50.04860613423009,"{""geodesic"":false,""type"":""Point"",""coordinates"":[106.95790930369083,-6.175917578321711]}"
414_0,1,-6.175917578321711,106.96689245653202,47.81537728939416,"{""geodesic"":false,""type"":""Point"",""coordinates"":[106.96689245653202,-6.175917578321711]}"
415_0,1,-6.166934425480515,106.69739787129618,36.712726706889136,"{""geodesic"":false,""type"":""Point"",""coordinates"":[106.69739787129618,-6.166934425480515]}"
416_0,1,-6.166934425480515,106.70638102413737,39.05441893392534,"{""geodesic"":false,""type"":""Point"",""coordinates"":[106.70638102413737,-6.166934425480515]}"
417_0,1,-6.166934425480515,106.71536417697857,41.61719512939453,"{""geodesic"":false,""type"":""Point"",""coordinates"":[106.71536417697857,-6.166934425480515]}"
418_0,1,-6.166934425480515,106.72434732981975,41.3075803120931,"{""geodesic"":false,""type"":""Point"",""coordinates"":[106.72434732981975,-6.166934425480515]}"
419_0,1,-6.166934425480515,106.73333048266095,47.54817226634306,"{""geodesic"":false,""type"":""Point"",""coordinates"":[106.73333048266095,-6.166934425480515]}"
420_0,1,-6.166934425480515,106.74231363550214,45.11445617675781,"{""geodesic"":false,""type"":""Point"",""coordinates"":[106.74231363550214,-6.166934425480515]}"
421_0,1,-6.166934425480515,106.75129678834334,51.8831787109375,"{""geodesic"":false,""type"":""Point"",""coordinates"":[106.75129678834334,-6.166934425480515]}"
422_0,1,-6.166934425480515,106.76027994118454,60.72772997075861,"{""geodesic"":false,""type"":""Point"",""coordinates"":[106.76027994118454,-6.166934425480515]}"
423_0,1,-6.166934425480515,106.76926309402573,57.376089859008786,"{""geodesic"":false,""type"":""Point"",""coordinates"":[106.76926309402573,-6.166934425480515]}"
424_0,1,-6.166934425480515,106.77824624686693,57.19039212740385,"{""geodesic"":false,""type"":""Point"",""coordinates"":[106.77824624686693,-6.166934425480515]}"
425_0,1,-6.166934425480515,106.78722939970812,67.80864549719769,"{""geodesic"":false,""type"":""Point"",""coordinates"":[106.78722939970812,-6.166934425480515]}"
426_0,1,-6.166934425480515,106.79621255254932,57.16793516991844,"{""geodesic"":false,""type"":""Point"",""coordinates"":[106.79621255254932,-6.166934425480515]}"
427_0,1,-6.166934425480515,106.80519570539052,54.58711114476939,"{""geodesic"":false,""type"":""Point"",""coordinates"":[106.80519570539052,-6.166934425480515]}"
428_0,1,-6.166934425480515,106.81417885823171,61.772379510542926,"{""geodesic"":false,""type"":""Point"",""coordinates"":[106.81417885823171,-6.166934425480515]}"
429_0,1,-6.166934425480515,106.82316201107291,99.69125099182129,"{""geodesic"":false,""type"":""Point"",""coordinates"":[106.82316201107291,-6.166934425480515]}"
430_0,1,-6.166934425480515,106.83214516391409,109.25325242528376,"{""geodesic"":false,""type"":""Point"",""coordinates"":[106.83214516391409,-6.166934425480515]}"
431_0,1,-6.166934425480515,106.84112831675529,81.71910533198604,"{""geodesic"":false,""type"":""Point"",""coordinates"":[106.84112831675529,-6.166934425480515]}"
432_0,1,-6.166934425480515,106.85011146959648,52.10236179467404,"{""geodesic"":false,""type"":""Point"",""coordinates"":[106.85011146959648,-6.166934425480515]}"
433_0,1,-6.166934425480515,106.85909462243768,54.54460473154106,"{""geodesic"":false,""type"":""Point"",""coordinates"":[106.85909462243768,-6.166934425480515]}"
434_0,1,-6.166934425480515,106.86807777527888,57.33529216051102,"{""geodesic"":false,""type"":""Point"",""coordinates"":[106.86807777527888,-6.166934425480515]}"
435_0,1,-6.166934425480515,106.87706092812007,54.22505154526024,"{""geodesic"":false,""type"":""Point"",""coordinates"":[106.87706092812007,-6.166934425480515]}"
436_0,1,-6.166934425480515,106.88604408096127,45.84304103994728,"{""geodesic"":false,""type"":""Point"",""coordinates"":[106.88604408096127,-6.166934425480515]}"
437_0,1,-6.166934425480515,106.89502723380247,46.79444007873535,"{""geodesic"":false,""type"":""Point"",""coordinates"":[106.89502723380247,-6.166934425480515]}"
438_0,1,-6.166934425480515,106.90401038664366,48.873706022898354,"{""geodesic"":false,""type"":""Point"",""coordinates"":[106.90401038664366,-6.166934425480515]}"
439_0,1,-6.166934425480515,106.91299353948486,53.473976040934474,"{""geodesic"":false,""type"":""Point"",""coordinates"":[106.91299353948486,-6.166934425480515]}"
440_0,1,-6.166934425480515,106.92197669232606,55.186221631368,"{""geodesic"":false,""type"":""Point"",""coordinates"":[106.92197669232606,-6.166934425480515]}"
441_0,1,-6.166934425480515,106.93095984516725,47.14960930564187,"{""geodesic"":false,""type"":""Point"",""coordinates"":[106.93095984516725,-6.166934425480515]}"
442_0,1,-6.166934425480515,106.93994299800845,45.052467346191406,"{""geodesic"":false,""type"":""Point"",""coordinates"":[106.93994299800845,-6.166934425480515]}"
443_0,1,-6.166934425480515,106.94892615084963,50.28467710394608,"{""geodesic"":false,""type"":""Point"",""coordinates"":[106.94892615084963,-6.166934425480515]}"
444_0,1,-6.166934425480515,106.95790930369083,52.68777852983617,"{""geodesic"":false,""type"":""Point"",""coordinates"":[106.95790930369083,-6.166934425480515]}"
445_0,1,-6.166934425480515,106.96689245653202,44.284950256347656,"{""geodesic"":false,""type"":""Point"",""coordinates"":[106.96689245653202,-6.166934425480515]}"
446_0,1,-6.15795127263932,106.68841471845498,37.67640646572771,"{""geodesic"":false,""type"":""Point"",""coordinates"":[106.68841471845498,-6.15795127263932]}"
447_0,1,-6.15795127263932,106.69739787129618,45.167878578967,"{""geodesic"":false,""type"":""Point"",""coordinates"":[106.69739787129618,-6.15795127263932]}"
448_0,1,-6.15795127263932,106.70638102413737,51.36739339192708,"{""geodesic"":false,""type"":""Point"",""coordinates"":[106.70638102413737,-6.15795127263932]}"
449_0,1,-6.15795127263932,106.71536417697857,50.165947126305625,"{""geodesic"":false,""type"":""Point"",""coordinates"":[106.71536417697857,-6.15795127263932]}"
450_0,1,-6.15795127263932,106.72434732981975,47.28008396220657,"{""geodesic"":false,""type"":""Point"",""coordinates"":[106.72434732981975,-6.15795127263932]}"
451_0,1,-6.15795127263932,106.73333048266095,54.0841582725788,"{""geodesic"":false,""type"":""Point"",""coordinates"":[106.73333048266095,-6.15795127263932]}"
452_0,1,-6.15795127263932,106.74231363550214,38.09456929706392,"{""geodesic"":false,""type"":""Point"",""coordinates"":[106.74231363550214,-6.15795127263932]}"
453_0,1,-6.15795127263932,106.75129678834334,38.625345963698166,"{""geodesic"":false,""type"":""Point"",""coordinates"":[106.75129678834334,-6.15795127263932]}"
454_0,1,-6.15795127263932,106.76027994118454,41.29275131225586,"{""geodesic"":false,""type"":""Point"",""coordinates"":[106.76027994118454,-6.15795127263932]}"
455_0,1,-6.15795127263932,106.76926309402573,45.935597853227094,"{""geodesic"":false,""type"":""Point"",""coordinates"":[106.76926309402573,-6.15795127263932]}"
456_0,1,-6.15795127263932,106.77824624686693,52.17259474058409,"{""geodesic"":false,""type"":""Point"",""coordinates"":[106.77824624686693,-6.15795127263932]}"
457_0,1,-6.15795127263932,106.78722939970812,50.55501842498779,"{""geodesic"":false,""type"":""Point"",""coordinates"":[106.78722939970812,-6.15795127263932]}"
458_0,1,-6.15795127263932,106.79621255254932,45.841158633761935,"{""geodesic"":false,""type"":""Point"",""coordinates"":[106.79621255254932,-6.15795127263932]}"
459_0,1,-6.15795127263932,106.80519570539052,42.31290391905118,"{""geodesic"":false,""type"":""Point"",""coordinates"":[106.80519570539052,-6.15795127263932]}"
460_0,1,-6.15795127263932,106.81417885823171,50.861137667569245,"{""geodesic"":false,""type"":""Point"",""coordinates"":[106.81417885823171,-6.15795127263932]}"
461_0,1,-6.15795127263932,106.82316201107291,55.18318121773856,"{""geodesic"":false,""type"":""Point"",""coordinates"":[106.82316201107291,-6.15795127263932]}"
462_0,1,-6.15795127263932,106.83214516391409,50.07395608084543,"{""geodesic"":false,""type"":""Point"",""coordinates"":[106.83214516391409,-6.15795127263932]}"
463_0,1,-6.15795127263932,106.84112831675529,54.066368103027344,"{""geodesic"":false,""type"":""Point"",""coordinates"":[106.84112831675529,-6.15795127263932]}"
464_0,1,-6.15795127263932,106.85011146959648,56.56986850974834,"{""geodesic"":false,""type"":""Point"",""coordinates"":[106.85011146959648,-6.15795127263932]}"
465_0,1,-6.15795127263932,106.85909462243768,47.43498323548515,"{""geodesic"":false,""type"":""Point"",""coordinates"":[106.85909462243768,-6.15795127263932]}"
466_0,1,-6.15795127263932,106.86807777527888,47.30987484050247,"{""geodesic"":false,""type"":""Point"",""coordinates"":[106.86807777527888,-6.15795127263932]}"
467_0,1,-6.15795127263932,106.87706092812007,48.59988030791283,"{""geodesic"":false,""type"":""Point"",""coordinates"":[106.87706092812007,-6.15795127263932]}"
468_0,1,-6.15795127263932,106.88604408096127,56.224422952403195,"{""geodesic"":false,""type"":""Point"",""coordinates"":[106.88604408096127,-6.15795127263932]}"
469_0,1,-6.15795127263932,106.89502723380247,61.29835807276136,"{""geodesic"":false,""type"":""Point"",""coordinates"":[106.89502723380247,-6.15795127263932]}"
470_0,1,-6.15795127263932,106.90401038664366,59.592315010402515,"{""geodesic"":false,""type"":""Point"",""coordinates"":[106.90401038664366,-6.15795127263932]}"
471_0,1,-6.15795127263932,106.91299353948486,57.569229720826925,"{""geodesic"":false,""type"":""Point"",""coordinates"":[106.91299353948486,-6.15795127263932]}"
472_0,1,-6.15795127263932,106.92197669232606,52.40949103615501,"{""geodesic"":false,""type"":""Point"",""coordinates"":[106.92197669232606,-6.15795127263932]}"
473_0,1,-6.15795127263932,106.93095984516725,50.13620697021484,"{""geodesic"":false,""type"":""Point"",""coordinates"":[106.93095984516725,-6.15795127263932]}"
474_0,1,-6.15795127263932,106.93994299800845,56.31132157643636,"{""geodesic"":false,""type"":""Point"",""coordinates"":[106.93994299800845,-6.15795127263932]}"
475_0,1,-6.15795127263932,106.94892615084963,37.57316187808388,"{""geodesic"":false,""type"":""Point"",""coordinates"":[106.94892615084963,-6.15795127263932]}"
476_0,1,-6.15795127263932,106.95790930369083,39.42824297993123,"{""geodesic"":false,""type"":""Point"",""coordinates"":[106.95790930369083,-6.15795127263932]}"
477_0,1,-6.15795127263932,106.96689245653202,33.49510844548543,"{""geodesic"":false,""type"":""Point"",""coordinates"":[106.96689245653202,-6.15795127263932]}"
478_0,1,-6.148968119798125,106.68841471845498,39.85325067693537,"{""geodesic"":false,""type"":""Point"",""coordinates"":[106.68841471845498,-6.148968119798125]}"
479_0,1,-6.148968119798125,106.69739787129618,45.59798882224343,"{""geodesic"":false,""type"":""Point"",""coordinates"":[106.69739787129618,-6.148968119798125]}"
480_0,1,-6.148968119798125,106.70638102413737,48.16474810513583,"{""geodesic"":false,""type"":""Point"",""coordinates"":[106.70638102413737,-6.148968119798125]}"
481_0,1,-6.148968119798125,106.71536417697857,41.875999502233554,"{""geodesic"":false,""type"":""Point"",""coordinates"":[106.71536417697857,-6.148968119798125]}"
482_0,1,-6.148968119798125,106.72434732981975,43.211757564544676,"{""geodesic"":false,""type"":""Point"",""coordinates"":[106.72434732981975,-6.148968119798125]}"
483_0,1,-6.148968119798125,106.73333048266095,50.560376951966106,"{""geodesic"":false,""type"":""Point"",""coordinates"":[106.73333048266095,-6.148968119798125]}"
484_0,1,-6.148968119798125,106.74231363550214,42.49678421020508,"{""geodesic"":false,""type"":""Point"",""coordinates"":[106.74231363550214,-6.148968119798125]}"
485_0,1,-6.148968119798125,106.75129678834334,35.29788581446597,"{""geodesic"":false,""type"":""Point"",""coordinates"":[106.75129678834334,-6.148968119798125]}"
486_0,1,-6.148968119798125,106.76027994118454,32.399082410903205,"{""geodesic"":false,""type"":""Point"",""coordinates"":[106.76027994118454,-6.148968119798125]}"
487_0,1,-6.148968119798125,106.76926309402573,37.84391764979209,"{""geodesic"":false,""type"":""Point"",""coordinates"":[106.76926309402573,-6.148968119798125]}"
488_0,1,-6.148968119798125,106.77824624686693,51.10146661238237,"{""geodesic"":false,""type"":""Point"",""coordinates"":[106.77824624686693,-6.148968119798125]}"
489_0,1,-6.148968119798125,106.78722939970812,51.44457366249778,"{""geodesic"":false,""type"":""Point"",""coordinates"":[106.78722939970812,-6.148968119798125]}"
490_0,1,-6.148968119798125,106.79621255254932,46.8266375541687,"{""geodesic"":false,""type"":""Point"",""coordinates"":[106.79621255254932,-6.148968119798125]}"
491_0,1,-6.148968119798125,106.80519570539052,43.779449717203775,"{""geodesic"":false,""type"":""Point"",""coordinates"":[106.80519570539052,-6.148968119798125]}"
492_0,1,-6.148968119798125,106.81417885823171,53.417400186712094,"{""geodesic"":false,""type"":""Point"",""coordinates"":[106.81417885823171,-6.148968119798125]}"
493_0,1,-6.148968119798125,106.82316201107291,53.426384880429225,"{""geodesic"":false,""type"":""Point"",""coordinates"":[106.82316201107291,-6.148968119798125]}"
494_0,1,-6.148968119798125,106.83214516391409,49.72947543600331,"{""geodesic"":false,""type"":""Point"",""coordinates"":[106.83214516391409,-6.148968119798125]}"
495_0,1,-6.148968119798125,106.84112831675529,56.528593335832866,"{""geodesic"":false,""type"":""Point"",""coordinates"":[106.84112831675529,-6.148968119798125]}"
496_0,1,-6.148968119798125,106.85011146959648,53.57656581585224,"{""geodesic"":false,""type"":""Point"",""coordinates"":[106.85011146959648,-6.148968119798125]}"
497_0,1,-6.148968119798125,106.85909462243768,50.30566253662109,"{""geodesic"":false,""type"":""Point"",""coordinates"":[106.85909462243768,-6.148968119798125]}"
498_0,1,-6.148968119798125,106.86807777527888,47.553324699401855,"{""geodesic"":false,""type"":""Point"",""coordinates"":[106.86807777527888,-6.148968119798125]}"
499_0,1,-6.148968119798125,106.87706092812007,51.94303189048284,"{""geodesic"":false,""type"":""Point"",""coordinates"":[106.87706092812007,-6.148968119798125]}"
500_0,1,-6.148968119798125,106.88604408096127,63.86925935011644,"{""geodesic"":false,""type"":""Point"",""coordinates"":[106.88604408096127,-6.148968119798125]}"
501_0,1,-6.148968119798125,106.89502723380247,58.285796252163976,"{""geodesic"":false,""type"":""Point"",""coordinates"":[106.89502723380247,-6.148968119798125]}"
502_0,1,-6.148968119798125,106.90401038664366,53.57497024536133,"{""geodesic"":false,""type"":""Point"",""coordinates"":[106.90401038664366,-6.148968119798125]}"
503_0,1,-6.148968119798125,106.91299353948486,50.49169158935547,"{""geodesic"":false,""type"":""Point"",""coordinates"":[106.91299353948486,-6.148968119798125]}"
504_0,1,-6.148968119798125,106.92197669232606,47.091164350509644,"{""geodesic"":false,""type"":""Point"",""coordinates"":[106.92197669232606,-6.148968119798125]}"
505_0,1,-6.148968119798125,106.93095984516725,46.31924845622136,"{""geodesic"":false,""type"":""Point"",""coordinates"":[106.93095984516725,-6.148968119798125]}"
506_0,1,-6.148968119798125,106.93994299800845,58.38530453768644,"{""geodesic"":false,""type"":""Point"",""coordinates"":[106.93994299800845,-6.148968119798125]}"
507_0,1,-6.148968119798125,106.94892615084963,32.15110308783395,"{""geodesic"":false,""type"":""Point"",""coordinates"":[106.94892615084963,-6.148968119798125]}"
508_0,1,-6.148968119798125,106.95790930369083,32.30802581184789,"{""geodesic"":false,""type"":""Point"",""coordinates"":[106.95790930369083,-6.148968119798125]}"
509_0,1,-6.148968119798125,106.96689245653202,32.95069885253906,"{""geodesic"":false,""type"":""Point"",""coordinates"":[106.96689245653202,-6.148968119798125]}"
510_0,1,-6.13998496695693,106.69739787129618,45.575374320701314,"{""geodesic"":false,""type"":""Point"",""coordinates"":[106.69739787129618,-6.13998496695693]}"
511_0,1,-6.13998496695693,106.70638102413737,46.38657760620117,"{""geodesic"":false,""type"":""Point"",""coordinates"":[106.70638102413737,-6.13998496695693]}"
512_0,1,-6.13998496695693,106.71536417697857,47.71843994140625,"{""geodesic"":false,""type"":""Point"",""coordinates"":[106.71536417697857,-6.13998496695693]}"
513_0,1,-6.13998496695693,106.72434732981975,50.213364124298096,"{""geodesic"":false,""type"":""Point"",""coordinates"":[106.72434732981975,-6.13998496695693]}"
514_0,1,-6.13998496695693,106.73333048266095,60.98477554321289,"{""geodesic"":false,""type"":""Point"",""coordinates"":[106.73333048266095,-6.13998496695693]}"
515_0,1,-6.13998496695693,106.74231363550214,45.60734757922945,"{""geodesic"":false,""type"":""Point"",""coordinates"":[106.74231363550214,-6.13998496695693]}"
516_0,1,-6.13998496695693,106.75129678834334,37.494135423140094,"{""geodesic"":false,""type"":""Point"",""coordinates"":[106.75129678834334,-6.13998496695693]}"
517_0,1,-6.13998496695693,106.76027994118454,34.35540267944336,"{""geodesic"":false,""type"":""Point"",""coordinates"":[106.76027994118454,-6.13998496695693]}"
518_0,1,-6.13998496695693,106.76926309402573,38.66655156383776,"{""geodesic"":false,""type"":""Point"",""coordinates"":[106.76926309402573,-6.13998496695693]}"
519_0,1,-6.13998496695693,106.77824624686693,46.370482490176244,"{""geodesic"":false,""type"":""Point"",""coordinates"":[106.77824624686693,-6.13998496695693]}"
520_0,1,-6.13998496695693,106.78722939970812,48.8302241900495,"{""geodesic"":false,""type"":""Point"",""coordinates"":[106.78722939970812,-6.13998496695693]}"
521_0,1,-6.13998496695693,106.79621255254932,47.18156977260814,"{""geodesic"":false,""type"":""Point"",""coordinates"":[106.79621255254932,-6.13998496695693]}"
522_0,1,-6.13998496695693,106.80519570539052,47.379016461579695,"{""geodesic"":false,""type"":""Point"",""coordinates"":[106.80519570539052,-6.13998496695693]}"
523_0,1,-6.13998496695693,106.81417885823171,65.61400216723246,"{""geodesic"":false,""type"":""Point"",""coordinates"":[106.81417885823171,-6.13998496695693]}"
524_0,1,-6.13998496695693,106.82316201107291,53.186315619427226,"{""geodesic"":false,""type"":""Point"",""coordinates"":[106.82316201107291,-6.13998496695693]}"
525_0,1,-6.13998496695693,106.83214516391409,53.621153055826824,"{""geodesic"":false,""type"":""Point"",""coordinates"":[106.83214516391409,-6.13998496695693]}"
526_0,1,-6.13998496695693,106.84112831675529,44.05875609261649,"{""geodesic"":false,""type"":""Point"",""coordinates"":[106.84112831675529,-6.13998496695693]}"
527_0,1,-6.13998496695693,106.85011146959648,49.38636761619931,"{""geodesic"":false,""type"":""Point"",""coordinates"":[106.85011146959648,-6.13998496695693]}"
528_0,1,-6.13998496695693,106.85909462243768,54.59700059890747,"{""geodesic"":false,""type"":""Point"",""coordinates"":[106.85909462243768,-6.13998496695693]}"
529_0,1,-6.13998496695693,106.86807777527888,51.81199174768784,"{""geodesic"":false,""type"":""Point"",""coordinates"":[106.86807777527888,-6.13998496695693]}"
530_0,1,-6.13998496695693,106.87706092812007,53.3614190045525,"{""geodesic"":false,""type"":""Point"",""coordinates"":[106.87706092812007,-6.13998496695693]}"
531_0,1,-6.13998496695693,106.88604408096127,50.47121380536984,"{""geodesic"":false,""type"":""Point"",""coordinates"":[106.88604408096127,-6.13998496695693]}"
532_0,1,-6.13998496695693,106.89502723380247,52.853366055331385,"{""geodesic"":false,""type"":""Point"",""coordinates"":[106.89502723380247,-6.13998496695693]}"
533_0,1,-6.13998496695693,106.90401038664366,46.07911191667829,"{""geodesic"":false,""type"":""Point"",""coordinates"":[106.90401038664366,-6.13998496695693]}"
534_0,1,-6.13998496695693,106.91299353948486,49.126886155870224,"{""geodesic"":false,""type"":""Point"",""coordinates"":[106.91299353948486,-6.13998496695693]}"
535_0,1,-6.13998496695693,106.92197669232606,47.40924275716146,"{""geodesic"":false,""type"":""Point"",""coordinates"":[106.92197669232606,-6.13998496695693]}"
536_0,1,-6.13998496695693,106.93095984516725,48.46698413576399,"{""geodesic"":false,""type"":""Point"",""coordinates"":[106.93095984516725,-6.13998496695693]}"
537_0,1,-6.13998496695693,106.93994299800845,53.93114808026482,"{""geodesic"":false,""type"":""Point"",""coordinates"":[106.93994299800845,-6.13998496695693]}"
538_0,1,-6.13998496695693,106.94892615084963,24.33477020263672,"{""geodesic"":false,""type"":""Point"",""coordinates"":[106.94892615084963,-6.13998496695693]}"
539_0,1,-6.13998496695693,106.95790930369083,24.390727162361145,"{""geodesic"":false,""type"":""Point"",""coordinates"":[106.95790930369083,-6.13998496695693]}"
540_0,1,-6.13998496695693,106.96689245653202,16.575787982002634,"{""geodesic"":false,""type"":""Point"",""coordinates"":[106.96689245653202,-6.13998496695693]}"
541_0,1,-6.131001814115734,106.68841471845498,43.837426161154724,"{""geodesic"":false,""type"":""Point"",""coordinates"":[106.68841471845498,-6.131001814115734]}"
542_0,1,-6.131001814115734,106.69739787129618,50.11891271417791,"{""geodesic"":false,""type"":""Point"",""coordinates"":[106.69739787129618,-6.131001814115734]}"
543_0,1,-6.131001814115734,106.70638102413737,50.819690246582034,"{""geodesic"":false,""type"":""Point"",""coordinates"":[106.70638102413737,-6.131001814115734]}"
544_0,1,-6.131001814115734,106.71536417697857,49.26818084716797,"{""geodesic"":false,""type"":""Point"",""coordinates"":[106.71536417697857,-6.131001814115734]}"
545_0,1,-6.131001814115734,106.72434732981975,43.762335901675016,"{""geodesic"":false,""type"":""Point"",""coordinates"":[106.72434732981975,-6.131001814115734]}"
546_0,1,-6.131001814115734,106.73333048266095,57.45195846557617,"{""geodesic"":false,""type"":""Point"",""coordinates"":[106.73333048266095,-6.131001814115734]}"
547_0,1,-6.131001814115734,106.74231363550214,41.29537532947682,"{""geodesic"":false,""type"":""Point"",""coordinates"":[106.74231363550214,-6.131001814115734]}"
548_0,1,-6.131001814115734,106.75129678834334,43.92729345957438,"{""geodesic"":false,""type"":""Point"",""coordinates"":[106.75129678834334,-6.131001814115734]}"
549_0,1,-6.131001814115734,106.76027994118454,44.40427676114169,"{""geodesic"":false,""type"":""Point"",""coordinates"":[106.76027994118454,-6.131001814115734]}"
550_0,1,-6.131001814115734,106.76926309402573,55.87398137544331,"{""geodesic"":false,""type"":""Point"",""coordinates"":[106.76926309402573,-6.131001814115734]}"
551_0,1,-6.131001814115734,106.77824624686693,47.3094519181685,"{""geodesic"":false,""type"":""Point"",""coordinates"":[106.77824624686693,-6.131001814115734]}"
552_0,1,-6.131001814115734,106.78722939970812,54.37167873382568,"{""geodesic"":false,""type"":""Point"",""coordinates"":[106.78722939970812,-6.131001814115734]}"
553_0,1,-6.131001814115734,106.79621255254932,57.904992855661284,"{""geodesic"":false,""type"":""Point"",""coordinates"":[106.79621255254932,-6.131001814115734]}"
554_0,1,-6.131001814115734,106.80519570539052,56.046567767599356,"{""geodesic"":false,""type"":""Point"",""coordinates"":[106.80519570539052,-6.131001814115734]}"
555_0,1,-6.131001814115734,106.81417885823171,60.52482326573353,"{""geodesic"":false,""type"":""Point"",""coordinates"":[106.81417885823171,-6.131001814115734]}"
556_0,1,-6.131001814115734,106.82316201107291,48.347584329000334,"{""geodesic"":false,""type"":""Point"",""coordinates"":[106.82316201107291,-6.131001814115734]}"
557_0,1,-6.131001814115734,106.83214516391409,49.831601756892795,"{""geodesic"":false,""type"":""Point"",""coordinates"":[106.83214516391409,-6.131001814115734]}"
558_0,1,-6.131001814115734,106.84112831675529,48.35089099940969,"{""geodesic"":false,""type"":""Point"",""coordinates"":[106.84112831675529,-6.131001814115734]}"
559_0,1,-6.131001814115734,106.85011146959648,50.36848365343534,"{""geodesic"":false,""type"":""Point"",""coordinates"":[106.85011146959648,-6.131001814115734]}"
560_0,1,-6.131001814115734,106.85909462243768,64.98797607421875,"{""geodesic"":false,""type"":""Point"",""coordinates"":[106.85909462243768,-6.131001814115734]}"
561_0,1,-6.131001814115734,106.86807777527888,49.94279012594137,"{""geodesic"":false,""type"":""Point"",""coordinates"":[106.86807777527888,-6.131001814115734]}"
562_0,1,-6.131001814115734,106.87706092812007,52.378627916661706,"{""geodesic"":false,""type"":""Point"",""coordinates"":[106.87706092812007,-6.131001814115734]}"
563_0,1,-6.131001814115734,106.88604408096127,47.703015403690024,"{""geodesic"":false,""type"":""Point"",""coordinates"":[106.88604408096127,-6.131001814115734]}"
564_0,1,-6.131001814115734,106.89502723380247,49.79726694671201,"{""geodesic"":false,""type"":""Point"",""coordinates"":[106.89502723380247,-6.131001814115734]}"
565_0,1,-6.131001814115734,106.90401038664366,45.34080565921844,"{""geodesic"":false,""type"":""Point"",""coordinates"":[106.90401038664366,-6.131001814115734]}"
566_0,1,-6.131001814115734,106.91299353948486,47.348787809673105,"{""geodesic"":false,""type"":""Point"",""coordinates"":[106.91299353948486,-6.131001814115734]}"
567_0,1,-6.131001814115734,106.92197669232606,49.02190937715418,"{""geodesic"":false,""type"":""Point"",""coordinates"":[106.92197669232606,-6.131001814115734]}"
568_0,1,-6.131001814115734,106.93095984516725,58.57689954720291,"{""geodesic"":false,""type"":""Point"",""coordinates"":[106.93095984516725,-6.131001814115734]}"
569_0,1,-6.131001814115734,106.93994299800845,48.588786592670516,"{""geodesic"":false,""type"":""Point"",""coordinates"":[106.93994299800845,-6.131001814115734]}"
570_0,1,-6.131001814115734,106.94892615084963,26.91140700168297,"{""geodesic"":false,""type"":""Point"",""coordinates"":[106.94892615084963,-6.131001814115734]}"
571_0,1,-6.131001814115734,106.95790930369083,24.84672737121582,"{""geodesic"":false,""type"":""Point"",""coordinates"":[106.95790930369083,-6.131001814115734]}"
572_0,1,-6.131001814115734,106.96689245653202,14.907377243041992,"{""geodesic"":false,""type"":""Point"",""coordinates"":[106.96689245653202,-6.131001814115734]}"
573_0,1,-6.122018661274539,106.68841471845498,40.81882929801941,"{""geodesic"":false,""type"":""Point"",""coordinates"":[106.68841471845498,-6.122018661274539]}"
574_0,1,-6.122018661274539,106.69739787129618,38.6231632232666,"{""geodesic"":false,""type"":""Point"",""coordinates"":[106.69739787129618,-6.122018661274539]}"
575_0,1,-6.122018661274539,106.70638102413737,54.64048934936523,"{""geodesic"":false,""type"":""Point"",""coordinates"":[106.70638102413737,-6.122018661274539]}"
576_0,1,-6.122018661274539,106.71536417697857,39.352786254882815,"{""geodesic"":false,""type"":""Point"",""coordinates"":[106.71536417697857,-6.122018661274539]}"
577_0,1,-6.122018661274539,106.72434732981975,35.413472395676834,"{""geodesic"":false,""type"":""Point"",""coordinates"":[106.72434732981975,-6.122018661274539]}"
578_0,1,-6.122018661274539,106.73333048266095,43.81922390421883,"{""geodesic"":false,""type"":""Point"",""coordinates"":[106.73333048266095,-6.122018661274539]}"
579_0,1,-6.122018661274539,106.74231363550214,46.40179443359375,"{""geodesic"":false,""type"":""Point"",""coordinates"":[106.74231363550214,-6.122018661274539]}"
580_0,1,-6.122018661274539,106.75129678834334,43.16737359808397,"{""geodesic"":false,""type"":""Point"",""coordinates"":[106.75129678834334,-6.122018661274539]}"
581_0,1,-6.122018661274539,106.76027994118454,47.90605317978632,"{""geodesic"":false,""type"":""Point"",""coordinates"":[106.76027994118454,-6.122018661274539]}"
582_0,1,-6.122018661274539,106.76926309402573,64.64926331618736,"{""geodesic"":false,""type"":""Point"",""coordinates"":[106.76926309402573,-6.122018661274539]}"
583_0,1,-6.122018661274539,106.77824624686693,54.582309293746945,"{""geodesic"":false,""type"":""Point"",""coordinates"":[106.77824624686693,-6.122018661274539]}"
584_0,1,-6.122018661274539,106.78722939970812,53.567263762156166,"{""geodesic"":false,""type"":""Point"",""coordinates"":[106.78722939970812,-6.122018661274539]}"
585_0,1,-6.122018661274539,106.79621255254932,48.63437587193081,"{""geodesic"":false,""type"":""Point"",""coordinates"":[106.79621255254932,-6.122018661274539]}"
586_0,1,-6.122018661274539,106.80519570539052,48.631264241536456,"{""geodesic"":false,""type"":""Point"",""coordinates"":[106.80519570539052,-6.122018661274539]}"
587_0,1,-6.122018661274539,106.81417885823171,54.43230733235677,"{""geodesic"":false,""type"":""Point"",""coordinates"":[106.81417885823171,-6.122018661274539]}"
588_0,1,-6.122018661274539,106.82316201107291,34.283304830697865,"{""geodesic"":false,""type"":""Point"",""coordinates"":[106.82316201107291,-6.122018661274539]}"
589_0,1,-6.122018661274539,106.84112831675529,37.0875712265203,"{""geodesic"":false,""type"":""Point"",""coordinates"":[106.84112831675529,-6.122018661274539]}"
590_0,1,-6.122018661274539,106.85011146959648,48.71210714486929,"{""geodesic"":false,""type"":""Point"",""coordinates"":[106.85011146959648,-6.122018661274539]}"
591_0,1,-6.122018661274539,106.85909462243768,65.53460653204667,"{""geodesic"":false,""type"":""Point"",""coordinates"":[106.85909462243768,-6.122018661274539]}"
592_0,1,-6.122018661274539,106.86807777527888,52.07728900909424,"{""geodesic"":false,""type"":""Point"",""coordinates"":[106.86807777527888,-6.122018661274539]}"
593_0,1,-6.122018661274539,106.87706092812007,47.09561851620674,"{""geodesic"":false,""type"":""Point"",""coordinates"":[106.87706092812007,-6.122018661274539]}"
594_0,1,-6.122018661274539,106.88604408096127,49.857670639500476,"{""geodesic"":false,""type"":""Point"",""coordinates"":[106.88604408096127,-6.122018661274539]}"
595_0,1,-6.122018661274539,106.89502723380247,52.691362380981445,"{""geodesic"":false,""type"":""Point"",""coordinates"":[106.89502723380247,-6.122018661274539]}"
596_0,1,-6.122018661274539,106.90401038664366,47.82943930992713,"{""geodesic"":false,""type"":""Point"",""coordinates"":[106.90401038664366,-6.122018661274539]}"
597_0,1,-6.122018661274539,106.91299353948486,50.80844916066816,"{""geodesic"":false,""type"":""Point"",""coordinates"":[106.91299353948486,-6.122018661274539]}"
598_0,1,-6.122018661274539,106.92197669232606,52.069349561418804,"{""geodesic"":false,""type"":""Point"",""coordinates"":[106.92197669232606,-6.122018661274539]}"
599_0,1,-6.122018661274539,106.93095984516725,47.39852632795061,"{""geodesic"":false,""type"":""Point"",""coordinates"":[106.93095984516725,-6.122018661274539]}"
600_0,1,-6.122018661274539,106.93994299800845,29.688406467437744,"{""geodesic"":false,""type"":""Point"",""coordinates"":[106.93994299800845,-6.122018661274539]}"
601_0,1,-6.122018661274539,106.94892615084963,25.43471868414628,"{""geodesic"":false,""type"":""Point"",""coordinates"":[106.94892615084963,-6.122018661274539]}"
602_0,1,-6.122018661274539,106.95790930369083,23.89753188027276,"{""geodesic"":false,""type"":""Point"",""coordinates"":[106.95790930369083,-6.122018661274539]}"
603_0,1,-6.122018661274539,106.96689245653202,16.328580856323242,"{""geodesic"":false,""type"":""Point"",""coordinates"":[106.96689245653202,-6.122018661274539]}"
604_0,1,-6.113035508433344,106.69739787129618,35.42516326904297,"{""geodesic"":false,""type"":""Point"",""coordinates"":[106.69739787129618,-6.113035508433344]}"
605_0,1,-6.113035508433344,106.70638102413737,27.12294345791057,"{""geodesic"":false,""type"":""Point"",""coordinates"":[106.70638102413737,-6.113035508433344]}"
606_0,1,-6.113035508433344,106.71536417697857,27.103428060358222,"{""geodesic"":false,""type"":""Point"",""coordinates"":[106.71536417697857,-6.113035508433344]}"
607_0,1,-6.113035508433344,106.72434732981975,29.190942417491566,"{""geodesic"":false,""type"":""Point"",""coordinates"":[106.72434732981975,-6.113035508433344]}"
608_0,1,-6.113035508433344,106.73333048266095,39.631752484465295,"{""geodesic"":false,""type"":""Point"",""coordinates"":[106.73333048266095,-6.113035508433344]}"
609_0,1,-6.113035508433344,106.74231363550214,67.88445481010105,"{""geodesic"":false,""type"":""Point"",""coordinates"":[106.74231363550214,-6.113035508433344]}"
610_0,1,-6.113035508433344,106.75129678834334,62.441236114501955,"{""geodesic"":false,""type"":""Point"",""coordinates"":[106.75129678834334,-6.113035508433344]}"
611_0,1,-6.113035508433344,106.76027994118454,52.595689193062164,"{""geodesic"":false,""type"":""Point"",""coordinates"":[106.76027994118454,-6.113035508433344]}"
612_0,1,-6.113035508433344,106.76926309402573,52.90068054199219,"{""geodesic"":false,""type"":""Point"",""coordinates"":[106.76926309402573,-6.113035508433344]}"
613_0,1,-6.113035508433344,106.77824624686693,81.28182220458984,"{""geodesic"":false,""type"":""Point"",""coordinates"":[106.77824624686693,-6.113035508433344]}"
614_0,1,-6.113035508433344,106.78722939970812,74.29777195874382,"{""geodesic"":false,""type"":""Point"",""coordinates"":[106.78722939970812,-6.113035508433344]}"
615_0,1,-6.113035508433344,106.79621255254932,39.871017109264024,"{""geodesic"":false,""type"":""Point"",""coordinates"":[106.79621255254932,-6.113035508433344]}"
616_0,1,-6.113035508433344,106.80519570539052,38.05961990356445,"{""geodesic"":false,""type"":""Point"",""coordinates"":[106.80519570539052,-6.113035508433344]}"
617_0,1,-6.113035508433344,106.85909462243768,57.968006071497186,"{""geodesic"":false,""type"":""Point"",""coordinates"":[106.85909462243768,-6.113035508433344]}"
618_0,1,-6.113035508433344,106.86807777527888,73.21387843893032,"{""geodesic"":false,""type"":""Point"",""coordinates"":[106.86807777527888,-6.113035508433344]}"
619_0,1,-6.113035508433344,106.87706092812007,75.59126628528942,"{""geodesic"":false,""type"":""Point"",""coordinates"":[106.87706092812007,-6.113035508433344]}"
620_0,1,-6.113035508433344,106.88604408096127,79.28034533876361,"{""geodesic"":false,""type"":""Point"",""coordinates"":[106.88604408096127,-6.113035508433344]}"
621_0,1,-6.113035508433344,106.89502723380247,72.82199304754084,"{""geodesic"":false,""type"":""Point"",""coordinates"":[106.89502723380247,-6.113035508433344]}"
622_0,1,-6.113035508433344,106.90401038664366,73.14745526794994,"{""geodesic"":false,""type"":""Point"",""coordinates"":[106.90401038664366,-6.113035508433344]}"
623_0,1,-6.113035508433344,106.91299353948486,59.14736373703201,"{""geodesic"":false,""type"":""Point"",""coordinates"":[106.91299353948486,-6.113035508433344]}"
624_0,1,-6.113035508433344,106.92197669232606,56.474984859598095,"{""geodesic"":false,""type"":""Point"",""coordinates"":[106.92197669232606,-6.113035508433344]}"
625_0,1,-6.113035508433344,106.93095984516725,44.284061431884766,"{""geodesic"":false,""type"":""Point"",""coordinates"":[106.93095984516725,-6.113035508433344]}"
626_0,1,-6.113035508433344,106.93994299800845,38.68646812438965,"{""geodesic"":false,""type"":""Point"",""coordinates"":[106.93994299800845,-6.113035508433344]}"
627_0,1,-6.113035508433344,106.94892615084963,38.284034729003906,"{""geodesic"":false,""type"":""Point"",""coordinates"":[106.94892615084963,-6.113035508433344]}"
628_0,1,-6.113035508433344,106.95790930369083,26.816163380940754,"{""geodesic"":false,""type"":""Point"",""coordinates"":[106.95790930369083,-6.113035508433344]}"
629_0,1,-6.113035508433344,106.96689245653202,20.72332763671875,"{""geodesic"":false,""type"":""Point"",""coordinates"":[106.96689245653202,-6.113035508433344]}"
630_0,1,-6.104052355592149,106.69739787129618,40.712609891538264,"{""geodesic"":false,""type"":""Point"",""coordinates"":[106.69739787129618,-6.104052355592149]}"
631_0,1,-6.104052355592149,106.70638102413737,28.87796939503063,"{""geodesic"":false,""type"":""Point"",""coordinates"":[106.70638102413737,-6.104052355592149]}"
632_0,1,-6.104052355592149,106.71536417697857,29.87660606384277,"{""geodesic"":false,""type"":""Point"",""coordinates"":[106.71536417697857,-6.104052355592149]}"
633_0,1,-6.104052355592149,106.72434732981975,29.663181034598765,"{""geodesic"":false,""type"":""Point"",""coordinates"":[106.72434732981975,-6.104052355592149]}"
634_0,1,-6.104052355592149,106.73333048266095,27.3581975069913,"{""geodesic"":false,""type"":""Point"",""coordinates"":[106.73333048266095,-6.104052355592149]}"
635_0,1,-6.104052355592149,106.74231363550214,53.24229434751115,"{""geodesic"":false,""type"":""Point"",""coordinates"":[106.74231363550214,-6.104052355592149]}"
636_0,1,-6.104052355592149,106.75129678834334,47.37479084559849,"{""geodesic"":false,""type"":""Point"",""coordinates"":[106.75129678834334,-6.104052355592149]}"
637_0,1,-6.104052355592149,106.79621255254932,32.31184005737305,"{""geodesic"":false,""type"":""Point"",""coordinates"":[106.79621255254932,-6.104052355592149]}"
638_0,1,-6.104052355592149,106.87706092812007,106.15400795314623,"{""geodesic"":false,""type"":""Point"",""coordinates"":[106.87706092812007,-6.104052355592149]}"
639_0,1,-6.104052355592149,106.88604408096127,112.4173797607422,"{""geodesic"":false,""type"":""Point"",""coordinates"":[106.88604408096127,-6.104052355592149]}"
640_0,1,-6.104052355592149,106.89502723380247,170.93177660468484,"{""geodesic"":false,""type"":""Point"",""coordinates"":[106.89502723380247,-6.104052355592149]}"
641_0,1,-6.104052355592149,106.90401038664366,149.49117385016547,"{""geodesic"":false,""type"":""Point"",""coordinates"":[106.90401038664366,-6.104052355592149]}"
642_0,1,-6.104052355592149,106.91299353948486,117.79424790602464,"{""geodesic"":false,""type"":""Point"",""coordinates"":[106.91299353948486,-6.104052355592149]}"
643_0,1,-6.104052355592149,106.92197669232606,73.60316430954705,"{""geodesic"":false,""type"":""Point"",""coordinates"":[106.92197669232606,-6.104052355592149]}"
644_0,1,-6.104052355592149,106.93095984516725,47.676382846519594,"{""geodesic"":false,""type"":""Point"",""coordinates"":[106.93095984516725,-6.104052355592149]}"
645_0,1,-6.104052355592149,106.93994299800845,44.40659156500124,"{""geodesic"":false,""type"":""Point"",""coordinates"":[106.93994299800845,-6.104052355592149]}"
646_0,1,-6.104052355592149,106.94892615084963,40.804744720458984,"{""geodesic"":false,""type"":""Point"",""coordinates"":[106.94892615084963,-6.104052355592149]}"
647_0,1,-6.104052355592149,106.95790930369083,33.1968994140625,"{""geodesic"":false,""type"":""Point"",""coordinates"":[106.95790930369083,-6.104052355592149]}"
648_0,1,-6.104052355592149,106.96689245653202,30.468452860097415,"{""geodesic"":false,""type"":""Point"",""coordinates"":[106.96689245653202,-6.104052355592149]}"
649_0,1,-6.095069202750953,106.70638102413737,38.169404058745414,"{""geodesic"":false,""type"":""Point"",""coordinates"":[106.70638102413737,-6.095069202750953]}"
650_0,1,-6.095069202750953,106.71536417697857,47.478302001953125,"{""geodesic"":false,""type"":""Point"",""coordinates"":[106.71536417697857,-6.095069202750953]}"
651_0,1,-6.095069202750953,106.72434732981975,29.01760482788086,"{""geodesic"":false,""type"":""Point"",""coordinates"":[106.72434732981975,-6.095069202750953]}"
652_0,1,-6.095069202750953,106.73333048266095,47.49255977264822,"{""geodesic"":false,""type"":""Point"",""coordinates"":[106.73333048266095,-6.095069202750953]}"
653_0,1,-6.095069202750953,106.74231363550214,93.81578063964844,"{""geodesic"":false,""type"":""Point"",""coordinates"":[106.74231363550214,-6.095069202750953]}"
654_0,1,-6.095069202750953,106.75129678834334,25.278119173916902,"{""geodesic"":false,""type"":""Point"",""coordinates"":[106.75129678834334,-6.095069202750953]}"
655_0,1,-6.086086049909758,106.73333048266095,59.91167816748986,"{""geodesic"":false,""type"":""Point"",""coordinates"":[106.73333048266095,-6.086086049909758]}"
656_0,1,-6.086086049909758,106.75129678834334,28.69887000322342,"{""geodesic"":false,""type"":""Point"",""coordinates"":[106.75129678834334,-6.086086049909758]}"
657_0,1,-6.077102897068563,106.75129678834334,5.978188098423065,"{""geodesic"":false,""type"":""Point"",""coordinates"":[106.75129678834334,-6.077102897068563]}"
