system:index,dummy,lat,lon,s5p_co,s5p_no2,s5p_o3,s5p_so2,.geo
0_0,1,-6.36456378798681,106.88604408096127,0.03238906160426927,7.130861195032227E-5,0.11659825361912297,8.90539849381854E-5,"{""geodesic"":false,""type"":""Point"",""coordinates"":[106.88604408096127,-6.36456378798681]}"
1_0,1,-6.36456378798681,106.89502723380247,0.032423227991748835,6.904926704005235E-5,0.11659371549348524,3.247504440075563E-5,"{""geodesic"":false,""type"":""Point"",""coordinates"":[106.89502723380247,-6.36456378798681]}"
2_0,1,-6.36456378798681,106.91299353948486,0.03262154581686688,6.904926825913035E-5,0.11650049576167089,6.360544554548996E-5,"{""geodesic"":false,""type"":""Point"",""coordinates"":[106.91299353948486,-6.36456378798681]}"
3_0,1,-6.355580635145615,106.79621255254932,0.032593600880086275,7.239714139905217E-5,0.1164212870749614,3.349373400854367E-5,"{""geodesic"":false,""type"":""Point"",""coordinates"":[106.79621255254932,-6.355580635145615]}"
4_0,1,-6.355580635145615,106.80519570539052,0.03257047234950843,7.859038671619812E-5,0.11651102124558574,4.6119948819950475E-5,"{""geodesic"":false,""type"":""Point"",""coordinates"":[106.80519570539052,-6.355580635145615]}"
5_0,1,-6.355580635145615,106.81417885823171,0.032760362374099426,7.533553744504993E-5,0.11647189701816817,1.6131769367836026E-5,"{""geodesic"":false,""type"":""Point"",""coordinates"":[106.81417885823171,-6.355580635145615]}"
6_0,1,-6.355580635145615,106.82316201107291,0.03282956592736657,7.718670531171396E-5,0.11649866617153738,7.271539718091912E-5,"{""geodesic"":false,""type"":""Point"",""coordinates"":[106.82316201107291,-6.355580635145615]}"
7_0,1,-6.355580635145615,106.87706092812007,0.03265823244687174,6.909651542152275E-5,0.11658457335274158,8.477228513229152E-5,"{""geodesic"":false,""type"":""Point"",""coordinates"":[106.87706092812007,-6.355580635145615]}"
8_0,1,-6.355580635145615,106.88604408096127,0.032556992116879534,7.130861195048694E-5,0.11662913464822458,8.640339989571772E-5,"{""geodesic"":false,""type"":""Point"",""coordinates"":[106.88604408096127,-6.355580635145615]}"
9_0,1,-6.355580635145615,106.89502723380247,0.032592045672743944,7.032732004966263E-5,0.11662653271850157,6.11724963786964E-5,"{""geodesic"":false,""type"":""Point"",""coordinates"":[106.89502723380247,-6.355580635145615]}"
10_0,1,-6.355580635145615,106.90401038664366,0.032690670341207526,6.695641523684781E-5,0.1165529494382872,6.90384331391158E-5,"{""geodesic"":false,""type"":""Point"",""coordinates"":[106.90401038664366,-6.355580635145615]}"
11_0,1,-6.355580635145615,106.91299353948486,0.03269705811761137,6.904926795802835E-5,0.11660515030133467,5.9649471580217006E-5,"{""geodesic"":false,""type"":""Point"",""coordinates"":[106.91299353948486,-6.355580635145615]}"
12_0,1,-6.34659748230442,106.79621255254932,0.03262519553325382,6.945874791492345E-5,0.11637952146434008,4.237897107241254E-5,"{""geodesic"":false,""type"":""Point"",""coordinates"":[106.79621255254932,-6.34659748230442]}"
13_0,1,-6.34659748230442,106.80519570539052,0.03277418047453153,7.547392523718582E-5,0.11640956067103256,7.177369888626401E-5,"{""geodesic"":false,""type"":""Point"",""coordinates"":[106.80519570539052,-6.34659748230442]}"
14_0,1,-6.34659748230442,106.81417885823171,0.03277175069321171,7.533553395242039E-5,0.11642451342208457,8.464844668781162E-5,"{""geodesic"":false,""type"":""Point"",""coordinates"":[106.81417885823171,-6.34659748230442]}"
15_0,1,-6.34659748230442,106.82316201107291,0.03277175039956254,7.834185089445625E-5,0.1165459622500094,1.0493503577884505E-4,"{""geodesic"":false,""type"":""Point"",""coordinates"":[106.82316201107291,-6.34659748230442]}"
16_0,1,-6.34659748230442,106.83214516391409,0.03275985827323958,8.235714352441043E-5,0.11653749644775198,3.975101026487382E-5,"{""geodesic"":false,""type"":""Point"",""coordinates"":[106.83214516391409,-6.34659748230442]}"
17_0,1,-6.34659748230442,106.85909462243768,0.032792056117132796,7.970157543239924E-5,0.1165375799139565,3.6346980191690185E-5,"{""geodesic"":false,""type"":""Point"",""coordinates"":[106.85909462243768,-6.34659748230442]}"
18_0,1,-6.34659748230442,106.86807777527888,0.03254978731279878,8.076210504061799E-5,0.11654697097623638,1.9418666397572987E-5,"{""geodesic"":false,""type"":""Point"",""coordinates"":[106.86807777527888,-6.34659748230442]}"
19_0,1,-6.34659748230442,106.87706092812007,0.032588820904447716,7.999126379048184E-5,0.11653664511683987,1.941866639751435E-5,"{""geodesic"":false,""type"":""Point"",""coordinates"":[106.87706092812007,-6.34659748230442]}"
20_0,1,-6.34659748230442,106.88604408096127,0.032432425767235845,7.930020365178393E-5,0.11653712741942232,6.351014599214352E-5,"{""geodesic"":false,""type"":""Point"",""coordinates"":[106.88604408096127,-6.34659748230442]}"
21_0,1,-6.34659748230442,106.89502723380247,0.03243242576716383,7.198251372367588E-5,0.1165445642845423,6.677502824455216E-5,"{""geodesic"":false,""type"":""Point"",""coordinates"":[106.89502723380247,-6.34659748230442]}"
22_0,1,-6.34659748230442,106.90401038664366,0.032884678156924446,7.014788907164197E-5,0.11649499082192052,6.463224864986638E-5,"{""geodesic"":false,""type"":""Point"",""coordinates"":[106.90401038664366,-6.34659748230442]}"
23_0,1,-6.34659748230442,106.91299353948486,0.0328811630607184,6.471490269188078E-5,0.11645182328604506,6.903843313932428E-5,"{""geodesic"":false,""type"":""Point"",""coordinates"":[106.91299353948486,-6.34659748230442]}"
24_0,1,-6.337614329463224,106.80519570539052,0.03282068390397248,7.690430321753956E-5,0.11654867851942594,8.958560013561284E-5,"{""geodesic"":false,""type"":""Point"",""coordinates"":[106.80519570539052,-6.337614329463224]}"
25_0,1,-6.337614329463224,106.81417885823171,0.03282068390401911,7.163177030562649E-5,0.11642068381239945,9.624303148432973E-5,"{""geodesic"":false,""type"":""Point"",""coordinates"":[106.81417885823171,-6.337614329463224]}"
26_0,1,-6.337614329463224,106.82316201107291,0.03309926928121315,7.60315612906061E-5,0.11648825998205174,9.951215179165438E-5,"{""geodesic"":false,""type"":""Point"",""coordinates"":[106.82316201107291,-6.337614329463224]}"
27_0,1,-6.337614329463224,106.83214516391409,0.03282068390404535,7.818049823928545E-5,0.11649349831963318,8.231603837792874E-5,"{""geodesic"":false,""type"":""Point"",""coordinates"":[106.83214516391409,-6.337614329463224]}"
28_0,1,-6.337614329463224,106.84112831675529,0.03277175047386505,8.027009672847918E-5,0.11647614435081113,6.111940390894211E-5,"{""geodesic"":false,""type"":""Point"",""coordinates"":[106.84112831675529,-6.337614329463224]}"
29_0,1,-6.337614329463224,106.85011146959648,0.03277175060042144,8.265546784964084E-5,0.11648844912696038,3.301803371867045E-5,"{""geodesic"":false,""type"":""Point"",""coordinates"":[106.85011146959648,-6.337614329463224]}"
30_0,1,-6.337614329463224,106.85909462243768,0.03277175060042144,8.265546784964084E-5,0.11648844912696038,3.301803371867045E-5,"{""geodesic"":false,""type"":""Point"",""coordinates"":[106.85909462243768,-6.337614329463224]}"
31_0,1,-6.337614329463224,106.86807777527888,0.03274896690498784,8.188739558804885E-5,0.11653402820248411,1.1771498112328195E-5,"{""geodesic"":false,""type"":""Point"",""coordinates"":[106.86807777527888,-6.337614329463224]}"
32_0,1,-6.337614329463224,106.87706092812007,0.03261713967112572,8.069845813437216E-5,0.11654054999816459,1.1771498445586812E-5,"{""geodesic"":false,""type"":""Point"",""coordinates"":[106.87706092812007,-6.337614329463224]}"
33_0,1,-6.337614329463224,106.88604408096127,0.03240301460032944,8.030388502761193E-5,0.11651538195616132,3.9247938772440405E-5,"{""geodesic"":false,""type"":""Point"",""coordinates"":[106.88604408096127,-6.337614329463224]}"
34_0,1,-6.337614329463224,106.89502723380247,0.03243242576716383,8.063481072890388E-5,0.11651929670395371,3.1420770664894647E-5,"{""geodesic"":false,""type"":""Point"",""coordinates"":[106.89502723380247,-6.337614329463224]}"
35_0,1,-6.337614329463224,106.90401038664366,0.03256493806834432,7.96365808400233E-5,0.11651936598465136,4.760562184680071E-5,"{""geodesic"":false,""type"":""Point"",""coordinates"":[106.90401038664366,-6.337614329463224]}"
36_0,1,-6.337614329463224,106.91299353948486,0.03269745036964945,7.953354825596726E-5,0.11642931448943226,7.445406137060156E-5,"{""geodesic"":false,""type"":""Point"",""coordinates"":[106.91299353948486,-6.337614329463224]}"
37_0,1,-6.32863117662203,106.80519570539052,0.03261096589265296,7.84636038000722E-5,0.11642810323575323,5.620930901928777E-5,"{""geodesic"":false,""type"":""Point"",""coordinates"":[106.80519570539052,-6.32863117662203]}"
38_0,1,-6.32863117662203,106.81417885823171,0.03267925977709591,7.75558489196072E-5,0.11637701397799233,7.288587698792818E-5,"{""geodesic"":false,""type"":""Point"",""coordinates"":[106.81417885823171,-6.32863117662203]}"
39_0,1,-6.32863117662203,106.82316201107291,0.03282068390397248,8.299255096042456E-5,0.11648926027994023,7.285610472245165E-5,"{""geodesic"":false,""type"":""Point"",""coordinates"":[106.82316201107291,-6.32863117662203]}"
40_0,1,-6.32863117662203,106.83214516391409,0.03282068390404535,8.475567129809626E-5,0.11649694966926975,3.678234133991784E-5,"{""geodesic"":false,""type"":""Point"",""coordinates"":[106.83214516391409,-6.32863117662203]}"
41_0,1,-6.32863117662203,106.84112831675529,0.03278477862472714,8.378209375214322E-5,0.11649562030294357,2.7065834728963043E-5,"{""geodesic"":false,""type"":""Point"",""coordinates"":[106.84112831675529,-6.32863117662203]}"
42_0,1,-6.32863117662203,106.85011146959648,0.032671430702814,8.413965753198745E-5,0.1164917694463865,2.2860536728866648E-5,"{""geodesic"":false,""type"":""Point"",""coordinates"":[106.85011146959648,-6.32863117662203]}"
43_0,1,-6.32863117662203,106.85909462243768,0.032671430702814,8.413965753198745E-5,0.1164917694463865,2.2860536728866648E-5,"{""geodesic"":false,""type"":""Point"",""coordinates"":[106.85909462243768,-6.32863117662203]}"
44_0,1,-6.32863117662203,106.86807777527888,0.03277865890920166,9.194057201981538E-5,0.1165341823926317,8.438395298085226E-6,"{""geodesic"":false,""type"":""Point"",""coordinates"":[106.86807777527888,-6.32863117662203]}"
45_0,1,-6.32863117662203,106.87706092812007,0.03265835180812013,8.804078970557795E-5,0.11653848701985169,-5.253272668599869E-6,"{""geodesic"":false,""type"":""Point"",""coordinates"":[106.87706092812007,-6.32863117662203]}"
46_0,1,-6.32863117662203,106.88604408096127,0.03274988125864708,8.457916555939905E-5,0.11648280199473195,1.0549035898851571E-5,"{""geodesic"":false,""type"":""Point"",""coordinates"":[106.88604408096127,-6.32863117662203]}"
47_0,1,-6.32863117662203,106.89502723380247,0.0328066050730039,8.063481072890388E-5,0.11648896090979241,3.8940937627436227E-5,"{""geodesic"":false,""type"":""Point"",""coordinates"":[106.89502723380247,-6.32863117662203]}"
48_0,1,-6.32863117662203,106.90401038664366,0.03279214166100204,8.041671921323802E-5,0.1164222596740685,1.900786497287785E-5,"{""geodesic"":false,""type"":""Point"",""coordinates"":[106.90401038664366,-6.32863117662203]}"
49_0,1,-6.32863117662203,106.91299353948486,0.03268341245415792,8.393741143386544E-5,0.11642678007180449,8.453155169277177E-5,"{""geodesic"":false,""type"":""Point"",""coordinates"":[106.91299353948486,-6.32863117662203]}"
50_0,1,-6.319648023780834,106.81417885823171,0.0326914153993398,8.011054429091378E-5,0.11638737595235263,4.096801058043363E-5,"{""geodesic"":false,""type"":""Point"",""coordinates"":[106.81417885823171,-6.319648023780834]}"
51_0,1,-6.319648023780834,106.82316201107291,0.03269142065548891,8.798417028620212E-5,0.11636544217390248,4.045772220704138E-5,"{""geodesic"":false,""type"":""Point"",""coordinates"":[106.82316201107291,-6.319648023780834]}"
52_0,1,-6.319648023780834,106.83214516391409,0.032679259777122036,8.990995916594821E-5,0.11637111181582542,3.690885932889227E-5,"{""geodesic"":false,""type"":""Point"",""coordinates"":[106.83214516391409,-6.319648023780834]}"
53_0,1,-6.319648023780834,106.84112831675529,0.03243168206533198,9.065742051449024E-5,0.11641841132785664,2.7065835396372314E-5,"{""geodesic"":false,""type"":""Point"",""coordinates"":[106.84112831675529,-6.319648023780834]}"
54_0,1,-6.319648023780834,106.85011146959648,0.03238461917986213,8.937426900951414E-5,0.11649168282740274,1.8830587123363847E-5,"{""geodesic"":false,""type"":""Point"",""coordinates"":[106.85011146959648,-6.319648023780834]}"
55_0,1,-6.319648023780834,106.85909462243768,0.03238461917986213,8.937426900951414E-5,0.11649168282740274,1.8830587123363847E-5,"{""geodesic"":false,""type"":""Point"",""coordinates"":[106.85909462243768,-6.319648023780834]}"
56_0,1,-6.319648023780834,106.86807777527888,0.03278477862482614,9.176361601435531E-5,0.11654205018182633,6.514447834288557E-6,"{""geodesic"":false,""type"":""Point"",""coordinates"":[106.86807777527888,-6.319648023780834]}"
57_0,1,-6.319648023780834,106.87706092812007,0.032394443120217574,9.136817637289739E-5,0.1165151797022666,-2.470071325338746E-5,"{""geodesic"":false,""type"":""Point"",""coordinates"":[106.87706092812007,-6.319648023780834]}"
58_0,1,-6.319648023780834,106.88604408096127,0.03266579137917522,9.031780064120619E-5,0.11653870884713781,-2.1461887637128692E-5,"{""geodesic"":false,""type"":""Point"",""coordinates"":[106.88604408096127,-6.319648023780834]}"
59_0,1,-6.319648023780834,106.89502723380247,0.03279093903773237,8.959091428545513E-5,0.11641710505457543,-1.742217091304019E-5,"{""geodesic"":false,""type"":""Point"",""coordinates"":[106.89502723380247,-6.319648023780834]}"
60_0,1,-6.319648023780834,106.90401038664366,0.03288196552073512,9.147130913321164E-5,0.11635792740703335,-5.096481088941447E-6,"{""geodesic"":false,""type"":""Point"",""coordinates"":[106.90401038664366,-6.319648023780834]}"
61_0,1,-6.319648023780834,106.91299353948486,0.03289317459223149,9.42732149270959E-5,0.11642052071315413,2.575498514953889E-5,"{""geodesic"":false,""type"":""Point"",""coordinates"":[106.91299353948486,-6.319648023780834]}"
62_0,1,-6.310664870939639,106.77824624686693,0.03307217367288231,6.77156947469263E-5,0.11649715155356088,3.961561014873391E-5,"{""geodesic"":false,""type"":""Point"",""coordinates"":[106.77824624686693,-6.310664870939639]}"
63_0,1,-6.310664870939639,106.78722939970812,0.03264183426894771,7.936113404524784E-5,0.11646034454099306,3.9011972673069946E-5,"{""geodesic"":false,""type"":""Point"",""coordinates"":[106.78722939970812,-6.310664870939639]}"
64_0,1,-6.310664870939639,106.79621255254932,0.032639711795212516,8.123644617239888E-5,0.11648695687084787,3.777342654787313E-5,"{""geodesic"":false,""type"":""Point"",""coordinates"":[106.79621255254932,-6.310664870939639]}"
65_0,1,-6.310664870939639,106.80519570539052,0.0327106449749449,8.305375465429461E-5,0.1163608522059536,3.994743383370735E-5,"{""geodesic"":false,""type"":""Point"",""coordinates"":[106.80519570539052,-6.310664870939639]}"
66_0,1,-6.310664870939639,106.81417885823171,0.0326914153993398,8.011054429091378E-5,0.11638737595235263,4.096801058043363E-5,"{""geodesic"":false,""type"":""Point"",""coordinates"":[106.81417885823171,-6.310664870939639]}"
67_0,1,-6.310664870939639,106.82316201107291,0.03269142065548891,8.798417028620212E-5,0.11636544217390248,4.045772220704138E-5,"{""geodesic"":false,""type"":""Point"",""coordinates"":[106.82316201107291,-6.310664870939639]}"
68_0,1,-6.310664870939639,106.83214516391409,0.032679259777122036,8.990995916594821E-5,0.11637111181582542,3.690885932889227E-5,"{""geodesic"":false,""type"":""Point"",""coordinates"":[106.83214516391409,-6.310664870939639]}"
69_0,1,-6.310664870939639,106.84112831675529,0.03243168206533198,9.065742051449024E-5,0.11641841132785664,2.7065835396372314E-5,"{""geodesic"":false,""type"":""Point"",""coordinates"":[106.84112831675529,-6.310664870939639]}"
70_0,1,-6.310664870939639,106.85011146959648,0.03238461917986213,8.937426900951414E-5,0.11649168282740274,1.8830587123363847E-5,"{""geodesic"":false,""type"":""Point"",""coordinates"":[106.85011146959648,-6.310664870939639]}"
71_0,1,-6.310664870939639,106.85909462243768,0.03238461917986213,8.937426900951414E-5,0.11649168282740274,1.8830587123363847E-5,"{""geodesic"":false,""type"":""Point"",""coordinates"":[106.85909462243768,-6.310664870939639]}"
72_0,1,-6.310664870939639,106.86807777527888,0.03278477862482614,9.176361601435531E-5,0.11654205018182633,6.514447834288557E-6,"{""geodesic"":false,""type"":""Point"",""coordinates"":[106.86807777527888,-6.310664870939639]}"
73_0,1,-6.310664870939639,106.87706092812007,0.032394443120217574,9.136817637289739E-5,0.1165151797022666,-2.470071325338746E-5,"{""geodesic"":false,""type"":""Point"",""coordinates"":[106.87706092812007,-6.310664870939639]}"
74_0,1,-6.310664870939639,106.88604408096127,0.03266579137917522,9.031780064120619E-5,0.11653870884713781,-2.1461887637128692E-5,"{""geodesic"":false,""type"":""Point"",""coordinates"":[106.88604408096127,-6.310664870939639]}"
75_0,1,-6.310664870939639,106.89502723380247,0.03279093903773237,8.959091428545513E-5,0.11641710505457543,-1.742217091304019E-5,"{""geodesic"":false,""type"":""Point"",""coordinates"":[106.89502723380247,-6.310664870939639]}"
76_0,1,-6.310664870939639,106.90401038664366,0.03288196552073512,9.147130913321164E-5,0.11635792740703335,-5.096481088941447E-6,"{""geodesic"":false,""type"":""Point"",""coordinates"":[106.90401038664366,-6.310664870939639]}"
77_0,1,-6.310664870939639,106.91299353948486,0.03289317459223149,9.42732149270959E-5,0.11642052071315413,2.575498514953889E-5,"{""geodesic"":false,""type"":""Point"",""coordinates"":[106.91299353948486,-6.310664870939639]}"
78_0,1,-6.301681718098443,106.77824624686693,0.03307484481844658,7.551096496167045E-5,0.11648066999887918,3.690885932880704E-5,"{""geodesic"":false,""type"":""Point"",""coordinates"":[106.77824624686693,-6.301681718098443]}"
79_0,1,-6.301681718098443,106.78722939970812,0.032797733942717865,7.557449518487858E-5,0.11648377776163771,4.016629804877809E-5,"{""geodesic"":false,""type"":""Point"",""coordinates"":[106.78722939970812,-6.301681718098443]}"
80_0,1,-6.301681718098443,106.79621255254932,0.03279773394261882,8.751426885096473E-5,0.11653199444621207,3.648893712098847E-5,"{""geodesic"":false,""type"":""Point"",""coordinates"":[106.79621255254932,-6.301681718098443]}"
81_0,1,-6.301681718098443,106.80519570539052,0.03280811686260583,8.3929950051371E-5,0.11645832802188602,4.045772220712762E-5,"{""geodesic"":false,""type"":""Point"",""coordinates"":[106.80519570539052,-6.301681718098443]}"
82_0,1,-6.301681718098443,106.81417885823171,0.032825873595590804,8.778101619087131E-5,0.11648789965577633,4.096801058033902E-5,"{""geodesic"":false,""type"":""Point"",""coordinates"":[106.81417885823171,-6.301681718098443]}"
83_0,1,-6.301681718098443,106.82316201107291,0.03281197067680493,8.937426597579514E-5,0.11648508055585365,4.045772220712762E-5,"{""geodesic"":false,""type"":""Point"",""coordinates"":[106.82316201107291,-6.301681718098443]}"
84_0,1,-6.301681718098443,106.83214516391409,0.03278866198390974,8.897315586500351E-5,0.11649164169469464,3.690885932880704E-5,"{""geodesic"":false,""type"":""Point"",""coordinates"":[106.83214516391409,-6.301681718098443]}"
85_0,1,-6.301681718098443,106.84112831675529,0.03267103544549982,8.87885629778605E-5,0.11637454184336372,3.0041934139806895E-5,"{""geodesic"":false,""type"":""Point"",""coordinates"":[106.84112831675529,-6.301681718098443]}"
86_0,1,-6.301681718098443,106.85011146959648,0.03231997444059254,8.576377947214334E-5,0.11642195003721396,-1.8167232610709317E-5,"{""geodesic"":false,""type"":""Point"",""coordinates"":[106.85011146959648,-6.301681718098443]}"
87_0,1,-6.301681718098443,106.85909462243768,0.03231997444059254,8.576377947214334E-5,0.11642195003721396,-1.8167232610709317E-5,"{""geodesic"":false,""type"":""Point"",""coordinates"":[106.85909462243768,-6.301681718098443]}"
88_0,1,-6.301681718098443,106.86807777527888,0.032662340750274396,8.87885632747442E-5,0.11648558678364367,6.818702830659721E-7,"{""geodesic"":false,""type"":""Point"",""coordinates"":[106.86807777527888,-6.301681718098443]}"
89_0,1,-6.301681718098443,106.87706092812007,0.0323818139732121,8.92445786864132E-5,0.11647286384472878,-2.3764301020390466E-5,"{""geodesic"":false,""type"":""Point"",""coordinates"":[106.87706092812007,-6.301681718098443]}"
90_0,1,-6.301681718098443,106.88604408096127,0.03267437423329293,9.031780064099763E-5,0.11642307139029075,-1.6629458799483762E-5,"{""geodesic"":false,""type"":""Point"",""coordinates"":[106.88604408096127,-6.301681718098443]}"
91_0,1,-6.301681718098443,106.89502723380247,0.03267111815509928,9.031780064099763E-5,0.11641880257396278,-3.254698198223001E-5,"{""geodesic"":false,""type"":""Point"",""coordinates"":[106.89502723380247,-6.301681718098443]}"
92_0,1,-6.301681718098443,106.90401038664366,0.03277055497821032,9.189683025953769E-5,0.11641424271816589,-3.496590579746056E-5,"{""geodesic"":false,""type"":""Point"",""coordinates"":[106.90401038664366,-6.301681718098443]}"
93_0,1,-6.301681718098443,106.91299353948486,0.03267482037783999,9.462116577190345E-5,0.11644258195091732,-3.4965905797410874E-5,"{""geodesic"":false,""type"":""Point"",""coordinates"":[106.91299353948486,-6.301681718098443]}"
94_0,1,-6.292698565257249,106.76926309402573,0.03310936677785786,8.266657878232941E-5,0.11637469476808138,6.216887413762024E-5,"{""geodesic"":false,""type"":""Point"",""coordinates"":[106.76926309402573,-6.292698565257249]}"
95_0,1,-6.292698565257249,106.77824624686693,0.032960740025564955,7.551096496167715E-5,0.11636095841251289,2.4558618861177627E-5,"{""geodesic"":false,""type"":""Point"",""coordinates"":[106.77824624686693,-6.292698565257249]}"
96_0,1,-6.292698565257249,106.78722939970812,0.03279773394264795,8.105012247719526E-5,0.11648065406673785,3.855634524770075E-5,"{""geodesic"":false,""type"":""Point"",""coordinates"":[106.78722939970812,-6.292698565257249]}"
97_0,1,-6.292698565257249,106.79621255254932,0.03312653793140527,8.007888440677743E-5,0.11654657370548886,3.0059025448305984E-5,"{""geodesic"":false,""type"":""Point"",""coordinates"":[106.79621255254932,-6.292698565257249]}"
98_0,1,-6.292698565257249,106.80519570539052,0.03279789318468986,8.00788839114349E-5,0.11641405034022528,3.690885932881032E-5,"{""geodesic"":false,""type"":""Point"",""coordinates"":[106.80519570539052,-6.292698565257249]}"
99_0,1,-6.292698565257249,106.81417885823171,0.03280479833486388,7.764481051714944E-5,0.116457357444289,3.994743383376412E-5,"{""geodesic"":false,""type"":""Point"",""coordinates"":[106.81417885823171,-6.292698565257249]}"
100_0,1,-6.292698565257249,106.82316201107291,0.03280479833481727,8.208633286017328E-5,0.11637328407891138,5.837221388504627E-5,"{""geodesic"":false,""type"":""Point"",""coordinates"":[106.82316201107291,-6.292698565257249]}"
101_0,1,-6.292698565257249,106.83214516391409,0.03279003369676032,8.616522973184463E-5,0.11648977407170487,6.060386910995196E-5,"{""geodesic"":false,""type"":""Point"",""coordinates"":[106.83214516391409,-6.292698565257249]}"
102_0,1,-6.292698565257249,106.84112831675529,0.03282599151129897,8.616522973158444E-5,0.11643136674038677,3.496344723653346E-5,"{""geodesic"":false,""type"":""Point"",""coordinates"":[106.84112831675529,-6.292698565257249]}"
103_0,1,-6.292698565257249,106.85011146959648,0.032794322850127545,8.747689571459181E-5,0.11648791712724382,3.941416918312266E-5,"{""geodesic"":false,""type"":""Point"",""coordinates"":[106.85011146959648,-6.292698565257249]}"
104_0,1,-6.292698565257249,106.85909462243768,0.032794322850127545,8.747689571459181E-5,0.11648791712724382,3.941416918312266E-5,"{""geodesic"":false,""type"":""Point"",""coordinates"":[106.85909462243768,-6.292698565257249]}"
105_0,1,-6.292698565257249,106.86807777527888,0.032794119808990094,8.878856304288425E-5,0.11655450132269576,-1.0663588042786655E-6,"{""geodesic"":false,""type"":""Point"",""coordinates"":[106.86807777527888,-6.292698565257249]}"
106_0,1,-6.292698565257249,106.87706092812007,0.032662340750251186,8.87885640003672E-5,0.11649121706619188,-7.910993689368188E-6,"{""geodesic"":false,""type"":""Point"",""coordinates"":[106.87706092812007,-6.292698565257249]}"
107_0,1,-6.292698565257249,106.88604408096127,0.03238181397324086,9.423151138810897E-5,0.11642400840034806,-6.106553550384965E-6,"{""geodesic"":false,""type"":""Point"",""coordinates"":[106.88604408096127,-6.292698565257249]}"
108_0,1,-6.292698565257249,106.89502723380247,0.0326623407502773,9.549912072952105E-5,0.11641924587626336,-1.846521126934732E-5,"{""geodesic"":false,""type"":""Point"",""coordinates"":[106.89502723380247,-6.292698565257249]}"
109_0,1,-6.292698565257249,106.90401038664366,0.032662340750251186,9.098602517276849E-5,0.11639120829503745,-1.2123081432929524E-5,"{""geodesic"":false,""type"":""Point"",""coordinates"":[106.90401038664366,-6.292698565257249]}"
110_0,1,-6.283715412416053,106.76027994118454,0.03308080523678708,7.837096297353553E-5,0.11640782261145695,4.232236096871389E-5,"{""geodesic"":false,""type"":""Point"",""coordinates"":[106.76027994118454,-6.283715412416053]}"
111_0,1,-6.283715412416053,106.76926309402573,0.03308080523678708,7.837096297353553E-5,0.11640782261145695,4.232236096871389E-5,"{""geodesic"":false,""type"":""Point"",""coordinates"":[106.76926309402573,-6.283715412416053]}"
112_0,1,-6.283715412416053,106.77824624686693,0.033064506187971014,7.551096496167045E-5,0.11648342007814017,3.961561014873039E-5,"{""geodesic"":false,""type"":""Point"",""coordinates"":[106.77824624686693,-6.283715412416053]}"
113_0,1,-6.283715412416053,106.78722939970812,0.032795462157560996,8.105011970596424E-5,0.11654475055517155,3.154370642737659E-5,"{""geodesic"":false,""type"":""Point"",""coordinates"":[106.78722939970812,-6.283715412416053]}"
114_0,1,-6.283715412416053,106.79621255254932,0.03315045560394757,8.263191193679155E-5,0.11651602257907559,3.1543706427281336E-5,"{""geodesic"":false,""type"":""Point"",""coordinates"":[106.79621255254932,-6.283715412416053]}"
115_0,1,-6.283715412416053,106.80519570539052,0.03298293567851167,7.851568844796243E-5,0.11644300168932026,3.690885932888899E-5,"{""geodesic"":false,""type"":""Point"",""coordinates"":[106.80519570539052,-6.283715412416053]}"
116_0,1,-6.283715412416053,106.81417885823171,0.03280479833478813,8.263191193679155E-5,0.11640054675945671,3.994743438250966E-5,"{""geodesic"":false,""type"":""Point"",""coordinates"":[106.81417885823171,-6.283715412416053]}"
117_0,1,-6.283715412416053,106.82316201107291,0.03283385179057194,8.193243413754392E-5,0.11642400486165196,3.701966408950981E-5,"{""geodesic"":false,""type"":""Point"",""coordinates"":[106.82316201107291,-6.283715412416053]}"
118_0,1,-6.283715412416053,106.83214516391409,0.03278603173942744,8.511677556196501E-5,0.11647825953070237,7.076595096583378E-5,"{""geodesic"":false,""type"":""Point"",""coordinates"":[106.83214516391409,-6.283715412416053]}"
119_0,1,-6.283715412416053,106.84112831675529,0.0326962545514346,8.878856169764863E-5,0.11642312607787068,7.518021448055197E-5,"{""geodesic"":false,""type"":""Point"",""coordinates"":[106.84112831675529,-6.283715412416053]}"
120_0,1,-6.283715412416053,106.85011146959648,0.032699070821436756,8.583697490388198E-5,0.11648766475297007,7.869279579603277E-5,"{""geodesic"":false,""type"":""Point"",""coordinates"":[106.85011146959648,-6.283715412416053]}"
121_0,1,-6.283715412416053,106.85909462243768,0.032699070821436756,8.583697490388198E-5,0.11648766475297007,7.869279579603277E-5,"{""geodesic"":false,""type"":""Point"",""coordinates"":[106.85909462243768,-6.283715412416053]}"
122_0,1,-6.283715412416053,106.86807777527888,0.032744166130798336,8.472151852072628E-5,0.11654505171516487,6.66979904053273E-5,"{""geodesic"":false,""type"":""Point"",""coordinates"":[106.86807777527888,-6.283715412416053]}"
123_0,1,-6.283715412416053,106.87706092812007,0.03266234075032081,9.094196488533481E-5,0.11651781095160385,1.645414704399922E-5,"{""geodesic"":false,""type"":""Point"",""coordinates"":[106.87706092812007,-6.283715412416053]}"
124_0,1,-6.283715412416053,106.88604408096127,0.032662340750274396,9.423150913783374E-5,0.11642704655718726,6.257078894118657E-6,"{""geodesic"":false,""type"":""Point"",""coordinates"":[106.88604408096127,-6.283715412416053]}"
125_0,1,-6.283715412416053,106.89502723380247,0.03273303930955856,9.654299975943734E-5,0.11642475122276669,-1.2123081432938137E-5,"{""geodesic"":false,""type"":""Point"",""coordinates"":[106.89502723380247,-6.283715412416053]}"
126_0,1,-6.283715412416053,106.90401038664366,0.032733039309605076,9.023816164705987E-5,0.1164625722328048,-1.7887411996250856E-5,"{""geodesic"":false,""type"":""Point"",""coordinates"":[106.90401038664366,-6.283715412416053]}"
127_0,1,-6.274732259574858,106.76027994118454,0.033089252830415104,8.538716377506155E-5,0.11648239239387774,2.0488802918408268E-5,"{""geodesic"":false,""type"":""Point"",""coordinates"":[106.76027994118454,-6.274732259574858]}"
128_0,1,-6.274732259574858,106.76926309402573,0.033089252830415104,8.538716377506155E-5,0.11648239239387774,2.0488802918408268E-5,"{""geodesic"":false,""type"":""Point"",""coordinates"":[106.76926309402573,-6.274732259574858]}"
129_0,1,-6.274732259574858,106.77824624686693,0.032815106808424394,8.105012066885293E-5,0.1164814266143283,2.261277118894849E-5,"{""geodesic"":false,""type"":""Point"",""coordinates"":[106.77824624686693,-6.274732259574858]}"
130_0,1,-6.274732259574858,106.78722939970812,0.03298788744853792,8.518493996229496E-5,0.11660891841993108,1.2208378393544936E-5,"{""geodesic"":false,""type"":""Point"",""coordinates"":[106.78722939970812,-6.274732259574858]}"
131_0,1,-6.274732259574858,106.79621255254932,0.03321902321282745,8.00788839115487E-5,0.1166098429032204,5.044107450496079E-6,"{""geodesic"":false,""type"":""Point"",""coordinates"":[106.79621255254932,-6.274732259574858]}"
132_0,1,-6.274732259574858,106.80519570539052,0.03306558491238397,8.518493996229496E-5,0.11660715340030836,2.8779586400875926E-5,"{""geodesic"":false,""type"":""Point"",""coordinates"":[106.80519570539052,-6.274732259574858]}"
133_0,1,-6.274732259574858,106.81417885823171,0.03301364496666689,9.044564649237292E-5,0.11647269535799684,3.552816483825175E-5,"{""geodesic"":false,""type"":""Point"",""coordinates"":[106.81417885823171,-6.274732259574858]}"
134_0,1,-6.274732259574858,106.82316201107291,0.032833440632940004,9.044564326599615E-5,0.11648235548919349,3.6590211669141226E-5,"{""geodesic"":false,""type"":""Point"",""coordinates"":[106.82316201107291,-6.274732259574858]}"
135_0,1,-6.274732259574858,106.83214516391409,0.03267028409194558,8.747689571478606E-5,0.11648408139626565,6.687587984209116E-5,"{""geodesic"":false,""type"":""Point"",""coordinates"":[106.83214516391409,-6.274732259574858]}"
136_0,1,-6.274732259574858,106.84112831675529,0.03257312741878854,8.878856169745937E-5,0.11648917533778827,6.669799040527993E-5,"{""geodesic"":false,""type"":""Point"",""coordinates"":[106.84112831675529,-6.274732259574858]}"
137_0,1,-6.274732259574858,106.85011146959648,0.03268836007993818,8.632112039898596E-5,0.11655034468708966,7.093910244289251E-5,"{""geodesic"":false,""type"":""Point"",""coordinates"":[106.85011146959648,-6.274732259574858]}"
138_0,1,-6.274732259574858,106.85909462243768,0.03268836007993818,8.632112039898596E-5,0.11655034468708966,7.093910244289251E-5,"{""geodesic"":false,""type"":""Point"",""coordinates"":[106.85909462243768,-6.274732259574858]}"
139_0,1,-6.274732259574858,106.86807777527888,0.032692296891885284,8.55087200763158E-5,0.1165414140312407,8.069966726203921E-5,"{""geodesic"":false,""type"":""Point"",""coordinates"":[106.86807777527888,-6.274732259574858]}"
140_0,1,-6.274732259574858,106.87706092812007,0.03267176244839262,8.616522973158444E-5,0.1164911467506482,5.362878183548884E-5,"{""geodesic"":false,""type"":""Point"",""coordinates"":[106.87706092812007,-6.274732259574858]}"
141_0,1,-6.274732259574858,106.88604408096127,0.03263116749346902,8.792263479207497E-5,0.1164302283375372,1.693739925893027E-5,"{""geodesic"":false,""type"":""Point"",""coordinates"":[106.88604408096127,-6.274732259574858]}"
142_0,1,-6.274732259574858,106.89502723380247,0.03265828042255672,8.585515752196745E-5,0.11636789585285806,-1.2123081791311743E-5,"{""geodesic"":false,""type"":""Point"",""coordinates"":[106.89502723380247,-6.274732259574858]}"
143_0,1,-6.274732259574858,106.90401038664366,0.032673221445566475,8.144094681472294E-5,0.11642467778202854,-2.6680516889047394E-5,"{""geodesic"":false,""type"":""Point"",""coordinates"":[106.90401038664366,-6.274732259574858]}"
144_0,1,-6.265749106733662,106.75129678834334,0.03261264661945928,9.056724970243863E-5,0.11656515796972271,6.048497883941459E-5,"{""geodesic"":false,""type"":""Point"",""coordinates"":[106.75129678834334,-6.265749106733662]}"
145_0,1,-6.265749106733662,106.76027994118454,0.03264584889017241,9.004841292612335E-5,0.11655323786714712,2.6136562155464694E-5,"{""geodesic"":false,""type"":""Point"",""coordinates"":[106.76027994118454,-6.265749106733662]}"
146_0,1,-6.265749106733662,106.76926309402573,0.03264584889017241,9.004841292612335E-5,0.11655323786714712,2.6136562155464694E-5,"{""geodesic"":false,""type"":""Point"",""coordinates"":[106.76926309402573,-6.265749106733662]}"
147_0,1,-6.265749106733662,106.77824624686693,0.03261300522526716,9.173718616395465E-5,0.11654746971761165,4.74932432474725E-5,"{""geodesic"":false,""type"":""Point"",""coordinates"":[106.77824624686693,-6.265749106733662]}"
148_0,1,-6.265749106733662,106.78722939970812,0.03273696452377261,8.70481851110355E-5,0.11661234907397067,2.1743240722558442E-5,"{""geodesic"":false,""type"":""Point"",""coordinates"":[106.78722939970812,-6.265749106733662]}"
149_0,1,-6.265749106733662,106.79621255254932,0.03310621653996641,8.697522930058889E-5,0.11661396491978157,3.054450173522283E-5,"{""geodesic"":false,""type"":""Point"",""coordinates"":[106.79621255254932,-6.265749106733662]}"
150_0,1,-6.265749106733662,106.80519570539052,0.03265287586707937,9.026922960123304E-5,0.11656576810926472,6.994464134089037E-5,"{""geodesic"":false,""type"":""Point"",""coordinates"":[106.80519570539052,-6.265749106733662]}"
151_0,1,-6.265749106733662,106.81417885823171,0.03272615175041337,8.830098943547423E-5,0.1166059871400348,1.0206375202686309E-4,"{""geodesic"":false,""type"":""Point"",""coordinates"":[106.81417885823171,-6.265749106733662]}"
152_0,1,-6.265749106733662,106.82316201107291,0.032826415686095956,9.043675289708147E-5,0.11660395150767691,6.669799040533323E-5,"{""geodesic"":false,""type"":""Point"",""coordinates"":[106.82316201107291,-6.265749106733662]}"
153_0,1,-6.265749106733662,106.83214516391409,0.032824614031428306,9.253797907164411E-5,0.11660772035657956,7.093910244305003E-5,"{""geodesic"":false,""type"":""Point"",""coordinates"":[106.83214516391409,-6.265749106733662]}"
154_0,1,-6.265749106733662,106.84112831675529,0.03261847980315888,9.2334133741756E-5,0.11648865187569586,1.221970351062736E-4,"{""geodesic"":false,""type"":""Point"",""coordinates"":[106.84112831675529,-6.265749106733662]}"
155_0,1,-6.265749106733662,106.85011146959648,0.03278004200657726,8.878856169753033E-5,0.11655390244616501,1.2219702947721553E-4,"{""geodesic"":false,""type"":""Point"",""coordinates"":[106.85011146959648,-6.265749106733662]}"
156_0,1,-6.265749106733662,106.85909462243768,0.03278004200657726,8.878856169753033E-5,0.11655390244616501,1.2219702947721553E-4,"{""geodesic"":false,""type"":""Point"",""coordinates"":[106.85909462243768,-6.265749106733662]}"
157_0,1,-6.265749106733662,106.86807777527888,0.03266977780980026,8.690882532405777E-5,0.11654635827605768,9.19437588892504E-5,"{""geodesic"":false,""type"":""Point"",""coordinates"":[106.86807777527888,-6.265749106733662]}"
158_0,1,-6.265749106733662,106.87706092812007,0.032173510589520754,8.690882532379532E-5,0.11655691955375443,1.2222149146795687E-4,"{""geodesic"":false,""type"":""Point"",""coordinates"":[106.87706092812007,-6.265749106733662]}"
159_0,1,-6.265749106733662,106.88604408096127,0.03248128726058362,9.184120398291905E-5,0.11638164627037728,9.19437578909437E-5,"{""geodesic"":false,""type"":""Point"",""coordinates"":[106.88604408096127,-6.265749106733662]}"
160_0,1,-6.265749106733662,106.89502723380247,0.03266196697948402,8.93971995950562E-5,0.11634474810289064,2.913268408813989E-5,"{""geodesic"":false,""type"":""Point"",""coordinates"":[106.89502723380247,-6.265749106733662]}"
161_0,1,-6.265749106733662,106.90401038664366,0.032376082088290965,8.921851693313356E-5,0.11647955390707908,3.827786713367559E-6,"{""geodesic"":false,""type"":""Point"",""coordinates"":[106.90401038664366,-6.265749106733662]}"
162_0,1,-6.256765953892468,106.76027994118454,0.03262294527469761,1.0328218657498649E-4,0.11654675936164,8.888550193544339E-5,"{""geodesic"":false,""type"":""Point"",""coordinates"":[106.76027994118454,-6.256765953892468]}"
163_0,1,-6.256765953892468,106.76926309402573,0.03262294527469761,1.0328218657498649E-4,0.11654675936164,8.888550193544339E-5,"{""geodesic"":false,""type"":""Point"",""coordinates"":[106.76926309402573,-6.256765953892468]}"
164_0,1,-6.256765953892468,106.77824624686693,0.03261473811845835,1.01021413739108E-4,0.11666337599278812,5.0440762578033216E-5,"{""geodesic"":false,""type"":""Point"",""coordinates"":[106.77824624686693,-6.256765953892468]}"
165_0,1,-6.256765953892468,106.78722939970812,0.032613233663122146,1.0034535097163206E-4,0.1166404120623365,3.844433555972371E-5,"{""geodesic"":false,""type"":""Point"",""coordinates"":[106.78722939970812,-6.256765953892468]}"
166_0,1,-6.256765953892468,106.79621255254932,0.03229740548209493,9.889986540664653E-5,0.11660752569645279,3.986711250580078E-5,"{""geodesic"":false,""type"":""Point"",""coordinates"":[106.79621255254932,-6.256765953892468]}"
167_0,1,-6.256765953892468,106.80519570539052,0.03231332517400646,9.813497048367445E-5,0.11661099012842695,4.085567979801628E-5,"{""geodesic"":false,""type"":""Point"",""coordinates"":[106.80519570539052,-6.256765953892468]}"
168_0,1,-6.256765953892468,106.81417885823171,0.03239513487603745,8.390772964093909E-5,0.11661405153743236,8.780380268110356E-5,"{""geodesic"":false,""type"":""Point"",""coordinates"":[106.81417885823171,-6.256765953892468]}"
169_0,1,-6.256765953892468,106.82316201107291,0.03270710073409501,8.718380609836897E-5,0.11658461021979562,8.608729558671483E-5,"{""geodesic"":false,""type"":""Point"",""coordinates"":[106.82316201107291,-6.256765953892468]}"
170_0,1,-6.256765953892468,106.83214516391409,0.03257499262695821,9.043675527224068E-5,0.1165864000976253,8.937428337328019E-5,"{""geodesic"":false,""type"":""Point"",""coordinates"":[106.83214516391409,-6.256765953892468]}"
171_0,1,-6.256765953892468,106.84112831675529,0.03236170989277242,9.193528974101852E-5,0.11658379435522928,1.1384051027213543E-4,"{""geodesic"":false,""type"":""Point"",""coordinates"":[106.84112831675529,-6.256765953892468]}"
172_0,1,-6.256765953892468,106.85011146959648,0.03265060560005577,8.833850151358913E-5,0.11659507569552591,9.671121214930209E-5,"{""geodesic"":false,""type"":""Point"",""coordinates"":[106.85011146959648,-6.256765953892468]}"
173_0,1,-6.256765953892468,106.85909462243768,0.03265060560005577,8.833850151358913E-5,0.11659507569552591,9.671121214930209E-5,"{""geodesic"":false,""type"":""Point"",""coordinates"":[106.85909462243768,-6.256765953892468]}"
174_0,1,-6.256765953892468,106.86807777527888,0.032661191368740405,8.765242091627091E-5,0.11655506839291188,1.0853501165308346E-4,"{""geodesic"":false,""type"":""Point"",""coordinates"":[106.86807777527888,-6.256765953892468]}"
175_0,1,-6.256765953892468,106.87706092812007,0.03221840155885691,9.051573985909991E-5,0.11640920216476115,1.0996213552186966E-4,"{""geodesic"":false,""type"":""Point"",""coordinates"":[106.87706092812007,-6.256765953892468]}"
176_0,1,-6.256765953892468,106.88604408096127,0.032330468297057074,9.655045505512316E-5,0.1163400717933222,1.221970305780066E-4,"{""geodesic"":false,""type"":""Point"",""coordinates"":[106.88604408096127,-6.256765953892468]}"
177_0,1,-6.256765953892468,106.89502723380247,0.032031338618621015,9.50136527534935E-5,0.116323742146278,9.016990780535706E-5,"{""geodesic"":false,""type"":""Point"",""coordinates"":[106.89502723380247,-6.256765953892468]}"
178_0,1,-6.256765953892468,106.90401038664366,0.032161311623117535,9.057785797218708E-5,0.11651176587618405,8.166308552539897E-5,"{""geodesic"":false,""type"":""Point"",""coordinates"":[106.90401038664366,-6.256765953892468]}"
179_0,1,-6.256765953892468,106.91299353948486,0.03266196697955655,8.815319040499629E-5,0.11649294865980556,3.106380609101992E-5,"{""geodesic"":false,""type"":""Point"",""coordinates"":[106.91299353948486,-6.256765953892468]}"
180_0,1,-6.247782801051272,106.75129678834334,0.03262288840385062,9.979564492817564E-5,0.11667879452443461,4.734634919676684E-5,"{""geodesic"":false,""type"":""Point"",""coordinates"":[106.75129678834334,-6.247782801051272]}"
181_0,1,-6.247782801051272,106.76027994118454,0.03259656062048494,1.0225459587814831E-4,0.11666824637565942,4.7493243619483454E-5,"{""geodesic"":false,""type"":""Point"",""coordinates"":[106.76027994118454,-6.247782801051272]}"
182_0,1,-6.247782801051272,106.76926309402573,0.03259656062048494,1.0225459587814831E-4,0.11666824637565942,4.7493243619483454E-5,"{""geodesic"":false,""type"":""Point"",""coordinates"":[106.76926309402573,-6.247782801051272]}"
183_0,1,-6.247782801051272,106.77824624686693,0.03261771476182797,1.0490148995356092E-4,0.11663298655815484,3.826133979598557E-5,"{""geodesic"":false,""type"":""Point"",""coordinates"":[106.77824624686693,-6.247782801051272]}"
184_0,1,-6.247782801051272,106.78722939970812,0.03273625957793882,1.0555809421924125E-4,0.11660875811006823,4.661840284822504E-5,"{""geodesic"":false,""type"":""Point"",""coordinates"":[106.78722939970812,-6.247782801051272]}"
185_0,1,-6.247782801051272,106.79621255254932,0.03261323366316849,1.0300401118010355E-4,0.11660175309788623,7.412752640049183E-5,"{""geodesic"":false,""type"":""Point"",""coordinates"":[106.79621255254932,-6.247782801051272]}"
186_0,1,-6.247782801051272,106.80519570539052,0.03244441926040785,1.0374713796923881E-4,0.116572200579307,7.957756638593198E-5,"{""geodesic"":false,""type"":""Point"",""coordinates"":[106.80519570539052,-6.247782801051272]}"
187_0,1,-6.247782801051272,106.81417885823171,0.03210615925493491,1.0379903148121255E-4,0.11661081910142931,9.0188253758812E-5,"{""geodesic"":false,""type"":""Point"",""coordinates"":[106.81417885823171,-6.247782801051272]}"
188_0,1,-6.247782801051272,106.82316201107291,0.032282250082627494,9.979668846803373E-5,0.1165467920149091,6.341570428901218E-5,"{""geodesic"":false,""type"":""Point"",""coordinates"":[106.82316201107291,-6.247782801051272]}"
189_0,1,-6.247782801051272,106.83214516391409,0.032057784508874615,1.1711199588829919E-4,0.11655222634552187,7.641917233554133E-5,"{""geodesic"":false,""type"":""Point"",""coordinates"":[106.83214516391409,-6.247782801051272]}"
190_0,1,-6.247782801051272,106.84112831675529,0.03202959150071429,9.490003776363329E-5,0.11658379435522928,8.256550395769887E-5,"{""geodesic"":false,""type"":""Point"",""coordinates"":[106.84112831675529,-6.247782801051272]}"
191_0,1,-6.247782801051272,106.85011146959648,0.032495311653950004,9.423151050621379E-5,0.11658379435532246,8.419612715046405E-5,"{""geodesic"":false,""type"":""Point"",""coordinates"":[106.85011146959648,-6.247782801051272]}"
192_0,1,-6.247782801051272,106.85909462243768,0.032495311653950004,9.423151050621379E-5,0.11658379435532246,8.419612715046405E-5,"{""geodesic"":false,""type"":""Point"",""coordinates"":[106.85909462243768,-6.247782801051272]}"
193_0,1,-6.247782801051272,106.86807777527888,0.03233046934144721,8.919340156822062E-5,0.11656058848062528,9.580292206759001E-5,"{""geodesic"":false,""type"":""Point"",""coordinates"":[106.86807777527888,-6.247782801051272]}"
194_0,1,-6.247782801051272,106.87706092812007,0.03211896238205351,9.051573579186943E-5,0.11656138304826309,8.486682410440577E-5,"{""geodesic"":false,""type"":""Point"",""coordinates"":[106.87706092812007,-6.247782801051272]}"
195_0,1,-6.247782801051272,106.88604408096127,0.03232991097914892,9.415772244078695E-5,0.11653317939067714,9.147035760376888E-5,"{""geodesic"":false,""type"":""Point"",""coordinates"":[106.88604408096127,-6.247782801051272]}"
196_0,1,-6.247782801051272,106.89502723380247,0.03197999745182095,9.530551008224127E-5,0.11641127143553492,6.134157303953425E-5,"{""geodesic"":false,""type"":""Point"",""coordinates"":[106.89502723380247,-6.247782801051272]}"
197_0,1,-6.247782801051272,106.90401038664366,0.03197999780101243,9.431659287207177E-5,0.11649663658001763,4.4667608733096005E-5,"{""geodesic"":false,""type"":""Point"",""coordinates"":[106.90401038664366,-6.247782801051272]}"
198_0,1,-6.247782801051272,106.91299353948486,0.0320431991134902,9.023939238468199E-5,0.11640344337478575,3.829961343509975E-5,"{""geodesic"":false,""type"":""Point"",""coordinates"":[106.91299353948486,-6.247782801051272]}"
199_0,1,-6.247782801051272,106.92197669232606,0.03194650561046368,8.220931284107047E-5,0.11656475793320577,3.9242291677486805E-5,"{""geodesic"":false,""type"":""Point"",""coordinates"":[106.92197669232606,-6.247782801051272]}"
200_0,1,-6.247782801051272,106.93095984516725,0.031906295478924866,8.11163772596712E-5,0.11661059915895695,3.695230952874531E-5,"{""geodesic"":false,""type"":""Point"",""coordinates"":[106.93095984516725,-6.247782801051272]}"
201_0,1,-6.247782801051272,106.93994299800845,0.031906295478924866,8.11163772596712E-5,0.11661059915895695,3.695230952874531E-5,"{""geodesic"":false,""type"":""Point"",""coordinates"":[106.93994299800845,-6.247782801051272]}"
202_0,1,-6.238799648210077,106.75129678834334,0.03247129127648147,1.1007501317962148E-4,0.11659881271068662,9.525251880584967E-5,"{""geodesic"":false,""type"":""Point"",""coordinates"":[106.75129678834334,-6.238799648210077]}"
203_0,1,-6.238799648210077,106.76027994118454,0.03258790806677494,1.1775238817800186E-4,0.11660620827542324,9.378202179139116E-5,"{""geodesic"":false,""type"":""Point"",""coordinates"":[106.76027994118454,-6.238799648210077]}"
204_0,1,-6.238799648210077,106.76926309402573,0.03258790806677494,1.1775238817800186E-4,0.11660620827542324,9.378202179139116E-5,"{""geodesic"":false,""type"":""Point"",""coordinates"":[106.76926309402573,-6.238799648210077]}"
205_0,1,-6.238799648210077,106.77824624686693,0.03273831922991442,1.1264369823031815E-4,0.1165983004587153,4.7397946347682625E-5,"{""geodesic"":false,""type"":""Point"",""coordinates"":[106.77824624686693,-6.238799648210077]}"
206_0,1,-6.238799648210077,106.78722939970812,0.03312035150994776,1.1234494769519666E-4,0.11660654747228931,4.461791769318452E-5,"{""geodesic"":false,""type"":""Point"",""coordinates"":[106.78722939970812,-6.238799648210077]}"
207_0,1,-6.238799648210077,106.79621255254932,0.03266639541031152,1.1234494604505612E-4,0.11660777280737593,6.0061712341504054E-5,"{""geodesic"":false,""type"":""Point"",""coordinates"":[106.79621255254932,-6.238799648210077]}"
208_0,1,-6.238799648210077,106.80519570539052,0.033117496115655835,1.0590689321312189E-4,0.11654446266627287,6.778507733546814E-5,"{""geodesic"":false,""type"":""Point"",""coordinates"":[106.80519570539052,-6.238799648210077]}"
209_0,1,-6.238799648210077,106.81417885823171,0.03257681221308483,1.0555809421939125E-4,0.11652841676584419,8.640891277240665E-5,"{""geodesic"":false,""type"":""Point"",""coordinates"":[106.81417885823171,-6.238799648210077]}"
210_0,1,-6.238799648210077,106.82316201107291,0.03262148518113323,1.0267738980467787E-4,0.11643122118713878,6.61382680248524E-5,"{""geodesic"":false,""type"":""Point"",""coordinates"":[106.82316201107291,-6.238799648210077]}"
211_0,1,-6.238799648210077,106.83214516391409,0.031951537355832366,1.1783028458031357E-4,0.1164233312012651,7.217330424481367E-5,"{""geodesic"":false,""type"":""Point"",""coordinates"":[106.83214516391409,-6.238799648210077]}"
212_0,1,-6.238799648210077,106.84112831675529,0.03202959150071429,1.236892088811132E-4,0.11649839150392055,7.205840665836977E-5,"{""geodesic"":false,""type"":""Point"",""coordinates"":[106.84112831675529,-6.238799648210077]}"
213_0,1,-6.238799648210077,106.85011146959648,0.03267089617602315,9.77622508907416E-5,0.11650039995918056,6.110907275305014E-5,"{""geodesic"":false,""type"":""Point"",""coordinates"":[106.85011146959648,-6.238799648210077]}"
214_0,1,-6.238799648210077,106.85909462243768,0.03267089617602315,9.77622508907416E-5,0.11650039995918056,6.110907275305014E-5,"{""geodesic"":false,""type"":""Point"",""coordinates"":[106.85909462243768,-6.238799648210077]}"
215_0,1,-6.238799648210077,106.86807777527888,0.03264849237126851,9.415068052491524E-5,0.11651862404549966,9.13197654882994E-5,"{""geodesic"":false,""type"":""Point"",""coordinates"":[106.86807777527888,-6.238799648210077]}"
216_0,1,-6.238799648210077,106.87706092812007,0.03217938880531926,9.992848974591102E-5,0.1165649257598676,6.136155827605381E-5,"{""geodesic"":false,""type"":""Point"",""coordinates"":[106.87706092812007,-6.238799648210077]}"
217_0,1,-6.238799648210077,106.88604408096127,0.0320511441678328,9.49848545134675E-5,0.11656131899485515,7.023066427802868E-5,"{""geodesic"":false,""type"":""Point"",""coordinates"":[106.88604408096127,-6.238799648210077]}"
218_0,1,-6.238799648210077,106.89502723380247,0.031979997642319076,9.453719519453651E-5,0.11652493194886945,8.828366014134047E-5,"{""geodesic"":false,""type"":""Point"",""coordinates"":[106.89502723380247,-6.238799648210077]}"
219_0,1,-6.238799648210077,106.90401038664366,0.03203738094109437,9.770867494387911E-5,0.11659831864129129,5.395395419319991E-5,"{""geodesic"":false,""type"":""Point"",""coordinates"":[106.90401038664366,-6.238799648210077]}"
220_0,1,-6.238799648210077,106.91299353948486,0.03254142987901899,8.51307997491958E-5,0.11660655535514941,5.7447701533376035E-5,"{""geodesic"":false,""type"":""Point"",""coordinates"":[106.91299353948486,-6.238799648210077]}"
221_0,1,-6.238799648210077,106.92197669232606,0.03216535062687807,8.422027167393426E-5,0.11661450603594996,3.232273342255852E-5,"{""geodesic"":false,""type"":""Point"",""coordinates"":[106.92197669232606,-6.238799648210077]}"
222_0,1,-6.238799648210077,106.93095984516725,0.031913051101248924,8.321479278523239E-5,0.1167241715144868,5.3519009185531595E-5,"{""geodesic"":false,""type"":""Point"",""coordinates"":[106.93095984516725,-6.238799648210077]}"
223_0,1,-6.238799648210077,106.93994299800845,0.031913051101248924,8.321479278523239E-5,0.1167241715144868,5.3519009185531595E-5,"{""geodesic"":false,""type"":""Point"",""coordinates"":[106.93994299800845,-6.238799648210077]}"
224_0,1,-6.2298164953688815,106.74231363550214,0.03332927701698237,1.2285840910060842E-4,0.1166122823401079,8.081793097508147E-5,"{""geodesic"":false,""type"":""Point"",""coordinates"":[106.74231363550214,-6.2298164953688815]}"
225_0,1,-6.2298164953688815,106.75129678834334,0.03308432228235654,1.2286107812534E-4,0.11660583078159223,9.320839948853763E-5,"{""geodesic"":false,""type"":""Point"",""coordinates"":[106.75129678834334,-6.2298164953688815]}"
226_0,1,-6.2298164953688815,106.76027994118454,0.0326121045169948,1.2960495167520944E-4,0.11660882273784687,7.957757083285081E-5,"{""geodesic"":false,""type"":""Point"",""coordinates"":[106.76027994118454,-6.2298164953688815]}"
227_0,1,-6.2298164953688815,106.76926309402573,0.0326121045169948,1.2960495167520944E-4,0.11660882273784687,7.957757083285081E-5,"{""geodesic"":false,""type"":""Point"",""coordinates"":[106.76926309402573,-6.2298164953688815]}"
228_0,1,-6.2298164953688815,106.77824624686693,0.033075562138702004,1.2747402582558818E-4,0.11647336794098029,7.95775704318109E-5,"{""geodesic"":false,""type"":""Point"",""coordinates"":[106.77824624686693,-6.2298164953688815]}"
229_0,1,-6.2298164953688815,106.78722939970812,0.033140291770350015,1.2961980089724567E-4,0.11655328906182207,7.95775704319876E-5,"{""geodesic"":false,""type"":""Point"",""coordinates"":[106.78722939970812,-6.2298164953688815]}"
230_0,1,-6.2298164953688815,106.79621255254932,0.03256450034673135,1.2747402392656495E-4,0.11655009582571287,8.730983817390662E-5,"{""geodesic"":false,""type"":""Point"",""coordinates"":[106.79621255254932,-6.2298164953688815]}"
231_0,1,-6.2298164953688815,106.80519570539052,0.03310203345266959,1.1249432282073885E-4,0.11646431971516916,9.525251305945526E-5,"{""geodesic"":false,""type"":""Point"",""coordinates"":[106.80519570539052,-6.2298164953688815]}"
232_0,1,-6.2298164953688815,106.81417885823171,0.03275232809020813,1.0895152164131962E-4,0.11647989580194999,9.555476709805607E-5,"{""geodesic"":false,""type"":""Point"",""coordinates"":[106.81417885823171,-6.2298164953688815]}"
233_0,1,-6.2298164953688815,106.82316201107291,0.032988996861282385,1.1234494306493193E-4,0.11642977227512818,7.254347586547284E-5,"{""geodesic"":false,""type"":""Point"",""coordinates"":[106.82316201107291,-6.2298164953688815]}"
234_0,1,-6.2298164953688815,106.83214516391409,0.032767584547377895,1.200060779518388E-4,0.11647328927330969,7.059525887593418E-5,"{""geodesic"":false,""type"":""Point"",""coordinates"":[106.83214516391409,-6.2298164953688815]}"
235_0,1,-6.2298164953688815,106.84112831675529,0.032365419284240526,1.2074065502347704E-4,0.11641751229771552,7.05952588760345E-5,"{""geodesic"":false,""type"":""Point"",""coordinates"":[106.84112831675529,-6.2298164953688815]}"
236_0,1,-6.2298164953688815,106.85011146959648,0.03256595682852005,1.0401818021197939E-4,0.11642956842392482,6.110907505443959E-5,"{""geodesic"":false,""type"":""Point"",""coordinates"":[106.85011146959648,-6.2298164953688815]}"
237_0,1,-6.2298164953688815,106.85909462243768,0.03256595682852005,1.0401818021197939E-4,0.11642956842392482,6.110907505443959E-5,"{""geodesic"":false,""type"":""Point"",""coordinates"":[106.85909462243768,-6.2298164953688815]}"
238_0,1,-6.2298164953688815,106.86807777527888,0.03195153735575858,9.774852821185686E-5,0.11646629214854132,6.110907270336037E-5,"{""geodesic"":false,""type"":""Point"",""coordinates"":[106.86807777527888,-6.2298164953688815]}"
239_0,1,-6.2298164953688815,106.87706092812007,0.032054757755080106,9.991524255836918E-5,0.1164597279110452,4.736892785066391E-5,"{""geodesic"":false,""type"":""Point"",""coordinates"":[106.87706092812007,-6.2298164953688815]}"
240_0,1,-6.2298164953688815,106.88604408096127,0.03204428851271865,9.677017400423987E-5,0.11649706699571467,3.87452746508376E-5,"{""geodesic"":false,""type"":""Point"",""coordinates"":[106.88604408096127,-6.2298164953688815]}"
241_0,1,-6.2298164953688815,106.89502723380247,0.032048984120267396,9.556856821284562E-5,0.1164623980743514,4.779757324754373E-5,"{""geodesic"":false,""type"":""Point"",""coordinates"":[106.89502723380247,-6.2298164953688815]}"
242_0,1,-6.2298164953688815,106.90401038664366,0.032054792471969455,9.972990257506637E-5,0.11661470844232304,4.1036527920521654E-5,"{""geodesic"":false,""type"":""Point"",""coordinates"":[106.90401038664366,-6.2298164953688815]}"
243_0,1,-6.2298164953688815,106.91299353948486,0.032280555312435094,9.023939492174724E-5,0.116659469902435,3.730899088537356E-5,"{""geodesic"":false,""type"":""Point"",""coordinates"":[106.91299353948486,-6.2298164953688815]}"
244_0,1,-6.2298164953688815,106.92197669232606,0.0319872857436288,9.261212471770334E-5,0.11666597996665988,6.704106026284354E-5,"{""geodesic"":false,""type"":""Point"",""coordinates"":[106.92197669232606,-6.2298164953688815]}"
245_0,1,-6.2298164953688815,106.93095984516725,0.03191305138165969,8.884116135600908E-5,0.1167301874514905,4.971679122708902E-5,"{""geodesic"":false,""type"":""Point"",""coordinates"":[106.93095984516725,-6.2298164953688815]}"
246_0,1,-6.2298164953688815,106.93994299800845,0.03191305138165969,8.884116135600908E-5,0.1167301874514905,4.971679122708902E-5,"{""geodesic"":false,""type"":""Point"",""coordinates"":[106.93994299800845,-6.2298164953688815]}"
247_0,1,-6.220833342527687,106.72434732981975,0.033033752789935124,9.791581538690848E-5,0.11656159095622425,6.764705866003866E-5,"{""geodesic"":false,""type"":""Point"",""coordinates"":[106.72434732981975,-6.220833342527687]}"
248_0,1,-6.220833342527687,106.73333048266095,0.03332241103401815,1.1343080673323274E-4,0.11655122459912315,2.564801434347886E-5,"{""geodesic"":false,""type"":""Point"",""coordinates"":[106.73333048266095,-6.220833342527687]}"
249_0,1,-6.220833342527687,106.74231363550214,0.03332927701698237,1.2285840910060842E-4,0.1166122823401079,8.081793097508147E-5,"{""geodesic"":false,""type"":""Point"",""coordinates"":[106.74231363550214,-6.220833342527687]}"
250_0,1,-6.220833342527687,106.75129678834334,0.03308432228235654,1.2286107812534E-4,0.11660583078159223,9.320839948853763E-5,"{""geodesic"":false,""type"":""Point"",""coordinates"":[106.75129678834334,-6.220833342527687]}"
251_0,1,-6.220833342527687,106.76027994118454,0.0326121045169948,1.2960495167520944E-4,0.11660882273784687,7.957757083285081E-5,"{""geodesic"":false,""type"":""Point"",""coordinates"":[106.76027994118454,-6.220833342527687]}"
252_0,1,-6.220833342527687,106.76926309402573,0.0326121045169948,1.2960495167520944E-4,0.11660882273784687,7.957757083285081E-5,"{""geodesic"":false,""type"":""Point"",""coordinates"":[106.76926309402573,-6.220833342527687]}"
253_0,1,-6.220833342527687,106.77824624686693,0.033075562138702004,1.2747402582558818E-4,0.11647336794098029,7.95775704318109E-5,"{""geodesic"":false,""type"":""Point"",""coordinates"":[106.77824624686693,-6.220833342527687]}"
254_0,1,-6.220833342527687,106.78722939970812,0.033140291770350015,1.2961980089724567E-4,0.11655328906182207,7.95775704319876E-5,"{""geodesic"":false,""type"":""Point"",""coordinates"":[106.78722939970812,-6.220833342527687]}"
255_0,1,-6.220833342527687,106.79621255254932,0.03256450034673135,1.2747402392656495E-4,0.11655009582571287,8.730983817390662E-5,"{""geodesic"":false,""type"":""Point"",""coordinates"":[106.79621255254932,-6.220833342527687]}"
256_0,1,-6.220833342527687,106.80519570539052,0.03310203345266959,1.1249432282073885E-4,0.11646431971516916,9.525251305945526E-5,"{""geodesic"":false,""type"":""Point"",""coordinates"":[106.80519570539052,-6.220833342527687]}"
257_0,1,-6.220833342527687,106.81417885823171,0.03275232809020813,1.0895152164131962E-4,0.11647989580194999,9.555476709805607E-5,"{""geodesic"":false,""type"":""Point"",""coordinates"":[106.81417885823171,-6.220833342527687]}"
258_0,1,-6.220833342527687,106.82316201107291,0.032988996861282385,1.1234494306493193E-4,0.11642977227512818,7.254347586547284E-5,"{""geodesic"":false,""type"":""Point"",""coordinates"":[106.82316201107291,-6.220833342527687]}"
259_0,1,-6.220833342527687,106.83214516391409,0.032767584547377895,1.200060779518388E-4,0.11647328927330969,7.059525887593418E-5,"{""geodesic"":false,""type"":""Point"",""coordinates"":[106.83214516391409,-6.220833342527687]}"
260_0,1,-6.220833342527687,106.84112831675529,0.032365419284240526,1.2074065502347704E-4,0.11641751229771552,7.05952588760345E-5,"{""geodesic"":false,""type"":""Point"",""coordinates"":[106.84112831675529,-6.220833342527687]}"
261_0,1,-6.220833342527687,106.85011146959648,0.03256595682852005,1.0401818021197939E-4,0.11642956842392482,6.110907505443959E-5,"{""geodesic"":false,""type"":""Point"",""coordinates"":[106.85011146959648,-6.220833342527687]}"
262_0,1,-6.220833342527687,106.85909462243768,0.03256595682852005,1.0401818021197939E-4,0.11642956842392482,6.110907505443959E-5,"{""geodesic"":false,""type"":""Point"",""coordinates"":[106.85909462243768,-6.220833342527687]}"
263_0,1,-6.220833342527687,106.86807777527888,0.03195153735575858,9.774852821185686E-5,0.11646629214854132,6.110907270336037E-5,"{""geodesic"":false,""type"":""Point"",""coordinates"":[106.86807777527888,-6.220833342527687]}"
264_0,1,-6.220833342527687,106.87706092812007,0.032054757755080106,9.991524255836918E-5,0.1164597279110452,4.736892785066391E-5,"{""geodesic"":false,""type"":""Point"",""coordinates"":[106.87706092812007,-6.220833342527687]}"
265_0,1,-6.220833342527687,106.88604408096127,0.03204428851271865,9.677017400423987E-5,0.11649706699571467,3.87452746508376E-5,"{""geodesic"":false,""type"":""Point"",""coordinates"":[106.88604408096127,-6.220833342527687]}"
266_0,1,-6.220833342527687,106.89502723380247,0.032048984120267396,9.556856821284562E-5,0.1164623980743514,4.779757324754373E-5,"{""geodesic"":false,""type"":""Point"",""coordinates"":[106.89502723380247,-6.220833342527687]}"
267_0,1,-6.220833342527687,106.90401038664366,0.032054792471969455,9.972990257506637E-5,0.11661470844232304,4.1036527920521654E-5,"{""geodesic"":false,""type"":""Point"",""coordinates"":[106.90401038664366,-6.220833342527687]}"
268_0,1,-6.220833342527687,106.91299353948486,0.032280555312435094,9.023939492174724E-5,0.116659469902435,3.730899088537356E-5,"{""geodesic"":false,""type"":""Point"",""coordinates"":[106.91299353948486,-6.220833342527687]}"
269_0,1,-6.220833342527687,106.92197669232606,0.0319872857436288,9.261212471770334E-5,0.11666597996665988,6.704106026284354E-5,"{""geodesic"":false,""type"":""Point"",""coordinates"":[106.92197669232606,-6.220833342527687]}"
270_0,1,-6.220833342527687,106.93095984516725,0.03191305138165969,8.884116135600908E-5,0.1167301874514905,4.971679122708902E-5,"{""geodesic"":false,""type"":""Point"",""coordinates"":[106.93095984516725,-6.220833342527687]}"
271_0,1,-6.220833342527687,106.93994299800845,0.03191305138165969,8.884116135600908E-5,0.1167301874514905,4.971679122708902E-5,"{""geodesic"":false,""type"":""Point"",""coordinates"":[106.93994299800845,-6.220833342527687]}"
272_0,1,-6.220833342527687,106.94892615084963,0.03169581666593636,7.66918528826219E-5,0.1167239124578038,3.161566019121276E-5,"{""geodesic"":false,""type"":""Point"",""coordinates"":[106.94892615084963,-6.220833342527687]}"
273_0,1,-6.2118501896864915,106.72434732981975,0.03306497092637552,1.1105839075746797E-4,0.1165510285982722,2.2792508755331267E-5,"{""geodesic"":false,""type"":""Point"",""coordinates"":[106.72434732981975,-6.2118501896864915]}"
274_0,1,-6.2118501896864915,106.73333048266095,0.033098745622729665,1.2317612354750284E-4,0.11655187542562531,1.300888550503992E-5,"{""geodesic"":false,""type"":""Point"",""coordinates"":[106.73333048266095,-6.2118501896864915]}"
275_0,1,-6.2118501896864915,106.74231363550214,0.03335633604092025,1.2317612207713298E-4,0.11648010181095816,2.4341250839709216E-5,"{""geodesic"":false,""type"":""Point"",""coordinates"":[106.74231363550214,-6.2118501896864915]}"
276_0,1,-6.2118501896864915,106.75129678834334,0.03335342886138911,1.2828109367749748E-4,0.1165487070877647,5.028459236887074E-5,"{""geodesic"":false,""type"":""Point"",""coordinates"":[106.75129678834334,-6.2118501896864915]}"
277_0,1,-6.2118501896864915,106.76027994118454,0.03311046026649808,1.3305174807594686E-4,0.11641500572758937,5.321857094378457E-5,"{""geodesic"":false,""type"":""Point"",""coordinates"":[106.76027994118454,-6.2118501896864915]}"
278_0,1,-6.2118501896864915,106.76926309402573,0.03311046026649808,1.3305174807594686E-4,0.11641500572758937,5.321857094378457E-5,"{""geodesic"":false,""type"":""Point"",""coordinates"":[106.76926309402573,-6.2118501896864915]}"
279_0,1,-6.2118501896864915,106.77824624686693,0.03321361156909784,1.364347793550007E-4,0.11641020625822707,7.260129195193738E-5,"{""geodesic"":false,""type"":""Point"",""coordinates"":[106.77824624686693,-6.2118501896864915]}"
280_0,1,-6.2118501896864915,106.78722939970812,0.033105091059434266,1.3044630759387826E-4,0.11646005276514751,7.957757043181798E-5,"{""geodesic"":false,""type"":""Point"",""coordinates"":[106.78722939970812,-6.2118501896864915]}"
281_0,1,-6.2118501896864915,106.79621255254932,0.033077951520708526,1.4120253035810256E-4,0.11642680590509388,8.001959213295068E-5,"{""geodesic"":false,""type"":""Point"",""coordinates"":[106.79621255254932,-6.2118501896864915]}"
282_0,1,-6.2118501896864915,106.80519570539052,0.03310505054020577,1.217083623052764E-4,0.11640850560784599,9.525251618137723E-5,"{""geodesic"":false,""type"":""Point"",""coordinates"":[106.80519570539052,-6.2118501896864915]}"
283_0,1,-6.2118501896864915,106.81417885823171,0.033089361303151675,1.1249432282065891E-4,0.1164153106662071,9.540363902295188E-5,"{""geodesic"":false,""type"":""Point"",""coordinates"":[106.81417885823171,-6.2118501896864915]}"
284_0,1,-6.2118501896864915,106.82316201107291,0.03315543755886948,1.1269095810118198E-4,0.11642056538066972,7.370848689786471E-5,"{""geodesic"":false,""type"":""Point"",""coordinates"":[106.82316201107291,-6.2118501896864915]}"
285_0,1,-6.2118501896864915,106.83214516391409,0.033086056821101856,1.1251795403355983E-4,0.11648606746766403,7.228820352365809E-5,"{""geodesic"":false,""type"":""Point"",""coordinates"":[106.83214516391409,-6.2118501896864915]}"
286_0,1,-6.2118501896864915,106.84112831675529,0.033016122760685565,1.088413614542203E-4,0.11648451740415425,6.795427221123132E-5,"{""geodesic"":false,""type"":""Point"",""coordinates"":[106.84112831675529,-6.2118501896864915]}"
287_0,1,-6.2118501896864915,106.85011146959648,0.03264308914420409,9.698223851797844E-5,0.11645313875537122,5.685853284372794E-5,"{""geodesic"":false,""type"":""Point"",""coordinates"":[106.85011146959648,-6.2118501896864915]}"
288_0,1,-6.2118501896864915,106.85909462243768,0.03264308914420409,9.698223851797844E-5,0.11645313875537122,5.685853284372794E-5,"{""geodesic"":false,""type"":""Point"",""coordinates"":[106.85909462243768,-6.2118501896864915]}"
289_0,1,-6.2118501896864915,106.86807777527888,0.03244775253094418,9.822823328452563E-5,0.11646018742624502,5.2578908162850616E-5,"{""geodesic"":false,""type"":""Point"",""coordinates"":[106.86807777527888,-6.2118501896864915]}"
290_0,1,-6.2118501896864915,106.87706092812007,0.03211694452535113,9.992848936221546E-5,0.11645412918168246,2.6337957488910056E-5,"{""geodesic"":false,""type"":""Point"",""coordinates"":[106.87706092812007,-6.2118501896864915]}"
291_0,1,-6.2118501896864915,106.88604408096127,0.03221140056853744,9.52767125390131E-5,0.11648604581910939,2.6208435533808885E-5,"{""geodesic"":false,""type"":""Point"",""coordinates"":[106.88604408096127,-6.2118501896864915]}"
292_0,1,-6.2118501896864915,106.89502723380247,0.03212633728979089,9.579699326745383E-5,0.11659792003362172,2.7091686715782094E-5,"{""geodesic"":false,""type"":""Point"",""coordinates"":[106.89502723380247,-6.2118501896864915]}"
293_0,1,-6.2118501896864915,106.90401038664366,0.03229573741550694,9.579699088447914E-5,0.11669674485365641,2.9055669081114174E-5,"{""geodesic"":false,""type"":""Point"",""coordinates"":[106.90401038664366,-6.2118501896864915]}"
294_0,1,-6.2118501896864915,106.91299353948486,0.032158436852729094,8.722983329803844E-5,0.11667313369716521,4.459272173365138E-5,"{""geodesic"":false,""type"":""Point"",""coordinates"":[106.91299353948486,-6.2118501896864915]}"
295_0,1,-6.2118501896864915,106.92197669232606,0.03207265070349955,9.261212433351875E-5,0.11672595753568858,6.070417870969866E-5,"{""geodesic"":false,""type"":""Point"",""coordinates"":[106.92197669232606,-6.2118501896864915]}"
296_0,1,-6.2118501896864915,106.93095984516725,0.03199028487636087,8.722983538132596E-5,0.11672178159167014,3.4662327379948035E-5,"{""geodesic"":false,""type"":""Point"",""coordinates"":[106.93095984516725,-6.2118501896864915]}"
297_0,1,-6.2118501896864915,106.93994299800845,0.03199028487636087,8.722983538132596E-5,0.11672178159167014,3.4662327379948035E-5,"{""geodesic"":false,""type"":""Point"",""coordinates"":[106.93994299800845,-6.2118501896864915]}"
298_0,1,-6.2118501896864915,106.94892615084963,0.031800589219208926,7.843836674104042E-5,0.1166973673933521,3.161566019114537E-5,"{""geodesic"":false,""type"":""Point"",""coordinates"":[106.94892615084963,-6.2118501896864915]}"
299_0,1,-6.2118501896864915,106.95790930369083,0.03203215446887043,7.490930995953477E-5,0.11673367949051716,2.2601258924742343E-5,"{""geodesic"":false,""type"":""Point"",""coordinates"":[106.95790930369083,-6.2118501896864915]}"
300_0,1,-6.202867036845296,106.72434732981975,0.03326674372743354,1.2381154813068506E-4,0.1165505758861455,1.0751904065987098E-5,"{""geodesic"":false,""type"":""Point"",""coordinates"":[106.72434732981975,-6.202867036845296]}"
301_0,1,-6.202867036845296,106.73333048266095,0.03318893584767088,1.3223170390129453E-4,0.1165518451212326,2.543286500741503E-5,"{""geodesic"":false,""type"":""Point"",""coordinates"":[106.73333048266095,-6.202867036845296]}"
302_0,1,-6.202867036845296,106.74231363550214,0.03342436175139892,1.3098504435413207E-4,0.11641500912305107,2.5521934683565255E-5,"{""geodesic"":false,""type"":""Point"",""coordinates"":[106.74231363550214,-6.202867036845296]}"
303_0,1,-6.202867036845296,106.75129678834334,0.03331770501193576,1.326952517749917E-4,0.11648480459544693,1.5684288750633017E-5,"{""geodesic"":false,""type"":""Point"",""coordinates"":[106.75129678834334,-6.202867036845296]}"
304_0,1,-6.202867036845296,106.76027994118454,0.03333574747158413,1.3460433320175221E-4,0.11641020625838217,3.49939703228458E-5,"{""geodesic"":false,""type"":""Point"",""coordinates"":[106.76027994118454,-6.202867036845296]}"
305_0,1,-6.202867036845296,106.76926309402573,0.03333574747158413,1.3460433320175221E-4,0.11641020625838217,3.49939703228458E-5,"{""geodesic"":false,""type"":""Point"",""coordinates"":[106.76926309402573,-6.202867036845296]}"
306_0,1,-6.202867036845296,106.77824624686693,0.03332257978601077,1.5355291721122312E-4,0.1164494692527416,5.4135588411642364E-5,"{""geodesic"":false,""type"":""Point"",""coordinates"":[106.77824624686693,-6.202867036845296]}"
307_0,1,-6.202867036845296,106.78722939970812,0.03331903253465336,1.4268911154284808E-4,0.1164681957903309,7.189372263394129E-5,"{""geodesic"":false,""type"":""Point"",""coordinates"":[106.78722939970812,-6.202867036845296]}"
308_0,1,-6.202867036845296,106.79621255254932,0.03311877942864029,1.3531214063440208E-4,0.11644907436255698,6.78032205552114E-5,"{""geodesic"":false,""type"":""Point"",""coordinates"":[106.79621255254932,-6.202867036845296]}"
309_0,1,-6.202867036845296,106.80519570539052,0.0331104454414401,1.1915302217301279E-4,0.11655159085901043,8.260600653379601E-5,"{""geodesic"":false,""type"":""Point"",""coordinates"":[106.80519570539052,-6.202867036845296]}"
310_0,1,-6.202867036845296,106.81417885823171,0.03309528251276565,1.2381155102029638E-4,0.11647417035022278,8.1720832902709E-5,"{""geodesic"":false,""type"":""Point"",""coordinates"":[106.81417885823171,-6.202867036845296]}"
311_0,1,-6.202867036845296,106.82316201107291,0.03314999192958186,1.1932451128243192E-4,0.11647188017488753,6.872472072008936E-5,"{""geodesic"":false,""type"":""Point"",""coordinates"":[106.82316201107291,-6.202867036845296]}"
312_0,1,-6.202867036845296,106.83214516391409,0.03313947422787994,1.2381155114030403E-4,0.11648793891064244,7.198327795928996E-5,"{""geodesic"":false,""type"":""Point"",""coordinates"":[106.83214516391409,-6.202867036845296]}"
313_0,1,-6.202867036845296,106.84112831675529,0.033148730173731274,1.1273822019583415E-4,0.1165458036831177,6.394275378933457E-5,"{""geodesic"":false,""type"":""Point"",""coordinates"":[106.84112831675529,-6.202867036845296]}"
314_0,1,-6.202867036845296,106.85011146959648,0.0331106419434267,1.0864782234413512E-4,0.1164564532287205,5.685853284372289E-5,"{""geodesic"":false,""type"":""Point"",""coordinates"":[106.85011146959648,-6.202867036845296]}"
315_0,1,-6.202867036845296,106.85909462243768,0.0331106419434267,1.0864782234413512E-4,0.1164564532287205,5.685853284372289E-5,"{""geodesic"":false,""type"":""Point"",""coordinates"":[106.85909462243768,-6.202867036845296]}"
316_0,1,-6.202867036845296,106.86807777527888,0.03259100164126916,1.0004439435339656E-4,0.11642495357800091,5.489359644260118E-5,"{""geodesic"":false,""type"":""Point"",""coordinates"":[106.86807777527888,-6.202867036845296]}"
317_0,1,-6.202867036845296,106.87706092812007,0.032865222506960064,9.994221181848881E-5,0.11655668804355777,5.159841520046309E-5,"{""geodesic"":false,""type"":""Point"",""coordinates"":[106.87706092812007,-6.202867036845296]}"
318_0,1,-6.202867036845296,106.88604408096127,0.03247538581488278,9.761088222142101E-5,0.11659581214181494,5.4497459132070345E-5,"{""geodesic"":false,""type"":""Point"",""coordinates"":[106.88604408096127,-6.202867036845296]}"
319_0,1,-6.202867036845296,106.89502723380247,0.03248433278874062,9.931113527265984E-5,0.11671120858446722,2.6411934214169255E-5,"{""geodesic"":false,""type"":""Point"",""coordinates"":[106.89502723380247,-6.202867036845296]}"
320_0,1,-6.202867036845296,106.90401038664366,0.0323939644840177,9.613460827829541E-5,0.11673208855772499,2.648748712391945E-5,"{""geodesic"":false,""type"":""Point"",""coordinates"":[106.90401038664366,-6.202867036845296]}"
321_0,1,-6.202867036845296,106.91299353948486,0.03247538581488278,9.023939492174724E-5,0.11673276127289356,3.2024675405654294E-5,"{""geodesic"":false,""type"":""Point"",""coordinates"":[106.91299353948486,-6.202867036845296]}"
322_0,1,-6.202867036845296,106.92197669232606,0.03221806062801593,9.296108699801718E-5,0.11673149890586375,3.313946945132174E-5,"{""geodesic"":false,""type"":""Point"",""coordinates"":[106.92197669232606,-6.202867036845296]}"
323_0,1,-6.202867036845296,106.93095984516725,0.032240561920881546,8.23122572909281E-5,0.11669862444518297,6.421497140348295E-5,"{""geodesic"":false,""type"":""Point"",""coordinates"":[106.93095984516725,-6.202867036845296]}"
324_0,1,-6.202867036845296,106.93994299800845,0.032240561920881546,8.23122572909281E-5,0.11669862444518297,6.421497140348295E-5,"{""geodesic"":false,""type"":""Point"",""coordinates"":[106.93994299800845,-6.202867036845296]}"
325_0,1,-6.202867036845296,106.94892615084963,0.03214767016475355,7.688205607206488E-5,0.11672203443198419,3.341073668251653E-5,"{""geodesic"":false,""type"":""Point"",""coordinates"":[106.94892615084963,-6.202867036845296]}"
326_0,1,-6.202867036845296,106.95790930369083,0.032147329467246785,7.57897942093004E-5,0.11668763162279512,1.4265659698116514E-5,"{""geodesic"":false,""type"":""Point"",""coordinates"":[106.95790930369083,-6.202867036845296]}"
327_0,1,-6.193883884004101,106.72434732981975,0.03340227228408933,1.2163129299602591E-4,0.11659684037228639,1.4305222791603372E-5,"{""geodesic"":false,""type"":""Point"",""coordinates"":[106.72434732981975,-6.193883884004101]}"
328_0,1,-6.193883884004101,106.73333048266095,0.03333238539274783,1.233336429489249E-4,0.11659794988492768,1.9825470380260188E-5,"{""geodesic"":false,""type"":""Point"",""coordinates"":[106.73333048266095,-6.193883884004101]}"
329_0,1,-6.193883884004101,106.74231363550214,0.033770262502323116,1.3044630759387826E-4,0.11655909706871866,2.4828024028602567E-5,"{""geodesic"":false,""type"":""Point"",""coordinates"":[106.74231363550214,-6.193883884004101]}"
330_0,1,-6.193883884004101,106.75129678834334,0.03356518220711683,1.2883390776838907E-4,0.11655877797721029,3.406247822139895E-5,"{""geodesic"":false,""type"":""Point"",""coordinates"":[106.75129678834334,-6.193883884004101]}"
331_0,1,-6.193883884004101,106.76027994118454,0.033581021017876696,1.4389426827159763E-4,0.11648395723852252,4.2916721863082276E-5,"{""geodesic"":false,""type"":""Point"",""coordinates"":[106.76027994118454,-6.193883884004101]}"
332_0,1,-6.193883884004101,106.76926309402573,0.033581021017876696,1.4389426827159763E-4,0.11648395723852252,4.2916721863082276E-5,"{""geodesic"":false,""type"":""Point"",""coordinates"":[106.76926309402573,-6.193883884004101]}"
333_0,1,-6.193883884004101,106.77824624686693,0.033581020779694985,1.3918055617040658E-4,0.11651895418244229,3.556986947751875E-5,"{""geodesic"":false,""type"":""Point"",""coordinates"":[106.77824624686693,-6.193883884004101]}"
334_0,1,-6.193883884004101,106.78722939970812,0.03354557298084972,1.441756916309539E-4,0.11646719169446997,5.4135587143366955E-5,"{""geodesic"":false,""type"":""Point"",""coordinates"":[106.78722939970812,-6.193883884004101]}"
335_0,1,-6.193883884004101,106.79621255254932,0.033333393245728385,1.332292582073043E-4,0.11646978128908403,7.606399165660235E-5,"{""geodesic"":false,""type"":""Point"",""coordinates"":[106.79621255254932,-6.193883884004101]}"
336_0,1,-6.193883884004101,106.80519570539052,0.0333342546854117,1.353121479041062E-4,0.11655035604638969,7.248741957444814E-5,"{""geodesic"":false,""type"":""Point"",""coordinates"":[106.80519570539052,-6.193883884004101]}"
337_0,1,-6.193883884004101,106.81417885823171,0.03337452795805518,1.238115510205823E-4,0.11647098404868414,2.999000984968022E-5,"{""geodesic"":false,""type"":""Point"",""coordinates"":[106.81417885823171,-6.193883884004101]}"
338_0,1,-6.193883884004101,106.82316201107291,0.033290710300187154,1.2604589543512818E-4,0.11655300339485977,4.976802947890589E-5,"{""geodesic"":false,""type"":""Point"",""coordinates"":[106.82316201107291,-6.193883884004101]}"
339_0,1,-6.193883884004101,106.83214516391409,0.0331261436154231,1.263022762034696E-4,0.11654759943504141,6.836347906353177E-5,"{""geodesic"":false,""type"":""Point"",""coordinates"":[106.83214516391409,-6.193883884004101]}"
340_0,1,-6.193883884004101,106.84112831675529,0.03314135136220393,1.2630227662352477E-4,0.11655730381591695,7.148295254927182E-5,"{""geodesic"":false,""type"":""Point"",""coordinates"":[106.84112831675529,-6.193883884004101]}"
341_0,1,-6.193883884004101,106.85011146959648,0.03284035589959643,1.1273822019568394E-4,0.11647947132580438,6.987958715926904E-5,"{""geodesic"":false,""type"":""Point"",""coordinates"":[106.85011146959648,-6.193883884004101]}"
342_0,1,-6.193883884004101,106.85909462243768,0.03284035589959643,1.1273822019568394E-4,0.11647947132580438,6.987958715926904E-5,"{""geodesic"":false,""type"":""Point"",""coordinates"":[106.85909462243768,-6.193883884004101]}"
343_0,1,-6.193883884004101,106.86807777527888,0.03247538581495778,1.0162842358288538E-4,0.11652255996495275,4.445407408856435E-5,"{""geodesic"":false,""type"":""Point"",""coordinates"":[106.86807777527888,-6.193883884004101]}"
344_0,1,-6.193883884004101,106.87706092812007,0.03247538581485971,9.878264196659844E-5,0.11654809002790982,2.8294262785406205E-5,"{""geodesic"":false,""type"":""Point"",""coordinates"":[106.87706092812007,-6.193883884004101]}"
345_0,1,-6.193883884004101,106.88604408096127,0.03247538581495778,9.984772654243922E-5,0.1166137759474572,5.489359614751803E-5,"{""geodesic"":false,""type"":""Point"",""coordinates"":[106.88604408096127,-6.193883884004101]}"
346_0,1,-6.193883884004101,106.89502723380247,0.03259341422766289,9.992848936229532E-5,0.11669814055603417,1.700565459320339E-5,"{""geodesic"":false,""type"":""Point"",""coordinates"":[106.89502723380247,-6.193883884004101]}"
347_0,1,-6.193883884004101,106.90401038664366,0.03229573741550694,9.173458527143548E-5,0.11673024296744221,2.6661277629961976E-5,"{""geodesic"":false,""type"":""Point"",""coordinates"":[106.90401038664366,-6.193883884004101]}"
348_0,1,-6.193883884004101,106.91299353948486,0.03231352732213079,9.023939492195563E-5,0.11673212221019866,2.7007587825713253E-5,"{""geodesic"":false,""type"":""Point"",""coordinates"":[106.91299353948486,-6.193883884004101]}"
349_0,1,-6.193883884004101,106.92197669232606,0.03212633728979089,8.96851811131629E-5,0.11673471554840843,2.7427581652490526E-5,"{""geodesic"":false,""type"":""Point"",""coordinates"":[106.92197669232606,-6.193883884004101]}"
350_0,1,-6.193883884004101,106.93095984516725,0.03202912935834145,8.106794318652217E-5,0.11673440212130053,3.780432960736234E-5,"{""geodesic"":false,""type"":""Point"",""coordinates"":[106.93095984516725,-6.193883884004101]}"
351_0,1,-6.193883884004101,106.93994299800845,0.03202912935834145,8.106794318652217E-5,0.11673440212130053,3.780432960736234E-5,"{""geodesic"":false,""type"":""Point"",""coordinates"":[106.93994299800845,-6.193883884004101]}"
352_0,1,-6.193883884004101,106.94892615084963,0.03214767016468502,8.13293190730713E-5,0.11671883666601096,4.2750034106772354E-5,"{""geodesic"":false,""type"":""Point"",""coordinates"":[106.94892615084963,-6.193883884004101]}"
353_0,1,-6.193883884004101,106.95790930369083,0.03264154020676856,7.74053150908313E-5,0.11672727171876109,3.5911594750389124E-5,"{""geodesic"":false,""type"":""Point"",""coordinates"":[106.95790930369083,-6.193883884004101]}"
354_0,1,-6.193883884004101,106.96689245653202,0.03265626480180051,7.364241142851201E-5,0.11660388842933027,4.303127644969892E-5,"{""geodesic"":false,""type"":""Point"",""coordinates"":[106.96689245653202,-6.193883884004101]}"
355_0,1,-6.184900731162906,106.71536417697857,0.03322397058313736,1.1308777517347288E-4,0.11666642344749928,1.9322777045016397E-5,"{""geodesic"":false,""type"":""Point"",""coordinates"":[106.71536417697857,-6.184900731162906]}"
356_0,1,-6.184900731162906,106.72434732981975,0.03332765002746196,1.1945103324244077E-4,0.11666328459971098,1.1309600267843537E-5,"{""geodesic"":false,""type"":""Point"",""coordinates"":[106.72434732981975,-6.184900731162906]}"
357_0,1,-6.184900731162906,106.73333048266095,0.03329042376742736,1.2219187215469046E-4,0.1165953734070497,1.697418019831759E-5,"{""geodesic"":false,""type"":""Point"",""coordinates"":[106.73333048266095,-6.184900731162906]}"
358_0,1,-6.184900731162906,106.74231363550214,0.033722986817824596,1.2418802629322173E-4,0.11655959945839689,1.1390625701696106E-5,"{""geodesic"":false,""type"":""Point"",""coordinates"":[106.74231363550214,-6.184900731162906]}"
359_0,1,-6.184900731162906,106.75129678834334,0.033566872278829124,1.2809833909101757E-4,0.11660899456887475,2.0709489903045236E-5,"{""geodesic"":false,""type"":""Point"",""coordinates"":[106.75129678834334,-6.184900731162906]}"
360_0,1,-6.184900731162906,106.76027994118454,0.033559696762406055,1.3513688655852158E-4,0.11660619419192635,2.673715547039816E-5,"{""geodesic"":false,""type"":""Point"",""coordinates"":[106.76027994118454,-6.184900731162906]}"
361_0,1,-6.184900731162906,106.76926309402573,0.033559696762406055,1.3513688655852158E-4,0.11660619419192635,2.673715547039816E-5,"{""geodesic"":false,""type"":""Point"",""coordinates"":[106.76926309402573,-6.184900731162906]}"
362_0,1,-6.184900731162906,106.77824624686693,0.033318888550052744,1.3924065324306126E-4,0.11660892294326367,3.0048081366353086E-5,"{""geodesic"":false,""type"":""Point"",""coordinates"":[106.77824624686693,-6.184900731162906]}"
363_0,1,-6.184900731162906,106.78722939970812,0.033329081552914946,1.4236237620926298E-4,0.11655048424255111,3.404489168209564E-5,"{""geodesic"":false,""type"":""Point"",""coordinates"":[106.78722939970812,-6.184900731162906]}"
364_0,1,-6.184900731162906,106.79621255254932,0.03345421401135101,1.3715977601000374E-4,0.11659490149580613,5.680831998364923E-5,"{""geodesic"":false,""type"":""Point"",""coordinates"":[106.79621255254932,-6.184900731162906]}"
365_0,1,-6.184900731162906,106.80519570539052,0.033391175791601155,1.3232758963833348E-4,0.11660915229916603,3.6093520602094686E-5,"{""geodesic"":false,""type"":""Point"",""coordinates"":[106.80519570539052,-6.184900731162906]}"
366_0,1,-6.184900731162906,106.81417885823171,0.03346393164250021,1.2793822077152318E-4,0.11655109650644628,1.0236720144339194E-5,"{""geodesic"":false,""type"":""Point"",""coordinates"":[106.81417885823171,-6.184900731162906]}"
367_0,1,-6.184900731162906,106.82316201107291,0.03337603807447337,1.2505691426569436E-4,0.11661528423039454,3.614317662587541E-5,"{""geodesic"":false,""type"":""Point"",""coordinates"":[106.82316201107291,-6.184900731162906]}"
368_0,1,-6.184900731162906,106.83214516391409,0.03324991232092166,1.2630227623372623E-4,0.11661360599119482,7.481218924499477E-5,"{""geodesic"":false,""type"":""Point"",""coordinates"":[106.83214516391409,-6.184900731162906]}"
369_0,1,-6.184900731162906,106.84112831675529,0.033142470521411074,1.254284798302453E-4,0.11661799144221092,7.397128894445116E-5,"{""geodesic"":false,""type"":""Point"",""coordinates"":[106.84112831675529,-6.184900731162906]}"
370_0,1,-6.184900731162906,106.85011146959648,0.03307404741642874,1.130120596855855E-4,0.11655730381601012,6.67764325043717E-5,"{""geodesic"":false,""type"":""Point"",""coordinates"":[106.85011146959648,-6.184900731162906]}"
371_0,1,-6.184900731162906,106.85909462243768,0.03307404741642874,1.130120596855855E-4,0.11655730381601012,6.67764325043717E-5,"{""geodesic"":false,""type"":""Point"",""coordinates"":[106.85909462243768,-6.184900731162906]}"
372_0,1,-6.184900731162906,106.86807777527888,0.03300081906786794,1.245546882275647E-4,0.1165516239679713,6.677643250451996E-5,"{""geodesic"":false,""type"":""Point"",""coordinates"":[106.86807777527888,-6.184900731162906]}"
373_0,1,-6.184900731162906,106.87706092812007,0.033000028668699964,1.0900216520050499E-4,0.11658840362225065,4.498435919224973E-5,"{""geodesic"":false,""type"":""Point"",""coordinates"":[106.87706092812007,-6.184900731162906]}"
374_0,1,-6.184900731162906,106.88604408096127,0.03300002838179848,9.982946698943503E-5,0.11655181843187512,3.731700587647733E-5,"{""geodesic"":false,""type"":""Point"",""coordinates"":[106.88604408096127,-6.184900731162906]}"
375_0,1,-6.184900731162906,106.89502723380247,0.0325033597821545,1.0461093916085788E-4,0.11674008557744608,-5.132103931249238E-6,"{""geodesic"":false,""type"":""Point"",""coordinates"":[106.89502723380247,-6.184900731162906]}"
376_0,1,-6.184900731162906,106.90401038664366,0.03207928240294735,9.30605511208452E-5,0.11672983638726855,-1.1426468590898953E-5,"{""geodesic"":false,""type"":""Point"",""coordinates"":[106.90401038664366,-6.184900731162906]}"
377_0,1,-6.184900731162906,106.91299353948486,0.03208087708536065,9.604230751870791E-5,0.11672548800725772,1.9043551102521162E-5,"{""geodesic"":false,""type"":""Point"",""coordinates"":[106.91299353948486,-6.184900731162906]}"
378_0,1,-6.184900731162906,106.92197669232606,0.03213037126211116,9.605421880395985E-5,0.11673435472372232,2.4942812160573825E-5,"{""geodesic"":false,""type"":""Point"",""coordinates"":[106.92197669232606,-6.184900731162906]}"
379_0,1,-6.184900731162906,106.93095984516725,0.03208168080557638,7.816691631231236E-5,0.11672433489026711,3.344785207914632E-5,"{""geodesic"":false,""type"":""Point"",""coordinates"":[106.93095984516725,-6.184900731162906]}"
380_0,1,-6.184900731162906,106.93994299800845,0.03208168080557638,7.816691631231236E-5,0.11672433489026711,3.344785207914632E-5,"{""geodesic"":false,""type"":""Point"",""coordinates"":[106.93994299800845,-6.184900731162906]}"
381_0,1,-6.184900731162906,106.94892615084963,0.03204180300233825,7.616332297745668E-5,0.11671914992224237,3.965943324144411E-5,"{""geodesic"":false,""type"":""Point"",""coordinates"":[106.94892615084963,-6.184900731162906]}"
382_0,1,-6.184900731162906,106.95790930369083,0.032147670164730704,7.557118600902514E-5,0.11671745400684116,3.3738989979881405E-5,"{""geodesic"":false,""type"":""Point"",""coordinates"":[106.95790930369083,-6.184900731162906]}"
383_0,1,-6.184900731162906,106.96689245653202,0.0321680667499508,7.259991134072534E-5,0.1166050915195341,2.561463198981421E-5,"{""geodesic"":false,""type"":""Point"",""coordinates"":[106.96689245653202,-6.184900731162906]}"
384_0,1,-6.175917578321711,106.69739787129618,0.03338185921143601,1.0465994637336818E-4,0.11664634369005647,3.557482341418701E-5,"{""geodesic"":false,""type"":""Point"",""coordinates"":[106.69739787129618,-6.175917578321711]}"
385_0,1,-6.175917578321711,106.70638102413737,0.03366744598834764,1.0976113105051787E-4,0.11667104513458854,1.1083270212475527E-5,"{""geodesic"":false,""type"":""Point"",""coordinates"":[106.70638102413737,-6.175917578321711]}"
386_0,1,-6.175917578321711,106.71536417697857,0.033437770756591434,1.1277548179538139E-4,0.11668138804918118,3.420709547215864E-5,"{""geodesic"":false,""type"":""Point"",""coordinates"":[106.71536417697857,-6.175917578321711]}"
387_0,1,-6.175917578321711,106.72434732981975,0.033634994174709935,1.1609063949428979E-4,0.11678179839377711,3.398622502771842E-5,"{""geodesic"":false,""type"":""Point"",""coordinates"":[106.72434732981975,-6.175917578321711]}"
388_0,1,-6.175917578321711,106.73333048266095,0.03355361285439952,1.2381155257921823E-4,0.11666351463392464,3.448272497289952E-5,"{""geodesic"":false,""type"":""Point"",""coordinates"":[106.73333048266095,-6.175917578321711]}"
389_0,1,-6.175917578321711,106.74231363550214,0.033649686240374316,1.2424090427275326E-4,0.1165996417402521,2.802376093312114E-5,"{""geodesic"":false,""type"":""Point"",""coordinates"":[106.74231363550214,-6.175917578321711]}"
390_0,1,-6.175917578321711,106.75129678834334,0.033566872278829124,1.2690506841030524E-4,0.11669786499064608,3.38451365803481E-5,"{""geodesic"":false,""type"":""Point"",""coordinates"":[106.75129678834334,-6.175917578321711]}"
391_0,1,-6.175917578321711,106.76027994118454,0.03345430953089426,1.3284689866679592E-4,0.1166529531281157,2.7193656720236584E-5,"{""geodesic"":false,""type"":""Point"",""coordinates"":[106.76027994118454,-6.175917578321711]}"
392_0,1,-6.175917578321711,106.76926309402573,0.03345430953089426,1.3284689866679592E-4,0.1166529531281157,2.7193656720236584E-5,"{""geodesic"":false,""type"":""Point"",""coordinates"":[106.76926309402573,-6.175917578321711]}"
393_0,1,-6.175917578321711,106.77824624686693,0.03331990912554648,1.3284690066931246E-4,0.11661713573869598,2.792536304154619E-5,"{""geodesic"":false,""type"":""Point"",""coordinates"":[106.77824624686693,-6.175917578321711]}"
394_0,1,-6.175917578321711,106.78722939970812,0.03355932608244788,1.340672132091014E-4,0.11655578900216303,4.243669354761731E-5,"{""geodesic"":false,""type"":""Point"",""coordinates"":[106.78722939970812,-6.175917578321711]}"
395_0,1,-6.175917578321711,106.79621255254932,0.0333294077225591,1.3394035002288755E-4,0.11660353490716673,3.0020432266234587E-5,"{""geodesic"":false,""type"":""Point"",""coordinates"":[106.79621255254932,-6.175917578321711]}"
396_0,1,-6.175917578321711,106.80519570539052,0.033391175791601155,1.3529983409866963E-4,0.11674967927886509,5.320858756707006E-6,"{""geodesic"":false,""type"":""Point"",""coordinates"":[106.80519570539052,-6.175917578321711]}"
397_0,1,-6.175917578321711,106.81417885823171,0.033369869306200034,1.2948124648086846E-4,0.116690823355838,-4.096764637867212E-6,"{""geodesic"":false,""type"":""Point"",""coordinates"":[106.81417885823171,-6.175917578321711]}"
398_0,1,-6.175917578321711,106.82316201107291,0.03353668749330414,1.2630227623344577E-4,0.11661325878079924,9.256839575749737E-6,"{""geodesic"":false,""type"":""Point"",""coordinates"":[106.82316201107291,-6.175917578321711]}"
399_0,1,-6.175917578321711,106.83214516391409,0.033376038074547476,1.295295128629122E-4,0.11661585669955715,4.985358272230783E-5,"{""geodesic"":false,""type"":""Point"",""coordinates"":[106.83214516391409,-6.175917578321711]}"
400_0,1,-6.175917578321711,106.84112831675529,0.033123627304984464,1.2086099784482563E-4,0.11661623312073642,7.52040723654631E-5,"{""geodesic"":false,""type"":""Point"",""coordinates"":[106.84112831675529,-6.175917578321711]}"
401_0,1,-6.175917578321711,106.85011146959648,0.033138677335347574,1.254655580850496E-4,0.11662313719391422,7.491403084709468E-5,"{""geodesic"":false,""type"":""Point"",""coordinates"":[106.85011146959648,-6.175917578321711]}"
402_0,1,-6.175917578321711,106.85909462243768,0.033138677335347574,1.254655580850496E-4,0.11662313719391422,7.491403084709468E-5,"{""geodesic"":false,""type"":""Point"",""coordinates"":[106.85909462243768,-6.175917578321711]}"
403_0,1,-6.175917578321711,106.86807777527888,0.03313141874974373,1.2104392312464152E-4,0.11657058482067498,7.837517478050323E-5,"{""geodesic"":false,""type"":""Point"",""coordinates"":[106.86807777527888,-6.175917578321711]}"
404_0,1,-6.175917578321711,106.87706092812007,0.032989915673681765,1.0638773744092084E-4,0.11655278046686468,7.391221440613717E-5,"{""geodesic"":false,""type"":""Point"",""coordinates"":[106.87706092812007,-6.175917578321711]}"
405_0,1,-6.175917578321711,106.88604408096127,0.03300002838179848,1.0373545387447537E-4,0.1166465969998135,4.4956070549926545E-5,"{""geodesic"":false,""type"":""Point"",""coordinates"":[106.88604408096127,-6.175917578321711]}"
406_0,1,-6.175917578321711,106.89502723380247,0.03276041891878325,1.0365669247037931E-4,0.11673900147022853,1.6088940277422925E-5,"{""geodesic"":false,""type"":""Point"",""coordinates"":[106.89502723380247,-6.175917578321711]}"
407_0,1,-6.175917578321711,106.90401038664366,0.0325910626338211,9.310240958132024E-5,0.11673017839574369,-7.148410873004649E-6,"{""geodesic"":false,""type"":""Point"",""coordinates"":[106.90401038664366,-6.175917578321711]}"
408_0,1,-6.175917578321711,106.91299353948486,0.032136239111475555,8.953282770138028E-5,0.11672851774966464,1.0679743324489418E-5,"{""geodesic"":false,""type"":""Point"",""coordinates"":[106.91299353948486,-6.175917578321711]}"
409_0,1,-6.175917578321711,106.92197669232606,0.032133180648069165,9.328496087964093E-5,0.11676275367658984,4.2594230993634044E-5,"{""geodesic"":false,""type"":""Point"",""coordinates"":[106.92197669232606,-6.175917578321711]}"
410_0,1,-6.175917578321711,106.93095984516725,0.03204180300238378,7.901951759795351E-5,0.1167111453414682,3.796520362091782E-5,"{""geodesic"":false,""type"":""Point"",""coordinates"":[106.93095984516725,-6.175917578321711]}"
411_0,1,-6.175917578321711,106.93994299800845,0.03204180300238378,7.901951759795351E-5,0.1167111453414682,3.796520362091782E-5,"{""geodesic"":false,""type"":""Point"",""coordinates"":[106.93994299800845,-6.175917578321711]}"
412_0,1,-6.175917578321711,106.94892615084963,0.032163085787487736,7.715476621186576E-5,0.1167085817319235,4.4333681216786075E-5,"{""geodesic"":false,""type"":""Point"",""coordinates"":[106.94892615084963,-6.175917578321711]}"
413_0,1,-6.175917578321711,106.95790930369083,0.03256399504222015,7.387775657318611E-5,0.1166761887556372,5.5967556363657884E-5,"{""geodesic"":false,""type"":""Point"",""coordinates"":[106.95790930369083,-6.175917578321711]}"
414_0,1,-6.175917578321711,106.96689245653202,0.03214767016468502,6.977426164662933E-5,0.11668128412496598,5.5353543978128706E-5,"{""geodesic"":false,""type"":""Point"",""coordinates"":[106.96689245653202,-6.175917578321711]}"
415_0,1,-6.166934425480515,106.69739787129618,0.033468455158671195,1.0356516917351264E-4,0.11663300544016511,1.810696996817507E-5,"{""geodesic"":false,""type"":""Point"",""coordinates"":[106.69739787129618,-6.166934425480515]}"
416_0,1,-6.166934425480515,106.70638102413737,0.03379474316937229,1.052058432834155E-4,0.116650025642865,1.0459957593420257E-5,"{""geodesic"":false,""type"":""Point"",""coordinates"":[106.70638102413737,-6.166934425480515]}"
417_0,1,-6.166934425480515,106.71536417697857,0.03368359276361436,1.098753472383098E-4,0.11669519254886979,2.7215176855168608E-5,"{""geodesic"":false,""type"":""Point"",""coordinates"":[106.71536417697857,-6.166934425480515]}"
418_0,1,-6.166934425480515,106.72434732981975,0.033810993322190265,1.1529004083554387E-4,0.11679624212680863,3.9931869406499E-5,"{""geodesic"":false,""type"":""Point"",""coordinates"":[106.72434732981975,-6.166934425480515]}"
419_0,1,-6.166934425480515,106.73333048266095,0.03372646329786065,1.2099730588446014E-4,0.11674367557583648,4.91423208371434E-5,"{""geodesic"":false,""type"":""Point"",""coordinates"":[106.73333048266095,-6.166934425480515]}"
420_0,1,-6.166934425480515,106.74231363550214,0.03357251167895801,1.225965142476168E-4,0.11666669035980369,4.764701589007795E-5,"{""geodesic"":false,""type"":""Point"",""coordinates"":[106.74231363550214,-6.166934425480515]}"
421_0,1,-6.166934425480515,106.75129678834334,0.033588490025159526,1.290116124385945E-4,0.1166316823970186,4.985995787548038E-5,"{""geodesic"":false,""type"":""Point"",""coordinates"":[106.75129678834334,-6.166934425480515]}"
422_0,1,-6.166934425480515,106.76027994118454,0.033206185050773995,1.3162667773182683E-4,0.11665955614466943,4.697783759635614E-5,"{""geodesic"":false,""type"":""Point"",""coordinates"":[106.76027994118454,-6.166934425480515]}"
423_0,1,-6.166934425480515,106.76926309402573,0.033206185050773995,1.3162667773182683E-4,0.11665955614466943,4.697783759635614E-5,"{""geodesic"":false,""type"":""Point"",""coordinates"":[106.76926309402573,-6.166934425480515]}"
424_0,1,-6.166934425480515,106.77824624686693,0.03294508964554047,1.3262746844301538E-4,0.1166098415278762,3.230672596711495E-5,"{""geodesic"":false,""type"":""Point"",""coordinates"":[106.77824624686693,-6.166934425480515]}"
425_0,1,-6.166934425480515,106.78722939970812,0.033374250617350706,1.3258775867440185E-4,0.1166320453878087,3.444096198194824E-5,"{""geodesic"":false,""type"":""Point"",""coordinates"":[106.78722939970812,-6.166934425480515]}"
426_0,1,-6.166934425480515,106.79621255254932,0.033341053521223095,1.352998356151163E-4,0.11673937388644166,2.8309692756882376E-5,"{""geodesic"":false,""type"":""Point"",""coordinates"":[106.79621255254932,-6.166934425480515]}"
427_0,1,-6.166934425480515,106.80519570539052,0.03338791887780893,1.3305360334917366E-4,0.11659929339902597,4.202004220130426E-6,"{""geodesic"":false,""type"":""Point"",""coordinates"":[106.80519570539052,-6.166934425480515]}"
428_0,1,-6.166934425480515,106.81417885823171,0.03336970923611829,1.3305360334936271E-4,0.11654543131599454,-3.1313498468597573E-6,"{""geodesic"":false,""type"":""Point"",""coordinates"":[106.81417885823171,-6.166934425480515]}"
429_0,1,-6.166934425480515,106.82316201107291,0.0335019855952996,1.3291659848583344E-4,0.11654328179355429,-3.501845812406861E-6,"{""geodesic"":false,""type"":""Point"",""coordinates"":[106.82316201107291,-6.166934425480515]}"
430_0,1,-6.166934425480515,106.83214516391409,0.03346786405033031,1.3269339640429274E-4,0.11655409963140724,3.374738298594831E-5,"{""geodesic"":false,""type"":""Point"",""coordinates"":[106.83214516391409,-6.166934425480515]}"
431_0,1,-6.166934425480515,106.84112831675529,0.03343186620618194,1.2455468409119125E-4,0.11654777446874583,1.1967495229568485E-5,"{""geodesic"":false,""type"":""Point"",""coordinates"":[106.84112831675529,-6.166934425480515]}"
432_0,1,-6.166934425480515,106.85011146959648,0.03325091185067157,1.2576481062418737E-4,0.11658222841973784,4.9389485155307175E-5,"{""geodesic"":false,""type"":""Point"",""coordinates"":[106.85011146959648,-6.166934425480515]}"
433_0,1,-6.166934425480515,106.85909462243768,0.03325091185067157,1.2576481062418737E-4,0.11658222841973784,4.9389485155307175E-5,"{""geodesic"":false,""type"":""Point"",""coordinates"":[106.85909462243768,-6.166934425480515]}"
434_0,1,-6.166934425480515,106.86807777527888,0.033238736322438345,1.2346793370570858E-4,0.11659221060676575,5.3794610721611954E-5,"{""geodesic"":false,""type"":""Point"",""coordinates"":[106.86807777527888,-6.166934425480515]}"
435_0,1,-6.166934425480515,106.87706092812007,0.033040688509292,1.0656336677495641E-4,0.1165444998303512,7.837517557664005E-5,"{""geodesic"":false,""type"":""Point"",""coordinates"":[106.87706092812007,-6.166934425480515]}"
436_0,1,-6.166934425480515,106.88604408096127,0.03313468127339601,1.062492063082172E-4,0.11661187723257628,3.355208196659222E-5,"{""geodesic"":false,""type"":""Point"",""coordinates"":[106.88604408096127,-6.166934425480515]}"
437_0,1,-6.166934425480515,106.89502723380247,0.03262405786066985,9.779116961890695E-5,0.11659640436420683,-1.357522821081836E-5,"{""geodesic"":false,""type"":""Point"",""coordinates"":[106.89502723380247,-6.166934425480515]}"
438_0,1,-6.166934425480515,106.90401038664366,0.032159124420595146,8.972970366773912E-5,0.11671258995764319,1.5750881520784814E-5,"{""geodesic"":false,""type"":""Point"",""coordinates"":[106.90401038664366,-6.166934425480515]}"
439_0,1,-6.166934425480515,106.91299353948486,0.03212754965723722,8.59772791245607E-5,0.11678894424839693,1.887814232333305E-5,"{""geodesic"":false,""type"":""Point"",""coordinates"":[106.91299353948486,-6.166934425480515]}"
440_0,1,-6.166934425480515,106.92197669232606,0.03207829967139225,8.830851687579045E-5,0.11673741449501138,2.7141133750625514E-5,"{""geodesic"":false,""type"":""Point"",""coordinates"":[106.92197669232606,-6.166934425480515]}"
441_0,1,-6.166934425480515,106.93095984516725,0.03179297945543527,7.921049384860732E-5,0.11660561051616092,4.330571632167211E-5,"{""geodesic"":false,""type"":""Point"",""coordinates"":[106.93095984516725,-6.166934425480515]}"
442_0,1,-6.166934425480515,106.93994299800845,0.03179297945543527,7.921049384860732E-5,0.11660561051616092,4.330571632167211E-5,"{""geodesic"":false,""type"":""Point"",""coordinates"":[106.93994299800845,-6.166934425480515]}"
443_0,1,-6.166934425480515,106.94892615084963,0.03185166821582913,7.38809415119586E-5,0.11667705893831805,3.3058585513038825E-5,"{""geodesic"":false,""type"":""Point"",""coordinates"":[106.94892615084963,-6.166934425480515]}"
444_0,1,-6.166934425480515,106.95790930369083,0.031922240275641806,7.168834086621867E-5,0.11660039634751825,5.870026476721334E-5,"{""geodesic"":false,""type"":""Point"",""coordinates"":[106.95790930369083,-6.166934425480515]}"
445_0,1,-6.166934425480515,106.96689245653202,0.031921559603283925,6.737306399416334E-5,0.11659867724805617,5.603767848991125E-5,"{""geodesic"":false,""type"":""Point"",""coordinates"":[106.96689245653202,-6.166934425480515]}"
446_0,1,-6.15795127263932,106.68841471845498,0.03320834971691314,9.627327381175462E-5,0.1165502376658705,5.001683172106921E-5,"{""geodesic"":false,""type"":""Point"",""coordinates"":[106.68841471845498,-6.15795127263932]}"
447_0,1,-6.15795127263932,106.69739787129618,0.03319260630860083,9.651033823649328E-5,0.11658836901180897,2.822452552207448E-5,"{""geodesic"":false,""type"":""Point"",""coordinates"":[106.69739787129618,-6.15795127263932]}"
448_0,1,-6.15795127263932,106.70638102413737,0.033358830913376804,1.0176936915619833E-4,0.11661674199023485,2.824415969373648E-5,"{""geodesic"":false,""type"":""Point"",""coordinates"":[106.70638102413737,-6.15795127263932]}"
449_0,1,-6.15795127263932,106.71536417697857,0.033572792630405544,1.0486923166314985E-4,0.11671541258685733,2.7711609992326354E-5,"{""geodesic"":false,""type"":""Point"",""coordinates"":[106.71536417697857,-6.15795127263932]}"
450_0,1,-6.15795127263932,106.72434732981975,0.03338256006611977,1.058033324814818E-4,0.11684872099091335,4.4090193377839633E-5,"{""geodesic"":false,""type"":""Point"",""coordinates"":[106.72434732981975,-6.15795127263932]}"
451_0,1,-6.15795127263932,106.73333048266095,0.03332785443911919,1.0828132690234738E-4,0.11681032925853779,4.4680074637422286E-5,"{""geodesic"":false,""type"":""Point"",""coordinates"":[106.73333048266095,-6.15795127263932]}"
452_0,1,-6.15795127263932,106.74231363550214,0.03334173758267684,1.1279947601982332E-4,0.11681032925837179,4.950273570413862E-5,"{""geodesic"":false,""type"":""Point"",""coordinates"":[106.74231363550214,-6.15795127263932]}"
453_0,1,-6.15795127263932,106.75129678834334,0.0333816887756759,1.3069666638147715E-4,0.11669058353559686,4.9301951783730065E-5,"{""geodesic"":false,""type"":""Point"",""coordinates"":[106.75129678834334,-6.15795127263932]}"
454_0,1,-6.15795127263932,106.76027994118454,0.032816988748841903,1.323275937467037E-4,0.11663248364926429,5.041907174984697E-5,"{""geodesic"":false,""type"":""Point"",""coordinates"":[106.76027994118454,-6.15795127263932]}"
455_0,1,-6.15795127263932,106.76926309402573,0.032816988748841903,1.323275937467037E-4,0.11663248364926429,5.041907174984697E-5,"{""geodesic"":false,""type"":""Point"",""coordinates"":[106.76926309402573,-6.15795127263932]}"
456_0,1,-6.15795127263932,106.77824624686693,0.032784127940714544,1.3500301742538868E-4,0.1166097767980085,3.837694077254045E-5,"{""geodesic"":false,""type"":""Point"",""coordinates"":[106.77824624686693,-6.15795127263932]}"
457_0,1,-6.15795127263932,106.78722939970812,0.03280382714577925,1.328583700038316E-4,0.1166047317306152,3.2125161255085194E-5,"{""geodesic"":false,""type"":""Point"",""coordinates"":[106.78722939970812,-6.15795127263932]}"
458_0,1,-6.15795127263932,106.79621255254932,0.03278747875957532,1.292868300081895E-4,0.11661102081037499,1.8291154691838787E-5,"{""geodesic"":false,""type"":""Point"",""coordinates"":[106.79621255254932,-6.15795127263932]}"
459_0,1,-6.15795127263932,106.80519570539052,0.0328025845829587,1.2626802843969278E-4,0.1166659146546617,1.0771842264284184E-5,"{""geodesic"":false,""type"":""Point"",""coordinates"":[106.80519570539052,-6.15795127263932]}"
460_0,1,-6.15795127263932,106.81417885823171,0.033415533602265124,1.26045894785483E-4,0.11656450477937488,-3.0439225917869704E-6,"{""geodesic"":false,""type"":""Point"",""coordinates"":[106.81417885823171,-6.15795127263932]}"
461_0,1,-6.15795127263932,106.82316201107291,0.03319045064780221,1.2653500168002417E-4,0.11649004421730427,1.79332417570257E-5,"{""geodesic"":false,""type"":""Point"",""coordinates"":[106.82316201107291,-6.15795127263932]}"
462_0,1,-6.15795127263932,106.83214516391409,0.033508767063473305,1.2630227623372623E-4,0.1166036868109542,3.4027126572826416E-5,"{""geodesic"":false,""type"":""Point"",""coordinates"":[106.83214516391409,-6.15795127263932]}"
463_0,1,-6.15795127263932,106.84112831675529,0.03349953556183133,1.190332828243492E-4,0.11650784313662435,2.504086313544655E-5,"{""geodesic"":false,""type"":""Point"",""coordinates"":[106.84112831675529,-6.15795127263932]}"
464_0,1,-6.15795127263932,106.85011146959648,0.0331851891311232,1.1927078594446472E-4,0.11649110106763252,4.3818429479803534E-5,"{""geodesic"":false,""type"":""Point"",""coordinates"":[106.85011146959648,-6.15795127263932]}"
465_0,1,-6.15795127263932,106.85909462243768,0.0331851891311232,1.1927078594446472E-4,0.11649110106763252,4.3818429479803534E-5,"{""geodesic"":false,""type"":""Point"",""coordinates"":[106.85909462243768,-6.15795127263932]}"
466_0,1,-6.15795127263932,106.86807777527888,0.033272665024555295,1.2274450271290504E-4,0.11650156612182729,4.361722766058612E-5,"{""geodesic"":false,""type"":""Point"",""coordinates"":[106.86807777527888,-6.15795127263932]}"
467_0,1,-6.15795127263932,106.87706092812007,0.03317121416325695,1.158529612035252E-4,0.11654746150845807,1.2195993602392133E-5,"{""geodesic"":false,""type"":""Point"",""coordinates"":[106.87706092812007,-6.15795127263932]}"
468_0,1,-6.15795127263932,106.88604408096127,0.0331002511084616,1.1446596005250311E-4,0.1166001744570237,5.714456733980814E-6,"{""geodesic"":false,""type"":""Point"",""coordinates"":[106.88604408096127,-6.15795127263932]}"
469_0,1,-6.15795127263932,106.89502723380247,0.03262298945325925,9.862990865085507E-5,0.11661752825549221,-1.4159567551048274E-5,"{""geodesic"":false,""type"":""Point"",""coordinates"":[106.89502723380247,-6.15795127263932]}"
470_0,1,-6.15795127263932,106.90401038664366,0.03218375518913533,8.931635555401663E-5,0.11672007333189241,-1.182730960411789E-5,"{""geodesic"":false,""type"":""Point"",""coordinates"":[106.90401038664366,-6.15795127263932]}"
471_0,1,-6.15795127263932,106.91299353948486,0.03218375518923251,8.96265975250525E-5,0.11666920664541311,3.6908533516754273E-5,"{""geodesic"":false,""type"":""Point"",""coordinates"":[106.91299353948486,-6.15795127263932]}"
472_0,1,-6.15795127263932,106.92197669232606,0.03207829967139225,8.509308256747092E-5,0.11661050847928285,4.0863659934763444E-5,"{""geodesic"":false,""type"":""Point"",""coordinates"":[106.92197669232606,-6.15795127263932]}"
473_0,1,-6.15795127263932,106.93095984516725,0.03190543159292809,7.898236910384289E-5,0.11655273569160882,4.852530931568662E-5,"{""geodesic"":false,""type"":""Point"",""coordinates"":[106.93095984516725,-6.15795127263932]}"
474_0,1,-6.15795127263932,106.93994299800845,0.03190543159292809,7.898236910384289E-5,0.11655273569160882,4.852530931568662E-5,"{""geodesic"":false,""type"":""Point"",""coordinates"":[106.93994299800845,-6.15795127263932]}"
475_0,1,-6.15795127263932,106.94892615084963,0.03182531865040141,7.233402489660186E-5,0.11661254421096204,4.3143052161900894E-5,"{""geodesic"":false,""type"":""Point"",""coordinates"":[106.94892615084963,-6.15795127263932]}"
476_0,1,-6.15795127263932,106.95790930369083,0.0319204700693165,7.156079379919178E-5,0.11651371702851918,4.3152372845723265E-5,"{""geodesic"":false,""type"":""Point"",""coordinates"":[106.95790930369083,-6.15795127263932]}"
477_0,1,-6.15795127263932,106.96689245653202,0.03192155958237843,6.714518773753511E-5,0.11654650575638877,5.5340889520995675E-5,"{""geodesic"":false,""type"":""Point"",""coordinates"":[106.96689245653202,-6.15795127263932]}"
478_0,1,-6.148968119798125,106.68841471845498,0.03340141847732424,9.732540179475256E-5,0.11648299787374009,3.4556204800856266E-5,"{""geodesic"":false,""type"":""Point"",""coordinates"":[106.68841471845498,-6.148968119798125]}"
479_0,1,-6.148968119798125,106.69739787129618,0.033346183598021516,9.651033906260298E-5,0.11654775242406183,1.7663785001776287E-5,"{""geodesic"":false,""type"":""Point"",""coordinates"":[106.69739787129618,-6.148968119798125]}"
480_0,1,-6.148968119798125,106.70638102413737,0.03330651919838372,1.0265644832375005E-4,0.11666525594642228,3.4851282729092805E-5,"{""geodesic"":false,""type"":""Point"",""coordinates"":[106.70638102413737,-6.148968119798125]}"
481_0,1,-6.148968119798125,106.71536417697857,0.03359485417602429,1.0318159560365582E-4,0.11665226466903152,4.11479105950169E-5,"{""geodesic"":false,""type"":""Point"",""coordinates"":[106.71536417697857,-6.148968119798125]}"
482_0,1,-6.148968119798125,106.72434732981975,0.03341823071239372,1.034045963023634E-4,0.11682040382949965,3.311151171134304E-5,"{""geodesic"":false,""type"":""Point"",""coordinates"":[106.72434732981975,-6.148968119798125]}"
483_0,1,-6.148968119798125,106.73333048266095,0.033586232465236926,1.0365190973979545E-4,0.11677063132335391,4.5060587744974684E-5,"{""geodesic"":false,""type"":""Point"",""coordinates"":[106.73333048266095,-6.148968119798125]}"
484_0,1,-6.148968119798125,106.74231363550214,0.032964968122522115,1.093235811296063E-4,0.11671981549817327,4.764701589007795E-5,"{""geodesic"":false,""type"":""Point"",""coordinates"":[106.74231363550214,-6.148968119798125]}"
485_0,1,-6.148968119798125,106.75129678834334,0.03258638919796405,1.157959959527248E-4,0.11665869350363854,8.593919847039002E-5,"{""geodesic"":false,""type"":""Point"",""coordinates"":[106.75129678834334,-6.148968119798125]}"
486_0,1,-6.148968119798125,106.76027994118454,0.03255083068805999,1.1761334801830044E-4,0.11665102466950453,6.649916031170506E-5,"{""geodesic"":false,""type"":""Point"",""coordinates"":[106.76027994118454,-6.148968119798125]}"
487_0,1,-6.148968119798125,106.76926309402573,0.03255083068805999,1.1761334801830044E-4,0.11665102466950453,6.649916031170506E-5,"{""geodesic"":false,""type"":""Point"",""coordinates"":[106.76926309402573,-6.148968119798125]}"
488_0,1,-6.148968119798125,106.77824624686693,0.03265184885595575,1.2342062544428957E-4,0.11661245453131945,4.9921124245496966E-5,"{""geodesic"":false,""type"":""Point"",""coordinates"":[106.77824624686693,-6.148968119798125]}"
489_0,1,-6.148968119798125,106.78722939970812,0.032795135138808,1.2560708824656855E-4,0.11666665171383454,2.607402831006807E-5,"{""geodesic"":false,""type"":""Point"",""coordinates"":[106.78722939970812,-6.148968119798125]}"
490_0,1,-6.148968119798125,106.79621255254932,0.033289476106227706,1.2058934694077356E-4,0.11660573462867689,1.9601011802632172E-5,"{""geodesic"":false,""type"":""Point"",""coordinates"":[106.79621255254932,-6.148968119798125]}"
491_0,1,-6.148968119798125,106.80519570539052,0.03331773513614893,1.1940719559781535E-4,0.11659812874789391,2.8076383852376944E-5,"{""geodesic"":false,""type"":""Point"",""coordinates"":[106.80519570539052,-6.148968119798125]}"
492_0,1,-6.148968119798125,106.81417885823171,0.03352119587364563,1.2008194971723092E-4,0.11659606243299543,1.884184894153532E-5,"{""geodesic"":false,""type"":""Point"",""coordinates"":[106.81417885823171,-6.148968119798125]}"
493_0,1,-6.148968119798125,106.82316201107291,0.033201522480761324,1.1734454400650447E-4,0.11654991126601062,1.8841848941508543E-5,"{""geodesic"":false,""type"":""Point"",""coordinates"":[106.82316201107291,-6.148968119798125]}"
494_0,1,-6.148968119798125,106.83214516391409,0.03344757217626827,1.1918408506104643E-4,0.11660746976036095,3.440083804872089E-5,"{""geodesic"":false,""type"":""Point"",""coordinates"":[106.83214516391409,-6.148968119798125]}"
495_0,1,-6.148968119798125,106.84112831675529,0.03350876706337213,1.2239435300193574E-4,0.11655986860952589,3.424741997988149E-5,"{""geodesic"":false,""type"":""Point"",""coordinates"":[106.84112831675529,-6.148968119798125]}"
496_0,1,-6.148968119798125,106.85011146959648,0.03350876706339891,1.2398533172590357E-4,0.11648895865616664,7.633873082316692E-5,"{""geodesic"":false,""type"":""Point"",""coordinates"":[106.85011146959648,-6.148968119798125]}"
497_0,1,-6.148968119798125,106.85909462243768,0.03350876706339891,1.2398533172590357E-4,0.11648895865616664,7.633873082316692E-5,"{""geodesic"":false,""type"":""Point"",""coordinates"":[106.85909462243768,-6.148968119798125]}"
498_0,1,-6.148968119798125,106.86807777527888,0.03350789562535001,1.1936933975270142E-4,0.11649517441155101,7.398538753603506E-5,"{""geodesic"":false,""type"":""Point"",""coordinates"":[106.86807777527888,-6.148968119798125]}"
499_0,1,-6.148968119798125,106.87706092812007,0.03336736559863188,1.108671567634059E-4,0.11649342305039949,4.77165899259565E-5,"{""geodesic"":false,""type"":""Point"",""coordinates"":[106.87706092812007,-6.148968119798125]}"
500_0,1,-6.148968119798125,106.88604408096127,0.03324942290788315,1.0573312356904337E-4,0.11661208486023139,1.2950657760785078E-5,"{""geodesic"":false,""type"":""Point"",""coordinates"":[106.88604408096127,-6.148968119798125]}"
501_0,1,-6.148968119798125,106.89502723380247,0.03253136971638635,9.360754810246702E-5,0.1166437744648169,-1.4159567551048274E-5,"{""geodesic"":false,""type"":""Point"",""coordinates"":[106.89502723380247,-6.148968119798125]}"
502_0,1,-6.148968119798125,106.90401038664366,0.03230249136681804,9.009918721845801E-5,0.11672076864370418,1.491554030506181E-5,"{""geodesic"":false,""type"":""Point"",""coordinates"":[106.90401038664366,-6.148968119798125]}"
503_0,1,-6.148968119798125,106.91299353948486,0.03218375518923251,8.78889243987582E-5,0.11666681755985604,2.7789397790956626E-5,"{""geodesic"":false,""type"":""Point"",""coordinates"":[106.91299353948486,-6.148968119798125]}"
504_0,1,-6.148968119798125,106.92197669232606,0.03218375518916105,8.509308390699942E-5,0.11667304272823266,3.424657067268422E-5,"{""geodesic"":false,""type"":""Point"",""coordinates"":[106.92197669232606,-6.148968119798125]}"
505_0,1,-6.148968119798125,106.93095984516725,0.03217406487012414,7.51713297704251E-5,0.1166169326243232,4.9284207524843234E-5,"{""geodesic"":false,""type"":""Point"",""coordinates"":[106.93095984516725,-6.148968119798125]}"
506_0,1,-6.148968119798125,106.93994299800845,0.03217406487012414,7.51713297704251E-5,0.1166169326243232,4.9284207524843234E-5,"{""geodesic"":false,""type"":""Point"",""coordinates"":[106.93994299800845,-6.148968119798125]}"
507_0,1,-6.148968119798125,106.94892615084963,0.03210631731090529,7.017734570170588E-5,0.11661388166241797,4.476258959782006E-5,"{""geodesic"":false,""type"":""Point"",""coordinates"":[106.94892615084963,-6.148968119798125]}"
508_0,1,-6.148968119798125,106.95790930369083,0.032114116824476756,7.082231994763605E-5,0.11661156763642662,3.541151896887637E-5,"{""geodesic"":false,""type"":""Point"",""coordinates"":[106.95790930369083,-6.148968119798125]}"
509_0,1,-6.148968119798125,106.96689245653202,0.032103955778351186,6.563931051295138E-5,0.11661860652335812,4.4381643323827445E-5,"{""geodesic"":false,""type"":""Point"",""coordinates"":[106.96689245653202,-6.148968119798125]}"
510_0,1,-6.13998496695693,106.69739787129618,0.03352575376634963,8.891162664322715E-5,0.11654373258370125,1.8629101311317348E-5,"{""geodesic"":false,""type"":""Point"",""coordinates"":[106.69739787129618,-6.13998496695693]}"
511_0,1,-6.13998496695693,106.70638102413737,0.033382207155177965,9.669679893950986E-5,0.11667562517821782,1.7105822367794843E-5,"{""geodesic"":false,""type"":""Point"",""coordinates"":[106.70638102413737,-6.13998496695693]}"
512_0,1,-6.13998496695693,106.71536417697857,0.03387963399296226,9.67658820088605E-5,0.1166729618800574,2.737072235311076E-5,"{""geodesic"":false,""type"":""Point"",""coordinates"":[106.71536417697857,-6.13998496695693]}"
513_0,1,-6.13998496695693,106.72434732981975,0.033518148606491965,1.0227852823718157E-4,0.11673107336915045,2.6095853739533553E-5,"{""geodesic"":false,""type"":""Point"",""coordinates"":[106.72434732981975,-6.13998496695693]}"
514_0,1,-6.13998496695693,106.73333048266095,0.03335317038002071,1.0455920290717454E-4,0.11670286584163102,4.0803642900442805E-5,"{""geodesic"":false,""type"":""Point"",""coordinates"":[106.73333048266095,-6.13998496695693]}"
515_0,1,-6.13998496695693,106.74231363550214,0.032891661744286406,1.0828284817316476E-4,0.11672603133509762,3.335268577186168E-5,"{""geodesic"":false,""type"":""Point"",""coordinates"":[106.74231363550214,-6.13998496695693]}"
516_0,1,-6.13998496695693,106.75129678834334,0.032696089515019996,1.1163819781347315E-4,0.11666920880625861,7.312183036997845E-5,"{""geodesic"":false,""type"":""Point"",""coordinates"":[106.75129678834334,-6.13998496695693]}"
517_0,1,-6.13998496695693,106.76027994118454,0.03257967531683445,1.1286284279784997E-4,0.11660724878319692,4.891435417299499E-5,"{""geodesic"":false,""type"":""Point"",""coordinates"":[106.76027994118454,-6.13998496695693]}"
518_0,1,-6.13998496695693,106.76926309402573,0.03257967531683445,1.1286284279784997E-4,0.11660724878319692,4.891435417299499E-5,"{""geodesic"":false,""type"":""Point"",""coordinates"":[106.76926309402573,-6.13998496695693]}"
519_0,1,-6.13998496695693,106.77824624686693,0.032579675316788154,1.167186909500336E-4,0.11660469845321768,4.987035688442296E-5,"{""geodesic"":false,""type"":""Point"",""coordinates"":[106.77824624686693,-6.13998496695693]}"
520_0,1,-6.13998496695693,106.78722939970812,0.03268856002239092,1.1776514663994646E-4,0.1166894624797541,3.9573608680686795E-5,"{""geodesic"":false,""type"":""Point"",""coordinates"":[106.78722939970812,-6.13998496695693]}"
521_0,1,-6.13998496695693,106.79621255254932,0.03275799557705708,1.135357882579061E-4,0.11660852025184348,3.388969707879781E-5,"{""geodesic"":false,""type"":""Point"",""coordinates"":[106.79621255254932,-6.13998496695693]}"
522_0,1,-6.13998496695693,106.80519570539052,0.032991293705193964,1.112526551880249E-4,0.11666825033459177,3.727966759476E-5,"{""geodesic"":false,""type"":""Point"",""coordinates"":[106.80519570539052,-6.13998496695693]}"
523_0,1,-6.13998496695693,106.81417885823171,0.03351305549338438,1.1350382893136768E-4,0.11660507509715852,3.211078257942048E-5,"{""geodesic"":false,""type"":""Point"",""coordinates"":[106.81417885823171,-6.13998496695693]}"
524_0,1,-6.13998496695693,106.82316201107291,0.033487356714819554,1.0593911332857508E-4,0.11655682221435673,2.85467667709309E-5,"{""geodesic"":false,""type"":""Point"",""coordinates"":[106.82316201107291,-6.13998496695693]}"
525_0,1,-6.13998496695693,106.83214516391409,0.03350705387334558,1.0721762373570413E-4,0.11660027578602387,1.7948465028881764E-5,"{""geodesic"":false,""type"":""Point"",""coordinates"":[106.83214516391409,-6.13998496695693]}"
526_0,1,-6.13998496695693,106.84112831675529,0.03350634098746453,1.0905916064843924E-4,0.11655160289497432,5.075523420672932E-5,"{""geodesic"":false,""type"":""Point"",""coordinates"":[106.84112831675529,-6.13998496695693]}"
527_0,1,-6.13998496695693,106.85011146959648,0.03350876706339593,1.1290583601115728E-4,0.11651398655617626,7.426993795905488E-5,"{""geodesic"":false,""type"":""Point"",""coordinates"":[106.85011146959648,-6.13998496695693]}"
528_0,1,-6.13998496695693,106.85909462243768,0.03350876706339593,1.1290583601115728E-4,0.11651398655617626,7.426993795905488E-5,"{""geodesic"":false,""type"":""Point"",""coordinates"":[106.85909462243768,-6.13998496695693]}"
529_0,1,-6.13998496695693,106.86807777527888,0.03350876706339593,1.1293069508310853E-4,0.11654778676292683,8.841274939180312E-5,"{""geodesic"":false,""type"":""Point"",""coordinates"":[106.86807777527888,-6.13998496695693]}"
530_0,1,-6.13998496695693,106.87706092812007,0.03349761849710151,1.1031244201162066E-4,0.11654723194153414,7.323591830079001E-5,"{""geodesic"":false,""type"":""Point"",""coordinates"":[106.87706092812007,-6.13998496695693]}"
531_0,1,-6.13998496695693,106.88604408096127,0.0332620839277674,9.940278120630077E-5,0.11658919166614312,4.60298111207442E-6,"{""geodesic"":false,""type"":""Point"",""coordinates"":[106.88604408096127,-6.13998496695693]}"
532_0,1,-6.13998496695693,106.89502723380247,0.03266070031835707,9.022736340489042E-5,0.11666498829913045,2.416317854609671E-5,"{""geodesic"":false,""type"":""Point"",""coordinates"":[106.89502723380247,-6.13998496695693]}"
533_0,1,-6.13998496695693,106.90401038664366,0.03253933042290208,8.672403998317711E-5,0.11666354458971362,1.6746797662870267E-5,"{""geodesic"":false,""type"":""Point"",""coordinates"":[106.90401038664366,-6.13998496695693]}"
534_0,1,-6.13998496695693,106.91299353948486,0.032421227544523784,8.423057577742319E-5,0.11661961366544678,3.0045138914287555E-5,"{""geodesic"":false,""type"":""Point"",""coordinates"":[106.91299353948486,-6.13998496695693]}"
535_0,1,-6.13998496695693,106.92197669232606,0.032209821045448034,8.094526631384686E-5,0.11661383310427963,5.4475515298774296E-6,"{""geodesic"":false,""type"":""Point"",""coordinates"":[106.92197669232606,-6.13998496695693]}"
536_0,1,-6.13998496695693,106.93095984516725,0.03204212542627415,7.623615683778613E-5,0.11661946722986234,3.815624362854718E-5,"{""geodesic"":false,""type"":""Point"",""coordinates"":[106.93095984516725,-6.13998496695693]}"
537_0,1,-6.13998496695693,106.93994299800845,0.03204212542627415,7.623615683778613E-5,0.11661946722986234,3.815624362854718E-5,"{""geodesic"":false,""type"":""Point"",""coordinates"":[106.93994299800845,-6.13998496695693]}"
538_0,1,-6.13998496695693,106.94892615084963,0.032114473454788635,7.221478366304938E-5,0.11662259633043974,4.0521430491997505E-5,"{""geodesic"":false,""type"":""Point"",""coordinates"":[106.94892615084963,-6.13998496695693]}"
539_0,1,-6.13998496695693,106.95790930369083,0.032090013142416655,6.842295946110887E-5,0.11660503588215919,5.0484744120573393E-5,"{""geodesic"":false,""type"":""Point"",""coordinates"":[106.95790930369083,-6.13998496695693]}"
540_0,1,-6.13998496695693,106.96689245653202,0.03210536298931185,6.64085309837099E-5,0.11661553569155905,5.0667165245084686E-5,"{""geodesic"":false,""type"":""Point"",""coordinates"":[106.96689245653202,-6.13998496695693]}"
541_0,1,-6.131001814115734,106.68841471845498,0.03363777482915039,9.274997546310729E-5,0.11642067814758893,2.4858783640418176E-5,"{""geodesic"":false,""type"":""Point"",""coordinates"":[106.68841471845498,-6.131001814115734]}"
542_0,1,-6.131001814115734,106.69739787129618,0.03352575376634963,8.891162664322715E-5,0.11654373258370125,1.8629101311317348E-5,"{""geodesic"":false,""type"":""Point"",""coordinates"":[106.69739787129618,-6.131001814115734]}"
543_0,1,-6.131001814115734,106.70638102413737,0.033382207155177965,9.669679893950986E-5,0.11667562517821782,1.7105822367794843E-5,"{""geodesic"":false,""type"":""Point"",""coordinates"":[106.70638102413737,-6.131001814115734]}"
544_0,1,-6.131001814115734,106.71536417697857,0.03387963399296226,9.67658820088605E-5,0.1166729618800574,2.737072235311076E-5,"{""geodesic"":false,""type"":""Point"",""coordinates"":[106.71536417697857,-6.131001814115734]}"
545_0,1,-6.131001814115734,106.72434732981975,0.033518148606491965,1.0227852823718157E-4,0.11673107336915045,2.6095853739533553E-5,"{""geodesic"":false,""type"":""Point"",""coordinates"":[106.72434732981975,-6.131001814115734]}"
546_0,1,-6.131001814115734,106.73333048266095,0.03335317038002071,1.0455920290717454E-4,0.11670286584163102,4.0803642900442805E-5,"{""geodesic"":false,""type"":""Point"",""coordinates"":[106.73333048266095,-6.131001814115734]}"
547_0,1,-6.131001814115734,106.74231363550214,0.032891661744286406,1.0828284817316476E-4,0.11672603133509762,3.335268577186168E-5,"{""geodesic"":false,""type"":""Point"",""coordinates"":[106.74231363550214,-6.131001814115734]}"
548_0,1,-6.131001814115734,106.75129678834334,0.032696089515019996,1.1163819781347315E-4,0.11666920880625861,7.312183036997845E-5,"{""geodesic"":false,""type"":""Point"",""coordinates"":[106.75129678834334,-6.131001814115734]}"
549_0,1,-6.131001814115734,106.76027994118454,0.03257967531683445,1.1286284279784997E-4,0.11660724878319692,4.891435417299499E-5,"{""geodesic"":false,""type"":""Point"",""coordinates"":[106.76027994118454,-6.131001814115734]}"
550_0,1,-6.131001814115734,106.76926309402573,0.03257967531683445,1.1286284279784997E-4,0.11660724878319692,4.891435417299499E-5,"{""geodesic"":false,""type"":""Point"",""coordinates"":[106.76926309402573,-6.131001814115734]}"
551_0,1,-6.131001814115734,106.77824624686693,0.032579675316788154,1.167186909500336E-4,0.11660469845321768,4.987035688442296E-5,"{""geodesic"":false,""type"":""Point"",""coordinates"":[106.77824624686693,-6.131001814115734]}"
552_0,1,-6.131001814115734,106.78722939970812,0.03268856002239092,1.1776514663994646E-4,0.1166894624797541,3.9573608680686795E-5,"{""geodesic"":false,""type"":""Point"",""coordinates"":[106.78722939970812,-6.131001814115734]}"
553_0,1,-6.131001814115734,106.79621255254932,0.03275799557705708,1.135357882579061E-4,0.11660852025184348,3.388969707879781E-5,"{""geodesic"":false,""type"":""Point"",""coordinates"":[106.79621255254932,-6.131001814115734]}"
554_0,1,-6.131001814115734,106.80519570539052,0.032991293705193964,1.112526551880249E-4,0.11666825033459177,3.727966759476E-5,"{""geodesic"":false,""type"":""Point"",""coordinates"":[106.80519570539052,-6.131001814115734]}"
555_0,1,-6.131001814115734,106.81417885823171,0.03351305549338438,1.1350382893136768E-4,0.11660507509715852,3.211078257942048E-5,"{""geodesic"":false,""type"":""Point"",""coordinates"":[106.81417885823171,-6.131001814115734]}"
556_0,1,-6.131001814115734,106.82316201107291,0.033487356714819554,1.0593911332857508E-4,0.11655682221435673,2.85467667709309E-5,"{""geodesic"":false,""type"":""Point"",""coordinates"":[106.82316201107291,-6.131001814115734]}"
557_0,1,-6.131001814115734,106.83214516391409,0.03350705387334558,1.0721762373570413E-4,0.11660027578602387,1.7948465028881764E-5,"{""geodesic"":false,""type"":""Point"",""coordinates"":[106.83214516391409,-6.131001814115734]}"
558_0,1,-6.131001814115734,106.84112831675529,0.03350634098746453,1.0905916064843924E-4,0.11655160289497432,5.075523420672932E-5,"{""geodesic"":false,""type"":""Point"",""coordinates"":[106.84112831675529,-6.131001814115734]}"
559_0,1,-6.131001814115734,106.85011146959648,0.03350876706339593,1.1290583601115728E-4,0.11651398655617626,7.426993795905488E-5,"{""geodesic"":false,""type"":""Point"",""coordinates"":[106.85011146959648,-6.131001814115734]}"
560_0,1,-6.131001814115734,106.85909462243768,0.03350876706339593,1.1290583601115728E-4,0.11651398655617626,7.426993795905488E-5,"{""geodesic"":false,""type"":""Point"",""coordinates"":[106.85909462243768,-6.131001814115734]}"
561_0,1,-6.131001814115734,106.86807777527888,0.03350876706339593,1.1293069508310853E-4,0.11654778676292683,8.841274939180312E-5,"{""geodesic"":false,""type"":""Point"",""coordinates"":[106.86807777527888,-6.131001814115734]}"
562_0,1,-6.131001814115734,106.87706092812007,0.03349761849710151,1.1031244201162066E-4,0.11654723194153414,7.323591830079001E-5,"{""geodesic"":false,""type"":""Point"",""coordinates"":[106.87706092812007,-6.131001814115734]}"
563_0,1,-6.131001814115734,106.88604408096127,0.0332620839277674,9.940278120630077E-5,0.11658919166614312,4.60298111207442E-6,"{""geodesic"":false,""type"":""Point"",""coordinates"":[106.88604408096127,-6.131001814115734]}"
564_0,1,-6.131001814115734,106.89502723380247,0.03266070031835707,9.022736340489042E-5,0.11666498829913045,2.416317854609671E-5,"{""geodesic"":false,""type"":""Point"",""coordinates"":[106.89502723380247,-6.131001814115734]}"
565_0,1,-6.131001814115734,106.90401038664366,0.03253933042290208,8.672403998317711E-5,0.11666354458971362,1.6746797662870267E-5,"{""geodesic"":false,""type"":""Point"",""coordinates"":[106.90401038664366,-6.131001814115734]}"
566_0,1,-6.131001814115734,106.91299353948486,0.032421227544523784,8.423057577742319E-5,0.11661961366544678,3.0045138914287555E-5,"{""geodesic"":false,""type"":""Point"",""coordinates"":[106.91299353948486,-6.131001814115734]}"
567_0,1,-6.131001814115734,106.92197669232606,0.032209821045448034,8.094526631384686E-5,0.11661383310427963,5.4475515298774296E-6,"{""geodesic"":false,""type"":""Point"",""coordinates"":[106.92197669232606,-6.131001814115734]}"
568_0,1,-6.131001814115734,106.93095984516725,0.03204212542627415,7.623615683778613E-5,0.11661946722986234,3.815624362854718E-5,"{""geodesic"":false,""type"":""Point"",""coordinates"":[106.93095984516725,-6.131001814115734]}"
569_0,1,-6.131001814115734,106.93994299800845,0.03204212542627415,7.623615683778613E-5,0.11661946722986234,3.815624362854718E-5,"{""geodesic"":false,""type"":""Point"",""coordinates"":[106.93994299800845,-6.131001814115734]}"
570_0,1,-6.131001814115734,106.94892615084963,0.032114473454788635,7.221478366304938E-5,0.11662259633043974,4.0521430491997505E-5,"{""geodesic"":false,""type"":""Point"",""coordinates"":[106.94892615084963,-6.131001814115734]}"
571_0,1,-6.131001814115734,106.95790930369083,0.032090013142416655,6.842295946110887E-5,0.11660503588215919,5.0484744120573393E-5,"{""geodesic"":false,""type"":""Point"",""coordinates"":[106.95790930369083,-6.131001814115734]}"
572_0,1,-6.131001814115734,106.96689245653202,0.03210536298931185,6.64085309837099E-5,0.11661553569155905,5.0667165245084686E-5,"{""geodesic"":false,""type"":""Point"",""coordinates"":[106.96689245653202,-6.131001814115734]}"
573_0,1,-6.122018661274539,106.68841471845498,0.03359802978006214,8.574676690254794E-5,0.11640336073710769,1.8967449217965316E-5,"{""geodesic"":false,""type"":""Point"",""coordinates"":[106.68841471845498,-6.122018661274539]}"
574_0,1,-6.122018661274539,106.69739787129618,0.03339105734315223,8.316264964580011E-5,0.11653090765071866,2.6410250927371837E-5,"{""geodesic"":false,""type"":""Point"",""coordinates"":[106.69739787129618,-6.122018661274539]}"
575_0,1,-6.122018661274539,106.70638102413737,0.03336442934644587,9.230626164943105E-5,0.1166809499605789,1.874242435199658E-5,"{""geodesic"":false,""type"":""Point"",""coordinates"":[106.70638102413737,-6.122018661274539]}"
576_0,1,-6.122018661274539,106.71536417697857,0.03373552941662723,9.285513656353438E-5,0.11665045835862994,2.3549483060262104E-5,"{""geodesic"":false,""type"":""Point"",""coordinates"":[106.71536417697857,-6.122018661274539]}"
577_0,1,-6.122018661274539,106.72434732981975,0.03363396866798171,9.269897469877528E-5,0.11669941193876864,4.121064264628383E-6,"{""geodesic"":false,""type"":""Point"",""coordinates"":[106.72434732981975,-6.122018661274539]}"
578_0,1,-6.122018661274539,106.73333048266095,0.03350654244425662,9.662501726472405E-5,0.11666686139697414,2.8057400640426477E-5,"{""geodesic"":false,""type"":""Point"",""coordinates"":[106.73333048266095,-6.122018661274539]}"
579_0,1,-6.122018661274539,106.74231363550214,0.03286065161226207,9.819245747782186E-5,0.11667047809336634,6.507062768914836E-5,"{""geodesic"":false,""type"":""Point"",""coordinates"":[106.74231363550214,-6.122018661274539]}"
580_0,1,-6.122018661274539,106.75129678834334,0.03287103027103358,1.032438534978288E-4,0.1166043950781038,7.277750682954094E-5,"{""geodesic"":false,""type"":""Point"",""coordinates"":[106.75129678834334,-6.122018661274539]}"
581_0,1,-6.122018661274539,106.76027994118454,0.03275924584740948,1.0802738412987686E-4,0.11661464354822236,5.048366211314111E-5,"{""geodesic"":false,""type"":""Point"",""coordinates"":[106.76027994118454,-6.122018661274539]}"
582_0,1,-6.122018661274539,106.76926309402573,0.03275924584740948,1.0802738412987686E-4,0.11661464354822236,5.048366211314111E-5,"{""geodesic"":false,""type"":""Point"",""coordinates"":[106.76926309402573,-6.122018661274539]}"
583_0,1,-6.122018661274539,106.77824624686693,0.03275837871484026,1.0951128644233574E-4,0.11660420532838744,5.044204595930983E-5,"{""geodesic"":false,""type"":""Point"",""coordinates"":[106.77824624686693,-6.122018661274539]}"
584_0,1,-6.122018661274539,106.78722939970812,0.03323945423083542,1.128231850766647E-4,0.11668458633842436,5.044204617629097E-5,"{""geodesic"":false,""type"":""Point"",""coordinates"":[106.78722939970812,-6.122018661274539]}"
585_0,1,-6.122018661274539,106.79621255254932,0.033309586346176784,1.0745765062195381E-4,0.11654411852239409,4.080193686713476E-5,"{""geodesic"":false,""type"":""Point"",""coordinates"":[106.79621255254932,-6.122018661274539]}"
586_0,1,-6.122018661274539,106.80519570539052,0.03292457423255189,1.0218536628591902E-4,0.11654193326823865,3.388969707882791E-5,"{""geodesic"":false,""type"":""Point"",""coordinates"":[106.80519570539052,-6.122018661274539]}"
587_0,1,-6.122018661274539,106.81417885823171,0.03320363909008844,1.0023154512366434E-4,0.11653584459413568,2.859439012885039E-5,"{""geodesic"":false,""type"":""Point"",""coordinates"":[106.81417885823171,-6.122018661274539]}"
588_0,1,-6.122018661274539,106.82316201107291,0.03343317672351233,1.0023154512352191E-4,0.11659896312995917,3.548505148661773E-5,"{""geodesic"":false,""type"":""Point"",""coordinates"":[106.82316201107291,-6.122018661274539]}"
589_0,1,-6.122018661274539,106.84112831675529,0.03351479768748361,1.002751474670595E-4,0.11661613797690111,5.061389806790806E-5,"{""geodesic"":false,""type"":""Point"",""coordinates"":[106.84112831675529,-6.122018661274539]}"
590_0,1,-6.122018661274539,106.85011146959648,0.03362561326989682,1.042529838741131E-4,0.11654730319461701,6.771969664558365E-5,"{""geodesic"":false,""type"":""Point"",""coordinates"":[106.85011146959648,-6.122018661274539]}"
591_0,1,-6.122018661274539,106.85909462243768,0.03362561326989682,1.042529838741131E-4,0.11654730319461701,6.771969664558365E-5,"{""geodesic"":false,""type"":""Point"",""coordinates"":[106.85909462243768,-6.122018661274539]}"
592_0,1,-6.122018661274539,106.86807777527888,0.033527859396943416,1.0425298387434459E-4,0.11654503839035482,7.35066253887128E-5,"{""geodesic"":false,""type"":""Point"",""coordinates"":[106.86807777527888,-6.122018661274539]}"
593_0,1,-6.122018661274539,106.87706092812007,0.03350270619543737,9.967800724538993E-5,0.11663139462275059,4.1750857405514716E-5,"{""geodesic"":false,""type"":""Point"",""coordinates"":[106.87706092812007,-6.122018661274539]}"
594_0,1,-6.122018661274539,106.88604408096127,0.033439278852035605,9.420477227056578E-5,0.11659234017582129,1.1873619769195239E-5,"{""geodesic"":false,""type"":""Point"",""coordinates"":[106.88604408096127,-6.122018661274539]}"
595_0,1,-6.122018661274539,106.89502723380247,0.03330161795018104,8.941075211026297E-5,0.11666773748921683,3.4621114290067176E-5,"{""geodesic"":false,""type"":""Point"",""coordinates"":[106.89502723380247,-6.122018661274539]}"
596_0,1,-6.122018661274539,106.90401038664366,0.03280477026048165,8.495649195958631E-5,0.11665938987309776,4.539780985058397E-5,"{""geodesic"":false,""type"":""Point"",""coordinates"":[106.90401038664366,-6.122018661274539]}"
597_0,1,-6.122018661274539,106.91299353948486,0.03266070024972834,8.051012471294635E-5,0.11661090458602204,4.383870873432723E-5,"{""geodesic"":false,""type"":""Point"",""coordinates"":[106.91299353948486,-6.122018661274539]}"
598_0,1,-6.122018661274539,106.92197669232606,0.032550915619382295,7.633795036360659E-5,0.11661836102766776,3.796859224926898E-5,"{""geodesic"":false,""type"":""Point"",""coordinates"":[106.92197669232606,-6.122018661274539]}"
599_0,1,-6.122018661274539,106.93095984516725,0.03234567987827824,7.546361080929303E-5,0.1165482389959242,2.614891394871294E-5,"{""geodesic"":false,""type"":""Point"",""coordinates"":[106.93095984516725,-6.122018661274539]}"
600_0,1,-6.122018661274539,106.93994299800845,0.03234567987827824,7.546361080929303E-5,0.1165482389959242,2.614891394871294E-5,"{""geodesic"":false,""type"":""Point"",""coordinates"":[106.93994299800845,-6.122018661274539]}"
601_0,1,-6.122018661274539,106.94892615084963,0.032245692931634706,7.0632577787445E-5,0.1165846526234018,3.16729410769577E-5,"{""geodesic"":false,""type"":""Point"",""coordinates"":[106.94892615084963,-6.122018661274539]}"
602_0,1,-6.122018661274539,106.95790930369083,0.03200279272924753,6.72806665614522E-5,0.11665866369049233,2.808663902959431E-5,"{""geodesic"":false,""type"":""Point"",""coordinates"":[106.95790930369083,-6.122018661274539]}"
603_0,1,-6.122018661274539,106.96689245653202,0.03198693860770979,6.546590496818543E-5,0.11665434768942509,5.133969950738379E-5,"{""geodesic"":false,""type"":""Point"",""coordinates"":[106.96689245653202,-6.122018661274539]}"
604_0,1,-6.113035508433344,106.69739787129618,0.033471189114622796,8.253550498442692E-5,0.11652970871867316,3.054664479565528E-5,"{""geodesic"":false,""type"":""Point"",""coordinates"":[106.69739787129618,-6.113035508433344]}"
605_0,1,-6.113035508433344,106.70638102413737,0.03339925350217307,8.271889105000222E-5,0.11648847618371876,2.7560896980659152E-5,"{""geodesic"":false,""type"":""Point"",""coordinates"":[106.70638102413737,-6.113035508433344]}"
606_0,1,-6.113035508433344,106.71536417697857,0.03360935114329239,8.1425467600417E-5,0.11648926494181115,2.216901058165132E-5,"{""geodesic"":false,""type"":""Point"",""coordinates"":[106.71536417697857,-6.113035508433344]}"
607_0,1,-6.113035508433344,106.72434732981975,0.03360935114321777,8.102775064480277E-5,0.11657441346118312,2.0189579117854646E-5,"{""geodesic"":false,""type"":""Point"",""coordinates"":[106.72434732981975,-6.113035508433344]}"
608_0,1,-6.113035508433344,106.73333048266095,0.03360935114326552,8.110797729620836E-5,0.11654086623024079,3.257982340682509E-5,"{""geodesic"":false,""type"":""Point"",""coordinates"":[106.73333048266095,-6.113035508433344]}"
609_0,1,-6.113035508433344,106.74231363550214,0.03314731288577964,8.586735910807305E-5,0.1166629609806626,6.953060634030423E-5,"{""geodesic"":false,""type"":""Point"",""coordinates"":[106.74231363550214,-6.113035508433344]}"
610_0,1,-6.113035508433344,106.75129678834334,0.032892091660015575,9.296991447620671E-5,0.11654203771626415,7.246211162596169E-5,"{""geodesic"":false,""type"":""Point"",""coordinates"":[106.75129678834334,-6.113035508433344]}"
611_0,1,-6.113035508433344,106.76027994118454,0.03272385780945674,9.410770871916223E-5,0.11653722077616638,5.2056304664946135E-5,"{""geodesic"":false,""type"":""Point"",""coordinates"":[106.76027994118454,-6.113035508433344]}"
612_0,1,-6.113035508433344,106.76926309402573,0.03272385780945674,9.410770871916223E-5,0.11653722077616638,5.2056304664946135E-5,"{""geodesic"":false,""type"":""Point"",""coordinates"":[106.76926309402573,-6.113035508433344]}"
613_0,1,-6.113035508433344,106.77824624686693,0.0329798747245876,9.851055733164842E-5,0.1166138899296493,6.816921643067182E-5,"{""geodesic"":false,""type"":""Point"",""coordinates"":[106.77824624686693,-6.113035508433344]}"
614_0,1,-6.113035508433344,106.78722939970812,0.03320363870680842,1.0024266165558567E-4,0.116632162829344,5.268819604080655E-5,"{""geodesic"":false,""type"":""Point"",""coordinates"":[106.78722939970812,-6.113035508433344]}"
615_0,1,-6.113035508433344,106.79621255254932,0.03322778854923831,9.907756566078808E-5,0.11660729237269328,6.501545141961556E-5,"{""geodesic"":false,""type"":""Point"",""coordinates"":[106.79621255254932,-6.113035508433344]}"
616_0,1,-6.113035508433344,106.80519570539052,0.03300929891824768,9.630690391111631E-5,0.11660670645465325,4.6196533193505965E-5,"{""geodesic"":false,""type"":""Point"",""coordinates"":[106.80519570539052,-6.113035508433344]}"
617_0,1,-6.113035508433344,106.85909462243768,0.0333855866744101,9.631071220707202E-5,0.11664729691578013,6.325209687925242E-5,"{""geodesic"":false,""type"":""Point"",""coordinates"":[106.85909462243768,-6.113035508433344]}"
618_0,1,-6.113035508433344,106.86807777527888,0.03352652210317627,9.760645843919158E-5,0.11657882796673155,6.529727737572045E-5,"{""geodesic"":false,""type"":""Point"",""coordinates"":[106.86807777527888,-6.113035508433344]}"
619_0,1,-6.113035508433344,106.87706092812007,0.03340445337513383,9.760645843933028E-5,0.11664857843222616,4.867948698512204E-5,"{""geodesic"":false,""type"":""Point"",""coordinates"":[106.87706092812007,-6.113035508433344]}"
620_0,1,-6.113035508433344,106.88604408096127,0.03321031384874118,8.942996859065625E-5,0.11662622861103829,4.219516394999156E-5,"{""geodesic"":false,""type"":""Point"",""coordinates"":[106.88604408096127,-6.113035508433344]}"
621_0,1,-6.113035508433344,106.89502723380247,0.03330161795017808,8.28558884183778E-5,0.11665546453885907,4.179672935535294E-5,"{""geodesic"":false,""type"":""Point"",""coordinates"":[106.89502723380247,-6.113035508433344]}"
622_0,1,-6.113035508433344,106.90401038664366,0.03290740569304755,8.093994845931074E-5,0.11666306410679182,3.985584154280414E-5,"{""geodesic"":false,""type"":""Point"",""coordinates"":[106.90401038664366,-6.113035508433344]}"
623_0,1,-6.113035508433344,106.91299353948486,0.03266034241683638,7.745499533479352E-5,0.11665086269967107,4.60737210823173E-5,"{""geodesic"":false,""type"":""Point"",""coordinates"":[106.91299353948486,-6.113035508433344]}"
624_0,1,-6.113035508433344,106.92197669232606,0.032656163974071464,7.523642360669452E-5,0.1166190892155488,5.025016266424494E-5,"{""geodesic"":false,""type"":""Point"",""coordinates"":[106.92197669232606,-6.113035508433344]}"
625_0,1,-6.113035508433344,106.93095984516725,0.032614318356006644,7.347155615477729E-5,0.11654227972013292,5.441071080040213E-5,"{""geodesic"":false,""type"":""Point"",""coordinates"":[106.93095984516725,-6.113035508433344]}"
626_0,1,-6.113035508433344,106.93994299800845,0.032614318356006644,7.347155615477729E-5,0.11654227972013292,5.441071080040213E-5,"{""geodesic"":false,""type"":""Point"",""coordinates"":[106.93994299800845,-6.113035508433344]}"
627_0,1,-6.113035508433344,106.94892615084963,0.03231951594357672,7.164102276410836E-5,0.11663911172403107,5.161872650278674E-5,"{""geodesic"":false,""type"":""Point"",""coordinates"":[106.94892615084963,-6.113035508433344]}"
628_0,1,-6.113035508433344,106.95790930369083,0.0324816790062466,6.511610026621534E-5,0.11660433367555076,2.667721061752244E-5,"{""geodesic"":false,""type"":""Point"",""coordinates"":[106.95790930369083,-6.113035508433344]}"
629_0,1,-6.113035508433344,106.96689245653202,0.032325252956950136,6.633748134048109E-5,0.11665677651780826,5.257839110329031E-5,"{""geodesic"":false,""type"":""Point"",""coordinates"":[106.96689245653202,-6.113035508433344]}"
630_0,1,-6.104052355592149,106.69739787129618,0.0335638217788872,7.480667651781668E-5,0.11660541221492442,5.445442366177672E-5,"{""geodesic"":false,""type"":""Point"",""coordinates"":[106.69739787129618,-6.104052355592149]}"
631_0,1,-6.104052355592149,106.70638102413737,0.03355374417434526,7.598849452912404E-5,0.11647637343451597,3.9040429656248756E-5,"{""geodesic"":false,""type"":""Point"",""coordinates"":[106.70638102413737,-6.104052355592149]}"
632_0,1,-6.104052355592149,106.71536417697857,0.03355279536479925,7.472380385402436E-5,0.11648103809896777,4.2997275015900774E-5,"{""geodesic"":false,""type"":""Point"",""coordinates"":[106.71536417697857,-6.104052355592149]}"
633_0,1,-6.104052355592149,106.72434732981975,0.033551942601126275,7.458623076668188E-5,0.1164848407108879,5.532778883894384E-5,"{""geodesic"":false,""type"":""Point"",""coordinates"":[106.72434732981975,-6.104052355592149]}"
634_0,1,-6.104052355592149,106.73333048266095,0.03360512304720041,7.984800322453525E-5,0.11654405676244983,6.672974632243513E-5,"{""geodesic"":false,""type"":""Point"",""coordinates"":[106.73333048266095,-6.104052355592149]}"
635_0,1,-6.104052355592149,106.74231363550214,0.033600930124501084,7.930176726794863E-5,0.1166109900843519,7.367690161196337E-5,"{""geodesic"":false,""type"":""Point"",""coordinates"":[106.74231363550214,-6.104052355592149]}"
636_0,1,-6.104052355592149,106.75129678834334,0.03299923281920491,8.075829608186038E-5,0.11666092184034141,6.908084527024858E-5,"{""geodesic"":false,""type"":""Point"",""coordinates"":[106.75129678834334,-6.104052355592149]}"
637_0,1,-6.104052355592149,106.79621255254932,0.033199667930630276,8.27832709990135E-5,0.11660685238000192,6.498425224545272E-5,"{""geodesic"":false,""type"":""Point"",""coordinates"":[106.79621255254932,-6.104052355592149]}"
638_0,1,-6.104052355592149,106.87706092812007,0.03332333148918761,8.683653368097492E-5,0.11680232445575502,4.473524565033009E-5,"{""geodesic"":false,""type"":""Point"",""coordinates"":[106.87706092812007,-6.104052355592149]}"
639_0,1,-6.104052355592149,106.88604408096127,0.03297783434396364,8.326669111598626E-5,0.11672039863999967,5.643434676974745E-5,"{""geodesic"":false,""type"":""Point"",""coordinates"":[106.88604408096127,-6.104052355592149]}"
640_0,1,-6.104052355592149,106.89502723380247,0.032868333160857494,7.925160624147524E-5,0.1166708884645264,5.096080140298744E-5,"{""geodesic"":false,""type"":""Point"",""coordinates"":[106.89502723380247,-6.104052355592149]}"
641_0,1,-6.104052355592149,106.90401038664366,0.032684045214888865,7.61982067690589E-5,0.11674293676993416,4.105363653801823E-5,"{""geodesic"":false,""type"":""Point"",""coordinates"":[106.90401038664366,-6.104052355592149]}"
642_0,1,-6.104052355592149,106.91299353948486,0.032660691477400645,7.536565724472637E-5,0.11665285125131548,5.542017965180344E-5,"{""geodesic"":false,""type"":""Point"",""coordinates"":[106.91299353948486,-6.104052355592149]}"
643_0,1,-6.104052355592149,106.92197669232606,0.0328767993661836,7.352624201315945E-5,0.11664085963085197,5.036971748909987E-5,"{""geodesic"":false,""type"":""Point"",""coordinates"":[106.92197669232606,-6.104052355592149]}"
644_0,1,-6.104052355592149,106.93095984516725,0.03287229500713662,7.143473976076173E-5,0.1167084926436815,5.5422722518087954E-5,"{""geodesic"":false,""type"":""Point"",""coordinates"":[106.93095984516725,-6.104052355592149]}"
645_0,1,-6.104052355592149,106.93994299800845,0.03287229500713662,7.143473976076173E-5,0.1167084926436815,5.5422722518087954E-5,"{""geodesic"":false,""type"":""Point"",""coordinates"":[106.93994299800845,-6.104052355592149]}"
646_0,1,-6.104052355592149,106.94892615084963,0.03266070038078254,6.809959164090497E-5,0.11673448811954017,5.341300569661811E-5,"{""geodesic"":false,""type"":""Point"",""coordinates"":[106.94892615084963,-6.104052355592149]}"
647_0,1,-6.104052355592149,106.95790930369083,0.032605808228281075,6.302556302449687E-5,0.11665618673829951,5.119042180017113E-5,"{""geodesic"":false,""type"":""Point"",""coordinates"":[106.95790930369083,-6.104052355592149]}"
648_0,1,-6.104052355592149,106.96689245653202,0.03265717876810337,6.1909535221421E-5,0.11665764504717073,4.117442928195317E-5,"{""geodesic"":false,""type"":""Point"",""coordinates"":[106.96689245653202,-6.104052355592149]}"
649_0,1,-6.095069202750953,106.70638102413737,0.03368958147866312,6.827108121235552E-5,0.11648182383892641,4.6936927558272275E-5,"{""geodesic"":false,""type"":""Point"",""coordinates"":[106.70638102413737,-6.095069202750953]}"
650_0,1,-6.095069202750953,106.71536417697857,0.03355270338003861,7.278474276093304E-5,0.11650288853791159,5.7561122210390076E-5,"{""geodesic"":false,""type"":""Point"",""coordinates"":[106.71536417697857,-6.095069202750953]}"
651_0,1,-6.095069202750953,106.72434732981975,0.03355374435581736,7.283827599940075E-5,0.1165382986266708,6.54696311337233E-5,"{""geodesic"":false,""type"":""Point"",""coordinates"":[106.72434732981975,-6.095069202750953]}"
652_0,1,-6.095069202750953,106.73333048266095,0.033553744473495704,7.232341751810358E-5,0.11655561094077148,6.612665212151549E-5,"{""geodesic"":false,""type"":""Point"",""coordinates"":[106.73333048266095,-6.095069202750953]}"
653_0,1,-6.095069202750953,106.74231363550214,0.03356338106093776,7.269964728273193E-5,0.11667264813766293,6.91778404030236E-5,"{""geodesic"":false,""type"":""Point"",""coordinates"":[106.74231363550214,-6.095069202750953]}"
654_0,1,-6.095069202750953,106.75129678834334,0.033588204532841545,7.291221845657844E-5,0.11665568326300953,8.605880679850751E-5,"{""geodesic"":false,""type"":""Point"",""coordinates"":[106.75129678834334,-6.095069202750953]}"
655_0,1,-6.086086049909758,106.73333048266095,0.033553744355865035,6.930220371804568E-5,0.11660045491211785,8.25342199809147E-5,"{""geodesic"":false,""type"":""Point"",""coordinates"":[106.73333048266095,-6.086086049909758]}"
656_0,1,-6.086086049909758,106.75129678834334,0.0333596133449248,7.001251287870562E-5,0.11665905126545528,6.735893733463904E-5,"{""geodesic"":false,""type"":""Point"",""coordinates"":[106.75129678834334,-6.086086049909758]}"
657_0,1,-6.077102897068563,106.75129678834334,0.03277636878190457,6.513333287302866E-5,0.11673464481707531,5.280149519479696E-5,"{""geodesic"":false,""type"":""Point"",""coordinates"":[106.75129678834334,-6.077102897068563]}"
