system:index,dummy,lat,lon,viirs_ntl,.geo
0_0,1,-6.36456378798681,106.88604408096127,22.789859771728516,"{""geodesic"":false,""type"":""Point"",""coordinates"":[106.88604408096127,-6.36456378798681]}"
1_0,1,-6.36456378798681,106.89502723380247,17.47018798192342,"{""geodesic"":false,""type"":""Point"",""coordinates"":[106.89502723380247,-6.36456378798681]}"
2_0,1,-6.36456378798681,106.91299353948486,23.0908504486084,"{""geodesic"":false,""type"":""Point"",""coordinates"":[106.91299353948486,-6.36456378798681]}"
3_0,1,-6.355580635145615,106.79621255254932,28.137308883666993,"{""geodesic"":false,""type"":""Point"",""coordinates"":[106.79621255254932,-6.355580635145615]}"
4_0,1,-6.355580635145615,106.80519570539052,29.58340247472127,"{""geodesic"":false,""type"":""Point"",""coordinates"":[106.80519570539052,-6.355580635145615]}"
5_0,1,-6.355580635145615,106.81417885823171,26.34770107269287,"{""geodesic"":false,""type"":""Point"",""coordinates"":[106.81417885823171,-6.355580635145615]}"
6_0,1,-6.355580635145615,106.82316201107291,23.203510284423828,"{""geodesic"":false,""type"":""Point"",""coordinates"":[106.82316201107291,-6.355580635145615]}"
7_0,1,-6.355580635145615,106.87706092812007,26.140010140158914,"{""geodesic"":false,""type"":""Point"",""coordinates"":[106.87706092812007,-6.355580635145615]}"
8_0,1,-6.355580635145615,106.88604408096127,25.05292087377504,"{""geodesic"":false,""type"":""Point"",""coordinates"":[106.88604408096127,-6.355580635145615]}"
9_0,1,-6.355580635145615,106.89502723380247,20.403674840927124,"{""geodesic"":false,""type"":""Point"",""coordinates"":[106.89502723380247,-6.355580635145615]}"
10_0,1,-6.355580635145615,106.90401038664366,18.661945343017578,"{""geodesic"":false,""type"":""Point"",""coordinates"":[106.90401038664366,-6.355580635145615]}"
11_0,1,-6.355580635145615,106.91299353948486,22.318683477548454,"{""geodesic"":false,""type"":""Point"",""coordinates"":[106.91299353948486,-6.355580635145615]}"
12_0,1,-6.34659748230442,106.79621255254932,36.82717323303223,"{""geodesic"":false,""type"":""Point"",""coordinates"":[106.79621255254932,-6.34659748230442]}"
13_0,1,-6.34659748230442,106.80519570539052,30.578434626261394,"{""geodesic"":false,""type"":""Point"",""coordinates"":[106.80519570539052,-6.34659748230442]}"
14_0,1,-6.34659748230442,106.81417885823171,28.726001167297362,"{""geodesic"":false,""type"":""Point"",""coordinates"":[106.81417885823171,-6.34659748230442]}"
15_0,1,-6.34659748230442,106.82316201107291,25.851435643976384,"{""geodesic"":false,""type"":""Point"",""coordinates"":[106.82316201107291,-6.34659748230442]}"
16_0,1,-6.34659748230442,106.83214516391409,26.28223890187789,"{""geodesic"":false,""type"":""Point"",""coordinates"":[106.83214516391409,-6.34659748230442]}"
17_0,1,-6.34659748230442,106.85909462243768,26.91391586435252,"{""geodesic"":false,""type"":""Point"",""coordinates"":[106.85909462243768,-6.34659748230442]}"
18_0,1,-6.34659748230442,106.86807777527888,29.828514135800877,"{""geodesic"":false,""type"":""Point"",""coordinates"":[106.86807777527888,-6.34659748230442]}"
19_0,1,-6.34659748230442,106.87706092812007,26.296980906341034,"{""geodesic"":false,""type"":""Point"",""coordinates"":[106.87706092812007,-6.34659748230442]}"
20_0,1,-6.34659748230442,106.88604408096127,28.08745994567871,"{""geodesic"":false,""type"":""Point"",""coordinates"":[106.88604408096127,-6.34659748230442]}"
21_0,1,-6.34659748230442,106.89502723380247,25.23353918543402,"{""geodesic"":false,""type"":""Point"",""coordinates"":[106.89502723380247,-6.34659748230442]}"
22_0,1,-6.34659748230442,106.90401038664366,23.6111394142618,"{""geodesic"":false,""type"":""Point"",""coordinates"":[106.90401038664366,-6.34659748230442]}"
23_0,1,-6.34659748230442,106.91299353948486,24.70096941136602,"{""geodesic"":false,""type"":""Point"",""coordinates"":[106.91299353948486,-6.34659748230442]}"
24_0,1,-6.337614329463224,106.80519570539052,28.67481769214977,"{""geodesic"":false,""type"":""Point"",""coordinates"":[106.80519570539052,-6.337614329463224]}"
25_0,1,-6.337614329463224,106.81417885823171,25.926260471343994,"{""geodesic"":false,""type"":""Point"",""coordinates"":[106.81417885823171,-6.337614329463224]}"
26_0,1,-6.337614329463224,106.82316201107291,24.876451110839845,"{""geodesic"":false,""type"":""Point"",""coordinates"":[106.82316201107291,-6.337614329463224]}"
27_0,1,-6.337614329463224,106.83214516391409,26.32477347056071,"{""geodesic"":false,""type"":""Point"",""coordinates"":[106.83214516391409,-6.337614329463224]}"
28_0,1,-6.337614329463224,106.84112831675529,25.429932912190754,"{""geodesic"":false,""type"":""Point"",""coordinates"":[106.84112831675529,-6.337614329463224]}"
29_0,1,-6.337614329463224,106.85011146959648,26.416648864746094,"{""geodesic"":false,""type"":""Point"",""coordinates"":[106.85011146959648,-6.337614329463224]}"
30_0,1,-6.337614329463224,106.85909462243768,27.85329818725586,"{""geodesic"":false,""type"":""Point"",""coordinates"":[106.85909462243768,-6.337614329463224]}"
31_0,1,-6.337614329463224,106.86807777527888,28.480022975376674,"{""geodesic"":false,""type"":""Point"",""coordinates"":[106.86807777527888,-6.337614329463224]}"
32_0,1,-6.337614329463224,106.87706092812007,26.573948773470793,"{""geodesic"":false,""type"":""Point"",""coordinates"":[106.87706092812007,-6.337614329463224]}"
33_0,1,-6.337614329463224,106.88604408096127,28.458331680297853,"{""geodesic"":false,""type"":""Point"",""coordinates"":[106.88604408096127,-6.337614329463224]}"
34_0,1,-6.337614329463224,106.89502723380247,25.859464645385742,"{""geodesic"":false,""type"":""Point"",""coordinates"":[106.89502723380247,-6.337614329463224]}"
35_0,1,-6.337614329463224,106.90401038664366,23.66552670796712,"{""geodesic"":false,""type"":""Point"",""coordinates"":[106.90401038664366,-6.337614329463224]}"
36_0,1,-6.337614329463224,106.91299353948486,21.6790288289388,"{""geodesic"":false,""type"":""Point"",""coordinates"":[106.91299353948486,-6.337614329463224]}"
37_0,1,-6.32863117662203,106.80519570539052,28.56806835261258,"{""geodesic"":false,""type"":""Point"",""coordinates"":[106.80519570539052,-6.32863117662203]}"
38_0,1,-6.32863117662203,106.81417885823171,26.296972465515136,"{""geodesic"":false,""type"":""Point"",""coordinates"":[106.81417885823171,-6.32863117662203]}"
39_0,1,-6.32863117662203,106.82316201107291,27.607795238494873,"{""geodesic"":false,""type"":""Point"",""coordinates"":[106.82316201107291,-6.32863117662203]}"
40_0,1,-6.32863117662203,106.83214516391409,27.694963455200195,"{""geodesic"":false,""type"":""Point"",""coordinates"":[106.83214516391409,-6.32863117662203]}"
41_0,1,-6.32863117662203,106.84112831675529,25.83392111460368,"{""geodesic"":false,""type"":""Point"",""coordinates"":[106.84112831675529,-6.32863117662203]}"
42_0,1,-6.32863117662203,106.85011146959648,26.822439816533304,"{""geodesic"":false,""type"":""Point"",""coordinates"":[106.85011146959648,-6.32863117662203]}"
43_0,1,-6.32863117662203,106.85909462243768,28.962987386263332,"{""geodesic"":false,""type"":""Point"",""coordinates"":[106.85909462243768,-6.32863117662203]}"
44_0,1,-6.32863117662203,106.86807777527888,28.157342931959363,"{""geodesic"":false,""type"":""Point"",""coordinates"":[106.86807777527888,-6.32863117662203]}"
45_0,1,-6.32863117662203,106.87706092812007,28.04134521484375,"{""geodesic"":false,""type"":""Point"",""coordinates"":[106.87706092812007,-6.32863117662203]}"
46_0,1,-6.32863117662203,106.88604408096127,30.207448739271896,"{""geodesic"":false,""type"":""Point"",""coordinates"":[106.88604408096127,-6.32863117662203]}"
47_0,1,-6.32863117662203,106.89502723380247,24.157243728637695,"{""geodesic"":false,""type"":""Point"",""coordinates"":[106.89502723380247,-6.32863117662203]}"
48_0,1,-6.32863117662203,106.90401038664366,22.95232919546274,"{""geodesic"":false,""type"":""Point"",""coordinates"":[106.90401038664366,-6.32863117662203]}"
49_0,1,-6.32863117662203,106.91299353948486,23.386010487874348,"{""geodesic"":false,""type"":""Point"",""coordinates"":[106.91299353948486,-6.32863117662203]}"
50_0,1,-6.319648023780834,106.81417885823171,27.569369536179764,"{""geodesic"":false,""type"":""Point"",""coordinates"":[106.81417885823171,-6.319648023780834]}"
51_0,1,-6.319648023780834,106.82316201107291,25.163503011067707,"{""geodesic"":false,""type"":""Point"",""coordinates"":[106.82316201107291,-6.319648023780834]}"
52_0,1,-6.319648023780834,106.83214516391409,25.193519751230877,"{""geodesic"":false,""type"":""Point"",""coordinates"":[106.83214516391409,-6.319648023780834]}"
53_0,1,-6.319648023780834,106.84112831675529,26.298574794422496,"{""geodesic"":false,""type"":""Point"",""coordinates"":[106.84112831675529,-6.319648023780834]}"
54_0,1,-6.319648023780834,106.85011146959648,25.185327953762478,"{""geodesic"":false,""type"":""Point"",""coordinates"":[106.85011146959648,-6.319648023780834]}"
55_0,1,-6.319648023780834,106.85909462243768,27.19671122233073,"{""geodesic"":false,""type"":""Point"",""coordinates"":[106.85909462243768,-6.319648023780834]}"
56_0,1,-6.319648023780834,106.86807777527888,26.10557573491877,"{""geodesic"":false,""type"":""Point"",""coordinates"":[106.86807777527888,-6.319648023780834]}"
57_0,1,-6.319648023780834,106.87706092812007,27.5751789410909,"{""geodesic"":false,""type"":""Point"",""coordinates"":[106.87706092812007,-6.319648023780834]}"
58_0,1,-6.319648023780834,106.88604408096127,34.34426081549261,"{""geodesic"":false,""type"":""Point"",""coordinates"":[106.88604408096127,-6.319648023780834]}"
59_0,1,-6.319648023780834,106.89502723380247,25.604250821200285,"{""geodesic"":false,""type"":""Point"",""coordinates"":[106.89502723380247,-6.319648023780834]}"
60_0,1,-6.319648023780834,106.90401038664366,25.085857137044272,"{""geodesic"":false,""type"":""Point"",""coordinates"":[106.90401038664366,-6.319648023780834]}"
61_0,1,-6.319648023780834,106.91299353948486,18.913732528686523,"{""geodesic"":false,""type"":""Point"",""coordinates"":[106.91299353948486,-6.319648023780834]}"
62_0,1,-6.310664870939639,106.77824624686693,27.9269136949019,"{""geodesic"":false,""type"":""Point"",""coordinates"":[106.77824624686693,-6.310664870939639]}"
63_0,1,-6.310664870939639,106.78722939970812,26.6778138478597,"{""geodesic"":false,""type"":""Point"",""coordinates"":[106.78722939970812,-6.310664870939639]}"
64_0,1,-6.310664870939639,106.79621255254932,28.730499267578125,"{""geodesic"":false,""type"":""Point"",""coordinates"":[106.79621255254932,-6.310664870939639]}"
65_0,1,-6.310664870939639,106.80519570539052,28.346999713352748,"{""geodesic"":false,""type"":""Point"",""coordinates"":[106.80519570539052,-6.310664870939639]}"
66_0,1,-6.310664870939639,106.81417885823171,27.530223499644887,"{""geodesic"":false,""type"":""Point"",""coordinates"":[106.81417885823171,-6.310664870939639]}"
67_0,1,-6.310664870939639,106.82316201107291,22.489783228660116,"{""geodesic"":false,""type"":""Point"",""coordinates"":[106.82316201107291,-6.310664870939639]}"
68_0,1,-6.310664870939639,106.83214516391409,24.769324832492405,"{""geodesic"":false,""type"":""Point"",""coordinates"":[106.83214516391409,-6.310664870939639]}"
69_0,1,-6.310664870939639,106.84112831675529,30.52668267853406,"{""geodesic"":false,""type"":""Point"",""coordinates"":[106.84112831675529,-6.310664870939639]}"
70_0,1,-6.310664870939639,106.85011146959648,26.592912673950195,"{""geodesic"":false,""type"":""Point"",""coordinates"":[106.85011146959648,-6.310664870939639]}"
71_0,1,-6.310664870939639,106.85909462243768,32.315263784156656,"{""geodesic"":false,""type"":""Point"",""coordinates"":[106.85909462243768,-6.310664870939639]}"
72_0,1,-6.310664870939639,106.86807777527888,32.581079637682116,"{""geodesic"":false,""type"":""Point"",""coordinates"":[106.86807777527888,-6.310664870939639]}"
73_0,1,-6.310664870939639,106.87706092812007,34.710477342792586,"{""geodesic"":false,""type"":""Point"",""coordinates"":[106.87706092812007,-6.310664870939639]}"
74_0,1,-6.310664870939639,106.88604408096127,40.69967514038086,"{""geodesic"":false,""type"":""Point"",""coordinates"":[106.88604408096127,-6.310664870939639]}"
75_0,1,-6.310664870939639,106.89502723380247,37.06099642240084,"{""geodesic"":false,""type"":""Point"",""coordinates"":[106.89502723380247,-6.310664870939639]}"
76_0,1,-6.310664870939639,106.90401038664366,27.52345709367232,"{""geodesic"":false,""type"":""Point"",""coordinates"":[106.90401038664366,-6.310664870939639]}"
77_0,1,-6.310664870939639,106.91299353948486,25.604333576403167,"{""geodesic"":false,""type"":""Point"",""coordinates"":[106.91299353948486,-6.310664870939639]}"
78_0,1,-6.301681718098443,106.77824624686693,30.90823237101237,"{""geodesic"":false,""type"":""Point"",""coordinates"":[106.77824624686693,-6.301681718098443]}"
79_0,1,-6.301681718098443,106.78722939970812,31.87514591217041,"{""geodesic"":false,""type"":""Point"",""coordinates"":[106.78722939970812,-6.301681718098443]}"
80_0,1,-6.301681718098443,106.79621255254932,32.61601638793945,"{""geodesic"":false,""type"":""Point"",""coordinates"":[106.79621255254932,-6.301681718098443]}"
81_0,1,-6.301681718098443,106.80519570539052,31.0624059677124,"{""geodesic"":false,""type"":""Point"",""coordinates"":[106.80519570539052,-6.301681718098443]}"
82_0,1,-6.301681718098443,106.81417885823171,30.049624919891357,"{""geodesic"":false,""type"":""Point"",""coordinates"":[106.81417885823171,-6.301681718098443]}"
83_0,1,-6.301681718098443,106.82316201107291,35.071942922231315,"{""geodesic"":false,""type"":""Point"",""coordinates"":[106.82316201107291,-6.301681718098443]}"
84_0,1,-6.301681718098443,106.83214516391409,29.58814945220947,"{""geodesic"":false,""type"":""Point"",""coordinates"":[106.83214516391409,-6.301681718098443]}"
85_0,1,-6.301681718098443,106.84112831675529,39.15306010999178,"{""geodesic"":false,""type"":""Point"",""coordinates"":[106.84112831675529,-6.301681718098443]}"
86_0,1,-6.301681718098443,106.85011146959648,31.77135385785784,"{""geodesic"":false,""type"":""Point"",""coordinates"":[106.85011146959648,-6.301681718098443]}"
87_0,1,-6.301681718098443,106.85909462243768,39.692172050476074,"{""geodesic"":false,""type"":""Point"",""coordinates"":[106.85909462243768,-6.301681718098443]}"
88_0,1,-6.301681718098443,106.86807777527888,40.650152926974826,"{""geodesic"":false,""type"":""Point"",""coordinates"":[106.86807777527888,-6.301681718098443]}"
89_0,1,-6.301681718098443,106.87706092812007,42.531769296397336,"{""geodesic"":false,""type"":""Point"",""coordinates"":[106.87706092812007,-6.301681718098443]}"
90_0,1,-6.301681718098443,106.88604408096127,67.6383311991789,"{""geodesic"":false,""type"":""Point"",""coordinates"":[106.88604408096127,-6.301681718098443]}"
91_0,1,-6.301681718098443,106.89502723380247,53.23572540283203,"{""geodesic"":false,""type"":""Point"",""coordinates"":[106.89502723380247,-6.301681718098443]}"
92_0,1,-6.301681718098443,106.90401038664366,26.109024047851562,"{""geodesic"":false,""type"":""Point"",""coordinates"":[106.90401038664366,-6.301681718098443]}"
93_0,1,-6.301681718098443,106.91299353948486,24.66515244377984,"{""geodesic"":false,""type"":""Point"",""coordinates"":[106.91299353948486,-6.301681718098443]}"
94_0,1,-6.292698565257249,106.76926309402573,33.40672175089518,"{""geodesic"":false,""type"":""Point"",""coordinates"":[106.76926309402573,-6.292698565257249]}"
95_0,1,-6.292698565257249,106.77824624686693,40.55415015127144,"{""geodesic"":false,""type"":""Point"",""coordinates"":[106.77824624686693,-6.292698565257249]}"
96_0,1,-6.292698565257249,106.78722939970812,49.90498653678007,"{""geodesic"":false,""type"":""Point"",""coordinates"":[106.78722939970812,-6.292698565257249]}"
97_0,1,-6.292698565257249,106.79621255254932,52.30680664725926,"{""geodesic"":false,""type"":""Point"",""coordinates"":[106.79621255254932,-6.292698565257249]}"
98_0,1,-6.292698565257249,106.80519570539052,52.22377689679464,"{""geodesic"":false,""type"":""Point"",""coordinates"":[106.80519570539052,-6.292698565257249]}"
99_0,1,-6.292698565257249,106.81417885823171,42.40183852700626,"{""geodesic"":false,""type"":""Point"",""coordinates"":[106.81417885823171,-6.292698565257249]}"
100_0,1,-6.292698565257249,106.82316201107291,36.50354362487793,"{""geodesic"":false,""type"":""Point"",""coordinates"":[106.82316201107291,-6.292698565257249]}"
101_0,1,-6.292698565257249,106.83214516391409,31.175091619076937,"{""geodesic"":false,""type"":""Point"",""coordinates"":[106.83214516391409,-6.292698565257249]}"
102_0,1,-6.292698565257249,106.84112831675529,31.91410633669061,"{""geodesic"":false,""type"":""Point"",""coordinates"":[106.84112831675529,-6.292698565257249]}"
103_0,1,-6.292698565257249,106.85011146959648,27.78839718211781,"{""geodesic"":false,""type"":""Point"",""coordinates"":[106.85011146959648,-6.292698565257249]}"
104_0,1,-6.292698565257249,106.85909462243768,29.61249368840998,"{""geodesic"":false,""type"":""Point"",""coordinates"":[106.85909462243768,-6.292698565257249]}"
105_0,1,-6.292698565257249,106.86807777527888,36.09895844893022,"{""geodesic"":false,""type"":""Point"",""coordinates"":[106.86807777527888,-6.292698565257249]}"
106_0,1,-6.292698565257249,106.87706092812007,35.888104952298676,"{""geodesic"":false,""type"":""Point"",""coordinates"":[106.87706092812007,-6.292698565257249]}"
107_0,1,-6.292698565257249,106.88604408096127,43.830189309469084,"{""geodesic"":false,""type"":""Point"",""coordinates"":[106.88604408096127,-6.292698565257249]}"
108_0,1,-6.292698565257249,106.89502723380247,30.425072193145752,"{""geodesic"":false,""type"":""Point"",""coordinates"":[106.89502723380247,-6.292698565257249]}"
109_0,1,-6.292698565257249,106.90401038664366,26.580055236816406,"{""geodesic"":false,""type"":""Point"",""coordinates"":[106.90401038664366,-6.292698565257249]}"
110_0,1,-6.283715412416053,106.76027994118454,27.475282351175945,"{""geodesic"":false,""type"":""Point"",""coordinates"":[106.76027994118454,-6.283715412416053]}"
111_0,1,-6.283715412416053,106.76926309402573,43.423146796948984,"{""geodesic"":false,""type"":""Point"",""coordinates"":[106.76926309402573,-6.283715412416053]}"
112_0,1,-6.283715412416053,106.77824624686693,44.31085801124573,"{""geodesic"":false,""type"":""Point"",""coordinates"":[106.77824624686693,-6.283715412416053]}"
113_0,1,-6.283715412416053,106.78722939970812,37.896603139241535,"{""geodesic"":false,""type"":""Point"",""coordinates"":[106.78722939970812,-6.283715412416053]}"
114_0,1,-6.283715412416053,106.79621255254932,40.03310012817383,"{""geodesic"":false,""type"":""Point"",""coordinates"":[106.79621255254932,-6.283715412416053]}"
115_0,1,-6.283715412416053,106.80519570539052,45.77617115877113,"{""geodesic"":false,""type"":""Point"",""coordinates"":[106.80519570539052,-6.283715412416053]}"
116_0,1,-6.283715412416053,106.81417885823171,36.848867416381836,"{""geodesic"":false,""type"":""Point"",""coordinates"":[106.81417885823171,-6.283715412416053]}"
117_0,1,-6.283715412416053,106.82316201107291,33.68846893310547,"{""geodesic"":false,""type"":""Point"",""coordinates"":[106.82316201107291,-6.283715412416053]}"
118_0,1,-6.283715412416053,106.83214516391409,31.640548706054688,"{""geodesic"":false,""type"":""Point"",""coordinates"":[106.83214516391409,-6.283715412416053]}"
119_0,1,-6.283715412416053,106.84112831675529,34.44750738143921,"{""geodesic"":false,""type"":""Point"",""coordinates"":[106.84112831675529,-6.283715412416053]}"
120_0,1,-6.283715412416053,106.85011146959648,29.574777603149414,"{""geodesic"":false,""type"":""Point"",""coordinates"":[106.85011146959648,-6.283715412416053]}"
121_0,1,-6.283715412416053,106.85909462243768,29.87173982100053,"{""geodesic"":false,""type"":""Point"",""coordinates"":[106.85909462243768,-6.283715412416053]}"
122_0,1,-6.283715412416053,106.86807777527888,33.650769914899556,"{""geodesic"":false,""type"":""Point"",""coordinates"":[106.86807777527888,-6.283715412416053]}"
123_0,1,-6.283715412416053,106.87706092812007,32.718234062194824,"{""geodesic"":false,""type"":""Point"",""coordinates"":[106.87706092812007,-6.283715412416053]}"
124_0,1,-6.283715412416053,106.88604408096127,24.040294647216797,"{""geodesic"":false,""type"":""Point"",""coordinates"":[106.88604408096127,-6.283715412416053]}"
125_0,1,-6.283715412416053,106.89502723380247,23.713296478869868,"{""geodesic"":false,""type"":""Point"",""coordinates"":[106.89502723380247,-6.283715412416053]}"
126_0,1,-6.283715412416053,106.90401038664366,29.47442398819269,"{""geodesic"":false,""type"":""Point"",""coordinates"":[106.90401038664366,-6.283715412416053]}"
127_0,1,-6.274732259574858,106.76027994118454,40.66354971346648,"{""geodesic"":false,""type"":""Point"",""coordinates"":[106.76027994118454,-6.274732259574858]}"
128_0,1,-6.274732259574858,106.76926309402573,40.18441778329702,"{""geodesic"":false,""type"":""Point"",""coordinates"":[106.76926309402573,-6.274732259574858]}"
129_0,1,-6.274732259574858,106.77824624686693,38.378231048583984,"{""geodesic"":false,""type"":""Point"",""coordinates"":[106.77824624686693,-6.274732259574858]}"
130_0,1,-6.274732259574858,106.78722939970812,38.05456107003348,"{""geodesic"":false,""type"":""Point"",""coordinates"":[106.78722939970812,-6.274732259574858]}"
131_0,1,-6.274732259574858,106.79621255254932,35.78016217549642,"{""geodesic"":false,""type"":""Point"",""coordinates"":[106.79621255254932,-6.274732259574858]}"
132_0,1,-6.274732259574858,106.80519570539052,36.78147506713867,"{""geodesic"":false,""type"":""Point"",""coordinates"":[106.80519570539052,-6.274732259574858]}"
133_0,1,-6.274732259574858,106.81417885823171,36.524238204956056,"{""geodesic"":false,""type"":""Point"",""coordinates"":[106.81417885823171,-6.274732259574858]}"
134_0,1,-6.274732259574858,106.82316201107291,33.398216247558594,"{""geodesic"":false,""type"":""Point"",""coordinates"":[106.82316201107291,-6.274732259574858]}"
135_0,1,-6.274732259574858,106.83214516391409,33.046390533447266,"{""geodesic"":false,""type"":""Point"",""coordinates"":[106.83214516391409,-6.274732259574858]}"
136_0,1,-6.274732259574858,106.84112831675529,33.162645721435545,"{""geodesic"":false,""type"":""Point"",""coordinates"":[106.84112831675529,-6.274732259574858]}"
137_0,1,-6.274732259574858,106.85011146959648,29.263873863220216,"{""geodesic"":false,""type"":""Point"",""coordinates"":[106.85011146959648,-6.274732259574858]}"
138_0,1,-6.274732259574858,106.85909462243768,41.329115549723305,"{""geodesic"":false,""type"":""Point"",""coordinates"":[106.85909462243768,-6.274732259574858]}"
139_0,1,-6.274732259574858,106.86807777527888,38.89924222160788,"{""geodesic"":false,""type"":""Point"",""coordinates"":[106.86807777527888,-6.274732259574858]}"
140_0,1,-6.274732259574858,106.87706092812007,26.034525394439697,"{""geodesic"":false,""type"":""Point"",""coordinates"":[106.87706092812007,-6.274732259574858]}"
141_0,1,-6.274732259574858,106.88604408096127,22.384876251220703,"{""geodesic"":false,""type"":""Point"",""coordinates"":[106.88604408096127,-6.274732259574858]}"
142_0,1,-6.274732259574858,106.89502723380247,18.622793197631836,"{""geodesic"":false,""type"":""Point"",""coordinates"":[106.89502723380247,-6.274732259574858]}"
143_0,1,-6.274732259574858,106.90401038664366,20.786948204040527,"{""geodesic"":false,""type"":""Point"",""coordinates"":[106.90401038664366,-6.274732259574858]}"
144_0,1,-6.265749106733662,106.75129678834334,31.171079397201538,"{""geodesic"":false,""type"":""Point"",""coordinates"":[106.75129678834334,-6.265749106733662]}"
145_0,1,-6.265749106733662,106.76027994118454,36.11110242207845,"{""geodesic"":false,""type"":""Point"",""coordinates"":[106.76027994118454,-6.265749106733662]}"
146_0,1,-6.265749106733662,106.76926309402573,34.229504108428955,"{""geodesic"":false,""type"":""Point"",""coordinates"":[106.76926309402573,-6.265749106733662]}"
147_0,1,-6.265749106733662,106.77824624686693,47.631526947021484,"{""geodesic"":false,""type"":""Point"",""coordinates"":[106.77824624686693,-6.265749106733662]}"
148_0,1,-6.265749106733662,106.78722939970812,47.169879141308016,"{""geodesic"":false,""type"":""Point"",""coordinates"":[106.78722939970812,-6.265749106733662]}"
149_0,1,-6.265749106733662,106.79621255254932,39.176249980926514,"{""geodesic"":false,""type"":""Point"",""coordinates"":[106.79621255254932,-6.265749106733662]}"
150_0,1,-6.265749106733662,106.80519570539052,39.13712946573893,"{""geodesic"":false,""type"":""Point"",""coordinates"":[106.80519570539052,-6.265749106733662]}"
151_0,1,-6.265749106733662,106.81417885823171,42.685730327259414,"{""geodesic"":false,""type"":""Point"",""coordinates"":[106.81417885823171,-6.265749106733662]}"
152_0,1,-6.265749106733662,106.82316201107291,37.59558264414469,"{""geodesic"":false,""type"":""Point"",""coordinates"":[106.82316201107291,-6.265749106733662]}"
153_0,1,-6.265749106733662,106.83214516391409,36.39337158203125,"{""geodesic"":false,""type"":""Point"",""coordinates"":[106.83214516391409,-6.265749106733662]}"
154_0,1,-6.265749106733662,106.84112831675529,35.033938598632815,"{""geodesic"":false,""type"":""Point"",""coordinates"":[106.84112831675529,-6.265749106733662]}"
155_0,1,-6.265749106733662,106.85011146959648,32.517356872558594,"{""geodesic"":false,""type"":""Point"",""coordinates"":[106.85011146959648,-6.265749106733662]}"
156_0,1,-6.265749106733662,106.85909462243768,39.687430966284964,"{""geodesic"":false,""type"":""Point"",""coordinates"":[106.85909462243768,-6.265749106733662]}"
157_0,1,-6.265749106733662,106.86807777527888,38.68625381027443,"{""geodesic"":false,""type"":""Point"",""coordinates"":[106.86807777527888,-6.265749106733662]}"
158_0,1,-6.265749106733662,106.87706092812007,31.554374186197915,"{""geodesic"":false,""type"":""Point"",""coordinates"":[106.87706092812007,-6.265749106733662]}"
159_0,1,-6.265749106733662,106.88604408096127,30.358288870917427,"{""geodesic"":false,""type"":""Point"",""coordinates"":[106.88604408096127,-6.265749106733662]}"
160_0,1,-6.265749106733662,106.89502723380247,31.561290844066722,"{""geodesic"":false,""type"":""Point"",""coordinates"":[106.89502723380247,-6.265749106733662]}"
161_0,1,-6.265749106733662,106.90401038664366,25.812530517578125,"{""geodesic"":false,""type"":""Point"",""coordinates"":[106.90401038664366,-6.265749106733662]}"
162_0,1,-6.256765953892468,106.76027994118454,33.0963499886649,"{""geodesic"":false,""type"":""Point"",""coordinates"":[106.76027994118454,-6.256765953892468]}"
163_0,1,-6.256765953892468,106.76926309402573,34.57787399291992,"{""geodesic"":false,""type"":""Point"",""coordinates"":[106.76926309402573,-6.256765953892468]}"
164_0,1,-6.256765953892468,106.77824624686693,38.22996215820312,"{""geodesic"":false,""type"":""Point"",""coordinates"":[106.77824624686693,-6.256765953892468]}"
165_0,1,-6.256765953892468,106.78722939970812,38.72026963667436,"{""geodesic"":false,""type"":""Point"",""coordinates"":[106.78722939970812,-6.256765953892468]}"
166_0,1,-6.256765953892468,106.79621255254932,44.3491465250651,"{""geodesic"":false,""type"":""Point"",""coordinates"":[106.79621255254932,-6.256765953892468]}"
167_0,1,-6.256765953892468,106.80519570539052,46.87814585367838,"{""geodesic"":false,""type"":""Point"",""coordinates"":[106.80519570539052,-6.256765953892468]}"
168_0,1,-6.256765953892468,106.81417885823171,45.29505462646485,"{""geodesic"":false,""type"":""Point"",""coordinates"":[106.81417885823171,-6.256765953892468]}"
169_0,1,-6.256765953892468,106.82316201107291,37.93006134033203,"{""geodesic"":false,""type"":""Point"",""coordinates"":[106.82316201107291,-6.256765953892468]}"
170_0,1,-6.256765953892468,106.83214516391409,38.428657913208006,"{""geodesic"":false,""type"":""Point"",""coordinates"":[106.83214516391409,-6.256765953892468]}"
171_0,1,-6.256765953892468,106.84112831675529,36.07588334517045,"{""geodesic"":false,""type"":""Point"",""coordinates"":[106.84112831675529,-6.256765953892468]}"
172_0,1,-6.256765953892468,106.85011146959648,37.64021301269531,"{""geodesic"":false,""type"":""Point"",""coordinates"":[106.85011146959648,-6.256765953892468]}"
173_0,1,-6.256765953892468,106.85909462243768,35.886158999274755,"{""geodesic"":false,""type"":""Point"",""coordinates"":[106.85909462243768,-6.256765953892468]}"
174_0,1,-6.256765953892468,106.86807777527888,40.62402115858995,"{""geodesic"":false,""type"":""Point"",""coordinates"":[106.86807777527888,-6.256765953892468]}"
175_0,1,-6.256765953892468,106.87706092812007,39.398677468299866,"{""geodesic"":false,""type"":""Point"",""coordinates"":[106.87706092812007,-6.256765953892468]}"
176_0,1,-6.256765953892468,106.88604408096127,28.854610092785894,"{""geodesic"":false,""type"":""Point"",""coordinates"":[106.88604408096127,-6.256765953892468]}"
177_0,1,-6.256765953892468,106.89502723380247,29.285676649247094,"{""geodesic"":false,""type"":""Point"",""coordinates"":[106.89502723380247,-6.256765953892468]}"
178_0,1,-6.256765953892468,106.90401038664366,31.92212015268754,"{""geodesic"":false,""type"":""Point"",""coordinates"":[106.90401038664366,-6.256765953892468]}"
179_0,1,-6.256765953892468,106.91299353948486,41.09168936989524,"{""geodesic"":false,""type"":""Point"",""coordinates"":[106.91299353948486,-6.256765953892468]}"
180_0,1,-6.247782801051272,106.75129678834334,31.346565833458534,"{""geodesic"":false,""type"":""Point"",""coordinates"":[106.75129678834334,-6.247782801051272]}"
181_0,1,-6.247782801051272,106.76027994118454,31.877894507514107,"{""geodesic"":false,""type"":""Point"",""coordinates"":[106.76027994118454,-6.247782801051272]}"
182_0,1,-6.247782801051272,106.76926309402573,31.12109375,"{""geodesic"":false,""type"":""Point"",""coordinates"":[106.76926309402573,-6.247782801051272]}"
183_0,1,-6.247782801051272,106.77824624686693,43.07227921485901,"{""geodesic"":false,""type"":""Point"",""coordinates"":[106.77824624686693,-6.247782801051272]}"
184_0,1,-6.247782801051272,106.78722939970812,42.40665626525879,"{""geodesic"":false,""type"":""Point"",""coordinates"":[106.78722939970812,-6.247782801051272]}"
185_0,1,-6.247782801051272,106.79621255254932,51.46467208862305,"{""geodesic"":false,""type"":""Point"",""coordinates"":[106.79621255254932,-6.247782801051272]}"
186_0,1,-6.247782801051272,106.80519570539052,50.85817219660832,"{""geodesic"":false,""type"":""Point"",""coordinates"":[106.80519570539052,-6.247782801051272]}"
187_0,1,-6.247782801051272,106.81417885823171,41.517425537109375,"{""geodesic"":false,""type"":""Point"",""coordinates"":[106.81417885823171,-6.247782801051272]}"
188_0,1,-6.247782801051272,106.82316201107291,40.84001159667969,"{""geodesic"":false,""type"":""Point"",""coordinates"":[106.82316201107291,-6.247782801051272]}"
189_0,1,-6.247782801051272,106.83214516391409,44.41053990619938,"{""geodesic"":false,""type"":""Point"",""coordinates"":[106.83214516391409,-6.247782801051272]}"
190_0,1,-6.247782801051272,106.84112831675529,45.671951509871576,"{""geodesic"":false,""type"":""Point"",""coordinates"":[106.84112831675529,-6.247782801051272]}"
191_0,1,-6.247782801051272,106.85011146959648,45.11688591452206,"{""geodesic"":false,""type"":""Point"",""coordinates"":[106.85011146959648,-6.247782801051272]}"
192_0,1,-6.247782801051272,106.85909462243768,44.31044673919678,"{""geodesic"":false,""type"":""Point"",""coordinates"":[106.85909462243768,-6.247782801051272]}"
193_0,1,-6.247782801051272,106.86807777527888,56.97220265588095,"{""geodesic"":false,""type"":""Point"",""coordinates"":[106.86807777527888,-6.247782801051272]}"
194_0,1,-6.247782801051272,106.87706092812007,50.588398582056946,"{""geodesic"":false,""type"":""Point"",""coordinates"":[106.87706092812007,-6.247782801051272]}"
195_0,1,-6.247782801051272,106.88604408096127,42.589850425720215,"{""geodesic"":false,""type"":""Point"",""coordinates"":[106.88604408096127,-6.247782801051272]}"
196_0,1,-6.247782801051272,106.89502723380247,36.07704428664776,"{""geodesic"":false,""type"":""Point"",""coordinates"":[106.89502723380247,-6.247782801051272]}"
197_0,1,-6.247782801051272,106.90401038664366,38.30853105627972,"{""geodesic"":false,""type"":""Point"",""coordinates"":[106.90401038664366,-6.247782801051272]}"
198_0,1,-6.247782801051272,106.91299353948486,37.21598148345947,"{""geodesic"":false,""type"":""Point"",""coordinates"":[106.91299353948486,-6.247782801051272]}"
199_0,1,-6.247782801051272,106.92197669232606,38.79945731649593,"{""geodesic"":false,""type"":""Point"",""coordinates"":[106.92197669232606,-6.247782801051272]}"
200_0,1,-6.247782801051272,106.93095984516725,38.94552800896462,"{""geodesic"":false,""type"":""Point"",""coordinates"":[106.93095984516725,-6.247782801051272]}"
201_0,1,-6.247782801051272,106.93994299800845,35.16957244873047,"{""geodesic"":false,""type"":""Point"",""coordinates"":[106.93994299800845,-6.247782801051272]}"
202_0,1,-6.238799648210077,106.75129678834334,36.370578624584056,"{""geodesic"":false,""type"":""Point"",""coordinates"":[106.75129678834334,-6.238799648210077]}"
203_0,1,-6.238799648210077,106.76027994118454,34.09976891910328,"{""geodesic"":false,""type"":""Point"",""coordinates"":[106.76027994118454,-6.238799648210077]}"
204_0,1,-6.238799648210077,106.76926309402573,34.4416166305542,"{""geodesic"":false,""type"":""Point"",""coordinates"":[106.76926309402573,-6.238799648210077]}"
205_0,1,-6.238799648210077,106.77824624686693,50.18974121411642,"{""geodesic"":false,""type"":""Point"",""coordinates"":[106.77824624686693,-6.238799648210077]}"
206_0,1,-6.238799648210077,106.78722939970812,45.637834548950195,"{""geodesic"":false,""type"":""Point"",""coordinates"":[106.78722939970812,-6.238799648210077]}"
207_0,1,-6.238799648210077,106.79621255254932,60.222289766584126,"{""geodesic"":false,""type"":""Point"",""coordinates"":[106.79621255254932,-6.238799648210077]}"
208_0,1,-6.238799648210077,106.80519570539052,60.62428023598411,"{""geodesic"":false,""type"":""Point"",""coordinates"":[106.80519570539052,-6.238799648210077]}"
209_0,1,-6.238799648210077,106.81417885823171,55.11564509073893,"{""geodesic"":false,""type"":""Point"",""coordinates"":[106.81417885823171,-6.238799648210077]}"
210_0,1,-6.238799648210077,106.82316201107291,63.802145150991585,"{""geodesic"":false,""type"":""Point"",""coordinates"":[106.82316201107291,-6.238799648210077]}"
211_0,1,-6.238799648210077,106.83214516391409,64.27444429035428,"{""geodesic"":false,""type"":""Point"",""coordinates"":[106.83214516391409,-6.238799648210077]}"
212_0,1,-6.238799648210077,106.84112831675529,51.623641380896935,"{""geodesic"":false,""type"":""Point"",""coordinates"":[106.84112831675529,-6.238799648210077]}"
213_0,1,-6.238799648210077,106.85011146959648,56.313690185546875,"{""geodesic"":false,""type"":""Point"",""coordinates"":[106.85011146959648,-6.238799648210077]}"
214_0,1,-6.238799648210077,106.85909462243768,40.156139055887856,"{""geodesic"":false,""type"":""Point"",""coordinates"":[106.85909462243768,-6.238799648210077]}"
215_0,1,-6.238799648210077,106.86807777527888,42.897518157958984,"{""geodesic"":false,""type"":""Point"",""coordinates"":[106.86807777527888,-6.238799648210077]}"
216_0,1,-6.238799648210077,106.87706092812007,39.67289505004883,"{""geodesic"":false,""type"":""Point"",""coordinates"":[106.87706092812007,-6.238799648210077]}"
217_0,1,-6.238799648210077,106.88604408096127,39.463527134486604,"{""geodesic"":false,""type"":""Point"",""coordinates"":[106.88604408096127,-6.238799648210077]}"
218_0,1,-6.238799648210077,106.89502723380247,39.64700698852539,"{""geodesic"":false,""type"":""Point"",""coordinates"":[106.89502723380247,-6.238799648210077]}"
219_0,1,-6.238799648210077,106.90401038664366,34.557382583618164,"{""geodesic"":false,""type"":""Point"",""coordinates"":[106.90401038664366,-6.238799648210077]}"
220_0,1,-6.238799648210077,106.91299353948486,33.894524574279785,"{""geodesic"":false,""type"":""Point"",""coordinates"":[106.91299353948486,-6.238799648210077]}"
221_0,1,-6.238799648210077,106.92197669232606,36.466774851083755,"{""geodesic"":false,""type"":""Point"",""coordinates"":[106.92197669232606,-6.238799648210077]}"
222_0,1,-6.238799648210077,106.93095984516725,36.43443771362305,"{""geodesic"":false,""type"":""Point"",""coordinates"":[106.93095984516725,-6.238799648210077]}"
223_0,1,-6.238799648210077,106.93994299800845,33.806060791015625,"{""geodesic"":false,""type"":""Point"",""coordinates"":[106.93994299800845,-6.238799648210077]}"
224_0,1,-6.2298164953688815,106.74231363550214,31.641372752639484,"{""geodesic"":false,""type"":""Point"",""coordinates"":[106.74231363550214,-6.2298164953688815]}"
225_0,1,-6.2298164953688815,106.75129678834334,32.65088943481445,"{""geodesic"":false,""type"":""Point"",""coordinates"":[106.75129678834334,-6.2298164953688815]}"
226_0,1,-6.2298164953688815,106.76027994118454,32.34616806927849,"{""geodesic"":false,""type"":""Point"",""coordinates"":[106.76027994118454,-6.2298164953688815]}"
227_0,1,-6.2298164953688815,106.76926309402573,33.05274547230113,"{""geodesic"":false,""type"":""Point"",""coordinates"":[106.76926309402573,-6.2298164953688815]}"
228_0,1,-6.2298164953688815,106.77824624686693,38.853795138272375,"{""geodesic"":false,""type"":""Point"",""coordinates"":[106.77824624686693,-6.2298164953688815]}"
229_0,1,-6.2298164953688815,106.78722939970812,42.84195664349724,"{""geodesic"":false,""type"":""Point"",""coordinates"":[106.78722939970812,-6.2298164953688815]}"
230_0,1,-6.2298164953688815,106.79621255254932,65.63582010472075,"{""geodesic"":false,""type"":""Point"",""coordinates"":[106.79621255254932,-6.2298164953688815]}"
231_0,1,-6.2298164953688815,106.80519570539052,91.25355354187981,"{""geodesic"":false,""type"":""Point"",""coordinates"":[106.80519570539052,-6.2298164953688815]}"
232_0,1,-6.2298164953688815,106.81417885823171,74.42064181241122,"{""geodesic"":false,""type"":""Point"",""coordinates"":[106.81417885823171,-6.2298164953688815]}"
233_0,1,-6.2298164953688815,106.82316201107291,74.54466729085954,"{""geodesic"":false,""type"":""Point"",""coordinates"":[106.82316201107291,-6.2298164953688815]}"
234_0,1,-6.2298164953688815,106.83214516391409,62.21781372756101,"{""geodesic"":false,""type"":""Point"",""coordinates"":[106.83214516391409,-6.2298164953688815]}"
235_0,1,-6.2298164953688815,106.84112831675529,48.161891301472984,"{""geodesic"":false,""type"":""Point"",""coordinates"":[106.84112831675529,-6.2298164953688815]}"
236_0,1,-6.2298164953688815,106.85011146959648,46.37685521443685,"{""geodesic"":false,""type"":""Point"",""coordinates"":[106.85011146959648,-6.2298164953688815]}"
237_0,1,-6.2298164953688815,106.85909462243768,42.69472444974459,"{""geodesic"":false,""type"":""Point"",""coordinates"":[106.85909462243768,-6.2298164953688815]}"
238_0,1,-6.2298164953688815,106.86807777527888,46.11448669433594,"{""geodesic"":false,""type"":""Point"",""coordinates"":[106.86807777527888,-6.2298164953688815]}"
239_0,1,-6.2298164953688815,106.87706092812007,61.78800137837728,"{""geodesic"":false,""type"":""Point"",""coordinates"":[106.87706092812007,-6.2298164953688815]}"
240_0,1,-6.2298164953688815,106.88604408096127,44.69588290943819,"{""geodesic"":false,""type"":""Point"",""coordinates"":[106.88604408096127,-6.2298164953688815]}"
241_0,1,-6.2298164953688815,106.89502723380247,39.15126595130334,"{""geodesic"":false,""type"":""Point"",""coordinates"":[106.89502723380247,-6.2298164953688815]}"
242_0,1,-6.2298164953688815,106.90401038664366,36.58915328979492,"{""geodesic"":false,""type"":""Point"",""coordinates"":[106.90401038664366,-6.2298164953688815]}"
243_0,1,-6.2298164953688815,106.91299353948486,36.36170673370361,"{""geodesic"":false,""type"":""Point"",""coordinates"":[106.91299353948486,-6.2298164953688815]}"
244_0,1,-6.2298164953688815,106.92197669232606,37.30934829711914,"{""geodesic"":false,""type"":""Point"",""coordinates"":[106.92197669232606,-6.2298164953688815]}"
245_0,1,-6.2298164953688815,106.93095984516725,36.60875447591146,"{""geodesic"":false,""type"":""Point"",""coordinates"":[106.93095984516725,-6.2298164953688815]}"
246_0,1,-6.2298164953688815,106.93994299800845,36.40359624226888,"{""geodesic"":false,""type"":""Point"",""coordinates"":[106.93994299800845,-6.2298164953688815]}"
247_0,1,-6.220833342527687,106.72434732981975,30.873918826763447,"{""geodesic"":false,""type"":""Point"",""coordinates"":[106.72434732981975,-6.220833342527687]}"
248_0,1,-6.220833342527687,106.73333048266095,33.95035743713379,"{""geodesic"":false,""type"":""Point"",""coordinates"":[106.73333048266095,-6.220833342527687]}"
249_0,1,-6.220833342527687,106.74231363550214,33.53732833862305,"{""geodesic"":false,""type"":""Point"",""coordinates"":[106.74231363550214,-6.220833342527687]}"
250_0,1,-6.220833342527687,106.75129678834334,34.11938684636896,"{""geodesic"":false,""type"":""Point"",""coordinates"":[106.75129678834334,-6.220833342527687]}"
251_0,1,-6.220833342527687,106.76027994118454,34.57712091718401,"{""geodesic"":false,""type"":""Point"",""coordinates"":[106.76027994118454,-6.220833342527687]}"
252_0,1,-6.220833342527687,106.76926309402573,37.62131042480469,"{""geodesic"":false,""type"":""Point"",""coordinates"":[106.76926309402573,-6.220833342527687]}"
253_0,1,-6.220833342527687,106.77824624686693,41.63643188476563,"{""geodesic"":false,""type"":""Point"",""coordinates"":[106.77824624686693,-6.220833342527687]}"
254_0,1,-6.220833342527687,106.78722939970812,44.09346989222935,"{""geodesic"":false,""type"":""Point"",""coordinates"":[106.78722939970812,-6.220833342527687]}"
255_0,1,-6.220833342527687,106.79621255254932,59.4412407875061,"{""geodesic"":false,""type"":""Point"",""coordinates"":[106.79621255254932,-6.220833342527687]}"
256_0,1,-6.220833342527687,106.80519570539052,82.52760948933346,"{""geodesic"":false,""type"":""Point"",""coordinates"":[106.80519570539052,-6.220833342527687]}"
257_0,1,-6.220833342527687,106.81417885823171,90.1471939086914,"{""geodesic"":false,""type"":""Point"",""coordinates"":[106.81417885823171,-6.220833342527687]}"
258_0,1,-6.220833342527687,106.82316201107291,73.05941914988088,"{""geodesic"":false,""type"":""Point"",""coordinates"":[106.82316201107291,-6.220833342527687]}"
259_0,1,-6.220833342527687,106.83214516391409,63.315270529852974,"{""geodesic"":false,""type"":""Point"",""coordinates"":[106.83214516391409,-6.220833342527687]}"
260_0,1,-6.220833342527687,106.84112831675529,54.23179340362549,"{""geodesic"":false,""type"":""Point"",""coordinates"":[106.84112831675529,-6.220833342527687]}"
261_0,1,-6.220833342527687,106.85011146959648,47.3492808871799,"{""geodesic"":false,""type"":""Point"",""coordinates"":[106.85011146959648,-6.220833342527687]}"
262_0,1,-6.220833342527687,106.85909462243768,47.536417587943696,"{""geodesic"":false,""type"":""Point"",""coordinates"":[106.85909462243768,-6.220833342527687]}"
263_0,1,-6.220833342527687,106.86807777527888,49.105969746907554,"{""geodesic"":false,""type"":""Point"",""coordinates"":[106.86807777527888,-6.220833342527687]}"
264_0,1,-6.220833342527687,106.87706092812007,66.56980514526367,"{""geodesic"":false,""type"":""Point"",""coordinates"":[106.87706092812007,-6.220833342527687]}"
265_0,1,-6.220833342527687,106.88604408096127,79.35392196090133,"{""geodesic"":false,""type"":""Point"",""coordinates"":[106.88604408096127,-6.220833342527687]}"
266_0,1,-6.220833342527687,106.89502723380247,37.91797474452427,"{""geodesic"":false,""type"":""Point"",""coordinates"":[106.89502723380247,-6.220833342527687]}"
267_0,1,-6.220833342527687,106.90401038664366,36.816049575805664,"{""geodesic"":false,""type"":""Point"",""coordinates"":[106.90401038664366,-6.220833342527687]}"
268_0,1,-6.220833342527687,106.91299353948486,37.587771551949636,"{""geodesic"":false,""type"":""Point"",""coordinates"":[106.91299353948486,-6.220833342527687]}"
269_0,1,-6.220833342527687,106.92197669232606,40.58177531849254,"{""geodesic"":false,""type"":""Point"",""coordinates"":[106.92197669232606,-6.220833342527687]}"
270_0,1,-6.220833342527687,106.93095984516725,40.21305592854818,"{""geodesic"":false,""type"":""Point"",""coordinates"":[106.93095984516725,-6.220833342527687]}"
271_0,1,-6.220833342527687,106.93994299800845,43.35789489746094,"{""geodesic"":false,""type"":""Point"",""coordinates"":[106.93994299800845,-6.220833342527687]}"
272_0,1,-6.220833342527687,106.94892615084963,40.58979034423828,"{""geodesic"":false,""type"":""Point"",""coordinates"":[106.94892615084963,-6.220833342527687]}"
273_0,1,-6.2118501896864915,106.72434732981975,30.084571838378906,"{""geodesic"":false,""type"":""Point"",""coordinates"":[106.72434732981975,-6.2118501896864915]}"
274_0,1,-6.2118501896864915,106.73333048266095,34.941857147216794,"{""geodesic"":false,""type"":""Point"",""coordinates"":[106.73333048266095,-6.2118501896864915]}"
275_0,1,-6.2118501896864915,106.74231363550214,31.635507382844622,"{""geodesic"":false,""type"":""Point"",""coordinates"":[106.74231363550214,-6.2118501896864915]}"
276_0,1,-6.2118501896864915,106.75129678834334,34.59426498413086,"{""geodesic"":false,""type"":""Point"",""coordinates"":[106.75129678834334,-6.2118501896864915]}"
277_0,1,-6.2118501896864915,106.76027994118454,35.24239518907335,"{""geodesic"":false,""type"":""Point"",""coordinates"":[106.76027994118454,-6.2118501896864915]}"
278_0,1,-6.2118501896864915,106.76926309402573,42.485477905273434,"{""geodesic"":false,""type"":""Point"",""coordinates"":[106.76926309402573,-6.2118501896864915]}"
279_0,1,-6.2118501896864915,106.77824624686693,43.33739536213425,"{""geodesic"":false,""type"":""Point"",""coordinates"":[106.77824624686693,-6.2118501896864915]}"
280_0,1,-6.2118501896864915,106.78722939970812,42.681481170654294,"{""geodesic"":false,""type"":""Point"",""coordinates"":[106.78722939970812,-6.2118501896864915]}"
281_0,1,-6.2118501896864915,106.79621255254932,69.45922055451766,"{""geodesic"":false,""type"":""Point"",""coordinates"":[106.79621255254932,-6.2118501896864915]}"
282_0,1,-6.2118501896864915,106.80519570539052,72.23353220204838,"{""geodesic"":false,""type"":""Point"",""coordinates"":[106.80519570539052,-6.2118501896864915]}"
283_0,1,-6.2118501896864915,106.81417885823171,64.62212415011425,"{""geodesic"":false,""type"":""Point"",""coordinates"":[106.81417885823171,-6.2118501896864915]}"
284_0,1,-6.2118501896864915,106.82316201107291,73.81494674682617,"{""geodesic"":false,""type"":""Point"",""coordinates"":[106.82316201107291,-6.2118501896864915]}"
285_0,1,-6.2118501896864915,106.83214516391409,53.825782775878906,"{""geodesic"":false,""type"":""Point"",""coordinates"":[106.83214516391409,-6.2118501896864915]}"
286_0,1,-6.2118501896864915,106.84112831675529,44.1041987101237,"{""geodesic"":false,""type"":""Point"",""coordinates"":[106.84112831675529,-6.2118501896864915]}"
287_0,1,-6.2118501896864915,106.85011146959648,41.57945156097412,"{""geodesic"":false,""type"":""Point"",""coordinates"":[106.85011146959648,-6.2118501896864915]}"
288_0,1,-6.2118501896864915,106.85909462243768,45.653788346510666,"{""geodesic"":false,""type"":""Point"",""coordinates"":[106.85909462243768,-6.2118501896864915]}"
289_0,1,-6.2118501896864915,106.86807777527888,45.558345317840576,"{""geodesic"":false,""type"":""Point"",""coordinates"":[106.86807777527888,-6.2118501896864915]}"
290_0,1,-6.2118501896864915,106.87706092812007,46.25218137105306,"{""geodesic"":false,""type"":""Point"",""coordinates"":[106.87706092812007,-6.2118501896864915]}"
291_0,1,-6.2118501896864915,106.88604408096127,44.08261585235596,"{""geodesic"":false,""type"":""Point"",""coordinates"":[106.88604408096127,-6.2118501896864915]}"
292_0,1,-6.2118501896864915,106.89502723380247,41.3620670636495,"{""geodesic"":false,""type"":""Point"",""coordinates"":[106.89502723380247,-6.2118501896864915]}"
293_0,1,-6.2118501896864915,106.90401038664366,41.71402562807684,"{""geodesic"":false,""type"":""Point"",""coordinates"":[106.90401038664366,-6.2118501896864915]}"
294_0,1,-6.2118501896864915,106.91299353948486,40.51412257742375,"{""geodesic"":false,""type"":""Point"",""coordinates"":[106.91299353948486,-6.2118501896864915]}"
295_0,1,-6.2118501896864915,106.92197669232606,37.57397514625832,"{""geodesic"":false,""type"":""Point"",""coordinates"":[106.92197669232606,-6.2118501896864915]}"
296_0,1,-6.2118501896864915,106.93095984516725,40.635705427689985,"{""geodesic"":false,""type"":""Point"",""coordinates"":[106.93095984516725,-6.2118501896864915]}"
297_0,1,-6.2118501896864915,106.93994299800845,38.82799175329376,"{""geodesic"":false,""type"":""Point"",""coordinates"":[106.93994299800845,-6.2118501896864915]}"
298_0,1,-6.2118501896864915,106.94892615084963,43.470844427744545,"{""geodesic"":false,""type"":""Point"",""coordinates"":[106.94892615084963,-6.2118501896864915]}"
299_0,1,-6.2118501896864915,106.95790930369083,39.57500784737723,"{""geodesic"":false,""type"":""Point"",""coordinates"":[106.95790930369083,-6.2118501896864915]}"
300_0,1,-6.202867036845296,106.72434732981975,33.64438802545721,"{""geodesic"":false,""type"":""Point"",""coordinates"":[106.72434732981975,-6.202867036845296]}"
301_0,1,-6.202867036845296,106.73333048266095,36.04516792297363,"{""geodesic"":false,""type"":""Point"",""coordinates"":[106.73333048266095,-6.202867036845296]}"
302_0,1,-6.202867036845296,106.74231363550214,39.311262948172434,"{""geodesic"":false,""type"":""Point"",""coordinates"":[106.74231363550214,-6.202867036845296]}"
303_0,1,-6.202867036845296,106.75129678834334,45.29990768432617,"{""geodesic"":false,""type"":""Point"",""coordinates"":[106.75129678834334,-6.202867036845296]}"
304_0,1,-6.202867036845296,106.76027994118454,43.785343170166016,"{""geodesic"":false,""type"":""Point"",""coordinates"":[106.76027994118454,-6.202867036845296]}"
305_0,1,-6.202867036845296,106.76926309402573,41.43260955810547,"{""geodesic"":false,""type"":""Point"",""coordinates"":[106.76926309402573,-6.202867036845296]}"
306_0,1,-6.202867036845296,106.77824624686693,40.673759036593964,"{""geodesic"":false,""type"":""Point"",""coordinates"":[106.77824624686693,-6.202867036845296]}"
307_0,1,-6.202867036845296,106.78722939970812,43.815621566772464,"{""geodesic"":false,""type"":""Point"",""coordinates"":[106.78722939970812,-6.202867036845296]}"
308_0,1,-6.202867036845296,106.79621255254932,56.11922970152738,"{""geodesic"":false,""type"":""Point"",""coordinates"":[106.79621255254932,-6.202867036845296]}"
309_0,1,-6.202867036845296,106.80519570539052,60.66478863884421,"{""geodesic"":false,""type"":""Point"",""coordinates"":[106.80519570539052,-6.202867036845296]}"
310_0,1,-6.202867036845296,106.81417885823171,56.88460559844971,"{""geodesic"":false,""type"":""Point"",""coordinates"":[106.81417885823171,-6.202867036845296]}"
311_0,1,-6.202867036845296,106.82316201107291,80.7517330463116,"{""geodesic"":false,""type"":""Point"",""coordinates"":[106.82316201107291,-6.202867036845296]}"
312_0,1,-6.202867036845296,106.83214516391409,60.85428837367466,"{""geodesic"":false,""type"":""Point"",""coordinates"":[106.83214516391409,-6.202867036845296]}"
313_0,1,-6.202867036845296,106.84112831675529,50.09691758589311,"{""geodesic"":false,""type"":""Point"",""coordinates"":[106.84112831675529,-6.202867036845296]}"
314_0,1,-6.202867036845296,106.85011146959648,51.06756820678711,"{""geodesic"":false,""type"":""Point"",""coordinates"":[106.85011146959648,-6.202867036845296]}"
315_0,1,-6.202867036845296,106.85909462243768,42.04821090698242,"{""geodesic"":false,""type"":""Point"",""coordinates"":[106.85909462243768,-6.202867036845296]}"
316_0,1,-6.202867036845296,106.86807777527888,41.12248077392578,"{""geodesic"":false,""type"":""Point"",""coordinates"":[106.86807777527888,-6.202867036845296]}"
317_0,1,-6.202867036845296,106.87706092812007,40.60167407989502,"{""geodesic"":false,""type"":""Point"",""coordinates"":[106.87706092812007,-6.202867036845296]}"
318_0,1,-6.202867036845296,106.88604408096127,41.836414924034706,"{""geodesic"":false,""type"":""Point"",""coordinates"":[106.88604408096127,-6.202867036845296]}"
319_0,1,-6.202867036845296,106.89502723380247,38.192040337456596,"{""geodesic"":false,""type"":""Point"",""coordinates"":[106.89502723380247,-6.202867036845296]}"
320_0,1,-6.202867036845296,106.90401038664366,35.77440367073849,"{""geodesic"":false,""type"":""Point"",""coordinates"":[106.90401038664366,-6.202867036845296]}"
321_0,1,-6.202867036845296,106.91299353948486,36.14507532755534,"{""geodesic"":false,""type"":""Point"",""coordinates"":[106.91299353948486,-6.202867036845296]}"
322_0,1,-6.202867036845296,106.92197669232606,37.212257385253906,"{""geodesic"":false,""type"":""Point"",""coordinates"":[106.92197669232606,-6.202867036845296]}"
323_0,1,-6.202867036845296,106.93095984516725,39.81626138687134,"{""geodesic"":false,""type"":""Point"",""coordinates"":[106.93095984516725,-6.202867036845296]}"
324_0,1,-6.202867036845296,106.93994299800845,88.9074712117513,"{""geodesic"":false,""type"":""Point"",""coordinates"":[106.93994299800845,-6.202867036845296]}"
325_0,1,-6.202867036845296,106.94892615084963,88.26687359809875,"{""geodesic"":false,""type"":""Point"",""coordinates"":[106.94892615084963,-6.202867036845296]}"
326_0,1,-6.202867036845296,106.95790930369083,37.78423522949219,"{""geodesic"":false,""type"":""Point"",""coordinates"":[106.95790930369083,-6.202867036845296]}"
327_0,1,-6.193883884004101,106.72434732981975,43.86819721090382,"{""geodesic"":false,""type"":""Point"",""coordinates"":[106.72434732981975,-6.193883884004101]}"
328_0,1,-6.193883884004101,106.73333048266095,44.878257036209106,"{""geodesic"":false,""type"":""Point"",""coordinates"":[106.73333048266095,-6.193883884004101]}"
329_0,1,-6.193883884004101,106.74231363550214,44.94178009033203,"{""geodesic"":false,""type"":""Point"",""coordinates"":[106.74231363550214,-6.193883884004101]}"
330_0,1,-6.193883884004101,106.75129678834334,54.827935791015626,"{""geodesic"":false,""type"":""Point"",""coordinates"":[106.75129678834334,-6.193883884004101]}"
331_0,1,-6.193883884004101,106.76027994118454,66.50277528308686,"{""geodesic"":false,""type"":""Point"",""coordinates"":[106.76027994118454,-6.193883884004101]}"
332_0,1,-6.193883884004101,106.76926309402573,44.95723516290838,"{""geodesic"":false,""type"":""Point"",""coordinates"":[106.76926309402573,-6.193883884004101]}"
333_0,1,-6.193883884004101,106.77824624686693,40.42860488891601,"{""geodesic"":false,""type"":""Point"",""coordinates"":[106.77824624686693,-6.193883884004101]}"
334_0,1,-6.193883884004101,106.78722939970812,43.0781286239624,"{""geodesic"":false,""type"":""Point"",""coordinates"":[106.78722939970812,-6.193883884004101]}"
335_0,1,-6.193883884004101,106.79621255254932,51.09683532714844,"{""geodesic"":false,""type"":""Point"",""coordinates"":[106.79621255254932,-6.193883884004101]}"
336_0,1,-6.193883884004101,106.80519570539052,49.87612009048462,"{""geodesic"":false,""type"":""Point"",""coordinates"":[106.80519570539052,-6.193883884004101]}"
337_0,1,-6.193883884004101,106.81417885823171,56.80573519854478,"{""geodesic"":false,""type"":""Point"",""coordinates"":[106.81417885823171,-6.193883884004101]}"
338_0,1,-6.193883884004101,106.82316201107291,84.93565461129853,"{""geodesic"":false,""type"":""Point"",""coordinates"":[106.82316201107291,-6.193883884004101]}"
339_0,1,-6.193883884004101,106.83214516391409,62.285676683698384,"{""geodesic"":false,""type"":""Point"",""coordinates"":[106.83214516391409,-6.193883884004101]}"
340_0,1,-6.193883884004101,106.84112831675529,59.48515319824219,"{""geodesic"":false,""type"":""Point"",""coordinates"":[106.84112831675529,-6.193883884004101]}"
341_0,1,-6.193883884004101,106.85011146959648,54.10686280992296,"{""geodesic"":false,""type"":""Point"",""coordinates"":[106.85011146959648,-6.193883884004101]}"
342_0,1,-6.193883884004101,106.85909462243768,46.87721398671468,"{""geodesic"":false,""type"":""Point"",""coordinates"":[106.85909462243768,-6.193883884004101]}"
343_0,1,-6.193883884004101,106.86807777527888,51.575086306219234,"{""geodesic"":false,""type"":""Point"",""coordinates"":[106.86807777527888,-6.193883884004101]}"
344_0,1,-6.193883884004101,106.87706092812007,48.84797477722168,"{""geodesic"":false,""type"":""Point"",""coordinates"":[106.87706092812007,-6.193883884004101]}"
345_0,1,-6.193883884004101,106.88604408096127,59.13351821899414,"{""geodesic"":false,""type"":""Point"",""coordinates"":[106.88604408096127,-6.193883884004101]}"
346_0,1,-6.193883884004101,106.89502723380247,44.08422088623047,"{""geodesic"":false,""type"":""Point"",""coordinates"":[106.89502723380247,-6.193883884004101]}"
347_0,1,-6.193883884004101,106.90401038664366,39.081138398912216,"{""geodesic"":false,""type"":""Point"",""coordinates"":[106.90401038664366,-6.193883884004101]}"
348_0,1,-6.193883884004101,106.91299353948486,37.89033239028033,"{""geodesic"":false,""type"":""Point"",""coordinates"":[106.91299353948486,-6.193883884004101]}"
349_0,1,-6.193883884004101,106.92197669232606,36.10676114064343,"{""geodesic"":false,""type"":""Point"",""coordinates"":[106.92197669232606,-6.193883884004101]}"
350_0,1,-6.193883884004101,106.93095984516725,38.29491424560547,"{""geodesic"":false,""type"":""Point"",""coordinates"":[106.93095984516725,-6.193883884004101]}"
351_0,1,-6.193883884004101,106.93994299800845,35.69672748020717,"{""geodesic"":false,""type"":""Point"",""coordinates"":[106.93994299800845,-6.193883884004101]}"
352_0,1,-6.193883884004101,106.94892615084963,37.01472442004145,"{""geodesic"":false,""type"":""Point"",""coordinates"":[106.94892615084963,-6.193883884004101]}"
353_0,1,-6.193883884004101,106.95790930369083,38.25847496032715,"{""geodesic"":false,""type"":""Point"",""coordinates"":[106.95790930369083,-6.193883884004101]}"
354_0,1,-6.193883884004101,106.96689245653202,44.702386932373045,"{""geodesic"":false,""type"":""Point"",""coordinates"":[106.96689245653202,-6.193883884004101]}"
355_0,1,-6.184900731162906,106.71536417697857,41.198093795776366,"{""geodesic"":false,""type"":""Point"",""coordinates"":[106.71536417697857,-6.184900731162906]}"
356_0,1,-6.184900731162906,106.72434732981975,36.86199351719448,"{""geodesic"":false,""type"":""Point"",""coordinates"":[106.72434732981975,-6.184900731162906]}"
357_0,1,-6.184900731162906,106.73333048266095,46.03449408213297,"{""geodesic"":false,""type"":""Point"",""coordinates"":[106.73333048266095,-6.184900731162906]}"
358_0,1,-6.184900731162906,106.74231363550214,45.088924407958984,"{""geodesic"":false,""type"":""Point"",""coordinates"":[106.74231363550214,-6.184900731162906]}"
359_0,1,-6.184900731162906,106.75129678834334,44.919525146484375,"{""geodesic"":false,""type"":""Point"",""coordinates"":[106.75129678834334,-6.184900731162906]}"
360_0,1,-6.184900731162906,106.76027994118454,50.17219400405884,"{""geodesic"":false,""type"":""Point"",""coordinates"":[106.76027994118454,-6.184900731162906]}"
361_0,1,-6.184900731162906,106.76926309402573,46.55585628085666,"{""geodesic"":false,""type"":""Point"",""coordinates"":[106.76926309402573,-6.184900731162906]}"
362_0,1,-6.184900731162906,106.77824624686693,45.65572547912598,"{""geodesic"":false,""type"":""Point"",""coordinates"":[106.77824624686693,-6.184900731162906]}"
363_0,1,-6.184900731162906,106.78722939970812,49.20511722564697,"{""geodesic"":false,""type"":""Point"",""coordinates"":[106.78722939970812,-6.184900731162906]}"
364_0,1,-6.184900731162906,106.79621255254932,64.23939609527588,"{""geodesic"":false,""type"":""Point"",""coordinates"":[106.79621255254932,-6.184900731162906]}"
365_0,1,-6.184900731162906,106.80519570539052,50.98341131210327,"{""geodesic"":false,""type"":""Point"",""coordinates"":[106.80519570539052,-6.184900731162906]}"
366_0,1,-6.184900731162906,106.81417885823171,58.93352411148396,"{""geodesic"":false,""type"":""Point"",""coordinates"":[106.81417885823171,-6.184900731162906]}"
367_0,1,-6.184900731162906,106.82316201107291,81.55406409815738,"{""geodesic"":false,""type"":""Point"",""coordinates"":[106.82316201107291,-6.184900731162906]}"
368_0,1,-6.184900731162906,106.83214516391409,98.36508396693638,"{""geodesic"":false,""type"":""Point"",""coordinates"":[106.83214516391409,-6.184900731162906]}"
369_0,1,-6.184900731162906,106.84112831675529,69.38201879947744,"{""geodesic"":false,""type"":""Point"",""coordinates"":[106.84112831675529,-6.184900731162906]}"
370_0,1,-6.184900731162906,106.85011146959648,47.44470634460449,"{""geodesic"":false,""type"":""Point"",""coordinates"":[106.85011146959648,-6.184900731162906]}"
371_0,1,-6.184900731162906,106.85909462243768,45.83245476523599,"{""geodesic"":false,""type"":""Point"",""coordinates"":[106.85909462243768,-6.184900731162906]}"
372_0,1,-6.184900731162906,106.86807777527888,49.583661178062705,"{""geodesic"":false,""type"":""Point"",""coordinates"":[106.86807777527888,-6.184900731162906]}"
373_0,1,-6.184900731162906,106.87706092812007,45.60833532159979,"{""geodesic"":false,""type"":""Point"",""coordinates"":[106.87706092812007,-6.184900731162906]}"
374_0,1,-6.184900731162906,106.88604408096127,41.14262008666992,"{""geodesic"":false,""type"":""Point"",""coordinates"":[106.88604408096127,-6.184900731162906]}"
375_0,1,-6.184900731162906,106.89502723380247,40.141869735717776,"{""geodesic"":false,""type"":""Point"",""coordinates"":[106.89502723380247,-6.184900731162906]}"
376_0,1,-6.184900731162906,106.90401038664366,42.60427522659302,"{""geodesic"":false,""type"":""Point"",""coordinates"":[106.90401038664366,-6.184900731162906]}"
377_0,1,-6.184900731162906,106.91299353948486,47.464707374572754,"{""geodesic"":false,""type"":""Point"",""coordinates"":[106.91299353948486,-6.184900731162906]}"
378_0,1,-6.184900731162906,106.92197669232606,48.27760314941406,"{""geodesic"":false,""type"":""Point"",""coordinates"":[106.92197669232606,-6.184900731162906]}"
379_0,1,-6.184900731162906,106.93095984516725,41.95264728959784,"{""geodesic"":false,""type"":""Point"",""coordinates"":[106.93095984516725,-6.184900731162906]}"
380_0,1,-6.184900731162906,106.93994299800845,42.3030364457951,"{""geodesic"":false,""type"":""Point"",""coordinates"":[106.93994299800845,-6.184900731162906]}"
381_0,1,-6.184900731162906,106.94892615084963,39.530612783229095,"{""geodesic"":false,""type"":""Point"",""coordinates"":[106.94892615084963,-6.184900731162906]}"
382_0,1,-6.184900731162906,106.95790930369083,39.25564376167629,"{""geodesic"":false,""type"":""Point"",""coordinates"":[106.95790930369083,-6.184900731162906]}"
383_0,1,-6.184900731162906,106.96689245653202,41.6507218170166,"{""geodesic"":false,""type"":""Point"",""coordinates"":[106.96689245653202,-6.184900731162906]}"
384_0,1,-6.175917578321711,106.69739787129618,36.33118193490164,"{""geodesic"":false,""type"":""Point"",""coordinates"":[106.69739787129618,-6.175917578321711]}"
385_0,1,-6.175917578321711,106.70638102413737,42.28738423756191,"{""geodesic"":false,""type"":""Point"",""coordinates"":[106.70638102413737,-6.175917578321711]}"
386_0,1,-6.175917578321711,106.71536417697857,42.44975280761719,"{""geodesic"":false,""type"":""Point"",""coordinates"":[106.71536417697857,-6.175917578321711]}"
387_0,1,-6.175917578321711,106.72434732981975,37.28830909729004,"{""geodesic"":false,""type"":""Point"",""coordinates"":[106.72434732981975,-6.175917578321711]}"
388_0,1,-6.175917578321711,106.73333048266095,40.65797567367554,"{""geodesic"":false,""type"":""Point"",""coordinates"":[106.73333048266095,-6.175917578321711]}"
389_0,1,-6.175917578321711,106.74231363550214,43.3596305847168,"{""geodesic"":false,""type"":""Point"",""coordinates"":[106.74231363550214,-6.175917578321711]}"
390_0,1,-6.175917578321711,106.75129678834334,45.307891845703125,"{""geodesic"":false,""type"":""Point"",""coordinates"":[106.75129678834334,-6.175917578321711]}"
391_0,1,-6.175917578321711,106.76027994118454,45.60269069671631,"{""geodesic"":false,""type"":""Point"",""coordinates"":[106.76027994118454,-6.175917578321711]}"
392_0,1,-6.175917578321711,106.76926309402573,46.83154106140137,"{""geodesic"":false,""type"":""Point"",""coordinates"":[106.76926309402573,-6.175917578321711]}"
393_0,1,-6.175917578321711,106.77824624686693,47.825538928692154,"{""geodesic"":false,""type"":""Point"",""coordinates"":[106.77824624686693,-6.175917578321711]}"
394_0,1,-6.175917578321711,106.78722939970812,56.60734589894613,"{""geodesic"":false,""type"":""Point"",""coordinates"":[106.78722939970812,-6.175917578321711]}"
395_0,1,-6.175917578321711,106.79621255254932,58.158763320357714,"{""geodesic"":false,""type"":""Point"",""coordinates"":[106.79621255254932,-6.175917578321711]}"
396_0,1,-6.175917578321711,106.80519570539052,50.063898606733844,"{""geodesic"":false,""type"":""Point"",""coordinates"":[106.80519570539052,-6.175917578321711]}"
397_0,1,-6.175917578321711,106.81417885823171,60.31013700697157,"{""geodesic"":false,""type"":""Point"",""coordinates"":[106.81417885823171,-6.175917578321711]}"
398_0,1,-6.175917578321711,106.82316201107291,104.7273675641443,"{""geodesic"":false,""type"":""Point"",""coordinates"":[106.82316201107291,-6.175917578321711]}"
399_0,1,-6.175917578321711,106.83214516391409,110.16536085572962,"{""geodesic"":false,""type"":""Point"",""coordinates"":[106.83214516391409,-6.175917578321711]}"
400_0,1,-6.175917578321711,106.84112831675529,75.3077382405599,"{""geodesic"":false,""type"":""Point"",""coordinates"":[106.84112831675529,-6.175917578321711]}"
401_0,1,-6.175917578321711,106.85011146959648,48.14660208565848,"{""geodesic"":false,""type"":""Point"",""coordinates"":[106.85011146959648,-6.175917578321711]}"
402_0,1,-6.175917578321711,106.85909462243768,47.36890342018821,"{""geodesic"":false,""type"":""Point"",""coordinates"":[106.85909462243768,-6.175917578321711]}"
403_0,1,-6.175917578321711,106.86807777527888,44.1349851257947,"{""geodesic"":false,""type"":""Point"",""coordinates"":[106.86807777527888,-6.175917578321711]}"
404_0,1,-6.175917578321711,106.87706092812007,43.866531516021155,"{""geodesic"":false,""type"":""Point"",""coordinates"":[106.87706092812007,-6.175917578321711]}"
405_0,1,-6.175917578321711,106.88604408096127,43.3326301574707,"{""geodesic"":false,""type"":""Point"",""coordinates"":[106.88604408096127,-6.175917578321711]}"
406_0,1,-6.175917578321711,106.89502723380247,43.65840217394707,"{""geodesic"":false,""type"":""Point"",""coordinates"":[106.89502723380247,-6.175917578321711]}"
407_0,1,-6.175917578321711,106.90401038664366,41.589902128492085,"{""geodesic"":false,""type"":""Point"",""coordinates"":[106.90401038664366,-6.175917578321711]}"
408_0,1,-6.175917578321711,106.91299353948486,46.55388923540507,"{""geodesic"":false,""type"":""Point"",""coordinates"":[106.91299353948486,-6.175917578321711]}"
409_0,1,-6.175917578321711,106.92197669232606,49.05061641492342,"{""geodesic"":false,""type"":""Point"",""coordinates"":[106.92197669232606,-6.175917578321711]}"
410_0,1,-6.175917578321711,106.93095984516725,41.5488237323183,"{""geodesic"":false,""type"":""Point"",""coordinates"":[106.93095984516725,-6.175917578321711]}"
411_0,1,-6.175917578321711,106.93994299800845,43.76097106933594,"{""geodesic"":false,""type"":""Point"",""coordinates"":[106.93994299800845,-6.175917578321711]}"
412_0,1,-6.175917578321711,106.94892615084963,40.286670373410594,"{""geodesic"":false,""type"":""Point"",""coordinates"":[106.94892615084963,-6.175917578321711]}"
413_0,1,-6.175917578321711,106.95790930369083,46.06838928569447,"{""geodesic"":false,""type"":""Point"",""coordinates"":[106.95790930369083,-6.175917578321711]}"
414_0,1,-6.175917578321711,106.96689245653202,41.58555353904257,"{""geodesic"":false,""type"":""Point"",""coordinates"":[106.96689245653202,-6.175917578321711]}"
415_0,1,-6.166934425480515,106.69739787129618,36.412902287074495,"{""geodesic"":false,""type"":""Point"",""coordinates"":[106.69739787129618,-6.166934425480515]}"
416_0,1,-6.166934425480515,106.70638102413737,40.11053153446743,"{""geodesic"":false,""type"":""Point"",""coordinates"":[106.70638102413737,-6.166934425480515]}"
417_0,1,-6.166934425480515,106.71536417697857,38.57204895019531,"{""geodesic"":false,""type"":""Point"",""coordinates"":[106.71536417697857,-6.166934425480515]}"
418_0,1,-6.166934425480515,106.72434732981975,39.22907066345215,"{""geodesic"":false,""type"":""Point"",""coordinates"":[106.72434732981975,-6.166934425480515]}"
419_0,1,-6.166934425480515,106.73333048266095,48.14962380619372,"{""geodesic"":false,""type"":""Point"",""coordinates"":[106.73333048266095,-6.166934425480515]}"
420_0,1,-6.166934425480515,106.74231363550214,42.11869812011719,"{""geodesic"":false,""type"":""Point"",""coordinates"":[106.74231363550214,-6.166934425480515]}"
421_0,1,-6.166934425480515,106.75129678834334,48.81065368652344,"{""geodesic"":false,""type"":""Point"",""coordinates"":[106.75129678834334,-6.166934425480515]}"
422_0,1,-6.166934425480515,106.76027994118454,52.87494931902204,"{""geodesic"":false,""type"":""Point"",""coordinates"":[106.76027994118454,-6.166934425480515]}"
423_0,1,-6.166934425480515,106.76926309402573,50.41327579204853,"{""geodesic"":false,""type"":""Point"",""coordinates"":[106.76926309402573,-6.166934425480515]}"
424_0,1,-6.166934425480515,106.77824624686693,51.40018217904227,"{""geodesic"":false,""type"":""Point"",""coordinates"":[106.77824624686693,-6.166934425480515]}"
425_0,1,-6.166934425480515,106.78722939970812,60.303540547688804,"{""geodesic"":false,""type"":""Point"",""coordinates"":[106.78722939970812,-6.166934425480515]}"
426_0,1,-6.166934425480515,106.79621255254932,54.994895935058594,"{""geodesic"":false,""type"":""Point"",""coordinates"":[106.79621255254932,-6.166934425480515]}"
427_0,1,-6.166934425480515,106.80519570539052,49.88503993641246,"{""geodesic"":false,""type"":""Point"",""coordinates"":[106.80519570539052,-6.166934425480515]}"
428_0,1,-6.166934425480515,106.81417885823171,56.56619834899902,"{""geodesic"":false,""type"":""Point"",""coordinates"":[106.81417885823171,-6.166934425480515]}"
429_0,1,-6.166934425480515,106.82316201107291,90.29688503867702,"{""geodesic"":false,""type"":""Point"",""coordinates"":[106.82316201107291,-6.166934425480515]}"
430_0,1,-6.166934425480515,106.83214516391409,103.34555147771965,"{""geodesic"":false,""type"":""Point"",""coordinates"":[106.83214516391409,-6.166934425480515]}"
431_0,1,-6.166934425480515,106.84112831675529,74.51228911788375,"{""geodesic"":false,""type"":""Point"",""coordinates"":[106.84112831675529,-6.166934425480515]}"
432_0,1,-6.166934425480515,106.85011146959648,48.9100339716131,"{""geodesic"":false,""type"":""Point"",""coordinates"":[106.85011146959648,-6.166934425480515]}"
433_0,1,-6.166934425480515,106.85909462243768,50.57497171255258,"{""geodesic"":false,""type"":""Point"",""coordinates"":[106.85909462243768,-6.166934425480515]}"
434_0,1,-6.166934425480515,106.86807777527888,54.65791148674197,"{""geodesic"":false,""type"":""Point"",""coordinates"":[106.86807777527888,-6.166934425480515]}"
435_0,1,-6.166934425480515,106.87706092812007,53.15225386008238,"{""geodesic"":false,""type"":""Point"",""coordinates"":[106.87706092812007,-6.166934425480515]}"
436_0,1,-6.166934425480515,106.88604408096127,43.77516398710363,"{""geodesic"":false,""type"":""Point"",""coordinates"":[106.88604408096127,-6.166934425480515]}"
437_0,1,-6.166934425480515,106.89502723380247,46.92975588198061,"{""geodesic"":false,""type"":""Point"",""coordinates"":[106.89502723380247,-6.166934425480515]}"
438_0,1,-6.166934425480515,106.90401038664366,43.61470515333762,"{""geodesic"":false,""type"":""Point"",""coordinates"":[106.90401038664366,-6.166934425480515]}"
439_0,1,-6.166934425480515,106.91299353948486,49.55735475723058,"{""geodesic"":false,""type"":""Point"",""coordinates"":[106.91299353948486,-6.166934425480515]}"
440_0,1,-6.166934425480515,106.92197669232606,57.57558822631836,"{""geodesic"":false,""type"":""Point"",""coordinates"":[106.92197669232606,-6.166934425480515]}"
441_0,1,-6.166934425480515,106.93095984516725,49.136068007525274,"{""geodesic"":false,""type"":""Point"",""coordinates"":[106.93095984516725,-6.166934425480515]}"
442_0,1,-6.166934425480515,106.93994299800845,42.05205965042114,"{""geodesic"":false,""type"":""Point"",""coordinates"":[106.93994299800845,-6.166934425480515]}"
443_0,1,-6.166934425480515,106.94892615084963,48.797743479410805,"{""geodesic"":false,""type"":""Point"",""coordinates"":[106.94892615084963,-6.166934425480515]}"
444_0,1,-6.166934425480515,106.95790930369083,45.40124899709327,"{""geodesic"":false,""type"":""Point"",""coordinates"":[106.95790930369083,-6.166934425480515]}"
445_0,1,-6.166934425480515,106.96689245653202,38.34166412353515,"{""geodesic"":false,""type"":""Point"",""coordinates"":[106.96689245653202,-6.166934425480515]}"
446_0,1,-6.15795127263932,106.68841471845498,38.423844962284484,"{""geodesic"":false,""type"":""Point"",""coordinates"":[106.68841471845498,-6.15795127263932]}"
447_0,1,-6.15795127263932,106.69739787129618,46.958582783793354,"{""geodesic"":false,""type"":""Point"",""coordinates"":[106.69739787129618,-6.15795127263932]}"
448_0,1,-6.15795127263932,106.70638102413737,46.92291259765625,"{""geodesic"":false,""type"":""Point"",""coordinates"":[106.70638102413737,-6.15795127263932]}"
449_0,1,-6.15795127263932,106.71536417697857,45.08427359841087,"{""geodesic"":false,""type"":""Point"",""coordinates"":[106.71536417697857,-6.15795127263932]}"
450_0,1,-6.15795127263932,106.72434732981975,42.33158293224516,"{""geodesic"":false,""type"":""Point"",""coordinates"":[106.72434732981975,-6.15795127263932]}"
451_0,1,-6.15795127263932,106.73333048266095,47.693175518606594,"{""geodesic"":false,""type"":""Point"",""coordinates"":[106.73333048266095,-6.15795127263932]}"
452_0,1,-6.15795127263932,106.74231363550214,36.30512809753418,"{""geodesic"":false,""type"":""Point"",""coordinates"":[106.74231363550214,-6.15795127263932]}"
453_0,1,-6.15795127263932,106.75129678834334,34.938690757751466,"{""geodesic"":false,""type"":""Point"",""coordinates"":[106.75129678834334,-6.15795127263932]}"
454_0,1,-6.15795127263932,106.76027994118454,37.16722079685756,"{""geodesic"":false,""type"":""Point"",""coordinates"":[106.76027994118454,-6.15795127263932]}"
455_0,1,-6.15795127263932,106.76926309402573,41.442203521728516,"{""geodesic"":false,""type"":""Point"",""coordinates"":[106.76926309402573,-6.15795127263932]}"
456_0,1,-6.15795127263932,106.77824624686693,45.375542231968474,"{""geodesic"":false,""type"":""Point"",""coordinates"":[106.77824624686693,-6.15795127263932]}"
457_0,1,-6.15795127263932,106.78722939970812,46.00768116542271,"{""geodesic"":false,""type"":""Point"",""coordinates"":[106.78722939970812,-6.15795127263932]}"
458_0,1,-6.15795127263932,106.79621255254932,42.40652824850643,"{""geodesic"":false,""type"":""Point"",""coordinates"":[106.79621255254932,-6.15795127263932]}"
459_0,1,-6.15795127263932,106.80519570539052,39.84600512186686,"{""geodesic"":false,""type"":""Point"",""coordinates"":[106.80519570539052,-6.15795127263932]}"
460_0,1,-6.15795127263932,106.81417885823171,48.21119842529297,"{""geodesic"":false,""type"":""Point"",""coordinates"":[106.81417885823171,-6.15795127263932]}"
461_0,1,-6.15795127263932,106.82316201107291,50.72537682273171,"{""geodesic"":false,""type"":""Point"",""coordinates"":[106.82316201107291,-6.15795127263932]}"
462_0,1,-6.15795127263932,106.83214516391409,47.77502950032552,"{""geodesic"":false,""type"":""Point"",""coordinates"":[106.83214516391409,-6.15795127263932]}"
463_0,1,-6.15795127263932,106.84112831675529,51.327723026275635,"{""geodesic"":false,""type"":""Point"",""coordinates"":[106.84112831675529,-6.15795127263932]}"
464_0,1,-6.15795127263932,106.85011146959648,52.80852944510324,"{""geodesic"":false,""type"":""Point"",""coordinates"":[106.85011146959648,-6.15795127263932]}"
465_0,1,-6.15795127263932,106.85909462243768,45.551864295170226,"{""geodesic"":false,""type"":""Point"",""coordinates"":[106.85909462243768,-6.15795127263932]}"
466_0,1,-6.15795127263932,106.86807777527888,43.075769901275635,"{""geodesic"":false,""type"":""Point"",""coordinates"":[106.86807777527888,-6.15795127263932]}"
467_0,1,-6.15795127263932,106.87706092812007,44.42044102061879,"{""geodesic"":false,""type"":""Point"",""coordinates"":[106.87706092812007,-6.15795127263932]}"
468_0,1,-6.15795127263932,106.88604408096127,49.71403503417969,"{""geodesic"":false,""type"":""Point"",""coordinates"":[106.88604408096127,-6.15795127263932]}"
469_0,1,-6.15795127263932,106.89502723380247,52.16316223144531,"{""geodesic"":false,""type"":""Point"",""coordinates"":[106.89502723380247,-6.15795127263932]}"
470_0,1,-6.15795127263932,106.90401038664366,51.576622009277344,"{""geodesic"":false,""type"":""Point"",""coordinates"":[106.90401038664366,-6.15795127263932]}"
471_0,1,-6.15795127263932,106.91299353948486,49.70601940155029,"{""geodesic"":false,""type"":""Point"",""coordinates"":[106.91299353948486,-6.15795127263932]}"
472_0,1,-6.15795127263932,106.92197669232606,42.56871795654297,"{""geodesic"":false,""type"":""Point"",""coordinates"":[106.92197669232606,-6.15795127263932]}"
473_0,1,-6.15795127263932,106.93095984516725,49.2659854888916,"{""geodesic"":false,""type"":""Point"",""coordinates"":[106.93095984516725,-6.15795127263932]}"
474_0,1,-6.15795127263932,106.93994299800845,57.01506042480469,"{""geodesic"":false,""type"":""Point"",""coordinates"":[106.93994299800845,-6.15795127263932]}"
475_0,1,-6.15795127263932,106.94892615084963,40.59698232014974,"{""geodesic"":false,""type"":""Point"",""coordinates"":[106.94892615084963,-6.15795127263932]}"
476_0,1,-6.15795127263932,106.95790930369083,37.07033157348633,"{""geodesic"":false,""type"":""Point"",""coordinates"":[106.95790930369083,-6.15795127263932]}"
477_0,1,-6.15795127263932,106.96689245653202,31.933975302654765,"{""geodesic"":false,""type"":""Point"",""coordinates"":[106.96689245653202,-6.15795127263932]}"
478_0,1,-6.148968119798125,106.68841471845498,36.606467971801756,"{""geodesic"":false,""type"":""Point"",""coordinates"":[106.68841471845498,-6.148968119798125]}"
479_0,1,-6.148968119798125,106.69739787129618,41.07118453979492,"{""geodesic"":false,""type"":""Point"",""coordinates"":[106.69739787129618,-6.148968119798125]}"
480_0,1,-6.148968119798125,106.70638102413737,41.585524559020996,"{""geodesic"":false,""type"":""Point"",""coordinates"":[106.70638102413737,-6.148968119798125]}"
481_0,1,-6.148968119798125,106.71536417697857,38.66837425231934,"{""geodesic"":false,""type"":""Point"",""coordinates"":[106.71536417697857,-6.148968119798125]}"
482_0,1,-6.148968119798125,106.72434732981975,38.37742585402269,"{""geodesic"":false,""type"":""Point"",""coordinates"":[106.72434732981975,-6.148968119798125]}"
483_0,1,-6.148968119798125,106.73333048266095,43.37855068006014,"{""geodesic"":false,""type"":""Point"",""coordinates"":[106.73333048266095,-6.148968119798125]}"
484_0,1,-6.148968119798125,106.74231363550214,37.6546875,"{""geodesic"":false,""type"":""Point"",""coordinates"":[106.74231363550214,-6.148968119798125]}"
485_0,1,-6.148968119798125,106.75129678834334,30.55712127685547,"{""geodesic"":false,""type"":""Point"",""coordinates"":[106.75129678834334,-6.148968119798125]}"
486_0,1,-6.148968119798125,106.76027994118454,32.016410623277935,"{""geodesic"":false,""type"":""Point"",""coordinates"":[106.76027994118454,-6.148968119798125]}"
487_0,1,-6.148968119798125,106.76926309402573,36.47579376220703,"{""geodesic"":false,""type"":""Point"",""coordinates"":[106.76926309402573,-6.148968119798125]}"
488_0,1,-6.148968119798125,106.77824624686693,46.32941748879173,"{""geodesic"":false,""type"":""Point"",""coordinates"":[106.77824624686693,-6.148968119798125]}"
489_0,1,-6.148968119798125,106.78722939970812,45.69259924637644,"{""geodesic"":false,""type"":""Point"",""coordinates"":[106.78722939970812,-6.148968119798125]}"
490_0,1,-6.148968119798125,106.79621255254932,44.5552619934082,"{""geodesic"":false,""type"":""Point"",""coordinates"":[106.79621255254932,-6.148968119798125]}"
491_0,1,-6.148968119798125,106.80519570539052,48.27047538757324,"{""geodesic"":false,""type"":""Point"",""coordinates"":[106.80519570539052,-6.148968119798125]}"
492_0,1,-6.148968119798125,106.81417885823171,54.34164492289225,"{""geodesic"":false,""type"":""Point"",""coordinates"":[106.81417885823171,-6.148968119798125]}"
493_0,1,-6.148968119798125,106.82316201107291,50.140433918346055,"{""geodesic"":false,""type"":""Point"",""coordinates"":[106.82316201107291,-6.148968119798125]}"
494_0,1,-6.148968119798125,106.83214516391409,45.57701812965283,"{""geodesic"":false,""type"":""Point"",""coordinates"":[106.83214516391409,-6.148968119798125]}"
495_0,1,-6.148968119798125,106.84112831675529,46.67753601074219,"{""geodesic"":false,""type"":""Point"",""coordinates"":[106.84112831675529,-6.148968119798125]}"
496_0,1,-6.148968119798125,106.85011146959648,48.35226058959961,"{""geodesic"":false,""type"":""Point"",""coordinates"":[106.85011146959648,-6.148968119798125]}"
497_0,1,-6.148968119798125,106.85909462243768,46.193936347961426,"{""geodesic"":false,""type"":""Point"",""coordinates"":[106.85909462243768,-6.148968119798125]}"
498_0,1,-6.148968119798125,106.86807777527888,44.417431860259086,"{""geodesic"":false,""type"":""Point"",""coordinates"":[106.86807777527888,-6.148968119798125]}"
499_0,1,-6.148968119798125,106.87706092812007,47.6514413376485,"{""geodesic"":false,""type"":""Point"",""coordinates"":[106.87706092812007,-6.148968119798125]}"
500_0,1,-6.148968119798125,106.88604408096127,53.06941604614258,"{""geodesic"":false,""type"":""Point"",""coordinates"":[106.88604408096127,-6.148968119798125]}"
501_0,1,-6.148968119798125,106.89502723380247,52.56710822122139,"{""geodesic"":false,""type"":""Point"",""coordinates"":[106.89502723380247,-6.148968119798125]}"
502_0,1,-6.148968119798125,106.90401038664366,45.95596580505371,"{""geodesic"":false,""type"":""Point"",""coordinates"":[106.90401038664366,-6.148968119798125]}"
503_0,1,-6.148968119798125,106.91299353948486,43.772927050320604,"{""geodesic"":false,""type"":""Point"",""coordinates"":[106.91299353948486,-6.148968119798125]}"
504_0,1,-6.148968119798125,106.92197669232606,45.540146605609216,"{""geodesic"":false,""type"":""Point"",""coordinates"":[106.92197669232606,-6.148968119798125]}"
505_0,1,-6.148968119798125,106.93095984516725,48.246603647867836,"{""geodesic"":false,""type"":""Point"",""coordinates"":[106.93095984516725,-6.148968119798125]}"
506_0,1,-6.148968119798125,106.93994299800845,49.35573196411133,"{""geodesic"":false,""type"":""Point"",""coordinates"":[106.93994299800845,-6.148968119798125]}"
507_0,1,-6.148968119798125,106.94892615084963,28.767232782700482,"{""geodesic"":false,""type"":""Point"",""coordinates"":[106.94892615084963,-6.148968119798125]}"
508_0,1,-6.148968119798125,106.95790930369083,26.015317268371582,"{""geodesic"":false,""type"":""Point"",""coordinates"":[106.95790930369083,-6.148968119798125]}"
509_0,1,-6.148968119798125,106.96689245653202,19.11134654597232,"{""geodesic"":false,""type"":""Point"",""coordinates"":[106.96689245653202,-6.148968119798125]}"
510_0,1,-6.13998496695693,106.69739787129618,44.21238762140274,"{""geodesic"":false,""type"":""Point"",""coordinates"":[106.69739787129618,-6.13998496695693]}"
511_0,1,-6.13998496695693,106.70638102413737,43.79617851257324,"{""geodesic"":false,""type"":""Point"",""coordinates"":[106.70638102413737,-6.13998496695693]}"
512_0,1,-6.13998496695693,106.71536417697857,46.4883292388916,"{""geodesic"":false,""type"":""Point"",""coordinates"":[106.71536417697857,-6.13998496695693]}"
513_0,1,-6.13998496695693,106.72434732981975,46.91538047790527,"{""geodesic"":false,""type"":""Point"",""coordinates"":[106.72434732981975,-6.13998496695693]}"
514_0,1,-6.13998496695693,106.73333048266095,60.028327396937776,"{""geodesic"":false,""type"":""Point"",""coordinates"":[106.73333048266095,-6.13998496695693]}"
515_0,1,-6.13998496695693,106.74231363550214,38.21522576468332,"{""geodesic"":false,""type"":""Point"",""coordinates"":[106.74231363550214,-6.13998496695693]}"
516_0,1,-6.13998496695693,106.75129678834334,33.048600090874565,"{""geodesic"":false,""type"":""Point"",""coordinates"":[106.75129678834334,-6.13998496695693]}"
517_0,1,-6.13998496695693,106.76027994118454,29.194916884104412,"{""geodesic"":false,""type"":""Point"",""coordinates"":[106.76027994118454,-6.13998496695693]}"
518_0,1,-6.13998496695693,106.76926309402573,35.91790162600004,"{""geodesic"":false,""type"":""Point"",""coordinates"":[106.76926309402573,-6.13998496695693]}"
519_0,1,-6.13998496695693,106.77824624686693,40.64532906668527,"{""geodesic"":false,""type"":""Point"",""coordinates"":[106.77824624686693,-6.13998496695693]}"
520_0,1,-6.13998496695693,106.78722939970812,42.81158447265625,"{""geodesic"":false,""type"":""Point"",""coordinates"":[106.78722939970812,-6.13998496695693]}"
521_0,1,-6.13998496695693,106.79621255254932,44.64944383209827,"{""geodesic"":false,""type"":""Point"",""coordinates"":[106.79621255254932,-6.13998496695693]}"
522_0,1,-6.13998496695693,106.80519570539052,43.16385358922622,"{""geodesic"":false,""type"":""Point"",""coordinates"":[106.80519570539052,-6.13998496695693]}"
523_0,1,-6.13998496695693,106.81417885823171,61.779351552327476,"{""geodesic"":false,""type"":""Point"",""coordinates"":[106.81417885823171,-6.13998496695693]}"
524_0,1,-6.13998496695693,106.82316201107291,48.852419264773104,"{""geodesic"":false,""type"":""Point"",""coordinates"":[106.82316201107291,-6.13998496695693]}"
525_0,1,-6.13998496695693,106.83214516391409,50.20367965698242,"{""geodesic"":false,""type"":""Point"",""coordinates"":[106.83214516391409,-6.13998496695693]}"
526_0,1,-6.13998496695693,106.84112831675529,41.56147709599248,"{""geodesic"":false,""type"":""Point"",""coordinates"":[106.84112831675529,-6.13998496695693]}"
527_0,1,-6.13998496695693,106.85011146959648,45.34937782287598,"{""geodesic"":false,""type"":""Point"",""coordinates"":[106.85011146959648,-6.13998496695693]}"
528_0,1,-6.13998496695693,106.85909462243768,51.915223121643066,"{""geodesic"":false,""type"":""Point"",""coordinates"":[106.85909462243768,-6.13998496695693]}"
529_0,1,-6.13998496695693,106.86807777527888,46.931377757679336,"{""geodesic"":false,""type"":""Point"",""coordinates"":[106.86807777527888,-6.13998496695693]}"
530_0,1,-6.13998496695693,106.87706092812007,55.23583984375,"{""geodesic"":false,""type"":""Point"",""coordinates"":[106.87706092812007,-6.13998496695693]}"
531_0,1,-6.13998496695693,106.88604408096127,52.35201530456543,"{""geodesic"":false,""type"":""Point"",""coordinates"":[106.88604408096127,-6.13998496695693]}"
532_0,1,-6.13998496695693,106.89502723380247,52.94339330572831,"{""geodesic"":false,""type"":""Point"",""coordinates"":[106.89502723380247,-6.13998496695693]}"
533_0,1,-6.13998496695693,106.90401038664366,46.84468490600586,"{""geodesic"":false,""type"":""Point"",""coordinates"":[106.90401038664366,-6.13998496695693]}"
534_0,1,-6.13998496695693,106.91299353948486,41.841089422052555,"{""geodesic"":false,""type"":""Point"",""coordinates"":[106.91299353948486,-6.13998496695693]}"
535_0,1,-6.13998496695693,106.92197669232606,43.206279098010455,"{""geodesic"":false,""type"":""Point"",""coordinates"":[106.92197669232606,-6.13998496695693]}"
536_0,1,-6.13998496695693,106.93095984516725,50.573768615722656,"{""geodesic"":false,""type"":""Point"",""coordinates"":[106.93095984516725,-6.13998496695693]}"
537_0,1,-6.13998496695693,106.93994299800845,47.389352798461914,"{""geodesic"":false,""type"":""Point"",""coordinates"":[106.93994299800845,-6.13998496695693]}"
538_0,1,-6.13998496695693,106.94892615084963,19.88793687025706,"{""geodesic"":false,""type"":""Point"",""coordinates"":[106.94892615084963,-6.13998496695693]}"
539_0,1,-6.13998496695693,106.95790930369083,19.012875183768895,"{""geodesic"":false,""type"":""Point"",""coordinates"":[106.95790930369083,-6.13998496695693]}"
540_0,1,-6.13998496695693,106.96689245653202,16.4377323648204,"{""geodesic"":false,""type"":""Point"",""coordinates"":[106.96689245653202,-6.13998496695693]}"
541_0,1,-6.131001814115734,106.68841471845498,39.070288210499044,"{""geodesic"":false,""type"":""Point"",""coordinates"":[106.68841471845498,-6.131001814115734]}"
542_0,1,-6.131001814115734,106.69739787129618,40.84934199940074,"{""geodesic"":false,""type"":""Point"",""coordinates"":[106.69739787129618,-6.131001814115734]}"
543_0,1,-6.131001814115734,106.70638102413737,43.15183274642281,"{""geodesic"":false,""type"":""Point"",""coordinates"":[106.70638102413737,-6.131001814115734]}"
544_0,1,-6.131001814115734,106.71536417697857,43.10834503173828,"{""geodesic"":false,""type"":""Point"",""coordinates"":[106.71536417697857,-6.131001814115734]}"
545_0,1,-6.131001814115734,106.72434732981975,39.608917236328125,"{""geodesic"":false,""type"":""Point"",""coordinates"":[106.72434732981975,-6.131001814115734]}"
546_0,1,-6.131001814115734,106.73333048266095,51.041165351867676,"{""geodesic"":false,""type"":""Point"",""coordinates"":[106.73333048266095,-6.131001814115734]}"
547_0,1,-6.131001814115734,106.74231363550214,36.60734303792318,"{""geodesic"":false,""type"":""Point"",""coordinates"":[106.74231363550214,-6.131001814115734]}"
548_0,1,-6.131001814115734,106.75129678834334,40.39392718146829,"{""geodesic"":false,""type"":""Point"",""coordinates"":[106.75129678834334,-6.131001814115734]}"
549_0,1,-6.131001814115734,106.76027994118454,39.43294779459635,"{""geodesic"":false,""type"":""Point"",""coordinates"":[106.76027994118454,-6.131001814115734]}"
550_0,1,-6.131001814115734,106.76926309402573,39.3429069519043,"{""geodesic"":false,""type"":""Point"",""coordinates"":[106.76926309402573,-6.131001814115734]}"
551_0,1,-6.131001814115734,106.77824624686693,42.86446022620568,"{""geodesic"":false,""type"":""Point"",""coordinates"":[106.77824624686693,-6.131001814115734]}"
552_0,1,-6.131001814115734,106.78722939970812,47.82851028442383,"{""geodesic"":false,""type"":""Point"",""coordinates"":[106.78722939970812,-6.131001814115734]}"
553_0,1,-6.131001814115734,106.79621255254932,54.14635952098949,"{""geodesic"":false,""type"":""Point"",""coordinates"":[106.79621255254932,-6.131001814115734]}"
554_0,1,-6.131001814115734,106.80519570539052,58.134010314941406,"{""geodesic"":false,""type"":""Point"",""coordinates"":[106.80519570539052,-6.131001814115734]}"
555_0,1,-6.131001814115734,106.81417885823171,47.94033338585678,"{""geodesic"":false,""type"":""Point"",""coordinates"":[106.81417885823171,-6.131001814115734]}"
556_0,1,-6.131001814115734,106.82316201107291,38.56892681121826,"{""geodesic"":false,""type"":""Point"",""coordinates"":[106.82316201107291,-6.131001814115734]}"
557_0,1,-6.131001814115734,106.83214516391409,46.294693211146765,"{""geodesic"":false,""type"":""Point"",""coordinates"":[106.83214516391409,-6.131001814115734]}"
558_0,1,-6.131001814115734,106.84112831675529,43.30445979191707,"{""geodesic"":false,""type"":""Point"",""coordinates"":[106.84112831675529,-6.131001814115734]}"
559_0,1,-6.131001814115734,106.85011146959648,52.61177771432059,"{""geodesic"":false,""type"":""Point"",""coordinates"":[106.85011146959648,-6.131001814115734]}"
560_0,1,-6.131001814115734,106.85909462243768,53.823970794677734,"{""geodesic"":false,""type"":""Point"",""coordinates"":[106.85909462243768,-6.131001814115734]}"
561_0,1,-6.131001814115734,106.86807777527888,44.82914066314697,"{""geodesic"":false,""type"":""Point"",""coordinates"":[106.86807777527888,-6.131001814115734]}"
562_0,1,-6.131001814115734,106.87706092812007,46.41464506905034,"{""geodesic"":false,""type"":""Point"",""coordinates"":[106.87706092812007,-6.131001814115734]}"
563_0,1,-6.131001814115734,106.88604408096127,45.120021743774416,"{""geodesic"":false,""type"":""Point"",""coordinates"":[106.88604408096127,-6.131001814115734]}"
564_0,1,-6.131001814115734,106.89502723380247,50.232202035409436,"{""geodesic"":false,""type"":""Point"",""coordinates"":[106.89502723380247,-6.131001814115734]}"
565_0,1,-6.131001814115734,106.90401038664366,45.56391716003418,"{""geodesic"":false,""type"":""Point"",""coordinates"":[106.90401038664366,-6.131001814115734]}"
566_0,1,-6.131001814115734,106.91299353948486,43.03668990789675,"{""geodesic"":false,""type"":""Point"",""coordinates"":[106.91299353948486,-6.131001814115734]}"
567_0,1,-6.131001814115734,106.92197669232606,47.69629741850353,"{""geodesic"":false,""type"":""Point"",""coordinates"":[106.92197669232606,-6.131001814115734]}"
568_0,1,-6.131001814115734,106.93095984516725,53.25732167561849,"{""geodesic"":false,""type"":""Point"",""coordinates"":[106.93095984516725,-6.131001814115734]}"
569_0,1,-6.131001814115734,106.93994299800845,37.307736565085015,"{""geodesic"":false,""type"":""Point"",""coordinates"":[106.93994299800845,-6.131001814115734]}"
570_0,1,-6.131001814115734,106.94892615084963,26.204038222630818,"{""geodesic"":false,""type"":""Point"",""coordinates"":[106.94892615084963,-6.131001814115734]}"
571_0,1,-6.131001814115734,106.95790930369083,19.531165792586954,"{""geodesic"":false,""type"":""Point"",""coordinates"":[106.95790930369083,-6.131001814115734]}"
572_0,1,-6.131001814115734,106.96689245653202,13.079642174091745,"{""geodesic"":false,""type"":""Point"",""coordinates"":[106.96689245653202,-6.131001814115734]}"
573_0,1,-6.122018661274539,106.68841471845498,32.09372447087215,"{""geodesic"":false,""type"":""Point"",""coordinates"":[106.68841471845498,-6.122018661274539]}"
574_0,1,-6.122018661274539,106.69739787129618,34.11965458209698,"{""geodesic"":false,""type"":""Point"",""coordinates"":[106.69739787129618,-6.122018661274539]}"
575_0,1,-6.122018661274539,106.70638102413737,35.133535558527164,"{""geodesic"":false,""type"":""Point"",""coordinates"":[106.70638102413737,-6.122018661274539]}"
576_0,1,-6.122018661274539,106.71536417697857,33.70452880859375,"{""geodesic"":false,""type"":""Point"",""coordinates"":[106.71536417697857,-6.122018661274539]}"
577_0,1,-6.122018661274539,106.72434732981975,30.526712775230408,"{""geodesic"":false,""type"":""Point"",""coordinates"":[106.72434732981975,-6.122018661274539]}"
578_0,1,-6.122018661274539,106.73333048266095,38.60792645541105,"{""geodesic"":false,""type"":""Point"",""coordinates"":[106.73333048266095,-6.122018661274539]}"
579_0,1,-6.122018661274539,106.74231363550214,37.60112084282769,"{""geodesic"":false,""type"":""Point"",""coordinates"":[106.74231363550214,-6.122018661274539]}"
580_0,1,-6.122018661274539,106.75129678834334,39.645635816786026,"{""geodesic"":false,""type"":""Point"",""coordinates"":[106.75129678834334,-6.122018661274539]}"
581_0,1,-6.122018661274539,106.76027994118454,47.343950271606445,"{""geodesic"":false,""type"":""Point"",""coordinates"":[106.76027994118454,-6.122018661274539]}"
582_0,1,-6.122018661274539,106.76926309402573,57.83232035188593,"{""geodesic"":false,""type"":""Point"",""coordinates"":[106.76926309402573,-6.122018661274539]}"
583_0,1,-6.122018661274539,106.77824624686693,50.60936737060547,"{""geodesic"":false,""type"":""Point"",""coordinates"":[106.77824624686693,-6.122018661274539]}"
584_0,1,-6.122018661274539,106.78722939970812,46.8694101969401,"{""geodesic"":false,""type"":""Point"",""coordinates"":[106.78722939970812,-6.122018661274539]}"
585_0,1,-6.122018661274539,106.79621255254932,41.02628365341498,"{""geodesic"":false,""type"":""Point"",""coordinates"":[106.79621255254932,-6.122018661274539]}"
586_0,1,-6.122018661274539,106.80519570539052,52.836496353149414,"{""geodesic"":false,""type"":""Point"",""coordinates"":[106.80519570539052,-6.122018661274539]}"
587_0,1,-6.122018661274539,106.81417885823171,49.58127530415853,"{""geodesic"":false,""type"":""Point"",""coordinates"":[106.81417885823171,-6.122018661274539]}"
588_0,1,-6.122018661274539,106.82316201107291,28.844694718070652,"{""geodesic"":false,""type"":""Point"",""coordinates"":[106.82316201107291,-6.122018661274539]}"
589_0,1,-6.122018661274539,106.84112831675529,27.824803352355957,"{""geodesic"":false,""type"":""Point"",""coordinates"":[106.84112831675529,-6.122018661274539]}"
590_0,1,-6.122018661274539,106.85011146959648,48.14025412665473,"{""geodesic"":false,""type"":""Point"",""coordinates"":[106.85011146959648,-6.122018661274539]}"
591_0,1,-6.122018661274539,106.85909462243768,62.842192800421465,"{""geodesic"":false,""type"":""Point"",""coordinates"":[106.85909462243768,-6.122018661274539]}"
592_0,1,-6.122018661274539,106.86807777527888,46.84107535226004,"{""geodesic"":false,""type"":""Point"",""coordinates"":[106.86807777527888,-6.122018661274539]}"
593_0,1,-6.122018661274539,106.87706092812007,44.69704893657139,"{""geodesic"":false,""type"":""Point"",""coordinates"":[106.87706092812007,-6.122018661274539]}"
594_0,1,-6.122018661274539,106.88604408096127,55.373196283976235,"{""geodesic"":false,""type"":""Point"",""coordinates"":[106.88604408096127,-6.122018661274539]}"
595_0,1,-6.122018661274539,106.89502723380247,92.27365112304688,"{""geodesic"":false,""type"":""Point"",""coordinates"":[106.89502723380247,-6.122018661274539]}"
596_0,1,-6.122018661274539,106.90401038664366,44.054205656051636,"{""geodesic"":false,""type"":""Point"",""coordinates"":[106.90401038664366,-6.122018661274539]}"
597_0,1,-6.122018661274539,106.91299353948486,46.880635579427086,"{""geodesic"":false,""type"":""Point"",""coordinates"":[106.91299353948486,-6.122018661274539]}"
598_0,1,-6.122018661274539,106.92197669232606,46.865093649250184,"{""geodesic"":false,""type"":""Point"",""coordinates"":[106.92197669232606,-6.122018661274539]}"
599_0,1,-6.122018661274539,106.93095984516725,45.187660441679114,"{""geodesic"":false,""type"":""Point"",""coordinates"":[106.93095984516725,-6.122018661274539]}"
600_0,1,-6.122018661274539,106.93994299800845,30.08726643293332,"{""geodesic"":false,""type"":""Point"",""coordinates"":[106.93994299800845,-6.122018661274539]}"
601_0,1,-6.122018661274539,106.94892615084963,23.41007102803981,"{""geodesic"":false,""type"":""Point"",""coordinates"":[106.94892615084963,-6.122018661274539]}"
602_0,1,-6.122018661274539,106.95790930369083,22.592553547450475,"{""geodesic"":false,""type"":""Point"",""coordinates"":[106.95790930369083,-6.122018661274539]}"
603_0,1,-6.122018661274539,106.96689245653202,16.113361176990328,"{""geodesic"":false,""type"":""Point"",""coordinates"":[106.96689245653202,-6.122018661274539]}"
604_0,1,-6.113035508433344,106.69739787129618,25.844742168079723,"{""geodesic"":false,""type"":""Point"",""coordinates"":[106.69739787129618,-6.113035508433344]}"
605_0,1,-6.113035508433344,106.70638102413737,23.312467575073242,"{""geodesic"":false,""type"":""Point"",""coordinates"":[106.70638102413737,-6.113035508433344]}"
606_0,1,-6.113035508433344,106.71536417697857,23.94880273607042,"{""geodesic"":false,""type"":""Point"",""coordinates"":[106.71536417697857,-6.113035508433344]}"
607_0,1,-6.113035508433344,106.72434732981975,24.28079064687093,"{""geodesic"":false,""type"":""Point"",""coordinates"":[106.72434732981975,-6.113035508433344]}"
608_0,1,-6.113035508433344,106.73333048266095,29.57402992248535,"{""geodesic"":false,""type"":""Point"",""coordinates"":[106.73333048266095,-6.113035508433344]}"
609_0,1,-6.113035508433344,106.74231363550214,65.09148583045372,"{""geodesic"":false,""type"":""Point"",""coordinates"":[106.74231363550214,-6.113035508433344]}"
610_0,1,-6.113035508433344,106.75129678834334,53.648401148179,"{""geodesic"":false,""type"":""Point"",""coordinates"":[106.75129678834334,-6.113035508433344]}"
611_0,1,-6.113035508433344,106.76027994118454,48.84078750610352,"{""geodesic"":false,""type"":""Point"",""coordinates"":[106.76027994118454,-6.113035508433344]}"
612_0,1,-6.113035508433344,106.76926309402573,54.33963678533381,"{""geodesic"":false,""type"":""Point"",""coordinates"":[106.76926309402573,-6.113035508433344]}"
613_0,1,-6.113035508433344,106.77824624686693,79.30077856445313,"{""geodesic"":false,""type"":""Point"",""coordinates"":[106.77824624686693,-6.113035508433344]}"
614_0,1,-6.113035508433344,106.78722939970812,82.11529708490139,"{""geodesic"":false,""type"":""Point"",""coordinates"":[106.78722939970812,-6.113035508433344]}"
615_0,1,-6.113035508433344,106.79621255254932,35.82758105428595,"{""geodesic"":false,""type"":""Point"",""coordinates"":[106.79621255254932,-6.113035508433344]}"
616_0,1,-6.113035508433344,106.80519570539052,30.147945404052734,"{""geodesic"":false,""type"":""Point"",""coordinates"":[106.80519570539052,-6.113035508433344]}"
617_0,1,-6.113035508433344,106.85909462243768,67.78042602539062,"{""geodesic"":false,""type"":""Point"",""coordinates"":[106.85909462243768,-6.113035508433344]}"
618_0,1,-6.113035508433344,106.86807777527888,80.712159187563,"{""geodesic"":false,""type"":""Point"",""coordinates"":[106.86807777527888,-6.113035508433344]}"
619_0,1,-6.113035508433344,106.87706092812007,75.05550833309398,"{""geodesic"":false,""type"":""Point"",""coordinates"":[106.87706092812007,-6.113035508433344]}"
620_0,1,-6.113035508433344,106.88604408096127,76.19718574075138,"{""geodesic"":false,""type"":""Point"",""coordinates"":[106.88604408096127,-6.113035508433344]}"
621_0,1,-6.113035508433344,106.89502723380247,72.7557021247016,"{""geodesic"":false,""type"":""Point"",""coordinates"":[106.89502723380247,-6.113035508433344]}"
622_0,1,-6.113035508433344,106.90401038664366,70.94261573342716,"{""geodesic"":false,""type"":""Point"",""coordinates"":[106.90401038664366,-6.113035508433344]}"
623_0,1,-6.113035508433344,106.91299353948486,59.65247421264648,"{""geodesic"":false,""type"":""Point"",""coordinates"":[106.91299353948486,-6.113035508433344]}"
624_0,1,-6.113035508433344,106.92197669232606,54.70603773328993,"{""geodesic"":false,""type"":""Point"",""coordinates"":[106.92197669232606,-6.113035508433344]}"
625_0,1,-6.113035508433344,106.93095984516725,42.18686029646132,"{""geodesic"":false,""type"":""Point"",""coordinates"":[106.93095984516725,-6.113035508433344]}"
626_0,1,-6.113035508433344,106.93994299800845,40.625654220581055,"{""geodesic"":false,""type"":""Point"",""coordinates"":[106.93994299800845,-6.113035508433344]}"
627_0,1,-6.113035508433344,106.94892615084963,39.829368591308594,"{""geodesic"":false,""type"":""Point"",""coordinates"":[106.94892615084963,-6.113035508433344]}"
628_0,1,-6.113035508433344,106.95790930369083,24.452146911621092,"{""geodesic"":false,""type"":""Point"",""coordinates"":[106.95790930369083,-6.113035508433344]}"
629_0,1,-6.113035508433344,106.96689245653202,20.162729940916364,"{""geodesic"":false,""type"":""Point"",""coordinates"":[106.96689245653202,-6.113035508433344]}"
630_0,1,-6.104052355592149,106.69739787129618,27.985968421487247,"{""geodesic"":false,""type"":""Point"",""coordinates"":[106.69739787129618,-6.104052355592149]}"
631_0,1,-6.104052355592149,106.70638102413737,25.06159257888794,"{""geodesic"":false,""type"":""Point"",""coordinates"":[106.70638102413737,-6.104052355592149]}"
632_0,1,-6.104052355592149,106.71536417697857,24.79917812347412,"{""geodesic"":false,""type"":""Point"",""coordinates"":[106.71536417697857,-6.104052355592149]}"
633_0,1,-6.104052355592149,106.72434732981975,23.14491469399971,"{""geodesic"":false,""type"":""Point"",""coordinates"":[106.72434732981975,-6.104052355592149]}"
634_0,1,-6.104052355592149,106.73333048266095,24.077171325683594,"{""geodesic"":false,""type"":""Point"",""coordinates"":[106.73333048266095,-6.104052355592149]}"
635_0,1,-6.104052355592149,106.74231363550214,50.61835432052612,"{""geodesic"":false,""type"":""Point"",""coordinates"":[106.74231363550214,-6.104052355592149]}"
636_0,1,-6.104052355592149,106.75129678834334,38.1061045328776,"{""geodesic"":false,""type"":""Point"",""coordinates"":[106.75129678834334,-6.104052355592149]}"
637_0,1,-6.104052355592149,106.79621255254932,30.84608832070994,"{""geodesic"":false,""type"":""Point"",""coordinates"":[106.79621255254932,-6.104052355592149]}"
638_0,1,-6.104052355592149,106.87706092812007,104.70724995930989,"{""geodesic"":false,""type"":""Point"",""coordinates"":[106.87706092812007,-6.104052355592149]}"
639_0,1,-6.104052355592149,106.88604408096127,126.55185606041734,"{""geodesic"":false,""type"":""Point"",""coordinates"":[106.88604408096127,-6.104052355592149]}"
640_0,1,-6.104052355592149,106.89502723380247,157.23530718485515,"{""geodesic"":false,""type"":""Point"",""coordinates"":[106.89502723380247,-6.104052355592149]}"
641_0,1,-6.104052355592149,106.90401038664366,152.43487823986615,"{""geodesic"":false,""type"":""Point"",""coordinates"":[106.90401038664366,-6.104052355592149]}"
642_0,1,-6.104052355592149,106.91299353948486,138.75400503058182,"{""geodesic"":false,""type"":""Point"",""coordinates"":[106.91299353948486,-6.104052355592149]}"
643_0,1,-6.104052355592149,106.92197669232606,76.63058144705636,"{""geodesic"":false,""type"":""Point"",""coordinates"":[106.92197669232606,-6.104052355592149]}"
644_0,1,-6.104052355592149,106.93095984516725,44.481085160199335,"{""geodesic"":false,""type"":""Point"",""coordinates"":[106.93095984516725,-6.104052355592149]}"
645_0,1,-6.104052355592149,106.93994299800845,48.201934814453125,"{""geodesic"":false,""type"":""Point"",""coordinates"":[106.93994299800845,-6.104052355592149]}"
646_0,1,-6.104052355592149,106.94892615084963,41.794828561636116,"{""geodesic"":false,""type"":""Point"",""coordinates"":[106.94892615084963,-6.104052355592149]}"
647_0,1,-6.104052355592149,106.95790930369083,32.973793029785156,"{""geodesic"":false,""type"":""Point"",""coordinates"":[106.95790930369083,-6.104052355592149]}"
648_0,1,-6.104052355592149,106.96689245653202,25.718716939290363,"{""geodesic"":false,""type"":""Point"",""coordinates"":[106.96689245653202,-6.104052355592149]}"
649_0,1,-6.095069202750953,106.70638102413737,32.363892691476,"{""geodesic"":false,""type"":""Point"",""coordinates"":[106.70638102413737,-6.095069202750953]}"
650_0,1,-6.095069202750953,106.71536417697857,26.869691967964172,"{""geodesic"":false,""type"":""Point"",""coordinates"":[106.71536417697857,-6.095069202750953]}"
651_0,1,-6.095069202750953,106.72434732981975,21.22414752415248,"{""geodesic"":false,""type"":""Point"",""coordinates"":[106.72434732981975,-6.095069202750953]}"
652_0,1,-6.095069202750953,106.73333048266095,27.844401359558105,"{""geodesic"":false,""type"":""Point"",""coordinates"":[106.73333048266095,-6.095069202750953]}"
653_0,1,-6.095069202750953,106.74231363550214,88.77629852294922,"{""geodesic"":false,""type"":""Point"",""coordinates"":[106.74231363550214,-6.095069202750953]}"
654_0,1,-6.095069202750953,106.75129678834334,29.417320092519123,"{""geodesic"":false,""type"":""Point"",""coordinates"":[106.75129678834334,-6.095069202750953]}"
655_0,1,-6.086086049909758,106.73333048266095,36.631844153771034,"{""geodesic"":false,""type"":""Point"",""coordinates"":[106.73333048266095,-6.086086049909758]}"
656_0,1,-6.086086049909758,106.75129678834334,19.056543350219727,"{""geodesic"":false,""type"":""Point"",""coordinates"":[106.75129678834334,-6.086086049909758]}"
657_0,1,-6.077102897068563,106.75129678834334,7.276807633313266,"{""geodesic"":false,""type"":""Point"",""coordinates"":[106.75129678834334,-6.077102897068563]}"
