system:index,dummy,lat,lon,s5p_co,s5p_no2,s5p_o3,s5p_so2,.geo
0_0,1,-6.36456378798681,106.88604408096127,0.035409374822847395,9.167052191764866E-5,0.11579571075976264,9.524546861953102E-5,"{""geodesic"":false,""type"":""Point"",""coordinates"":[106.88604408096127,-6.36456378798681]}"
1_0,1,-6.36456378798681,106.89502723380247,0.035530271086114756,9.120076694240602E-5,0.11560954898587841,9.388420585303615E-5,"{""geodesic"":false,""type"":""Point"",""coordinates"":[106.89502723380247,-6.36456378798681]}"
2_0,1,-6.36456378798681,106.91299353948486,0.03499657754097991,8.444787412444697E-5,0.1155095488439654,9.29787023812182E-5,"{""geodesic"":false,""type"":""Point"",""coordinates"":[106.91299353948486,-6.36456378798681]}"
3_0,1,-6.355580635145615,106.79621255254932,0.036218584625885904,8.30209853586464E-5,0.115547939234216,2.2302674187831258E-4,"{""geodesic"":false,""type"":""Point"",""coordinates"":[106.79621255254932,-6.355580635145615]}"
4_0,1,-6.355580635145615,106.80519570539052,0.036503167822935126,8.52202315331795E-5,0.1156123351983324,1.9137407070945634E-4,"{""geodesic"":false,""type"":""Point"",""coordinates"":[106.80519570539052,-6.355580635145615]}"
5_0,1,-6.355580635145615,106.81417885823171,0.03677584617326658,8.531904511602042E-5,0.11565522402152162,2.0763039756114166E-4,"{""geodesic"":false,""type"":""Point"",""coordinates"":[106.81417885823171,-6.355580635145615]}"
6_0,1,-6.355580635145615,106.82316201107291,0.03620182985951137,8.706695124463938E-5,0.11571390499485532,2.213801414153035E-4,"{""geodesic"":false,""type"":""Point"",""coordinates"":[106.82316201107291,-6.355580635145615]}"
7_0,1,-6.355580635145615,106.87706092812007,0.03541107348658708,9.108912947023879E-5,0.11572578945205007,9.435667016064581E-5,"{""geodesic"":false,""type"":""Point"",""coordinates"":[106.87706092812007,-6.355580635145615]}"
8_0,1,-6.355580635145615,106.88604408096127,0.03553345377579277,9.053895337288966E-5,0.11563272174795884,9.399058222139294E-5,"{""geodesic"":false,""type"":""Point"",""coordinates"":[106.88604408096127,-6.355580635145615]}"
9_0,1,-6.355580635145615,106.89502723380247,0.03551149110652697,9.290302222152588E-5,0.11552180405121665,1.1131546354378799E-4,"{""geodesic"":false,""type"":""Point"",""coordinates"":[106.89502723380247,-6.355580635145615]}"
10_0,1,-6.355580635145615,106.90401038664366,0.03499072671896621,9.120162129827552E-5,0.11544063417345655,9.524934284841349E-5,"{""geodesic"":false,""type"":""Point"",""coordinates"":[106.90401038664366,-6.355580635145615]}"
11_0,1,-6.355580635145615,106.91299353948486,0.035013023216276785,9.126921117459023E-5,0.11553693378274679,8.429502850062831E-5,"{""geodesic"":false,""type"":""Point"",""coordinates"":[106.91299353948486,-6.355580635145615]}"
12_0,1,-6.34659748230442,106.79621255254932,0.03621634338821246,9.449748885645491E-5,0.11548040198500496,1.5468032506772906E-4,"{""geodesic"":false,""type"":""Point"",""coordinates"":[106.79621255254932,-6.34659748230442]}"
13_0,1,-6.34659748230442,106.80519570539052,0.0362573564747134,9.39095474920493E-5,0.11549548955972005,1.6170627161536227E-4,"{""geodesic"":false,""type"":""Point"",""coordinates"":[106.80519570539052,-6.34659748230442]}"
14_0,1,-6.34659748230442,106.81417885823171,0.03620182909074417,8.5682447287418E-5,0.11554495979263923,1.747492569849398E-4,"{""geodesic"":false,""type"":""Point"",""coordinates"":[106.81417885823171,-6.34659748230442]}"
15_0,1,-6.34659748230442,106.82316201107291,0.035805559636707146,8.606667688576925E-5,0.11554191574794433,2.0286177145315595E-4,"{""geodesic"":false,""type"":""Point"",""coordinates"":[106.82316201107291,-6.34659748230442]}"
16_0,1,-6.34659748230442,106.83214516391409,0.03580131106077107,8.606667688596035E-5,0.11577131673363229,2.2246877051693105E-4,"{""geodesic"":false,""type"":""Point"",""coordinates"":[106.83214516391409,-6.34659748230442]}"
17_0,1,-6.34659748230442,106.85909462243768,0.03579640911789535,9.336824040986566E-5,0.1157731382886528,1.0404191561968337E-4,"{""geodesic"":false,""type"":""Point"",""coordinates"":[106.85909462243768,-6.34659748230442]}"
18_0,1,-6.34659748230442,106.86807777527888,0.03563658292351743,9.125687597198184E-5,0.11581706565659235,1.0081303564828353E-4,"{""geodesic"":false,""type"":""Point"",""coordinates"":[106.86807777527888,-6.34659748230442]}"
19_0,1,-6.34659748230442,106.87706092812007,0.035382069042427626,9.248571988663982E-5,0.11573769100791506,1.0073924204320517E-4,"{""geodesic"":false,""type"":""Point"",""coordinates"":[106.87706092812007,-6.34659748230442]}"
20_0,1,-6.34659748230442,106.88604408096127,0.03564844715104315,9.250952662275494E-5,0.11552420953631731,9.92365553050187E-5,"{""geodesic"":false,""type"":""Point"",""coordinates"":[106.88604408096127,-6.34659748230442]}"
21_0,1,-6.34659748230442,106.89502723380247,0.035518313631914614,9.184132770438989E-5,0.11538914545657337,1.0615403823729595E-4,"{""geodesic"":false,""type"":""Point"",""coordinates"":[106.89502723380247,-6.34659748230442]}"
22_0,1,-6.34659748230442,106.90401038664366,0.035032827135586544,9.1985708337335E-5,0.11549270393710641,1.2914380663444817E-4,"{""geodesic"":false,""type"":""Point"",""coordinates"":[106.90401038664366,-6.34659748230442]}"
23_0,1,-6.34659748230442,106.91299353948486,0.03517860298435357,9.056871842375586E-5,0.11553125580170592,9.192715388331614E-5,"{""geodesic"":false,""type"":""Point"",""coordinates"":[106.91299353948486,-6.34659748230442]}"
24_0,1,-6.337614329463224,106.80519570539052,0.03649203834732893,9.624977803938051E-5,0.11554760746450476,1.1931750529181566E-4,"{""geodesic"":false,""type"":""Point"",""coordinates"":[106.80519570539052,-6.337614329463224]}"
25_0,1,-6.337614329463224,106.81417885823171,0.03649251294578931,9.56843101952553E-5,0.1155313296261173,4.0973163722920084E-5,"{""geodesic"":false,""type"":""Point"",""coordinates"":[106.81417885823171,-6.337614329463224]}"
26_0,1,-6.337614329463224,106.82316201107291,0.03609637413429955,9.187822994403402E-5,0.1155450651906072,1.1142546724639933E-4,"{""geodesic"":false,""type"":""Point"",""coordinates"":[106.82316201107291,-6.337614329463224]}"
27_0,1,-6.337614329463224,106.83214516391409,0.0362245200173207,9.008886785518285E-5,0.11553865996666667,3.20598889333226E-5,"{""geodesic"":false,""type"":""Point"",""coordinates"":[106.83214516391409,-6.337614329463224]}"
28_0,1,-6.337614329463224,106.84112831675529,0.03601311764192714,9.663978908349834E-5,0.11563125191884865,6.837347748846378E-5,"{""geodesic"":false,""type"":""Point"",""coordinates"":[106.84112831675529,-6.337614329463224]}"
29_0,1,-6.337614329463224,106.85011146959648,0.0357785586005504,9.618718468112684E-5,0.11590667917778603,9.739844118516892E-5,"{""geodesic"":false,""type"":""Point"",""coordinates"":[106.85011146959648,-6.337614329463224]}"
30_0,1,-6.337614329463224,106.85909462243768,0.0357785586005504,9.618718468112684E-5,0.11590667917778603,9.739844118516892E-5,"{""geodesic"":false,""type"":""Point"",""coordinates"":[106.85909462243768,-6.337614329463224]}"
31_0,1,-6.337614329463224,106.86807777527888,0.03549408167606382,9.425119823406138E-5,0.1158990052840998,9.793224671755018E-5,"{""geodesic"":false,""type"":""Point"",""coordinates"":[106.86807777527888,-6.337614329463224]}"
32_0,1,-6.337614329463224,106.87706092812007,0.035196721553753224,9.552896368737051E-5,0.11589807147764834,9.960264651440114E-5,"{""geodesic"":false,""type"":""Point"",""coordinates"":[106.87706092812007,-6.337614329463224]}"
33_0,1,-6.337614329463224,106.88604408096127,0.035485535860119134,9.243274302320134E-5,0.11580453746158693,1.434230944144069E-4,"{""geodesic"":false,""type"":""Point"",""coordinates"":[106.88604408096127,-6.337614329463224]}"
34_0,1,-6.337614329463224,106.89502723380247,0.03501527445118163,9.362756585075796E-5,0.1157941510573004,1.0134540455692209E-4,"{""geodesic"":false,""type"":""Point"",""coordinates"":[106.89502723380247,-6.337614329463224]}"
35_0,1,-6.337614329463224,106.90401038664366,0.034741763292528954,9.426262820499829E-5,0.11553172155030271,1.4720348682221253E-4,"{""geodesic"":false,""type"":""Point"",""coordinates"":[106.90401038664366,-6.337614329463224]}"
36_0,1,-6.337614329463224,106.91299353948486,0.03482943242095434,9.292096421724896E-5,0.11579113849410042,8.534818796449653E-5,"{""geodesic"":false,""type"":""Point"",""coordinates"":[106.91299353948486,-6.337614329463224]}"
37_0,1,-6.32863117662203,106.80519570539052,0.03648251593226672,9.747695003164668E-5,0.11549168455721366,8.847922039004377E-6,"{""geodesic"":false,""type"":""Point"",""coordinates"":[106.80519570539052,-6.32863117662203]}"
38_0,1,-6.32863117662203,106.81417885823171,0.03607707597756211,9.445213072475347E-5,0.1155240578121741,-3.7417386011929786E-7,"{""geodesic"":false,""type"":""Point"",""coordinates"":[106.81417885823171,-6.32863117662203]}"
39_0,1,-6.32863117662203,106.82316201107291,0.03621326484096888,9.957138996872917E-5,0.11553657702940641,7.182822966424466E-6,"{""geodesic"":false,""type"":""Point"",""coordinates"":[106.82316201107291,-6.32863117662203]}"
40_0,1,-6.32863117662203,106.83214516391409,0.03613982156697872,9.639781418381849E-5,0.11559565847602653,1.799132157716049E-5,"{""geodesic"":false,""type"":""Point"",""coordinates"":[106.83214516391409,-6.32863117662203]}"
41_0,1,-6.32863117662203,106.84112831675529,0.03625283451795574,9.646596663501582E-5,0.11562376908774188,2.910920647987514E-5,"{""geodesic"":false,""type"":""Point"",""coordinates"":[106.84112831675529,-6.32863117662203]}"
42_0,1,-6.32863117662203,106.85011146959648,0.03606183005620517,9.646596663509291E-5,0.11585519579063637,7.19416209829215E-5,"{""geodesic"":false,""type"":""Point"",""coordinates"":[106.85011146959648,-6.32863117662203]}"
43_0,1,-6.32863117662203,106.85909462243768,0.03606183005620517,9.646596663509291E-5,0.11585519579063637,7.19416209829215E-5,"{""geodesic"":false,""type"":""Point"",""coordinates"":[106.85909462243768,-6.32863117662203]}"
44_0,1,-6.32863117662203,106.86807777527888,0.03577481708368992,9.46258869296697E-5,0.11591453574764311,2.8714912332408083E-5,"{""geodesic"":false,""type"":""Point"",""coordinates"":[106.86807777527888,-6.32863117662203]}"
45_0,1,-6.32863117662203,106.87706092812007,0.03548553586001198,9.579830143081112E-5,0.11588908964940288,9.114789862732609E-5,"{""geodesic"":false,""type"":""Point"",""coordinates"":[106.87706092812007,-6.32863117662203]}"
46_0,1,-6.32863117662203,106.88604408096127,0.035443782806453904,9.41224629597859E-5,0.11578435434620421,1.7757587392507618E-4,"{""geodesic"":false,""type"":""Point"",""coordinates"":[106.88604408096127,-6.32863117662203]}"
47_0,1,-6.32863117662203,106.89502723380247,0.03524097384945643,9.450680227013218E-5,0.11578829544936639,1.0983421088888234E-4,"{""geodesic"":false,""type"":""Point"",""coordinates"":[106.89502723380247,-6.32863117662203]}"
48_0,1,-6.32863117662203,106.90401038664366,0.0349855597430146,9.400412369085597E-5,0.11578765330148011,1.4985929541779875E-4,"{""geodesic"":false,""type"":""Point"",""coordinates"":[106.90401038664366,-6.32863117662203]}"
49_0,1,-6.32863117662203,106.91299353948486,0.03480403649298332,9.42059596128891E-5,0.11578045332859525,1.0134540207234798E-4,"{""geodesic"":false,""type"":""Point"",""coordinates"":[106.91299353948486,-6.32863117662203]}"
50_0,1,-6.319648023780834,106.81417885823171,0.03575508048139963,1.0232403255773527E-4,0.11551497239622101,9.092754154546231E-5,"{""geodesic"":false,""type"":""Point"",""coordinates"":[106.81417885823171,-6.319648023780834]}"
51_0,1,-6.319648023780834,106.82316201107291,0.03609578870234706,1.0642780034680049E-4,0.11556513172311683,3.0673301307387814E-6,"{""geodesic"":false,""type"":""Point"",""coordinates"":[106.82316201107291,-6.319648023780834]}"
52_0,1,-6.319648023780834,106.83214516391409,0.03610072997571922,9.93139380147667E-5,0.11565773307566857,-5.766658495570261E-5,"{""geodesic"":false,""type"":""Point"",""coordinates"":[106.83214516391409,-6.319648023780834]}"
53_0,1,-6.319648023780834,106.84112831675529,0.03627510527857727,9.646596683885819E-5,0.11580412462337497,2.1118314180027938E-5,"{""geodesic"":false,""type"":""Point"",""coordinates"":[106.84112831675529,-6.319648023780834]}"
54_0,1,-6.319648023780834,106.85011146959648,0.03604466981746009,9.646596873520304E-5,0.11590276323698596,7.191014195409784E-5,"{""geodesic"":false,""type"":""Point"",""coordinates"":[106.85011146959648,-6.319648023780834]}"
55_0,1,-6.319648023780834,106.85909462243768,0.03604466981746009,9.646596873520304E-5,0.11590276323698596,7.191014195409784E-5,"{""geodesic"":false,""type"":""Point"",""coordinates"":[106.85909462243768,-6.319648023780834]}"
56_0,1,-6.319648023780834,106.86807777527888,0.03605089744853625,1.0079208206223722E-4,0.11589396908001112,6.884566789874556E-5,"{""geodesic"":false,""type"":""Point"",""coordinates"":[106.86807777527888,-6.319648023780834]}"
57_0,1,-6.319648023780834,106.87706092812007,0.035737501577737626,1.0049786219237529E-4,0.1158143964578665,1.0203809303568388E-4,"{""geodesic"":false,""type"":""Point"",""coordinates"":[106.87706092812007,-6.319648023780834]}"
58_0,1,-6.319648023780834,106.88604408096127,0.035443782806453904,1.0012629902586311E-4,0.11578463763017338,1.0983421088912622E-4,"{""geodesic"":false,""type"":""Point"",""coordinates"":[106.88604408096127,-6.319648023780834]}"
59_0,1,-6.319648023780834,106.89502723380247,0.03509307742243496,9.698999213685736E-5,0.11593951072810998,9.756615690997532E-5,"{""geodesic"":false,""type"":""Point"",""coordinates"":[106.89502723380247,-6.319648023780834]}"
60_0,1,-6.319648023780834,106.90401038664366,0.035255330869108946,9.635738214191079E-5,0.11591790243967044,1.0779255899236352E-4,"{""geodesic"":false,""type"":""Point"",""coordinates"":[106.90401038664366,-6.319648023780834]}"
61_0,1,-6.319648023780834,106.91299353948486,0.034984051249978,9.625518189797973E-5,0.115913626374023,9.739844244920595E-5,"{""geodesic"":false,""type"":""Point"",""coordinates"":[106.91299353948486,-6.319648023780834]}"
62_0,1,-6.310664870939639,106.77824624686693,0.03645487502215104,1.0057771890847372E-4,0.11565964055716034,1.1855811733836073E-4,"{""geodesic"":false,""type"":""Point"",""coordinates"":[106.77824624686693,-6.310664870939639]}"
63_0,1,-6.310664870939639,106.78722939970812,0.03650610496650988,1.0234674105807585E-4,0.11578646200413642,1.463621229048871E-4,"{""geodesic"":false,""type"":""Point"",""coordinates"":[106.78722939970812,-6.310664870939639]}"
64_0,1,-6.310664870939639,106.79621255254932,0.036202367395192295,1.0276293687647259E-4,0.11578907868891603,1.2210689601498432E-4,"{""geodesic"":false,""type"":""Point"",""coordinates"":[106.79621255254932,-6.310664870939639]}"
65_0,1,-6.310664870939639,106.80519570539052,0.036476279298442556,1.0359038651108453E-4,0.11572033341651988,9.612530923661456E-5,"{""geodesic"":false,""type"":""Point"",""coordinates"":[106.80519570539052,-6.310664870939639]}"
66_0,1,-6.310664870939639,106.81417885823171,0.03575508048139963,1.0232403255773527E-4,0.11551497239622101,9.092754154546231E-5,"{""geodesic"":false,""type"":""Point"",""coordinates"":[106.81417885823171,-6.310664870939639]}"
67_0,1,-6.310664870939639,106.82316201107291,0.03609578870234706,1.0642780034680049E-4,0.11556513172311683,3.0673301307387814E-6,"{""geodesic"":false,""type"":""Point"",""coordinates"":[106.82316201107291,-6.310664870939639]}"
68_0,1,-6.310664870939639,106.83214516391409,0.03610072997571922,9.93139380147667E-5,0.11565773307566857,-5.766658495570261E-5,"{""geodesic"":false,""type"":""Point"",""coordinates"":[106.83214516391409,-6.310664870939639]}"
69_0,1,-6.310664870939639,106.84112831675529,0.03627510527857727,9.646596683885819E-5,0.11580412462337497,2.1118314180027938E-5,"{""geodesic"":false,""type"":""Point"",""coordinates"":[106.84112831675529,-6.310664870939639]}"
70_0,1,-6.310664870939639,106.85011146959648,0.03604466981746009,9.646596873520304E-5,0.11590276323698596,7.191014195409784E-5,"{""geodesic"":false,""type"":""Point"",""coordinates"":[106.85011146959648,-6.310664870939639]}"
71_0,1,-6.310664870939639,106.85909462243768,0.03604466981746009,9.646596873520304E-5,0.11590276323698596,7.191014195409784E-5,"{""geodesic"":false,""type"":""Point"",""coordinates"":[106.85909462243768,-6.310664870939639]}"
72_0,1,-6.310664870939639,106.86807777527888,0.03605089744853625,1.0079208206223722E-4,0.11589396908001112,6.884566789874556E-5,"{""geodesic"":false,""type"":""Point"",""coordinates"":[106.86807777527888,-6.310664870939639]}"
73_0,1,-6.310664870939639,106.87706092812007,0.035737501577737626,1.0049786219237529E-4,0.1158143964578665,1.0203809303568388E-4,"{""geodesic"":false,""type"":""Point"",""coordinates"":[106.87706092812007,-6.310664870939639]}"
74_0,1,-6.310664870939639,106.88604408096127,0.035443782806453904,1.0012629902586311E-4,0.11578463763017338,1.0983421088912622E-4,"{""geodesic"":false,""type"":""Point"",""coordinates"":[106.88604408096127,-6.310664870939639]}"
75_0,1,-6.310664870939639,106.89502723380247,0.03509307742243496,9.698999213685736E-5,0.11593951072810998,9.756615690997532E-5,"{""geodesic"":false,""type"":""Point"",""coordinates"":[106.89502723380247,-6.310664870939639]}"
76_0,1,-6.310664870939639,106.90401038664366,0.035255330869108946,9.635738214191079E-5,0.11591790243967044,1.0779255899236352E-4,"{""geodesic"":false,""type"":""Point"",""coordinates"":[106.90401038664366,-6.310664870939639]}"
77_0,1,-6.310664870939639,106.91299353948486,0.034984051249978,9.625518189797973E-5,0.115913626374023,9.739844244920595E-5,"{""geodesic"":false,""type"":""Point"",""coordinates"":[106.91299353948486,-6.310664870939639]}"
78_0,1,-6.301681718098443,106.77824624686693,0.035750375501665994,1.0269542603195367E-4,0.11564967145309453,1.1325063935809464E-4,"{""geodesic"":false,""type"":""Point"",""coordinates"":[106.77824624686693,-6.301681718098443]}"
79_0,1,-6.301681718098443,106.78722939970812,0.03605993464594641,1.0346225099071871E-4,0.1156745027644846,1.5412388025191356E-4,"{""geodesic"":false,""type"":""Point"",""coordinates"":[106.78722939970812,-6.301681718098443]}"
80_0,1,-6.301681718098443,106.79621255254932,0.03603490735974327,1.032414147628797E-4,0.11567868926172271,1.577609171672895E-4,"{""geodesic"":false,""type"":""Point"",""coordinates"":[106.79621255254932,-6.301681718098443]}"
81_0,1,-6.301681718098443,106.80519570539052,0.036087376886330964,1.0324141476319147E-4,0.11559429084742442,1.4861492672957886E-4,"{""geodesic"":false,""type"":""Point"",""coordinates"":[106.80519570539052,-6.301681718098443]}"
82_0,1,-6.301681718098443,106.81417885823171,0.03605278333070239,1.0155507063329926E-4,0.11551300611029358,6.662726785477506E-5,"{""geodesic"":false,""type"":""Point"",""coordinates"":[106.81417885823171,-6.301681718098443]}"
83_0,1,-6.301681718098443,106.82316201107291,0.03623598054530649,1.0642780034702734E-4,0.11554060876387169,-3.684322049221703E-5,"{""geodesic"":false,""type"":""Point"",""coordinates"":[106.82316201107291,-6.301681718098443]}"
84_0,1,-6.301681718098443,106.83214516391409,0.03610449025108592,1.0642780034679104E-4,0.11553622874106588,-1.7168018032484738E-6,"{""geodesic"":false,""type"":""Point"",""coordinates"":[106.83214516391409,-6.301681718098443]}"
85_0,1,-6.301681718098443,106.84112831675529,0.036225546151426126,1.0642780034694227E-4,0.1157548121334835,2.871491233238258E-5,"{""geodesic"":false,""type"":""Point"",""coordinates"":[106.84112831675529,-6.301681718098443]}"
86_0,1,-6.301681718098443,106.85011146959648,0.035715608547106606,1.03713832309754E-4,0.1159006756142072,3.8703583386322064E-5,"{""geodesic"":false,""type"":""Point"",""coordinates"":[106.85011146959648,-6.301681718098443]}"
87_0,1,-6.301681718098443,106.85909462243768,0.035715608547106606,1.03713832309754E-4,0.1159006756142072,3.8703583386322064E-5,"{""geodesic"":false,""type"":""Point"",""coordinates"":[106.85909462243768,-6.301681718098443]}"
88_0,1,-6.301681718098443,106.86807777527888,0.03550181275901154,1.056964217539853E-4,0.11588833949907906,3.756407386387903E-5,"{""geodesic"":false,""type"":""Point"",""coordinates"":[106.86807777527888,-6.301681718098443]}"
89_0,1,-6.301681718098443,106.87706092812007,0.03573741391303771,1.0477116780153278E-4,0.11588940847604534,1.3552546193416567E-4,"{""geodesic"":false,""type"":""Point"",""coordinates"":[106.87706092812007,-6.301681718098443]}"
90_0,1,-6.301681718098443,106.88604408096127,0.03570897132155818,1.0565897163985294E-4,0.11590192023006429,1.1203274311043373E-4,"{""geodesic"":false,""type"":""Point"",""coordinates"":[106.88604408096127,-6.301681718098443]}"
91_0,1,-6.301681718098443,106.89502723380247,0.0355653641745203,1.0133174483649022E-4,0.11578764251804174,1.0779255916798608E-4,"{""geodesic"":false,""type"":""Point"",""coordinates"":[106.89502723380247,-6.301681718098443]}"
92_0,1,-6.301681718098443,106.90401038664366,0.03544378280642242,1.0516263754039136E-4,0.11603660227201693,9.748914029189616E-5,"{""geodesic"":false,""type"":""Point"",""coordinates"":[106.90401038664366,-6.301681718098443]}"
93_0,1,-6.301681718098443,106.91299353948486,0.0352412582103122,1.0049259491899334E-4,0.11590996191285732,5.3473017230336015E-5,"{""geodesic"":false,""type"":""Point"",""coordinates"":[106.91299353948486,-6.301681718098443]}"
94_0,1,-6.292698565257249,106.76926309402573,0.03559937416823556,1.0254342983300056E-4,0.11563301595676297,1.0657754993128709E-4,"{""geodesic"":false,""type"":""Point"",""coordinates"":[106.76926309402573,-6.292698565257249]}"
95_0,1,-6.292698565257249,106.77824624686693,0.03546695697706705,1.0253028672839184E-4,0.11564864091162176,1.1183150294213855E-4,"{""geodesic"":false,""type"":""Point"",""coordinates"":[106.77824624686693,-6.292698565257249]}"
96_0,1,-6.292698565257249,106.78722939970812,0.03547669557468076,1.0910852261109412E-4,0.11565878213597948,1.5412387395834058E-4,"{""geodesic"":false,""type"":""Point"",""coordinates"":[106.78722939970812,-6.292698565257249]}"
97_0,1,-6.292698565257249,106.79621255254932,0.03553164350980201,1.0807987514333678E-4,0.11568217689058337,1.8286059801633832E-4,"{""geodesic"":false,""type"":""Point"",""coordinates"":[106.79621255254932,-6.292698565257249]}"
98_0,1,-6.292698565257249,106.80519570539052,0.03530340819751747,1.0820567691530164E-4,0.11568361772382749,2.0006956765416173E-4,"{""geodesic"":false,""type"":""Point"",""coordinates"":[106.80519570539052,-6.292698565257249]}"
99_0,1,-6.292698565257249,106.81417885823171,0.035672521209392766,1.062919230268812E-4,0.1155446241300847,1.031702267938209E-4,"{""geodesic"":false,""type"":""Point"",""coordinates"":[106.81417885823171,-6.292698565257249]}"
100_0,1,-6.292698565257249,106.82316201107291,0.03609574149224538,1.0997624990532374E-4,0.11553722294819542,4.119547149099277E-5,"{""geodesic"":false,""type"":""Point"",""coordinates"":[106.82316201107291,-6.292698565257249]}"
101_0,1,-6.292698565257249,106.83214516391409,0.03649020537309349,1.0997625024839317E-4,0.1156109249390457,4.72869834978836E-5,"{""geodesic"":false,""type"":""Point"",""coordinates"":[106.83214516391409,-6.292698565257249]}"
102_0,1,-6.292698565257249,106.84112831675529,0.03604888297142931,1.0886663736777868E-4,0.11570803473435172,4.397573062562391E-5,"{""geodesic"":false,""type"":""Point"",""coordinates"":[106.84112831675529,-6.292698565257249]}"
103_0,1,-6.292698565257249,106.85011146959648,0.03571485387879335,1.0677219022780978E-4,0.11589615919649883,4.6273211452056964E-5,"{""geodesic"":false,""type"":""Point"",""coordinates"":[106.85011146959648,-6.292698565257249]}"
104_0,1,-6.292698565257249,106.85909462243768,0.03571485387879335,1.0677219022780978E-4,0.11589615919649883,4.6273211452056964E-5,"{""geodesic"":false,""type"":""Point"",""coordinates"":[106.85909462243768,-6.292698565257249]}"
105_0,1,-6.292698565257249,106.86807777527888,0.03551406970489219,1.0890690464311227E-4,0.1157934773849592,3.5049502912499916E-5,"{""geodesic"":false,""type"":""Point"",""coordinates"":[106.86807777527888,-6.292698565257249]}"
106_0,1,-6.292698565257249,106.87706092812007,0.03571560854708123,1.089069046427834E-4,0.11586498853549432,1.3870496075140749E-4,"{""geodesic"":false,""type"":""Point"",""coordinates"":[106.87706092812007,-6.292698565257249]}"
107_0,1,-6.292698565257249,106.88604408096127,0.03569972794508757,1.0837355196647322E-4,0.11586478910426601,1.4560275303689135E-4,"{""geodesic"":false,""type"":""Point"",""coordinates"":[106.88604408096127,-6.292698565257249]}"
108_0,1,-6.292698565257249,106.89502723380247,0.035570688752541144,1.0625988579698046E-4,0.11594500738834018,1.4529917098107405E-4,"{""geodesic"":false,""type"":""Point"",""coordinates"":[106.89502723380247,-6.292698565257249]}"
109_0,1,-6.292698565257249,106.90401038664366,0.03555969409639627,1.0625988579689554E-4,0.11595866473744883,1.001965824751299E-4,"{""geodesic"":false,""type"":""Point"",""coordinates"":[106.90401038664366,-6.292698565257249]}"
110_0,1,-6.283715412416053,106.76027994118454,0.03553129980964082,1.0494712203818652E-4,0.11565332342468966,6.344190478562364E-5,"{""geodesic"":false,""type"":""Point"",""coordinates"":[106.76027994118454,-6.283715412416053]}"
111_0,1,-6.283715412416053,106.76926309402573,0.03553129980964082,1.0494712203818652E-4,0.11565332342468966,6.344190478562364E-5,"{""geodesic"":false,""type"":""Point"",""coordinates"":[106.76926309402573,-6.283715412416053]}"
112_0,1,-6.283715412416053,106.77824624686693,0.03593986853954699,1.0494711405079002E-4,0.11564959575596853,1.1610164540373178E-4,"{""geodesic"":false,""type"":""Point"",""coordinates"":[106.77824624686693,-6.283715412416053]}"
113_0,1,-6.283715412416053,106.78722939970812,0.03553129980966923,1.0753417084348829E-4,0.11566593327760324,1.784057676562046E-4,"{""geodesic"":false,""type"":""Point"",""coordinates"":[106.78722939970812,-6.283715412416053]}"
114_0,1,-6.283715412416053,106.79621255254932,0.03551784157747703,1.0646418641235817E-4,0.11566031935384512,2.0627751004310426E-4,"{""geodesic"":false,""type"":""Point"",""coordinates"":[106.79621255254932,-6.283715412416053]}"
115_0,1,-6.283715412416053,106.80519570539052,0.035205665815849,1.0915635557955745E-4,0.11557138372459,1.5960338350875527E-4,"{""geodesic"":false,""type"":""Point"",""coordinates"":[106.80519570539052,-6.283715412416053]}"
116_0,1,-6.283715412416053,106.81417885823171,0.03533057987429938,1.1008527079203996E-4,0.1155643566387473,8.637385581258876E-5,"{""geodesic"":false,""type"":""Point"",""coordinates"":[106.81417885823171,-6.283715412416053]}"
117_0,1,-6.283715412416053,106.82316201107291,0.035535303030644734,1.1142063158348499E-4,0.11563578138648975,2.489960120340161E-5,"{""geodesic"":false,""type"":""Point"",""coordinates"":[106.82316201107291,-6.283715412416053]}"
118_0,1,-6.283715412416053,106.83214516391409,0.036067936569427424,1.1996247795439041E-4,0.11575603707830473,3.2534933387787305E-5,"{""geodesic"":false,""type"":""Point"",""coordinates"":[106.83214516391409,-6.283715412416053]}"
119_0,1,-6.283715412416053,106.84112831675529,0.03602927818395934,1.0958585320398315E-4,0.11569990360596345,4.0769902061060006E-5,"{""geodesic"":false,""type"":""Point"",""coordinates"":[106.84112831675529,-6.283715412416053]}"
120_0,1,-6.283715412416053,106.85011146959648,0.03610016281403596,1.0712335532864662E-4,0.11582224042949824,3.5049502912418974E-5,"{""geodesic"":false,""type"":""Point"",""coordinates"":[106.85011146959648,-6.283715412416053]}"
121_0,1,-6.283715412416053,106.85909462243768,0.03610016281403596,1.0712335532864662E-4,0.11582224042949824,3.5049502912418974E-5,"{""geodesic"":false,""type"":""Point"",""coordinates"":[106.85909462243768,-6.283715412416053]}"
122_0,1,-6.283715412416053,106.86807777527888,0.035733284792108806,1.0706307512002137E-4,0.11589737516394456,3.756407386387903E-5,"{""geodesic"":false,""type"":""Point"",""coordinates"":[106.86807777527888,-6.283715412416053]}"
123_0,1,-6.283715412416053,106.87706092812007,0.035705313608260125,1.1260842061542447E-4,0.11588491662344583,9.514583797559084E-5,"{""geodesic"":false,""type"":""Point"",""coordinates"":[106.87706092812007,-6.283715412416053]}"
124_0,1,-6.283715412416053,106.88604408096127,0.035704882167397756,1.0907303976127403E-4,0.11573294550172458,1.3281408272913513E-4,"{""geodesic"":false,""type"":""Point"",""coordinates"":[106.88604408096127,-6.283715412416053]}"
125_0,1,-6.283715412416053,106.89502723380247,0.03545677108579419,1.093291375477317E-4,0.11588217131785512,1.155513305354938E-4,"{""geodesic"":false,""type"":""Point"",""coordinates"":[106.89502723380247,-6.283715412416053]}"
126_0,1,-6.283715412416053,106.90401038664366,0.03543897505324898,1.0728872915471933E-4,0.1158821713180198,1.101484687231966E-4,"{""geodesic"":false,""type"":""Point"",""coordinates"":[106.90401038664366,-6.283715412416053]}"
127_0,1,-6.274732259574858,106.76027994118454,0.03552528098228509,1.0490226362626258E-4,0.11566341849764182,8.269473359270085E-5,"{""geodesic"":false,""type"":""Point"",""coordinates"":[106.76027994118454,-6.274732259574858]}"
128_0,1,-6.274732259574858,106.76926309402573,0.03552528098228509,1.0490226362626258E-4,0.11566341849764182,8.269473359270085E-5,"{""geodesic"":false,""type"":""Point"",""coordinates"":[106.76926309402573,-6.274732259574858]}"
129_0,1,-6.274732259574858,106.77824624686693,0.0357736684381747,1.0783427413285686E-4,0.11566843950027043,1.3253703914561617E-4,"{""geodesic"":false,""type"":""Point"",""coordinates"":[106.77824624686693,-6.274732259574858]}"
130_0,1,-6.274732259574858,106.78722939970812,0.03550428998242479,1.1387919249750703E-4,0.11560436966176788,1.9106167930212884E-4,"{""geodesic"":false,""type"":""Point"",""coordinates"":[106.78722939970812,-6.274732259574858]}"
131_0,1,-6.274732259574858,106.79621255254932,0.0356457550078923,1.1278726742612141E-4,0.11557707010758975,2.016745274888144E-4,"{""geodesic"":false,""type"":""Point"",""coordinates"":[106.79621255254932,-6.274732259574858]}"
132_0,1,-6.274732259574858,106.80519570539052,0.03529196726763412,1.0937237560203393E-4,0.11556360011675765,1.6429493818787499E-4,"{""geodesic"":false,""type"":""Point"",""coordinates"":[106.80519570539052,-6.274732259574858]}"
133_0,1,-6.274732259574858,106.81417885823171,0.03551784157755906,1.0793394418830218E-4,0.11556890445326323,4.2311173198640944E-5,"{""geodesic"":false,""type"":""Point"",""coordinates"":[106.81417885823171,-6.274732259574858]}"
134_0,1,-6.274732259574858,106.82316201107291,0.035791006317517575,1.0993495765685228E-4,0.11555249409283569,1.1522753993624422E-5,"{""geodesic"":false,""type"":""Point"",""coordinates"":[106.82316201107291,-6.274732259574858]}"
135_0,1,-6.274732259574858,106.83214516391409,0.03601016104227178,1.086832307921155E-4,0.11564618865464958,-3.5159322663947445E-7,"{""geodesic"":false,""type"":""Point"",""coordinates"":[106.83214516391409,-6.274732259574858]}"
136_0,1,-6.274732259574858,106.84112831675529,0.03578890984252053,1.0969548843992226E-4,0.11573254899351962,5.826920149929028E-5,"{""geodesic"":false,""type"":""Point"",""coordinates"":[106.84112831675529,-6.274732259574858]}"
137_0,1,-6.274732259574858,106.85011146959648,0.03581237931807179,1.0890690464287045E-4,0.1158937029539843,6.599968151965999E-5,"{""geodesic"":false,""type"":""Point"",""coordinates"":[106.85011146959648,-6.274732259574858]}"
138_0,1,-6.274732259574858,106.85909462243768,0.03581237931807179,1.0890690464287045E-4,0.1158937029539843,6.599968151965999E-5,"{""geodesic"":false,""type"":""Point"",""coordinates"":[106.85909462243768,-6.274732259574858]}"
139_0,1,-6.274732259574858,106.86807777527888,0.03606500650544527,1.0910585837884169E-4,0.11580577801968031,1.3900854537518862E-4,"{""geodesic"":false,""type"":""Point"",""coordinates"":[106.86807777527888,-6.274732259574858]}"
140_0,1,-6.274732259574858,106.87706092812007,0.03606839045556143,1.1260842157690624E-4,0.11588463301276358,1.2887772754748009E-4,"{""geodesic"":false,""type"":""Point"",""coordinates"":[106.87706092812007,-6.274732259574858]}"
141_0,1,-6.274732259574858,106.88604408096127,0.03605437900129221,1.0909404449105529E-4,0.11577473208326976,1.3427223166239782E-4,"{""geodesic"":false,""type"":""Point"",""coordinates"":[106.88604408096127,-6.274732259574858]}"
142_0,1,-6.274732259574858,106.89502723380247,0.03573217968745725,1.0924665253334847E-4,0.1158821713178654,1.3368521681720163E-5,"{""geodesic"":false,""type"":""Point"",""coordinates"":[106.89502723380247,-6.274732259574858]}"
143_0,1,-6.274732259574858,106.90401038664366,0.035573107669184964,1.092466518398805E-4,0.11589844152579483,2.0969785651592044E-5,"{""geodesic"":false,""type"":""Point"",""coordinates"":[106.90401038664366,-6.274732259574858]}"
144_0,1,-6.265749106733662,106.75129678834334,0.03552338882715499,1.0778260548243347E-4,0.11563982814543455,4.496324973343839E-6,"{""geodesic"":false,""type"":""Point"",""coordinates"":[106.75129678834334,-6.265749106733662]}"
145_0,1,-6.265749106733662,106.76027994118454,0.03550756946209007,1.0785132568959305E-4,0.11565273851165725,5.8504794651574036E-5,"{""geodesic"":false,""type"":""Point"",""coordinates"":[106.76027994118454,-6.265749106733662]}"
146_0,1,-6.265749106733662,106.76926309402573,0.03550756946209007,1.0785132568959305E-4,0.11565273851165725,5.8504794651574036E-5,"{""geodesic"":false,""type"":""Point"",""coordinates"":[106.76926309402573,-6.265749106733662]}"
147_0,1,-6.265749106733662,106.77824624686693,0.03550756946203961,1.1266954498857285E-4,0.11564663797610016,1.1596085420094588E-4,"{""geodesic"":false,""type"":""Point"",""coordinates"":[106.77824624686693,-6.265749106733662]}"
148_0,1,-6.265749106733662,106.78722939970812,0.035525280982234606,1.1889835877802535E-4,0.11564050436043163,1.1905774033239797E-4,"{""geodesic"":false,""type"":""Point"",""coordinates"":[106.78722939970812,-6.265749106733662]}"
149_0,1,-6.265749106733662,106.79621255254932,0.03551430255177552,1.0828872404024797E-4,0.11564582335064708,1.72064655386139E-4,"{""geodesic"":false,""type"":""Point"",""coordinates"":[106.79621255254932,-6.265749106733662]}"
150_0,1,-6.265749106733662,106.80519570539052,0.035330211419996406,1.0822200311389828E-4,0.11560908042848837,1.6046858321999366E-4,"{""geodesic"":false,""type"":""Point"",""coordinates"":[106.80519570539052,-6.265749106733662]}"
151_0,1,-6.265749106733662,106.81417885823171,0.03526962986430263,1.0859126565868054E-4,0.115659365719054,6.475881095926233E-5,"{""geodesic"":false,""type"":""Point"",""coordinates"":[106.81417885823171,-6.265749106733662]}"
152_0,1,-6.265749106733662,106.82316201107291,0.03576254822165246,1.1019015402872252E-4,0.11575151963665542,7.05877881329607E-5,"{""geodesic"":false,""type"":""Point"",""coordinates"":[106.82316201107291,-6.265749106733662]}"
153_0,1,-6.265749106733662,106.83214516391409,0.03590237680803448,1.0919010183576903E-4,0.11563555651198525,-7.476599608972941E-6,"{""geodesic"":false,""type"":""Point"",""coordinates"":[106.83214516391409,-6.265749106733662]}"
154_0,1,-6.265749106733662,106.84112831675529,0.03576855088132861,9.726891283173115E-5,0.11580497780386093,-2.5041219942032932E-6,"{""geodesic"":false,""type"":""Point"",""coordinates"":[106.84112831675529,-6.265749106733662]}"
155_0,1,-6.265749106733662,106.85011146959648,0.03552849275531774,9.994417617043165E-5,0.1158621015985549,6.599967896876582E-5,"{""geodesic"":false,""type"":""Point"",""coordinates"":[106.85011146959648,-6.265749106733662]}"
156_0,1,-6.265749106733662,106.85909462243768,0.03552849275531774,9.994417617043165E-5,0.1158621015985549,6.599967896876582E-5,"{""geodesic"":false,""type"":""Point"",""coordinates"":[106.85909462243768,-6.265749106733662]}"
157_0,1,-6.265749106733662,106.86807777527888,0.03572346111979512,1.0508550832663549E-4,0.11565645365262486,7.324617698682489E-5,"{""geodesic"":false,""type"":""Point"",""coordinates"":[106.86807777527888,-6.265749106733662]}"
158_0,1,-6.265749106733662,106.87706092812007,0.035512316971967585,1.0858852966443887E-4,0.11581630301629836,9.3246584583409E-5,"{""geodesic"":false,""type"":""Point"",""coordinates"":[106.87706092812007,-6.265749106733662]}"
159_0,1,-6.265749106733662,106.88604408096127,0.03568944369879562,1.0905424481039573E-4,0.11581651866454767,1.2887772754786926E-4,"{""geodesic"":false,""type"":""Point"",""coordinates"":[106.88604408096127,-6.265749106733662]}"
160_0,1,-6.265749106733662,106.89502723380247,0.03554604552724547,1.0887249290206837E-4,0.11588407728137376,1.0469462722533616E-4,"{""geodesic"":false,""type"":""Point"",""coordinates"":[106.89502723380247,-6.265749106733662]}"
161_0,1,-6.265749106733662,106.90401038664366,0.03525044712854736,1.0350604861727398E-4,0.11587527145925834,9.329571011620814E-5,"{""geodesic"":false,""type"":""Point"",""coordinates"":[106.90401038664366,-6.265749106733662]}"
162_0,1,-6.256765953892468,106.76027994118454,0.03548435028645328,1.103068949508305E-4,0.11582024339918202,9.753373242870164E-6,"{""geodesic"":false,""type"":""Point"",""coordinates"":[106.76027994118454,-6.256765953892468]}"
163_0,1,-6.256765953892468,106.76926309402573,0.03548435028645328,1.103068949508305E-4,0.11582024339918202,9.753373242870164E-6,"{""geodesic"":false,""type"":""Point"",""coordinates"":[106.76926309402573,-6.256765953892468]}"
164_0,1,-6.256765953892468,106.77824624686693,0.03547070899513486,1.2016263768946557E-4,0.11581306154298125,2.387230961174668E-5,"{""geodesic"":false,""type"":""Point"",""coordinates"":[106.77824624686693,-6.256765953892468]}"
165_0,1,-6.256765953892468,106.78722939970812,0.035517145928910844,1.2087640551755117E-4,0.11586178401946044,3.832869451976937E-5,"{""geodesic"":false,""type"":""Point"",""coordinates"":[106.78722939970812,-6.256765953892468]}"
166_0,1,-6.256765953892468,106.79621255254932,0.035472749186471635,1.2064298149311889E-4,0.11578201983853648,8.769240898795596E-5,"{""geodesic"":false,""type"":""Point"",""coordinates"":[106.79621255254932,-6.256765953892468]}"
167_0,1,-6.256765953892468,106.80519570539052,0.0354724196418725,1.1167002778200819E-4,0.11565728259811563,2.7107822482038683E-5,"{""geodesic"":false,""type"":""Point"",""coordinates"":[106.80519570539052,-6.256765953892468]}"
168_0,1,-6.256765953892468,106.81417885823171,0.03528856785116237,1.208776324603783E-4,0.11565155237922624,-3.052257397942189E-7,"{""geodesic"":false,""type"":""Point"",""coordinates"":[106.81417885823171,-6.256765953892468]}"
169_0,1,-6.256765953892468,106.82316201107291,0.03577919850426139,1.1287681304215424E-4,0.11576897505373776,-1.1352619056772433E-5,"{""geodesic"":false,""type"":""Point"",""coordinates"":[106.82316201107291,-6.256765953892468]}"
170_0,1,-6.256765953892468,106.83214516391409,0.035756427799679566,1.0869477782154293E-4,0.11578154900876862,-3.0527271292838294E-6,"{""geodesic"":false,""type"":""Point"",""coordinates"":[106.83214516391409,-6.256765953892468]}"
171_0,1,-6.256765953892468,106.84112831675529,0.03526407787086593,1.0979708748852061E-4,0.11604205988589071,7.645682716098539E-5,"{""geodesic"":false,""type"":""Point"",""coordinates"":[106.84112831675529,-6.256765953892468]}"
172_0,1,-6.256765953892468,106.85011146959648,0.03529426007282556,1.0521952807905828E-4,0.11582073963004402,6.59996795173481E-5,"{""geodesic"":false,""type"":""Point"",""coordinates"":[106.85011146959648,-6.256765953892468]}"
173_0,1,-6.256765953892468,106.85909462243768,0.03529426007282556,1.0521952807905828E-4,0.11582073963004402,6.59996795173481E-5,"{""geodesic"":false,""type"":""Point"",""coordinates"":[106.85909462243768,-6.256765953892468]}"
174_0,1,-6.256765953892468,106.86807777527888,0.03523477769345857,1.0482665429149669E-4,0.11579105862856438,9.967068399435223E-5,"{""geodesic"":false,""type"":""Point"",""coordinates"":[106.86807777527888,-6.256765953892468]}"
175_0,1,-6.256765953892468,106.87706092812007,0.03525373979445332,1.0871013109651747E-4,0.11578323160561432,7.895539463601711E-5,"{""geodesic"":false,""type"":""Point"",""coordinates"":[106.87706092812007,-6.256765953892468]}"
176_0,1,-6.256765953892468,106.88604408096127,0.03524854779249179,1.0535961130454422E-4,0.11592544876877901,1.0802049337598369E-4,"{""geodesic"":false,""type"":""Point"",""coordinates"":[106.88604408096127,-6.256765953892468]}"
177_0,1,-6.256765953892468,106.89502723380247,0.03524854779241353,1.0407431215297508E-4,0.11603825365374182,9.723275107522843E-5,"{""geodesic"":false,""type"":""Point"",""coordinates"":[106.89502723380247,-6.256765953892468]}"
178_0,1,-6.256765953892468,106.90401038664366,0.03524854779238536,1.0140873292939532E-4,0.1160301136585414,8.8535704373631E-5,"{""geodesic"":false,""type"":""Point"",""coordinates"":[106.90401038664366,-6.256765953892468]}"
179_0,1,-6.256765953892468,106.91299353948486,0.035251926630792504,9.729827280100328E-5,0.11588192878620922,1.25722080367572E-4,"{""geodesic"":false,""type"":""Point"",""coordinates"":[106.91299353948486,-6.256765953892468]}"
180_0,1,-6.247782801051272,106.75129678834334,0.03575435619529665,1.1022607422729751E-4,0.11581074123543268,-4.775551637325082E-5,"{""geodesic"":false,""type"":""Point"",""coordinates"":[106.75129678834334,-6.247782801051272]}"
181_0,1,-6.247782801051272,106.76027994118454,0.03579126404475137,1.1683801130866907E-4,0.115926820905724,-3.2440838955445114E-5,"{""geodesic"":false,""type"":""Point"",""coordinates"":[106.76027994118454,-6.247782801051272]}"
182_0,1,-6.247782801051272,106.76926309402573,0.03579126404475137,1.1683801130866907E-4,0.115926820905724,-3.2440838955445114E-5,"{""geodesic"":false,""type"":""Point"",""coordinates"":[106.76926309402573,-6.247782801051272]}"
183_0,1,-6.247782801051272,106.77824624686693,0.03590341643116878,1.1765456390744106E-4,0.11587949471648412,4.095321574713244E-6,"{""geodesic"":false,""type"":""Point"",""coordinates"":[106.77824624686693,-6.247782801051272]}"
184_0,1,-6.247782801051272,106.78722939970812,0.035459334006304376,1.2094294987625271E-4,0.11597829308068655,9.186791322663083E-6,"{""geodesic"":false,""type"":""Point"",""coordinates"":[106.78722939970812,-6.247782801051272]}"
185_0,1,-6.247782801051272,106.79621255254932,0.035704351878163565,1.2396622327405757E-4,0.115836457170264,2.605614743460681E-5,"{""geodesic"":false,""type"":""Point"",""coordinates"":[106.79621255254932,-6.247782801051272]}"
186_0,1,-6.247782801051272,106.80519570539052,0.03549028154190077,1.2750190702104114E-4,0.11588548786410771,-1.931644848034517E-5,"{""geodesic"":false,""type"":""Point"",""coordinates"":[106.80519570539052,-6.247782801051272]}"
187_0,1,-6.247782801051272,106.81417885823171,0.035598553717165596,1.2750190702122234E-4,0.11578516155441763,-3.280689816167943E-5,"{""geodesic"":false,""type"":""Point"",""coordinates"":[106.81417885823171,-6.247782801051272]}"
188_0,1,-6.247782801051272,106.82316201107291,0.03598813034641937,1.2750190702104114E-4,0.11580685620472249,-6.39096964586388E-5,"{""geodesic"":false,""type"":""Point"",""coordinates"":[106.82316201107291,-6.247782801051272]}"
189_0,1,-6.247782801051272,106.83214516391409,0.035264133853884286,1.1848115644638896E-4,0.11578852781491134,-1.3575184545623911E-5,"{""geodesic"":false,""type"":""Point"",""coordinates"":[106.83214516391409,-6.247782801051272]}"
190_0,1,-6.247782801051272,106.84112831675529,0.03525459623103215,1.1220732752516444E-4,0.11602085863861067,1.0665583290407975E-5,"{""geodesic"":false,""type"":""Point"",""coordinates"":[106.84112831675529,-6.247782801051272]}"
191_0,1,-6.247782801051272,106.85011146959648,0.03536953945431677,1.0723636387316972E-4,0.11584607676173767,6.740927668198551E-5,"{""geodesic"":false,""type"":""Point"",""coordinates"":[106.85011146959648,-6.247782801051272]}"
192_0,1,-6.247782801051272,106.85909462243768,0.03536953945431677,1.0723636387316972E-4,0.11584607676173767,6.740927668198551E-5,"{""geodesic"":false,""type"":""Point"",""coordinates"":[106.85909462243768,-6.247782801051272]}"
193_0,1,-6.247782801051272,106.86807777527888,0.03524861945093217,1.0953365926997785E-4,0.11589382273527733,9.967068399435223E-5,"{""geodesic"":false,""type"":""Point"",""coordinates"":[106.86807777527888,-6.247782801051272]}"
194_0,1,-6.247782801051272,106.87706092812007,0.0352362274798286,1.0905141506164587E-4,0.11591878197365349,6.365597547202871E-5,"{""geodesic"":false,""type"":""Point"",""coordinates"":[106.87706092812007,-6.247782801051272]}"
195_0,1,-6.247782801051272,106.88604408096127,0.035254074260649575,1.0706501546981937E-4,0.11602315604705535,9.324658458369057E-5,"{""geodesic"":false,""type"":""Point"",""coordinates"":[106.88604408096127,-6.247782801051272]}"
196_0,1,-6.247782801051272,106.89502723380247,0.035228289882605714,1.0412901394222898E-4,0.11603986443389086,6.371933697776159E-5,"{""geodesic"":false,""type"":""Point"",""coordinates"":[106.89502723380247,-6.247782801051272]}"
197_0,1,-6.247782801051272,106.90401038664366,0.03524963371450736,9.678793681702194E-5,0.11602090624049947,6.371933751088461E-5,"{""geodesic"":false,""type"":""Point"",""coordinates"":[106.90401038664366,-6.247782801051272]}"
198_0,1,-6.247782801051272,106.91299353948486,0.03496235795324744,9.429386132386038E-5,0.11596866145729162,9.843872831994657E-5,"{""geodesic"":false,""type"":""Point"",""coordinates"":[106.91299353948486,-6.247782801051272]}"
199_0,1,-6.247782801051272,106.92197669232606,0.03500314181047563,9.261388180991712E-5,0.11588706606232949,7.718649340500665E-5,"{""geodesic"":false,""type"":""Point"",""coordinates"":[106.92197669232606,-6.247782801051272]}"
200_0,1,-6.247782801051272,106.93095984516725,0.03503306442533416,9.276622493132327E-5,0.11588644050071213,1.012137857364913E-4,"{""geodesic"":false,""type"":""Point"",""coordinates"":[106.93095984516725,-6.247782801051272]}"
201_0,1,-6.247782801051272,106.93994299800845,0.03503306442533416,9.276622493132327E-5,0.11588644050071213,1.012137857364913E-4,"{""geodesic"":false,""type"":""Point"",""coordinates"":[106.93994299800845,-6.247782801051272]}"
202_0,1,-6.238799648210077,106.75129678834334,0.036002049222566924,1.2136177683187055E-4,0.11580181818595915,-1.8322786393299642E-5,"{""geodesic"":false,""type"":""Point"",""coordinates"":[106.75129678834334,-6.238799648210077]}"
203_0,1,-6.238799648210077,106.76027994118454,0.036002049222618085,1.261272409466199E-4,0.11579258113218466,-1.5179939346565272E-5,"{""geodesic"":false,""type"":""Point"",""coordinates"":[106.76027994118454,-6.238799648210077]}"
204_0,1,-6.238799648210077,106.76926309402573,0.036002049222618085,1.261272409466199E-4,0.11579258113218466,-1.5179939346565272E-5,"{""geodesic"":false,""type"":""Point"",""coordinates"":[106.76926309402573,-6.238799648210077]}"
205_0,1,-6.238799648210077,106.77824624686693,0.03601470549354146,1.3121496351836467E-4,0.11596919262408512,7.269011734425385E-6,"{""geodesic"":false,""type"":""Point"",""coordinates"":[106.77824624686693,-6.238799648210077]}"
206_0,1,-6.238799648210077,106.78722939970812,0.036040142178513826,1.2880967876587775E-4,0.11597919056891444,1.7063847652359361E-6,"{""geodesic"":false,""type"":""Point"",""coordinates"":[106.78722939970812,-6.238799648210077]}"
207_0,1,-6.238799648210077,106.79621255254932,0.03574479440647325,1.2750190834618673E-4,0.1157495451041824,1.5323232673848748E-6,"{""geodesic"":false,""type"":""Point"",""coordinates"":[106.79621255254932,-6.238799648210077]}"
208_0,1,-6.238799648210077,106.80519570539052,0.035749120528832355,1.2785087341352558E-4,0.11572981628455661,-1.71218264346722E-5,"{""geodesic"":false,""type"":""Point"",""coordinates"":[106.80519570539052,-6.238799648210077]}"
209_0,1,-6.238799648210077,106.81417885823171,0.03569179107693002,1.315309600614625E-4,0.11581582299376882,-2.329649822314947E-5,"{""geodesic"":false,""type"":""Point"",""coordinates"":[106.81417885823171,-6.238799648210077]}"
210_0,1,-6.238799648210077,106.82316201107291,0.03575514374358712,1.2750190702104114E-4,0.11592496054006779,-1.5943962761428875E-5,"{""geodesic"":false,""type"":""Point"",""coordinates"":[106.82316201107291,-6.238799648210077]}"
211_0,1,-6.238799648210077,106.83214516391409,0.03540278742622849,1.2083358208391191E-4,0.1159696513911439,1.681687599215707E-5,"{""geodesic"":false,""type"":""Point"",""coordinates"":[106.83214516391409,-6.238799648210077]}"
212_0,1,-6.238799648210077,106.84112831675529,0.03524449770164104,1.1853563308048852E-4,0.11596471927188184,-7.0072937320703295E-6,"{""geodesic"":false,""type"":""Point"",""coordinates"":[106.84112831675529,-6.238799648210077]}"
213_0,1,-6.238799648210077,106.85011146959648,0.035236262912265524,1.1299639299970786E-4,0.11594706028692914,8.445858838962909E-6,"{""geodesic"":false,""type"":""Point"",""coordinates"":[106.85011146959648,-6.238799648210077]}"
214_0,1,-6.238799648210077,106.85909462243768,0.035236262912265524,1.1299639299970786E-4,0.11594706028692914,8.445858838962909E-6,"{""geodesic"":false,""type"":""Point"",""coordinates"":[106.85909462243768,-6.238799648210077]}"
215_0,1,-6.238799648210077,106.86807777527888,0.03525343845251421,1.1352649287866305E-4,0.11594706028718658,4.154100894346659E-5,"{""geodesic"":false,""type"":""Point"",""coordinates"":[106.86807777527888,-6.238799648210077]}"
216_0,1,-6.238799648210077,106.87706092812007,0.03514823265121644,1.0890869604175788E-4,0.115850784260806,1.3296713469356058E-5,"{""geodesic"":false,""type"":""Point"",""coordinates"":[106.87706092812007,-6.238799648210077]}"
217_0,1,-6.238799648210077,106.88604408096127,0.03503454413156865,1.0392998644788532E-4,0.11601943086545323,6.72338695344052E-5,"{""geodesic"":false,""type"":""Point"",""coordinates"":[106.88604408096127,-6.238799648210077]}"
218_0,1,-6.238799648210077,106.89502723380247,0.035236226391133336,1.0288011970006971E-4,0.11614940862393627,4.6670481269259286E-5,"{""geodesic"":false,""type"":""Point"",""coordinates"":[106.89502723380247,-6.238799648210077]}"
219_0,1,-6.238799648210077,106.90401038664366,0.03500715436893189,9.34676749076525E-5,0.1161033622918888,6.396986182276698E-5,"{""geodesic"":false,""type"":""Point"",""coordinates"":[106.90401038664366,-6.238799648210077]}"
220_0,1,-6.238799648210077,106.91299353948486,0.03499323853885252,9.394568905711562E-5,0.1160870535833639,8.895793292306922E-5,"{""geodesic"":false,""type"":""Point"",""coordinates"":[106.91299353948486,-6.238799648210077]}"
221_0,1,-6.238799648210077,106.92197669232606,0.03503110915097411,9.23535253714467E-5,0.11607841287580509,1.0045547552189371E-4,"{""geodesic"":false,""type"":""Point"",""coordinates"":[106.92197669232606,-6.238799648210077]}"
222_0,1,-6.238799648210077,106.93095984516725,0.0352487993088146,9.012993821401402E-5,0.11603609380364048,7.567125907056523E-5,"{""geodesic"":false,""type"":""Point"",""coordinates"":[106.93095984516725,-6.238799648210077]}"
223_0,1,-6.238799648210077,106.93994299800845,0.0352487993088146,9.012993821401402E-5,0.11603609380364048,7.567125907056523E-5,"{""geodesic"":false,""type"":""Point"",""coordinates"":[106.93994299800845,-6.238799648210077]}"
224_0,1,-6.2298164953688815,106.74231363550214,0.03603044935492138,1.2955581119246439E-4,0.11566988966304578,-4.410180918054409E-5,"{""geodesic"":false,""type"":""Point"",""coordinates"":[106.74231363550214,-6.2298164953688815]}"
225_0,1,-6.2298164953688815,106.75129678834334,0.036002049222563726,1.3304888739656235E-4,0.11578063537956367,-4.4944195480484754E-5,"{""geodesic"":false,""type"":""Point"",""coordinates"":[106.75129678834334,-6.2298164953688815]}"
226_0,1,-6.2298164953688815,106.76027994118454,0.036002049222614886,1.4753769210084896E-4,0.11580475145502697,-9.79726580856402E-6,"{""geodesic"":false,""type"":""Point"",""coordinates"":[106.76027994118454,-6.2298164953688815]}"
227_0,1,-6.2298164953688815,106.76926309402573,0.036002049222614886,1.4753769210084896E-4,0.11580475145502697,-9.79726580856402E-6,"{""geodesic"":false,""type"":""Point"",""coordinates"":[106.76926309402573,-6.2298164953688815]}"
228_0,1,-6.2298164953688815,106.77824624686693,0.035766649991249226,1.4370807912190785E-4,0.11578813715256726,1.3275900528233196E-5,"{""geodesic"":false,""type"":""Point"",""coordinates"":[106.77824624686693,-6.2298164953688815]}"
229_0,1,-6.2298164953688815,106.78722939970812,0.03606700372867046,1.3111265920868754E-4,0.11593252623970707,4.169794508588164E-5,"{""geodesic"":false,""type"":""Point"",""coordinates"":[106.78722939970812,-6.2298164953688815]}"
230_0,1,-6.2298164953688815,106.79621255254932,0.03589211130991513,1.280266787624893E-4,0.11586188152415194,6.813903179028813E-5,"{""geodesic"":false,""type"":""Point"",""coordinates"":[106.79621255254932,-6.2298164953688815]}"
231_0,1,-6.2298164953688815,106.80519570539052,0.035817498962139295,1.3160671615411497E-4,0.11589468413800684,1.5027197959752737E-5,"{""geodesic"":false,""type"":""Point"",""coordinates"":[106.80519570539052,-6.2298164953688815]}"
232_0,1,-6.2298164953688815,106.81417885823171,0.03577831823631025,1.3122209218784708E-4,0.11590704031500965,1.8900616966973684E-5,"{""geodesic"":false,""type"":""Point"",""coordinates"":[106.81417885823171,-6.2298164953688815]}"
233_0,1,-6.2298164953688815,106.82316201107291,0.035741461036512025,1.2913946083943759E-4,0.11578825171102747,-7.811286888041657E-6,"{""geodesic"":false,""type"":""Point"",""coordinates"":[106.82316201107291,-6.2298164953688815]}"
234_0,1,-6.2298164953688815,106.83214516391409,0.035503943046721984,1.24393403409487E-4,0.1160240469410549,3.485077718381815E-5,"{""geodesic"":false,""type"":""Point"",""coordinates"":[106.83214516391409,-6.2298164953688815]}"
235_0,1,-6.2298164953688815,106.84112831675529,0.035471170913259326,1.2124345342741968E-4,0.11600981105823575,6.99039393070695E-6,"{""geodesic"":false,""type"":""Point"",""coordinates"":[106.84112831675529,-6.2298164953688815]}"
236_0,1,-6.2298164953688815,106.85011146959648,0.03524651332597038,1.2404585140748714E-4,0.11589883595708728,5.3908849817676834E-5,"{""geodesic"":false,""type"":""Point"",""coordinates"":[106.85011146959648,-6.2298164953688815]}"
237_0,1,-6.2298164953688815,106.85909462243768,0.03524651332597038,1.2404585140748714E-4,0.11589883595708728,5.3908849817676834E-5,"{""geodesic"":false,""type"":""Point"",""coordinates"":[106.85909462243768,-6.2298164953688815]}"
238_0,1,-6.2298164953688815,106.86807777527888,0.0352415181696172,1.2145844098332368E-4,0.11601873014961107,3.4059926523488886E-5,"{""geodesic"":false,""type"":""Point"",""coordinates"":[106.86807777527888,-6.2298164953688815]}"
239_0,1,-6.2298164953688815,106.87706092812007,0.03527287786730804,1.1360994114201267E-4,0.11601638313666829,3.597674882370078E-5,"{""geodesic"":false,""type"":""Point"",""coordinates"":[106.87706092812007,-6.2298164953688815]}"
240_0,1,-6.2298164953688815,106.88604408096127,0.035255619378785484,1.0820234600481663E-4,0.11600703083110767,6.0914645000273217E-5,"{""geodesic"":false,""type"":""Point"",""coordinates"":[106.88604408096127,-6.2298164953688815]}"
241_0,1,-6.2298164953688815,106.89502723380247,0.03527496895659424,1.0223894189691115E-4,0.11600532010189644,3.237846031072053E-5,"{""geodesic"":false,""type"":""Point"",""coordinates"":[106.89502723380247,-6.2298164953688815]}"
242_0,1,-6.2298164953688815,106.90401038664366,0.035198195887320996,9.697111559331704E-5,0.11609361196340323,8.663377116263942E-5,"{""geodesic"":false,""type"":""Point"",""coordinates"":[106.90401038664366,-6.2298164953688815]}"
243_0,1,-6.2298164953688815,106.91299353948486,0.03505175399588153,9.127580504249052E-5,0.11606370815203054,1.0027794451154842E-4,"{""geodesic"":false,""type"":""Point"",""coordinates"":[106.91299353948486,-6.2298164953688815]}"
244_0,1,-6.2298164953688815,106.92197669232606,0.03504731319850089,8.99587976165562E-5,0.11605850234645496,9.994039748878308E-5,"{""geodesic"":false,""type"":""Point"",""coordinates"":[106.92197669232606,-6.2298164953688815]}"
245_0,1,-6.2298164953688815,106.93095984516725,0.03505422699154964,8.677540026825042E-5,0.11605824435588734,1.1436918066448271E-4,"{""geodesic"":false,""type"":""Point"",""coordinates"":[106.93095984516725,-6.2298164953688815]}"
246_0,1,-6.2298164953688815,106.93994299800845,0.03505422699154964,8.677540026825042E-5,0.11605824435588734,1.1436918066448271E-4,"{""geodesic"":false,""type"":""Point"",""coordinates"":[106.93994299800845,-6.2298164953688815]}"
247_0,1,-6.220833342527687,106.72434732981975,0.03604443591962386,1.3251258512181148E-4,0.11577484048281,-9.566118984813422E-5,"{""geodesic"":false,""type"":""Point"",""coordinates"":[106.72434732981975,-6.220833342527687]}"
248_0,1,-6.220833342527687,106.73333048266095,0.03602547446889335,1.290566443462978E-4,0.11576764769690877,-4.410180918060677E-5,"{""geodesic"":false,""type"":""Point"",""coordinates"":[106.73333048266095,-6.220833342527687]}"
249_0,1,-6.220833342527687,106.74231363550214,0.03603044935492138,1.2955581119246439E-4,0.11566988966304578,-4.410180918054409E-5,"{""geodesic"":false,""type"":""Point"",""coordinates"":[106.74231363550214,-6.220833342527687]}"
250_0,1,-6.220833342527687,106.75129678834334,0.036002049222563726,1.3304888739656235E-4,0.11578063537956367,-4.4944195480484754E-5,"{""geodesic"":false,""type"":""Point"",""coordinates"":[106.75129678834334,-6.220833342527687]}"
251_0,1,-6.220833342527687,106.76027994118454,0.036002049222614886,1.4753769210084896E-4,0.11580475145502697,-9.79726580856402E-6,"{""geodesic"":false,""type"":""Point"",""coordinates"":[106.76027994118454,-6.220833342527687]}"
252_0,1,-6.220833342527687,106.76926309402573,0.036002049222614886,1.4753769210084896E-4,0.11580475145502697,-9.79726580856402E-6,"{""geodesic"":false,""type"":""Point"",""coordinates"":[106.76926309402573,-6.220833342527687]}"
253_0,1,-6.220833342527687,106.77824624686693,0.035766649991249226,1.4370807912190785E-4,0.11578813715256726,1.3275900528233196E-5,"{""geodesic"":false,""type"":""Point"",""coordinates"":[106.77824624686693,-6.220833342527687]}"
254_0,1,-6.220833342527687,106.78722939970812,0.03606700372867046,1.3111265920868754E-4,0.11593252623970707,4.169794508588164E-5,"{""geodesic"":false,""type"":""Point"",""coordinates"":[106.78722939970812,-6.220833342527687]}"
255_0,1,-6.220833342527687,106.79621255254932,0.03589211130991513,1.280266787624893E-4,0.11586188152415194,6.813903179028813E-5,"{""geodesic"":false,""type"":""Point"",""coordinates"":[106.79621255254932,-6.220833342527687]}"
256_0,1,-6.220833342527687,106.80519570539052,0.035817498962139295,1.3160671615411497E-4,0.11589468413800684,1.5027197959752737E-5,"{""geodesic"":false,""type"":""Point"",""coordinates"":[106.80519570539052,-6.220833342527687]}"
257_0,1,-6.220833342527687,106.81417885823171,0.03577831823631025,1.3122209218784708E-4,0.11590704031500965,1.8900616966973684E-5,"{""geodesic"":false,""type"":""Point"",""coordinates"":[106.81417885823171,-6.220833342527687]}"
258_0,1,-6.220833342527687,106.82316201107291,0.035741461036512025,1.2913946083943759E-4,0.11578825171102747,-7.811286888041657E-6,"{""geodesic"":false,""type"":""Point"",""coordinates"":[106.82316201107291,-6.220833342527687]}"
259_0,1,-6.220833342527687,106.83214516391409,0.035503943046721984,1.24393403409487E-4,0.1160240469410549,3.485077718381815E-5,"{""geodesic"":false,""type"":""Point"",""coordinates"":[106.83214516391409,-6.220833342527687]}"
260_0,1,-6.220833342527687,106.84112831675529,0.035471170913259326,1.2124345342741968E-4,0.11600981105823575,6.99039393070695E-6,"{""geodesic"":false,""type"":""Point"",""coordinates"":[106.84112831675529,-6.220833342527687]}"
261_0,1,-6.220833342527687,106.85011146959648,0.03524651332597038,1.2404585140748714E-4,0.11589883595708728,5.3908849817676834E-5,"{""geodesic"":false,""type"":""Point"",""coordinates"":[106.85011146959648,-6.220833342527687]}"
262_0,1,-6.220833342527687,106.85909462243768,0.03524651332597038,1.2404585140748714E-4,0.11589883595708728,5.3908849817676834E-5,"{""geodesic"":false,""type"":""Point"",""coordinates"":[106.85909462243768,-6.220833342527687]}"
263_0,1,-6.220833342527687,106.86807777527888,0.0352415181696172,1.2145844098332368E-4,0.11601873014961107,3.4059926523488886E-5,"{""geodesic"":false,""type"":""Point"",""coordinates"":[106.86807777527888,-6.220833342527687]}"
264_0,1,-6.220833342527687,106.87706092812007,0.03527287786730804,1.1360994114201267E-4,0.11601638313666829,3.597674882370078E-5,"{""geodesic"":false,""type"":""Point"",""coordinates"":[106.87706092812007,-6.220833342527687]}"
265_0,1,-6.220833342527687,106.88604408096127,0.035255619378785484,1.0820234600481663E-4,0.11600703083110767,6.0914645000273217E-5,"{""geodesic"":false,""type"":""Point"",""coordinates"":[106.88604408096127,-6.220833342527687]}"
266_0,1,-6.220833342527687,106.89502723380247,0.03527496895659424,1.0223894189691115E-4,0.11600532010189644,3.237846031072053E-5,"{""geodesic"":false,""type"":""Point"",""coordinates"":[106.89502723380247,-6.220833342527687]}"
267_0,1,-6.220833342527687,106.90401038664366,0.035198195887320996,9.697111559331704E-5,0.11609361196340323,8.663377116263942E-5,"{""geodesic"":false,""type"":""Point"",""coordinates"":[106.90401038664366,-6.220833342527687]}"
268_0,1,-6.220833342527687,106.91299353948486,0.03505175399588153,9.127580504249052E-5,0.11606370815203054,1.0027794451154842E-4,"{""geodesic"":false,""type"":""Point"",""coordinates"":[106.91299353948486,-6.220833342527687]}"
269_0,1,-6.220833342527687,106.92197669232606,0.03504731319850089,8.99587976165562E-5,0.11605850234645496,9.994039748878308E-5,"{""geodesic"":false,""type"":""Point"",""coordinates"":[106.92197669232606,-6.220833342527687]}"
270_0,1,-6.220833342527687,106.93095984516725,0.03505422699154964,8.677540026825042E-5,0.11605824435588734,1.1436918066448271E-4,"{""geodesic"":false,""type"":""Point"",""coordinates"":[106.93095984516725,-6.220833342527687]}"
271_0,1,-6.220833342527687,106.93994299800845,0.03505422699154964,8.677540026825042E-5,0.11605824435588734,1.1436918066448271E-4,"{""geodesic"":false,""type"":""Point"",""coordinates"":[106.93994299800845,-6.220833342527687]}"
272_0,1,-6.220833342527687,106.94892615084963,0.03504161497539238,8.521800884010017E-5,0.11589493975061044,1.1623172504964709E-4,"{""geodesic"":false,""type"":""Point"",""coordinates"":[106.94892615084963,-6.220833342527687]}"
273_0,1,-6.2118501896864915,106.72434732981975,0.03682429680793177,1.265462940525221E-4,0.11593380498585189,-5.630948599519492E-5,"{""geodesic"":false,""type"":""Point"",""coordinates"":[106.72434732981975,-6.2118501896864915]}"
274_0,1,-6.2118501896864915,106.73333048266095,0.03650514933966655,1.2543059710889173E-4,0.11589892598069987,-2.4134143809585337E-5,"{""geodesic"":false,""type"":""Point"",""coordinates"":[106.73333048266095,-6.2118501896864915]}"
275_0,1,-6.2118501896864915,106.74231363550214,0.036497554874873314,1.3045518570133953E-4,0.11576656708101343,-2.2488992788205248E-5,"{""geodesic"":false,""type"":""Point"",""coordinates"":[106.74231363550214,-6.2118501896864915]}"
276_0,1,-6.2118501896864915,106.75129678834334,0.036359351659765914,1.4395237237061997E-4,0.11591729318177743,-2.4197543664620425E-6,"{""geodesic"":false,""type"":""Point"",""coordinates"":[106.75129678834334,-6.2118501896864915]}"
277_0,1,-6.2118501896864915,106.76027994118454,0.03633137699219586,1.436960780081862E-4,0.11579479366703697,-1.8322785763317854E-5,"{""geodesic"":false,""type"":""Point"",""coordinates"":[106.76027994118454,-6.2118501896864915]}"
278_0,1,-6.2118501896864915,106.76926309402573,0.03633137699219586,1.436960780081862E-4,0.11579479366703697,-1.8322785763317854E-5,"{""geodesic"":false,""type"":""Point"",""coordinates"":[106.76926309402573,-6.2118501896864915]}"
279_0,1,-6.2118501896864915,106.77824624686693,0.036056136638385236,1.5320916281771029E-4,0.11592569511977523,1.3393430342309402E-5,"{""geodesic"":false,""type"":""Point"",""coordinates"":[106.77824624686693,-6.2118501896864915]}"
280_0,1,-6.2118501896864915,106.78722939970812,0.03623013191578762,1.455553436231609E-4,0.1161740124224919,5.6835269788246004E-5,"{""geodesic"":false,""type"":""Point"",""coordinates"":[106.78722939970812,-6.2118501896864915]}"
281_0,1,-6.2118501896864915,106.79621255254932,0.035791699326987086,1.3555791304289776E-4,0.11612318629492774,8.409227302770512E-5,"{""geodesic"":false,""type"":""Point"",""coordinates"":[106.79621255254932,-6.2118501896864915]}"
282_0,1,-6.2118501896864915,106.80519570539052,0.035811892703844925,1.3763670671197768E-4,0.11600195891352999,1.0380737522537809E-4,"{""geodesic"":false,""type"":""Point"",""coordinates"":[106.80519570539052,-6.2118501896864915]}"
283_0,1,-6.2118501896864915,106.81417885823171,0.03577833788549155,1.376367084064186E-4,0.11594938565959344,7.748856862943209E-5,"{""geodesic"":false,""type"":""Point"",""coordinates"":[106.81417885823171,-6.2118501896864915]}"
284_0,1,-6.2118501896864915,106.82316201107291,0.035800012369038826,1.3160349063736504E-4,0.11590744470776591,1.9310860070515793E-5,"{""geodesic"":false,""type"":""Point"",""coordinates"":[106.82316201107291,-6.2118501896864915]}"
285_0,1,-6.2118501896864915,106.83214516391409,0.03544102360810617,1.2035795991042987E-4,0.11603272046269304,6.334585081318433E-5,"{""geodesic"":false,""type"":""Point"",""coordinates"":[106.83214516391409,-6.2118501896864915]}"
286_0,1,-6.2118501896864915,106.84112831675529,0.03550964743111245,1.2022618140580865E-4,0.11601552528882514,6.553948530782386E-5,"{""geodesic"":false,""type"":""Point"",""coordinates"":[106.84112831675529,-6.2118501896864915]}"
287_0,1,-6.2118501896864915,106.85011146959648,0.03542979061601419,1.2404585140749814E-4,0.11600777804844568,7.610650711177837E-5,"{""geodesic"":false,""type"":""Point"",""coordinates"":[106.85011146959648,-6.2118501896864915]}"
288_0,1,-6.2118501896864915,106.85909462243768,0.03542979061601419,1.2404585140749814E-4,0.11600777804844568,7.610650711177837E-5,"{""geodesic"":false,""type"":""Point"",""coordinates"":[106.85909462243768,-6.2118501896864915]}"
289_0,1,-6.2118501896864915,106.86807777527888,0.03542979061609286,1.2227307198579886E-4,0.11600914192561784,2.8269996671263166E-5,"{""geodesic"":false,""type"":""Point"",""coordinates"":[106.86807777527888,-6.2118501896864915]}"
290_0,1,-6.2118501896864915,106.87706092812007,0.03532828157762709,1.1352812362004014E-4,0.11599566191418627,3.283285403750666E-5,"{""geodesic"":false,""type"":""Point"",""coordinates"":[106.87706092812007,-6.2118501896864915]}"
291_0,1,-6.2118501896864915,106.88604408096127,0.03522117091858075,1.0529452626549493E-4,0.11599853069544865,3.266086241643113E-5,"{""geodesic"":false,""type"":""Point"",""coordinates"":[106.88604408096127,-6.2118501896864915]}"
292_0,1,-6.2118501896864915,106.89502723380247,0.035233915345738394,1.0409892821705388E-4,0.11601618793422243,5.422817775976382E-5,"{""geodesic"":false,""type"":""Point"",""coordinates"":[106.89502723380247,-6.2118501896864915]}"
293_0,1,-6.2118501896864915,106.90401038664366,0.03502328594905917,9.803496591722467E-5,0.11608156655235047,8.415809134009622E-5,"{""geodesic"":false,""type"":""Point"",""coordinates"":[106.90401038664366,-6.2118501896864915]}"
294_0,1,-6.2118501896864915,106.91299353948486,0.034803697871822595,9.343617222555187E-5,0.11610343339485316,9.073411103522942E-5,"{""geodesic"":false,""type"":""Point"",""coordinates"":[106.91299353948486,-6.2118501896864915]}"
295_0,1,-6.2118501896864915,106.92197669232606,0.03503586896526861,9.016229305035753E-5,0.11615056877144077,9.697467956051968E-5,"{""geodesic"":false,""type"":""Point"",""coordinates"":[106.92197669232606,-6.2118501896864915]}"
296_0,1,-6.2118501896864915,106.93095984516725,0.035035868993186836,8.675949939068077E-5,0.11604424639697561,9.81965051640726E-5,"{""geodesic"":false,""type"":""Point"",""coordinates"":[106.93095984516725,-6.2118501896864915]}"
297_0,1,-6.2118501896864915,106.93994299800845,0.035035868993186836,8.675949939068077E-5,0.11604424639697561,9.81965051640726E-5,"{""geodesic"":false,""type"":""Point"",""coordinates"":[106.93994299800845,-6.2118501896864915]}"
298_0,1,-6.2118501896864915,106.94892615084963,0.035025559633976446,8.311203538926231E-5,0.11579981413312833,1.1261323500040056E-4,"{""geodesic"":false,""type"":""Point"",""coordinates"":[106.94892615084963,-6.2118501896864915]}"
299_0,1,-6.2118501896864915,106.95790930369083,0.03500955549906937,7.518622751159386E-5,0.11579775324089395,1.0093763194171613E-4,"{""geodesic"":false,""type"":""Point"",""coordinates"":[106.95790930369083,-6.2118501896864915]}"
300_0,1,-6.202867036845296,106.72434732981975,0.03697091837721502,1.2975002755402027E-4,0.11591180413953422,1.282750818535399E-5,"{""geodesic"":false,""type"":""Point"",""coordinates"":[106.72434732981975,-6.202867036845296]}"
301_0,1,-6.202867036845296,106.73333048266095,0.03623843751850396,1.299449068029431E-4,0.1159253964822346,3.197358362454683E-5,"{""geodesic"":false,""type"":""Point"",""coordinates"":[106.73333048266095,-6.202867036845296]}"
302_0,1,-6.202867036845296,106.74231363550214,0.0362556541049594,1.3458040718560379E-4,0.11592539648206986,1.5867959497107037E-5,"{""geodesic"":false,""type"":""Point"",""coordinates"":[106.74231363550214,-6.202867036845296]}"
303_0,1,-6.202867036845296,106.75129678834334,0.03658457662545149,1.4048541666663832E-4,0.11611486598841293,1.2475197129350346E-5,"{""geodesic"":false,""type"":""Point"",""coordinates"":[106.75129678834334,-6.202867036845296]}"
304_0,1,-6.202867036845296,106.76027994118454,0.03675353527071781,1.4401937934731377E-4,0.11592463577333627,1.9449083953916798E-6,"{""geodesic"":false,""type"":""Point"",""coordinates"":[106.76027994118454,-6.202867036845296]}"
305_0,1,-6.202867036845296,106.76926309402573,0.03675353527071781,1.4401937934731377E-4,0.11592463577333627,1.9449083953916798E-6,"{""geodesic"":false,""type"":""Point"",""coordinates"":[106.76926309402573,-6.202867036845296]}"
306_0,1,-6.202867036845296,106.77824624686693,0.03624099485395981,1.4782360449306725E-4,0.11609638458062485,5.246655351458963E-5,"{""geodesic"":false,""type"":""Point"",""coordinates"":[106.77824624686693,-6.202867036845296]}"
307_0,1,-6.202867036845296,106.78722939970812,0.03621037011333348,1.427480310669492E-4,0.11605296659332288,7.934587933453403E-5,"{""geodesic"":false,""type"":""Point"",""coordinates"":[106.78722939970812,-6.202867036845296]}"
308_0,1,-6.202867036845296,106.79621255254932,0.03614483027478455,1.355778459169154E-4,0.11599913706633405,9.74537764600881E-5,"{""geodesic"":false,""type"":""Point"",""coordinates"":[106.79621255254932,-6.202867036845296]}"
309_0,1,-6.202867036845296,106.80519570539052,0.035893133149259904,1.4288189025335061E-4,0.11605184917029243,8.861036763838841E-5,"{""geodesic"":false,""type"":""Point"",""coordinates"":[106.80519570539052,-6.202867036845296]}"
310_0,1,-6.202867036845296,106.81417885823171,0.036227442391626105,1.3570901310440165E-4,0.11604960270537486,1.2476240756890478E-4,"{""geodesic"":false,""type"":""Point"",""coordinates"":[106.81417885823171,-6.202867036845296]}"
311_0,1,-6.202867036845296,106.82316201107291,0.03578294926209979,1.363017269153095E-4,0.11604744123974074,5.2486837375989457E-5,"{""geodesic"":false,""type"":""Point"",""coordinates"":[106.82316201107291,-6.202867036845296]}"
312_0,1,-6.202867036845296,106.83214516391409,0.03574368758373558,1.2471732959707502E-4,0.11604484400575045,3.106378062509653E-5,"{""geodesic"":false,""type"":""Point"",""coordinates"":[106.83214516391409,-6.202867036845296]}"
313_0,1,-6.202867036845296,106.84112831675529,0.03576852658863898,1.2608124131419367E-4,0.11600750321833582,3.699103120135275E-5,"{""geodesic"":false,""type"":""Point"",""coordinates"":[106.84112831675529,-6.202867036845296]}"
314_0,1,-6.202867036845296,106.85011146959648,0.03563154793286704,1.2792619842231378E-4,0.1160015088167002,5.757073776103494E-5,"{""geodesic"":false,""type"":""Point"",""coordinates"":[106.85011146959648,-6.202867036845296]}"
315_0,1,-6.202867036845296,106.85909462243768,0.03563154793286704,1.2792619842231378E-4,0.1160015088167002,5.757073776103494E-5,"{""geodesic"":false,""type"":""Point"",""coordinates"":[106.85909462243768,-6.202867036845296]}"
316_0,1,-6.202867036845296,106.86807777527888,0.03577089843063277,1.2605225862085558E-4,0.11614621193607301,6.729594629101228E-5,"{""geodesic"":false,""type"":""Point"",""coordinates"":[106.86807777527888,-6.202867036845296]}"
317_0,1,-6.202867036845296,106.87706092812007,0.03549219792090471,1.2039421649392729E-4,0.11609294265517148,6.365038368750384E-5,"{""geodesic"":false,""type"":""Point"",""coordinates"":[106.87706092812007,-6.202867036845296]}"
318_0,1,-6.202867036845296,106.88604408096127,0.03558561390682237,1.1229756273670764E-4,0.11601892019998397,2.862109542300306E-5,"{""geodesic"":false,""type"":""Point"",""coordinates"":[106.88604408096127,-6.202867036845296]}"
319_0,1,-6.202867036845296,106.89502723380247,0.03516585989179771,1.0125426091046126E-4,0.11600978813502967,5.5252607503562875E-5,"{""geodesic"":false,""type"":""Point"",""coordinates"":[106.89502723380247,-6.202867036845296]}"
320_0,1,-6.202867036845296,106.90401038664366,0.03475885574956858,9.569160542371224E-5,0.11609340853168894,8.415809134027561E-5,"{""geodesic"":false,""type"":""Point"",""coordinates"":[106.90401038664366,-6.202867036845296]}"
321_0,1,-6.202867036845296,106.91299353948486,0.03478685021398054,9.071457739158223E-5,0.11617003749940254,1.0027794451154842E-4,"{""geodesic"":false,""type"":""Point"",""coordinates"":[106.91299353948486,-6.202867036845296]}"
322_0,1,-6.202867036845296,106.92197669232606,0.034758929163270766,9.017106226104349E-5,0.1161339395237033,8.474554488215534E-5,"{""geodesic"":false,""type"":""Point"",""coordinates"":[106.92197669232606,-6.202867036845296]}"
323_0,1,-6.202867036845296,106.93095984516725,0.0347589291631658,8.436972926682007E-5,0.1160528665101653,8.670657886710614E-5,"{""geodesic"":false,""type"":""Point"",""coordinates"":[106.93095984516725,-6.202867036845296]}"
324_0,1,-6.202867036845296,106.93994299800845,0.0347589291631658,8.436972926682007E-5,0.1160528665101653,8.670657886710614E-5,"{""geodesic"":false,""type"":""Point"",""coordinates"":[106.93994299800845,-6.202867036845296]}"
325_0,1,-6.202867036845296,106.94892615084963,0.035060788194392165,8.088320277373599E-5,0.11581061037644594,1.1437818065232415E-4,"{""geodesic"":false,""type"":""Point"",""coordinates"":[106.94892615084963,-6.202867036845296]}"
326_0,1,-6.202867036845296,106.95790930369083,0.03505897846379669,7.532968050444362E-5,0.11580768392822678,9.745518234312166E-5,"{""geodesic"":false,""type"":""Point"",""coordinates"":[106.95790930369083,-6.202867036845296]}"
327_0,1,-6.193883884004101,106.72434732981975,0.037447660305688406,1.3297151973199592E-4,0.11590210686467724,5.616720955000612E-5,"{""geodesic"":false,""type"":""Point"",""coordinates"":[106.72434732981975,-6.193883884004101]}"
328_0,1,-6.193883884004101,106.73333048266095,0.03700812892720057,1.3641047837130226E-4,0.11591513638036748,5.342745209550406E-5,"{""geodesic"":false,""type"":""Point"",""coordinates"":[106.73333048266095,-6.193883884004101]}"
329_0,1,-6.193883884004101,106.74231363550214,0.03697507383690775,1.4028970404595753E-4,0.11591971394624533,1.8236577771537176E-5,"{""geodesic"":false,""type"":""Point"",""coordinates"":[106.74231363550214,-6.193883884004101]}"
330_0,1,-6.193883884004101,106.75129678834334,0.03703119600739429,1.4028970470153935E-4,0.11589808609706378,2.8287465406700516E-5,"{""geodesic"":false,""type"":""Point"",""coordinates"":[106.75129678834334,-6.193883884004101]}"
331_0,1,-6.193883884004101,106.76027994118454,0.03697955729159908,1.453678661599511E-4,0.11609214786488052,4.618507483689302E-5,"{""geodesic"":false,""type"":""Point"",""coordinates"":[106.76027994118454,-6.193883884004101]}"
332_0,1,-6.193883884004101,106.76926309402573,0.03697955729159908,1.453678661599511E-4,0.11609214786488052,4.618507483689302E-5,"{""geodesic"":false,""type"":""Point"",""coordinates"":[106.76926309402573,-6.193883884004101]}"
333_0,1,-6.193883884004101,106.77824624686693,0.03751408684941475,1.4826859646537824E-4,0.11613036001696612,8.141079325439607E-5,"{""geodesic"":false,""type"":""Point"",""coordinates"":[106.77824624686693,-6.193883884004101]}"
334_0,1,-6.193883884004101,106.78722939970812,0.03632814123828747,1.4366254617917108E-4,0.11611452918543204,8.536287971870468E-5,"{""geodesic"":false,""type"":""Point"",""coordinates"":[106.78722939970812,-6.193883884004101]}"
335_0,1,-6.193883884004101,106.79621255254932,0.03608482331040483,1.3627469536909708E-4,0.1160692308863207,1.2450227222881254E-4,"{""geodesic"":false,""type"":""Point"",""coordinates"":[106.79621255254932,-6.193883884004101]}"
336_0,1,-6.193883884004101,106.80519570539052,0.03593927093687665,1.4133236282511767E-4,0.11608274281017963,1.2498143384158538E-4,"{""geodesic"":false,""type"":""Point"",""coordinates"":[106.80519570539052,-6.193883884004101]}"
337_0,1,-6.193883884004101,106.81417885823171,0.036210370560516826,1.4206836594674545E-4,0.11605712236697456,9.85818392008666E-5,"{""geodesic"":false,""type"":""Point"",""coordinates"":[106.81417885823171,-6.193883884004101]}"
338_0,1,-6.193883884004101,106.82316201107291,0.03576340417885119,1.3419864498686256E-4,0.11604710676492151,3.332720983705485E-5,"{""geodesic"":false,""type"":""Point"",""coordinates"":[106.82316201107291,-6.193883884004101]}"
339_0,1,-6.193883884004101,106.83214516391409,0.03577216498680036,1.1971893270869542E-4,0.11605336354522461,8.805918332669248E-5,"{""geodesic"":false,""type"":""Point"",""coordinates"":[106.83214516391409,-6.193883884004101]}"
340_0,1,-6.193883884004101,106.84112831675529,0.03577089806392749,1.2802067201148025E-4,0.11602689236579446,8.809949256076557E-5,"{""geodesic"":false,""type"":""Point"",""coordinates"":[106.84112831675529,-6.193883884004101]}"
341_0,1,-6.193883884004101,106.85011146959648,0.035750129445544815,1.2776153426469482E-4,0.11601339676917828,8.591611694132817E-5,"{""geodesic"":false,""type"":""Point"",""coordinates"":[106.85011146959648,-6.193883884004101]}"
342_0,1,-6.193883884004101,106.85909462243768,0.035750129445544815,1.2776153426469482E-4,0.11601339676917828,8.591611694132817E-5,"{""geodesic"":false,""type"":""Point"",""coordinates"":[106.85909462243768,-6.193883884004101]}"
343_0,1,-6.193883884004101,106.86807777527888,0.0359181190531041,1.2842750585064072E-4,0.11614495327583622,7.037377057281458E-5,"{""geodesic"":false,""type"":""Point"",""coordinates"":[106.86807777527888,-6.193883884004101]}"
344_0,1,-6.193883884004101,106.87706092812007,0.03576980717475176,1.1896572689249518E-4,0.11601734977070435,6.642925055937427E-5,"{""geodesic"":false,""type"":""Point"",""coordinates"":[106.87706092812007,-6.193883884004101]}"
345_0,1,-6.193883884004101,106.88604408096127,0.035570961023870036,1.0530018645524882E-4,0.11603373038935226,3.567259773268555E-5,"{""geodesic"":false,""type"":""Point"",""coordinates"":[106.88604408096127,-6.193883884004101]}"
346_0,1,-6.193883884004101,106.89502723380247,0.03521938223167004,1.016148889902369E-4,0.11600934948302152,4.047113539589605E-5,"{""geodesic"":false,""type"":""Point"",""coordinates"":[106.89502723380247,-6.193883884004101]}"
347_0,1,-6.193883884004101,106.90401038664366,0.03520437081649939,9.585209831957598E-5,0.11612969836246216,8.392411657399344E-5,"{""geodesic"":false,""type"":""Point"",""coordinates"":[106.90401038664366,-6.193883884004101]}"
348_0,1,-6.193883884004101,106.91299353948486,0.03508778251771898,9.012284088650618E-5,0.11628116033733184,8.368759352961009E-5,"{""geodesic"":false,""type"":""Point"",""coordinates"":[106.91299353948486,-6.193883884004101]}"
349_0,1,-6.193883884004101,106.92197669232606,0.03506826157409155,8.695667090811358E-5,0.11628573233784383,5.225377749454513E-5,"{""geodesic"":false,""type"":""Point"",""coordinates"":[106.92197669232606,-6.193883884004101]}"
350_0,1,-6.193883884004101,106.93095984516725,0.03507730644199151,8.268799042157813E-5,0.11615236768211804,5.7588660474944625E-5,"{""geodesic"":false,""type"":""Point"",""coordinates"":[106.93095984516725,-6.193883884004101]}"
351_0,1,-6.193883884004101,106.93994299800845,0.03507730644199151,8.268799042157813E-5,0.11615236768211804,5.7588660474944625E-5,"{""geodesic"":false,""type"":""Point"",""coordinates"":[106.93994299800845,-6.193883884004101]}"
352_0,1,-6.193883884004101,106.94892615084963,0.03466639852861404,8.155104307972772E-5,0.11616953238104942,1.1499596297614764E-4,"{""geodesic"":false,""type"":""Point"",""coordinates"":[106.94892615084963,-6.193883884004101]}"
353_0,1,-6.193883884004101,106.95790930369083,0.03473100811245908,7.528328264187136E-5,0.11618633081708812,9.530463387724198E-5,"{""geodesic"":false,""type"":""Point"",""coordinates"":[106.95790930369083,-6.193883884004101]}"
354_0,1,-6.193883884004101,106.96689245653202,0.035056250169852185,7.368942046830815E-5,0.11619040742509541,9.659429297846909E-5,"{""geodesic"":false,""type"":""Point"",""coordinates"":[106.96689245653202,-6.193883884004101]}"
355_0,1,-6.184900731162906,106.71536417697857,0.037819237058348665,1.305483827526454E-4,0.11601362989950764,4.458489184147589E-5,"{""geodesic"":false,""type"":""Point"",""coordinates"":[106.71536417697857,-6.184900731162906]}"
356_0,1,-6.184900731162906,106.72434732981975,0.03771229148503627,1.3068367989660777E-4,0.11589694272905174,6.751342650947626E-5,"{""geodesic"":false,""type"":""Point"",""coordinates"":[106.72434732981975,-6.184900731162906]}"
357_0,1,-6.184900731162906,106.73333048266095,0.03773003996858401,1.371165682283543E-4,0.11589499973845212,5.9921295680858295E-5,"{""geodesic"":false,""type"":""Point"",""coordinates"":[106.73333048266095,-6.184900731162906]}"
358_0,1,-6.184900731162906,106.74231363550214,0.03712036771076675,1.402136452156343E-4,0.11588433146434178,3.9019964642868616E-5,"{""geodesic"":false,""type"":""Point"",""coordinates"":[106.74231363550214,-6.184900731162906]}"
359_0,1,-6.184900731162906,106.75129678834334,0.0375322811618852,1.4028227890937312E-4,0.11591917802914857,2.326972288607129E-5,"{""geodesic"":false,""type"":""Point"",""coordinates"":[106.75129678834334,-6.184900731162906]}"
360_0,1,-6.184900731162906,106.76027994118454,0.03749679731659609,1.4366254617937524E-4,0.11620588145875875,4.799250830954284E-5,"{""geodesic"":false,""type"":""Point"",""coordinates"":[106.76027994118454,-6.184900731162906]}"
361_0,1,-6.184900731162906,106.76926309402573,0.03749679731659609,1.4366254617937524E-4,0.11620588145875875,4.799250830954284E-5,"{""geodesic"":false,""type"":""Point"",""coordinates"":[106.76926309402573,-6.184900731162906]}"
362_0,1,-6.184900731162906,106.77824624686693,0.037358112012324154,1.451468596543872E-4,0.11613459636760733,8.788224470245506E-5,"{""geodesic"":false,""type"":""Point"",""coordinates"":[106.77824624686693,-6.184900731162906]}"
363_0,1,-6.184900731162906,106.78722939970812,0.03708599055412033,1.4366254617917108E-4,0.11615268524348799,8.181574605347227E-5,"{""geodesic"":false,""type"":""Point"",""coordinates"":[106.78722939970812,-6.184900731162906]}"
364_0,1,-6.184900731162906,106.79621255254932,0.036210370190886104,1.4061840321180218E-4,0.11616108084346723,1.1344586167615383E-4,"{""geodesic"":false,""type"":""Point"",""coordinates"":[106.79621255254932,-6.184900731162906]}"
365_0,1,-6.184900731162906,106.80519570539052,0.036244766635615114,1.4366254617917108E-4,0.1160449940287529,8.538148990288913E-5,"{""geodesic"":false,""type"":""Point"",""coordinates"":[106.80519570539052,-6.184900731162906]}"
366_0,1,-6.184900731162906,106.81417885823171,0.03607306420256273,1.3641845240889758E-4,0.1161552562761418,1.1279569130727608E-4,"{""geodesic"":false,""type"":""Point"",""coordinates"":[106.81417885823171,-6.184900731162906]}"
367_0,1,-6.184900731162906,106.82316201107291,0.03578589261665306,1.3345714962577671E-4,0.11616501048555687,5.517961153081902E-5,"{""geodesic"":false,""type"":""Point"",""coordinates"":[106.82316201107291,-6.184900731162906]}"
368_0,1,-6.184900731162906,106.83214516391409,0.0355553159793402,1.2439492822005204E-4,0.11601007274281235,8.690268441583138E-5,"{""geodesic"":false,""type"":""Point"",""coordinates"":[106.83214516391409,-6.184900731162906]}"
369_0,1,-6.184900731162906,106.84112831675529,0.03551001885377909,1.2768037935512652E-4,0.11616243885786981,6.019341505212254E-5,"{""geodesic"":false,""type"":""Point"",""coordinates"":[106.84112831675529,-6.184900731162906]}"
370_0,1,-6.184900731162906,106.85011146959648,0.03579070286867961,1.2770903111227985E-4,0.1161461312686933,8.805918332649696E-5,"{""geodesic"":false,""type"":""Point"",""coordinates"":[106.85011146959648,-6.184900731162906]}"
371_0,1,-6.184900731162906,106.85909462243768,0.03579070286867961,1.2770903111227985E-4,0.1161461312686933,8.805918332649696E-5,"{""geodesic"":false,""type"":""Point"",""coordinates"":[106.85909462243768,-6.184900731162906]}"
372_0,1,-6.184900731162906,106.86807777527888,0.03576680196336767,1.1996688594856878E-4,0.116026759147832,7.212318489510839E-5,"{""geodesic"":false,""type"":""Point"",""coordinates"":[106.86807777527888,-6.184900731162906]}"
373_0,1,-6.184900731162906,106.87706092812007,0.0357708431189162,1.1946608822744043E-4,0.11618351231984772,6.168701466229351E-5,"{""geodesic"":false,""type"":""Point"",""coordinates"":[106.87706092812007,-6.184900731162906]}"
374_0,1,-6.184900731162906,106.88604408096127,0.03551083685800512,1.0378578616547825E-4,0.11603656867077346,4.283910534272147E-5,"{""geodesic"":false,""type"":""Point"",""coordinates"":[106.88604408096127,-6.184900731162906]}"
375_0,1,-6.184900731162906,106.89502723380247,0.03522593339922592,9.839919381712076E-5,0.11603282354883407,5.309414703831366E-5,"{""geodesic"":false,""type"":""Point"",""coordinates"":[106.89502723380247,-6.184900731162906]}"
376_0,1,-6.184900731162906,106.90401038664366,0.03520437081649939,9.263676796665671E-5,0.11612310766447805,5.208986681358565E-5,"{""geodesic"":false,""type"":""Point"",""coordinates"":[106.90401038664366,-6.184900731162906]}"
377_0,1,-6.184900731162906,106.91299353948486,0.03523223817414857,8.896012774826946E-5,0.11621845058840691,5.487584213850385E-5,"{""geodesic"":false,""type"":""Point"",""coordinates"":[106.91299353948486,-6.184900731162906]}"
378_0,1,-6.184900731162906,106.92197669232606,0.03514629729738798,8.296329539743741E-5,0.1161524620389756,3.7743504728164693E-5,"{""geodesic"":false,""type"":""Point"",""coordinates"":[106.92197669232606,-6.184900731162906]}"
379_0,1,-6.184900731162906,106.93095984516725,0.035077306472273605,8.160911981366565E-5,0.11603073698063175,5.382438091327313E-5,"{""geodesic"":false,""type"":""Point"",""coordinates"":[106.93095984516725,-6.184900731162906]}"
380_0,1,-6.184900731162906,106.93994299800845,0.035077306472273605,8.160911981366565E-5,0.11603073698063175,5.382438091327313E-5,"{""geodesic"":false,""type"":""Point"",""coordinates"":[106.93994299800845,-6.184900731162906]}"
381_0,1,-6.184900731162906,106.94892615084963,0.03507730644194165,7.747414148522355E-5,0.11604700009618767,8.752952409179069E-5,"{""geodesic"":false,""type"":""Point"",""coordinates"":[106.94892615084963,-6.184900731162906]}"
382_0,1,-6.184900731162906,106.95790930369083,0.035072109809796026,7.338410025196671E-5,0.11614179346632174,7.567506739046952E-5,"{""geodesic"":false,""type"":""Point"",""coordinates"":[106.95790930369083,-6.184900731162906]}"
383_0,1,-6.184900731162906,106.96689245653202,0.03493403168747697,7.277413092553569E-5,0.11616402414329008,9.08141582258681E-5,"{""geodesic"":false,""type"":""Point"",""coordinates"":[106.96689245653202,-6.184900731162906]}"
384_0,1,-6.175917578321711,106.69739787129618,0.038179489704382286,1.1765650181610587E-4,0.11616782099001585,6.815454845333395E-5,"{""geodesic"":false,""type"":""Point"",""coordinates"":[106.69739787129618,-6.175917578321711]}"
385_0,1,-6.175917578321711,106.70638102413737,0.03842476382854754,1.1943274071787384E-4,0.11627143931356207,6.825214946093199E-5,"{""geodesic"":false,""type"":""Point"",""coordinates"":[106.70638102413737,-6.175917578321711]}"
386_0,1,-6.175917578321711,106.71536417697857,0.03797143898224303,1.2487401429585408E-4,0.11618847414388891,2.7311319697382476E-5,"{""geodesic"":false,""type"":""Point"",""coordinates"":[106.71536417697857,-6.175917578321711]}"
387_0,1,-6.175917578321711,106.72434732981975,0.03795148991046057,1.282265213422075E-4,0.11618391584985684,3.602006531639495E-5,"{""geodesic"":false,""type"":""Point"",""coordinates"":[106.72434732981975,-6.175917578321711]}"
388_0,1,-6.175917578321711,106.73333048266095,0.03775678202512978,1.3821224119781386E-4,0.11614215482312294,3.5538824352582226E-5,"{""geodesic"":false,""type"":""Point"",""coordinates"":[106.73333048266095,-6.175917578321711]}"
389_0,1,-6.175917578321711,106.74231363550214,0.037542594388314275,1.3797246464322324E-4,0.11613461470305943,2.3050104485095832E-5,"{""geodesic"":false,""type"":""Point"",""coordinates"":[106.74231363550214,-6.175917578321711]}"
390_0,1,-6.175917578321711,106.75129678834334,0.037529782541126155,1.3811088896903954E-4,0.11597152054302882,9.971361982082614E-6,"{""geodesic"":false,""type"":""Point"",""coordinates"":[106.75129678834334,-6.175917578321711]}"
391_0,1,-6.175917578321711,106.76027994118454,0.03733090886085389,1.402784596575303E-4,0.11615422588505626,3.260955956161788E-5,"{""geodesic"":false,""type"":""Point"",""coordinates"":[106.76027994118454,-6.175917578321711]}"
392_0,1,-6.175917578321711,106.76926309402573,0.03733090886085389,1.402784596575303E-4,0.11615422588505626,3.260955956161788E-5,"{""geodesic"":false,""type"":""Point"",""coordinates"":[106.76926309402573,-6.175917578321711]}"
393_0,1,-6.175917578321711,106.77824624686693,0.03726036268542963,1.3944530018541673E-4,0.11613603122525396,6.663915978734932E-5,"{""geodesic"":false,""type"":""Point"",""coordinates"":[106.77824624686693,-6.175917578321711]}"
394_0,1,-6.175917578321711,106.78722939970812,0.03693605866280961,1.3639555214028365E-4,0.11621775952357899,9.535267599852619E-5,"{""geodesic"":false,""type"":""Point"",""coordinates"":[106.78722939970812,-6.175917578321711]}"
395_0,1,-6.175917578321711,106.79621255254932,0.03600805371800733,1.364655567479785E-4,0.11621552863412285,1.2499543235814715E-4,"{""geodesic"":false,""type"":""Point"",""coordinates"":[106.79621255254932,-6.175917578321711]}"
396_0,1,-6.175917578321711,106.80519570539052,0.036181533976481,1.3890959720196555E-4,0.11615566493165597,1.0980231309070179E-4,"{""geodesic"":false,""type"":""Point"",""coordinates"":[106.80519570539052,-6.175917578321711]}"
397_0,1,-6.175917578321711,106.81417885823171,0.03603901526453561,1.3636023627812302E-4,0.1161558288251402,1.2143533967910988E-4,"{""geodesic"":false,""type"":""Point"",""coordinates"":[106.81417885823171,-6.175917578321711]}"
398_0,1,-6.175917578321711,106.82316201107291,0.035785892949122905,1.2680423801870335E-4,0.11617063699770801,8.659441015051734E-5,"{""geodesic"":false,""type"":""Point"",""coordinates"":[106.82316201107291,-6.175917578321711]}"
399_0,1,-6.175917578321711,106.83214516391409,0.035786970093221605,1.2875424570742077E-4,0.11613280856880878,6.239266450212892E-5,"{""geodesic"":false,""type"":""Point"",""coordinates"":[106.83214516391409,-6.175917578321711]}"
400_0,1,-6.175917578321711,106.84112831675529,0.03550103352302085,1.2818239626076727E-4,0.11628996243080854,8.685375859601878E-5,"{""geodesic"":false,""type"":""Point"",""coordinates"":[106.84112831675529,-6.175917578321711]}"
401_0,1,-6.175917578321711,106.85011146959648,0.035793772097660645,1.2510747355611065E-4,0.11615971585603728,7.827666858766823E-5,"{""geodesic"":false,""type"":""Point"",""coordinates"":[106.85011146959648,-6.175917578321711]}"
402_0,1,-6.175917578321711,106.85909462243768,0.035793772097660645,1.2510747355611065E-4,0.11615971585603728,7.827666858766823E-5,"{""geodesic"":false,""type"":""Point"",""coordinates"":[106.85909462243768,-6.175917578321711]}"
403_0,1,-6.175917578321711,106.86807777527888,0.035467324778495075,1.172841484849952E-4,0.11607089029889188,7.115591393169807E-5,"{""geodesic"":false,""type"":""Point"",""coordinates"":[106.86807777527888,-6.175917578321711]}"
404_0,1,-6.175917578321711,106.87706092812007,0.035468694132435724,1.1301356297729775E-4,0.11617994631043904,6.216803707415987E-5,"{""geodesic"":false,""type"":""Point"",""coordinates"":[106.87706092812007,-6.175917578321711]}"
405_0,1,-6.175917578321711,106.88604408096127,0.03564565596730275,1.022732361341899E-4,0.11604977178567766,4.204657307134302E-5,"{""geodesic"":false,""type"":""Point"",""coordinates"":[106.88604408096127,-6.175917578321711]}"
406_0,1,-6.175917578321711,106.89502723380247,0.035508442266084066,9.8400983626562E-5,0.11608462230147985,5.6016107078175015E-5,"{""geodesic"":false,""type"":""Point"",""coordinates"":[106.89502723380247,-6.175917578321711]}"
407_0,1,-6.175917578321711,106.90401038664366,0.035504382657206096,9.214572721554113E-5,0.11608219137329498,5.518175723649995E-5,"{""geodesic"":false,""type"":""Point"",""coordinates"":[106.90401038664366,-6.175917578321711]}"
408_0,1,-6.175917578321711,106.91299353948486,0.0352595718831718,8.704479296298365E-5,0.11611845262253384,3.8880553686794114E-5,"{""geodesic"":false,""type"":""Point"",""coordinates"":[106.91299353948486,-6.175917578321711]}"
409_0,1,-6.175917578321711,106.92197669232606,0.03505897796567628,8.291321891776552E-5,0.11612229506280101,9.69477173685724E-6,"{""geodesic"":false,""type"":""Point"",""coordinates"":[106.92197669232606,-6.175917578321711]}"
410_0,1,-6.175917578321711,106.93095984516725,0.035091555117404055,8.040325552650021E-5,0.11605473213313018,5.278129963570824E-5,"{""geodesic"":false,""type"":""Point"",""coordinates"":[106.93095984516725,-6.175917578321711]}"
411_0,1,-6.175917578321711,106.93994299800845,0.035091555117404055,8.040325552650021E-5,0.11605473213313018,5.278129963570824E-5,"{""geodesic"":false,""type"":""Point"",""coordinates"":[106.93994299800845,-6.175917578321711]}"
412_0,1,-6.175917578321711,106.94892615084963,0.03488276946190813,7.510310567790304E-5,0.11615117291179917,5.2672103265618014E-5,"{""geodesic"":false,""type"":""Point"",""coordinates"":[106.94892615084963,-6.175917578321711]}"
413_0,1,-6.175917578321711,106.95790930369083,0.03507515306702378,7.4035230724196E-5,0.11622489947075999,8.462107451736084E-5,"{""geodesic"":false,""type"":""Point"",""coordinates"":[106.95790930369083,-6.175917578321711]}"
414_0,1,-6.175917578321711,106.96689245653202,0.03469547132648928,7.063233096078849E-5,0.11629974593711863,8.428832049871213E-5,"{""geodesic"":false,""type"":""Point"",""coordinates"":[106.96689245653202,-6.175917578321711]}"
415_0,1,-6.166934425480515,106.69739787129618,0.03827672723887568,1.1333918060494905E-4,0.1162573639849781,6.966384582841611E-5,"{""geodesic"":false,""type"":""Point"",""coordinates"":[106.69739787129618,-6.166934425480515]}"
416_0,1,-6.166934425480515,106.70638102413737,0.03842670925827606,1.1474874669549067E-4,0.11614720797390576,2.701176680229276E-5,"{""geodesic"":false,""type"":""Point"",""coordinates"":[106.70638102413737,-6.166934425480515]}"
417_0,1,-6.166934425480515,106.71536417697857,0.03793851281442568,1.1749026335448849E-4,0.11618300154798208,2.1249788390747925E-5,"{""geodesic"":false,""type"":""Point"",""coordinates"":[106.71536417697857,-6.166934425480515]}"
418_0,1,-6.166934425480515,106.72434732981975,0.03793851303407738,1.2243676385948515E-4,0.116047872461767,3.632518029228869E-5,"{""geodesic"":false,""type"":""Point"",""coordinates"":[106.72434732981975,-6.166934425480515]}"
419_0,1,-6.166934425480515,106.73333048266095,0.03794188344193967,1.2825912252103792E-4,0.11584925966793606,1.7986026781084176E-5,"{""geodesic"":false,""type"":""Point"",""coordinates"":[106.73333048266095,-6.166934425480515]}"
420_0,1,-6.166934425480515,106.74231363550214,0.03775959834454177,1.3226538244894248E-4,0.11584816873066622,1.8484587874046804E-6,"{""geodesic"":false,""type"":""Point"",""coordinates"":[106.74231363550214,-6.166934425480515]}"
421_0,1,-6.166934425480515,106.75129678834334,0.03777849681430891,1.3792340649523531E-4,0.11615153803475185,-9.260464835702232E-6,"{""geodesic"":false,""type"":""Point"",""coordinates"":[106.75129678834334,-6.166934425480515]}"
422_0,1,-6.166934425480515,106.76027994118454,0.03753094341083457,1.3931285181110223E-4,0.11629068730035375,2.453971376831867E-5,"{""geodesic"":false,""type"":""Point"",""coordinates"":[106.76027994118454,-6.166934425480515]}"
423_0,1,-6.166934425480515,106.76926309402573,0.03753094341083457,1.3931285181110223E-4,0.11629068730035375,2.453971376831867E-5,"{""geodesic"":false,""type"":""Point"",""coordinates"":[106.76926309402573,-6.166934425480515]}"
424_0,1,-6.166934425480515,106.77824624686693,0.03736020997164391,1.3861777066865685E-4,0.11629330593948713,1.966748818447242E-5,"{""geodesic"":false,""type"":""Point"",""coordinates"":[106.77824624686693,-6.166934425480515]}"
425_0,1,-6.166934425480515,106.78722939970812,0.03700782257852673,1.3521736287358156E-4,0.11629134004515951,4.755176996692954E-5,"{""geodesic"":false,""type"":""Point"",""coordinates"":[106.78722939970812,-6.166934425480515]}"
426_0,1,-6.166934425480515,106.79621255254932,0.036074081610449824,1.3435044650433834E-4,0.11627651675748393,8.292524619372564E-5,"{""geodesic"":false,""type"":""Point"",""coordinates"":[106.79621255254932,-6.166934425480515]}"
427_0,1,-6.166934425480515,106.80519570539052,0.036245172052852125,1.3498851418864257E-4,0.11615025100527734,1.214353396789373E-4,"{""geodesic"":false,""type"":""Point"",""coordinates"":[106.80519570539052,-6.166934425480515]}"
428_0,1,-6.166934425480515,106.81417885823171,0.035991479906038674,1.2905621312749688E-4,0.1161640211940765,8.550305453058519E-5,"{""geodesic"":false,""type"":""Point"",""coordinates"":[106.81417885823171,-6.166934425480515]}"
429_0,1,-6.166934425480515,106.82316201107291,0.035958059725282356,1.2662511900813695E-4,0.11614263633695422,4.910702933840584E-5,"{""geodesic"":false,""type"":""Point"",""coordinates"":[106.82316201107291,-6.166934425480515]}"
430_0,1,-6.166934425480515,106.83214516391409,0.03578458077604847,1.2703945739753157E-4,0.11612162540034048,3.3414446273369166E-5,"{""geodesic"":false,""type"":""Point"",""coordinates"":[106.83214516391409,-6.166934425480515]}"
431_0,1,-6.166934425480515,106.84112831675529,0.0357907031554624,1.2717303254124887E-4,0.11634553121691722,4.995031482771196E-5,"{""geodesic"":false,""type"":""Point"",""coordinates"":[106.84112831675529,-6.166934425480515]}"
432_0,1,-6.166934425480515,106.85011146959648,0.03578974611506442,1.2542524663236777E-4,0.11628529283889355,3.796700184464038E-5,"{""geodesic"":false,""type"":""Point"",""coordinates"":[106.85011146959648,-6.166934425480515]}"
433_0,1,-6.166934425480515,106.85909462243768,0.03578974611506442,1.2542524663236777E-4,0.11628529283889355,3.796700184464038E-5,"{""geodesic"":false,""type"":""Point"",""coordinates"":[106.85909462243768,-6.166934425480515]}"
434_0,1,-6.166934425480515,106.86807777527888,0.03562493863651546,1.1618645512513108E-4,0.11614411082961511,6.991739549763031E-5,"{""geodesic"":false,""type"":""Point"",""coordinates"":[106.86807777527888,-6.166934425480515]}"
435_0,1,-6.166934425480515,106.87706092812007,0.035725971428352495,1.1337999506652247E-4,0.11622844372428981,4.235261689896735E-5,"{""geodesic"":false,""type"":""Point"",""coordinates"":[106.87706092812007,-6.166934425480515]}"
436_0,1,-6.166934425480515,106.88604408096127,0.035384227860029344,1.0060247037293381E-4,0.11616698918011155,4.21485153008159E-5,"{""geodesic"":false,""type"":""Point"",""coordinates"":[106.88604408096127,-6.166934425480515]}"
437_0,1,-6.166934425480515,106.89502723380247,0.03538511749690797,9.616204850057075E-5,0.11628587057486249,3.921407621108952E-5,"{""geodesic"":false,""type"":""Point"",""coordinates"":[106.89502723380247,-6.166934425480515]}"
438_0,1,-6.166934425480515,106.90401038664366,0.03548924354707033,9.08817379127824E-5,0.11633486650044539,4.214851530068864E-5,"{""geodesic"":false,""type"":""Point"",""coordinates"":[106.90401038664366,-6.166934425480515]}"
439_0,1,-6.166934425480515,106.91299353948486,0.0355479543408334,8.478858692127313E-5,0.116255849143808,2.4791459682676608E-5,"{""geodesic"":false,""type"":""Point"",""coordinates"":[106.91299353948486,-6.166934425480515]}"
440_0,1,-6.166934425480515,106.92197669232606,0.03510090538489835,8.14609703915308E-5,0.11613433687515735,2.502752049522064E-5,"{""geodesic"":false,""type"":""Point"",""coordinates"":[106.92197669232606,-6.166934425480515]}"
441_0,1,-6.166934425480515,106.93095984516725,0.034727185964612856,7.522615806283675E-5,0.11602465168244494,5.224627387113693E-5,"{""geodesic"":false,""type"":""Point"",""coordinates"":[106.93095984516725,-6.166934425480515]}"
442_0,1,-6.166934425480515,106.93994299800845,0.034727185964612856,7.522615806283675E-5,0.11602465168244494,5.224627387113693E-5,"{""geodesic"":false,""type"":""Point"",""coordinates"":[106.93994299800845,-6.166934425480515]}"
443_0,1,-6.166934425480515,106.94892615084963,0.034719858206847205,7.277500117193263E-5,0.11613391627691017,6.675045005973146E-5,"{""geodesic"":false,""type"":""Point"",""coordinates"":[106.94892615084963,-6.166934425480515]}"
444_0,1,-6.166934425480515,106.95790930369083,0.03475599299767188,7.172210002298043E-5,0.11613943201253786,8.462107497393695E-5,"{""geodesic"":false,""type"":""Point"",""coordinates"":[106.95790930369083,-6.166934425480515]}"
445_0,1,-6.166934425480515,106.96689245653202,0.034746673794354,6.785578795650056E-5,0.11628872839772808,8.462107507506893E-5,"{""geodesic"":false,""type"":""Point"",""coordinates"":[106.96689245653202,-6.166934425480515]}"
446_0,1,-6.15795127263932,106.68841471845498,0.03804929828941334,1.0162784747089218E-4,0.11613512702136099,6.982366133096543E-5,"{""geodesic"":false,""type"":""Point"",""coordinates"":[106.68841471845498,-6.15795127263932]}"
447_0,1,-6.15795127263932,106.69739787129618,0.03831766468547558,1.0819089013457277E-4,0.1161256283520955,3.8101641676198064E-5,"{""geodesic"":false,""type"":""Point"",""coordinates"":[106.69739787129618,-6.15795127263932]}"
448_0,1,-6.15795127263932,106.70638102413737,0.037986612305126066,1.1287909785132916E-4,0.11611511425038375,2.2733371814595684E-5,"{""geodesic"":false,""type"":""Point"",""coordinates"":[106.70638102413737,-6.15795127263932]}"
449_0,1,-6.15795127263932,106.71536417697857,0.03798910715565388,1.1328449970822186E-4,0.11615555723542544,1.066623086359279E-5,"{""geodesic"":false,""type"":""Point"",""coordinates"":[106.71536417697857,-6.15795127263932]}"
450_0,1,-6.15795127263932,106.72434732981975,0.0379385129265749,1.1910190827099881E-4,0.11589274712941094,2.0928803560467353E-5,"{""geodesic"":false,""type"":""Point"",""coordinates"":[106.72434732981975,-6.15795127263932]}"
451_0,1,-6.15795127263932,106.73333048266095,0.03771238029006238,1.2069773947597142E-4,0.11580657379077926,1.124319123847285E-5,"{""geodesic"":false,""type"":""Point"",""coordinates"":[106.73333048266095,-6.15795127263932]}"
452_0,1,-6.15795127263932,106.74231363550214,0.03771323039273728,1.233514628343345E-4,0.11588247120373443,-6.03072509318853E-6,"{""geodesic"":false,""type"":""Point"",""coordinates"":[106.74231363550214,-6.15795127263932]}"
453_0,1,-6.15795127263932,106.75129678834334,0.037746148746309625,1.2499186019328422E-4,0.11616419555674551,2.7109365605121168E-6,"{""geodesic"":false,""type"":""Point"",""coordinates"":[106.75129678834334,-6.15795127263932]}"
454_0,1,-6.15795127263932,106.76027994118454,0.037137959152490574,1.3172820511285743E-4,0.11615095991584894,3.4278515765161136E-5,"{""geodesic"":false,""type"":""Point"",""coordinates"":[106.76027994118454,-6.15795127263932]}"
455_0,1,-6.15795127263932,106.76926309402573,0.037137959152490574,1.3172820511285743E-4,0.11615095991584894,3.4278515765161136E-5,"{""geodesic"":false,""type"":""Point"",""coordinates"":[106.76926309402573,-6.15795127263932]}"
456_0,1,-6.15795127263932,106.77824624686693,0.0371956622605074,1.347857978133471E-4,0.11615127020420676,1.812044106172008E-5,"{""geodesic"":false,""type"":""Point"",""coordinates"":[106.77824624686693,-6.15795127263932]}"
457_0,1,-6.15795127263932,106.78722939970812,0.036818888635489704,1.346922169128245E-4,0.11620031296395197,1.7958764516017415E-5,"{""geodesic"":false,""type"":""Point"",""coordinates"":[106.78722939970812,-6.15795127263932]}"
458_0,1,-6.15795127263932,106.79621255254932,0.03663506997903354,1.3498851330961937E-4,0.11608566526035967,3.659847441075088E-5,"{""geodesic"":false,""type"":""Point"",""coordinates"":[106.79621255254932,-6.15795127263932]}"
459_0,1,-6.15795127263932,106.80519570539052,0.03645180561001815,1.301828314513186E-4,0.11614486239358765,4.8184246323081776E-6,"{""geodesic"":false,""type"":""Point"",""coordinates"":[106.80519570539052,-6.15795127263932]}"
460_0,1,-6.15795127263932,106.81417885823171,0.035946326951215364,1.2491129579028523E-4,0.11629741304262757,2.745488134780259E-5,"{""geodesic"":false,""type"":""Point"",""coordinates"":[106.81417885823171,-6.15795127263932]}"
461_0,1,-6.15795127263932,106.82316201107291,0.03594632695116428,1.1864456817175286E-4,0.11614848161234849,3.809745056840856E-5,"{""geodesic"":false,""type"":""Point"",""coordinates"":[106.82316201107291,-6.15795127263932]}"
462_0,1,-6.15795127263932,106.83214516391409,0.03601078529396504,1.2087585910268291E-4,0.11627139556866516,2.0237722551396383E-5,"{""geodesic"":false,""type"":""Point"",""coordinates"":[106.83214516391409,-6.15795127263932]}"
463_0,1,-6.15795127263932,106.84112831675529,0.036013525641632585,1.2521146466782797E-4,0.11635605128237633,2.093654086040516E-5,"{""geodesic"":false,""type"":""Point"",""coordinates"":[106.84112831675529,-6.15795127263932]}"
464_0,1,-6.15795127263932,106.85011146959648,0.036070651374735634,1.2518798624452086E-4,0.11620782821211342,4.1160277612057805E-5,"{""geodesic"":false,""type"":""Point"",""coordinates"":[106.85011146959648,-6.15795127263932]}"
465_0,1,-6.15795127263932,106.85909462243768,0.036070651374735634,1.2518798624452086E-4,0.11620782821211342,4.1160277612057805E-5,"{""geodesic"":false,""type"":""Point"",""coordinates"":[106.85909462243768,-6.15795127263932]}"
466_0,1,-6.15795127263932,106.86807777527888,0.036005667782709916,1.153808712020894E-4,0.11614103619794637,5.895584369304597E-5,"{""geodesic"":false,""type"":""Point"",""coordinates"":[106.86807777527888,-6.15795127263932]}"
467_0,1,-6.15795127263932,106.87706092812007,0.035903625969769065,1.0980896853058482E-4,0.11614589385639489,4.0661086129895475E-5,"{""geodesic"":false,""type"":""Point"",""coordinates"":[106.87706092812007,-6.15795127263932]}"
468_0,1,-6.15795127263932,106.88604408096127,0.03576411929660426,1.0272009603812237E-4,0.11613644392019953,6.420204042189304E-5,"{""geodesic"":false,""type"":""Point"",""coordinates"":[106.88604408096127,-6.15795127263932]}"
469_0,1,-6.15795127263932,106.89502723380247,0.03579134198993661,9.464722688327491E-5,0.1162986000143653,3.0608734364992416E-5,"{""geodesic"":false,""type"":""Point"",""coordinates"":[106.89502723380247,-6.15795127263932]}"
470_0,1,-6.15795127263932,106.90401038664366,0.03579077040215821,8.700503423896897E-5,0.1163880782476443,3.2633293204095705E-5,"{""geodesic"":false,""type"":""Point"",""coordinates"":[106.90401038664366,-6.15795127263932]}"
471_0,1,-6.15795127263932,106.91299353948486,0.03551342524593862,8.474295088164036E-5,0.11637531184686388,2.172242193856771E-5,"{""geodesic"":false,""type"":""Point"",""coordinates"":[106.91299353948486,-6.15795127263932]}"
472_0,1,-6.15795127263932,106.92197669232606,0.03517222609815683,7.73010958469519E-5,0.11636156645449566,3.394268066430186E-5,"{""geodesic"":false,""type"":""Point"",""coordinates"":[106.92197669232606,-6.15795127263932]}"
473_0,1,-6.15795127263932,106.93095984516725,0.035031237621853194,7.146729599093902E-5,0.11624290276155169,4.05802231671046E-5,"{""geodesic"":false,""type"":""Point"",""coordinates"":[106.93095984516725,-6.15795127263932]}"
474_0,1,-6.15795127263932,106.93994299800845,0.035031237621853194,7.146729599093902E-5,0.11624290276155169,4.05802231671046E-5,"{""geodesic"":false,""type"":""Point"",""coordinates"":[106.93994299800845,-6.15795127263932]}"
475_0,1,-6.15795127263932,106.94892615084963,0.03473655238490443,6.817753687635664E-5,0.11628434484660952,6.768014198636005E-5,"{""geodesic"":false,""type"":""Point"",""coordinates"":[106.94892615084963,-6.15795127263932]}"
476_0,1,-6.15795127263932,106.95790930369083,0.03489431473205126,6.808332142960092E-5,0.11626994691410032,8.510262670097882E-5,"{""geodesic"":false,""type"":""Point"",""coordinates"":[106.95790930369083,-6.15795127263932]}"
477_0,1,-6.15795127263932,106.96689245653202,0.03455890507074051,6.55886928653983E-5,0.11628635824708092,6.946927238350523E-5,"{""geodesic"":false,""type"":""Point"",""coordinates"":[106.96689245653202,-6.15795127263932]}"
478_0,1,-6.148968119798125,106.68841471845498,0.037818849660623544,9.566709113351777E-5,0.11611357959271927,2.2062763996482336E-5,"{""geodesic"":false,""type"":""Point"",""coordinates"":[106.68841471845498,-6.148968119798125]}"
479_0,1,-6.148968119798125,106.69739787129618,0.03796442949994891,9.749129039449958E-5,0.1161155447839357,2.464577422137989E-5,"{""geodesic"":false,""type"":""Point"",""coordinates"":[106.69739787129618,-6.148968119798125]}"
480_0,1,-6.148968119798125,106.70638102413737,0.03768962900848288,1.0112017695538441E-4,0.11626982076997279,7.299078161142546E-6,"{""geodesic"":false,""type"":""Point"",""coordinates"":[106.70638102413737,-6.148968119798125]}"
481_0,1,-6.148968119798125,106.71536417697857,0.037840600332698676,1.043115442948405E-4,0.11627381441147437,-7.155427055736153E-7,"{""geodesic"":false,""type"":""Point"",""coordinates"":[106.71536417697857,-6.148968119798125]}"
482_0,1,-6.148968119798125,106.72434732981975,0.03769729412616231,1.1037395859456905E-4,0.11606300201286819,2.0925627723032615E-5,"{""geodesic"":false,""type"":""Point"",""coordinates"":[106.72434732981975,-6.148968119798125]}"
483_0,1,-6.148968119798125,106.73333048266095,0.03772027846352504,1.1339159051981863E-4,0.11591789428694906,1.1596922910290543E-5,"{""geodesic"":false,""type"":""Point"",""coordinates"":[106.73333048266095,-6.148968119798125]}"
484_0,1,-6.148968119798125,106.74231363550214,0.03774596936998485,1.1748627969395465E-4,0.11607031896703426,6.093639111282938E-6,"{""geodesic"":false,""type"":""Point"",""coordinates"":[106.74231363550214,-6.148968119798125]}"
485_0,1,-6.148968119798125,106.75129678834334,0.03774596936998485,1.2282665426074273E-4,0.11616675800942015,1.677607259961594E-5,"{""geodesic"":false,""type"":""Point"",""coordinates"":[106.75129678834334,-6.148968119798125]}"
486_0,1,-6.148968119798125,106.76027994118454,0.037126051057706194,1.2339196156483637E-4,0.11616277649362494,3.639771157584587E-5,"{""geodesic"":false,""type"":""Point"",""coordinates"":[106.76027994118454,-6.148968119798125]}"
487_0,1,-6.148968119798125,106.76926309402573,0.037126051057706194,1.2339196156483637E-4,0.11616277649362494,3.639771157584587E-5,"{""geodesic"":false,""type"":""Point"",""coordinates"":[106.76926309402573,-6.148968119798125]}"
488_0,1,-6.148968119798125,106.77824624686693,0.036966670194232665,1.2065527941248278E-4,0.1162885833547757,3.5681543522492976E-5,"{""geodesic"":false,""type"":""Point"",""coordinates"":[106.77824624686693,-6.148968119798125]}"
489_0,1,-6.148968119798125,106.78722939970812,0.03684135153887444,1.2511437671484363E-4,0.11621673159003418,3.4302565836676286E-5,"{""geodesic"":false,""type"":""Point"",""coordinates"":[106.78722939970812,-6.148968119798125]}"
490_0,1,-6.148968119798125,106.79621255254932,0.03632560153576077,1.2713263154048174E-4,0.11602455384902077,3.8065857863248675E-5,"{""geodesic"":false,""type"":""Point"",""coordinates"":[106.79621255254932,-6.148968119798125]}"
491_0,1,-6.148968119798125,106.80519570539052,0.03599627606655958,1.2755402765198142E-4,0.11614847415540304,7.478488432142023E-6,"{""geodesic"":false,""type"":""Point"",""coordinates"":[106.80519570539052,-6.148968119798125]}"
492_0,1,-6.148968119798125,106.81417885823171,0.035946326951215364,1.255374870512617E-4,0.11614933539218003,1.7625970940585742E-5,"{""geodesic"":false,""type"":""Point"",""coordinates"":[106.81417885823171,-6.148968119798125]}"
493_0,1,-6.148968119798125,106.82316201107291,0.03594632695116428,1.1733170141252326E-4,0.11622022344648875,3.5340781880146463E-6,"{""geodesic"":false,""type"":""Point"",""coordinates"":[106.82316201107291,-6.148968119798125]}"
494_0,1,-6.148968119798125,106.83214516391409,0.035958798360476704,1.1518889126231308E-4,0.11640920773125465,1.8834798538622223E-5,"{""geodesic"":false,""type"":""Point"",""coordinates"":[106.83214516391409,-6.148968119798125]}"
495_0,1,-6.148968119798125,106.84112831675529,0.03595377066649345,1.1888620855693848E-4,0.1163925854370992,1.935967793539949E-5,"{""geodesic"":false,""type"":""Point"",""coordinates"":[106.84112831675529,-6.148968119798125]}"
496_0,1,-6.148968119798125,106.85011146959648,0.03598706610498652,1.1519626059446086E-4,0.1163745638593119,3.435890192433762E-5,"{""geodesic"":false,""type"":""Point"",""coordinates"":[106.85011146959648,-6.148968119798125]}"
497_0,1,-6.148968119798125,106.85909462243768,0.03598706610498652,1.1519626059446086E-4,0.1163745638593119,3.435890192433762E-5,"{""geodesic"":false,""type"":""Point"",""coordinates"":[106.85909462243768,-6.148968119798125]}"
498_0,1,-6.148968119798125,106.86807777527888,0.035987066105066426,1.1342509529535812E-4,0.11635135675942997,5.722522276738425E-5,"{""geodesic"":false,""type"":""Point"",""coordinates"":[106.86807777527888,-6.148968119798125]}"
499_0,1,-6.148968119798125,106.87706092812007,0.035912365342129667,1.0742712939316553E-4,0.11640176153463141,3.92545989938279E-5,"{""geodesic"":false,""type"":""Point"",""coordinates"":[106.87706092812007,-6.148968119798125]}"
500_0,1,-6.148968119798125,106.88604408096127,0.03601179085677736,1.0267353232239962E-4,0.11634220468604797,3.772339491954325E-5,"{""geodesic"":false,""type"":""Point"",""coordinates"":[106.88604408096127,-6.148968119798125]}"
501_0,1,-6.148968119798125,106.89502723380247,0.035775209289358074,9.246910422718627E-5,0.11639436729673915,3.855249630201511E-5,"{""geodesic"":false,""type"":""Point"",""coordinates"":[106.89502723380247,-6.148968119798125]}"
502_0,1,-6.148968119798125,106.90401038664366,0.03579373582544492,8.690419740612681E-5,0.11644165776653681,3.20411914293284E-5,"{""geodesic"":false,""type"":""Point"",""coordinates"":[106.90401038664366,-6.148968119798125]}"
503_0,1,-6.148968119798125,106.91299353948486,0.03550797861125755,8.106869978760685E-5,0.11638893000800392,3.766409803158555E-5,"{""geodesic"":false,""type"":""Point"",""coordinates"":[106.91299353948486,-6.148968119798125]}"
504_0,1,-6.148968119798125,106.92197669232606,0.03551342524585976,7.713225335154916E-5,0.1162665451653101,4.628203920583124E-5,"{""geodesic"":false,""type"":""Point"",""coordinates"":[106.92197669232606,-6.148968119798125]}"
505_0,1,-6.148968119798125,106.93095984516725,0.03503162600102915,6.990817196864223E-5,0.11606284995070937,5.238230810131782E-5,"{""geodesic"":false,""type"":""Point"",""coordinates"":[106.93095984516725,-6.148968119798125]}"
506_0,1,-6.148968119798125,106.93994299800845,0.03503162600102915,6.990817196864223E-5,0.11606284995070937,5.238230810131782E-5,"{""geodesic"":false,""type"":""Point"",""coordinates"":[106.93994299800845,-6.148968119798125]}"
507_0,1,-6.148968119798125,106.94892615084963,0.03472826402258228,6.83526920294274E-5,0.11625310861348664,6.953349128141908E-5,"{""geodesic"":false,""type"":""Point"",""coordinates"":[106.94892615084963,-6.148968119798125]}"
508_0,1,-6.148968119798125,106.95790930369083,0.0350544305012912,6.636731528070056E-5,0.11638609255298743,8.699276672923747E-5,"{""geodesic"":false,""type"":""Point"",""coordinates"":[106.95790930369083,-6.148968119798125]}"
509_0,1,-6.148968119798125,106.96689245653202,0.034677702933529064,6.547003338190935E-5,0.1163846636818721,8.219523879842137E-5,"{""geodesic"":false,""type"":""Point"",""coordinates"":[106.96689245653202,-6.148968119798125]}"
510_0,1,-6.13998496695693,106.69739787129618,0.03767636294172016,9.104260607287258E-5,0.11644149210412358,1.1184680877427308E-5,"{""geodesic"":false,""type"":""Point"",""coordinates"":[106.69739787129618,-6.13998496695693]}"
511_0,1,-6.13998496695693,106.70638102413737,0.03767636294160639,9.604927807663774E-5,0.11642659343436787,-1.2274350545556661E-5,"{""geodesic"":false,""type"":""Point"",""coordinates"":[106.70638102413737,-6.13998496695693]}"
512_0,1,-6.13998496695693,106.71536417697857,0.03767963649864467,9.597246833093612E-5,0.11641333409807719,-1.2307333737468063E-5,"{""geodesic"":false,""type"":""Point"",""coordinates"":[106.71536417697857,-6.13998496695693]}"
513_0,1,-6.13998496695693,106.72434732981975,0.037673411056617694,1.0040284657560513E-4,0.11606017779476174,2.4439463110015547E-5,"{""geodesic"":false,""type"":""Point"",""coordinates"":[106.72434732981975,-6.13998496695693]}"
514_0,1,-6.13998496695693,106.73333048266095,0.037672157480541195,1.0194933669748861E-4,0.11606042749552074,2.2946614794992998E-5,"{""geodesic"":false,""type"":""Point"",""coordinates"":[106.73333048266095,-6.13998496695693]}"
515_0,1,-6.13998496695693,106.74231363550214,0.03735452394358059,1.051634669741083E-4,0.1161657683739863,2.4598669144514853E-5,"{""geodesic"":false,""type"":""Point"",""coordinates"":[106.74231363550214,-6.13998496695693]}"
516_0,1,-6.13998496695693,106.75129678834334,0.03751259732288729,1.0960668261452507E-4,0.11612276066242062,1.5821870068376887E-5,"{""geodesic"":false,""type"":""Point"",""coordinates"":[106.75129678834334,-6.13998496695693]}"
517_0,1,-6.13998496695693,106.76027994118454,0.03748515096946789,1.0976990971666514E-4,0.11621141916147174,2.0018189248490743E-5,"{""geodesic"":false,""type"":""Point"",""coordinates"":[106.76027994118454,-6.13998496695693]}"
518_0,1,-6.13998496695693,106.76926309402573,0.03748515096946789,1.0976990971666514E-4,0.11621141916147174,2.0018189248490743E-5,"{""geodesic"":false,""type"":""Point"",""coordinates"":[106.76926309402573,-6.13998496695693]}"
519_0,1,-6.13998496695693,106.77824624686693,0.037172464112203804,1.1382585589400223E-4,0.1162745190173332,7.8709330409711E-5,"{""geodesic"":false,""type"":""Point"",""coordinates"":[106.77824624686693,-6.13998496695693]}"
520_0,1,-6.13998496695693,106.78722939970812,0.0369614011136214,1.1505497421701606E-4,0.11628229096402248,5.3568018745891517E-5,"{""geodesic"":false,""type"":""Point"",""coordinates"":[106.78722939970812,-6.13998496695693]}"
521_0,1,-6.13998496695693,106.79621255254932,0.03719850777273831,1.1155490423426927E-4,0.11619639599847514,8.37530272099931E-5,"{""geodesic"":false,""type"":""Point"",""coordinates"":[106.79621255254932,-6.13998496695693]}"
522_0,1,-6.13998496695693,106.80519570539052,0.036800298839863854,1.0927969839190138E-4,0.11629495290469445,7.088640581520551E-5,"{""geodesic"":false,""type"":""Point"",""coordinates"":[106.80519570539052,-6.13998496695693]}"
523_0,1,-6.13998496695693,106.81417885823171,0.03642285140905445,1.1193331904159955E-4,0.1161422463915567,6.148250571798625E-5,"{""geodesic"":false,""type"":""Point"",""coordinates"":[106.81417885823171,-6.13998496695693]}"
524_0,1,-6.13998496695693,106.82316201107291,0.03624813807079304,1.11862368870827E-4,0.11615047508849097,5.546828857878314E-5,"{""geodesic"":false,""type"":""Point"",""coordinates"":[106.82316201107291,-6.13998496695693]}"
525_0,1,-6.13998496695693,106.83214516391409,0.03599363701681829,1.1007231070572052E-4,0.11636573717364383,3.7976130481006056E-5,"{""geodesic"":false,""type"":""Point"",""coordinates"":[106.83214516391409,-6.13998496695693]}"
526_0,1,-6.13998496695693,106.84112831675529,0.0360026123261091,1.1160668384268281E-4,0.11641659684324597,2.94329979249327E-5,"{""geodesic"":false,""type"":""Point"",""coordinates"":[106.84112831675529,-6.13998496695693]}"
527_0,1,-6.13998496695693,106.85011146959648,0.0359800523564092,1.1186104476417463E-4,0.11629953784912095,2.0763007314558794E-5,"{""geodesic"":false,""type"":""Point"",""coordinates"":[106.85011146959648,-6.13998496695693]}"
528_0,1,-6.13998496695693,106.85909462243768,0.0359800523564092,1.1186104476417463E-4,0.11629953784912095,2.0763007314558794E-5,"{""geodesic"":false,""type"":""Point"",""coordinates"":[106.85909462243768,-6.13998496695693]}"
529_0,1,-6.13998496695693,106.86807777527888,0.036127025094031984,1.057682113754115E-4,0.11633899187367697,2.1158579523043076E-5,"{""geodesic"":false,""type"":""Point"",""coordinates"":[106.86807777527888,-6.13998496695693]}"
530_0,1,-6.13998496695693,106.87706092812007,0.03602594432168122,1.057682094286964E-4,0.11641880406321764,3.713929578079472E-5,"{""geodesic"":false,""type"":""Point"",""coordinates"":[106.87706092812007,-6.13998496695693]}"
531_0,1,-6.13998496695693,106.88604408096127,0.03600728413277317,1.0259827467955096E-4,0.11646161483700973,6.951345241676217E-5,"{""geodesic"":false,""type"":""Point"",""coordinates"":[106.88604408096127,-6.13998496695693]}"
532_0,1,-6.13998496695693,106.89502723380247,0.03580070796004034,9.204908236803588E-5,0.11648122593752462,6.280591710632925E-5,"{""geodesic"":false,""type"":""Point"",""coordinates"":[106.89502723380247,-6.13998496695693]}"
533_0,1,-6.13998496695693,106.90401038664366,0.03575522491311083,8.716674622861536E-5,0.11648374050864162,3.721800749192876E-5,"{""geodesic"":false,""type"":""Point"",""coordinates"":[106.90401038664366,-6.13998496695693]}"
534_0,1,-6.13998496695693,106.91299353948486,0.0355134252458566,8.20611480920347E-5,0.11641179397694193,2.9018295208496065E-5,"{""geodesic"":false,""type"":""Point"",""coordinates"":[106.91299353948486,-6.13998496695693]}"
535_0,1,-6.13998496695693,106.92197669232606,0.035384667106026946,7.818168523966199E-5,0.11615636861524099,5.8285776256489896E-5,"{""geodesic"":false,""type"":""Point"",""coordinates"":[106.92197669232606,-6.13998496695693]}"
536_0,1,-6.13998496695693,106.93095984516725,0.03503162600094825,7.415734850848818E-5,0.1161433824177596,8.046833558451896E-5,"{""geodesic"":false,""type"":""Point"",""coordinates"":[106.93095984516725,-6.13998496695693]}"
537_0,1,-6.13998496695693,106.93994299800845,0.03503162600094825,7.415734850848818E-5,0.1161433824177596,8.046833558451896E-5,"{""geodesic"":false,""type"":""Point"",""coordinates"":[106.93994299800845,-6.13998496695693]}"
538_0,1,-6.13998496695693,106.94892615084963,0.03489569685295789,6.833437267546139E-5,0.11617820469072017,6.536195332846246E-5,"{""geodesic"":false,""type"":""Point"",""coordinates"":[106.94892615084963,-6.13998496695693]}"
539_0,1,-6.13998496695693,106.95790930369083,0.035043271395082426,6.70056574276209E-5,0.11615462351984784,4.058210438216381E-5,"{""geodesic"":false,""type"":""Point"",""coordinates"":[106.95790930369083,-6.13998496695693]}"
540_0,1,-6.13998496695693,106.96689245653202,0.035047757720166293,6.448757361528688E-5,0.11628695084203139,6.527921166098158E-5,"{""geodesic"":false,""type"":""Point"",""coordinates"":[106.96689245653202,-6.13998496695693]}"
541_0,1,-6.131001814115734,106.68841471845498,0.03768143646398311,8.588234547813201E-5,0.11639867908295477,2.4440286627662617E-5,"{""geodesic"":false,""type"":""Point"",""coordinates"":[106.68841471845498,-6.131001814115734]}"
542_0,1,-6.131001814115734,106.69739787129618,0.03767636294172016,9.104260607287258E-5,0.11644149210412358,1.1184680877427308E-5,"{""geodesic"":false,""type"":""Point"",""coordinates"":[106.69739787129618,-6.131001814115734]}"
543_0,1,-6.131001814115734,106.70638102413737,0.03767636294160639,9.604927807663774E-5,0.11642659343436787,-1.2274350545556661E-5,"{""geodesic"":false,""type"":""Point"",""coordinates"":[106.70638102413737,-6.131001814115734]}"
544_0,1,-6.131001814115734,106.71536417697857,0.03767963649864467,9.597246833093612E-5,0.11641333409807719,-1.2307333737468063E-5,"{""geodesic"":false,""type"":""Point"",""coordinates"":[106.71536417697857,-6.131001814115734]}"
545_0,1,-6.131001814115734,106.72434732981975,0.037673411056617694,1.0040284657560513E-4,0.11606017779476174,2.4439463110015547E-5,"{""geodesic"":false,""type"":""Point"",""coordinates"":[106.72434732981975,-6.131001814115734]}"
546_0,1,-6.131001814115734,106.73333048266095,0.037672157480541195,1.0194933669748861E-4,0.11606042749552074,2.2946614794992998E-5,"{""geodesic"":false,""type"":""Point"",""coordinates"":[106.73333048266095,-6.131001814115734]}"
547_0,1,-6.131001814115734,106.74231363550214,0.03735452394358059,1.051634669741083E-4,0.1161657683739863,2.4598669144514853E-5,"{""geodesic"":false,""type"":""Point"",""coordinates"":[106.74231363550214,-6.131001814115734]}"
548_0,1,-6.131001814115734,106.75129678834334,0.03751259732288729,1.0960668261452507E-4,0.11612276066242062,1.5821870068376887E-5,"{""geodesic"":false,""type"":""Point"",""coordinates"":[106.75129678834334,-6.131001814115734]}"
549_0,1,-6.131001814115734,106.76027994118454,0.03748515096946789,1.0976990971666514E-4,0.11621141916147174,2.0018189248490743E-5,"{""geodesic"":false,""type"":""Point"",""coordinates"":[106.76027994118454,-6.131001814115734]}"
550_0,1,-6.131001814115734,106.76926309402573,0.03748515096946789,1.0976990971666514E-4,0.11621141916147174,2.0018189248490743E-5,"{""geodesic"":false,""type"":""Point"",""coordinates"":[106.76926309402573,-6.131001814115734]}"
551_0,1,-6.131001814115734,106.77824624686693,0.037172464112203804,1.1382585589400223E-4,0.1162745190173332,7.8709330409711E-5,"{""geodesic"":false,""type"":""Point"",""coordinates"":[106.77824624686693,-6.131001814115734]}"
552_0,1,-6.131001814115734,106.78722939970812,0.0369614011136214,1.1505497421701606E-4,0.11628229096402248,5.3568018745891517E-5,"{""geodesic"":false,""type"":""Point"",""coordinates"":[106.78722939970812,-6.131001814115734]}"
553_0,1,-6.131001814115734,106.79621255254932,0.03719850777273831,1.1155490423426927E-4,0.11619639599847514,8.37530272099931E-5,"{""geodesic"":false,""type"":""Point"",""coordinates"":[106.79621255254932,-6.131001814115734]}"
554_0,1,-6.131001814115734,106.80519570539052,0.036800298839863854,1.0927969839190138E-4,0.11629495290469445,7.088640581520551E-5,"{""geodesic"":false,""type"":""Point"",""coordinates"":[106.80519570539052,-6.131001814115734]}"
555_0,1,-6.131001814115734,106.81417885823171,0.03642285140905445,1.1193331904159955E-4,0.1161422463915567,6.148250571798625E-5,"{""geodesic"":false,""type"":""Point"",""coordinates"":[106.81417885823171,-6.131001814115734]}"
556_0,1,-6.131001814115734,106.82316201107291,0.03624813807079304,1.11862368870827E-4,0.11615047508849097,5.546828857878314E-5,"{""geodesic"":false,""type"":""Point"",""coordinates"":[106.82316201107291,-6.131001814115734]}"
557_0,1,-6.131001814115734,106.83214516391409,0.03599363701681829,1.1007231070572052E-4,0.11636573717364383,3.7976130481006056E-5,"{""geodesic"":false,""type"":""Point"",""coordinates"":[106.83214516391409,-6.131001814115734]}"
558_0,1,-6.131001814115734,106.84112831675529,0.0360026123261091,1.1160668384268281E-4,0.11641659684324597,2.94329979249327E-5,"{""geodesic"":false,""type"":""Point"",""coordinates"":[106.84112831675529,-6.131001814115734]}"
559_0,1,-6.131001814115734,106.85011146959648,0.0359800523564092,1.1186104476417463E-4,0.11629953784912095,2.0763007314558794E-5,"{""geodesic"":false,""type"":""Point"",""coordinates"":[106.85011146959648,-6.131001814115734]}"
560_0,1,-6.131001814115734,106.85909462243768,0.0359800523564092,1.1186104476417463E-4,0.11629953784912095,2.0763007314558794E-5,"{""geodesic"":false,""type"":""Point"",""coordinates"":[106.85909462243768,-6.131001814115734]}"
561_0,1,-6.131001814115734,106.86807777527888,0.036127025094031984,1.057682113754115E-4,0.11633899187367697,2.1158579523043076E-5,"{""geodesic"":false,""type"":""Point"",""coordinates"":[106.86807777527888,-6.131001814115734]}"
562_0,1,-6.131001814115734,106.87706092812007,0.03602594432168122,1.057682094286964E-4,0.11641880406321764,3.713929578079472E-5,"{""geodesic"":false,""type"":""Point"",""coordinates"":[106.87706092812007,-6.131001814115734]}"
563_0,1,-6.131001814115734,106.88604408096127,0.03600728413277317,1.0259827467955096E-4,0.11646161483700973,6.951345241676217E-5,"{""geodesic"":false,""type"":""Point"",""coordinates"":[106.88604408096127,-6.131001814115734]}"
564_0,1,-6.131001814115734,106.89502723380247,0.03580070796004034,9.204908236803588E-5,0.11648122593752462,6.280591710632925E-5,"{""geodesic"":false,""type"":""Point"",""coordinates"":[106.89502723380247,-6.131001814115734]}"
565_0,1,-6.131001814115734,106.90401038664366,0.03575522491311083,8.716674622861536E-5,0.11648374050864162,3.721800749192876E-5,"{""geodesic"":false,""type"":""Point"",""coordinates"":[106.90401038664366,-6.131001814115734]}"
566_0,1,-6.131001814115734,106.91299353948486,0.0355134252458566,8.20611480920347E-5,0.11641179397694193,2.9018295208496065E-5,"{""geodesic"":false,""type"":""Point"",""coordinates"":[106.91299353948486,-6.131001814115734]}"
567_0,1,-6.131001814115734,106.92197669232606,0.035384667106026946,7.818168523966199E-5,0.11615636861524099,5.8285776256489896E-5,"{""geodesic"":false,""type"":""Point"",""coordinates"":[106.92197669232606,-6.131001814115734]}"
568_0,1,-6.131001814115734,106.93095984516725,0.03503162600094825,7.415734850848818E-5,0.1161433824177596,8.046833558451896E-5,"{""geodesic"":false,""type"":""Point"",""coordinates"":[106.93095984516725,-6.131001814115734]}"
569_0,1,-6.131001814115734,106.93994299800845,0.03503162600094825,7.415734850848818E-5,0.1161433824177596,8.046833558451896E-5,"{""geodesic"":false,""type"":""Point"",""coordinates"":[106.93994299800845,-6.131001814115734]}"
570_0,1,-6.131001814115734,106.94892615084963,0.03489569685295789,6.833437267546139E-5,0.11617820469072017,6.536195332846246E-5,"{""geodesic"":false,""type"":""Point"",""coordinates"":[106.94892615084963,-6.131001814115734]}"
571_0,1,-6.131001814115734,106.95790930369083,0.035043271395082426,6.70056574276209E-5,0.11615462351984784,4.058210438216381E-5,"{""geodesic"":false,""type"":""Point"",""coordinates"":[106.95790930369083,-6.131001814115734]}"
572_0,1,-6.131001814115734,106.96689245653202,0.035047757720166293,6.448757361528688E-5,0.11628695084203139,6.527921166098158E-5,"{""geodesic"":false,""type"":""Point"",""coordinates"":[106.96689245653202,-6.131001814115734]}"
573_0,1,-6.122018661274539,106.68841471845498,0.03760452640853819,8.17014470652156E-5,0.11638779342184083,2.4398370576311305E-5,"{""geodesic"":false,""type"":""Point"",""coordinates"":[106.68841471845498,-6.122018661274539]}"
574_0,1,-6.122018661274539,106.69739787129618,0.03760612228262153,8.346791009316619E-5,0.11641730119777682,1.872770792620307E-5,"{""geodesic"":false,""type"":""Point"",""coordinates"":[106.69739787129618,-6.122018661274539]}"
575_0,1,-6.122018661274539,106.70638102413737,0.03767636294169339,8.744109887939251E-5,0.11651926187892925,-6.380806703090842E-6,"{""geodesic"":false,""type"":""Point"",""coordinates"":[106.70638102413737,-6.122018661274539]}"
576_0,1,-6.122018661274539,106.71536417697857,0.03753588162360322,9.058559369070107E-5,0.11639158762124784,-9.542163009783416E-6,"{""geodesic"":false,""type"":""Point"",""coordinates"":[106.71536417697857,-6.122018661274539]}"
577_0,1,-6.122018661274539,106.72434732981975,0.037527944646841914,9.406050473135525E-5,0.11615088820902228,2.5057881281357735E-5,"{""geodesic"":false,""type"":""Point"",""coordinates"":[106.72434732981975,-6.122018661274539]}"
578_0,1,-6.122018661274539,106.73333048266095,0.037210917733011585,9.56778546989904E-5,0.11604730453046208,2.5988838464778784E-5,"{""geodesic"":false,""type"":""Point"",""coordinates"":[106.73333048266095,-6.122018661274539]}"
579_0,1,-6.122018661274539,106.74231363550214,0.03721496090290696,9.860188849001789E-5,0.11616474234071927,3.1807496802642985E-5,"{""geodesic"":false,""type"":""Point"",""coordinates"":[106.74231363550214,-6.122018661274539]}"
580_0,1,-6.122018661274539,106.75129678834334,0.03707989695872335,1.0070056756600362E-4,0.11619854297769037,4.131230468258681E-5,"{""geodesic"":false,""type"":""Point"",""coordinates"":[106.75129678834334,-6.122018661274539]}"
581_0,1,-6.122018661274539,106.76027994118454,0.03722578608016382,1.0216756177736498E-4,0.11625802132931876,6.984791721898848E-5,"{""geodesic"":false,""type"":""Point"",""coordinates"":[106.76027994118454,-6.122018661274539]}"
582_0,1,-6.122018661274539,106.76926309402573,0.03722578608016382,1.0216756177736498E-4,0.11625802132931876,6.984791721898848E-5,"{""geodesic"":false,""type"":""Point"",""coordinates"":[106.76926309402573,-6.122018661274539]}"
583_0,1,-6.122018661274539,106.77824624686693,0.03717246526935675,1.0366881070927923E-4,0.11620087772600826,7.236092982072193E-5,"{""geodesic"":false,""type"":""Point"",""coordinates"":[106.77824624686693,-6.122018661274539]}"
584_0,1,-6.122018661274539,106.78722939970812,0.03684357181189232,1.038938246878783E-4,0.11626422081650156,4.23459481584812E-5,"{""geodesic"":false,""type"":""Point"",""coordinates"":[106.78722939970812,-6.122018661274539]}"
585_0,1,-6.122018661274539,106.79621255254932,0.03696140077545215,1.0269895171361145E-4,0.11617603639216115,4.44408923682284E-5,"{""geodesic"":false,""type"":""Point"",""coordinates"":[106.79621255254932,-6.122018661274539]}"
586_0,1,-6.122018661274539,106.80519570539052,0.03677498648316382,9.9540461767588E-5,0.11628824787720793,7.088640556804803E-5,"{""geodesic"":false,""type"":""Point"",""coordinates"":[106.80519570539052,-6.122018661274539]}"
587_0,1,-6.122018661274539,106.81417885823171,0.03696140057180116,9.84899287692431E-5,0.11614165916499455,7.716241481383789E-5,"{""geodesic"":false,""type"":""Point"",""coordinates"":[106.81417885823171,-6.122018661274539]}"
588_0,1,-6.122018661274539,106.82316201107291,0.03658128665340343,9.818116727195065E-5,0.11638678610317872,5.426403680686599E-5,"{""geodesic"":false,""type"":""Point"",""coordinates"":[106.82316201107291,-6.122018661274539]}"
589_0,1,-6.122018661274539,106.84112831675529,0.036247525505447326,1.0191897342320572E-4,0.11641313880665698,5.47476238465072E-5,"{""geodesic"":false,""type"":""Point"",""coordinates"":[106.84112831675529,-6.122018661274539]}"
590_0,1,-6.122018661274539,106.85011146959648,0.036298229690220916,1.038820991653767E-4,0.11629963186627594,5.1251707033521026E-5,"{""geodesic"":false,""type"":""Point"",""coordinates"":[106.85011146959648,-6.122018661274539]}"
591_0,1,-6.122018661274539,106.85909462243768,0.036298229690220916,1.038820991653767E-4,0.11629963186627594,5.1251707033521026E-5,"{""geodesic"":false,""type"":""Point"",""coordinates"":[106.85909462243768,-6.122018661274539]}"
592_0,1,-6.122018661274539,106.86807777527888,0.03627534300639968,9.96581112344994E-5,0.11637169980790957,4.0910623572244045E-5,"{""geodesic"":false,""type"":""Point"",""coordinates"":[106.86807777527888,-6.122018661274539]}"
593_0,1,-6.122018661274539,106.87706092812007,0.03623652073926833,9.964165153774107E-5,0.11656547999814512,3.657928434003873E-5,"{""geodesic"":false,""type"":""Point"",""coordinates"":[106.87706092812007,-6.122018661274539]}"
594_0,1,-6.122018661274539,106.88604408096127,0.03600755837811493,9.861018493300665E-5,0.11650222686295379,3.6905683849809015E-5,"{""geodesic"":false,""type"":""Point"",""coordinates"":[106.88604408096127,-6.122018661274539]}"
595_0,1,-6.122018661274539,106.89502723380247,0.03583127539495077,9.080380616458258E-5,0.1164914832755873,5.267662955155813E-5,"{""geodesic"":false,""type"":""Point"",""coordinates"":[106.89502723380247,-6.122018661274539]}"
596_0,1,-6.122018661274539,106.90401038664366,0.035803434749715424,8.482177423619705E-5,0.11641754437971423,4.6218364626956E-5,"{""geodesic"":false,""type"":""Point"",""coordinates"":[106.90401038664366,-6.122018661274539]}"
597_0,1,-6.122018661274539,106.91299353948486,0.03528425370383052,7.9383881264258E-5,0.11641993179404525,5.319602805411328E-5,"{""geodesic"":false,""type"":""Point"",""coordinates"":[106.91299353948486,-6.122018661274539]}"
598_0,1,-6.122018661274539,106.92197669232606,0.03524221224957888,7.292890950334536E-5,0.11616924558039367,7.614105106595214E-5,"{""geodesic"":false,""type"":""Point"",""coordinates"":[106.92197669232606,-6.122018661274539]}"
599_0,1,-6.122018661274539,106.93095984516725,0.034826151415970855,6.914971985339769E-5,0.11615319064425662,7.499055414301946E-5,"{""geodesic"":false,""type"":""Point"",""coordinates"":[106.93095984516725,-6.122018661274539]}"
600_0,1,-6.122018661274539,106.93994299800845,0.034826151415970855,6.914971985339769E-5,0.11615319064425662,7.499055414301946E-5,"{""geodesic"":false,""type"":""Point"",""coordinates"":[106.93994299800845,-6.122018661274539]}"
601_0,1,-6.122018661274539,106.94892615084963,0.03502391073260906,6.714534830216832E-5,0.11619797950903182,5.311439158290304E-5,"{""geodesic"":false,""type"":""Point"",""coordinates"":[106.94892615084963,-6.122018661274539]}"
602_0,1,-6.122018661274539,106.95790930369083,0.03516075242601939,6.430352021672198E-5,0.11614376714038956,6.982340283444149E-5,"{""geodesic"":false,""type"":""Point"",""coordinates"":[106.95790930369083,-6.122018661274539]}"
603_0,1,-6.122018661274539,106.96689245653202,0.035034104188652694,6.24853650926488E-5,0.11616894913041098,5.538699764790671E-5,"{""geodesic"":false,""type"":""Point"",""coordinates"":[106.96689245653202,-6.122018661274539]}"
604_0,1,-6.113035508433344,106.69739787129618,0.03753588162368323,7.783770693980739E-5,0.11640407670694315,2.2845477426119735E-5,"{""geodesic"":false,""type"":""Point"",""coordinates"":[106.69739787129618,-6.113035508433344]}"
605_0,1,-6.113035508433344,106.70638102413737,0.0373464971780221,8.139470016674334E-5,0.11653674824694832,1.743917164273758E-5,"{""geodesic"":false,""type"":""Point"",""coordinates"":[106.70638102413737,-6.113035508433344]}"
606_0,1,-6.113035508433344,106.71536417697857,0.037207565815567,8.47719920721659E-5,0.11651286511938136,2.375287575963845E-5,"{""geodesic"":false,""type"":""Point"",""coordinates"":[106.71536417697857,-6.113035508433344]}"
607_0,1,-6.113035508433344,106.72434732981975,0.03697968646548467,8.749874692523565E-5,0.11629787172066403,5.715153998984569E-5,"{""geodesic"":false,""type"":""Point"",""coordinates"":[106.72434732981975,-6.113035508433344]}"
608_0,1,-6.113035508433344,106.73333048266095,0.03721496090295654,8.768012737311275E-5,0.1161674664027717,7.065519052884301E-5,"{""geodesic"":false,""type"":""Point"",""coordinates"":[106.73333048266095,-6.113035508433344]}"
609_0,1,-6.113035508433344,106.74231363550214,0.03721496090290366,8.913382218054194E-5,0.11591975306153321,9.86658038077626E-5,"{""geodesic"":false,""type"":""Point"",""coordinates"":[106.74231363550214,-6.113035508433344]}"
610_0,1,-6.113035508433344,106.75129678834334,0.03705563023962648,9.22042082694088E-5,0.11613840607311185,7.859144643557627E-5,"{""geodesic"":false,""type"":""Point"",""coordinates"":[106.75129678834334,-6.113035508433344]}"
611_0,1,-6.113035508433344,106.76027994118454,0.03760979369740379,9.445756383496692E-5,0.11610947340420631,8.274741255882003E-5,"{""geodesic"":false,""type"":""Point"",""coordinates"":[106.76027994118454,-6.113035508433344]}"
612_0,1,-6.113035508433344,106.76926309402573,0.03760979369740379,9.445756383496692E-5,0.11610947340420631,8.274741255882003E-5,"{""geodesic"":false,""type"":""Point"",""coordinates"":[106.76926309402573,-6.113035508433344]}"
613_0,1,-6.113035508433344,106.77824624686693,0.03717246494019143,9.498813597013215E-5,0.11626297224691512,7.875003507707706E-5,"{""geodesic"":false,""type"":""Point"",""coordinates"":[106.77824624686693,-6.113035508433344]}"
614_0,1,-6.113035508433344,106.78722939970812,0.03689086437230991,9.268726882317433E-5,0.1162498678910202,5.355676378677822E-5,"{""geodesic"":false,""type"":""Point"",""coordinates"":[106.78722939970812,-6.113035508433344]}"
615_0,1,-6.113035508433344,106.79621255254932,0.036718080367369135,9.498813600096169E-5,0.11614953617841572,6.10874544958297E-5,"{""geodesic"":false,""type"":""Point"",""coordinates"":[106.79621255254932,-6.113035508433344]}"
616_0,1,-6.113035508433344,106.80519570539052,0.0362709574401934,9.363421664459023E-5,0.1162624948798757,6.924622019509097E-5,"{""geodesic"":false,""type"":""Point"",""coordinates"":[106.80519570539052,-6.113035508433344]}"
617_0,1,-6.113035508433344,106.85909462243768,0.03626426908882742,9.67676588891951E-5,0.11641276126468238,2.986552801844664E-5,"{""geodesic"":false,""type"":""Point"",""coordinates"":[106.85909462243768,-6.113035508433344]}"
618_0,1,-6.113035508433344,106.86807777527888,0.0362753428628501,9.647017566001311E-5,0.11640411795594591,2.4256941764944067E-5,"{""geodesic"":false,""type"":""Point"",""coordinates"":[106.86807777527888,-6.113035508433344]}"
619_0,1,-6.113035508433344,106.87706092812007,0.03627737810648358,9.254505369618121E-5,0.11641301943214451,3.6202635821979814E-5,"{""geodesic"":false,""type"":""Point"",""coordinates"":[106.87706092812007,-6.113035508433344]}"
620_0,1,-6.113035508433344,106.88604408096127,0.03602580990348816,8.704814632389812E-5,0.11640422870657816,7.036173517025273E-5,"{""geodesic"":false,""type"":""Point"",""coordinates"":[106.88604408096127,-6.113035508433344]}"
621_0,1,-6.113035508433344,106.89502723380247,0.035771786195821574,8.703883233794395E-5,0.11650374992105099,8.281605630665622E-5,"{""geodesic"":false,""type"":""Point"",""coordinates"":[106.89502723380247,-6.113035508433344]}"
622_0,1,-6.113035508433344,106.90401038664366,0.035453738001898105,8.32821495916461E-5,0.11641676227260207,8.252925069423643E-5,"{""geodesic"":false,""type"":""Point"",""coordinates"":[106.90401038664366,-6.113035508433344]}"
623_0,1,-6.113035508433344,106.91299353948486,0.03526661048330419,7.674460532498328E-5,0.11641676227243665,8.20732709927453E-5,"{""geodesic"":false,""type"":""Point"",""coordinates"":[106.91299353948486,-6.113035508433344]}"
624_0,1,-6.113035508433344,106.92197669232606,0.034690469805473106,7.191237333862567E-5,0.11638329852404283,9.889363606817387E-5,"{""geodesic"":false,""type"":""Point"",""coordinates"":[106.92197669232606,-6.113035508433344]}"
625_0,1,-6.113035508433344,106.93095984516725,0.03499811163195998,6.903343784162246E-5,0.11638801793240071,6.83187724382335E-5,"{""geodesic"":false,""type"":""Point"",""coordinates"":[106.93095984516725,-6.113035508433344]}"
626_0,1,-6.113035508433344,106.93994299800845,0.03499811163195998,6.903343784162246E-5,0.11638801793240071,6.83187724382335E-5,"{""geodesic"":false,""type"":""Point"",""coordinates"":[106.93994299800845,-6.113035508433344]}"
627_0,1,-6.113035508433344,106.94892615084963,0.03514711976360084,6.613432367375943E-5,0.11639010197163766,5.2364798933368297E-5,"{""geodesic"":false,""type"":""Point"",""coordinates"":[106.94892615084963,-6.113035508433344]}"
628_0,1,-6.113035508433344,106.95790930369083,0.035293109827456925,6.493560563049531E-5,0.1162886946675473,5.933181273567506E-5,"{""geodesic"":false,""type"":""Point"",""coordinates"":[106.95790930369083,-6.113035508433344]}"
629_0,1,-6.113035508433344,106.96689245653202,0.03524003151862558,6.001532347008928E-5,0.11615801961068324,5.729368513608771E-5,"{""geodesic"":false,""type"":""Point"",""coordinates"":[106.96689245653202,-6.113035508433344]}"
630_0,1,-6.104052355592149,106.69739787129618,0.03751348704097403,7.489715348712951E-5,0.1164174899872098,3.631136207111469E-5,"{""geodesic"":false,""type"":""Point"",""coordinates"":[106.69739787129618,-6.104052355592149]}"
631_0,1,-6.104052355592149,106.70638102413737,0.03721032979885067,7.484934940476161E-5,0.11639929266114785,2.364890584687977E-5,"{""geodesic"":false,""type"":""Point"",""coordinates"":[106.70638102413737,-6.104052355592149]}"
632_0,1,-6.104052355592149,106.71536417697857,0.03753588162360322,7.630863073348832E-5,0.11625380731776287,3.8214773262655395E-5,"{""geodesic"":false,""type"":""Point"",""coordinates"":[106.71536417697857,-6.104052355592149]}"
633_0,1,-6.104052355592149,106.72434732981975,0.03735890612003945,7.867025318697615E-5,0.11625136807382565,8.603592197171544E-5,"{""geodesic"":false,""type"":""Point"",""coordinates"":[106.72434732981975,-6.104052355592149]}"
634_0,1,-6.104052355592149,106.73333048266095,0.03751348704102734,7.956023152150641E-5,0.11616637736456792,9.850659800203592E-5,"{""geodesic"":false,""type"":""Point"",""coordinates"":[106.73333048266095,-6.104052355592149]}"
635_0,1,-6.104052355592149,106.74231363550214,0.03751348704097403,8.528133668174054E-5,0.1159865707158346,9.022327980532898E-5,"{""geodesic"":false,""type"":""Point"",""coordinates"":[106.74231363550214,-6.104052355592149]}"
636_0,1,-6.104052355592149,106.75129678834334,0.03721496090290696,8.504119614366923E-5,0.11610823107136772,9.647248904565511E-5,"{""geodesic"":false,""type"":""Point"",""coordinates"":[106.75129678834334,-6.104052355592149]}"
637_0,1,-6.104052355592149,106.79621255254932,0.03715028163598434,8.69171248304946E-5,0.11626809835443502,8.460980818889508E-5,"{""geodesic"":false,""type"":""Point"",""coordinates"":[106.79621255254932,-6.104052355592149]}"
638_0,1,-6.104052355592149,106.87706092812007,0.03605505679553223,8.525026996004596E-5,0.11658849888203618,2.194238041870359E-5,"{""geodesic"":false,""type"":""Point"",""coordinates"":[106.87706092812007,-6.104052355592149]}"
639_0,1,-6.104052355592149,106.88604408096127,0.03602909283792746,8.287695996568181E-5,0.11646535918615336,3.25196763860873E-5,"{""geodesic"":false,""type"":""Point"",""coordinates"":[106.88604408096127,-6.104052355592149]}"
640_0,1,-6.104052355592149,106.89502723380247,0.03573101315271917,8.074765576957917E-5,0.1164209246634738,6.960039869980367E-5,"{""geodesic"":false,""type"":""Point"",""coordinates"":[106.89502723380247,-6.104052355592149]}"
641_0,1,-6.104052355592149,106.90401038664366,0.03571193393605723,7.527899782211651E-5,0.1164111672919702,9.329158122157589E-5,"{""geodesic"":false,""type"":""Point"",""coordinates"":[106.90401038664366,-6.104052355592149]}"
642_0,1,-6.104052355592149,106.91299353948486,0.03564086556440405,7.138516758377082E-5,0.11640467904307031,9.809705049628012E-5,"{""geodesic"":false,""type"":""Point"",""coordinates"":[106.91299353948486,-6.104052355592149]}"
643_0,1,-6.104052355592149,106.92197669232606,0.035275556147077364,7.093302934157186E-5,0.11626447109199396,1.1073859710129131E-4,"{""geodesic"":false,""type"":""Point"",""coordinates"":[106.92197669232606,-6.104052355592149]}"
644_0,1,-6.104052355592149,106.93095984516725,0.03505108220313694,6.630362621597243E-5,0.11637740560866577,9.454261440824943E-5,"{""geodesic"":false,""type"":""Point"",""coordinates"":[106.93095984516725,-6.104052355592149]}"
645_0,1,-6.104052355592149,106.93994299800845,0.03505108220313694,6.630362621597243E-5,0.11637740560866577,9.454261440824943E-5,"{""geodesic"":false,""type"":""Point"",""coordinates"":[106.93994299800845,-6.104052355592149]}"
646_0,1,-6.104052355592149,106.94892615084963,0.03526661048330733,6.424998794933576E-5,0.11637473838578602,7.593127860493146E-5,"{""geodesic"":false,""type"":""Point"",""coordinates"":[106.94892615084963,-6.104052355592149]}"
647_0,1,-6.104052355592149,106.95790930369083,0.034973246683115,6.226774329417764E-5,0.11637390539552352,5.9332755911420474E-5,"{""geodesic"":false,""type"":""Point"",""coordinates"":[106.95790930369083,-6.104052355592149]}"
648_0,1,-6.104052355592149,106.96689245653202,0.035013824420239315,5.976005800316934E-5,0.11626188565144453,7.153691942580017E-5,"{""geodesic"":false,""type"":""Point"",""coordinates"":[106.96689245653202,-6.104052355592149]}"
649_0,1,-6.095069202750953,106.70638102413737,0.03765441660142538,7.028825945078432E-5,0.11624287761758516,1.9567461315138647E-5,"{""geodesic"":false,""type"":""Point"",""coordinates"":[106.70638102413737,-6.095069202750953]}"
650_0,1,-6.095069202750953,106.71536417697857,0.03792620190404337,7.001697529198776E-5,0.11621307581656154,5.551601659398572E-5,"{""geodesic"":false,""type"":""Point"",""coordinates"":[106.71536417697857,-6.095069202750953]}"
651_0,1,-6.095069202750953,106.72434732981975,0.037654416212350564,7.151179798055934E-5,0.11625865384235733,6.942636694088059E-5,"{""geodesic"":false,""type"":""Point"",""coordinates"":[106.72434732981975,-6.095069202750953]}"
652_0,1,-6.095069202750953,106.73333048266095,0.037654416635663414,7.302119113706033E-5,0.11616012599520964,7.713227292905485E-5,"{""geodesic"":false,""type"":""Point"",""coordinates"":[106.73333048266095,-6.095069202750953]}"
653_0,1,-6.095069202750953,106.74231363550214,0.03765441663560991,7.413484854619225E-5,0.11620698098423414,9.701037364780007E-5,"{""geodesic"":false,""type"":""Point"",""coordinates"":[106.74231363550214,-6.095069202750953]}"
654_0,1,-6.095069202750953,106.75129678834334,0.03758889986267949,7.57564098034192E-5,0.11611937197526231,9.553711972572181E-5,"{""geodesic"":false,""type"":""Point"",""coordinates"":[106.75129678834334,-6.095069202750953]}"
655_0,1,-6.086086049909758,106.73333048266095,0.03765441715633573,6.547252083900051E-5,0.11625966318615649,5.5060822584633883E-5,"{""geodesic"":false,""type"":""Point"",""coordinates"":[106.73333048266095,-6.086086049909758]}"
656_0,1,-6.086086049909758,106.75129678834334,0.03725736935065902,6.730236471301829E-5,0.11630809468700082,6.894630132588144E-5,"{""geodesic"":false,""type"":""Point"",""coordinates"":[106.75129678834334,-6.086086049909758]}"
657_0,1,-6.077102897068563,106.75129678834334,0.037573094673675686,6.434567078364603E-5,0.11643281820375673,4.854075875222478E-5,"{""geodesic"":false,""type"":""Point"",""coordinates"":[106.75129678834334,-6.077102897068563]}"
