system:index,dummy,lat,lon,viirs_ntl,.geo
0_0,1,-6.36456378798681,106.88604408096127,25.751492432185582,"{""geodesic"":false,""type"":""Point"",""coordinates"":[106.88604408096127,-6.36456378798681]}"
1_0,1,-6.36456378798681,106.89502723380247,20.227253014700754,"{""geodesic"":false,""type"":""Point"",""coordinates"":[106.89502723380247,-6.36456378798681]}"
2_0,1,-6.36456378798681,106.91299353948486,25.102144507951635,"{""geodesic"":false,""type"":""Point"",""coordinates"":[106.91299353948486,-6.36456378798681]}"
3_0,1,-6.355580635145615,106.79621255254932,31.692071295403814,"{""geodesic"":false,""type"":""Point"",""coordinates"":[106.79621255254932,-6.355580635145615]}"
4_0,1,-6.355580635145615,106.80519570539052,33.87858849602777,"{""geodesic"":false,""type"":""Point"",""coordinates"":[106.80519570539052,-6.355580635145615]}"
5_0,1,-6.355580635145615,106.81417885823171,31.159105018333154,"{""geodesic"":false,""type"":""Point"",""coordinates"":[106.81417885823171,-6.355580635145615]}"
6_0,1,-6.355580635145615,106.82316201107291,26.825365481169328,"{""geodesic"":false,""type"":""Point"",""coordinates"":[106.82316201107291,-6.355580635145615]}"
7_0,1,-6.355580635145615,106.87706092812007,28.98187947385188,"{""geodesic"":false,""type"":""Point"",""coordinates"":[106.87706092812007,-6.355580635145615]}"
8_0,1,-6.355580635145615,106.88604408096127,26.918650925159454,"{""geodesic"":false,""type"":""Point"",""coordinates"":[106.88604408096127,-6.355580635145615]}"
9_0,1,-6.355580635145615,106.89502723380247,23.2202562030993,"{""geodesic"":false,""type"":""Point"",""coordinates"":[106.89502723380247,-6.355580635145615]}"
10_0,1,-6.355580635145615,106.90401038664366,21.669932809206518,"{""geodesic"":false,""type"":""Point"",""coordinates"":[106.90401038664366,-6.355580635145615]}"
11_0,1,-6.355580635145615,106.91299353948486,23.937210889963005,"{""geodesic"":false,""type"":""Point"",""coordinates"":[106.91299353948486,-6.355580635145615]}"
12_0,1,-6.34659748230442,106.79621255254932,39.37870981852213,"{""geodesic"":false,""type"":""Point"",""coordinates"":[106.79621255254932,-6.34659748230442]}"
13_0,1,-6.34659748230442,106.80519570539052,35.33820630587064,"{""geodesic"":false,""type"":""Point"",""coordinates"":[106.80519570539052,-6.34659748230442]}"
14_0,1,-6.34659748230442,106.81417885823171,33.57775955200195,"{""geodesic"":false,""type"":""Point"",""coordinates"":[106.81417885823171,-6.34659748230442]}"
15_0,1,-6.34659748230442,106.82316201107291,29.822755571395632,"{""geodesic"":false,""type"":""Point"",""coordinates"":[106.82316201107291,-6.34659748230442]}"
16_0,1,-6.34659748230442,106.83214516391409,30.180710575036834,"{""geodesic"":false,""type"":""Point"",""coordinates"":[106.83214516391409,-6.34659748230442]}"
17_0,1,-6.34659748230442,106.85909462243768,30.650491290622288,"{""geodesic"":false,""type"":""Point"",""coordinates"":[106.85909462243768,-6.34659748230442]}"
18_0,1,-6.34659748230442,106.86807777527888,31.771674394607544,"{""geodesic"":false,""type"":""Point"",""coordinates"":[106.86807777527888,-6.34659748230442]}"
19_0,1,-6.34659748230442,106.87706092812007,28.922500044107437,"{""geodesic"":false,""type"":""Point"",""coordinates"":[106.87706092812007,-6.34659748230442]}"
20_0,1,-6.34659748230442,106.88604408096127,29.30502586364746,"{""geodesic"":false,""type"":""Point"",""coordinates"":[106.88604408096127,-6.34659748230442]}"
21_0,1,-6.34659748230442,106.89502723380247,27.867111206054688,"{""geodesic"":false,""type"":""Point"",""coordinates"":[106.89502723380247,-6.34659748230442]}"
22_0,1,-6.34659748230442,106.90401038664366,25.82140827178955,"{""geodesic"":false,""type"":""Point"",""coordinates"":[106.90401038664366,-6.34659748230442]}"
23_0,1,-6.34659748230442,106.91299353948486,24.444374443502987,"{""geodesic"":false,""type"":""Point"",""coordinates"":[106.91299353948486,-6.34659748230442]}"
24_0,1,-6.337614329463224,106.80519570539052,32.91907965618631,"{""geodesic"":false,""type"":""Point"",""coordinates"":[106.80519570539052,-6.337614329463224]}"
25_0,1,-6.337614329463224,106.81417885823171,30.445289408906977,"{""geodesic"":false,""type"":""Point"",""coordinates"":[106.81417885823171,-6.337614329463224]}"
26_0,1,-6.337614329463224,106.82316201107291,29.602381865183514,"{""geodesic"":false,""type"":""Point"",""coordinates"":[106.82316201107291,-6.337614329463224]}"
27_0,1,-6.337614329463224,106.83214516391409,31.089125275611877,"{""geodesic"":false,""type"":""Point"",""coordinates"":[106.83214516391409,-6.337614329463224]}"
28_0,1,-6.337614329463224,106.84112831675529,29.608938443458687,"{""geodesic"":false,""type"":""Point"",""coordinates"":[106.84112831675529,-6.337614329463224]}"
29_0,1,-6.337614329463224,106.85011146959648,29.857446504675824,"{""geodesic"":false,""type"":""Point"",""coordinates"":[106.85011146959648,-6.337614329463224]}"
30_0,1,-6.337614329463224,106.85909462243768,31.418656684256888,"{""geodesic"":false,""type"":""Point"",""coordinates"":[106.85909462243768,-6.337614329463224]}"
31_0,1,-6.337614329463224,106.86807777527888,31.111978912353514,"{""geodesic"":false,""type"":""Point"",""coordinates"":[106.86807777527888,-6.337614329463224]}"
32_0,1,-6.337614329463224,106.87706092812007,29.140298692803633,"{""geodesic"":false,""type"":""Point"",""coordinates"":[106.87706092812007,-6.337614329463224]}"
33_0,1,-6.337614329463224,106.88604408096127,31.67244095272488,"{""geodesic"":false,""type"":""Point"",""coordinates"":[106.88604408096127,-6.337614329463224]}"
34_0,1,-6.337614329463224,106.89502723380247,29.12189178466797,"{""geodesic"":false,""type"":""Point"",""coordinates"":[106.89502723380247,-6.337614329463224]}"
35_0,1,-6.337614329463224,106.90401038664366,26.632167642766778,"{""geodesic"":false,""type"":""Point"",""coordinates"":[106.90401038664366,-6.337614329463224]}"
36_0,1,-6.337614329463224,106.91299353948486,24.52519927153716,"{""geodesic"":false,""type"":""Point"",""coordinates"":[106.91299353948486,-6.337614329463224]}"
37_0,1,-6.32863117662203,106.80519570539052,33.88690121558405,"{""geodesic"":false,""type"":""Point"",""coordinates"":[106.80519570539052,-6.32863117662203]}"
38_0,1,-6.32863117662203,106.81417885823171,30.388305415277895,"{""geodesic"":false,""type"":""Point"",""coordinates"":[106.81417885823171,-6.32863117662203]}"
39_0,1,-6.32863117662203,106.82316201107291,31.86499757033128,"{""geodesic"":false,""type"":""Point"",""coordinates"":[106.82316201107291,-6.32863117662203]}"
40_0,1,-6.32863117662203,106.83214516391409,32.37854241633761,"{""geodesic"":false,""type"":""Point"",""coordinates"":[106.83214516391409,-6.32863117662203]}"
41_0,1,-6.32863117662203,106.84112831675529,29.86675192604602,"{""geodesic"":false,""type"":""Point"",""coordinates"":[106.84112831675529,-6.32863117662203]}"
42_0,1,-6.32863117662203,106.85011146959648,30.120909773785137,"{""geodesic"":false,""type"":""Point"",""coordinates"":[106.85011146959648,-6.32863117662203]}"
43_0,1,-6.32863117662203,106.85909462243768,31.74270392381228,"{""geodesic"":false,""type"":""Point"",""coordinates"":[106.85909462243768,-6.32863117662203]}"
44_0,1,-6.32863117662203,106.86807777527888,30.699994687680846,"{""geodesic"":false,""type"":""Point"",""coordinates"":[106.86807777527888,-6.32863117662203]}"
45_0,1,-6.32863117662203,106.87706092812007,30.670276898604172,"{""geodesic"":false,""type"":""Point"",""coordinates"":[106.87706092812007,-6.32863117662203]}"
46_0,1,-6.32863117662203,106.88604408096127,31.659618841635215,"{""geodesic"":false,""type"":""Point"",""coordinates"":[106.88604408096127,-6.32863117662203]}"
47_0,1,-6.32863117662203,106.89502723380247,27.223124137291542,"{""geodesic"":false,""type"":""Point"",""coordinates"":[106.89502723380247,-6.32863117662203]}"
48_0,1,-6.32863117662203,106.90401038664366,26.060432815551756,"{""geodesic"":false,""type"":""Point"",""coordinates"":[106.90401038664366,-6.32863117662203]}"
49_0,1,-6.32863117662203,106.91299353948486,21.419385544459026,"{""geodesic"":false,""type"":""Point"",""coordinates"":[106.91299353948486,-6.32863117662203]}"
50_0,1,-6.319648023780834,106.81417885823171,31.398394474616417,"{""geodesic"":false,""type"":""Point"",""coordinates"":[106.81417885823171,-6.319648023780834]}"
51_0,1,-6.319648023780834,106.82316201107291,29.882525228684948,"{""geodesic"":false,""type"":""Point"",""coordinates"":[106.82316201107291,-6.319648023780834]}"
52_0,1,-6.319648023780834,106.83214516391409,29.405138455904446,"{""geodesic"":false,""type"":""Point"",""coordinates"":[106.83214516391409,-6.319648023780834]}"
53_0,1,-6.319648023780834,106.84112831675529,30.356758552022498,"{""geodesic"":false,""type"":""Point"",""coordinates"":[106.84112831675529,-6.319648023780834]}"
54_0,1,-6.319648023780834,106.85011146959648,28.312784496106598,"{""geodesic"":false,""type"":""Point"",""coordinates"":[106.85011146959648,-6.319648023780834]}"
55_0,1,-6.319648023780834,106.85909462243768,30.643725633621216,"{""geodesic"":false,""type"":""Point"",""coordinates"":[106.85909462243768,-6.319648023780834]}"
56_0,1,-6.319648023780834,106.86807777527888,29.87399041025262,"{""geodesic"":false,""type"":""Point"",""coordinates"":[106.86807777527888,-6.319648023780834]}"
57_0,1,-6.319648023780834,106.87706092812007,31.651344353812082,"{""geodesic"":false,""type"":""Point"",""coordinates"":[106.87706092812007,-6.319648023780834]}"
58_0,1,-6.319648023780834,106.88604408096127,34.952510888235906,"{""geodesic"":false,""type"":""Point"",""coordinates"":[106.88604408096127,-6.319648023780834]}"
59_0,1,-6.319648023780834,106.89502723380247,29.596112285341537,"{""geodesic"":false,""type"":""Point"",""coordinates"":[106.89502723380247,-6.319648023780834]}"
60_0,1,-6.319648023780834,106.90401038664366,27.576020154086027,"{""geodesic"":false,""type"":""Point"",""coordinates"":[106.90401038664366,-6.319648023780834]}"
61_0,1,-6.319648023780834,106.91299353948486,21.66645622253418,"{""geodesic"":false,""type"":""Point"",""coordinates"":[106.91299353948486,-6.319648023780834]}"
62_0,1,-6.310664870939639,106.77824624686693,32.20402908325195,"{""geodesic"":false,""type"":""Point"",""coordinates"":[106.77824624686693,-6.310664870939639]}"
63_0,1,-6.310664870939639,106.78722939970812,31.168049696720008,"{""geodesic"":false,""type"":""Point"",""coordinates"":[106.78722939970812,-6.310664870939639]}"
64_0,1,-6.310664870939639,106.79621255254932,34.70884554313891,"{""geodesic"":false,""type"":""Point"",""coordinates"":[106.79621255254932,-6.310664870939639]}"
65_0,1,-6.310664870939639,106.80519570539052,33.60526518388228,"{""geodesic"":false,""type"":""Point"",""coordinates"":[106.80519570539052,-6.310664870939639]}"
66_0,1,-6.310664870939639,106.81417885823171,31.622253799438475,"{""geodesic"":false,""type"":""Point"",""coordinates"":[106.81417885823171,-6.310664870939639]}"
67_0,1,-6.310664870939639,106.82316201107291,23.433692094051477,"{""geodesic"":false,""type"":""Point"",""coordinates"":[106.82316201107291,-6.310664870939639]}"
68_0,1,-6.310664870939639,106.83214516391409,28.650858176381963,"{""geodesic"":false,""type"":""Point"",""coordinates"":[106.83214516391409,-6.310664870939639]}"
69_0,1,-6.310664870939639,106.84112831675529,33.89159633228614,"{""geodesic"":false,""type"":""Point"",""coordinates"":[106.84112831675529,-6.310664870939639]}"
70_0,1,-6.310664870939639,106.85011146959648,29.583006117078995,"{""geodesic"":false,""type"":""Point"",""coordinates"":[106.85011146959648,-6.310664870939639]}"
71_0,1,-6.310664870939639,106.85909462243768,34.57920045119066,"{""geodesic"":false,""type"":""Point"",""coordinates"":[106.85909462243768,-6.310664870939639]}"
72_0,1,-6.310664870939639,106.86807777527888,34.851433817545576,"{""geodesic"":false,""type"":""Point"",""coordinates"":[106.86807777527888,-6.310664870939639]}"
73_0,1,-6.310664870939639,106.87706092812007,37.44224289136055,"{""geodesic"":false,""type"":""Point"",""coordinates"":[106.87706092812007,-6.310664870939639]}"
74_0,1,-6.310664870939639,106.88604408096127,39.039373494810974,"{""geodesic"":false,""type"":""Point"",""coordinates"":[106.88604408096127,-6.310664870939639]}"
75_0,1,-6.310664870939639,106.89502723380247,34.93372573852539,"{""geodesic"":false,""type"":""Point"",""coordinates"":[106.89502723380247,-6.310664870939639]}"
76_0,1,-6.310664870939639,106.90401038664366,29.842584759581325,"{""geodesic"":false,""type"":""Point"",""coordinates"":[106.90401038664366,-6.310664870939639]}"
77_0,1,-6.310664870939639,106.91299353948486,29.564127095540364,"{""geodesic"":false,""type"":""Point"",""coordinates"":[106.91299353948486,-6.310664870939639]}"
78_0,1,-6.301681718098443,106.77824624686693,36.148254818386505,"{""geodesic"":false,""type"":""Point"",""coordinates"":[106.77824624686693,-6.301681718098443]}"
79_0,1,-6.301681718098443,106.78722939970812,36.70766773739376,"{""geodesic"":false,""type"":""Point"",""coordinates"":[106.78722939970812,-6.301681718098443]}"
80_0,1,-6.301681718098443,106.79621255254932,40.15554222307707,"{""geodesic"":false,""type"":""Point"",""coordinates"":[106.79621255254932,-6.301681718098443]}"
81_0,1,-6.301681718098443,106.80519570539052,35.32702907883977,"{""geodesic"":false,""type"":""Point"",""coordinates"":[106.80519570539052,-6.301681718098443]}"
82_0,1,-6.301681718098443,106.81417885823171,34.666334576076935,"{""geodesic"":false,""type"":""Point"",""coordinates"":[106.81417885823171,-6.301681718098443]}"
83_0,1,-6.301681718098443,106.82316201107291,35.41640538906832,"{""geodesic"":false,""type"":""Point"",""coordinates"":[106.82316201107291,-6.301681718098443]}"
84_0,1,-6.301681718098443,106.83214516391409,32.593039044466884,"{""geodesic"":false,""type"":""Point"",""coordinates"":[106.83214516391409,-6.301681718098443]}"
85_0,1,-6.301681718098443,106.84112831675529,40.34994548075908,"{""geodesic"":false,""type"":""Point"",""coordinates"":[106.84112831675529,-6.301681718098443]}"
86_0,1,-6.301681718098443,106.85011146959648,35.297174484010725,"{""geodesic"":false,""type"":""Point"",""coordinates"":[106.85011146959648,-6.301681718098443]}"
87_0,1,-6.301681718098443,106.85909462243768,43.68240306416496,"{""geodesic"":false,""type"":""Point"",""coordinates"":[106.85909462243768,-6.301681718098443]}"
88_0,1,-6.301681718098443,106.86807777527888,40.16104721696409,"{""geodesic"":false,""type"":""Point"",""coordinates"":[106.86807777527888,-6.301681718098443]}"
89_0,1,-6.301681718098443,106.87706092812007,39.14051037956686,"{""geodesic"":false,""type"":""Point"",""coordinates"":[106.87706092812007,-6.301681718098443]}"
90_0,1,-6.301681718098443,106.88604408096127,49.67579814365932,"{""geodesic"":false,""type"":""Point"",""coordinates"":[106.88604408096127,-6.301681718098443]}"
91_0,1,-6.301681718098443,106.89502723380247,38.77898597717285,"{""geodesic"":false,""type"":""Point"",""coordinates"":[106.89502723380247,-6.301681718098443]}"
92_0,1,-6.301681718098443,106.90401038664366,27.10058926427087,"{""geodesic"":false,""type"":""Point"",""coordinates"":[106.90401038664366,-6.301681718098443]}"
93_0,1,-6.301681718098443,106.91299353948486,27.470983686901274,"{""geodesic"":false,""type"":""Point"",""coordinates"":[106.91299353948486,-6.301681718098443]}"
94_0,1,-6.292698565257249,106.76926309402573,39.07865469796317,"{""geodesic"":false,""type"":""Point"",""coordinates"":[106.76926309402573,-6.292698565257249]}"
95_0,1,-6.292698565257249,106.77824624686693,45.83511570521763,"{""geodesic"":false,""type"":""Point"",""coordinates"":[106.77824624686693,-6.292698565257249]}"
96_0,1,-6.292698565257249,106.78722939970812,50.09231237059865,"{""geodesic"":false,""type"":""Point"",""coordinates"":[106.78722939970812,-6.292698565257249]}"
97_0,1,-6.292698565257249,106.79621255254932,49.16401788300159,"{""geodesic"":false,""type"":""Point"",""coordinates"":[106.79621255254932,-6.292698565257249]}"
98_0,1,-6.292698565257249,106.80519570539052,52.18146741712415,"{""geodesic"":false,""type"":""Point"",""coordinates"":[106.80519570539052,-6.292698565257249]}"
99_0,1,-6.292698565257249,106.81417885823171,41.22278639849495,"{""geodesic"":false,""type"":""Point"",""coordinates"":[106.81417885823171,-6.292698565257249]}"
100_0,1,-6.292698565257249,106.82316201107291,38.65726234172953,"{""geodesic"":false,""type"":""Point"",""coordinates"":[106.82316201107291,-6.292698565257249]}"
101_0,1,-6.292698565257249,106.83214516391409,35.668120816222626,"{""geodesic"":false,""type"":""Point"",""coordinates"":[106.83214516391409,-6.292698565257249]}"
102_0,1,-6.292698565257249,106.84112831675529,36.36964943968219,"{""geodesic"":false,""type"":""Point"",""coordinates"":[106.84112831675529,-6.292698565257249]}"
103_0,1,-6.292698565257249,106.85011146959648,31.156436284383137,"{""geodesic"":false,""type"":""Point"",""coordinates"":[106.85011146959648,-6.292698565257249]}"
104_0,1,-6.292698565257249,106.85909462243768,34.08433448791504,"{""geodesic"":false,""type"":""Point"",""coordinates"":[106.85909462243768,-6.292698565257249]}"
105_0,1,-6.292698565257249,106.86807777527888,40.19383507966995,"{""geodesic"":false,""type"":""Point"",""coordinates"":[106.86807777527888,-6.292698565257249]}"
106_0,1,-6.292698565257249,106.87706092812007,39.27806847807649,"{""geodesic"":false,""type"":""Point"",""coordinates"":[106.87706092812007,-6.292698565257249]}"
107_0,1,-6.292698565257249,106.88604408096127,39.21052397542925,"{""geodesic"":false,""type"":""Point"",""coordinates"":[106.88604408096127,-6.292698565257249]}"
108_0,1,-6.292698565257249,106.89502723380247,31.872760354018794,"{""geodesic"":false,""type"":""Point"",""coordinates"":[106.89502723380247,-6.292698565257249]}"
109_0,1,-6.292698565257249,106.90401038664366,29.086219692230223,"{""geodesic"":false,""type"":""Point"",""coordinates"":[106.90401038664366,-6.292698565257249]}"
110_0,1,-6.283715412416053,106.76027994118454,32.15660617052219,"{""geodesic"":false,""type"":""Point"",""coordinates"":[106.76027994118454,-6.283715412416053]}"
111_0,1,-6.283715412416053,106.76926309402573,45.77532018869409,"{""geodesic"":false,""type"":""Point"",""coordinates"":[106.76926309402573,-6.283715412416053]}"
112_0,1,-6.283715412416053,106.77824624686693,50.84968912033808,"{""geodesic"":false,""type"":""Point"",""coordinates"":[106.77824624686693,-6.283715412416053]}"
113_0,1,-6.283715412416053,106.78722939970812,43.44231585093907,"{""geodesic"":false,""type"":""Point"",""coordinates"":[106.78722939970812,-6.283715412416053]}"
114_0,1,-6.283715412416053,106.79621255254932,46.12389322916667,"{""geodesic"":false,""type"":""Point"",""coordinates"":[106.79621255254932,-6.283715412416053]}"
115_0,1,-6.283715412416053,106.80519570539052,50.69427630106608,"{""geodesic"":false,""type"":""Point"",""coordinates"":[106.80519570539052,-6.283715412416053]}"
116_0,1,-6.283715412416053,106.81417885823171,41.35226356377036,"{""geodesic"":false,""type"":""Point"",""coordinates"":[106.81417885823171,-6.283715412416053]}"
117_0,1,-6.283715412416053,106.82316201107291,39.861245522132286,"{""geodesic"":false,""type"":""Point"",""coordinates"":[106.82316201107291,-6.283715412416053]}"
118_0,1,-6.283715412416053,106.83214516391409,36.42437207698822,"{""geodesic"":false,""type"":""Point"",""coordinates"":[106.83214516391409,-6.283715412416053]}"
119_0,1,-6.283715412416053,106.84112831675529,38.37031936645508,"{""geodesic"":false,""type"":""Point"",""coordinates"":[106.84112831675529,-6.283715412416053]}"
120_0,1,-6.283715412416053,106.85011146959648,33.914068000261175,"{""geodesic"":false,""type"":""Point"",""coordinates"":[106.85011146959648,-6.283715412416053]}"
121_0,1,-6.283715412416053,106.85909462243768,33.14827407836914,"{""geodesic"":false,""type"":""Point"",""coordinates"":[106.85909462243768,-6.283715412416053]}"
122_0,1,-6.283715412416053,106.86807777527888,35.100695972711264,"{""geodesic"":false,""type"":""Point"",""coordinates"":[106.86807777527888,-6.283715412416053]}"
123_0,1,-6.283715412416053,106.87706092812007,35.97103259437963,"{""geodesic"":false,""type"":""Point"",""coordinates"":[106.87706092812007,-6.283715412416053]}"
124_0,1,-6.283715412416053,106.88604408096127,27.827323400057278,"{""geodesic"":false,""type"":""Point"",""coordinates"":[106.88604408096127,-6.283715412416053]}"
125_0,1,-6.283715412416053,106.89502723380247,26.664926852210094,"{""geodesic"":false,""type"":""Point"",""coordinates"":[106.89502723380247,-6.283715412416053]}"
126_0,1,-6.283715412416053,106.90401038664366,31.66960221006159,"{""geodesic"":false,""type"":""Point"",""coordinates"":[106.90401038664366,-6.283715412416053]}"
127_0,1,-6.274732259574858,106.76027994118454,40.7603231076841,"{""geodesic"":false,""type"":""Point"",""coordinates"":[106.76027994118454,-6.274732259574858]}"
128_0,1,-6.274732259574858,106.76926309402573,38.86135721842448,"{""geodesic"":false,""type"":""Point"",""coordinates"":[106.76926309402573,-6.274732259574858]}"
129_0,1,-6.274732259574858,106.77824624686693,41.84379323323568,"{""geodesic"":false,""type"":""Point"",""coordinates"":[106.77824624686693,-6.274732259574858]}"
130_0,1,-6.274732259574858,106.78722939970812,36.88567365679825,"{""geodesic"":false,""type"":""Point"",""coordinates"":[106.78722939970812,-6.274732259574858]}"
131_0,1,-6.274732259574858,106.79621255254932,41.9259271773081,"{""geodesic"":false,""type"":""Point"",""coordinates"":[106.79621255254932,-6.274732259574858]}"
132_0,1,-6.274732259574858,106.80519570539052,44.577136126431554,"{""geodesic"":false,""type"":""Point"",""coordinates"":[106.80519570539052,-6.274732259574858]}"
133_0,1,-6.274732259574858,106.81417885823171,44.07843589782715,"{""geodesic"":false,""type"":""Point"",""coordinates"":[106.81417885823171,-6.274732259574858]}"
134_0,1,-6.274732259574858,106.82316201107291,39.735078539167134,"{""geodesic"":false,""type"":""Point"",""coordinates"":[106.82316201107291,-6.274732259574858]}"
135_0,1,-6.274732259574858,106.83214516391409,37.60496885435922,"{""geodesic"":false,""type"":""Point"",""coordinates"":[106.83214516391409,-6.274732259574858]}"
136_0,1,-6.274732259574858,106.84112831675529,36.940638880575854,"{""geodesic"":false,""type"":""Point"",""coordinates"":[106.84112831675529,-6.274732259574858]}"
137_0,1,-6.274732259574858,106.85011146959648,32.61135005950928,"{""geodesic"":false,""type"":""Point"",""coordinates"":[106.85011146959648,-6.274732259574858]}"
138_0,1,-6.274732259574858,106.85909462243768,40.74081099660773,"{""geodesic"":false,""type"":""Point"",""coordinates"":[106.85909462243768,-6.274732259574858]}"
139_0,1,-6.274732259574858,106.86807777527888,39.1919303608832,"{""geodesic"":false,""type"":""Point"",""coordinates"":[106.86807777527888,-6.274732259574858]}"
140_0,1,-6.274732259574858,106.87706092812007,28.12925459543864,"{""geodesic"":false,""type"":""Point"",""coordinates"":[106.87706092812007,-6.274732259574858]}"
141_0,1,-6.274732259574858,106.88604408096127,24.43059145171067,"{""geodesic"":false,""type"":""Point"",""coordinates"":[106.88604408096127,-6.274732259574858]}"
142_0,1,-6.274732259574858,106.89502723380247,20.338314182502177,"{""geodesic"":false,""type"":""Point"",""coordinates"":[106.89502723380247,-6.274732259574858]}"
143_0,1,-6.274732259574858,106.90401038664366,22.928098678588867,"{""geodesic"":false,""type"":""Point"",""coordinates"":[106.90401038664366,-6.274732259574858]}"
144_0,1,-6.265749106733662,106.75129678834334,35.89373253487252,"{""geodesic"":false,""type"":""Point"",""coordinates"":[106.75129678834334,-6.265749106733662]}"
145_0,1,-6.265749106733662,106.76027994118454,41.628366470336914,"{""geodesic"":false,""type"":""Point"",""coordinates"":[106.76027994118454,-6.265749106733662]}"
146_0,1,-6.265749106733662,106.76926309402573,38.638261343303476,"{""geodesic"":false,""type"":""Point"",""coordinates"":[106.76926309402573,-6.265749106733662]}"
147_0,1,-6.265749106733662,106.77824624686693,49.62643170047116,"{""geodesic"":false,""type"":""Point"",""coordinates"":[106.77824624686693,-6.265749106733662]}"
148_0,1,-6.265749106733662,106.78722939970812,47.204146222370426,"{""geodesic"":false,""type"":""Point"",""coordinates"":[106.78722939970812,-6.265749106733662]}"
149_0,1,-6.265749106733662,106.79621255254932,45.81402415722872,"{""geodesic"":false,""type"":""Point"",""coordinates"":[106.79621255254932,-6.265749106733662]}"
150_0,1,-6.265749106733662,106.80519570539052,45.814127470317636,"{""geodesic"":false,""type"":""Point"",""coordinates"":[106.80519570539052,-6.265749106733662]}"
151_0,1,-6.265749106733662,106.81417885823171,50.617556604845774,"{""geodesic"":false,""type"":""Point"",""coordinates"":[106.81417885823171,-6.265749106733662]}"
152_0,1,-6.265749106733662,106.82316201107291,41.09662691752116,"{""geodesic"":false,""type"":""Point"",""coordinates"":[106.82316201107291,-6.265749106733662]}"
153_0,1,-6.265749106733662,106.83214516391409,41.18815268239668,"{""geodesic"":false,""type"":""Point"",""coordinates"":[106.83214516391409,-6.265749106733662]}"
154_0,1,-6.265749106733662,106.84112831675529,39.0936996459961,"{""geodesic"":false,""type"":""Point"",""coordinates"":[106.84112831675529,-6.265749106733662]}"
155_0,1,-6.265749106733662,106.85011146959648,35.833221435546875,"{""geodesic"":false,""type"":""Point"",""coordinates"":[106.85011146959648,-6.265749106733662]}"
156_0,1,-6.265749106733662,106.85909462243768,42.23083128008926,"{""geodesic"":false,""type"":""Point"",""coordinates"":[106.85909462243768,-6.265749106733662]}"
157_0,1,-6.265749106733662,106.86807777527888,40.702468954321944,"{""geodesic"":false,""type"":""Point"",""coordinates"":[106.86807777527888,-6.265749106733662]}"
158_0,1,-6.265749106733662,106.87706092812007,35.13731488314542,"{""geodesic"":false,""type"":""Point"",""coordinates"":[106.87706092812007,-6.265749106733662]}"
159_0,1,-6.265749106733662,106.88604408096127,35.64189628932787,"{""geodesic"":false,""type"":""Point"",""coordinates"":[106.88604408096127,-6.265749106733662]}"
160_0,1,-6.265749106733662,106.89502723380247,31.100758158642314,"{""geodesic"":false,""type"":""Point"",""coordinates"":[106.89502723380247,-6.265749106733662]}"
161_0,1,-6.265749106733662,106.90401038664366,27.304119985611713,"{""geodesic"":false,""type"":""Point"",""coordinates"":[106.90401038664366,-6.265749106733662]}"
162_0,1,-6.256765953892468,106.76027994118454,39.11398394745175,"{""geodesic"":false,""type"":""Point"",""coordinates"":[106.76027994118454,-6.256765953892468]}"
163_0,1,-6.256765953892468,106.76926309402573,42.452893852291254,"{""geodesic"":false,""type"":""Point"",""coordinates"":[106.76926309402573,-6.256765953892468]}"
164_0,1,-6.256765953892468,106.77824624686693,43.83426305982802,"{""geodesic"":false,""type"":""Point"",""coordinates"":[106.77824624686693,-6.256765953892468]}"
165_0,1,-6.256765953892468,106.78722939970812,42.37153644210722,"{""geodesic"":false,""type"":""Point"",""coordinates"":[106.78722939970812,-6.256765953892468]}"
166_0,1,-6.256765953892468,106.79621255254932,49.14175450642904,"{""geodesic"":false,""type"":""Point"",""coordinates"":[106.79621255254932,-6.256765953892468]}"
167_0,1,-6.256765953892468,106.80519570539052,53.39090782299376,"{""geodesic"":false,""type"":""Point"",""coordinates"":[106.80519570539052,-6.256765953892468]}"
168_0,1,-6.256765953892468,106.81417885823171,51.861672299973506,"{""geodesic"":false,""type"":""Point"",""coordinates"":[106.81417885823171,-6.256765953892468]}"
169_0,1,-6.256765953892468,106.82316201107291,42.93171482701455,"{""geodesic"":false,""type"":""Point"",""coordinates"":[106.82316201107291,-6.256765953892468]}"
170_0,1,-6.256765953892468,106.83214516391409,39.889110789579505,"{""geodesic"":false,""type"":""Point"",""coordinates"":[106.83214516391409,-6.256765953892468]}"
171_0,1,-6.256765953892468,106.84112831675529,40.87085455817145,"{""geodesic"":false,""type"":""Point"",""coordinates"":[106.84112831675529,-6.256765953892468]}"
172_0,1,-6.256765953892468,106.85011146959648,42.14950490880896,"{""geodesic"":false,""type"":""Point"",""coordinates"":[106.85011146959648,-6.256765953892468]}"
173_0,1,-6.256765953892468,106.85909462243768,40.89176061202069,"{""geodesic"":false,""type"":""Point"",""coordinates"":[106.85909462243768,-6.256765953892468]}"
174_0,1,-6.256765953892468,106.86807777527888,42.93451110839844,"{""geodesic"":false,""type"":""Point"",""coordinates"":[106.86807777527888,-6.256765953892468]}"
175_0,1,-6.256765953892468,106.87706092812007,39.42956275206346,"{""geodesic"":false,""type"":""Point"",""coordinates"":[106.87706092812007,-6.256765953892468]}"
176_0,1,-6.256765953892468,106.88604408096127,31.530056132210625,"{""geodesic"":false,""type"":""Point"",""coordinates"":[106.88604408096127,-6.256765953892468]}"
177_0,1,-6.256765953892468,106.89502723380247,30.13948652479384,"{""geodesic"":false,""type"":""Point"",""coordinates"":[106.89502723380247,-6.256765953892468]}"
178_0,1,-6.256765953892468,106.90401038664366,34.79578252585537,"{""geodesic"":false,""type"":""Point"",""coordinates"":[106.90401038664366,-6.256765953892468]}"
179_0,1,-6.256765953892468,106.91299353948486,40.87623964037214,"{""geodesic"":false,""type"":""Point"",""coordinates"":[106.91299353948486,-6.256765953892468]}"
180_0,1,-6.247782801051272,106.75129678834334,34.42904019502043,"{""geodesic"":false,""type"":""Point"",""coordinates"":[106.75129678834334,-6.247782801051272]}"
181_0,1,-6.247782801051272,106.76027994118454,35.41891568899155,"{""geodesic"":false,""type"":""Point"",""coordinates"":[106.76027994118454,-6.247782801051272]}"
182_0,1,-6.247782801051272,106.76926309402573,34.91418728527722,"{""geodesic"":false,""type"":""Point"",""coordinates"":[106.76926309402573,-6.247782801051272]}"
183_0,1,-6.247782801051272,106.77824624686693,44.95762210422092,"{""geodesic"":false,""type"":""Point"",""coordinates"":[106.77824624686693,-6.247782801051272]}"
184_0,1,-6.247782801051272,106.78722939970812,46.65198112627782,"{""geodesic"":false,""type"":""Point"",""coordinates"":[106.78722939970812,-6.247782801051272]}"
185_0,1,-6.247782801051272,106.79621255254932,61.623652364693434,"{""geodesic"":false,""type"":""Point"",""coordinates"":[106.79621255254932,-6.247782801051272]}"
186_0,1,-6.247782801051272,106.80519570539052,61.76197511058743,"{""geodesic"":false,""type"":""Point"",""coordinates"":[106.80519570539052,-6.247782801051272]}"
187_0,1,-6.247782801051272,106.81417885823171,45.81390229393454,"{""geodesic"":false,""type"":""Point"",""coordinates"":[106.81417885823171,-6.247782801051272]}"
188_0,1,-6.247782801051272,106.82316201107291,46.37560339819027,"{""geodesic"":false,""type"":""Point"",""coordinates"":[106.82316201107291,-6.247782801051272]}"
189_0,1,-6.247782801051272,106.83214516391409,46.8520259312221,"{""geodesic"":false,""type"":""Point"",""coordinates"":[106.83214516391409,-6.247782801051272]}"
190_0,1,-6.247782801051272,106.84112831675529,45.684860906293316,"{""geodesic"":false,""type"":""Point"",""coordinates"":[106.84112831675529,-6.247782801051272]}"
191_0,1,-6.247782801051272,106.85011146959648,51.34056815234098,"{""geodesic"":false,""type"":""Point"",""coordinates"":[106.85011146959648,-6.247782801051272]}"
192_0,1,-6.247782801051272,106.85909462243768,53.412710189819336,"{""geodesic"":false,""type"":""Point"",""coordinates"":[106.85909462243768,-6.247782801051272]}"
193_0,1,-6.247782801051272,106.86807777527888,57.308793826979034,"{""geodesic"":false,""type"":""Point"",""coordinates"":[106.86807777527888,-6.247782801051272]}"
194_0,1,-6.247782801051272,106.87706092812007,46.36197149625389,"{""geodesic"":false,""type"":""Point"",""coordinates"":[106.87706092812007,-6.247782801051272]}"
195_0,1,-6.247782801051272,106.88604408096127,39.367189927534625,"{""geodesic"":false,""type"":""Point"",""coordinates"":[106.88604408096127,-6.247782801051272]}"
196_0,1,-6.247782801051272,106.89502723380247,37.855013357626426,"{""geodesic"":false,""type"":""Point"",""coordinates"":[106.89502723380247,-6.247782801051272]}"
197_0,1,-6.247782801051272,106.90401038664366,43.14315044879913,"{""geodesic"":false,""type"":""Point"",""coordinates"":[106.90401038664366,-6.247782801051272]}"
198_0,1,-6.247782801051272,106.91299353948486,41.17469881816083,"{""geodesic"":false,""type"":""Point"",""coordinates"":[106.91299353948486,-6.247782801051272]}"
199_0,1,-6.247782801051272,106.92197669232606,39.44197924931844,"{""geodesic"":false,""type"":""Point"",""coordinates"":[106.92197669232606,-6.247782801051272]}"
200_0,1,-6.247782801051272,106.93095984516725,40.60364479064941,"{""geodesic"":false,""type"":""Point"",""coordinates"":[106.93095984516725,-6.247782801051272]}"
201_0,1,-6.247782801051272,106.93994299800845,38.66159070548365,"{""geodesic"":false,""type"":""Point"",""coordinates"":[106.93994299800845,-6.247782801051272]}"
202_0,1,-6.238799648210077,106.75129678834334,39.67362403869629,"{""geodesic"":false,""type"":""Point"",""coordinates"":[106.75129678834334,-6.238799648210077]}"
203_0,1,-6.238799648210077,106.76027994118454,36.85605792999267,"{""geodesic"":false,""type"":""Point"",""coordinates"":[106.76027994118454,-6.238799648210077]}"
204_0,1,-6.238799648210077,106.76926309402573,37.385915904701825,"{""geodesic"":false,""type"":""Point"",""coordinates"":[106.76926309402573,-6.238799648210077]}"
205_0,1,-6.238799648210077,106.77824624686693,49.265009895699926,"{""geodesic"":false,""type"":""Point"",""coordinates"":[106.77824624686693,-6.238799648210077]}"
206_0,1,-6.238799648210077,106.78722939970812,51.27839610793374,"{""geodesic"":false,""type"":""Point"",""coordinates"":[106.78722939970812,-6.238799648210077]}"
207_0,1,-6.238799648210077,106.79621255254932,67.26383427211216,"{""geodesic"":false,""type"":""Point"",""coordinates"":[106.79621255254932,-6.238799648210077]}"
208_0,1,-6.238799648210077,106.80519570539052,69.26868281644933,"{""geodesic"":false,""type"":""Point"",""coordinates"":[106.80519570539052,-6.238799648210077]}"
209_0,1,-6.238799648210077,106.81417885823171,57.33668020629883,"{""geodesic"":false,""type"":""Point"",""coordinates"":[106.81417885823171,-6.238799648210077]}"
210_0,1,-6.238799648210077,106.82316201107291,72.74393554232013,"{""geodesic"":false,""type"":""Point"",""coordinates"":[106.82316201107291,-6.238799648210077]}"
211_0,1,-6.238799648210077,106.83214516391409,70.6559389092949,"{""geodesic"":false,""type"":""Point"",""coordinates"":[106.83214516391409,-6.238799648210077]}"
212_0,1,-6.238799648210077,106.84112831675529,52.8704066756209,"{""geodesic"":false,""type"":""Point"",""coordinates"":[106.84112831675529,-6.238799648210077]}"
213_0,1,-6.238799648210077,106.85011146959648,54.4997797141204,"{""geodesic"":false,""type"":""Point"",""coordinates"":[106.85011146959648,-6.238799648210077]}"
214_0,1,-6.238799648210077,106.85909462243768,45.2696732878685,"{""geodesic"":false,""type"":""Point"",""coordinates"":[106.85909462243768,-6.238799648210077]}"
215_0,1,-6.238799648210077,106.86807777527888,48.334439800631614,"{""geodesic"":false,""type"":""Point"",""coordinates"":[106.86807777527888,-6.238799648210077]}"
216_0,1,-6.238799648210077,106.87706092812007,44.430926088426936,"{""geodesic"":false,""type"":""Point"",""coordinates"":[106.87706092812007,-6.238799648210077]}"
217_0,1,-6.238799648210077,106.88604408096127,42.856370735168454,"{""geodesic"":false,""type"":""Point"",""coordinates"":[106.88604408096127,-6.238799648210077]}"
218_0,1,-6.238799648210077,106.89502723380247,43.91408458975859,"{""geodesic"":false,""type"":""Point"",""coordinates"":[106.89502723380247,-6.238799648210077]}"
219_0,1,-6.238799648210077,106.90401038664366,38.12236177921295,"{""geodesic"":false,""type"":""Point"",""coordinates"":[106.90401038664366,-6.238799648210077]}"
220_0,1,-6.238799648210077,106.91299353948486,36.83040325458233,"{""geodesic"":false,""type"":""Point"",""coordinates"":[106.91299353948486,-6.238799648210077]}"
221_0,1,-6.238799648210077,106.92197669232606,37.086542437153476,"{""geodesic"":false,""type"":""Point"",""coordinates"":[106.92197669232606,-6.238799648210077]}"
222_0,1,-6.238799648210077,106.93095984516725,36.437486537667205,"{""geodesic"":false,""type"":""Point"",""coordinates"":[106.93095984516725,-6.238799648210077]}"
223_0,1,-6.238799648210077,106.93994299800845,35.34806995765835,"{""geodesic"":false,""type"":""Point"",""coordinates"":[106.93994299800845,-6.238799648210077]}"
224_0,1,-6.2298164953688815,106.74231363550214,33.40691277076458,"{""geodesic"":false,""type"":""Point"",""coordinates"":[106.74231363550214,-6.2298164953688815]}"
225_0,1,-6.2298164953688815,106.75129678834334,35.314930391627435,"{""geodesic"":false,""type"":""Point"",""coordinates"":[106.75129678834334,-6.2298164953688815]}"
226_0,1,-6.2298164953688815,106.76027994118454,34.21013259887695,"{""geodesic"":false,""type"":""Point"",""coordinates"":[106.76027994118454,-6.2298164953688815]}"
227_0,1,-6.2298164953688815,106.76926309402573,35.90573082367579,"{""geodesic"":false,""type"":""Point"",""coordinates"":[106.76926309402573,-6.2298164953688815]}"
228_0,1,-6.2298164953688815,106.77824624686693,40.63866492429394,"{""geodesic"":false,""type"":""Point"",""coordinates"":[106.77824624686693,-6.2298164953688815]}"
229_0,1,-6.2298164953688815,106.78722939970812,48.30432631752708,"{""geodesic"":false,""type"":""Point"",""coordinates"":[106.78722939970812,-6.2298164953688815]}"
230_0,1,-6.2298164953688815,106.79621255254932,66.85540425092324,"{""geodesic"":false,""type"":""Point"",""coordinates"":[106.79621255254932,-6.2298164953688815]}"
231_0,1,-6.2298164953688815,106.80519570539052,90.64173902545059,"{""geodesic"":false,""type"":""Point"",""coordinates"":[106.80519570539052,-6.2298164953688815]}"
232_0,1,-6.2298164953688815,106.81417885823171,87.36431572740511,"{""geodesic"":false,""type"":""Point"",""coordinates"":[106.81417885823171,-6.2298164953688815]}"
233_0,1,-6.2298164953688815,106.82316201107291,79.52523277745102,"{""geodesic"":false,""type"":""Point"",""coordinates"":[106.82316201107291,-6.2298164953688815]}"
234_0,1,-6.2298164953688815,106.83214516391409,68.77514555016343,"{""geodesic"":false,""type"":""Point"",""coordinates"":[106.83214516391409,-6.2298164953688815]}"
235_0,1,-6.2298164953688815,106.84112831675529,53.36919222379986,"{""geodesic"":false,""type"":""Point"",""coordinates"":[106.84112831675529,-6.2298164953688815]}"
236_0,1,-6.2298164953688815,106.85011146959648,51.69628598613124,"{""geodesic"":false,""type"":""Point"",""coordinates"":[106.85011146959648,-6.2298164953688815]}"
237_0,1,-6.2298164953688815,106.85909462243768,47.653371810913086,"{""geodesic"":false,""type"":""Point"",""coordinates"":[106.85909462243768,-6.2298164953688815]}"
238_0,1,-6.2298164953688815,106.86807777527888,51.60545599748547,"{""geodesic"":false,""type"":""Point"",""coordinates"":[106.86807777527888,-6.2298164953688815]}"
239_0,1,-6.2298164953688815,106.87706092812007,53.6906498500279,"{""geodesic"":false,""type"":""Point"",""coordinates"":[106.87706092812007,-6.2298164953688815]}"
240_0,1,-6.2298164953688815,106.88604408096127,47.85856056213379,"{""geodesic"":false,""type"":""Point"",""coordinates"":[106.88604408096127,-6.2298164953688815]}"
241_0,1,-6.2298164953688815,106.89502723380247,42.33677314309513,"{""geodesic"":false,""type"":""Point"",""coordinates"":[106.89502723380247,-6.2298164953688815]}"
242_0,1,-6.2298164953688815,106.90401038664366,38.07610034942627,"{""geodesic"":false,""type"":""Point"",""coordinates"":[106.90401038664366,-6.2298164953688815]}"
243_0,1,-6.2298164953688815,106.91299353948486,37.55247038912911,"{""geodesic"":false,""type"":""Point"",""coordinates"":[106.91299353948486,-6.2298164953688815]}"
244_0,1,-6.2298164953688815,106.92197669232606,39.26665271412242,"{""geodesic"":false,""type"":""Point"",""coordinates"":[106.92197669232606,-6.2298164953688815]}"
245_0,1,-6.2298164953688815,106.93095984516725,38.43871037165324,"{""geodesic"":false,""type"":""Point"",""coordinates"":[106.93095984516725,-6.2298164953688815]}"
246_0,1,-6.2298164953688815,106.93994299800845,37.625795190984554,"{""geodesic"":false,""type"":""Point"",""coordinates"":[106.93994299800845,-6.2298164953688815]}"
247_0,1,-6.220833342527687,106.72434732981975,33.8938253433978,"{""geodesic"":false,""type"":""Point"",""coordinates"":[106.72434732981975,-6.220833342527687]}"
248_0,1,-6.220833342527687,106.73333048266095,36.82111301217028,"{""geodesic"":false,""type"":""Point"",""coordinates"":[106.73333048266095,-6.220833342527687]}"
249_0,1,-6.220833342527687,106.74231363550214,36.70761695115463,"{""geodesic"":false,""type"":""Point"",""coordinates"":[106.74231363550214,-6.220833342527687]}"
250_0,1,-6.220833342527687,106.75129678834334,39.164949270395134,"{""geodesic"":false,""type"":""Point"",""coordinates"":[106.75129678834334,-6.220833342527687]}"
251_0,1,-6.220833342527687,106.76027994118454,39.31804074498708,"{""geodesic"":false,""type"":""Point"",""coordinates"":[106.76027994118454,-6.220833342527687]}"
252_0,1,-6.220833342527687,106.76926309402573,42.118672351963475,"{""geodesic"":false,""type"":""Point"",""coordinates"":[106.76926309402573,-6.220833342527687]}"
253_0,1,-6.220833342527687,106.77824624686693,45.802743997146834,"{""geodesic"":false,""type"":""Point"",""coordinates"":[106.77824624686693,-6.220833342527687]}"
254_0,1,-6.220833342527687,106.78722939970812,47.41553800651826,"{""geodesic"":false,""type"":""Point"",""coordinates"":[106.78722939970812,-6.220833342527687]}"
255_0,1,-6.220833342527687,106.79621255254932,86.49360094572368,"{""geodesic"":false,""type"":""Point"",""coordinates"":[106.79621255254932,-6.220833342527687]}"
256_0,1,-6.220833342527687,106.80519570539052,120.34684195447323,"{""geodesic"":false,""type"":""Point"",""coordinates"":[106.80519570539052,-6.220833342527687]}"
257_0,1,-6.220833342527687,106.81417885823171,97.14757864815849,"{""geodesic"":false,""type"":""Point"",""coordinates"":[106.81417885823171,-6.220833342527687]}"
258_0,1,-6.220833342527687,106.82316201107291,75.33054238778574,"{""geodesic"":false,""type"":""Point"",""coordinates"":[106.82316201107291,-6.220833342527687]}"
259_0,1,-6.220833342527687,106.83214516391409,66.34497833251953,"{""geodesic"":false,""type"":""Point"",""coordinates"":[106.83214516391409,-6.220833342527687]}"
260_0,1,-6.220833342527687,106.84112831675529,57.999912326893906,"{""geodesic"":false,""type"":""Point"",""coordinates"":[106.84112831675529,-6.220833342527687]}"
261_0,1,-6.220833342527687,106.85011146959648,47.36007302148001,"{""geodesic"":false,""type"":""Point"",""coordinates"":[106.85011146959648,-6.220833342527687]}"
262_0,1,-6.220833342527687,106.85909462243768,52.83670899362275,"{""geodesic"":false,""type"":""Point"",""coordinates"":[106.85909462243768,-6.220833342527687]}"
263_0,1,-6.220833342527687,106.86807777527888,55.10279186351879,"{""geodesic"":false,""type"":""Point"",""coordinates"":[106.86807777527888,-6.220833342527687]}"
264_0,1,-6.220833342527687,106.87706092812007,65.0130911492682,"{""geodesic"":false,""type"":""Point"",""coordinates"":[106.87706092812007,-6.220833342527687]}"
265_0,1,-6.220833342527687,106.88604408096127,53.26006880903666,"{""geodesic"":false,""type"":""Point"",""coordinates"":[106.88604408096127,-6.220833342527687]}"
266_0,1,-6.220833342527687,106.89502723380247,39.375606363469906,"{""geodesic"":false,""type"":""Point"",""coordinates"":[106.89502723380247,-6.220833342527687]}"
267_0,1,-6.220833342527687,106.90401038664366,38.391037693730105,"{""geodesic"":false,""type"":""Point"",""coordinates"":[106.90401038664366,-6.220833342527687]}"
268_0,1,-6.220833342527687,106.91299353948486,40.57920593964426,"{""geodesic"":false,""type"":""Point"",""coordinates"":[106.91299353948486,-6.220833342527687]}"
269_0,1,-6.220833342527687,106.92197669232606,42.089821650187176,"{""geodesic"":false,""type"":""Point"",""coordinates"":[106.92197669232606,-6.220833342527687]}"
270_0,1,-6.220833342527687,106.93095984516725,40.66998449254919,"{""geodesic"":false,""type"":""Point"",""coordinates"":[106.93095984516725,-6.220833342527687]}"
271_0,1,-6.220833342527687,106.93994299800845,43.089296685888414,"{""geodesic"":false,""type"":""Point"",""coordinates"":[106.93994299800845,-6.220833342527687]}"
272_0,1,-6.220833342527687,106.94892615084963,40.86333154950823,"{""geodesic"":false,""type"":""Point"",""coordinates"":[106.94892615084963,-6.220833342527687]}"
273_0,1,-6.2118501896864915,106.72434732981975,34.10798332490117,"{""geodesic"":false,""type"":""Point"",""coordinates"":[106.72434732981975,-6.2118501896864915]}"
274_0,1,-6.2118501896864915,106.73333048266095,38.909498068002556,"{""geodesic"":false,""type"":""Point"",""coordinates"":[106.73333048266095,-6.2118501896864915]}"
275_0,1,-6.2118501896864915,106.74231363550214,36.591436154914625,"{""geodesic"":false,""type"":""Point"",""coordinates"":[106.74231363550214,-6.2118501896864915]}"
276_0,1,-6.2118501896864915,106.75129678834334,39.421054052928135,"{""geodesic"":false,""type"":""Point"",""coordinates"":[106.75129678834334,-6.2118501896864915]}"
277_0,1,-6.2118501896864915,106.76027994118454,40.75280822819962,"{""geodesic"":false,""type"":""Point"",""coordinates"":[106.76027994118454,-6.2118501896864915]}"
278_0,1,-6.2118501896864915,106.76926309402573,45.34298328919844,"{""geodesic"":false,""type"":""Point"",""coordinates"":[106.76926309402573,-6.2118501896864915]}"
279_0,1,-6.2118501896864915,106.77824624686693,46.05546745034151,"{""geodesic"":false,""type"":""Point"",""coordinates"":[106.77824624686693,-6.2118501896864915]}"
280_0,1,-6.2118501896864915,106.78722939970812,46.606755491975065,"{""geodesic"":false,""type"":""Point"",""coordinates"":[106.78722939970812,-6.2118501896864915]}"
281_0,1,-6.2118501896864915,106.79621255254932,95.22001716272155,"{""geodesic"":false,""type"":""Point"",""coordinates"":[106.79621255254932,-6.2118501896864915]}"
282_0,1,-6.2118501896864915,106.80519570539052,88.85827317162958,"{""geodesic"":false,""type"":""Point"",""coordinates"":[106.80519570539052,-6.2118501896864915]}"
283_0,1,-6.2118501896864915,106.81417885823171,72.8116956438337,"{""geodesic"":false,""type"":""Point"",""coordinates"":[106.81417885823171,-6.2118501896864915]}"
284_0,1,-6.2118501896864915,106.82316201107291,75.4837465162401,"{""geodesic"":false,""type"":""Point"",""coordinates"":[106.82316201107291,-6.2118501896864915]}"
285_0,1,-6.2118501896864915,106.83214516391409,62.425955581665036,"{""geodesic"":false,""type"":""Point"",""coordinates"":[106.83214516391409,-6.2118501896864915]}"
286_0,1,-6.2118501896864915,106.84112831675529,48.85776901245117,"{""geodesic"":false,""type"":""Point"",""coordinates"":[106.84112831675529,-6.2118501896864915]}"
287_0,1,-6.2118501896864915,106.85011146959648,46.85968060763377,"{""geodesic"":false,""type"":""Point"",""coordinates"":[106.85011146959648,-6.2118501896864915]}"
288_0,1,-6.2118501896864915,106.85909462243768,50.84084701538086,"{""geodesic"":false,""type"":""Point"",""coordinates"":[106.85909462243768,-6.2118501896864915]}"
289_0,1,-6.2118501896864915,106.86807777527888,50.93113403320312,"{""geodesic"":false,""type"":""Point"",""coordinates"":[106.86807777527888,-6.2118501896864915]}"
290_0,1,-6.2118501896864915,106.87706092812007,49.40455771274254,"{""geodesic"":false,""type"":""Point"",""coordinates"":[106.87706092812007,-6.2118501896864915]}"
291_0,1,-6.2118501896864915,106.88604408096127,48.221959613618395,"{""geodesic"":false,""type"":""Point"",""coordinates"":[106.88604408096127,-6.2118501896864915]}"
292_0,1,-6.2118501896864915,106.89502723380247,44.10028981053552,"{""geodesic"":false,""type"":""Point"",""coordinates"":[106.89502723380247,-6.2118501896864915]}"
293_0,1,-6.2118501896864915,106.90401038664366,42.10854635567501,"{""geodesic"":false,""type"":""Point"",""coordinates"":[106.90401038664366,-6.2118501896864915]}"
294_0,1,-6.2118501896864915,106.91299353948486,42.14529793722588,"{""geodesic"":false,""type"":""Point"",""coordinates"":[106.91299353948486,-6.2118501896864915]}"
295_0,1,-6.2118501896864915,106.92197669232606,39.28442255655924,"{""geodesic"":false,""type"":""Point"",""coordinates"":[106.92197669232606,-6.2118501896864915]}"
296_0,1,-6.2118501896864915,106.93095984516725,39.0382015161347,"{""geodesic"":false,""type"":""Point"",""coordinates"":[106.93095984516725,-6.2118501896864915]}"
297_0,1,-6.2118501896864915,106.93994299800845,41.461873731751375,"{""geodesic"":false,""type"":""Point"",""coordinates"":[106.93994299800845,-6.2118501896864915]}"
298_0,1,-6.2118501896864915,106.94892615084963,44.18125759187292,"{""geodesic"":false,""type"":""Point"",""coordinates"":[106.94892615084963,-6.2118501896864915]}"
299_0,1,-6.2118501896864915,106.95790930369083,40.38789694649832,"{""geodesic"":false,""type"":""Point"",""coordinates"":[106.95790930369083,-6.2118501896864915]}"
300_0,1,-6.202867036845296,106.72434732981975,35.87571099599202,"{""geodesic"":false,""type"":""Point"",""coordinates"":[106.72434732981975,-6.202867036845296]}"
301_0,1,-6.202867036845296,106.73333048266095,39.376526590120996,"{""geodesic"":false,""type"":""Point"",""coordinates"":[106.73333048266095,-6.202867036845296]}"
302_0,1,-6.202867036845296,106.74231363550214,42.35985501607259,"{""geodesic"":false,""type"":""Point"",""coordinates"":[106.74231363550214,-6.202867036845296]}"
303_0,1,-6.202867036845296,106.75129678834334,44.415626525878906,"{""geodesic"":false,""type"":""Point"",""coordinates"":[106.75129678834334,-6.202867036845296]}"
304_0,1,-6.202867036845296,106.76027994118454,49.3131731484153,"{""geodesic"":false,""type"":""Point"",""coordinates"":[106.76027994118454,-6.202867036845296]}"
305_0,1,-6.202867036845296,106.76926309402573,46.575462341308594,"{""geodesic"":false,""type"":""Point"",""coordinates"":[106.76926309402573,-6.202867036845296]}"
306_0,1,-6.202867036845296,106.77824624686693,45.62464925221035,"{""geodesic"":false,""type"":""Point"",""coordinates"":[106.77824624686693,-6.202867036845296]}"
307_0,1,-6.202867036845296,106.78722939970812,46.10471492027169,"{""geodesic"":false,""type"":""Point"",""coordinates"":[106.78722939970812,-6.202867036845296]}"
308_0,1,-6.202867036845296,106.79621255254932,56.683210066821026,"{""geodesic"":false,""type"":""Point"",""coordinates"":[106.79621255254932,-6.202867036845296]}"
309_0,1,-6.202867036845296,106.80519570539052,61.27140499093679,"{""geodesic"":false,""type"":""Point"",""coordinates"":[106.80519570539052,-6.202867036845296]}"
310_0,1,-6.202867036845296,106.81417885823171,62.694257497787476,"{""geodesic"":false,""type"":""Point"",""coordinates"":[106.81417885823171,-6.202867036845296]}"
311_0,1,-6.202867036845296,106.82316201107291,84.3143269220988,"{""geodesic"":false,""type"":""Point"",""coordinates"":[106.82316201107291,-6.202867036845296]}"
312_0,1,-6.202867036845296,106.83214516391409,62.85837932548137,"{""geodesic"":false,""type"":""Point"",""coordinates"":[106.83214516391409,-6.202867036845296]}"
313_0,1,-6.202867036845296,106.84112831675529,54.06986935933431,"{""geodesic"":false,""type"":""Point"",""coordinates"":[106.84112831675529,-6.202867036845296]}"
314_0,1,-6.202867036845296,106.85011146959648,56.184415783798485,"{""geodesic"":false,""type"":""Point"",""coordinates"":[106.85011146959648,-6.202867036845296]}"
315_0,1,-6.202867036845296,106.85909462243768,46.616270592872134,"{""geodesic"":false,""type"":""Point"",""coordinates"":[106.85909462243768,-6.202867036845296]}"
316_0,1,-6.202867036845296,106.86807777527888,46.05558908902682,"{""geodesic"":false,""type"":""Point"",""coordinates"":[106.86807777527888,-6.202867036845296]}"
317_0,1,-6.202867036845296,106.87706092812007,45.131983687238,"{""geodesic"":false,""type"":""Point"",""coordinates"":[106.87706092812007,-6.202867036845296]}"
318_0,1,-6.202867036845296,106.88604408096127,45.6510375238234,"{""geodesic"":false,""type"":""Point"",""coordinates"":[106.88604408096127,-6.202867036845296]}"
319_0,1,-6.202867036845296,106.89502723380247,42.872068869101035,"{""geodesic"":false,""type"":""Point"",""coordinates"":[106.89502723380247,-6.202867036845296]}"
320_0,1,-6.202867036845296,106.90401038664366,39.43521520253774,"{""geodesic"":false,""type"":""Point"",""coordinates"":[106.90401038664366,-6.202867036845296]}"
321_0,1,-6.202867036845296,106.91299353948486,37.13344060158243,"{""geodesic"":false,""type"":""Point"",""coordinates"":[106.91299353948486,-6.202867036845296]}"
322_0,1,-6.202867036845296,106.92197669232606,36.4294673204422,"{""geodesic"":false,""type"":""Point"",""coordinates"":[106.92197669232606,-6.202867036845296]}"
323_0,1,-6.202867036845296,106.93095984516725,38.690941934367174,"{""geodesic"":false,""type"":""Point"",""coordinates"":[106.93095984516725,-6.202867036845296]}"
324_0,1,-6.202867036845296,106.93994299800845,39.223406607104884,"{""geodesic"":false,""type"":""Point"",""coordinates"":[106.93994299800845,-6.202867036845296]}"
325_0,1,-6.202867036845296,106.94892615084963,43.73113460540772,"{""geodesic"":false,""type"":""Point"",""coordinates"":[106.94892615084963,-6.202867036845296]}"
326_0,1,-6.202867036845296,106.95790930369083,40.38744758157169,"{""geodesic"":false,""type"":""Point"",""coordinates"":[106.95790930369083,-6.202867036845296]}"
327_0,1,-6.193883884004101,106.72434732981975,43.135821085127574,"{""geodesic"":false,""type"":""Point"",""coordinates"":[106.72434732981975,-6.193883884004101]}"
328_0,1,-6.193883884004101,106.73333048266095,48.39642298221588,"{""geodesic"":false,""type"":""Point"",""coordinates"":[106.73333048266095,-6.193883884004101]}"
329_0,1,-6.193883884004101,106.74231363550214,49.18518659046718,"{""geodesic"":false,""type"":""Point"",""coordinates"":[106.74231363550214,-6.193883884004101]}"
330_0,1,-6.193883884004101,106.75129678834334,52.79114393754439,"{""geodesic"":false,""type"":""Point"",""coordinates"":[106.75129678834334,-6.193883884004101]}"
331_0,1,-6.193883884004101,106.76027994118454,66.45386409759521,"{""geodesic"":false,""type"":""Point"",""coordinates"":[106.76027994118454,-6.193883884004101]}"
332_0,1,-6.193883884004101,106.76926309402573,50.33957907104492,"{""geodesic"":false,""type"":""Point"",""coordinates"":[106.76926309402573,-6.193883884004101]}"
333_0,1,-6.193883884004101,106.77824624686693,43.893474817276,"{""geodesic"":false,""type"":""Point"",""coordinates"":[106.77824624686693,-6.193883884004101]}"
334_0,1,-6.193883884004101,106.78722939970812,44.11456625340349,"{""geodesic"":false,""type"":""Point"",""coordinates"":[106.78722939970812,-6.193883884004101]}"
335_0,1,-6.193883884004101,106.79621255254932,54.80627460640018,"{""geodesic"":false,""type"":""Point"",""coordinates"":[106.79621255254932,-6.193883884004101]}"
336_0,1,-6.193883884004101,106.80519570539052,51.63454620361328,"{""geodesic"":false,""type"":""Point"",""coordinates"":[106.80519570539052,-6.193883884004101]}"
337_0,1,-6.193883884004101,106.81417885823171,57.67874161889948,"{""geodesic"":false,""type"":""Point"",""coordinates"":[106.81417885823171,-6.193883884004101]}"
338_0,1,-6.193883884004101,106.82316201107291,84.24865833763937,"{""geodesic"":false,""type"":""Point"",""coordinates"":[106.82316201107291,-6.193883884004101]}"
339_0,1,-6.193883884004101,106.83214516391409,64.1143447521121,"{""geodesic"":false,""type"":""Point"",""coordinates"":[106.83214516391409,-6.193883884004101]}"
340_0,1,-6.193883884004101,106.84112831675529,60.34175313469822,"{""geodesic"":false,""type"":""Point"",""coordinates"":[106.84112831675529,-6.193883884004101]}"
341_0,1,-6.193883884004101,106.85011146959648,58.28909314368382,"{""geodesic"":false,""type"":""Point"",""coordinates"":[106.85011146959648,-6.193883884004101]}"
342_0,1,-6.193883884004101,106.85909462243768,49.75666916676057,"{""geodesic"":false,""type"":""Point"",""coordinates"":[106.85909462243768,-6.193883884004101]}"
343_0,1,-6.193883884004101,106.86807777527888,51.80128628112594,"{""geodesic"":false,""type"":""Point"",""coordinates"":[106.86807777527888,-6.193883884004101]}"
344_0,1,-6.193883884004101,106.87706092812007,52.277958559702675,"{""geodesic"":false,""type"":""Point"",""coordinates"":[106.87706092812007,-6.193883884004101]}"
345_0,1,-6.193883884004101,106.88604408096127,56.20735700013208,"{""geodesic"":false,""type"":""Point"",""coordinates"":[106.88604408096127,-6.193883884004101]}"
346_0,1,-6.193883884004101,106.89502723380247,49.39930295944214,"{""geodesic"":false,""type"":""Point"",""coordinates"":[106.89502723380247,-6.193883884004101]}"
347_0,1,-6.193883884004101,106.90401038664366,44.196698155896414,"{""geodesic"":false,""type"":""Point"",""coordinates"":[106.90401038664366,-6.193883884004101]}"
348_0,1,-6.193883884004101,106.91299353948486,39.84441025192673,"{""geodesic"":false,""type"":""Point"",""coordinates"":[106.91299353948486,-6.193883884004101]}"
349_0,1,-6.193883884004101,106.92197669232606,38.36557473076714,"{""geodesic"":false,""type"":""Point"",""coordinates"":[106.92197669232606,-6.193883884004101]}"
350_0,1,-6.193883884004101,106.93095984516725,37.39623631068638,"{""geodesic"":false,""type"":""Point"",""coordinates"":[106.93095984516725,-6.193883884004101]}"
351_0,1,-6.193883884004101,106.93994299800845,37.936590531293085,"{""geodesic"":false,""type"":""Point"",""coordinates"":[106.93994299800845,-6.193883884004101]}"
352_0,1,-6.193883884004101,106.94892615084963,39.6450008392334,"{""geodesic"":false,""type"":""Point"",""coordinates"":[106.94892615084963,-6.193883884004101]}"
353_0,1,-6.193883884004101,106.95790930369083,41.09414953934519,"{""geodesic"":false,""type"":""Point"",""coordinates"":[106.95790930369083,-6.193883884004101]}"
354_0,1,-6.193883884004101,106.96689245653202,49.59196066856384,"{""geodesic"":false,""type"":""Point"",""coordinates"":[106.96689245653202,-6.193883884004101]}"
355_0,1,-6.184900731162906,106.71536417697857,46.87109018544682,"{""geodesic"":false,""type"":""Point"",""coordinates"":[106.71536417697857,-6.184900731162906]}"
356_0,1,-6.184900731162906,106.72434732981975,42.88865503275169,"{""geodesic"":false,""type"":""Point"",""coordinates"":[106.72434732981975,-6.184900731162906]}"
357_0,1,-6.184900731162906,106.73333048266095,56.27375098255193,"{""geodesic"":false,""type"":""Point"",""coordinates"":[106.73333048266095,-6.184900731162906]}"
358_0,1,-6.184900731162906,106.74231363550214,49.56997222900391,"{""geodesic"":false,""type"":""Point"",""coordinates"":[106.74231363550214,-6.184900731162906]}"
359_0,1,-6.184900731162906,106.75129678834334,49.66467552185058,"{""geodesic"":false,""type"":""Point"",""coordinates"":[106.75129678834334,-6.184900731162906]}"
360_0,1,-6.184900731162906,106.76027994118454,54.813659032185875,"{""geodesic"":false,""type"":""Point"",""coordinates"":[106.76027994118454,-6.184900731162906]}"
361_0,1,-6.184900731162906,106.76926309402573,52.03179281266009,"{""geodesic"":false,""type"":""Point"",""coordinates"":[106.76926309402573,-6.184900731162906]}"
362_0,1,-6.184900731162906,106.77824624686693,51.85929547227579,"{""geodesic"":false,""type"":""Point"",""coordinates"":[106.77824624686693,-6.184900731162906]}"
363_0,1,-6.184900731162906,106.78722939970812,52.31061405088843,"{""geodesic"":false,""type"":""Point"",""coordinates"":[106.78722939970812,-6.184900731162906]}"
364_0,1,-6.184900731162906,106.79621255254932,66.72492586911379,"{""geodesic"":false,""type"":""Point"",""coordinates"":[106.79621255254932,-6.184900731162906]}"
365_0,1,-6.184900731162906,106.80519570539052,54.0795973400737,"{""geodesic"":false,""type"":""Point"",""coordinates"":[106.80519570539052,-6.184900731162906]}"
366_0,1,-6.184900731162906,106.81417885823171,61.2688840230306,"{""geodesic"":false,""type"":""Point"",""coordinates"":[106.81417885823171,-6.184900731162906]}"
367_0,1,-6.184900731162906,106.82316201107291,82.68206290311592,"{""geodesic"":false,""type"":""Point"",""coordinates"":[106.82316201107291,-6.184900731162906]}"
368_0,1,-6.184900731162906,106.83214516391409,96.84025573730469,"{""geodesic"":false,""type"":""Point"",""coordinates"":[106.83214516391409,-6.184900731162906]}"
369_0,1,-6.184900731162906,106.84112831675529,71.07711360329075,"{""geodesic"":false,""type"":""Point"",""coordinates"":[106.84112831675529,-6.184900731162906]}"
370_0,1,-6.184900731162906,106.85011146959648,50.85426522321242,"{""geodesic"":false,""type"":""Point"",""coordinates"":[106.85011146959648,-6.184900731162906]}"
371_0,1,-6.184900731162906,106.85909462243768,50.26967758178711,"{""geodesic"":false,""type"":""Point"",""coordinates"":[106.85909462243768,-6.184900731162906]}"
372_0,1,-6.184900731162906,106.86807777527888,51.71235554034893,"{""geodesic"":false,""type"":""Point"",""coordinates"":[106.86807777527888,-6.184900731162906]}"
373_0,1,-6.184900731162906,106.87706092812007,48.4081667582194,"{""geodesic"":false,""type"":""Point"",""coordinates"":[106.87706092812007,-6.184900731162906]}"
374_0,1,-6.184900731162906,106.88604408096127,45.809926937787964,"{""geodesic"":false,""type"":""Point"",""coordinates"":[106.88604408096127,-6.184900731162906]}"
375_0,1,-6.184900731162906,106.89502723380247,45.33131565767176,"{""geodesic"":false,""type"":""Point"",""coordinates"":[106.89502723380247,-6.184900731162906]}"
376_0,1,-6.184900731162906,106.90401038664366,46.21251955899325,"{""geodesic"":false,""type"":""Point"",""coordinates"":[106.90401038664366,-6.184900731162906]}"
377_0,1,-6.184900731162906,106.91299353948486,45.202144313502956,"{""geodesic"":false,""type"":""Point"",""coordinates"":[106.91299353948486,-6.184900731162906]}"
378_0,1,-6.184900731162906,106.92197669232606,46.34059234460195,"{""geodesic"":false,""type"":""Point"",""coordinates"":[106.92197669232606,-6.184900731162906]}"
379_0,1,-6.184900731162906,106.93095984516725,42.657774473491465,"{""geodesic"":false,""type"":""Point"",""coordinates"":[106.93095984516725,-6.184900731162906]}"
380_0,1,-6.184900731162906,106.93994299800845,43.81059109723127,"{""geodesic"":false,""type"":""Point"",""coordinates"":[106.93994299800845,-6.184900731162906]}"
381_0,1,-6.184900731162906,106.94892615084963,42.49864137740362,"{""geodesic"":false,""type"":""Point"",""coordinates"":[106.94892615084963,-6.184900731162906]}"
382_0,1,-6.184900731162906,106.95790930369083,42.027990713224305,"{""geodesic"":false,""type"":""Point"",""coordinates"":[106.95790930369083,-6.184900731162906]}"
383_0,1,-6.184900731162906,106.96689245653202,46.143694850376676,"{""geodesic"":false,""type"":""Point"",""coordinates"":[106.96689245653202,-6.184900731162906]}"
384_0,1,-6.175917578321711,106.69739787129618,38.68774473667145,"{""geodesic"":false,""type"":""Point"",""coordinates"":[106.69739787129618,-6.175917578321711]}"
385_0,1,-6.175917578321711,106.70638102413737,45.3700585047404,"{""geodesic"":false,""type"":""Point"",""coordinates"":[106.70638102413737,-6.175917578321711]}"
386_0,1,-6.175917578321711,106.71536417697857,46.77985188218414,"{""geodesic"":false,""type"":""Point"",""coordinates"":[106.71536417697857,-6.175917578321711]}"
387_0,1,-6.175917578321711,106.72434732981975,40.83953927692614,"{""geodesic"":false,""type"":""Point"",""coordinates"":[106.72434732981975,-6.175917578321711]}"
388_0,1,-6.175917578321711,106.73333048266095,45.16810635157994,"{""geodesic"":false,""type"":""Point"",""coordinates"":[106.73333048266095,-6.175917578321711]}"
389_0,1,-6.175917578321711,106.74231363550214,46.65910110473633,"{""geodesic"":false,""type"":""Point"",""coordinates"":[106.74231363550214,-6.175917578321711]}"
390_0,1,-6.175917578321711,106.75129678834334,46.85103862690476,"{""geodesic"":false,""type"":""Point"",""coordinates"":[106.75129678834334,-6.175917578321711]}"
391_0,1,-6.175917578321711,106.76027994118454,48.262361986883754,"{""geodesic"":false,""type"":""Point"",""coordinates"":[106.76027994118454,-6.175917578321711]}"
392_0,1,-6.175917578321711,106.76926309402573,49.165405909220375,"{""geodesic"":false,""type"":""Point"",""coordinates"":[106.76926309402573,-6.175917578321711]}"
393_0,1,-6.175917578321711,106.77824624686693,50.89917406439781,"{""geodesic"":false,""type"":""Point"",""coordinates"":[106.77824624686693,-6.175917578321711]}"
394_0,1,-6.175917578321711,106.78722939970812,62.7926796653054,"{""geodesic"":false,""type"":""Point"",""coordinates"":[106.78722939970812,-6.175917578321711]}"
395_0,1,-6.175917578321711,106.79621255254932,62.065494336579974,"{""geodesic"":false,""type"":""Point"",""coordinates"":[106.79621255254932,-6.175917578321711]}"
396_0,1,-6.175917578321711,106.80519570539052,53.41067123413086,"{""geodesic"":false,""type"":""Point"",""coordinates"":[106.80519570539052,-6.175917578321711]}"
397_0,1,-6.175917578321711,106.81417885823171,65.3788883784046,"{""geodesic"":false,""type"":""Point"",""coordinates"":[106.81417885823171,-6.175917578321711]}"
398_0,1,-6.175917578321711,106.82316201107291,105.55767313639323,"{""geodesic"":false,""type"":""Point"",""coordinates"":[106.82316201107291,-6.175917578321711]}"
399_0,1,-6.175917578321711,106.83214516391409,110.12579567752667,"{""geodesic"":false,""type"":""Point"",""coordinates"":[106.83214516391409,-6.175917578321711]}"
400_0,1,-6.175917578321711,106.84112831675529,79.3754771892841,"{""geodesic"":false,""type"":""Point"",""coordinates"":[106.84112831675529,-6.175917578321711]}"
401_0,1,-6.175917578321711,106.85011146959648,52.65690517425537,"{""geodesic"":false,""type"":""Point"",""coordinates"":[106.85011146959648,-6.175917578321711]}"
402_0,1,-6.175917578321711,106.85909462243768,51.87832101186117,"{""geodesic"":false,""type"":""Point"",""coordinates"":[106.85909462243768,-6.175917578321711]}"
403_0,1,-6.175917578321711,106.86807777527888,48.83841827392578,"{""geodesic"":false,""type"":""Point"",""coordinates"":[106.86807777527888,-6.175917578321711]}"
404_0,1,-6.175917578321711,106.87706092812007,47.53089993044456,"{""geodesic"":false,""type"":""Point"",""coordinates"":[106.87706092812007,-6.175917578321711]}"
405_0,1,-6.175917578321711,106.88604408096127,45.674909057617185,"{""geodesic"":false,""type"":""Point"",""coordinates"":[106.88604408096127,-6.175917578321711]}"
406_0,1,-6.175917578321711,106.89502723380247,48.14535170335036,"{""geodesic"":false,""type"":""Point"",""coordinates"":[106.89502723380247,-6.175917578321711]}"
407_0,1,-6.175917578321711,106.90401038664366,45.39794392055936,"{""geodesic"":false,""type"":""Point"",""coordinates"":[106.90401038664366,-6.175917578321711]}"
408_0,1,-6.175917578321711,106.91299353948486,49.0838790104307,"{""geodesic"":false,""type"":""Point"",""coordinates"":[106.91299353948486,-6.175917578321711]}"
409_0,1,-6.175917578321711,106.92197669232606,50.132970333099365,"{""geodesic"":false,""type"":""Point"",""coordinates"":[106.92197669232606,-6.175917578321711]}"
410_0,1,-6.175917578321711,106.93095984516725,42.724570751190186,"{""geodesic"":false,""type"":""Point"",""coordinates"":[106.93095984516725,-6.175917578321711]}"
411_0,1,-6.175917578321711,106.93994299800845,45.64097244262695,"{""geodesic"":false,""type"":""Point"",""coordinates"":[106.93994299800845,-6.175917578321711]}"
412_0,1,-6.175917578321711,106.94892615084963,44.10313873291015,"{""geodesic"":false,""type"":""Point"",""coordinates"":[106.94892615084963,-6.175917578321711]}"
413_0,1,-6.175917578321711,106.95790930369083,47.38273100419478,"{""geodesic"":false,""type"":""Point"",""coordinates"":[106.95790930369083,-6.175917578321711]}"
414_0,1,-6.175917578321711,106.96689245653202,45.436288418977156,"{""geodesic"":false,""type"":""Point"",""coordinates"":[106.96689245653202,-6.175917578321711]}"
415_0,1,-6.166934425480515,106.69739787129618,36.42650402293486,"{""geodesic"":false,""type"":""Point"",""coordinates"":[106.69739787129618,-6.166934425480515]}"
416_0,1,-6.166934425480515,106.70638102413737,38.86572046389525,"{""geodesic"":false,""type"":""Point"",""coordinates"":[106.70638102413737,-6.166934425480515]}"
417_0,1,-6.166934425480515,106.71536417697857,40.61367925008138,"{""geodesic"":false,""type"":""Point"",""coordinates"":[106.71536417697857,-6.166934425480515]}"
418_0,1,-6.166934425480515,106.72434732981975,40.55140209197998,"{""geodesic"":false,""type"":""Point"",""coordinates"":[106.72434732981975,-6.166934425480515]}"
419_0,1,-6.166934425480515,106.73333048266095,46.614491537715615,"{""geodesic"":false,""type"":""Point"",""coordinates"":[106.73333048266095,-6.166934425480515]}"
420_0,1,-6.166934425480515,106.74231363550214,44.660454432169594,"{""geodesic"":false,""type"":""Point"",""coordinates"":[106.74231363550214,-6.166934425480515]}"
421_0,1,-6.166934425480515,106.75129678834334,50.88514229655266,"{""geodesic"":false,""type"":""Point"",""coordinates"":[106.75129678834334,-6.166934425480515]}"
422_0,1,-6.166934425480515,106.76027994118454,58.680919910299366,"{""geodesic"":false,""type"":""Point"",""coordinates"":[106.76027994118454,-6.166934425480515]}"
423_0,1,-6.166934425480515,106.76926309402573,56.296376432691304,"{""geodesic"":false,""type"":""Point"",""coordinates"":[106.76926309402573,-6.166934425480515]}"
424_0,1,-6.166934425480515,106.77824624686693,56.6005859375,"{""geodesic"":false,""type"":""Point"",""coordinates"":[106.77824624686693,-6.166934425480515]}"
425_0,1,-6.166934425480515,106.78722939970812,66.19011719058258,"{""geodesic"":false,""type"":""Point"",""coordinates"":[106.78722939970812,-6.166934425480515]}"
426_0,1,-6.166934425480515,106.79621255254932,56.424903131300404,"{""geodesic"":false,""type"":""Point"",""coordinates"":[106.79621255254932,-6.166934425480515]}"
427_0,1,-6.166934425480515,106.80519570539052,54.3058066368103,"{""geodesic"":false,""type"":""Point"",""coordinates"":[106.80519570539052,-6.166934425480515]}"
428_0,1,-6.166934425480515,106.81417885823171,61.74510643519268,"{""geodesic"":false,""type"":""Point"",""coordinates"":[106.81417885823171,-6.166934425480515]}"
429_0,1,-6.166934425480515,106.82316201107291,92.21615630701969,"{""geodesic"":false,""type"":""Point"",""coordinates"":[106.82316201107291,-6.166934425480515]}"
430_0,1,-6.166934425480515,106.83214516391409,109.33732960322132,"{""geodesic"":false,""type"":""Point"",""coordinates"":[106.83214516391409,-6.166934425480515]}"
431_0,1,-6.166934425480515,106.84112831675529,81.54799435056489,"{""geodesic"":false,""type"":""Point"",""coordinates"":[106.84112831675529,-6.166934425480515]}"
432_0,1,-6.166934425480515,106.85011146959648,51.40023958360827,"{""geodesic"":false,""type"":""Point"",""coordinates"":[106.85011146959648,-6.166934425480515]}"
433_0,1,-6.166934425480515,106.85909462243768,54.46772104543406,"{""geodesic"":false,""type"":""Point"",""coordinates"":[106.85909462243768,-6.166934425480515]}"
434_0,1,-6.166934425480515,106.86807777527888,56.651737332344055,"{""geodesic"":false,""type"":""Point"",""coordinates"":[106.86807777527888,-6.166934425480515]}"
435_0,1,-6.166934425480515,106.87706092812007,54.22294525407318,"{""geodesic"":false,""type"":""Point"",""coordinates"":[106.87706092812007,-6.166934425480515]}"
436_0,1,-6.166934425480515,106.88604408096127,45.5870730082194,"{""geodesic"":false,""type"":""Point"",""coordinates"":[106.88604408096127,-6.166934425480515]}"
437_0,1,-6.166934425480515,106.89502723380247,46.55218874174973,"{""geodesic"":false,""type"":""Point"",""coordinates"":[106.89502723380247,-6.166934425480515]}"
438_0,1,-6.166934425480515,106.90401038664366,48.175044775009155,"{""geodesic"":false,""type"":""Point"",""coordinates"":[106.90401038664366,-6.166934425480515]}"
439_0,1,-6.166934425480515,106.91299353948486,52.69346700740766,"{""geodesic"":false,""type"":""Point"",""coordinates"":[106.91299353948486,-6.166934425480515]}"
440_0,1,-6.166934425480515,106.92197669232606,54.33400192759395,"{""geodesic"":false,""type"":""Point"",""coordinates"":[106.92197669232606,-6.166934425480515]}"
441_0,1,-6.166934425480515,106.93095984516725,47.150360107421875,"{""geodesic"":false,""type"":""Point"",""coordinates"":[106.93095984516725,-6.166934425480515]}"
442_0,1,-6.166934425480515,106.93994299800845,44.85783004760742,"{""geodesic"":false,""type"":""Point"",""coordinates"":[106.93994299800845,-6.166934425480515]}"
443_0,1,-6.166934425480515,106.94892615084963,49.59080229307476,"{""geodesic"":false,""type"":""Point"",""coordinates"":[106.94892615084963,-6.166934425480515]}"
444_0,1,-6.166934425480515,106.95790930369083,50.693571938408745,"{""geodesic"":false,""type"":""Point"",""coordinates"":[106.95790930369083,-6.166934425480515]}"
445_0,1,-6.166934425480515,106.96689245653202,41.12678527832031,"{""geodesic"":false,""type"":""Point"",""coordinates"":[106.96689245653202,-6.166934425480515]}"
446_0,1,-6.15795127263932,106.68841471845498,37.672972247858716,"{""geodesic"":false,""type"":""Point"",""coordinates"":[106.68841471845498,-6.15795127263932]}"
447_0,1,-6.15795127263932,106.69739787129618,45.396660003662106,"{""geodesic"":false,""type"":""Point"",""coordinates"":[106.69739787129618,-6.15795127263932]}"
448_0,1,-6.15795127263932,106.70638102413737,50.9190358320872,"{""geodesic"":false,""type"":""Point"",""coordinates"":[106.70638102413737,-6.15795127263932]}"
449_0,1,-6.15795127263932,106.71536417697857,49.21836042404175,"{""geodesic"":false,""type"":""Point"",""coordinates"":[106.71536417697857,-6.15795127263932]}"
450_0,1,-6.15795127263932,106.72434732981975,45.89687549706662,"{""geodesic"":false,""type"":""Point"",""coordinates"":[106.72434732981975,-6.15795127263932]}"
451_0,1,-6.15795127263932,106.73333048266095,50.84743748540463,"{""geodesic"":false,""type"":""Point"",""coordinates"":[106.73333048266095,-6.15795127263932]}"
452_0,1,-6.15795127263932,106.74231363550214,37.94011892591204,"{""geodesic"":false,""type"":""Point"",""coordinates"":[106.74231363550214,-6.15795127263932]}"
453_0,1,-6.15795127263932,106.75129678834334,38.13799640588593,"{""geodesic"":false,""type"":""Point"",""coordinates"":[106.75129678834334,-6.15795127263932]}"
454_0,1,-6.15795127263932,106.76027994118454,40.93719593799897,"{""geodesic"":false,""type"":""Point"",""coordinates"":[106.76027994118454,-6.15795127263932]}"
455_0,1,-6.15795127263932,106.76926309402573,45.64508370241504,"{""geodesic"":false,""type"":""Point"",""coordinates"":[106.76926309402573,-6.15795127263932]}"
456_0,1,-6.15795127263932,106.77824624686693,50.14132926247337,"{""geodesic"":false,""type"":""Point"",""coordinates"":[106.77824624686693,-6.15795127263932]}"
457_0,1,-6.15795127263932,106.78722939970812,49.66274546991828,"{""geodesic"":false,""type"":""Point"",""coordinates"":[106.78722939970812,-6.15795127263932]}"
458_0,1,-6.15795127263932,106.79621255254932,45.22013328188942,"{""geodesic"":false,""type"":""Point"",""coordinates"":[106.79621255254932,-6.15795127263932]}"
459_0,1,-6.15795127263932,106.80519570539052,41.85500246683757,"{""geodesic"":false,""type"":""Point"",""coordinates"":[106.80519570539052,-6.15795127263932]}"
460_0,1,-6.15795127263932,106.81417885823171,50.88293181238948,"{""geodesic"":false,""type"":""Point"",""coordinates"":[106.81417885823171,-6.15795127263932]}"
461_0,1,-6.15795127263932,106.82316201107291,54.83552730015346,"{""geodesic"":false,""type"":""Point"",""coordinates"":[106.82316201107291,-6.15795127263932]}"
462_0,1,-6.15795127263932,106.83214516391409,49.126748402913414,"{""geodesic"":false,""type"":""Point"",""coordinates"":[106.83214516391409,-6.15795127263932]}"
463_0,1,-6.15795127263932,106.84112831675529,52.420425117789925,"{""geodesic"":false,""type"":""Point"",""coordinates"":[106.84112831675529,-6.15795127263932]}"
464_0,1,-6.15795127263932,106.85011146959648,56.069369316101074,"{""geodesic"":false,""type"":""Point"",""coordinates"":[106.85011146959648,-6.15795127263932]}"
465_0,1,-6.15795127263932,106.85909462243768,47.10441193490658,"{""geodesic"":false,""type"":""Point"",""coordinates"":[106.85909462243768,-6.15795127263932]}"
466_0,1,-6.15795127263932,106.86807777527888,46.80914436067854,"{""geodesic"":false,""type"":""Point"",""coordinates"":[106.86807777527888,-6.15795127263932]}"
467_0,1,-6.15795127263932,106.87706092812007,48.45155127573822,"{""geodesic"":false,""type"":""Point"",""coordinates"":[106.87706092812007,-6.15795127263932]}"
468_0,1,-6.15795127263932,106.88604408096127,54.25193763265804,"{""geodesic"":false,""type"":""Point"",""coordinates"":[106.88604408096127,-6.15795127263932]}"
469_0,1,-6.15795127263932,106.89502723380247,58.88885851773349,"{""geodesic"":false,""type"":""Point"",""coordinates"":[106.89502723380247,-6.15795127263932]}"
470_0,1,-6.15795127263932,106.90401038664366,58.2454676693433,"{""geodesic"":false,""type"":""Point"",""coordinates"":[106.90401038664366,-6.15795127263932]}"
471_0,1,-6.15795127263932,106.91299353948486,56.205166244506835,"{""geodesic"":false,""type"":""Point"",""coordinates"":[106.91299353948486,-6.15795127263932]}"
472_0,1,-6.15795127263932,106.92197669232606,47.07785586093335,"{""geodesic"":false,""type"":""Point"",""coordinates"":[106.92197669232606,-6.15795127263932]}"
473_0,1,-6.15795127263932,106.93095984516725,50.135256620553825,"{""geodesic"":false,""type"":""Point"",""coordinates"":[106.93095984516725,-6.15795127263932]}"
474_0,1,-6.15795127263932,106.93994299800845,55.84922250111898,"{""geodesic"":false,""type"":""Point"",""coordinates"":[106.93994299800845,-6.15795127263932]}"
475_0,1,-6.15795127263932,106.94892615084963,37.10814996199174,"{""geodesic"":false,""type"":""Point"",""coordinates"":[106.94892615084963,-6.15795127263932]}"
476_0,1,-6.15795127263932,106.95790930369083,37.83449569551071,"{""geodesic"":false,""type"":""Point"",""coordinates"":[106.95790930369083,-6.15795127263932]}"
477_0,1,-6.15795127263932,106.96689245653202,32.69127354579689,"{""geodesic"":false,""type"":""Point"",""coordinates"":[106.96689245653202,-6.15795127263932]}"
478_0,1,-6.148968119798125,106.68841471845498,38.83623113632202,"{""geodesic"":false,""type"":""Point"",""coordinates"":[106.68841471845498,-6.148968119798125]}"
479_0,1,-6.148968119798125,106.69739787129618,44.577900950113936,"{""geodesic"":false,""type"":""Point"",""coordinates"":[106.69739787129618,-6.148968119798125]}"
480_0,1,-6.148968119798125,106.70638102413737,47.37142493508079,"{""geodesic"":false,""type"":""Point"",""coordinates"":[106.70638102413737,-6.148968119798125]}"
481_0,1,-6.148968119798125,106.71536417697857,41.33597386267878,"{""geodesic"":false,""type"":""Point"",""coordinates"":[106.71536417697857,-6.148968119798125]}"
482_0,1,-6.148968119798125,106.72434732981975,42.32595135872824,"{""geodesic"":false,""type"":""Point"",""coordinates"":[106.72434732981975,-6.148968119798125]}"
483_0,1,-6.148968119798125,106.73333048266095,48.12169541252984,"{""geodesic"":false,""type"":""Point"",""coordinates"":[106.73333048266095,-6.148968119798125]}"
484_0,1,-6.148968119798125,106.74231363550214,41.9341870035444,"{""geodesic"":false,""type"":""Point"",""coordinates"":[106.74231363550214,-6.148968119798125]}"
485_0,1,-6.148968119798125,106.75129678834334,35.13989480825571,"{""geodesic"":false,""type"":""Point"",""coordinates"":[106.75129678834334,-6.148968119798125]}"
486_0,1,-6.148968119798125,106.76027994118454,32.100812465586564,"{""geodesic"":false,""type"":""Point"",""coordinates"":[106.76027994118454,-6.148968119798125]}"
487_0,1,-6.148968119798125,106.76926309402573,37.20090840657552,"{""geodesic"":false,""type"":""Point"",""coordinates"":[106.76926309402573,-6.148968119798125]}"
488_0,1,-6.148968119798125,106.77824624686693,49.974674487936085,"{""geodesic"":false,""type"":""Point"",""coordinates"":[106.77824624686693,-6.148968119798125]}"
489_0,1,-6.148968119798125,106.78722939970812,50.38519537253458,"{""geodesic"":false,""type"":""Point"",""coordinates"":[106.78722939970812,-6.148968119798125]}"
490_0,1,-6.148968119798125,106.79621255254932,46.41956843325966,"{""geodesic"":false,""type"":""Point"",""coordinates"":[106.79621255254932,-6.148968119798125]}"
491_0,1,-6.148968119798125,106.80519570539052,43.85521571947181,"{""geodesic"":false,""type"":""Point"",""coordinates"":[106.80519570539052,-6.148968119798125]}"
492_0,1,-6.148968119798125,106.81417885823171,53.16338718959263,"{""geodesic"":false,""type"":""Point"",""coordinates"":[106.81417885823171,-6.148968119798125]}"
493_0,1,-6.148968119798125,106.82316201107291,52.83589426676432,"{""geodesic"":false,""type"":""Point"",""coordinates"":[106.82316201107291,-6.148968119798125]}"
494_0,1,-6.148968119798125,106.83214516391409,48.821486821988735,"{""geodesic"":false,""type"":""Point"",""coordinates"":[106.83214516391409,-6.148968119798125]}"
495_0,1,-6.148968119798125,106.84112831675529,53.93063929855947,"{""geodesic"":false,""type"":""Point"",""coordinates"":[106.84112831675529,-6.148968119798125]}"
496_0,1,-6.148968119798125,106.85011146959648,52.96305351257324,"{""geodesic"":false,""type"":""Point"",""coordinates"":[106.85011146959648,-6.148968119798125]}"
497_0,1,-6.148968119798125,106.85909462243768,49.557643243822,"{""geodesic"":false,""type"":""Point"",""coordinates"":[106.85909462243768,-6.148968119798125]}"
498_0,1,-6.148968119798125,106.86807777527888,47.404747501496345,"{""geodesic"":false,""type"":""Point"",""coordinates"":[106.86807777527888,-6.148968119798125]}"
499_0,1,-6.148968119798125,106.87706092812007,50.342393239339195,"{""geodesic"":false,""type"":""Point"",""coordinates"":[106.87706092812007,-6.148968119798125]}"
500_0,1,-6.148968119798125,106.88604408096127,58.21486913240873,"{""geodesic"":false,""type"":""Point"",""coordinates"":[106.88604408096127,-6.148968119798125]}"
501_0,1,-6.148968119798125,106.89502723380247,55.83104657369947,"{""geodesic"":false,""type"":""Point"",""coordinates"":[106.89502723380247,-6.148968119798125]}"
502_0,1,-6.148968119798125,106.90401038664366,51.18331779317653,"{""geodesic"":false,""type"":""Point"",""coordinates"":[106.90401038664366,-6.148968119798125]}"
503_0,1,-6.148968119798125,106.91299353948486,48.61235523223877,"{""geodesic"":false,""type"":""Point"",""coordinates"":[106.91299353948486,-6.148968119798125]}"
504_0,1,-6.148968119798125,106.92197669232606,45.54555222926996,"{""geodesic"":false,""type"":""Point"",""coordinates"":[106.92197669232606,-6.148968119798125]}"
505_0,1,-6.148968119798125,106.93095984516725,46.31010811729769,"{""geodesic"":false,""type"":""Point"",""coordinates"":[106.93095984516725,-6.148968119798125]}"
506_0,1,-6.148968119798125,106.93994299800845,55.347822189331055,"{""geodesic"":false,""type"":""Point"",""coordinates"":[106.93994299800845,-6.148968119798125]}"
507_0,1,-6.148968119798125,106.94892615084963,31.05944309736553,"{""geodesic"":false,""type"":""Point"",""coordinates"":[106.94892615084963,-6.148968119798125]}"
508_0,1,-6.148968119798125,106.95790930369083,29.599377745288912,"{""geodesic"":false,""type"":""Point"",""coordinates"":[106.95790930369083,-6.148968119798125]}"
509_0,1,-6.148968119798125,106.96689245653202,23.141888209751674,"{""geodesic"":false,""type"":""Point"",""coordinates"":[106.96689245653202,-6.148968119798125]}"
510_0,1,-6.13998496695693,106.69739787129618,44.938304658920046,"{""geodesic"":false,""type"":""Point"",""coordinates"":[106.69739787129618,-6.13998496695693]}"
511_0,1,-6.13998496695693,106.70638102413737,45.39453539167132,"{""geodesic"":false,""type"":""Point"",""coordinates"":[106.70638102413737,-6.13998496695693]}"
512_0,1,-6.13998496695693,106.71536417697857,46.67332649230957,"{""geodesic"":false,""type"":""Point"",""coordinates"":[106.71536417697857,-6.13998496695693]}"
513_0,1,-6.13998496695693,106.72434732981975,49.38860829671224,"{""geodesic"":false,""type"":""Point"",""coordinates"":[106.72434732981975,-6.13998496695693]}"
514_0,1,-6.13998496695693,106.73333048266095,60.17792003074389,"{""geodesic"":false,""type"":""Point"",""coordinates"":[106.73333048266095,-6.13998496695693]}"
515_0,1,-6.13998496695693,106.74231363550214,41.126127541065216,"{""geodesic"":false,""type"":""Point"",""coordinates"":[106.74231363550214,-6.13998496695693]}"
516_0,1,-6.13998496695693,106.75129678834334,36.46799475247742,"{""geodesic"":false,""type"":""Point"",""coordinates"":[106.75129678834334,-6.13998496695693]}"
517_0,1,-6.13998496695693,106.76027994118454,33.28007646060858,"{""geodesic"":false,""type"":""Point"",""coordinates"":[106.76027994118454,-6.13998496695693]}"
518_0,1,-6.13998496695693,106.76926309402573,37.93142075469528,"{""geodesic"":false,""type"":""Point"",""coordinates"":[106.76926309402573,-6.13998496695693]}"
519_0,1,-6.13998496695693,106.77824624686693,44.83176083718577,"{""geodesic"":false,""type"":""Point"",""coordinates"":[106.77824624686693,-6.13998496695693]}"
520_0,1,-6.13998496695693,106.78722939970812,47.78132202148438,"{""geodesic"":false,""type"":""Point"",""coordinates"":[106.78722939970812,-6.13998496695693]}"
521_0,1,-6.13998496695693,106.79621255254932,46.705292603065224,"{""geodesic"":false,""type"":""Point"",""coordinates"":[106.79621255254932,-6.13998496695693]}"
522_0,1,-6.13998496695693,106.80519570539052,46.79456352769283,"{""geodesic"":false,""type"":""Point"",""coordinates"":[106.80519570539052,-6.13998496695693]}"
523_0,1,-6.13998496695693,106.81417885823171,63.199292500813804,"{""geodesic"":false,""type"":""Point"",""coordinates"":[106.81417885823171,-6.13998496695693]}"
524_0,1,-6.13998496695693,106.82316201107291,51.839864511958886,"{""geodesic"":false,""type"":""Point"",""coordinates"":[106.82316201107291,-6.13998496695693]}"
525_0,1,-6.13998496695693,106.83214516391409,52.19550045116527,"{""geodesic"":false,""type"":""Point"",""coordinates"":[106.83214516391409,-6.13998496695693]}"
526_0,1,-6.13998496695693,106.84112831675529,43.7005734724157,"{""geodesic"":false,""type"":""Point"",""coordinates"":[106.84112831675529,-6.13998496695693]}"
527_0,1,-6.13998496695693,106.85011146959648,48.65214360555013,"{""geodesic"":false,""type"":""Point"",""coordinates"":[106.85011146959648,-6.13998496695693]}"
528_0,1,-6.13998496695693,106.85909462243768,54.38562061046732,"{""geodesic"":false,""type"":""Point"",""coordinates"":[106.85909462243768,-6.13998496695693]}"
529_0,1,-6.13998496695693,106.86807777527888,51.46884269714356,"{""geodesic"":false,""type"":""Point"",""coordinates"":[106.86807777527888,-6.13998496695693]}"
530_0,1,-6.13998496695693,106.87706092812007,52.71819667158456,"{""geodesic"":false,""type"":""Point"",""coordinates"":[106.87706092812007,-6.13998496695693]}"
531_0,1,-6.13998496695693,106.88604408096127,50.424199478714556,"{""geodesic"":false,""type"":""Point"",""coordinates"":[106.88604408096127,-6.13998496695693]}"
532_0,1,-6.13998496695693,106.89502723380247,52.1478388413139,"{""geodesic"":false,""type"":""Point"",""coordinates"":[106.89502723380247,-6.13998496695693]}"
533_0,1,-6.13998496695693,106.90401038664366,45.83553070492215,"{""geodesic"":false,""type"":""Point"",""coordinates"":[106.90401038664366,-6.13998496695693]}"
534_0,1,-6.13998496695693,106.91299353948486,47.84910879000812,"{""geodesic"":false,""type"":""Point"",""coordinates"":[106.91299353948486,-6.13998496695693]}"
535_0,1,-6.13998496695693,106.92197669232606,44.64902786586595,"{""geodesic"":false,""type"":""Point"",""coordinates"":[106.92197669232606,-6.13998496695693]}"
536_0,1,-6.13998496695693,106.93095984516725,48.44389395280318,"{""geodesic"":false,""type"":""Point"",""coordinates"":[106.93095984516725,-6.13998496695693]}"
537_0,1,-6.13998496695693,106.93994299800845,50.77873653835721,"{""geodesic"":false,""type"":""Point"",""coordinates"":[106.93994299800845,-6.13998496695693]}"
538_0,1,-6.13998496695693,106.94892615084963,22.424174492175762,"{""geodesic"":false,""type"":""Point"",""coordinates"":[106.94892615084963,-6.13998496695693]}"
539_0,1,-6.13998496695693,106.95790930369083,20.30916879532185,"{""geodesic"":false,""type"":""Point"",""coordinates"":[106.95790930369083,-6.13998496695693]}"
540_0,1,-6.13998496695693,106.96689245653202,16.57939841733341,"{""geodesic"":false,""type"":""Point"",""coordinates"":[106.96689245653202,-6.13998496695693]}"
541_0,1,-6.131001814115734,106.68841471845498,42.79536870320638,"{""geodesic"":false,""type"":""Point"",""coordinates"":[106.68841471845498,-6.131001814115734]}"
542_0,1,-6.131001814115734,106.69739787129618,46.22386559531802,"{""geodesic"":false,""type"":""Point"",""coordinates"":[106.69739787129618,-6.131001814115734]}"
543_0,1,-6.131001814115734,106.70638102413737,47.74809040742762,"{""geodesic"":false,""type"":""Point"",""coordinates"":[106.70638102413737,-6.131001814115734]}"
544_0,1,-6.131001814115734,106.71536417697857,48.190927212054916,"{""geodesic"":false,""type"":""Point"",""coordinates"":[106.71536417697857,-6.131001814115734]}"
545_0,1,-6.131001814115734,106.72434732981975,43.07737648487091,"{""geodesic"":false,""type"":""Point"",""coordinates"":[106.72434732981975,-6.131001814115734]}"
546_0,1,-6.131001814115734,106.73333048266095,55.573732731706,"{""geodesic"":false,""type"":""Point"",""coordinates"":[106.73333048266095,-6.131001814115734]}"
547_0,1,-6.131001814115734,106.74231363550214,40.079468409220375,"{""geodesic"":false,""type"":""Point"",""coordinates"":[106.74231363550214,-6.131001814115734]}"
548_0,1,-6.131001814115734,106.75129678834334,42.361351013183594,"{""geodesic"":false,""type"":""Point"",""coordinates"":[106.75129678834334,-6.131001814115734]}"
549_0,1,-6.131001814115734,106.76027994118454,42.218789116810946,"{""geodesic"":false,""type"":""Point"",""coordinates"":[106.76027994118454,-6.131001814115734]}"
550_0,1,-6.131001814115734,106.76926309402573,47.084740257263185,"{""geodesic"":false,""type"":""Point"",""coordinates"":[106.76926309402573,-6.131001814115734]}"
551_0,1,-6.131001814115734,106.77824624686693,45.645831388585705,"{""geodesic"":false,""type"":""Point"",""coordinates"":[106.77824624686693,-6.131001814115734]}"
552_0,1,-6.131001814115734,106.78722939970812,52.68520809355236,"{""geodesic"":false,""type"":""Point"",""coordinates"":[106.78722939970812,-6.131001814115734]}"
553_0,1,-6.131001814115734,106.79621255254932,56.78084965241261,"{""geodesic"":false,""type"":""Point"",""coordinates"":[106.79621255254932,-6.131001814115734]}"
554_0,1,-6.131001814115734,106.80519570539052,54.52690352743322,"{""geodesic"":false,""type"":""Point"",""coordinates"":[106.80519570539052,-6.131001814115734]}"
555_0,1,-6.131001814115734,106.81417885823171,51.3057186126709,"{""geodesic"":false,""type"":""Point"",""coordinates"":[106.81417885823171,-6.131001814115734]}"
556_0,1,-6.131001814115734,106.82316201107291,42.690095848507355,"{""geodesic"":false,""type"":""Point"",""coordinates"":[106.82316201107291,-6.131001814115734]}"
557_0,1,-6.131001814115734,106.83214516391409,47.734365969288106,"{""geodesic"":false,""type"":""Point"",""coordinates"":[106.83214516391409,-6.131001814115734]}"
558_0,1,-6.131001814115734,106.84112831675529,47.73088793600759,"{""geodesic"":false,""type"":""Point"",""coordinates"":[106.84112831675529,-6.131001814115734]}"
559_0,1,-6.131001814115734,106.85011146959648,50.298096293243916,"{""geodesic"":false,""type"":""Point"",""coordinates"":[106.85011146959648,-6.131001814115734]}"
560_0,1,-6.131001814115734,106.85909462243768,56.18531564565805,"{""geodesic"":false,""type"":""Point"",""coordinates"":[106.85909462243768,-6.131001814115734]}"
561_0,1,-6.131001814115734,106.86807777527888,49.05369383713295,"{""geodesic"":false,""type"":""Point"",""coordinates"":[106.86807777527888,-6.131001814115734]}"
562_0,1,-6.131001814115734,106.87706092812007,48.9940808614095,"{""geodesic"":false,""type"":""Point"",""coordinates"":[106.87706092812007,-6.131001814115734]}"
563_0,1,-6.131001814115734,106.88604408096127,46.538120905558266,"{""geodesic"":false,""type"":""Point"",""coordinates"":[106.88604408096127,-6.131001814115734]}"
564_0,1,-6.131001814115734,106.89502723380247,49.66119683094514,"{""geodesic"":false,""type"":""Point"",""coordinates"":[106.89502723380247,-6.131001814115734]}"
565_0,1,-6.131001814115734,106.90401038664366,45.352851643281824,"{""geodesic"":false,""type"":""Point"",""coordinates"":[106.90401038664366,-6.131001814115734]}"
566_0,1,-6.131001814115734,106.91299353948486,46.18222824096679,"{""geodesic"":false,""type"":""Point"",""coordinates"":[106.91299353948486,-6.131001814115734]}"
567_0,1,-6.131001814115734,106.92197669232606,47.73008311878551,"{""geodesic"":false,""type"":""Point"",""coordinates"":[106.92197669232606,-6.131001814115734]}"
568_0,1,-6.131001814115734,106.93095984516725,58.5910549679318,"{""geodesic"":false,""type"":""Point"",""coordinates"":[106.93095984516725,-6.131001814115734]}"
569_0,1,-6.131001814115734,106.93994299800845,41.94632076687283,"{""geodesic"":false,""type"":""Point"",""coordinates"":[106.93994299800845,-6.131001814115734]}"
570_0,1,-6.131001814115734,106.94892615084963,26.91140700168297,"{""geodesic"":false,""type"":""Point"",""coordinates"":[106.94892615084963,-6.131001814115734]}"
571_0,1,-6.131001814115734,106.95790930369083,21.050173950195312,"{""geodesic"":false,""type"":""Point"",""coordinates"":[106.95790930369083,-6.131001814115734]}"
572_0,1,-6.131001814115734,106.96689245653202,14.294614006491269,"{""geodesic"":false,""type"":""Point"",""coordinates"":[106.96689245653202,-6.131001814115734]}"
573_0,1,-6.122018661274539,106.68841471845498,37.87919600113578,"{""geodesic"":false,""type"":""Point"",""coordinates"":[106.68841471845498,-6.122018661274539]}"
574_0,1,-6.122018661274539,106.69739787129618,36.12504948510064,"{""geodesic"":false,""type"":""Point"",""coordinates"":[106.69739787129618,-6.122018661274539]}"
575_0,1,-6.122018661274539,106.70638102413737,39.62962614695231,"{""geodesic"":false,""type"":""Point"",""coordinates"":[106.70638102413737,-6.122018661274539]}"
576_0,1,-6.122018661274539,106.71536417697857,37.109092977311875,"{""geodesic"":false,""type"":""Point"",""coordinates"":[106.71536417697857,-6.122018661274539]}"
577_0,1,-6.122018661274539,106.72434732981975,34.31037139892578,"{""geodesic"":false,""type"":""Point"",""coordinates"":[106.72434732981975,-6.122018661274539]}"
578_0,1,-6.122018661274539,106.73333048266095,42.884549891695066,"{""geodesic"":false,""type"":""Point"",""coordinates"":[106.73333048266095,-6.122018661274539]}"
579_0,1,-6.122018661274539,106.74231363550214,42.128747505054136,"{""geodesic"":false,""type"":""Point"",""coordinates"":[106.74231363550214,-6.122018661274539]}"
580_0,1,-6.122018661274539,106.75129678834334,43.16598280695558,"{""geodesic"":false,""type"":""Point"",""coordinates"":[106.75129678834334,-6.122018661274539]}"
581_0,1,-6.122018661274539,106.76027994118454,46.60772346047794,"{""geodesic"":false,""type"":""Point"",""coordinates"":[106.76027994118454,-6.122018661274539]}"
582_0,1,-6.122018661274539,106.76926309402573,63.94708461761475,"{""geodesic"":false,""type"":""Point"",""coordinates"":[106.76926309402573,-6.122018661274539]}"
583_0,1,-6.122018661274539,106.77824624686693,53.332972755915,"{""geodesic"":false,""type"":""Point"",""coordinates"":[106.77824624686693,-6.122018661274539]}"
584_0,1,-6.122018661274539,106.78722939970812,52.196850499799176,"{""geodesic"":false,""type"":""Point"",""coordinates"":[106.78722939970812,-6.122018661274539]}"
585_0,1,-6.122018661274539,106.79621255254932,47.35827424791124,"{""geodesic"":false,""type"":""Point"",""coordinates"":[106.79621255254932,-6.122018661274539]}"
586_0,1,-6.122018661274539,106.80519570539052,49.18408254476694,"{""geodesic"":false,""type"":""Point"",""coordinates"":[106.80519570539052,-6.122018661274539]}"
587_0,1,-6.122018661274539,106.81417885823171,53.92711839010549,"{""geodesic"":false,""type"":""Point"",""coordinates"":[106.81417885823171,-6.122018661274539]}"
588_0,1,-6.122018661274539,106.82316201107291,33.69012820813083,"{""geodesic"":false,""type"":""Point"",""coordinates"":[106.82316201107291,-6.122018661274539]}"
589_0,1,-6.122018661274539,106.84112831675529,32.68054179141396,"{""geodesic"":false,""type"":""Point"",""coordinates"":[106.84112831675529,-6.122018661274539]}"
590_0,1,-6.122018661274539,106.85011146959648,48.841900783302506,"{""geodesic"":false,""type"":""Point"",""coordinates"":[106.85011146959648,-6.122018661274539]}"
591_0,1,-6.122018661274539,106.85909462243768,63.852064514160155,"{""geodesic"":false,""type"":""Point"",""coordinates"":[106.85909462243768,-6.122018661274539]}"
592_0,1,-6.122018661274539,106.86807777527888,51.14315436868107,"{""geodesic"":false,""type"":""Point"",""coordinates"":[106.86807777527888,-6.122018661274539]}"
593_0,1,-6.122018661274539,106.87706092812007,46.82556865328834,"{""geodesic"":false,""type"":""Point"",""coordinates"":[106.87706092812007,-6.122018661274539]}"
594_0,1,-6.122018661274539,106.88604408096127,49.34121161886731,"{""geodesic"":false,""type"":""Point"",""coordinates"":[106.88604408096127,-6.122018661274539]}"
595_0,1,-6.122018661274539,106.89502723380247,52.80589043753488,"{""geodesic"":false,""type"":""Point"",""coordinates"":[106.89502723380247,-6.122018661274539]}"
596_0,1,-6.122018661274539,106.90401038664366,45.91701150447764,"{""geodesic"":false,""type"":""Point"",""coordinates"":[106.90401038664366,-6.122018661274539]}"
597_0,1,-6.122018661274539,106.91299353948486,48.22264486645896,"{""geodesic"":false,""type"":""Point"",""coordinates"":[106.91299353948486,-6.122018661274539]}"
598_0,1,-6.122018661274539,106.92197669232606,48.84864456176758,"{""geodesic"":false,""type"":""Point"",""coordinates"":[106.92197669232606,-6.122018661274539]}"
599_0,1,-6.122018661274539,106.93095984516725,47.11349082574612,"{""geodesic"":false,""type"":""Point"",""coordinates"":[106.93095984516725,-6.122018661274539]}"
600_0,1,-6.122018661274539,106.93994299800845,29.683493028607284,"{""geodesic"":false,""type"":""Point"",""coordinates"":[106.93994299800845,-6.122018661274539]}"
601_0,1,-6.122018661274539,106.94892615084963,25.242527529878437,"{""geodesic"":false,""type"":""Point"",""coordinates"":[106.94892615084963,-6.122018661274539]}"
602_0,1,-6.122018661274539,106.95790930369083,22.96017382485526,"{""geodesic"":false,""type"":""Point"",""coordinates"":[106.95790930369083,-6.122018661274539]}"
603_0,1,-6.122018661274539,106.96689245653202,16.337219064885918,"{""geodesic"":false,""type"":""Point"",""coordinates"":[106.96689245653202,-6.122018661274539]}"
604_0,1,-6.113035508433344,106.69739787129618,29.11117761031441,"{""geodesic"":false,""type"":""Point"",""coordinates"":[106.69739787129618,-6.113035508433344]}"
605_0,1,-6.113035508433344,106.70638102413737,26.429047960223574,"{""geodesic"":false,""type"":""Point"",""coordinates"":[106.70638102413737,-6.113035508433344]}"
606_0,1,-6.113035508433344,106.71536417697857,26.42295565207799,"{""geodesic"":false,""type"":""Point"",""coordinates"":[106.71536417697857,-6.113035508433344]}"
607_0,1,-6.113035508433344,106.72434732981975,28.099635109068856,"{""geodesic"":false,""type"":""Point"",""coordinates"":[106.72434732981975,-6.113035508433344]}"
608_0,1,-6.113035508433344,106.73333048266095,36.22705123400448,"{""geodesic"":false,""type"":""Point"",""coordinates"":[106.73333048266095,-6.113035508433344]}"
609_0,1,-6.113035508433344,106.74231363550214,67.15826034545898,"{""geodesic"":false,""type"":""Point"",""coordinates"":[106.74231363550214,-6.113035508433344]}"
610_0,1,-6.113035508433344,106.75129678834334,57.78776868184408,"{""geodesic"":false,""type"":""Point"",""coordinates"":[106.75129678834334,-6.113035508433344]}"
611_0,1,-6.113035508433344,106.76027994118454,50.743953704833984,"{""geodesic"":false,""type"":""Point"",""coordinates"":[106.76027994118454,-6.113035508433344]}"
612_0,1,-6.113035508433344,106.76926309402573,52.81917106814501,"{""geodesic"":false,""type"":""Point"",""coordinates"":[106.76926309402573,-6.113035508433344]}"
613_0,1,-6.113035508433344,106.77824624686693,78.45830721468539,"{""geodesic"":false,""type"":""Point"",""coordinates"":[106.77824624686693,-6.113035508433344]}"
614_0,1,-6.113035508433344,106.78722939970812,74.33107383387863,"{""geodesic"":false,""type"":""Point"",""coordinates"":[106.78722939970812,-6.113035508433344]}"
615_0,1,-6.113035508433344,106.79621255254932,38.139833276922054,"{""geodesic"":false,""type"":""Point"",""coordinates"":[106.79621255254932,-6.113035508433344]}"
616_0,1,-6.113035508433344,106.80519570539052,29.91599436729185,"{""geodesic"":false,""type"":""Point"",""coordinates"":[106.80519570539052,-6.113035508433344]}"
617_0,1,-6.113035508433344,106.85909462243768,58.3709874124922,"{""geodesic"":false,""type"":""Point"",""coordinates"":[106.85909462243768,-6.113035508433344]}"
618_0,1,-6.113035508433344,106.86807777527888,73.68693549746558,"{""geodesic"":false,""type"":""Point"",""coordinates"":[106.86807777527888,-6.113035508433344]}"
619_0,1,-6.113035508433344,106.87706092812007,75.17716535881384,"{""geodesic"":false,""type"":""Point"",""coordinates"":[106.87706092812007,-6.113035508433344]}"
620_0,1,-6.113035508433344,106.88604408096127,76.21613359953228,"{""geodesic"":false,""type"":""Point"",""coordinates"":[106.88604408096127,-6.113035508433344]}"
621_0,1,-6.113035508433344,106.89502723380247,71.93071781903848,"{""geodesic"":false,""type"":""Point"",""coordinates"":[106.89502723380247,-6.113035508433344]}"
622_0,1,-6.113035508433344,106.90401038664366,73.12695771120907,"{""geodesic"":false,""type"":""Point"",""coordinates"":[106.90401038664366,-6.113035508433344]}"
623_0,1,-6.113035508433344,106.91299353948486,59.181680285741415,"{""geodesic"":false,""type"":""Point"",""coordinates"":[106.91299353948486,-6.113035508433344]}"
624_0,1,-6.113035508433344,106.92197669232606,55.171556083104946,"{""geodesic"":false,""type"":""Point"",""coordinates"":[106.92197669232606,-6.113035508433344]}"
625_0,1,-6.113035508433344,106.93095984516725,42.6029591193566,"{""geodesic"":false,""type"":""Point"",""coordinates"":[106.93095984516725,-6.113035508433344]}"
626_0,1,-6.113035508433344,106.93994299800845,38.95583470662435,"{""geodesic"":false,""type"":""Point"",""coordinates"":[106.93994299800845,-6.113035508433344]}"
627_0,1,-6.113035508433344,106.94892615084963,38.38625985003532,"{""geodesic"":false,""type"":""Point"",""coordinates"":[106.94892615084963,-6.113035508433344]}"
628_0,1,-6.113035508433344,106.95790930369083,25.876984170766978,"{""geodesic"":false,""type"":""Point"",""coordinates"":[106.95790930369083,-6.113035508433344]}"
629_0,1,-6.113035508433344,106.96689245653202,20.543760467978085,"{""geodesic"":false,""type"":""Point"",""coordinates"":[106.96689245653202,-6.113035508433344]}"
630_0,1,-6.104052355592149,106.69739787129618,31.613502829415456,"{""geodesic"":false,""type"":""Point"",""coordinates"":[106.69739787129618,-6.104052355592149]}"
631_0,1,-6.104052355592149,106.70638102413737,28.735868559943306,"{""geodesic"":false,""type"":""Point"",""coordinates"":[106.70638102413737,-6.104052355592149]}"
632_0,1,-6.104052355592149,106.71536417697857,29.405097325642902,"{""geodesic"":false,""type"":""Point"",""coordinates"":[106.71536417697857,-6.104052355592149]}"
633_0,1,-6.104052355592149,106.72434732981975,26.92869305124088,"{""geodesic"":false,""type"":""Point"",""coordinates"":[106.72434732981975,-6.104052355592149]}"
634_0,1,-6.104052355592149,106.73333048266095,27.40125323356466,"{""geodesic"":false,""type"":""Point"",""coordinates"":[106.73333048266095,-6.104052355592149]}"
635_0,1,-6.104052355592149,106.74231363550214,52.780550722216,"{""geodesic"":false,""type"":""Point"",""coordinates"":[106.74231363550214,-6.104052355592149]}"
636_0,1,-6.104052355592149,106.75129678834334,42.66092647205699,"{""geodesic"":false,""type"":""Point"",""coordinates"":[106.75129678834334,-6.104052355592149]}"
637_0,1,-6.104052355592149,106.79621255254932,30.683410053521815,"{""geodesic"":false,""type"":""Point"",""coordinates"":[106.79621255254932,-6.104052355592149]}"
638_0,1,-6.104052355592149,106.87706092812007,105.21899586339151,"{""geodesic"":false,""type"":""Point"",""coordinates"":[106.87706092812007,-6.104052355592149]}"
639_0,1,-6.104052355592149,106.88604408096127,114.59943046569825,"{""geodesic"":false,""type"":""Point"",""coordinates"":[106.88604408096127,-6.104052355592149]}"
640_0,1,-6.104052355592149,106.89502723380247,164.79096777964446,"{""geodesic"":false,""type"":""Point"",""coordinates"":[106.89502723380247,-6.104052355592149]}"
641_0,1,-6.104052355592149,106.90401038664366,150.64564729941011,"{""geodesic"":false,""type"":""Point"",""coordinates"":[106.90401038664366,-6.104052355592149]}"
642_0,1,-6.104052355592149,106.91299353948486,120.77006193067207,"{""geodesic"":false,""type"":""Point"",""coordinates"":[106.91299353948486,-6.104052355592149]}"
643_0,1,-6.104052355592149,106.92197669232606,72.41513417333765,"{""geodesic"":false,""type"":""Point"",""coordinates"":[106.92197669232606,-6.104052355592149]}"
644_0,1,-6.104052355592149,106.93095984516725,45.86109577525746,"{""geodesic"":false,""type"":""Point"",""coordinates"":[106.93095984516725,-6.104052355592149]}"
645_0,1,-6.104052355592149,106.93994299800845,44.40578963539817,"{""geodesic"":false,""type"":""Point"",""coordinates"":[106.93994299800845,-6.104052355592149]}"
646_0,1,-6.104052355592149,106.94892615084963,40.66265591708097,"{""geodesic"":false,""type"":""Point"",""coordinates"":[106.94892615084963,-6.104052355592149]}"
647_0,1,-6.104052355592149,106.95790930369083,32.78493827968448,"{""geodesic"":false,""type"":""Point"",""coordinates"":[106.95790930369083,-6.104052355592149]}"
648_0,1,-6.104052355592149,106.96689245653202,29.11726577609193,"{""geodesic"":false,""type"":""Point"",""coordinates"":[106.96689245653202,-6.104052355592149]}"
649_0,1,-6.095069202750953,106.70638102413737,36.72791516780853,"{""geodesic"":false,""type"":""Point"",""coordinates"":[106.70638102413737,-6.095069202750953]}"
650_0,1,-6.095069202750953,106.71536417697857,31.614969762166343,"{""geodesic"":false,""type"":""Point"",""coordinates"":[106.71536417697857,-6.095069202750953]}"
651_0,1,-6.095069202750953,106.72434732981975,28.243391349778882,"{""geodesic"":false,""type"":""Point"",""coordinates"":[106.72434732981975,-6.095069202750953]}"
652_0,1,-6.095069202750953,106.73333048266095,36.71619939804077,"{""geodesic"":false,""type"":""Point"",""coordinates"":[106.73333048266095,-6.095069202750953]}"
653_0,1,-6.095069202750953,106.74231363550214,91.66277284975405,"{""geodesic"":false,""type"":""Point"",""coordinates"":[106.74231363550214,-6.095069202750953]}"
654_0,1,-6.095069202750953,106.75129678834334,26.59889875139509,"{""geodesic"":false,""type"":""Point"",""coordinates"":[106.75129678834334,-6.095069202750953]}"
655_0,1,-6.086086049909758,106.73333048266095,54.206086762746175,"{""geodesic"":false,""type"":""Point"",""coordinates"":[106.73333048266095,-6.086086049909758]}"
656_0,1,-6.086086049909758,106.75129678834334,25.614894743526683,"{""geodesic"":false,""type"":""Point"",""coordinates"":[106.75129678834334,-6.086086049909758]}"
657_0,1,-6.077102897068563,106.75129678834334,5.772887514956171,"{""geodesic"":false,""type"":""Point"",""coordinates"":[106.75129678834334,-6.077102897068563]}"
