system:index,dummy,lat,lon,s5p_co,s5p_no2,s5p_o3,s5p_so2,.geo
0_0,1,-6.36456378798681,106.88604408096127,0.03454909683780363,8.462390634476487E-5,0.11677133850402897,8.326221931979991E-5,"{""geodesic"":false,""type"":""Point"",""coordinates"":[106.88604408096127,-6.36456378798681]}"
1_0,1,-6.36456378798681,106.89502723380247,0.03453419807422364,8.298189662918535E-5,0.11675921950742094,6.823417077681224E-5,"{""geodesic"":false,""type"":""Point"",""coordinates"":[106.89502723380247,-6.36456378798681]}"
2_0,1,-6.36456378798681,106.91299353948486,0.034300705922244934,8.105624593173914E-5,0.11675361949403378,6.911993439789065E-5,"{""geodesic"":false,""type"":""Point"",""coordinates"":[106.91299353948486,-6.36456378798681]}"
3_0,1,-6.355580635145615,106.79621255254932,0.034511586926111504,8.292941973564842E-5,0.11675541219973413,8.335028868291447E-5,"{""geodesic"":false,""type"":""Point"",""coordinates"":[106.79621255254932,-6.355580635145615]}"
4_0,1,-6.355580635145615,106.80519570539052,0.03452731119323968,8.726822761902502E-5,0.11675707338346886,9.751505249369361E-5,"{""geodesic"":false,""type"":""Point"",""coordinates"":[106.80519570539052,-6.355580635145615]}"
5_0,1,-6.355580635145615,106.81417885823171,0.03478108332578435,8.704327421331402E-5,0.11663903370706905,6.861766191848123E-5,"{""geodesic"":false,""type"":""Point"",""coordinates"":[106.81417885823171,-6.355580635145615]}"
6_0,1,-6.355580635145615,106.82316201107291,0.03482495227959089,8.839966337512988E-5,0.11676143540392182,8.50033561722001E-5,"{""geodesic"":false,""type"":""Point"",""coordinates"":[106.82316201107291,-6.355580635145615]}"
7_0,1,-6.355580635145615,106.87706092812007,0.03452031361829063,8.890785297930589E-5,0.11688502503345477,6.826814135494815E-5,"{""geodesic"":false,""type"":""Point"",""coordinates"":[106.87706092812007,-6.355580635145615]}"
8_0,1,-6.355580635145615,106.88604408096127,0.03476597213476578,8.710406221601385E-5,0.11688404770708123,6.841302083428377E-5,"{""geodesic"":false,""type"":""Point"",""coordinates"":[106.88604408096127,-6.355580635145615]}"
9_0,1,-6.355580635145615,106.89502723380247,0.034509782463538606,8.698145190586097E-5,0.11676043932820929,7.137731693780352E-5,"{""geodesic"":false,""type"":""Point"",""coordinates"":[106.89502723380247,-6.355580635145615]}"
10_0,1,-6.355580635145615,106.90401038664366,0.03455672075962916,8.878232612249127E-5,0.1167647110166461,6.819900023385886E-5,"{""geodesic"":false,""type"":""Point"",""coordinates"":[106.90401038664366,-6.355580635145615]}"
11_0,1,-6.355580635145615,106.91299353948486,0.03433069133895333,8.661238856180951E-5,0.11676529399430878,5.061953033849135E-5,"{""geodesic"":false,""type"":""Point"",""coordinates"":[106.91299353948486,-6.355580635145615]}"
12_0,1,-6.34659748230442,106.79621255254932,0.03477425279730972,8.71850362772793E-5,0.1167550938886981,9.921386511630283E-5,"{""geodesic"":false,""type"":""Point"",""coordinates"":[106.79621255254932,-6.34659748230442]}"
13_0,1,-6.34659748230442,106.80519570539052,0.03478885337966159,8.847376906749056E-5,0.116757154881026,9.863152257446714E-5,"{""geodesic"":false,""type"":""Point"",""coordinates"":[106.80519570539052,-6.34659748230442]}"
14_0,1,-6.34659748230442,106.81417885823171,0.03476525584500416,8.827520684033302E-5,0.11674982098371388,9.034844095396827E-5,"{""geodesic"":false,""type"":""Point"",""coordinates"":[106.81417885823171,-6.34659748230442]}"
15_0,1,-6.34659748230442,106.82316201107291,0.0348055437850739,8.993587471190097E-5,0.11676762701813381,1.142304304414344E-4,"{""geodesic"":false,""type"":""Point"",""coordinates"":[106.82316201107291,-6.34659748230442]}"
16_0,1,-6.34659748230442,106.83214516391409,0.034788184756130255,9.147625385257E-5,0.11675592900371312,6.964806670932918E-5,"{""geodesic"":false,""type"":""Point"",""coordinates"":[106.83214516391409,-6.34659748230442]}"
17_0,1,-6.34659748230442,106.85909462243768,0.03502215637385605,9.266164848090325E-5,0.11676048927386258,7.560555569678009E-5,"{""geodesic"":false,""type"":""Point"",""coordinates"":[106.85909462243768,-6.34659748230442]}"
18_0,1,-6.34659748230442,106.86807777527888,0.03477281561078039,9.233674050076019E-5,0.11676351063487285,6.860120685806075E-5,"{""geodesic"":false,""type"":""Point"",""coordinates"":[106.86807777527888,-6.34659748230442]}"
19_0,1,-6.34659748230442,106.87706092812007,0.03454348856312947,9.299126379635025E-5,0.11677878417148584,6.149047854378432E-5,"{""geodesic"":false,""type"":""Point"",""coordinates"":[106.87706092812007,-6.34659748230442]}"
20_0,1,-6.34659748230442,106.88604408096127,0.0345456234576726,9.046497412538107E-5,0.11675793587194143,6.78479708138912E-5,"{""geodesic"":false,""type"":""Point"",""coordinates"":[106.88604408096127,-6.34659748230442]}"
21_0,1,-6.34659748230442,106.89502723380247,0.034524417881434004,9.090735641774105E-5,0.11676432403619007,7.04147749846041E-5,"{""geodesic"":false,""type"":""Point"",""coordinates"":[106.89502723380247,-6.34659748230442]}"
22_0,1,-6.34659748230442,106.90401038664366,0.03452886296263139,8.866708648792424E-5,0.11677023238092572,7.031760478226038E-5,"{""geodesic"":false,""type"":""Point"",""coordinates"":[106.90401038664366,-6.34659748230442]}"
23_0,1,-6.34659748230442,106.91299353948486,0.03433739515736224,8.854739689956742E-5,0.11676989613348318,7.014001104447961E-5,"{""geodesic"":false,""type"":""Point"",""coordinates"":[106.91299353948486,-6.34659748230442]}"
24_0,1,-6.337614329463224,106.80519570539052,0.0348462577285032,9.442452925202026E-5,0.116761746341476,8.605932276701106E-5,"{""geodesic"":false,""type"":""Point"",""coordinates"":[106.80519570539052,-6.337614329463224]}"
25_0,1,-6.337614329463224,106.81417885823171,0.03482224309050351,9.432440461333286E-5,0.11674401015713262,8.519190165387433E-5,"{""geodesic"":false,""type"":""Point"",""coordinates"":[106.81417885823171,-6.337614329463224]}"
26_0,1,-6.337614329463224,106.82316201107291,0.034909501016731556,9.039103441741325E-5,0.11675752527011046,8.75139058830712E-5,"{""geodesic"":false,""type"":""Point"",""coordinates"":[106.82316201107291,-6.337614329463224]}"
27_0,1,-6.337614329463224,106.83214516391409,0.03482104834326951,9.305199785925062E-5,0.11675751610954183,3.674153390293868E-5,"{""geodesic"":false,""type"":""Point"",""coordinates"":[106.83214516391409,-6.337614329463224]}"
28_0,1,-6.337614329463224,106.84112831675529,0.03502146588606341,9.684546563269906E-5,0.11675942812328653,4.600582876595977E-5,"{""geodesic"":false,""type"":""Point"",""coordinates"":[106.84112831675529,-6.337614329463224]}"
29_0,1,-6.337614329463224,106.85011146959648,0.03500526212153717,9.752371065323805E-5,0.11676018261691143,3.888063929499629E-5,"{""geodesic"":false,""type"":""Point"",""coordinates"":[106.85011146959648,-6.337614329463224]}"
30_0,1,-6.337614329463224,106.85909462243768,0.03500526212153717,9.752371065323805E-5,0.11676018261691143,3.888063929499629E-5,"{""geodesic"":false,""type"":""Point"",""coordinates"":[106.85909462243768,-6.337614329463224]}"
31_0,1,-6.337614329463224,106.86807777527888,0.03479635094774259,9.758033746672626E-5,0.11677458157276736,6.929175842265519E-5,"{""geodesic"":false,""type"":""Point"",""coordinates"":[106.86807777527888,-6.337614329463224]}"
32_0,1,-6.337614329463224,106.87706092812007,0.03480115166920642,9.725402263345907E-5,0.11675744191148082,6.793806863837993E-5,"{""geodesic"":false,""type"":""Point"",""coordinates"":[106.87706092812007,-6.337614329463224]}"
33_0,1,-6.337614329463224,106.88604408096127,0.03478453608684183,9.294797842494834E-5,0.11676132401679948,6.70409882014184E-5,"{""geodesic"":false,""type"":""Point"",""coordinates"":[106.88604408096127,-6.337614329463224]}"
34_0,1,-6.337614329463224,106.89502723380247,0.03452546644289037,9.279614762200513E-5,0.11663332109977238,6.951573472347568E-5,"{""geodesic"":false,""type"":""Point"",""coordinates"":[106.89502723380247,-6.337614329463224]}"
35_0,1,-6.337614329463224,106.90401038664366,0.0345415466082721,9.240384161757435E-5,0.11677544779436116,8.452124750821198E-5,"{""geodesic"":false,""type"":""Point"",""coordinates"":[106.90401038664366,-6.337614329463224]}"
36_0,1,-6.337614329463224,106.91299353948486,0.03433362722816055,9.231041259397597E-5,0.11678559463239283,7.69940348462341E-5,"{""geodesic"":false,""type"":""Point"",""coordinates"":[106.91299353948486,-6.337614329463224]}"
37_0,1,-6.32863117662203,106.80519570539052,0.035035806598827636,9.448211617279635E-5,0.1167603485190424,6.295756469524219E-5,"{""geodesic"":false,""type"":""Point"",""coordinates"":[106.80519570539052,-6.32863117662203]}"
38_0,1,-6.32863117662203,106.81417885823171,0.035011216906864796,9.40448480833628E-5,0.11674929721157297,5.926038509396803E-5,"{""geodesic"":false,""type"":""Point"",""coordinates"":[106.81417885823171,-6.32863117662203]}"
39_0,1,-6.32863117662203,106.82316201107291,0.03500134739263242,9.630460165978526E-5,0.11676127940958611,7.018614393435423E-5,"{""geodesic"":false,""type"":""Point"",""coordinates"":[106.82316201107291,-6.32863117662203]}"
40_0,1,-6.32863117662203,106.83214516391409,0.03499478227372531,1.0127104664184982E-4,0.11677213219563973,3.820159751443017E-5,"{""geodesic"":false,""type"":""Point"",""coordinates"":[106.83214516391409,-6.32863117662203]}"
41_0,1,-6.32863117662203,106.84112831675529,0.03499782102147821,9.685389146336203E-5,0.11676301282680397,2.450598655251974E-5,"{""geodesic"":false,""type"":""Point"",""coordinates"":[106.84112831675529,-6.32863117662203]}"
42_0,1,-6.32863117662203,106.85011146959648,0.03503007742990172,1.012586259890103E-4,0.11676303099295685,3.877957685998672E-5,"{""geodesic"":false,""type"":""Point"",""coordinates"":[106.85011146959648,-6.32863117662203]}"
43_0,1,-6.32863117662203,106.85909462243768,0.03503007742990172,1.012586259890103E-4,0.11676303099295685,3.877957685998672E-5,"{""geodesic"":false,""type"":""Point"",""coordinates"":[106.85909462243768,-6.32863117662203]}"
44_0,1,-6.32863117662203,106.86807777527888,0.034834012820204055,1.0142651366801538E-4,0.11676197914000291,4.0741380003606125E-5,"{""geodesic"":false,""type"":""Point"",""coordinates"":[106.86807777527888,-6.32863117662203]}"
45_0,1,-6.32863117662203,106.87706092812007,0.03499670533762945,1.0115980214401333E-4,0.11676258918646833,4.016816092183779E-5,"{""geodesic"":false,""type"":""Point"",""coordinates"":[106.87706092812007,-6.32863117662203]}"
46_0,1,-6.32863117662203,106.88604408096127,0.035018365999323287,9.619344703679664E-5,0.1167424599041697,7.573432346876855E-5,"{""geodesic"":false,""type"":""Point"",""coordinates"":[106.88604408096127,-6.32863117662203]}"
47_0,1,-6.32863117662203,106.89502723380247,0.034775574045870825,9.46549300159605E-5,0.11676013028445041,8.451094618062071E-5,"{""geodesic"":false,""type"":""Point"",""coordinates"":[106.89502723380247,-6.32863117662203]}"
48_0,1,-6.32863117662203,106.90401038664366,0.03477289024987893,9.632209812169152E-5,0.11677267040643094,1.0014684300420599E-4,"{""geodesic"":false,""type"":""Point"",""coordinates"":[106.90401038664366,-6.32863117662203]}"
49_0,1,-6.32863117662203,106.91299353948486,0.03433740632920206,9.654087018060861E-5,0.11677792486625523,9.991825748962618E-5,"{""geodesic"":false,""type"":""Point"",""coordinates"":[106.91299353948486,-6.32863117662203]}"
50_0,1,-6.319648023780834,106.81417885823171,0.034840534566053946,9.67719366639103E-5,0.11675504315692097,5.160853655112928E-5,"{""geodesic"":false,""type"":""Point"",""coordinates"":[106.81417885823171,-6.319648023780834]}"
51_0,1,-6.319648023780834,106.82316201107291,0.03491537863110521,9.860714753012901E-5,0.11676780999880229,4.733144761966979E-5,"{""geodesic"":false,""type"":""Point"",""coordinates"":[106.82316201107291,-6.319648023780834]}"
52_0,1,-6.319648023780834,106.83214516391409,0.03498970122870556,1.0145725517351557E-4,0.11677107353715832,3.9294887996506114E-5,"{""geodesic"":false,""type"":""Point"",""coordinates"":[106.83214516391409,-6.319648023780834]}"
53_0,1,-6.319648023780834,106.84112831675529,0.035292083426353364,1.0097236170123474E-4,0.1167591024673437,3.9293017709498816E-5,"{""geodesic"":false,""type"":""Point"",""coordinates"":[106.84112831675529,-6.319648023780834]}"
54_0,1,-6.319648023780834,106.85011146959648,0.035008613088733875,1.0149856844256694E-4,0.11676479493198597,6.76448965090551E-5,"{""geodesic"":false,""type"":""Point"",""coordinates"":[106.85011146959648,-6.319648023780834]}"
55_0,1,-6.319648023780834,106.85909462243768,0.035008613088733875,1.0149856844256694E-4,0.11676479493198597,6.76448965090551E-5,"{""geodesic"":false,""type"":""Point"",""coordinates"":[106.85909462243768,-6.319648023780834]}"
56_0,1,-6.319648023780834,106.86807777527888,0.034895440941957456,1.0482646524690447E-4,0.11676085877709158,7.107699686944252E-5,"{""geodesic"":false,""type"":""Point"",""coordinates"":[106.86807777527888,-6.319648023780834]}"
57_0,1,-6.319648023780834,106.87706092812007,0.03500843266638711,1.0558687000869904E-4,0.11676351583956245,7.076329416457856E-5,"{""geodesic"":false,""type"":""Point"",""coordinates"":[106.87706092812007,-6.319648023780834]}"
58_0,1,-6.319648023780834,106.88604408096127,0.03500893687679401,1.0412728004381115E-4,0.11675355627959497,6.920025016222886E-5,"{""geodesic"":false,""type"":""Point"",""coordinates"":[106.88604408096127,-6.319648023780834]}"
59_0,1,-6.319648023780834,106.89502723380247,0.03501068642816812,1.0056079707191009E-4,0.11675851074738686,5.288801946002253E-5,"{""geodesic"":false,""type"":""Point"",""coordinates"":[106.89502723380247,-6.319648023780834]}"
60_0,1,-6.319648023780834,106.90401038664366,0.03500067300300542,1.01177486275834E-4,0.11676249745007836,6.853819476575532E-5,"{""geodesic"":false,""type"":""Point"",""coordinates"":[106.90401038664366,-6.319648023780834]}"
61_0,1,-6.319648023780834,106.91299353948486,0.03456762406826632,9.763476523827145E-5,0.11676389041024349,8.452124893679007E-5,"{""geodesic"":false,""type"":""Point"",""coordinates"":[106.91299353948486,-6.319648023780834]}"
62_0,1,-6.310664870939639,106.77824624686693,0.03492639310772688,9.812462121766223E-5,0.11674241735405318,4.067077613129542E-5,"{""geodesic"":false,""type"":""Point"",""coordinates"":[106.77824624686693,-6.310664870939639]}"
63_0,1,-6.310664870939639,106.78722939970812,0.03525069585375459,9.386888001026376E-5,0.11675620161742417,4.00080917341993E-5,"{""geodesic"":false,""type"":""Point"",""coordinates"":[106.78722939970812,-6.310664870939639]}"
64_0,1,-6.310664870939639,106.79621255254932,0.03503836741574299,9.672757287287809E-5,0.11674635594645129,5.457435889318251E-5,"{""geodesic"":false,""type"":""Point"",""coordinates"":[106.79621255254932,-6.310664870939639]}"
65_0,1,-6.310664870939639,106.80519570539052,0.03501428611943721,9.869837958825414E-5,0.1167669205051147,3.88958212851673E-5,"{""geodesic"":false,""type"":""Point"",""coordinates"":[106.80519570539052,-6.310664870939639]}"
66_0,1,-6.310664870939639,106.81417885823171,0.034840534566053946,9.67719366639103E-5,0.11675504315692097,5.160853655112928E-5,"{""geodesic"":false,""type"":""Point"",""coordinates"":[106.81417885823171,-6.310664870939639]}"
67_0,1,-6.310664870939639,106.82316201107291,0.03491537863110521,9.860714753012901E-5,0.11676780999880229,4.733144761966979E-5,"{""geodesic"":false,""type"":""Point"",""coordinates"":[106.82316201107291,-6.310664870939639]}"
68_0,1,-6.310664870939639,106.83214516391409,0.03498970122870556,1.0145725517351557E-4,0.11677107353715832,3.9294887996506114E-5,"{""geodesic"":false,""type"":""Point"",""coordinates"":[106.83214516391409,-6.310664870939639]}"
69_0,1,-6.310664870939639,106.84112831675529,0.035292083426353364,1.0097236170123474E-4,0.1167591024673437,3.9293017709498816E-5,"{""geodesic"":false,""type"":""Point"",""coordinates"":[106.84112831675529,-6.310664870939639]}"
70_0,1,-6.310664870939639,106.85011146959648,0.035008613088733875,1.0149856844256694E-4,0.11676479493198597,6.76448965090551E-5,"{""geodesic"":false,""type"":""Point"",""coordinates"":[106.85011146959648,-6.310664870939639]}"
71_0,1,-6.310664870939639,106.85909462243768,0.035008613088733875,1.0149856844256694E-4,0.11676479493198597,6.76448965090551E-5,"{""geodesic"":false,""type"":""Point"",""coordinates"":[106.85909462243768,-6.310664870939639]}"
72_0,1,-6.310664870939639,106.86807777527888,0.034895440941957456,1.0482646524690447E-4,0.11676085877709158,7.107699686944252E-5,"{""geodesic"":false,""type"":""Point"",""coordinates"":[106.86807777527888,-6.310664870939639]}"
73_0,1,-6.310664870939639,106.87706092812007,0.03500843266638711,1.0558687000869904E-4,0.11676351583956245,7.076329416457856E-5,"{""geodesic"":false,""type"":""Point"",""coordinates"":[106.87706092812007,-6.310664870939639]}"
74_0,1,-6.310664870939639,106.88604408096127,0.03500893687679401,1.0412728004381115E-4,0.11675355627959497,6.920025016222886E-5,"{""geodesic"":false,""type"":""Point"",""coordinates"":[106.88604408096127,-6.310664870939639]}"
75_0,1,-6.310664870939639,106.89502723380247,0.03501068642816812,1.0056079707191009E-4,0.11675851074738686,5.288801946002253E-5,"{""geodesic"":false,""type"":""Point"",""coordinates"":[106.89502723380247,-6.310664870939639]}"
76_0,1,-6.310664870939639,106.90401038664366,0.03500067300300542,1.01177486275834E-4,0.11676249745007836,6.853819476575532E-5,"{""geodesic"":false,""type"":""Point"",""coordinates"":[106.90401038664366,-6.310664870939639]}"
77_0,1,-6.310664870939639,106.91299353948486,0.03456762406826632,9.763476523827145E-5,0.11676389041024349,8.452124893679007E-5,"{""geodesic"":false,""type"":""Point"",""coordinates"":[106.91299353948486,-6.310664870939639]}"
78_0,1,-6.301681718098443,106.77824624686693,0.03481803732884234,1.0192407528525266E-4,0.11674447760552235,3.8472159649801334E-5,"{""geodesic"":false,""type"":""Point"",""coordinates"":[106.77824624686693,-6.301681718098443]}"
79_0,1,-6.301681718098443,106.78722939970812,0.03528255676917932,1.0207718576982787E-4,0.11674389998947374,6.762482644053833E-5,"{""geodesic"":false,""type"":""Point"",""coordinates"":[106.78722939970812,-6.301681718098443]}"
80_0,1,-6.301681718098443,106.79621255254932,0.034963216971320835,1.0213749511296513E-4,0.11687672023348432,3.8486149662870385E-5,"{""geodesic"":false,""type"":""Point"",""coordinates"":[106.79621255254932,-6.301681718098443]}"
81_0,1,-6.301681718098443,106.80519570539052,0.035116214945162705,1.020897058145435E-4,0.11675242910661884,5.510536694521789E-5,"{""geodesic"":false,""type"":""Point"",""coordinates"":[106.80519570539052,-6.301681718098443]}"
82_0,1,-6.301681718098443,106.81417885823171,0.034960213621298045,1.0024383810902152E-4,0.11675543197736278,7.776325099218693E-5,"{""geodesic"":false,""type"":""Point"",""coordinates"":[106.81417885823171,-6.301681718098443]}"
83_0,1,-6.301681718098443,106.82316201107291,0.034940323543526615,1.0039457508841415E-4,0.1167584606628223,3.827917705907172E-5,"{""geodesic"":false,""type"":""Point"",""coordinates"":[106.82316201107291,-6.301681718098443]}"
84_0,1,-6.301681718098443,106.83214516391409,0.03501081072536798,1.0223502690011203E-4,0.11676350972496585,3.748513191018074E-5,"{""geodesic"":false,""type"":""Point"",""coordinates"":[106.83214516391409,-6.301681718098443]}"
85_0,1,-6.301681718098443,106.84112831675529,0.03499766948054429,1.0178147607425153E-4,0.1167615761545249,3.9243710442195494E-5,"{""geodesic"":false,""type"":""Point"",""coordinates"":[106.84112831675529,-6.301681718098443]}"
86_0,1,-6.301681718098443,106.85011146959648,0.03488905737637391,1.0469667812250229E-4,0.11677828009411716,3.924742069512695E-5,"{""geodesic"":false,""type"":""Point"",""coordinates"":[106.85011146959648,-6.301681718098443]}"
87_0,1,-6.301681718098443,106.85909462243768,0.03488905737637391,1.0469667812250229E-4,0.11677828009411716,3.924742069512695E-5,"{""geodesic"":false,""type"":""Point"",""coordinates"":[106.85909462243768,-6.301681718098443]}"
88_0,1,-6.301681718098443,106.86807777527888,0.034985357463673296,1.0440922144785243E-4,0.11677318116977416,7.390679380120801E-5,"{""geodesic"":false,""type"":""Point"",""coordinates"":[106.86807777527888,-6.301681718098443]}"
89_0,1,-6.301681718098443,106.87706092812007,0.03501390344672877,1.0476069702438615E-4,0.11676577543770406,8.613168633584016E-5,"{""geodesic"":false,""type"":""Point"",""coordinates"":[106.87706092812007,-6.301681718098443]}"
90_0,1,-6.301681718098443,106.88604408096127,0.0350253750855217,1.0504914445939398E-4,0.11674807275628793,6.306554863077499E-5,"{""geodesic"":false,""type"":""Point"",""coordinates"":[106.88604408096127,-6.301681718098443]}"
91_0,1,-6.301681718098443,106.89502723380247,0.03503356829974165,1.0124669360166905E-4,0.11674986088655984,9.21222015208598E-5,"{""geodesic"":false,""type"":""Point"",""coordinates"":[106.89502723380247,-6.301681718098443]}"
92_0,1,-6.301681718098443,106.90401038664366,0.035039767232005706,1.0044149630681965E-4,0.11675419368698127,8.353290976464105E-5,"{""geodesic"":false,""type"":""Point"",""coordinates"":[106.90401038664366,-6.301681718098443]}"
93_0,1,-6.301681718098443,106.91299353948486,0.034888160978904154,9.869939318435901E-5,0.11675867595790278,8.098337276455542E-5,"{""geodesic"":false,""type"":""Point"",""coordinates"":[106.91299353948486,-6.301681718098443]}"
94_0,1,-6.292698565257249,106.76926309402573,0.035327818403722955,1.0502271580181109E-4,0.11664488507536512,4.031378555659828E-5,"{""geodesic"":false,""type"":""Point"",""coordinates"":[106.76926309402573,-6.292698565257249]}"
95_0,1,-6.292698565257249,106.77824624686693,0.0350281816846825,1.0152560147321644E-4,0.11665002708009897,3.955614935629311E-5,"{""geodesic"":false,""type"":""Point"",""coordinates"":[106.77824624686693,-6.292698565257249]}"
96_0,1,-6.292698565257249,106.78722939970812,0.034996695747655134,1.0450074864670007E-4,0.11675678832543442,5.430877654808433E-5,"{""geodesic"":false,""type"":""Point"",""coordinates"":[106.78722939970812,-6.292698565257249]}"
97_0,1,-6.292698565257249,106.79621255254932,0.0347912872810686,1.0433213314768568E-4,0.11675803156848014,5.6306675433918044E-5,"{""geodesic"":false,""type"":""Point"",""coordinates"":[106.79621255254932,-6.292698565257249]}"
98_0,1,-6.292698565257249,106.80519570539052,0.03480587628574388,1.0458258263308296E-4,0.11675004138514615,3.548903868020984E-5,"{""geodesic"":false,""type"":""Point"",""coordinates"":[106.80519570539052,-6.292698565257249]}"
99_0,1,-6.292698565257249,106.81417885823171,0.03483189252972282,1.015464463100901E-4,0.11688070777854093,5.487775484561371E-5,"{""geodesic"":false,""type"":""Point"",""coordinates"":[106.81417885823171,-6.292698565257249]}"
100_0,1,-6.292698565257249,106.82316201107291,0.034811070908721736,1.0203900202977304E-4,0.11688905752232834,4.556540406557057E-5,"{""geodesic"":false,""type"":""Point"",""coordinates"":[106.82316201107291,-6.292698565257249]}"
101_0,1,-6.292698565257249,106.83214516391409,0.03502757997342818,1.0289899959540197E-4,0.11687577269731848,5.47422823295025E-5,"{""geodesic"":false,""type"":""Point"",""coordinates"":[106.83214516391409,-6.292698565257249]}"
102_0,1,-6.292698565257249,106.84112831675529,0.035032470874629226,1.0642156363838046E-4,0.1168811360337699,3.787796528053136E-5,"{""geodesic"":false,""type"":""Point"",""coordinates"":[106.84112831675529,-6.292698565257249]}"
103_0,1,-6.292698565257249,106.85011146959648,0.03481124095730604,1.0566386946319112E-4,0.11687552887284539,3.8189719645934644E-5,"{""geodesic"":false,""type"":""Point"",""coordinates"":[106.85011146959648,-6.292698565257249]}"
104_0,1,-6.292698565257249,106.85909462243768,0.03481124095730604,1.0566386946319112E-4,0.11687552887284539,3.8189719645934644E-5,"{""geodesic"":false,""type"":""Point"",""coordinates"":[106.85909462243768,-6.292698565257249]}"
105_0,1,-6.292698565257249,106.86807777527888,0.03478175932340195,1.0779446978009359E-4,0.11675444280197922,6.334059232764556E-5,"{""geodesic"":false,""type"":""Point"",""coordinates"":[106.86807777527888,-6.292698565257249]}"
106_0,1,-6.292698565257249,106.87706092812007,0.0348988416106808,1.0421533119519009E-4,0.11676186204256134,7.156968849189385E-5,"{""geodesic"":false,""type"":""Point"",""coordinates"":[106.87706092812007,-6.292698565257249]}"
107_0,1,-6.292698565257249,106.88604408096127,0.03503818332489047,1.0866199518994919E-4,0.11687674515651755,5.116124188061921E-5,"{""geodesic"":false,""type"":""Point"",""coordinates"":[106.88604408096127,-6.292698565257249]}"
108_0,1,-6.292698565257249,106.89502723380247,0.034768060147407104,1.0493640719680492E-4,0.11675282310736253,5.2336332891284405E-5,"{""geodesic"":false,""type"":""Point"",""coordinates"":[106.89502723380247,-6.292698565257249]}"
109_0,1,-6.292698565257249,106.90401038664366,0.03500887456971622,1.0310803590968255E-4,0.11681993755812137,9.320171766882346E-5,"{""geodesic"":false,""type"":""Point"",""coordinates"":[106.90401038664366,-6.292698565257249]}"
110_0,1,-6.283715412416053,106.76027994118454,0.03529541064803509,1.0486911677122712E-4,0.11664718143226709,2.1018237290794992E-5,"{""geodesic"":false,""type"":""Point"",""coordinates"":[106.76027994118454,-6.283715412416053]}"
111_0,1,-6.283715412416053,106.76926309402573,0.03529541064803509,1.0486911677122712E-4,0.11664718143226709,2.1018237290794992E-5,"{""geodesic"":false,""type"":""Point"",""coordinates"":[106.76926309402573,-6.283715412416053]}"
112_0,1,-6.283715412416053,106.77824624686693,0.035030247643565826,1.0490850307397483E-4,0.11675714385566492,4.847406932989489E-5,"{""geodesic"":false,""type"":""Point"",""coordinates"":[106.77824624686693,-6.283715412416053]}"
113_0,1,-6.283715412416053,106.78722939970812,0.03503753616370643,1.0514576926887105E-4,0.11674429311719725,6.252180337456902E-5,"{""geodesic"":false,""type"":""Point"",""coordinates"":[106.78722939970812,-6.283715412416053]}"
114_0,1,-6.283715412416053,106.79621255254932,0.03492881675634797,1.0453664524204671E-4,0.11675410512782054,5.022366324475232E-5,"{""geodesic"":false,""type"":""Point"",""coordinates"":[106.79621255254932,-6.283715412416053]}"
115_0,1,-6.283715412416053,106.80519570539052,0.034820645562836254,1.0298239196869346E-4,0.11675795185014541,3.669462671627917E-5,"{""geodesic"":false,""type"":""Point"",""coordinates"":[106.80519570539052,-6.283715412416053]}"
116_0,1,-6.283715412416053,106.81417885823171,0.034837094914954805,1.0493215683126369E-4,0.11676598342542675,5.393327832342754E-5,"{""geodesic"":false,""type"":""Point"",""coordinates"":[106.81417885823171,-6.283715412416053]}"
117_0,1,-6.283715412416053,106.82316201107291,0.03482656836908899,1.0382272193980934E-4,0.11688183911769964,2.095578459713129E-5,"{""geodesic"":false,""type"":""Point"",""coordinates"":[106.82316201107291,-6.283715412416053]}"
118_0,1,-6.283715412416053,106.83214516391409,0.03482261709039252,1.0709766449539673E-4,0.11687350411001042,3.472189635829717E-5,"{""geodesic"":false,""type"":""Point"",""coordinates"":[106.83214516391409,-6.283715412416053]}"
119_0,1,-6.283715412416053,106.84112831675529,0.034809390925549404,1.0765278603730442E-4,0.11687629669417067,4.564687832933201E-5,"{""geodesic"":false,""type"":""Point"",""coordinates"":[106.84112831675529,-6.283715412416053]}"
120_0,1,-6.283715412416053,106.85011146959648,0.03482760596813684,1.075873485987194E-4,0.11687225918697337,3.9785562968504685E-5,"{""geodesic"":false,""type"":""Point"",""coordinates"":[106.85011146959648,-6.283715412416053]}"
121_0,1,-6.283715412416053,106.85909462243768,0.03482760596813684,1.075873485987194E-4,0.11687225918697337,3.9785562968504685E-5,"{""geodesic"":false,""type"":""Point"",""coordinates"":[106.85909462243768,-6.283715412416053]}"
122_0,1,-6.283715412416053,106.86807777527888,0.034768468729917505,1.0684655539429083E-4,0.11687668035890682,5.549935731626892E-5,"{""geodesic"":false,""type"":""Point"",""coordinates"":[106.86807777527888,-6.283715412416053]}"
123_0,1,-6.283715412416053,106.87706092812007,0.03480902721499994,1.0783562260907533E-4,0.11687633013271075,5.262565540890079E-5,"{""geodesic"":false,""type"":""Point"",""coordinates"":[106.87706092812007,-6.283715412416053]}"
124_0,1,-6.283715412416053,106.88604408096127,0.034998522674992226,1.0822786265854618E-4,0.11686954206301553,5.1944529241405E-5,"{""geodesic"":false,""type"":""Point"",""coordinates"":[106.88604408096127,-6.283715412416053]}"
125_0,1,-6.283715412416053,106.89502723380247,0.035020348082873,1.0471971950140541E-4,0.11686919358349308,5.461743001482538E-5,"{""geodesic"":false,""type"":""Point"",""coordinates"":[106.89502723380247,-6.283715412416053]}"
126_0,1,-6.283715412416053,106.90401038664366,0.034794747061692,1.0310362509986727E-4,0.11687084271883422,5.4078559206538287E-5,"{""geodesic"":false,""type"":""Point"",""coordinates"":[106.90401038664366,-6.283715412416053]}"
127_0,1,-6.274732259574858,106.76027994118454,0.03505818528254618,1.084774070976338E-4,0.11665352389912148,2.0343788180146558E-5,"{""geodesic"":false,""type"":""Point"",""coordinates"":[106.76027994118454,-6.274732259574858]}"
128_0,1,-6.274732259574858,106.76926309402573,0.03505818528254618,1.084774070976338E-4,0.11665352389912148,2.0343788180146558E-5,"{""geodesic"":false,""type"":""Point"",""coordinates"":[106.76926309402573,-6.274732259574858]}"
129_0,1,-6.274732259574858,106.77824624686693,0.03503882320162116,1.0843295342976966E-4,0.1166533717661169,5.550023995198756E-5,"{""geodesic"":false,""type"":""Point"",""coordinates"":[106.77824624686693,-6.274732259574858]}"
130_0,1,-6.274732259574858,106.78722939970812,0.03503804723684644,1.0841250395802549E-4,0.11675640642898617,6.922468067685954E-5,"{""geodesic"":false,""type"":""Point"",""coordinates"":[106.78722939970812,-6.274732259574858]}"
131_0,1,-6.274732259574858,106.79621255254932,0.03503558293535812,1.0859454044999472E-4,0.11675279384414536,5.179759294811228E-5,"{""geodesic"":false,""type"":""Point"",""coordinates"":[106.79621255254932,-6.274732259574858]}"
132_0,1,-6.274732259574858,106.80519570539052,0.034838403388836925,1.0479009077533249E-4,0.11676707625160714,3.956539244220816E-5,"{""geodesic"":false,""type"":""Point"",""coordinates"":[106.80519570539052,-6.274732259574858]}"
133_0,1,-6.274732259574858,106.81417885823171,0.034831092661237774,1.0442888175753104E-4,0.11675653235097354,7.365629081817462E-6,"{""geodesic"":false,""type"":""Point"",""coordinates"":[106.81417885823171,-6.274732259574858]}"
134_0,1,-6.274732259574858,106.82316201107291,0.03483369320436678,1.0382272193958802E-4,0.1168738870480877,6.038339140742292E-6,"{""geodesic"":false,""type"":""Point"",""coordinates"":[106.82316201107291,-6.274732259574858]}"
135_0,1,-6.274732259574858,106.83214516391409,0.035042602674878374,1.0600337445823294E-4,0.11687558522096152,1.909758503582869E-5,"{""geodesic"":false,""type"":""Point"",""coordinates"":[106.83214516391409,-6.274732259574858]}"
136_0,1,-6.274732259574858,106.84112831675529,0.03483299629071206,1.0879608191701327E-4,0.11687290669588848,5.41504653189713E-5,"{""geodesic"":false,""type"":""Point"",""coordinates"":[106.84112831675529,-6.274732259574858]}"
137_0,1,-6.274732259574858,106.85011146959648,0.03479164776976885,1.0766997065803339E-4,0.11686098293030771,5.16404215835628E-5,"{""geodesic"":false,""type"":""Point"",""coordinates"":[106.85011146959648,-6.274732259574858]}"
138_0,1,-6.274732259574858,106.85909462243768,0.03479164776976885,1.0766997065803339E-4,0.11686098293030771,5.16404215835628E-5,"{""geodesic"":false,""type"":""Point"",""coordinates"":[106.85909462243768,-6.274732259574858]}"
139_0,1,-6.274732259574858,106.86807777527888,0.03480478832128808,1.0768827633018356E-4,0.11686848064861391,9.357637094005723E-5,"{""geodesic"":false,""type"":""Point"",""coordinates"":[106.86807777527888,-6.274732259574858]}"
140_0,1,-6.274732259574858,106.87706092812007,0.03480529992543332,1.0768827568592038E-4,0.11687724680321394,6.883221309910284E-5,"{""geodesic"":false,""type"":""Point"",""coordinates"":[106.87706092812007,-6.274732259574858]}"
141_0,1,-6.274732259574858,106.88604408096127,0.03499938466672147,1.0844652417597027E-4,0.11687365680729186,6.748421756112311E-5,"{""geodesic"":false,""type"":""Point"",""coordinates"":[106.88604408096127,-6.274732259574858]}"
142_0,1,-6.274732259574858,106.89502723380247,0.03499495507802602,1.0463617446876198E-4,0.11686710782727447,4.483112446657488E-5,"{""geodesic"":false,""type"":""Point"",""coordinates"":[106.89502723380247,-6.274732259574858]}"
143_0,1,-6.274732259574858,106.90401038664366,0.034907421868113214,1.0494409686981893E-4,0.11686507880633583,5.659239041629009E-5,"{""geodesic"":false,""type"":""Point"",""coordinates"":[106.90401038664366,-6.274732259574858]}"
144_0,1,-6.265749106733662,106.75129678834334,0.03526305594571408,1.1101707191955135E-4,0.11675369164425381,-5.822069100684014E-6,"{""geodesic"":false,""type"":""Point"",""coordinates"":[106.75129678834334,-6.265749106733662]}"
145_0,1,-6.265749106733662,106.76027994118454,0.03529872864980045,1.1330037523303166E-4,0.1167521926714468,7.550615003947601E-6,"{""geodesic"":false,""type"":""Point"",""coordinates"":[106.76027994118454,-6.265749106733662]}"
146_0,1,-6.265749106733662,106.76926309402573,0.03529872864980045,1.1330037523303166E-4,0.1167521926714468,7.550615003947601E-6,"{""geodesic"":false,""type"":""Point"",""coordinates"":[106.76926309402573,-6.265749106733662]}"
147_0,1,-6.265749106733662,106.77824624686693,0.03503014370796961,1.1314929965689727E-4,0.11675000121293663,3.925747577078576E-5,"{""geodesic"":false,""type"":""Point"",""coordinates"":[106.77824624686693,-6.265749106733662]}"
148_0,1,-6.265749106733662,106.78722939970812,0.03503300918358868,1.125676443509178E-4,0.11676696453361307,3.67892658637237E-5,"{""geodesic"":false,""type"":""Point"",""coordinates"":[106.78722939970812,-6.265749106733662]}"
149_0,1,-6.265749106733662,106.79621255254932,0.03503705979720013,1.1211979221003434E-4,0.11674722180182476,4.7181997942231314E-5,"{""geodesic"":false,""type"":""Point"",""coordinates"":[106.79621255254932,-6.265749106733662]}"
150_0,1,-6.265749106733662,106.80519570539052,0.03484484000067331,1.1235636760116672E-4,0.11675862088147401,3.729398999783517E-5,"{""geodesic"":false,""type"":""Point"",""coordinates"":[106.80519570539052,-6.265749106733662]}"
151_0,1,-6.265749106733662,106.81417885823171,0.0348579701941537,1.0841660660182509E-4,0.1167591070671499,3.3775831853776005E-6,"{""geodesic"":false,""type"":""Point"",""coordinates"":[106.81417885823171,-6.265749106733662]}"
152_0,1,-6.265749106733662,106.82316201107291,0.03483290782291556,1.0883217143545426E-4,0.11688187681341311,4.230951474531276E-5,"{""geodesic"":false,""type"":""Point"",""coordinates"":[106.82316201107291,-6.265749106733662]}"
153_0,1,-6.265749106733662,106.83214516391409,0.03503258440832987,1.0882760270014892E-4,0.11686844677717863,1.8732041356701825E-5,"{""geodesic"":false,""type"":""Point"",""coordinates"":[106.83214516391409,-6.265749106733662]}"
154_0,1,-6.265749106733662,106.84112831675529,0.03484303483956032,1.0826347252739371E-4,0.116875685942662,4.8176411558840055E-5,"{""geodesic"":false,""type"":""Point"",""coordinates"":[106.84112831675529,-6.265749106733662]}"
155_0,1,-6.265749106733662,106.85011146959648,0.03480251519022965,1.0820102034112173E-4,0.11686648295088241,5.283778768303778E-5,"{""geodesic"":false,""type"":""Point"",""coordinates"":[106.85011146959648,-6.265749106733662]}"
156_0,1,-6.265749106733662,106.85909462243768,0.03480251519022965,1.0820102034112173E-4,0.11686648295088241,5.283778768303778E-5,"{""geodesic"":false,""type"":""Point"",""coordinates"":[106.85909462243768,-6.265749106733662]}"
157_0,1,-6.265749106733662,106.86807777527888,0.03482416468165686,1.083244071570174E-4,0.11686203156596393,6.911415547015012E-5,"{""geodesic"":false,""type"":""Point"",""coordinates"":[106.86807777527888,-6.265749106733662]}"
158_0,1,-6.265749106733662,106.87706092812007,0.03478620150387851,1.0850911466949412E-4,0.11686260188785898,9.49514392748376E-5,"{""geodesic"":false,""type"":""Point"",""coordinates"":[106.87706092812007,-6.265749106733662]}"
159_0,1,-6.265749106733662,106.88604408096127,0.03507298543014508,1.0855321947907176E-4,0.11687164783719192,1.1661415173724497E-4,"{""geodesic"":false,""type"":""Point"",""coordinates"":[106.88604408096127,-6.265749106733662]}"
160_0,1,-6.265749106733662,106.89502723380247,0.03500787874202641,1.0412088362227328E-4,0.11677869997693248,9.692167480832606E-5,"{""geodesic"":false,""type"":""Point"",""coordinates"":[106.89502723380247,-6.265749106733662]}"
161_0,1,-6.265749106733662,106.90401038664366,0.03500654451527706,1.0155764539362619E-4,0.11686814467651709,6.874063187004273E-5,"{""geodesic"":false,""type"":""Point"",""coordinates"":[106.90401038664366,-6.265749106733662]}"
162_0,1,-6.256765953892468,106.76027994118454,0.03501738057374477,1.1679165643944204E-4,0.11676308275431284,-2.6328980679637878E-5,"{""geodesic"":false,""type"":""Point"",""coordinates"":[106.76027994118454,-6.256765953892468]}"
163_0,1,-6.256765953892468,106.76926309402573,0.03501738057374477,1.1679165643944204E-4,0.11676308275431284,-2.6328980679637878E-5,"{""geodesic"":false,""type"":""Point"",""coordinates"":[106.76926309402573,-6.256765953892468]}"
164_0,1,-6.256765953892468,106.77824624686693,0.03528522464805171,1.2195615984086687E-4,0.11675680016186345,8.395400777401285E-6,"{""geodesic"":false,""type"":""Point"",""coordinates"":[106.77824624686693,-6.256765953892468]}"
165_0,1,-6.256765953892468,106.78722939970812,0.03527533757437438,1.2034268446723581E-4,0.1168179874759857,1.448711786339022E-5,"{""geodesic"":false,""type"":""Point"",""coordinates"":[106.78722939970812,-6.256765953892468]}"
166_0,1,-6.256765953892468,106.79621255254932,0.03501433306736171,1.2378761450334866E-4,0.1167473247672233,4.1526174675998975E-5,"{""geodesic"":false,""type"":""Point"",""coordinates"":[106.79621255254932,-6.256765953892468]}"
167_0,1,-6.256765953892468,106.80519570539052,0.03503275987534337,1.205707249899023E-4,0.11674285147651983,2.2583025109073492E-5,"{""geodesic"":false,""type"":""Point"",""coordinates"":[106.80519570539052,-6.256765953892468]}"
168_0,1,-6.256765953892468,106.81417885823171,0.03485686877522799,1.184213673950073E-4,0.11675112564671396,6.796478444418237E-6,"{""geodesic"":false,""type"":""Point"",""coordinates"":[106.81417885823171,-6.256765953892468]}"
169_0,1,-6.256765953892468,106.82316201107291,0.0350500002738966,1.129670719522197E-4,0.11675580917858297,6.7268574119751896E-6,"{""geodesic"":false,""type"":""Point"",""coordinates"":[106.82316201107291,-6.256765953892468]}"
170_0,1,-6.256765953892468,106.83214516391409,0.035027141806910626,1.1299333156326226E-4,0.11686865170116745,4.0128513970633224E-5,"{""geodesic"":false,""type"":""Point"",""coordinates"":[106.83214516391409,-6.256765953892468]}"
171_0,1,-6.256765953892468,106.84112831675529,0.03484038260663904,1.1294059970789814E-4,0.11676884674191956,6.83580105864774E-5,"{""geodesic"":false,""type"":""Point"",""coordinates"":[106.84112831675529,-6.256765953892468]}"
172_0,1,-6.256765953892468,106.85011146959648,0.03484328450033921,1.0871281228081531E-4,0.11686570678260241,5.21189330672924E-5,"{""geodesic"":false,""type"":""Point"",""coordinates"":[106.85011146959648,-6.256765953892468]}"
173_0,1,-6.256765953892468,106.85909462243768,0.03484328450033921,1.0871281228081531E-4,0.11686570678260241,5.21189330672924E-5,"{""geodesic"":false,""type"":""Point"",""coordinates"":[106.85909462243768,-6.256765953892468]}"
174_0,1,-6.256765953892468,106.86807777527888,0.034822249472336926,1.0432533267913748E-4,0.11685743231701654,6.921284629354841E-5,"{""geodesic"":false,""type"":""Point"",""coordinates"":[106.86807777527888,-6.256765953892468]}"
175_0,1,-6.256765953892468,106.87706092812007,0.034803496082460576,1.0862671323178764E-4,0.11676965973257712,6.706044353532044E-5,"{""geodesic"":false,""type"":""Point"",""coordinates"":[106.87706092812007,-6.256765953892468]}"
176_0,1,-6.256765953892468,106.88604408096127,0.03481740320867417,1.0775423640223652E-4,0.11675311985372983,7.953829610779403E-5,"{""geodesic"":false,""type"":""Point"",""coordinates"":[106.88604408096127,-6.256765953892468]}"
177_0,1,-6.256765953892468,106.89502723380247,0.034787638040990755,1.040575576630969E-4,0.11677713917310145,9.269999365317613E-5,"{""geodesic"":false,""type"":""Point"",""coordinates"":[106.89502723380247,-6.256765953892468]}"
178_0,1,-6.256765953892468,106.90401038664366,0.03478612467730166,1.0015503241157563E-4,0.11688865210534602,7.975432897982298E-5,"{""geodesic"":false,""type"":""Point"",""coordinates"":[106.90401038664366,-6.256765953892468]}"
179_0,1,-6.256765953892468,106.91299353948486,0.034745845443385465,9.43266530778619E-5,0.1167596403251807,8.686619185746082E-5,"{""geodesic"":false,""type"":""Point"",""coordinates"":[106.91299353948486,-6.256765953892468]}"
180_0,1,-6.247782801051272,106.75129678834334,0.03547697443389224,1.2043829751901668E-4,0.11688010359878774,-2.369035961118367E-5,"{""geodesic"":false,""type"":""Point"",""coordinates"":[106.75129678834334,-6.247782801051272]}"
181_0,1,-6.247782801051272,106.76027994118454,0.03577086502780248,1.238424687163519E-4,0.11687150296225195,-3.864251114649018E-5,"{""geodesic"":false,""type"":""Point"",""coordinates"":[106.76027994118454,-6.247782801051272]}"
182_0,1,-6.247782801051272,106.76926309402573,0.03577086502780248,1.238424687163519E-4,0.11687150296225195,-3.864251114649018E-5,"{""geodesic"":false,""type"":""Point"",""coordinates"":[106.76926309402573,-6.247782801051272]}"
183_0,1,-6.247782801051272,106.77824624686693,0.035788252856846774,1.240533930003502E-4,0.116883899023651,1.6188282609170937E-7,"{""geodesic"":false,""type"":""Point"",""coordinates"":[106.77824624686693,-6.247782801051272]}"
184_0,1,-6.247782801051272,106.78722939970812,0.035469128064080015,1.24042797630213E-4,0.11688071241375611,1.526513512825393E-5,"{""geodesic"":false,""type"":""Point"",""coordinates"":[106.78722939970812,-6.247782801051272]}"
185_0,1,-6.247782801051272,106.79621255254932,0.0352957107592485,1.279542198759742E-4,0.11674193154638969,4.1677648846215256E-5,"{""geodesic"":false,""type"":""Point"",""coordinates"":[106.79621255254932,-6.247782801051272]}"
186_0,1,-6.247782801051272,106.80519570539052,0.03526521821380123,1.3142021091200735E-4,0.11675176564591923,7.124226572708493E-6,"{""geodesic"":false,""type"":""Point"",""coordinates"":[106.80519570539052,-6.247782801051272]}"
187_0,1,-6.247782801051272,106.81417885823171,0.03501960024597484,1.2772755787109907E-4,0.11673992011209691,2.144308953274817E-5,"{""geodesic"":false,""type"":""Point"",""coordinates"":[106.81417885823171,-6.247782801051272]}"
188_0,1,-6.247782801051272,106.82316201107291,0.03503626056417476,1.2750190702104114E-4,0.11687864558288494,1.8732041098690053E-5,"{""geodesic"":false,""type"":""Point"",""coordinates"":[106.82316201107291,-6.247782801051272]}"
189_0,1,-6.247782801051272,106.83214516391409,0.03503250508397212,1.2396483016655885E-4,0.11675591056520948,4.442694474319732E-5,"{""geodesic"":false,""type"":""Point"",""coordinates"":[106.83214516391409,-6.247782801051272]}"
190_0,1,-6.247782801051272,106.84112831675529,0.03504816709197911,1.2065746095423493E-4,0.11675780279240187,5.316894241388528E-5,"{""geodesic"":false,""type"":""Point"",""coordinates"":[106.84112831675529,-6.247782801051272]}"
191_0,1,-6.247782801051272,106.85011146959648,0.03503306480315482,1.1280143022607649E-4,0.11686252833979725,5.3591449689212776E-5,"{""geodesic"":false,""type"":""Point"",""coordinates"":[106.85011146959648,-6.247782801051272]}"
192_0,1,-6.247782801051272,106.85909462243768,0.03503306480315482,1.1280143022607649E-4,0.11686252833979725,5.3591449689212776E-5,"{""geodesic"":false,""type"":""Point"",""coordinates"":[106.85909462243768,-6.247782801051272]}"
193_0,1,-6.247782801051272,106.86807777527888,0.0347989064880134,1.084930523363324E-4,0.11687546681998273,8.018103168797405E-5,"{""geodesic"":false,""type"":""Point"",""coordinates"":[106.86807777527888,-6.247782801051272]}"
194_0,1,-6.247782801051272,106.87706092812007,0.03480698167872547,1.0871619496448331E-4,0.11686596688307886,6.639699708254953E-5,"{""geodesic"":false,""type"":""Point"",""coordinates"":[106.87706092812007,-6.247782801051272]}"
195_0,1,-6.247782801051272,106.88604408096127,0.034793915181551116,1.0588287869549972E-4,0.1167798380952282,6.901968232291343E-5,"{""geodesic"":false,""type"":""Point"",""coordinates"":[106.88604408096127,-6.247782801051272]}"
196_0,1,-6.247782801051272,106.89502723380247,0.0347777208385559,1.0184296286814874E-4,0.11677378596805951,6.888624717653875E-5,"{""geodesic"":false,""type"":""Point"",""coordinates"":[106.89502723380247,-6.247782801051272]}"
197_0,1,-6.247782801051272,106.90401038664366,0.03476603536777978,9.878287711225082E-5,0.11686887525263674,5.712646458496777E-5,"{""geodesic"":false,""type"":""Point"",""coordinates"":[106.90401038664366,-6.247782801051272]}"
198_0,1,-6.247782801051272,106.91299353948486,0.03478541421796814,9.445609676481807E-5,0.11687435048365355,7.012940763387866E-5,"{""geodesic"":false,""type"":""Point"",""coordinates"":[106.91299353948486,-6.247782801051272]}"
199_0,1,-6.247782801051272,106.92197669232606,0.03477673915110011,9.246188144259506E-5,0.11686474510274693,4.5930478176487016E-5,"{""geodesic"":false,""type"":""Point"",""coordinates"":[106.92197669232606,-6.247782801051272]}"
200_0,1,-6.247782801051272,106.93095984516725,0.034766742828488184,8.698093472612008E-5,0.11698841778040961,7.063465768572675E-5,"{""geodesic"":false,""type"":""Point"",""coordinates"":[106.93095984516725,-6.247782801051272]}"
201_0,1,-6.247782801051272,106.93994299800845,0.034766742828488184,8.698093472612008E-5,0.11698841778040961,7.063465768572675E-5,"{""geodesic"":false,""type"":""Point"",""coordinates"":[106.93994299800845,-6.247782801051272]}"
202_0,1,-6.238799648210077,106.75129678834334,0.03578604644226426,1.3161857893132672E-4,0.11688154329967938,7.1347378998255E-6,"{""geodesic"":false,""type"":""Point"",""coordinates"":[106.75129678834334,-6.238799648210077]}"
203_0,1,-6.238799648210077,106.76027994118454,0.03576972017585611,1.313388400578774E-4,0.11688483179926992,-8.200534746448713E-6,"{""geodesic"":false,""type"":""Point"",""coordinates"":[106.76027994118454,-6.238799648210077]}"
204_0,1,-6.238799648210077,106.76926309402573,0.03576972017585611,1.313388400578774E-4,0.11688483179926992,-8.200534746448713E-6,"{""geodesic"":false,""type"":""Point"",""coordinates"":[106.76926309402573,-6.238799648210077]}"
205_0,1,-6.238799648210077,106.77824624686693,0.035790969914582714,1.3576429984201986E-4,0.11687429579116575,1.153615907617915E-5,"{""geodesic"":false,""type"":""Point"",""coordinates"":[106.77824624686693,-6.238799648210077]}"
206_0,1,-6.238799648210077,106.78722939970812,0.035510232703933615,1.3653460794396668E-4,0.11688853945436158,1.4351908716815854E-5,"{""geodesic"":false,""type"":""Point"",""coordinates"":[106.78722939970812,-6.238799648210077]}"
207_0,1,-6.238799648210077,106.79621255254932,0.03547353523050659,1.313547514707962E-4,0.11688760161094607,2.4516142823063686E-5,"{""geodesic"":false,""type"":""Point"",""coordinates"":[106.79621255254932,-6.238799648210077]}"
208_0,1,-6.238799648210077,106.80519570539052,0.0352389974609132,1.3125844414784235E-4,0.11674670722583712,7.577207897299818E-6,"{""geodesic"":false,""type"":""Point"",""coordinates"":[106.80519570539052,-6.238799648210077]}"
209_0,1,-6.238799648210077,106.81417885823171,0.03528931960349099,1.3515199083775708E-4,0.11675677105929662,5.636716617305684E-5,"{""geodesic"":false,""type"":""Point"",""coordinates"":[106.81417885823171,-6.238799648210077]}"
210_0,1,-6.238799648210077,106.82316201107291,0.03527151545920742,1.3170958609767634E-4,0.11674990524862501,4.153140726184812E-5,"{""geodesic"":false,""type"":""Point"",""coordinates"":[106.82316201107291,-6.238799648210077]}"
211_0,1,-6.238799648210077,106.83214516391409,0.03504263608525706,1.2729965965284167E-4,0.11675758350245466,5.37503641782653E-5,"{""geodesic"":false,""type"":""Point"",""coordinates"":[106.83214516391409,-6.238799648210077]}"
212_0,1,-6.238799648210077,106.84112831675529,0.035037369417009516,1.2385402611801794E-4,0.11687378302228998,5.259389697509322E-5,"{""geodesic"":false,""type"":""Point"",""coordinates"":[106.84112831675529,-6.238799648210077]}"
213_0,1,-6.238799648210077,106.85011146959648,0.03502915540998803,1.168153103207468E-4,0.11688387846822224,5.296786600475234E-5,"{""geodesic"":false,""type"":""Point"",""coordinates"":[106.85011146959648,-6.238799648210077]}"
214_0,1,-6.238799648210077,106.85909462243768,0.03502915540998803,1.168153103207468E-4,0.11688387846822224,5.296786600475234E-5,"{""geodesic"":false,""type"":""Point"",""coordinates"":[106.85909462243768,-6.238799648210077]}"
215_0,1,-6.238799648210077,106.86807777527888,0.03481489384980456,1.131736100030427E-4,0.11686963520147986,6.872198755759222E-5,"{""geodesic"":false,""type"":""Point"",""coordinates"":[106.86807777527888,-6.238799648210077]}"
216_0,1,-6.238799648210077,106.87706092812007,0.034813571316031175,1.0830585048875978E-4,0.1168864272906205,5.551291716190434E-5,"{""geodesic"":false,""type"":""Point"",""coordinates"":[106.87706092812007,-6.238799648210077]}"
217_0,1,-6.238799648210077,106.88604408096127,0.03478775640404134,1.0392998644788532E-4,0.11688514055142359,6.838906011077036E-5,"{""geodesic"":false,""type"":""Point"",""coordinates"":[106.88604408096127,-6.238799648210077]}"
218_0,1,-6.238799648210077,106.89502723380247,0.03477171251507232,1.0199797269522457E-4,0.11687071125452479,6.937709952540712E-5,"{""geodesic"":false,""type"":""Point"",""coordinates"":[106.89502723380247,-6.238799648210077]}"
219_0,1,-6.238799648210077,106.90401038664366,0.03475351581631,9.765391223468187E-5,0.11687891155839572,6.68077942354624E-5,"{""geodesic"":false,""type"":""Point"",""coordinates"":[106.90401038664366,-6.238799648210077]}"
220_0,1,-6.238799648210077,106.91299353948486,0.03477712510537244,9.428736154819298E-5,0.11693632747584955,6.767484887026935E-5,"{""geodesic"":false,""type"":""Point"",""coordinates"":[106.91299353948486,-6.238799648210077]}"
221_0,1,-6.238799648210077,106.92197669232606,0.03478515783702119,9.237012021190452E-5,0.11686878033568802,4.569067794445589E-5,"{""geodesic"":false,""type"":""Point"",""coordinates"":[106.92197669232606,-6.238799648210077]}"
222_0,1,-6.238799648210077,106.93095984516725,0.034766669902565134,8.86089728205559E-5,0.11698499690553862,5.317809761913613E-5,"{""geodesic"":false,""type"":""Point"",""coordinates"":[106.93095984516725,-6.238799648210077]}"
223_0,1,-6.238799648210077,106.93994299800845,0.034766669902565134,8.86089728205559E-5,0.11698499690553862,5.317809761913613E-5,"{""geodesic"":false,""type"":""Point"",""coordinates"":[106.93994299800845,-6.238799648210077]}"
224_0,1,-6.2298164953688815,106.74231363550214,0.03578676319577543,1.3165837619167318E-4,0.1168853103214219,8.386483170997643E-6,"{""geodesic"":false,""type"":""Point"",""coordinates"":[106.74231363550214,-6.2298164953688815]}"
225_0,1,-6.2298164953688815,106.75129678834334,0.035807746712728565,1.317704256613924E-4,0.11687230875649869,7.030029731908329E-6,"{""geodesic"":false,""type"":""Point"",""coordinates"":[106.75129678834334,-6.2298164953688815]}"
226_0,1,-6.2298164953688815,106.76027994118454,0.03577752845985329,1.4103828662189951E-4,0.11687343994845967,7.083590421672956E-6,"{""geodesic"":false,""type"":""Point"",""coordinates"":[106.76027994118454,-6.2298164953688815]}"
227_0,1,-6.2298164953688815,106.76926309402573,0.03577752845985329,1.4103828662189951E-4,0.11687343994845967,7.083590421672956E-6,"{""geodesic"":false,""type"":""Point"",""coordinates"":[106.76926309402573,-6.2298164953688815]}"
228_0,1,-6.2298164953688815,106.77824624686693,0.03549408551643596,1.432502924559911E-4,0.11688823012645824,4.1587231081463684E-5,"{""geodesic"":false,""type"":""Point"",""coordinates"":[106.77824624686693,-6.2298164953688815]}"
229_0,1,-6.2298164953688815,106.78722939970812,0.03577840978701801,1.4175390929846104E-4,0.11689362735192736,3.985712455476621E-5,"{""geodesic"":false,""type"":""Point"",""coordinates"":[106.78722939970812,-6.2298164953688815]}"
230_0,1,-6.2298164953688815,106.79621255254932,0.03550230152427037,1.4674367586277171E-4,0.11688566960384983,4.8311639151628107E-5,"{""geodesic"":false,""type"":""Point"",""coordinates"":[106.79621255254932,-6.2298164953688815]}"
231_0,1,-6.2298164953688815,106.80519570539052,0.035504405029780264,1.390867298944066E-4,0.11688639695018102,4.50954485132351E-5,"{""geodesic"":false,""type"":""Point"",""coordinates"":[106.80519570539052,-6.2298164953688815]}"
232_0,1,-6.2298164953688815,106.81417885823171,0.03551911331517612,1.3704702979799546E-4,0.11688668356721564,5.3267782082674755E-5,"{""geodesic"":false,""type"":""Point"",""coordinates"":[106.81417885823171,-6.2298164953688815]}"
233_0,1,-6.2298164953688815,106.82316201107291,0.03550697787590619,1.3162110302404544E-4,0.11688616320186022,5.507422346458539E-5,"{""geodesic"":false,""type"":""Point"",""coordinates"":[106.82316201107291,-6.2298164953688815]}"
234_0,1,-6.2298164953688815,106.83214516391409,0.03526389205483613,1.3174737095704363E-4,0.11675238024345276,5.30010867506122E-5,"{""geodesic"":false,""type"":""Point"",""coordinates"":[106.83214516391409,-6.2298164953688815]}"
235_0,1,-6.2298164953688815,106.84112831675529,0.035268315595522966,1.27596650747007E-4,0.116877552873943,3.915921834396212E-5,"{""geodesic"":false,""type"":""Point"",""coordinates"":[106.84112831675529,-6.2298164953688815]}"
236_0,1,-6.2298164953688815,106.85011146959648,0.03525051295866716,1.2038607241334962E-4,0.11687697676494353,5.247885411038562E-5,"{""geodesic"":false,""type"":""Point"",""coordinates"":[106.85011146959648,-6.2298164953688815]}"
237_0,1,-6.2298164953688815,106.85909462243768,0.03525051295866716,1.2038607241334962E-4,0.11687697676494353,5.247885411038562E-5,"{""geodesic"":false,""type"":""Point"",""coordinates"":[106.85909462243768,-6.2298164953688815]}"
238_0,1,-6.2298164953688815,106.86807777527888,0.03502813620888395,1.1621210715408982E-4,0.11687450899505983,3.831199876592793E-5,"{""geodesic"":false,""type"":""Point"",""coordinates"":[106.86807777527888,-6.2298164953688815]}"
239_0,1,-6.2298164953688815,106.87706092812007,0.03507344927644366,1.127331363328245E-4,0.11687025400141805,3.719974408714111E-5,"{""geodesic"":false,""type"":""Point"",""coordinates"":[106.87706092812007,-6.2298164953688815]}"
240_0,1,-6.2298164953688815,106.88604408096127,0.03476723707664015,1.0609729070596261E-4,0.1168776001916574,5.600526764445212E-5,"{""geodesic"":false,""type"":""Point"",""coordinates"":[106.88604408096127,-6.2298164953688815]}"
241_0,1,-6.2298164953688815,106.89502723380247,0.034782455908097344,1.0209208265842118E-4,0.11685773457609802,5.473612718301142E-5,"{""geodesic"":false,""type"":""Point"",""coordinates"":[106.89502723380247,-6.2298164953688815]}"
242_0,1,-6.2298164953688815,106.90401038664366,0.034785570977752,9.979609817085373E-5,0.11689331466224805,6.973094887283538E-5,"{""geodesic"":false,""type"":""Point"",""coordinates"":[106.90401038664366,-6.2298164953688815]}"
243_0,1,-6.2298164953688815,106.91299353948486,0.034780676527033705,9.290034530675322E-5,0.11700021256479182,7.05308185051742E-5,"{""geodesic"":false,""type"":""Point"",""coordinates"":[106.91299353948486,-6.2298164953688815]}"
244_0,1,-6.2298164953688815,106.92197669232606,0.03477194617517128,9.026607541665211E-5,0.11686657625032194,7.025539594809949E-5,"{""geodesic"":false,""type"":""Point"",""coordinates"":[106.92197669232606,-6.2298164953688815]}"
245_0,1,-6.2298164953688815,106.93095984516725,0.0347822686778343,8.687169918667308E-5,0.11686220792561847,7.075924540280546E-5,"{""geodesic"":false,""type"":""Point"",""coordinates"":[106.93095984516725,-6.2298164953688815]}"
246_0,1,-6.2298164953688815,106.93994299800845,0.0347822686778343,8.687169918667308E-5,0.11686220792561847,7.075924540280546E-5,"{""geodesic"":false,""type"":""Point"",""coordinates"":[106.93994299800845,-6.2298164953688815]}"
247_0,1,-6.220833342527687,106.72434732981975,0.03580249154139503,1.2820889216283847E-4,0.1168849713608452,-6.2627527968153445E-6,"{""geodesic"":false,""type"":""Point"",""coordinates"":[106.72434732981975,-6.220833342527687]}"
248_0,1,-6.220833342527687,106.73333048266095,0.03577122539470683,1.2830854987653267E-4,0.11689582332574011,8.991851130837543E-6,"{""geodesic"":false,""type"":""Point"",""coordinates"":[106.73333048266095,-6.220833342527687]}"
249_0,1,-6.220833342527687,106.74231363550214,0.03578676319577543,1.3165837619167318E-4,0.1168853103214219,8.386483170997643E-6,"{""geodesic"":false,""type"":""Point"",""coordinates"":[106.74231363550214,-6.220833342527687]}"
250_0,1,-6.220833342527687,106.75129678834334,0.035807746712728565,1.317704256613924E-4,0.11687230875649869,7.030029731908329E-6,"{""geodesic"":false,""type"":""Point"",""coordinates"":[106.75129678834334,-6.220833342527687]}"
251_0,1,-6.220833342527687,106.76027994118454,0.03577752845985329,1.4103828662189951E-4,0.11687343994845967,7.083590421672956E-6,"{""geodesic"":false,""type"":""Point"",""coordinates"":[106.76027994118454,-6.220833342527687]}"
252_0,1,-6.220833342527687,106.76926309402573,0.03577752845985329,1.4103828662189951E-4,0.11687343994845967,7.083590421672956E-6,"{""geodesic"":false,""type"":""Point"",""coordinates"":[106.76926309402573,-6.220833342527687]}"
253_0,1,-6.220833342527687,106.77824624686693,0.03549408551643596,1.432502924559911E-4,0.11688823012645824,4.1587231081463684E-5,"{""geodesic"":false,""type"":""Point"",""coordinates"":[106.77824624686693,-6.220833342527687]}"
254_0,1,-6.220833342527687,106.78722939970812,0.03577840978701801,1.4175390929846104E-4,0.11689362735192736,3.985712455476621E-5,"{""geodesic"":false,""type"":""Point"",""coordinates"":[106.78722939970812,-6.220833342527687]}"
255_0,1,-6.220833342527687,106.79621255254932,0.03550230152427037,1.4674367586277171E-4,0.11688566960384983,4.8311639151628107E-5,"{""geodesic"":false,""type"":""Point"",""coordinates"":[106.79621255254932,-6.220833342527687]}"
256_0,1,-6.220833342527687,106.80519570539052,0.035504405029780264,1.390867298944066E-4,0.11688639695018102,4.50954485132351E-5,"{""geodesic"":false,""type"":""Point"",""coordinates"":[106.80519570539052,-6.220833342527687]}"
257_0,1,-6.220833342527687,106.81417885823171,0.03551911331517612,1.3704702979799546E-4,0.11688668356721564,5.3267782082674755E-5,"{""geodesic"":false,""type"":""Point"",""coordinates"":[106.81417885823171,-6.220833342527687]}"
258_0,1,-6.220833342527687,106.82316201107291,0.03550697787590619,1.3162110302404544E-4,0.11688616320186022,5.507422346458539E-5,"{""geodesic"":false,""type"":""Point"",""coordinates"":[106.82316201107291,-6.220833342527687]}"
259_0,1,-6.220833342527687,106.83214516391409,0.03526389205483613,1.3174737095704363E-4,0.11675238024345276,5.30010867506122E-5,"{""geodesic"":false,""type"":""Point"",""coordinates"":[106.83214516391409,-6.220833342527687]}"
260_0,1,-6.220833342527687,106.84112831675529,0.035268315595522966,1.27596650747007E-4,0.116877552873943,3.915921834396212E-5,"{""geodesic"":false,""type"":""Point"",""coordinates"":[106.84112831675529,-6.220833342527687]}"
261_0,1,-6.220833342527687,106.85011146959648,0.03525051295866716,1.2038607241334962E-4,0.11687697676494353,5.247885411038562E-5,"{""geodesic"":false,""type"":""Point"",""coordinates"":[106.85011146959648,-6.220833342527687]}"
262_0,1,-6.220833342527687,106.85909462243768,0.03525051295866716,1.2038607241334962E-4,0.11687697676494353,5.247885411038562E-5,"{""geodesic"":false,""type"":""Point"",""coordinates"":[106.85909462243768,-6.220833342527687]}"
263_0,1,-6.220833342527687,106.86807777527888,0.03502813620888395,1.1621210715408982E-4,0.11687450899505983,3.831199876592793E-5,"{""geodesic"":false,""type"":""Point"",""coordinates"":[106.86807777527888,-6.220833342527687]}"
264_0,1,-6.220833342527687,106.87706092812007,0.03507344927644366,1.127331363328245E-4,0.11687025400141805,3.719974408714111E-5,"{""geodesic"":false,""type"":""Point"",""coordinates"":[106.87706092812007,-6.220833342527687]}"
265_0,1,-6.220833342527687,106.88604408096127,0.03476723707664015,1.0609729070596261E-4,0.1168776001916574,5.600526764445212E-5,"{""geodesic"":false,""type"":""Point"",""coordinates"":[106.88604408096127,-6.220833342527687]}"
266_0,1,-6.220833342527687,106.89502723380247,0.034782455908097344,1.0209208265842118E-4,0.11685773457609802,5.473612718301142E-5,"{""geodesic"":false,""type"":""Point"",""coordinates"":[106.89502723380247,-6.220833342527687]}"
267_0,1,-6.220833342527687,106.90401038664366,0.034785570977752,9.979609817085373E-5,0.11689331466224805,6.973094887283538E-5,"{""geodesic"":false,""type"":""Point"",""coordinates"":[106.90401038664366,-6.220833342527687]}"
268_0,1,-6.220833342527687,106.91299353948486,0.034780676527033705,9.290034530675322E-5,0.11700021256479182,7.05308185051742E-5,"{""geodesic"":false,""type"":""Point"",""coordinates"":[106.91299353948486,-6.220833342527687]}"
269_0,1,-6.220833342527687,106.92197669232606,0.03477194617517128,9.026607541665211E-5,0.11686657625032194,7.025539594809949E-5,"{""geodesic"":false,""type"":""Point"",""coordinates"":[106.92197669232606,-6.220833342527687]}"
270_0,1,-6.220833342527687,106.93095984516725,0.0347822686778343,8.687169918667308E-5,0.11686220792561847,7.075924540280546E-5,"{""geodesic"":false,""type"":""Point"",""coordinates"":[106.93095984516725,-6.220833342527687]}"
271_0,1,-6.220833342527687,106.93994299800845,0.0347822686778343,8.687169918667308E-5,0.11686220792561847,7.075924540280546E-5,"{""geodesic"":false,""type"":""Point"",""coordinates"":[106.93994299800845,-6.220833342527687]}"
272_0,1,-6.220833342527687,106.94892615084963,0.0347932977763009,8.155966867898088E-5,0.11700018889185954,6.825950141454526E-5,"{""geodesic"":false,""type"":""Point"",""coordinates"":[106.94892615084963,-6.220833342527687]}"
273_0,1,-6.2118501896864915,106.72434732981975,0.03603503819593832,1.279426225206266E-4,0.11688362651505403,2.2596915997516524E-5,"{""geodesic"":false,""type"":""Point"",""coordinates"":[106.72434732981975,-6.2118501896864915]}"
274_0,1,-6.2118501896864915,106.73333048266095,0.03582609001339705,1.3183086908720147E-4,0.11689531700469888,6.687082274624264E-6,"{""geodesic"":false,""type"":""Point"",""coordinates"":[106.73333048266095,-6.2118501896864915]}"
275_0,1,-6.2118501896864915,106.74231363550214,0.03599765759811822,1.3177198239553163E-4,0.11688439748711194,7.0440836311404885E-6,"{""geodesic"":false,""type"":""Point"",""coordinates"":[106.74231363550214,-6.2118501896864915]}"
276_0,1,-6.2118501896864915,106.75129678834334,0.03600956211468521,1.355887119025129E-4,0.11687876565551764,6.975222439342075E-6,"{""geodesic"":false,""type"":""Point"",""coordinates"":[106.75129678834334,-6.2118501896864915]}"
277_0,1,-6.2118501896864915,106.76027994118454,0.03599403546576364,1.4002200685309395E-4,0.11687565010378739,-5.81083756884458E-7,"{""geodesic"":false,""type"":""Point"",""coordinates"":[106.76027994118454,-6.2118501896864915]}"
278_0,1,-6.2118501896864915,106.76926309402573,0.03599403546576364,1.4002200685309395E-4,0.11687565010378739,-5.81083756884458E-7,"{""geodesic"":false,""type"":""Point"",""coordinates"":[106.76926309402573,-6.2118501896864915]}"
279_0,1,-6.2118501896864915,106.77824624686693,0.035748370322562756,1.4532757743145546E-4,0.1168917802355248,2.6509188908418144E-5,"{""geodesic"":false,""type"":""Point"",""coordinates"":[106.77824624686693,-6.2118501896864915]}"
280_0,1,-6.2118501896864915,106.78722939970812,0.03579058518380739,1.4280009584927343E-4,0.11688371809988585,5.2244187342812904E-5,"{""geodesic"":false,""type"":""Point"",""coordinates"":[106.78722939970812,-6.2118501896864915]}"
281_0,1,-6.2118501896864915,106.79621255254932,0.03578492545995437,1.4730927401445523E-4,0.11688426987445909,5.415980514691127E-5,"{""geodesic"":false,""type"":""Point"",""coordinates"":[106.79621255254932,-6.2118501896864915]}"
282_0,1,-6.2118501896864915,106.80519570539052,0.0356521948421962,1.445372336350888E-4,0.11689038844042543,7.813333400697263E-5,"{""geodesic"":false,""type"":""Point"",""coordinates"":[106.80519570539052,-6.2118501896864915]}"
283_0,1,-6.2118501896864915,106.81417885823171,0.03577992930739227,1.433451434106379E-4,0.11688802036359754,8.232794623892157E-5,"{""geodesic"":false,""type"":""Point"",""coordinates"":[106.81417885823171,-6.2118501896864915]}"
284_0,1,-6.2118501896864915,106.82316201107291,0.035504314593926944,1.389605296703925E-4,0.11688492554232395,7.017717526968234E-5,"{""geodesic"":false,""type"":""Point"",""coordinates"":[106.82316201107291,-6.2118501896864915]}"
285_0,1,-6.2118501896864915,106.83214516391409,0.03529316646958524,1.315729959891114E-4,0.11688587019083384,6.906766994004241E-5,"{""geodesic"":false,""type"":""Point"",""coordinates"":[106.83214516391409,-6.2118501896864915]}"
286_0,1,-6.2118501896864915,106.84112831675529,0.03549853083468191,1.281085931033166E-4,0.11687140221933681,5.4445738888665874E-5,"{""geodesic"":false,""type"":""Point"",""coordinates"":[106.84112831675529,-6.2118501896864915]}"
287_0,1,-6.2118501896864915,106.85011146959648,0.03515350601901182,1.2047100951090482E-4,0.11687932962999789,3.787385546927945E-5,"{""geodesic"":false,""type"":""Point"",""coordinates"":[106.85011146959648,-6.2118501896864915]}"
288_0,1,-6.2118501896864915,106.85909462243768,0.03515350601901182,1.2047100951090482E-4,0.11687932962999789,3.787385546927945E-5,"{""geodesic"":false,""type"":""Point"",""coordinates"":[106.85909462243768,-6.2118501896864915]}"
289_0,1,-6.2118501896864915,106.86807777527888,0.0350444149355492,1.1626157504535453E-4,0.11687571067356832,2.2341014933506758E-5,"{""geodesic"":false,""type"":""Point"",""coordinates"":[106.86807777527888,-6.2118501896864915]}"
290_0,1,-6.2118501896864915,106.87706092812007,0.035047165768575264,1.1248726747383534E-4,0.11687385095941852,2.5146317572389917E-5,"{""geodesic"":false,""type"":""Point"",""coordinates"":[106.87706092812007,-6.2118501896864915]}"
291_0,1,-6.2118501896864915,106.88604408096127,0.035063445219509486,1.044909922012612E-4,0.1168735499082938,2.3760177655766223E-5,"{""geodesic"":false,""type"":""Point"",""coordinates"":[106.88604408096127,-6.2118501896864915]}"
292_0,1,-6.2118501896864915,106.89502723380247,0.03505205967946423,1.0194245058760056E-4,0.11687347428211345,5.467714095715647E-5,"{""geodesic"":false,""type"":""Point"",""coordinates"":[106.89502723380247,-6.2118501896864915]}"
293_0,1,-6.2118501896864915,106.90401038664366,0.03478147685522933,9.825586167711916E-5,0.11700411244299325,5.452700892510158E-5,"{""geodesic"":false,""type"":""Point"",""coordinates"":[106.90401038664366,-6.2118501896864915]}"
294_0,1,-6.2118501896864915,106.91299353948486,0.03478512301626198,9.469125005992596E-5,0.11694132982843863,5.1698626502319165E-5,"{""geodesic"":false,""type"":""Point"",""coordinates"":[106.91299353948486,-6.2118501896864915]}"
295_0,1,-6.2118501896864915,106.92197669232606,0.03490203789761748,9.002181127398553E-5,0.11688293115824899,6.855619044435706E-5,"{""geodesic"":false,""type"":""Point"",""coordinates"":[106.92197669232606,-6.2118501896864915]}"
296_0,1,-6.2118501896864915,106.93095984516725,0.03476256075826041,8.474925925845716E-5,0.11687311372330414,7.141814824757669E-5,"{""geodesic"":false,""type"":""Point"",""coordinates"":[106.93095984516725,-6.2118501896864915]}"
297_0,1,-6.2118501896864915,106.93994299800845,0.03476256075826041,8.474925925845716E-5,0.11687311372330414,7.141814824757669E-5,"{""geodesic"":false,""type"":""Point"",""coordinates"":[106.93994299800845,-6.2118501896864915]}"
298_0,1,-6.2118501896864915,106.94892615084963,0.03450553269023908,8.200056213700075E-5,0.11686443725421618,8.40655408117405E-5,"{""geodesic"":false,""type"":""Point"",""coordinates"":[106.94892615084963,-6.2118501896864915]}"
299_0,1,-6.2118501896864915,106.95790930369083,0.0345301719323096,7.52316946263556E-5,0.1169959461494811,6.935576113446881E-5,"{""geodesic"":false,""type"":""Point"",""coordinates"":[106.95790930369083,-6.2118501896864915]}"
300_0,1,-6.202867036845296,106.72434732981975,0.03622244545520287,1.304706005611489E-4,0.11688682069680775,2.4386521413266476E-5,"{""geodesic"":false,""type"":""Point"",""coordinates"":[106.72434732981975,-6.202867036845296]}"
301_0,1,-6.202867036845296,106.73333048266095,0.03599502597437338,1.3249514813123997E-4,0.11689360357842596,2.4552451204043693E-5,"{""geodesic"":false,""type"":""Point"",""coordinates"":[106.73333048266095,-6.202867036845296]}"
302_0,1,-6.202867036845296,106.74231363550214,0.03611818024211727,1.360131182178997E-4,0.11688171652465638,2.3451610081166544E-5,"{""geodesic"":false,""type"":""Point"",""coordinates"":[106.74231363550214,-6.202867036845296]}"
303_0,1,-6.202867036845296,106.75129678834334,0.03598568618603987,1.349913874208071E-4,0.11676482478014012,8.43227025294134E-6,"{""geodesic"":false,""type"":""Point"",""coordinates"":[106.75129678834334,-6.202867036845296]}"
304_0,1,-6.202867036845296,106.76027994118454,0.03598647553609381,1.4312873491717867E-4,0.11687387187860244,1.0718393228858548E-5,"{""geodesic"":false,""type"":""Point"",""coordinates"":[106.76027994118454,-6.202867036845296]}"
305_0,1,-6.202867036845296,106.76926309402573,0.03598647553609381,1.4312873491717867E-4,0.11687387187860244,1.0718393228858548E-5,"{""geodesic"":false,""type"":""Point"",""coordinates"":[106.76926309402573,-6.202867036845296]}"
306_0,1,-6.202867036845296,106.77824624686693,0.03597743197670065,1.467360364789808E-4,0.11687664171992569,5.08199206745484E-5,"{""geodesic"":false,""type"":""Point"",""coordinates"":[106.77824624686693,-6.202867036845296]}"
307_0,1,-6.202867036845296,106.78722939970812,0.035786016150987046,1.4659127262188357E-4,0.11688558231840025,6.91231435568619E-5,"{""geodesic"":false,""type"":""Point"",""coordinates"":[106.78722939970812,-6.202867036845296]}"
308_0,1,-6.202867036845296,106.79621255254932,0.03580505608341678,1.4223286276858826E-4,0.1168805664010165,5.327445332339905E-5,"{""geodesic"":false,""type"":""Point"",""coordinates"":[106.79621255254932,-6.202867036845296]}"
309_0,1,-6.202867036845296,106.80519570539052,0.03580810152636521,1.4225916912175075E-4,0.11688845966922298,7.550877122578015E-5,"{""geodesic"":false,""type"":""Point"",""coordinates"":[106.80519570539052,-6.202867036845296]}"
310_0,1,-6.202867036845296,106.81417885823171,0.03580426358416608,1.4298974551787733E-4,0.11688317987157842,8.228098535424436E-5,"{""geodesic"":false,""type"":""Point"",""coordinates"":[106.81417885823171,-6.202867036845296]}"
311_0,1,-6.202867036845296,106.82316201107291,0.03564929221693246,1.4297064426435074E-4,0.11688160536362256,6.855568726671822E-5,"{""geodesic"":false,""type"":""Point"",""coordinates"":[106.82316201107291,-6.202867036845296]}"
312_0,1,-6.202867036845296,106.83214516391409,0.035481862043728864,1.3170989161913492E-4,0.11688070239389921,6.881386264293912E-5,"{""geodesic"":false,""type"":""Point"",""coordinates"":[106.83214516391409,-6.202867036845296]}"
313_0,1,-6.202867036845296,106.84112831675529,0.03551519769990869,1.2415337216763555E-4,0.11687010078092795,3.7809656628232964E-5,"{""geodesic"":false,""type"":""Point"",""coordinates"":[106.84112831675529,-6.202867036845296]}"
314_0,1,-6.202867036845296,106.85011146959648,0.03525877930221512,1.2053649545458536E-4,0.1169989138609036,3.381503605242661E-5,"{""geodesic"":false,""type"":""Point"",""coordinates"":[106.85011146959648,-6.202867036845296]}"
315_0,1,-6.202867036845296,106.85909462243768,0.03525877930221512,1.2053649545458536E-4,0.1169989138609036,3.381503605242661E-5,"{""geodesic"":false,""type"":""Point"",""coordinates"":[106.85909462243768,-6.202867036845296]}"
316_0,1,-6.202867036845296,106.86807777527888,0.03527302379494199,1.2055556196947241E-4,0.11699310762397819,3.356534304366157E-5,"{""geodesic"":false,""type"":""Point"",""coordinates"":[106.86807777527888,-6.202867036845296]}"
317_0,1,-6.202867036845296,106.87706092812007,0.03517181714362318,1.1240495029446419E-4,0.11699217104798981,5.413501078456435E-5,"{""geodesic"":false,""type"":""Point"",""coordinates"":[106.87706092812007,-6.202867036845296]}"
318_0,1,-6.202867036845296,106.88604408096127,0.035039195101284434,1.0911069599394167E-4,0.11700012390175354,5.452251101979151E-5,"{""geodesic"":false,""type"":""Point"",""coordinates"":[106.88604408096127,-6.202867036845296]}"
319_0,1,-6.202867036845296,106.89502723380247,0.0350650801312383,1.0346237940388421E-4,0.1169905082869137,5.3681263249062567E-5,"{""geodesic"":false,""type"":""Point"",""coordinates"":[106.89502723380247,-6.202867036845296]}"
320_0,1,-6.202867036845296,106.90401038664366,0.0345335013866064,9.829614894168652E-5,0.11700300033458139,5.3470218020394084E-5,"{""geodesic"":false,""type"":""Point"",""coordinates"":[106.90401038664366,-6.202867036845296]}"
321_0,1,-6.202867036845296,106.91299353948486,0.034771248148050146,9.459529572114414E-5,0.11701741576933355,6.845635944329193E-5,"{""geodesic"":false,""type"":""Point"",""coordinates"":[106.91299353948486,-6.202867036845296]}"
322_0,1,-6.202867036845296,106.92197669232606,0.03477484728323409,9.024572351744906E-5,0.1170169340544817,5.2319431914916E-5,"{""geodesic"":false,""type"":""Point"",""coordinates"":[106.92197669232606,-6.202867036845296]}"
323_0,1,-6.202867036845296,106.93095984516725,0.034781936220071134,8.500868959029278E-5,0.117012938515426,6.965137636449382E-5,"{""geodesic"":false,""type"":""Point"",""coordinates"":[106.93095984516725,-6.202867036845296]}"
324_0,1,-6.202867036845296,106.93994299800845,0.034781936220071134,8.500868959029278E-5,0.117012938515426,6.965137636449382E-5,"{""geodesic"":false,""type"":""Point"",""coordinates"":[106.93994299800845,-6.202867036845296]}"
325_0,1,-6.202867036845296,106.94892615084963,0.03454067328018361,7.816121192660102E-5,0.11702551356840322,7.073775855648776E-5,"{""geodesic"":false,""type"":""Point"",""coordinates"":[106.94892615084963,-6.202867036845296]}"
326_0,1,-6.202867036845296,106.95790930369083,0.03433277652369214,7.421249418990109E-5,0.11700257894330245,6.646799896355475E-5,"{""geodesic"":false,""type"":""Point"",""coordinates"":[106.95790930369083,-6.202867036845296]}"
327_0,1,-6.193883884004101,106.72434732981975,0.036789553295077236,1.2860462575098875E-4,0.11698864268243837,2.346130375586558E-5,"{""geodesic"":false,""type"":""Point"",""coordinates"":[106.72434732981975,-6.193883884004101]}"
328_0,1,-6.193883884004101,106.73333048266095,0.03633247141745259,1.3064856097183352E-4,0.11688796393996884,2.267732198599713E-5,"{""geodesic"":false,""type"":""Point"",""coordinates"":[106.73333048266095,-6.193883884004101]}"
329_0,1,-6.193883884004101,106.74231363550214,0.036248955713179494,1.3471647464410484E-4,0.11688369747389032,7.3045259104268905E-6,"{""geodesic"":false,""type"":""Point"",""coordinates"":[106.74231363550214,-6.193883884004101]}"
330_0,1,-6.193883884004101,106.75129678834334,0.03614736273476739,1.345980254488066E-4,0.11686937167006414,2.362958310743206E-5,"{""geodesic"":false,""type"":""Point"",""coordinates"":[106.75129678834334,-6.193883884004101]}"
331_0,1,-6.193883884004101,106.76027994118454,0.03626059880240911,1.421293756129118E-4,0.11687587422167964,2.766819359050692E-5,"{""geodesic"":false,""type"":""Point"",""coordinates"":[106.76027994118454,-6.193883884004101]}"
332_0,1,-6.193883884004101,106.76926309402573,0.03626059880240911,1.421293756129118E-4,0.11687587422167964,2.766819359050692E-5,"{""geodesic"":false,""type"":""Point"",""coordinates"":[106.76926309402573,-6.193883884004101]}"
333_0,1,-6.193883884004101,106.77824624686693,0.036001381660420474,1.4701329558995216E-4,0.11688718725822522,5.175427475708956E-5,"{""geodesic"":false,""type"":""Point"",""coordinates"":[106.77824624686693,-6.193883884004101]}"
334_0,1,-6.193883884004101,106.78722939970812,0.035779534787372544,1.438335946630987E-4,0.1168798111848546,6.929159756631009E-5,"{""geodesic"":false,""type"":""Point"",""coordinates"":[106.78722939970812,-6.193883884004101]}"
335_0,1,-6.193883884004101,106.79621255254932,0.03578869507742721,1.40414754693646E-4,0.1168872894121545,7.018923771594209E-5,"{""geodesic"":false,""type"":""Point"",""coordinates"":[106.79621255254932,-6.193883884004101]}"
336_0,1,-6.193883884004101,106.80519570539052,0.035784137894864995,1.4384874053399328E-4,0.1168822036452559,6.928045964911448E-5,"{""geodesic"":false,""type"":""Point"",""coordinates"":[106.80519570539052,-6.193883884004101]}"
337_0,1,-6.193883884004101,106.81417885823171,0.03575900565887809,1.420899157697939E-4,0.11687307003766731,5.421533308871963E-5,"{""geodesic"":false,""type"":""Point"",""coordinates"":[106.81417885823171,-6.193883884004101]}"
338_0,1,-6.193883884004101,106.82316201107291,0.035762712389126594,1.365203992777601E-4,0.1170074390228231,5.282295211445471E-5,"{""geodesic"":false,""type"":""Point"",""coordinates"":[106.82316201107291,-6.193883884004101]}"
339_0,1,-6.193883884004101,106.83214516391409,0.03550832808569439,1.3114772428422246E-4,0.11702014701588401,6.937031139160855E-5,"{""geodesic"":false,""type"":""Point"",""coordinates"":[106.83214516391409,-6.193883884004101]}"
340_0,1,-6.193883884004101,106.84112831675529,0.035494731592752994,1.2740238346615397E-4,0.11686771793992988,5.1767698233168746E-5,"{""geodesic"":false,""type"":""Point"",""coordinates"":[106.84112831675529,-6.193883884004101]}"
341_0,1,-6.193883884004101,106.85011146959648,0.03551902004394467,1.2452444584125027E-4,0.11700714748769805,5.276233533546587E-5,"{""geodesic"":false,""type"":""Point"",""coordinates"":[106.85011146959648,-6.193883884004101]}"
342_0,1,-6.193883884004101,106.85909462243768,0.03551902004394467,1.2452444584125027E-4,0.11700714748769805,5.276233533546587E-5,"{""geodesic"":false,""type"":""Point"",""coordinates"":[106.85909462243768,-6.193883884004101]}"
343_0,1,-6.193883884004101,106.86807777527888,0.03549791036312158,1.2043471109211505E-4,0.11699726785072942,3.933799001914564E-5,"{""geodesic"":false,""type"":""Point"",""coordinates"":[106.86807777527888,-6.193883884004101]}"
344_0,1,-6.193883884004101,106.87706092812007,0.035225559025953576,1.1209104024869176E-4,0.11699828216222655,5.5051041526528105E-5,"{""geodesic"":false,""type"":""Point"",""coordinates"":[106.87706092812007,-6.193883884004101]}"
345_0,1,-6.193883884004101,106.88604408096127,0.03504336540539927,1.0443849332680884E-4,0.11700084616615927,5.289633677208122E-5,"{""geodesic"":false,""type"":""Point"",""coordinates"":[106.88604408096127,-6.193883884004101]}"
346_0,1,-6.193883884004101,106.89502723380247,0.03504214185702641,1.0363719673838116E-4,0.11699536964047796,3.994077954781326E-5,"{""geodesic"":false,""type"":""Point"",""coordinates"":[106.89502723380247,-6.193883884004101]}"
347_0,1,-6.193883884004101,106.90401038664366,0.03505730070168833,9.610348826034962E-5,0.11700316017569325,5.323007545494438E-5,"{""geodesic"":false,""type"":""Point"",""coordinates"":[106.90401038664366,-6.193883884004101]}"
348_0,1,-6.193883884004101,106.91299353948486,0.03506440687959634,9.421104322212532E-5,0.11701587165411333,5.395507216433958E-5,"{""geodesic"":false,""type"":""Point"",""coordinates"":[106.91299353948486,-6.193883884004101]}"
349_0,1,-6.193883884004101,106.92197669232606,0.03478968033908028,8.685487131836882E-5,0.11700831842293631,5.2809864156138576E-5,"{""geodesic"":false,""type"":""Point"",""coordinates"":[106.92197669232606,-6.193883884004101]}"
350_0,1,-6.193883884004101,106.93095984516725,0.034544677216296324,8.174520377677327E-5,0.11700714067418697,5.126191333017922E-5,"{""geodesic"":false,""type"":""Point"",""coordinates"":[106.93095984516725,-6.193883884004101]}"
351_0,1,-6.193883884004101,106.93994299800845,0.034544677216296324,8.174520377677327E-5,0.11700714067418697,5.126191333017922E-5,"{""geodesic"":false,""type"":""Point"",""coordinates"":[106.93994299800845,-6.193883884004101]}"
352_0,1,-6.193883884004101,106.94892615084963,0.03453290455853068,7.822328716624933E-5,0.11701581397248727,7.10627547644736E-5,"{""geodesic"":false,""type"":""Point"",""coordinates"":[106.94892615084963,-6.193883884004101]}"
353_0,1,-6.193883884004101,106.95790930369083,0.03427642460436768,7.41613837804451E-5,0.1170074133801609,6.861014108978144E-5,"{""geodesic"":false,""type"":""Point"",""coordinates"":[106.95790930369083,-6.193883884004101]}"
354_0,1,-6.193883884004101,106.96689245653202,0.03431507444086835,7.43068541037538E-5,0.11701110781198842,6.961165930681027E-5,"{""geodesic"":false,""type"":""Point"",""coordinates"":[106.96689245653202,-6.193883884004101]}"
355_0,1,-6.184900731162906,106.71536417697857,0.03698201545882607,1.2409146866154222E-4,0.11699016988283593,7.192119275542645E-6,"{""geodesic"":false,""type"":""Point"",""coordinates"":[106.71536417697857,-6.184900731162906]}"
356_0,1,-6.184900731162906,106.72434732981975,0.03698975475366313,1.2475835134864046E-4,0.11699622009337905,2.280545396033318E-5,"{""geodesic"":false,""type"":""Point"",""coordinates"":[106.72434732981975,-6.184900731162906]}"
357_0,1,-6.184900731162906,106.73333048266095,0.03679594051001839,1.2702340600020075E-4,0.11695227457262561,1.5545909347659914E-5,"{""geodesic"":false,""type"":""Point"",""coordinates"":[106.73333048266095,-6.184900731162906]}"
358_0,1,-6.184900731162906,106.74231363550214,0.03648341408808043,1.283389134484201E-4,0.11688365372789052,2.332268672942937E-5,"{""geodesic"":false,""type"":""Point"",""coordinates"":[106.74231363550214,-6.184900731162906]}"
359_0,1,-6.184900731162906,106.75129678834334,0.03635911148334045,1.3177375860442826E-4,0.1168774154793887,8.502887026003124E-6,"{""geodesic"":false,""type"":""Point"",""coordinates"":[106.75129678834334,-6.184900731162906]}"
360_0,1,-6.184900731162906,106.76027994118454,0.03648266605196404,1.3657237229918232E-4,0.11688750842904998,2.2955998318418838E-5,"{""geodesic"":false,""type"":""Point"",""coordinates"":[106.76027994118454,-6.184900731162906]}"
361_0,1,-6.184900731162906,106.76926309402573,0.03648266605196404,1.3657237229918232E-4,0.11688750842904998,2.2955998318418838E-5,"{""geodesic"":false,""type"":""Point"",""coordinates"":[106.76926309402573,-6.184900731162906]}"
362_0,1,-6.184900731162906,106.77824624686693,0.03624765892559486,1.4203419507043634E-4,0.11687809615691927,6.797715843036849E-5,"{""geodesic"":false,""type"":""Point"",""coordinates"":[106.77824624686693,-6.184900731162906]}"
363_0,1,-6.184900731162906,106.78722939970812,0.03604078462100123,1.4239187779206927E-4,0.11687886924768043,6.585718485331136E-5,"{""geodesic"":false,""type"":""Point"",""coordinates"":[106.78722939970812,-6.184900731162906]}"
364_0,1,-6.184900731162906,106.79621255254932,0.03576588607645963,1.40367504275897E-4,0.11688392882034611,6.641887064248638E-5,"{""geodesic"":false,""type"":""Point"",""coordinates"":[106.79621255254932,-6.184900731162906]}"
365_0,1,-6.184900731162906,106.80519570539052,0.03580059185147049,1.4212749779894264E-4,0.11688394182124502,7.064078312546553E-5,"{""geodesic"":false,""type"":""Point"",""coordinates"":[106.80519570539052,-6.184900731162906]}"
366_0,1,-6.184900731162906,106.81417885823171,0.035782472140398244,1.408319231276641E-4,0.11688746709047713,5.47042683115556E-5,"{""geodesic"":false,""type"":""Point"",""coordinates"":[106.81417885823171,-6.184900731162906]}"
367_0,1,-6.184900731162906,106.82316201107291,0.03553188597640283,1.3507663903860215E-4,0.11701372073093316,5.129649472369964E-5,"{""geodesic"":false,""type"":""Point"",""coordinates"":[106.82316201107291,-6.184900731162906]}"
368_0,1,-6.184900731162906,106.83214516391409,0.035545717893306995,1.330006507453383E-4,0.11701270130205062,7.690728429043036E-5,"{""geodesic"":false,""type"":""Point"",""coordinates"":[106.83214516391409,-6.184900731162906]}"
369_0,1,-6.184900731162906,106.84112831675529,0.03552158713484023,1.2732662725593557E-4,0.11700866269725314,5.519612255419198E-5,"{""geodesic"":false,""type"":""Point"",""coordinates"":[106.84112831675529,-6.184900731162906]}"
370_0,1,-6.184900731162906,106.85011146959648,0.03550619214869265,1.2392075757532094E-4,0.1170104092143164,5.411062306669605E-5,"{""geodesic"":false,""type"":""Point"",""coordinates"":[106.85011146959648,-6.184900731162906]}"
371_0,1,-6.184900731162906,106.85909462243768,0.03550619214869265,1.2392075757532094E-4,0.1170104092143164,5.411062306669605E-5,"{""geodesic"":false,""type"":""Point"",""coordinates"":[106.85909462243768,-6.184900731162906]}"
372_0,1,-6.184900731162906,106.86807777527888,0.03550408713387145,1.2025034768663433E-4,0.11700270735337183,7.063054120696854E-5,"{""geodesic"":false,""type"":""Point"",""coordinates"":[106.86807777527888,-6.184900731162906]}"
373_0,1,-6.184900731162906,106.87706092812007,0.035485613778680085,1.1245507492770126E-4,0.11699952192804368,5.613687934072016E-5,"{""geodesic"":false,""type"":""Point"",""coordinates"":[106.87706092812007,-6.184900731162906]}"
374_0,1,-6.184900731162906,106.88604408096127,0.03505528190315605,1.0892062102226556E-4,0.11699175002577439,5.4968798631056076E-5,"{""geodesic"":false,""type"":""Point"",""coordinates"":[106.88604408096127,-6.184900731162906]}"
375_0,1,-6.184900731162906,106.89502723380247,0.03505101300478937,1.0162580516153367E-4,0.11699476073643529,3.851703292971298E-5,"{""geodesic"":false,""type"":""Point"",""coordinates"":[106.89502723380247,-6.184900731162906]}"
376_0,1,-6.184900731162906,106.90401038664366,0.035055188502487004,9.628712518528901E-5,0.11700451862457924,4.0714702670622145E-5,"{""geodesic"":false,""type"":""Point"",""coordinates"":[106.90401038664366,-6.184900731162906]}"
377_0,1,-6.184900731162906,106.91299353948486,0.0350490494628949,9.033345957420811E-5,0.11700945454770732,5.559106977638984E-5,"{""geodesic"":false,""type"":""Point"",""coordinates"":[106.91299353948486,-6.184900731162906]}"
378_0,1,-6.184900731162906,106.92197669232606,0.0349037760996104,8.685923363743575E-5,0.11700780568587045,5.521896207284313E-5,"{""geodesic"":false,""type"":""Point"",""coordinates"":[106.92197669232606,-6.184900731162906]}"
379_0,1,-6.184900731162906,106.93095984516725,0.03459299941347909,7.824826781047532E-5,0.11701314108071346,5.3984514748028724E-5,"{""geodesic"":false,""type"":""Point"",""coordinates"":[106.93095984516725,-6.184900731162906]}"
380_0,1,-6.184900731162906,106.93994299800845,0.03459299941347909,7.824826781047532E-5,0.11701314108071346,5.3984514748028724E-5,"{""geodesic"":false,""type"":""Point"",""coordinates"":[106.93994299800845,-6.184900731162906]}"
381_0,1,-6.184900731162906,106.94892615084963,0.03453293647717187,7.823698239929753E-5,0.11701618033100747,5.108006376683008E-5,"{""geodesic"":false,""type"":""Point"",""coordinates"":[106.94892615084963,-6.184900731162906]}"
382_0,1,-6.184900731162906,106.95790930369083,0.03454510224625972,7.45749841389228E-5,0.11699821561494708,5.376221961012392E-5,"{""geodesic"":false,""type"":""Point"",""coordinates"":[106.95790930369083,-6.184900731162906]}"
383_0,1,-6.184900731162906,106.96689245653202,0.03430609207826975,7.050745368950946E-5,0.11700442375548861,5.5390972490424035E-5,"{""geodesic"":false,""type"":""Point"",""coordinates"":[106.96689245653202,-6.184900731162906]}"
384_0,1,-6.175917578321711,106.69739787129618,0.037196452729381636,1.1337152147896907E-4,0.1171226950900171,4.758519104130393E-6,"{""geodesic"":false,""type"":""Point"",""coordinates"":[106.69739787129618,-6.175917578321711]}"
385_0,1,-6.175917578321711,106.70638102413737,0.037211773219252675,1.172230417845777E-4,0.11710800930927126,2.299811268586887E-5,"{""geodesic"":false,""type"":""Point"",""coordinates"":[106.70638102413737,-6.175917578321711]}"
386_0,1,-6.175917578321711,106.71536417697857,0.03702018962908691,1.1921144822188217E-4,0.11711059223560623,2.3088032573493365E-5,"{""geodesic"":false,""type"":""Point"",""coordinates"":[106.71536417697857,-6.175917578321711]}"
387_0,1,-6.175917578321711,106.72434732981975,0.03707294455438992,1.2057783382828106E-4,0.11699820497123434,3.6314816845979744E-5,"{""geodesic"":false,""type"":""Point"",""coordinates"":[106.72434732981975,-6.175917578321711]}"
388_0,1,-6.175917578321711,106.73333048266095,0.03698802929450269,1.259723691607351E-4,0.11701158740380427,2.3498247449680976E-5,"{""geodesic"":false,""type"":""Point"",""coordinates"":[106.73333048266095,-6.175917578321711]}"
389_0,1,-6.175917578321711,106.74231363550214,0.03681235190123999,1.2718902816458424E-4,0.11700365872961845,2.4364003639775018E-5,"{""geodesic"":false,""type"":""Point"",""coordinates"":[106.74231363550214,-6.175917578321711]}"
390_0,1,-6.175917578321711,106.75129678834334,0.03681395481234543,1.288169039134658E-4,0.11687754585379433,2.0525592915122694E-5,"{""geodesic"":false,""type"":""Point"",""coordinates"":[106.75129678834334,-6.175917578321711]}"
391_0,1,-6.175917578321711,106.76027994118454,0.03676428221482302,1.32582023458743E-4,0.11689395590608198,2.5081658709603108E-5,"{""geodesic"":false,""type"":""Point"",""coordinates"":[106.76027994118454,-6.175917578321711]}"
392_0,1,-6.175917578321711,106.76926309402573,0.03676428221482302,1.32582023458743E-4,0.11689395590608198,2.5081658709603108E-5,"{""geodesic"":false,""type"":""Point"",""coordinates"":[106.76926309402573,-6.175917578321711]}"
393_0,1,-6.175917578321711,106.77824624686693,0.036468752856091385,1.3639838116054638E-4,0.11688476637787634,3.5097585330734504E-5,"{""geodesic"":false,""type"":""Point"",""coordinates"":[106.77824624686693,-6.175917578321711]}"
394_0,1,-6.175917578321711,106.78722939970812,0.03624378475752826,1.362604322515424E-4,0.11688102219761921,6.769823606557775E-5,"{""geodesic"":false,""type"":""Point"",""coordinates"":[106.78722939970812,-6.175917578321711]}"
395_0,1,-6.175917578321711,106.79621255254932,0.036022967648294095,1.3548050269822842E-4,0.11689477298913108,6.556712237713038E-5,"{""geodesic"":false,""type"":""Point"",""coordinates"":[106.79621255254932,-6.175917578321711]}"
396_0,1,-6.175917578321711,106.80519570539052,0.03603176378705147,1.3640159787332599E-4,0.1169968319312975,6.806669881160645E-5,"{""geodesic"":false,""type"":""Point"",""coordinates"":[106.80519570539052,-6.175917578321711]}"
397_0,1,-6.175917578321711,106.81417885823171,0.03577017841533497,1.3630194463584299E-4,0.1169986220103514,5.602587445920016E-5,"{""geodesic"":false,""type"":""Point"",""coordinates"":[106.81417885823171,-6.175917578321711]}"
398_0,1,-6.175917578321711,106.82316201107291,0.03576977245627605,1.3179346335567767E-4,0.11701191254718545,5.3607105262787E-5,"{""geodesic"":false,""type"":""Point"",""coordinates"":[106.82316201107291,-6.175917578321711]}"
399_0,1,-6.175917578321711,106.83214516391409,0.0355153804339428,1.3297311363446841E-4,0.11701592297196454,6.910062457444235E-5,"{""geodesic"":false,""type"":""Point"",""coordinates"":[106.83214516391409,-6.175917578321711]}"
400_0,1,-6.175917578321711,106.84112831675529,0.035525757761432235,1.274187737015469E-4,0.11700560222804617,6.961346860478579E-5,"{""geodesic"":false,""type"":""Point"",""coordinates"":[106.84112831675529,-6.175917578321711]}"
401_0,1,-6.175917578321711,106.85011146959648,0.03551080913941857,1.2423970241077936E-4,0.11701298741977634,6.852155700374195E-5,"{""geodesic"":false,""type"":""Point"",""coordinates"":[106.85011146959648,-6.175917578321711]}"
402_0,1,-6.175917578321711,106.85909462243768,0.03551080913941857,1.2423970241077936E-4,0.11701298741977634,6.852155700374195E-5,"{""geodesic"":false,""type"":""Point"",""coordinates"":[106.85909462243768,-6.175917578321711]}"
403_0,1,-6.175917578321711,106.86807777527888,0.03550226858899159,1.2055370431786938E-4,0.11700176386777589,7.093453392590652E-5,"{""geodesic"":false,""type"":""Point"",""coordinates"":[106.86807777527888,-6.175917578321711]}"
404_0,1,-6.175917578321711,106.87706092812007,0.035511592676326115,1.1249863781802183E-4,0.1169990483792395,6.786966376433131E-5,"{""geodesic"":false,""type"":""Point"",""coordinates"":[106.87706092812007,-6.175917578321711]}"
405_0,1,-6.175917578321711,106.88604408096127,0.03533369245683511,1.0453406693880178E-4,0.11699451954274713,5.535196921659064E-5,"{""geodesic"":false,""type"":""Point"",""coordinates"":[106.88604408096127,-6.175917578321711]}"
406_0,1,-6.175917578321711,106.89502723380247,0.035040399884214465,1.0197125623970486E-4,0.11700156315949468,4.72568331370437E-5,"{""geodesic"":false,""type"":""Point"",""coordinates"":[106.89502723380247,-6.175917578321711]}"
407_0,1,-6.175917578321711,106.90401038664366,0.03504572125555059,9.619512332734181E-5,0.11700348843316853,4.115761602245269E-5,"{""geodesic"":false,""type"":""Point"",""coordinates"":[106.90401038664366,-6.175917578321711]}"
408_0,1,-6.175917578321711,106.91299353948486,0.03481660690714699,9.052313431249786E-5,0.11700626531035901,3.945575176397411E-5,"{""geodesic"":false,""type"":""Point"",""coordinates"":[106.91299353948486,-6.175917578321711]}"
409_0,1,-6.175917578321711,106.92197669232606,0.034761694921432454,8.68617420260732E-5,0.11699749891108024,4.088985161053469E-5,"{""geodesic"":false,""type"":""Point"",""coordinates"":[106.92197669232606,-6.175917578321711]}"
410_0,1,-6.175917578321711,106.93095984516725,0.03457207846420544,7.819564035519483E-5,0.11701736765841132,5.274391583641274E-5,"{""geodesic"":false,""type"":""Point"",""coordinates"":[106.93095984516725,-6.175917578321711]}"
411_0,1,-6.175917578321711,106.93994299800845,0.03457207846420544,7.819564035519483E-5,0.11701736765841132,5.274391583641274E-5,"{""geodesic"":false,""type"":""Point"",""coordinates"":[106.93994299800845,-6.175917578321711]}"
412_0,1,-6.175917578321711,106.94892615084963,0.03457233319526476,7.42434342860444E-5,0.11700745442140392,7.110512615229651E-5,"{""geodesic"":false,""type"":""Point"",""coordinates"":[106.94892615084963,-6.175917578321711]}"
413_0,1,-6.175917578321711,106.95790930369083,0.034614916571013184,7.404031502858105E-5,0.11699720307737313,7.077138679571785E-5,"{""geodesic"":false,""type"":""Point"",""coordinates"":[106.95790930369083,-6.175917578321711]}"
414_0,1,-6.175917578321711,106.96689245653202,0.03429455081644805,7.050066689155024E-5,0.11699031929884084,5.229356965784059E-5,"{""geodesic"":false,""type"":""Point"",""coordinates"":[106.96689245653202,-6.175917578321711]}"
415_0,1,-6.166934425480515,106.69739787129618,0.03723056693955777,1.0964680697689194E-4,0.11712260986396014,2.0577763671239953E-5,"{""geodesic"":false,""type"":""Point"",""coordinates"":[106.69739787129618,-6.166934425480515]}"
416_0,1,-6.166934425480515,106.70638102413737,0.037196452729434504,1.1226855031110122E-4,0.11710450929057067,2.1965788431525956E-5,"{""geodesic"":false,""type"":""Point"",""coordinates"":[106.70638102413737,-6.166934425480515]}"
417_0,1,-6.166934425480515,106.71536417697857,0.03699241031899148,1.1331962783157445E-4,0.11712400599234019,2.3189932243298373E-5,"{""geodesic"":false,""type"":""Point"",""coordinates"":[106.71536417697857,-6.166934425480515]}"
418_0,1,-6.166934425480515,106.72434732981975,0.03702791903527205,1.1746992470867569E-4,0.11711240556834636,3.716248906253939E-5,"{""geodesic"":false,""type"":""Point"",""coordinates"":[106.72434732981975,-6.166934425480515]}"
419_0,1,-6.166934425480515,106.73333048266095,0.03677666600448141,1.230373091484124E-4,0.11701355137026383,3.6613608398969696E-5,"{""geodesic"":false,""type"":""Point"",""coordinates"":[106.73333048266095,-6.166934425480515]}"
420_0,1,-6.166934425480515,106.74231363550214,0.03677310839761418,1.2458468330870566E-4,0.11700282318471955,2.2326119002241955E-5,"{""geodesic"":false,""type"":""Point"",""coordinates"":[106.74231363550214,-6.166934425480515]}"
421_0,1,-6.166934425480515,106.75129678834334,0.03676617313403014,1.288212469066459E-4,0.11701173771643088,2.2228121683217906E-5,"{""geodesic"":false,""type"":""Point"",""coordinates"":[106.75129678834334,-6.166934425480515]}"
422_0,1,-6.166934425480515,106.76027994118454,0.03678653347789908,1.3270266893457118E-4,0.11689612517355667,3.5554864992784084E-5,"{""geodesic"":false,""type"":""Point"",""coordinates"":[106.76027994118454,-6.166934425480515]}"
423_0,1,-6.166934425480515,106.76926309402573,0.03678653347789908,1.3270266893457118E-4,0.11689612517355667,3.5554864992784084E-5,"{""geodesic"":false,""type"":""Point"",""coordinates"":[106.76926309402573,-6.166934425480515]}"
424_0,1,-6.166934425480515,106.77824624686693,0.03676891358310793,1.345525746635799E-4,0.11688148005477621,5.2096109893670455E-5,"{""geodesic"":false,""type"":""Point"",""coordinates"":[106.77824624686693,-6.166934425480515]}"
425_0,1,-6.166934425480515,106.78722939970812,0.03627320401858993,1.3281800735079227E-4,0.11699740963373628,5.6615016607691594E-5,"{""geodesic"":false,""type"":""Point"",""coordinates"":[106.78722939970812,-6.166934425480515]}"
426_0,1,-6.166934425480515,106.79621255254932,0.03598300606582949,1.3464224951351947E-4,0.11688228010351072,3.697791246597893E-5,"{""geodesic"":false,""type"":""Point"",""coordinates"":[106.79621255254932,-6.166934425480515]}"
427_0,1,-6.166934425480515,106.80519570539052,0.03625878737621758,1.3488478001868657E-4,0.11700119196695605,3.47668262157798E-5,"{""geodesic"":false,""type"":""Point"",""coordinates"":[106.80519570539052,-6.166934425480515]}"
428_0,1,-6.166934425480515,106.81417885823171,0.03600893400275981,1.306560064666058E-4,0.11699850025649032,3.5466186971570614E-5,"{""geodesic"":false,""type"":""Point"",""coordinates"":[106.81417885823171,-6.166934425480515]}"
429_0,1,-6.166934425480515,106.82316201107291,0.03597190400872724,1.265556948286265E-4,0.11699636726003981,3.845478296920452E-5,"{""geodesic"":false,""type"":""Point"",""coordinates"":[106.82316201107291,-6.166934425480515]}"
430_0,1,-6.166934425480515,106.83214516391409,0.03576699015771505,1.2680303761733973E-4,0.11701126827164055,3.482708969028881E-5,"{""geodesic"":false,""type"":""Point"",""coordinates"":[106.83214516391409,-6.166934425480515]}"
431_0,1,-6.166934425480515,106.84112831675529,0.03551190285880232,1.2477520804958663E-4,0.11699636846283036,3.708981107751001E-5,"{""geodesic"":false,""type"":""Point"",""coordinates"":[106.84112831675529,-6.166934425480515]}"
432_0,1,-6.166934425480515,106.85011146959648,0.035474689944903146,1.25172292473824E-4,0.11699318821606146,5.579783587357539E-5,"{""geodesic"":false,""type"":""Point"",""coordinates"":[106.85011146959648,-6.166934425480515]}"
433_0,1,-6.166934425480515,106.85909462243768,0.035474689944903146,1.25172292473824E-4,0.11699318821606146,5.579783587357539E-5,"{""geodesic"":false,""type"":""Point"",""coordinates"":[106.85909462243768,-6.166934425480515]}"
434_0,1,-6.166934425480515,106.86807777527888,0.03550980788587418,1.2109217980870765E-4,0.11701572030035348,7.008747054175395E-5,"{""geodesic"":false,""type"":""Point"",""coordinates"":[106.86807777527888,-6.166934425480515]}"
435_0,1,-6.166934425480515,106.87706092812007,0.03550625001204787,1.1257296416319074E-4,0.11701493351242186,6.93133273176577E-5,"{""geodesic"":false,""type"":""Point"",""coordinates"":[106.87706092812007,-6.166934425480515]}"
436_0,1,-6.166934425480515,106.88604408096127,0.03501947733698473,1.0373528121269564E-4,0.11701357473878973,3.853608701323827E-5,"{""geodesic"":false,""type"":""Point"",""coordinates"":[106.88604408096127,-6.166934425480515]}"
437_0,1,-6.166934425480515,106.89502723380247,0.035020417026768585,9.791951378045326E-5,0.1170096346687467,3.968340040375437E-5,"{""geodesic"":false,""type"":""Point"",""coordinates"":[106.89502723380247,-6.166934425480515]}"
438_0,1,-6.166934425480515,106.90401038664366,0.035003859150433754,9.058299938227306E-5,0.1170086694481815,3.1615054296033965E-5,"{""geodesic"":false,""type"":""Point"",""coordinates"":[106.90401038664366,-6.166934425480515]}"
439_0,1,-6.166934425480515,106.91299353948486,0.03479720002783976,8.697152738804211E-5,0.11700414265195101,4.077114219855519E-5,"{""geodesic"":false,""type"":""Point"",""coordinates"":[106.91299353948486,-6.166934425480515]}"
440_0,1,-6.166934425480515,106.92197669232606,0.034774003356386515,8.120954277068263E-5,0.11700638023457836,2.3873090005247304E-5,"{""geodesic"":false,""type"":""Point"",""coordinates"":[106.92197669232606,-6.166934425480515]}"
441_0,1,-6.166934425480515,106.93095984516725,0.0345481632749536,7.91847754132526E-5,0.11701260724049563,4.013626326658817E-5,"{""geodesic"":false,""type"":""Point"",""coordinates"":[106.93095984516725,-6.166934425480515]}"
442_0,1,-6.166934425480515,106.93994299800845,0.0345481632749536,7.91847754132526E-5,0.11701260724049563,4.013626326658817E-5,"{""geodesic"":false,""type"":""Point"",""coordinates"":[106.93994299800845,-6.166934425480515]}"
443_0,1,-6.166934425480515,106.94892615084963,0.034318350807034645,7.45117490776419E-5,0.1169937763452022,3.7069550096714335E-5,"{""geodesic"":false,""type"":""Point"",""coordinates"":[106.94892615084963,-6.166934425480515]}"
444_0,1,-6.166934425480515,106.95790930369083,0.0343098091742116,7.078360329755379E-5,0.11699628915245029,5.469777259973396E-5,"{""geodesic"":false,""type"":""Point"",""coordinates"":[106.95790930369083,-6.166934425480515]}"
445_0,1,-6.166934425480515,106.96689245653202,0.03431097246768531,6.773968429891336E-5,0.11698897972443348,5.3647379485373535E-5,"{""geodesic"":false,""type"":""Point"",""coordinates"":[106.96689245653202,-6.166934425480515]}"
446_0,1,-6.15795127263932,106.68841471845498,0.037351618475687756,1.0018025811110152E-4,0.11701015688984238,5.3629369577794316E-5,"{""geodesic"":false,""type"":""Point"",""coordinates"":[106.68841471845498,-6.15795127263932]}"
447_0,1,-6.15795127263932,106.69739787129618,0.03722977748467063,1.0180432037491379E-4,0.11706313643766263,3.806166522681879E-5,"{""geodesic"":false,""type"":""Point"",""coordinates"":[106.69739787129618,-6.15795127263932]}"
448_0,1,-6.15795127263932,106.70638102413737,0.03723977862085121,1.0481111836484341E-4,0.11711856035028467,2.281848586395941E-5,"{""geodesic"":false,""type"":""Point"",""coordinates"":[106.70638102413737,-6.15795127263932]}"
449_0,1,-6.15795127263932,106.71536417697857,0.03718124932961555,1.0965754590879226E-4,0.11711196797317767,2.2009131882998675E-5,"{""geodesic"":false,""type"":""Point"",""coordinates"":[106.71536417697857,-6.15795127263932]}"
450_0,1,-6.15795127263932,106.72434732981975,0.036986519145573424,1.1146963634206709E-4,0.1171235919596567,3.7124541341827856E-5,"{""geodesic"":false,""type"":""Point"",""coordinates"":[106.72434732981975,-6.15795127263932]}"
451_0,1,-6.15795127263932,106.73333048266095,0.03679164499206858,1.1584408396784762E-4,0.11712740553441126,3.7456904944261245E-5,"{""geodesic"":false,""type"":""Point"",""coordinates"":[106.73333048266095,-6.15795127263932]}"
452_0,1,-6.15795127263932,106.74231363550214,0.03679855787603362,1.2078249083823934E-4,0.11701547173029965,2.1937126405619313E-5,"{""geodesic"":false,""type"":""Point"",""coordinates"":[106.74231363550214,-6.15795127263932]}"
453_0,1,-6.15795127263932,106.75129678834334,0.03679519678844484,1.2480414709181096E-4,0.1170021297014436,3.7474924570319476E-5,"{""geodesic"":false,""type"":""Point"",""coordinates"":[106.75129678834334,-6.15795127263932]}"
454_0,1,-6.15795127263932,106.76027994118454,0.03677752472995342,1.2894020181822071E-4,0.11699785033043389,3.661986226962873E-5,"{""geodesic"":false,""type"":""Point"",""coordinates"":[106.76027994118454,-6.15795127263932]}"
455_0,1,-6.15795127263932,106.76926309402573,0.03677752472995342,1.2894020181822071E-4,0.11699785033043389,3.661986226962873E-5,"{""geodesic"":false,""type"":""Point"",""coordinates"":[106.76926309402573,-6.15795127263932]}"
456_0,1,-6.15795127263932,106.77824624686693,0.036498303146091864,1.306887548983399E-4,0.11701323741881776,3.7919896118357775E-5,"{""geodesic"":false,""type"":""Point"",""coordinates"":[106.77824624686693,-6.15795127263932]}"
457_0,1,-6.15795127263932,106.78722939970812,0.036362800956206434,1.305747006549875E-4,0.1169984807850947,3.393162154425662E-5,"{""geodesic"":false,""type"":""Point"",""coordinates"":[106.78722939970812,-6.15795127263932]}"
458_0,1,-6.15795127263932,106.79621255254932,0.03625053461062805,1.3065089384944892E-4,0.11688733839020878,2.1909393625831718E-5,"{""geodesic"":false,""type"":""Point"",""coordinates"":[106.79621255254932,-6.15795127263932]}"
459_0,1,-6.15795127263932,106.80519570539052,0.03622935210058015,1.2878627237210475E-4,0.11700163683046483,2.3973209925977225E-5,"{""geodesic"":false,""type"":""Point"",""coordinates"":[106.80519570539052,-6.15795127263932]}"
460_0,1,-6.15795127263932,106.81417885823171,0.03598659974271269,1.2257281766866598E-4,0.11700356773104074,2.2842869092225628E-5,"{""geodesic"":false,""type"":""Point"",""coordinates"":[106.81417885823171,-6.15795127263932]}"
461_0,1,-6.15795127263932,106.82316201107291,0.03574954521520375,1.2171571059308113E-4,0.11700444653761607,3.853472431437936E-5,"{""geodesic"":false,""type"":""Point"",""coordinates"":[106.82316201107291,-6.15795127263932]}"
462_0,1,-6.15795127263932,106.83214516391409,0.035775308450182085,1.2311244551358E-4,0.11699647680991077,3.852906794259524E-5,"{""geodesic"":false,""type"":""Point"",""coordinates"":[106.83214516391409,-6.15795127263932]}"
463_0,1,-6.15795127263932,106.84112831675529,0.03576414959789996,1.2109717396907937E-4,0.11699481914313407,3.860387347026881E-5,"{""geodesic"":false,""type"":""Point"",""coordinates"":[106.84112831675529,-6.15795127263932]}"
464_0,1,-6.15795127263932,106.85011146959648,0.03575092231030755,1.232158688718889E-4,0.11700292089744845,5.661308669625864E-5,"{""geodesic"":false,""type"":""Point"",""coordinates"":[106.85011146959648,-6.15795127263932]}"
465_0,1,-6.15795127263932,106.85909462243768,0.03575092231030755,1.232158688718889E-4,0.11700292089744845,5.661308669625864E-5,"{""geodesic"":false,""type"":""Point"",""coordinates"":[106.85909462243768,-6.15795127263932]}"
466_0,1,-6.15795127263932,106.86807777527888,0.035601668045233445,1.1758985737221272E-4,0.1170133949194854,5.719480872330943E-5,"{""geodesic"":false,""type"":""Point"",""coordinates"":[106.86807777527888,-6.15795127263932]}"
467_0,1,-6.15795127263932,106.87706092812007,0.035766862610065016,1.1145808248770536E-4,0.11701359725117706,5.2692345206735725E-5,"{""geodesic"":false,""type"":""Point"",""coordinates"":[106.87706092812007,-6.15795127263932]}"
468_0,1,-6.15795127263932,106.88604408096127,0.035313637306350065,1.0595361505512607E-4,0.11707638958314846,6.1033315984254594E-5,"{""geodesic"":false,""type"":""Point"",""coordinates"":[106.88604408096127,-6.15795127263932]}"
469_0,1,-6.15795127263932,106.89502723380247,0.03528323963923794,9.648145786926625E-5,0.11707433212409626,2.124569770815508E-5,"{""geodesic"":false,""type"":""Point"",""coordinates"":[106.89502723380247,-6.15795127263932]}"
470_0,1,-6.15795127263932,106.90401038664366,0.03498987189044423,9.04689897555902E-5,0.1170090782785405,3.934311873860918E-5,"{""geodesic"":false,""type"":""Point"",""coordinates"":[106.90401038664366,-6.15795127263932]}"
471_0,1,-6.15795127263932,106.91299353948486,0.03498975240764155,8.487983449197956E-5,0.11700219464156716,3.960135258654963E-5,"{""geodesic"":false,""type"":""Point"",""coordinates"":[106.91299353948486,-6.15795127263932]}"
472_0,1,-6.15795127263932,106.92197669232606,0.0347927631607313,7.923849041057821E-5,0.11700661462495907,3.8575118007234405E-5,"{""geodesic"":false,""type"":""Point"",""coordinates"":[106.92197669232606,-6.15795127263932]}"
473_0,1,-6.15795127263932,106.93095984516725,0.03452749226215957,7.53897357662446E-5,0.11701144167511963,4.5341972604929915E-5,"{""geodesic"":false,""type"":""Point"",""coordinates"":[106.93095984516725,-6.15795127263932]}"
474_0,1,-6.15795127263932,106.93994299800845,0.03452749226215957,7.53897357662446E-5,0.11701144167511963,4.5341972604929915E-5,"{""geodesic"":false,""type"":""Point"",""coordinates"":[106.93994299800845,-6.15795127263932]}"
475_0,1,-6.15795127263932,106.94892615084963,0.03456298793341266,7.142528520778895E-5,0.1170041137138857,4.0525636910839765E-5,"{""geodesic"":false,""type"":""Point"",""coordinates"":[106.94892615084963,-6.15795127263932]}"
476_0,1,-6.15795127263932,106.95790930369083,0.03429899028515266,6.787298565865732E-5,0.11700123500189241,5.231739502382027E-5,"{""geodesic"":false,""type"":""Point"",""coordinates"":[106.95790930369083,-6.15795127263932]}"
477_0,1,-6.15795127263932,106.96689245653202,0.03401590888098532,6.586835427017919E-5,0.11699831517399811,3.801309126008554E-5,"{""geodesic"":false,""type"":""Point"",""coordinates"":[106.96689245653202,-6.15795127263932]}"
478_0,1,-6.148968119798125,106.68841471845498,0.036946018676579616,9.443272918674722E-5,0.11700345363508831,3.518722452113174E-5,"{""geodesic"":false,""type"":""Point"",""coordinates"":[106.68841471845498,-6.148968119798125]}"
479_0,1,-6.148968119798125,106.69739787129618,0.03724370434888725,9.646031522228147E-5,0.11701389588687401,3.045086955182545E-5,"{""geodesic"":false,""type"":""Point"",""coordinates"":[106.69739787129618,-6.148968119798125]}"
480_0,1,-6.148968119798125,106.70638102413737,0.0372087530647317,1.004088188307686E-4,0.11711695300594134,2.2824425437037084E-5,"{""geodesic"":false,""type"":""Point"",""coordinates"":[106.70638102413737,-6.148968119798125]}"
481_0,1,-6.148968119798125,106.71536417697857,0.037204998515687086,1.0201115306784415E-4,0.11711411588881644,2.2959640358063736E-5,"{""geodesic"":false,""type"":""Point"",""coordinates"":[106.71536417697857,-6.148968119798125]}"
482_0,1,-6.148968119798125,106.72434732981975,0.03702871647231672,1.0388345773875877E-4,0.1171162350914321,3.6040684158913266E-5,"{""geodesic"":false,""type"":""Point"",""coordinates"":[106.72434732981975,-6.148968119798125]}"
483_0,1,-6.148968119798125,106.73333048266095,0.03701206252020506,1.0796210595936512E-4,0.11713808856513744,3.683505973844247E-5,"{""geodesic"":false,""type"":""Point"",""coordinates"":[106.73333048266095,-6.148968119798125]}"
484_0,1,-6.148968119798125,106.74231363550214,0.03699376823540388,1.1334397655370044E-4,0.11713136655145882,2.3185169114628553E-5,"{""geodesic"":false,""type"":""Point"",""coordinates"":[106.74231363550214,-6.148968119798125]}"
485_0,1,-6.148968119798125,106.75129678834334,0.03698052359894818,1.170620364947806E-4,0.1170060200959139,3.676001865504674E-5,"{""geodesic"":false,""type"":""Point"",""coordinates"":[106.75129678834334,-6.148968119798125]}"
486_0,1,-6.148968119798125,106.76027994118454,0.03676499711290501,1.2106799919061862E-4,0.11699887169993438,3.576279436582363E-5,"{""geodesic"":false,""type"":""Point"",""coordinates"":[106.76027994118454,-6.148968119798125]}"
487_0,1,-6.148968119798125,106.76926309402573,0.03676499711290501,1.2106799919061862E-4,0.11699887169993438,3.576279436582363E-5,"{""geodesic"":false,""type"":""Point"",""coordinates"":[106.76926309402573,-6.148968119798125]}"
488_0,1,-6.148968119798125,106.77824624686693,0.03673467414518518,1.2314493825515857E-4,0.11699069747053567,3.6316132512066366E-5,"{""geodesic"":false,""type"":""Point"",""coordinates"":[106.77824624686693,-6.148968119798125]}"
489_0,1,-6.148968119798125,106.78722939970812,0.03660398729519562,1.249256820181289E-4,0.11700813115734099,3.702265757809706E-5,"{""geodesic"":false,""type"":""Point"",""coordinates"":[106.78722939970812,-6.148968119798125]}"
490_0,1,-6.148968119798125,106.79621255254932,0.036452178797123216,1.2265135762100149E-4,0.11699833853054087,2.185011872509199E-5,"{""geodesic"":false,""type"":""Point"",""coordinates"":[106.79621255254932,-6.148968119798125]}"
491_0,1,-6.148968119798125,106.80519570539052,0.036291956561252905,1.2117264522138089E-4,0.11699997268010918,2.2850316103930415E-5,"{""geodesic"":false,""type"":""Point"",""coordinates"":[106.80519570539052,-6.148968119798125]}"
492_0,1,-6.148968119798125,106.81417885823171,0.036285958774568375,1.2107178589186354E-4,0.11701300106437107,9.658713144316198E-6,"{""geodesic"":false,""type"":""Point"",""coordinates"":[106.81417885823171,-6.148968119798125]}"
493_0,1,-6.148968119798125,106.82316201107291,0.03575783579162377,1.1919218087482199E-4,0.11701698084296593,2.298788522591859E-5,"{""geodesic"":false,""type"":""Point"",""coordinates"":[106.82316201107291,-6.148968119798125]}"
494_0,1,-6.148968119798125,106.83214516391409,0.03585891721321911,1.1921495049494556E-4,0.11699326917897851,3.830883256428787E-5,"{""geodesic"":false,""type"":""Point"",""coordinates"":[106.83214516391409,-6.148968119798125]}"
495_0,1,-6.148968119798125,106.84112831675529,0.0357596838740535,1.1906506831533397E-4,0.11699719045425365,3.8140441813064436E-5,"{""geodesic"":false,""type"":""Point"",""coordinates"":[106.84112831675529,-6.148968119798125]}"
496_0,1,-6.148968119798125,106.85011146959648,0.03575484792984002,1.1716624739047781E-4,0.11701068158909357,5.503472325393377E-5,"{""geodesic"":false,""type"":""Point"",""coordinates"":[106.85011146959648,-6.148968119798125]}"
497_0,1,-6.148968119798125,106.85909462243768,0.03575484792984002,1.1716624739047781E-4,0.11701068158909357,5.503472325393377E-5,"{""geodesic"":false,""type"":""Point"",""coordinates"":[106.85909462243768,-6.148968119798125]}"
498_0,1,-6.148968119798125,106.86807777527888,0.03551431029190899,1.1325137120147002E-4,0.11700659813099556,5.620222377443595E-5,"{""geodesic"":false,""type"":""Point"",""coordinates"":[106.86807777527888,-6.148968119798125]}"
499_0,1,-6.148968119798125,106.87706092812007,0.03552148257036141,1.0883060791420267E-4,0.11700403606980614,5.555155002128669E-5,"{""geodesic"":false,""type"":""Point"",""coordinates"":[106.87706092812007,-6.148968119798125]}"
500_0,1,-6.148968119798125,106.88604408096127,0.03529444469617675,1.0409175712583958E-4,0.11700444812819347,5.6157924322152426E-5,"{""geodesic"":false,""type"":""Point"",""coordinates"":[106.88604408096127,-6.148968119798125]}"
501_0,1,-6.148968119798125,106.89502723380247,0.03551087844906641,9.450632043688917E-5,0.11700788398869759,3.7306735388721115E-5,"{""geodesic"":false,""type"":""Point"",""coordinates"":[106.89502723380247,-6.148968119798125]}"
502_0,1,-6.148968119798125,106.90401038664366,0.03499884112826881,8.861903916100674E-5,0.11700822629638784,3.9495725247108585E-5,"{""geodesic"":false,""type"":""Point"",""coordinates"":[106.90401038664366,-6.148968119798125]}"
503_0,1,-6.148968119798125,106.91299353948486,0.03501195152095969,8.471185467595113E-5,0.11701178384663413,5.170326456693677E-5,"{""geodesic"":false,""type"":""Point"",""coordinates"":[106.91299353948486,-6.148968119798125]}"
504_0,1,-6.148968119798125,106.92197669232606,0.034514003657773705,7.935120847220129E-5,0.11701061802652397,5.2847224377522575E-5,"{""geodesic"":false,""type"":""Point"",""coordinates"":[106.92197669232606,-6.148968119798125]}"
505_0,1,-6.148968119798125,106.93095984516725,0.034546490692788104,7.325756426554197E-5,0.11700658385048107,5.2613824943013334E-5,"{""geodesic"":false,""type"":""Point"",""coordinates"":[106.93095984516725,-6.148968119798125]}"
506_0,1,-6.148968119798125,106.93994299800845,0.034546490692788104,7.325756426554197E-5,0.11700658385048107,5.2613824943013334E-5,"{""geodesic"":false,""type"":""Point"",""coordinates"":[106.93994299800845,-6.148968119798125]}"
507_0,1,-6.148968119798125,106.94892615084963,0.03455560867146391,6.977088044305008E-5,0.11700717157366566,5.2172593868877734E-5,"{""geodesic"":false,""type"":""Point"",""coordinates"":[106.94892615084963,-6.148968119798125]}"
508_0,1,-6.148968119798125,106.95790930369083,0.03452916589290401,6.788836579735634E-5,0.11700450042370658,4.5384545317933046E-5,"{""geodesic"":false,""type"":""Point"",""coordinates"":[106.95790930369083,-6.148968119798125]}"
509_0,1,-6.148968119798125,106.96689245653202,0.034326130049942644,6.391196798725816E-5,0.11701698876493187,4.6194223725228256E-5,"{""geodesic"":false,""type"":""Point"",""coordinates"":[106.96689245653202,-6.148968119798125]}"
510_0,1,-6.13998496695693,106.69739787129618,0.0369736460952045,9.162734223963837E-5,0.11707256734961233,2.0768741626548264E-5,"{""geodesic"":false,""type"":""Point"",""coordinates"":[106.69739787129618,-6.13998496695693]}"
511_0,1,-6.13998496695693,106.70638102413737,0.037244605235114414,9.429206700936825E-5,0.11710612222983878,8.99723377356605E-6,"{""geodesic"":false,""type"":""Point"",""coordinates"":[106.70638102413737,-6.13998496695693]}"
512_0,1,-6.13998496695693,106.71536417697857,0.03726386256884225,9.437093239499992E-5,0.11712823134392286,2.208932148460287E-5,"{""geodesic"":false,""type"":""Point"",""coordinates"":[106.71536417697857,-6.13998496695693]}"
513_0,1,-6.13998496695693,106.72434732981975,0.03709194561868241,9.831599995632499E-5,0.1171275657245865,2.2611193162909768E-5,"{""geodesic"":false,""type"":""Point"",""coordinates"":[106.72434732981975,-6.13998496695693]}"
514_0,1,-6.13998496695693,106.73333048266095,0.03721121553743103,1.0207626581498534E-4,0.11712089786210193,3.696642851220445E-5,"{""geodesic"":false,""type"":""Point"",""coordinates"":[106.73333048266095,-6.13998496695693]}"
515_0,1,-6.13998496695693,106.74231363550214,0.037006638176612004,1.0567697223985864E-4,0.11712682159157671,3.53116490302779E-5,"{""geodesic"":false,""type"":""Point"",""coordinates"":[106.74231363550214,-6.13998496695693]}"
516_0,1,-6.13998496695693,106.75129678834334,0.03700296021067588,1.0975736026962036E-4,0.1169996551664967,3.6616256879079914E-5,"{""geodesic"":false,""type"":""Point"",""coordinates"":[106.75129678834334,-6.13998496695693]}"
517_0,1,-6.13998496695693,106.76027994118454,0.036971163361429506,1.1185026010174741E-4,0.11700202201592223,2.0510763404010984E-5,"{""geodesic"":false,""type"":""Point"",""coordinates"":[106.76027994118454,-6.13998496695693]}"
518_0,1,-6.13998496695693,106.76926309402573,0.036971163361429506,1.1185026010174741E-4,0.11700202201592223,2.0510763404010984E-5,"{""geodesic"":false,""type"":""Point"",""coordinates"":[106.76926309402573,-6.13998496695693]}"
519_0,1,-6.13998496695693,106.77824624686693,0.03697666768796863,1.1348774784771171E-4,0.11699080261009247,3.677049540156875E-5,"{""geodesic"":false,""type"":""Point"",""coordinates"":[106.77824624686693,-6.13998496695693]}"
520_0,1,-6.13998496695693,106.78722939970812,0.036758273027499844,1.1532955377021682E-4,0.11700567689689656,3.706658320775628E-5,"{""geodesic"":false,""type"":""Point"",""coordinates"":[106.78722939970812,-6.13998496695693]}"
521_0,1,-6.13998496695693,106.79621255254932,0.03673907604746536,1.137902770333051E-4,0.11698905488405688,3.894056574214323E-5,"{""geodesic"":false,""type"":""Point"",""coordinates"":[106.79621255254932,-6.13998496695693]}"
522_0,1,-6.13998496695693,106.80519570539052,0.036462483566375506,1.1138030551113528E-4,0.11700208043504871,3.7277299096811326E-5,"{""geodesic"":false,""type"":""Point"",""coordinates"":[106.80519570539052,-6.13998496695693]}"
523_0,1,-6.13998496695693,106.81417885823171,0.036284679336185635,1.1134925304389138E-4,0.11700854489648715,3.765832609256957E-5,"{""geodesic"":false,""type"":""Point"",""coordinates"":[106.81417885823171,-6.13998496695693]}"
524_0,1,-6.13998496695693,106.82316201107291,0.036248708042684964,1.1141423635691196E-4,0.1169965730088584,2.2952207679885865E-5,"{""geodesic"":false,""type"":""Point"",""coordinates"":[106.82316201107291,-6.13998496695693]}"
525_0,1,-6.13998496695693,106.83214516391409,0.03599439939856478,1.1122436789180729E-4,0.11698907116332065,2.2057445312099396E-5,"{""geodesic"":false,""type"":""Point"",""coordinates"":[106.83214516391409,-6.13998496695693]}"
526_0,1,-6.13998496695693,106.84112831675529,0.03550917908755846,1.1134022105477354E-4,0.11699479489050107,3.815259527855286E-5,"{""geodesic"":false,""type"":""Point"",""coordinates"":[106.84112831675529,-6.13998496695693]}"
527_0,1,-6.13998496695693,106.85011146959648,0.03565124677142212,1.1152497073148762E-4,0.1170036268220892,4.532706129926783E-5,"{""geodesic"":false,""type"":""Point"",""coordinates"":[106.85011146959648,-6.13998496695693]}"
528_0,1,-6.13998496695693,106.85909462243768,0.03565124677142212,1.1152497073148762E-4,0.1170036268220892,4.532706129926783E-5,"{""geodesic"":false,""type"":""Point"",""coordinates"":[106.85909462243768,-6.13998496695693]}"
529_0,1,-6.13998496695693,106.86807777527888,0.0355591112402407,1.0798967261128053E-4,0.1170110145604304,5.495208800873825E-5,"{""geodesic"":false,""type"":""Point"",""coordinates"":[106.86807777527888,-6.13998496695693]}"
530_0,1,-6.13998496695693,106.87706092812007,0.035538785022927254,1.0571586463717668E-4,0.11701098401435603,6.914838327419494E-5,"{""geodesic"":false,""type"":""Point"",""coordinates"":[106.87706092812007,-6.13998496695693]}"
531_0,1,-6.13998496695693,106.88604408096127,0.03530695995351672,9.966296981378123E-5,0.11713671685346863,5.4350149396457864E-5,"{""geodesic"":false,""type"":""Point"",""coordinates"":[106.88604408096127,-6.13998496695693]}"
532_0,1,-6.13998496695693,106.89502723380247,0.03500263849839951,9.22707277400056E-5,0.11713373617031989,6.221683715786671E-5,"{""geodesic"":false,""type"":""Point"",""coordinates"":[106.89502723380247,-6.13998496695693]}"
533_0,1,-6.13998496695693,106.90401038664366,0.03500291705134092,8.588412446326453E-5,0.1169983924055246,5.453643827087812E-5,"{""geodesic"":false,""type"":""Point"",""coordinates"":[106.90401038664366,-6.13998496695693]}"
534_0,1,-6.13998496695693,106.91299353948486,0.034918212947888605,8.100840263961706E-5,0.11700057309951552,5.1938432523212236E-5,"{""geodesic"":false,""type"":""Point"",""coordinates"":[106.91299353948486,-6.13998496695693]}"
535_0,1,-6.13998496695693,106.92197669232606,0.034790800114592874,7.921796915790223E-5,0.11699807021476138,5.4139876882568426E-5,"{""geodesic"":false,""type"":""Point"",""coordinates"":[106.92197669232606,-6.13998496695693]}"
536_0,1,-6.13998496695693,106.93095984516725,0.034540206022023595,7.325891729569747E-5,0.11701299069717382,5.304912668142365E-5,"{""geodesic"":false,""type"":""Point"",""coordinates"":[106.93095984516725,-6.13998496695693]}"
537_0,1,-6.13998496695693,106.93994299800845,0.034540206022023595,7.325891729569747E-5,0.11701299069717382,5.304912668142365E-5,"{""geodesic"":false,""type"":""Point"",""coordinates"":[106.93994299800845,-6.13998496695693]}"
538_0,1,-6.13998496695693,106.94892615084963,0.03454735156874172,6.951454991885538E-5,0.11700777609028472,3.22136353171866E-5,"{""geodesic"":false,""type"":""Point"",""coordinates"":[106.94892615084963,-6.13998496695693]}"
539_0,1,-6.13998496695693,106.95790930369083,0.03432027327301373,6.591042465205092E-5,0.11700491260723214,3.2852707658351795E-5,"{""geodesic"":false,""type"":""Point"",""coordinates"":[106.95790930369083,-6.13998496695693]}"
540_0,1,-6.13998496695693,106.96689245653202,0.03431770927818623,6.397955349532572E-5,0.11700445151261324,4.126558106230039E-5,"{""geodesic"":false,""type"":""Point"",""coordinates"":[106.96689245653202,-6.13998496695693]}"
541_0,1,-6.131001814115734,106.68841471845498,0.03695488721126777,9.056745135260959E-5,0.11712767171735343,2.1151665902497465E-5,"{""geodesic"":false,""type"":""Point"",""coordinates"":[106.68841471845498,-6.131001814115734]}"
542_0,1,-6.131001814115734,106.69739787129618,0.0369736460952045,9.162734223963837E-5,0.11707256734961233,2.0768741626548264E-5,"{""geodesic"":false,""type"":""Point"",""coordinates"":[106.69739787129618,-6.131001814115734]}"
543_0,1,-6.131001814115734,106.70638102413737,0.037244605235114414,9.429206700936825E-5,0.11710612222983878,8.99723377356605E-6,"{""geodesic"":false,""type"":""Point"",""coordinates"":[106.70638102413737,-6.131001814115734]}"
544_0,1,-6.131001814115734,106.71536417697857,0.03726386256884225,9.437093239499992E-5,0.11712823134392286,2.208932148460287E-5,"{""geodesic"":false,""type"":""Point"",""coordinates"":[106.71536417697857,-6.131001814115734]}"
545_0,1,-6.131001814115734,106.72434732981975,0.03709194561868241,9.831599995632499E-5,0.1171275657245865,2.2611193162909768E-5,"{""geodesic"":false,""type"":""Point"",""coordinates"":[106.72434732981975,-6.131001814115734]}"
546_0,1,-6.131001814115734,106.73333048266095,0.03721121553743103,1.0207626581498534E-4,0.11712089786210193,3.696642851220445E-5,"{""geodesic"":false,""type"":""Point"",""coordinates"":[106.73333048266095,-6.131001814115734]}"
547_0,1,-6.131001814115734,106.74231363550214,0.037006638176612004,1.0567697223985864E-4,0.11712682159157671,3.53116490302779E-5,"{""geodesic"":false,""type"":""Point"",""coordinates"":[106.74231363550214,-6.131001814115734]}"
548_0,1,-6.131001814115734,106.75129678834334,0.03700296021067588,1.0975736026962036E-4,0.1169996551664967,3.6616256879079914E-5,"{""geodesic"":false,""type"":""Point"",""coordinates"":[106.75129678834334,-6.131001814115734]}"
549_0,1,-6.131001814115734,106.76027994118454,0.036971163361429506,1.1185026010174741E-4,0.11700202201592223,2.0510763404010984E-5,"{""geodesic"":false,""type"":""Point"",""coordinates"":[106.76027994118454,-6.131001814115734]}"
550_0,1,-6.131001814115734,106.76926309402573,0.036971163361429506,1.1185026010174741E-4,0.11700202201592223,2.0510763404010984E-5,"{""geodesic"":false,""type"":""Point"",""coordinates"":[106.76926309402573,-6.131001814115734]}"
551_0,1,-6.131001814115734,106.77824624686693,0.03697666768796863,1.1348774784771171E-4,0.11699080261009247,3.677049540156875E-5,"{""geodesic"":false,""type"":""Point"",""coordinates"":[106.77824624686693,-6.131001814115734]}"
552_0,1,-6.131001814115734,106.78722939970812,0.036758273027499844,1.1532955377021682E-4,0.11700567689689656,3.706658320775628E-5,"{""geodesic"":false,""type"":""Point"",""coordinates"":[106.78722939970812,-6.131001814115734]}"
553_0,1,-6.131001814115734,106.79621255254932,0.03673907604746536,1.137902770333051E-4,0.11698905488405688,3.894056574214323E-5,"{""geodesic"":false,""type"":""Point"",""coordinates"":[106.79621255254932,-6.131001814115734]}"
554_0,1,-6.131001814115734,106.80519570539052,0.036462483566375506,1.1138030551113528E-4,0.11700208043504871,3.7277299096811326E-5,"{""geodesic"":false,""type"":""Point"",""coordinates"":[106.80519570539052,-6.131001814115734]}"
555_0,1,-6.131001814115734,106.81417885823171,0.036284679336185635,1.1134925304389138E-4,0.11700854489648715,3.765832609256957E-5,"{""geodesic"":false,""type"":""Point"",""coordinates"":[106.81417885823171,-6.131001814115734]}"
556_0,1,-6.131001814115734,106.82316201107291,0.036248708042684964,1.1141423635691196E-4,0.1169965730088584,2.2952207679885865E-5,"{""geodesic"":false,""type"":""Point"",""coordinates"":[106.82316201107291,-6.131001814115734]}"
557_0,1,-6.131001814115734,106.83214516391409,0.03599439939856478,1.1122436789180729E-4,0.11698907116332065,2.2057445312099396E-5,"{""geodesic"":false,""type"":""Point"",""coordinates"":[106.83214516391409,-6.131001814115734]}"
558_0,1,-6.131001814115734,106.84112831675529,0.03550917908755846,1.1134022105477354E-4,0.11699479489050107,3.815259527855286E-5,"{""geodesic"":false,""type"":""Point"",""coordinates"":[106.84112831675529,-6.131001814115734]}"
559_0,1,-6.131001814115734,106.85011146959648,0.03565124677142212,1.1152497073148762E-4,0.1170036268220892,4.532706129926783E-5,"{""geodesic"":false,""type"":""Point"",""coordinates"":[106.85011146959648,-6.131001814115734]}"
560_0,1,-6.131001814115734,106.85909462243768,0.03565124677142212,1.1152497073148762E-4,0.1170036268220892,4.532706129926783E-5,"{""geodesic"":false,""type"":""Point"",""coordinates"":[106.85909462243768,-6.131001814115734]}"
561_0,1,-6.131001814115734,106.86807777527888,0.0355591112402407,1.0798967261128053E-4,0.1170110145604304,5.495208800873825E-5,"{""geodesic"":false,""type"":""Point"",""coordinates"":[106.86807777527888,-6.131001814115734]}"
562_0,1,-6.131001814115734,106.87706092812007,0.035538785022927254,1.0571586463717668E-4,0.11701098401435603,6.914838327419494E-5,"{""geodesic"":false,""type"":""Point"",""coordinates"":[106.87706092812007,-6.131001814115734]}"
563_0,1,-6.131001814115734,106.88604408096127,0.03530695995351672,9.966296981378123E-5,0.11713671685346863,5.4350149396457864E-5,"{""geodesic"":false,""type"":""Point"",""coordinates"":[106.88604408096127,-6.131001814115734]}"
564_0,1,-6.131001814115734,106.89502723380247,0.03500263849839951,9.22707277400056E-5,0.11713373617031989,6.221683715786671E-5,"{""geodesic"":false,""type"":""Point"",""coordinates"":[106.89502723380247,-6.131001814115734]}"
565_0,1,-6.131001814115734,106.90401038664366,0.03500291705134092,8.588412446326453E-5,0.1169983924055246,5.453643827087812E-5,"{""geodesic"":false,""type"":""Point"",""coordinates"":[106.90401038664366,-6.131001814115734]}"
566_0,1,-6.131001814115734,106.91299353948486,0.034918212947888605,8.100840263961706E-5,0.11700057309951552,5.1938432523212236E-5,"{""geodesic"":false,""type"":""Point"",""coordinates"":[106.91299353948486,-6.131001814115734]}"
567_0,1,-6.131001814115734,106.92197669232606,0.034790800114592874,7.921796915790223E-5,0.11699807021476138,5.4139876882568426E-5,"{""geodesic"":false,""type"":""Point"",""coordinates"":[106.92197669232606,-6.131001814115734]}"
568_0,1,-6.131001814115734,106.93095984516725,0.034540206022023595,7.325891729569747E-5,0.11701299069717382,5.304912668142365E-5,"{""geodesic"":false,""type"":""Point"",""coordinates"":[106.93095984516725,-6.131001814115734]}"
569_0,1,-6.131001814115734,106.93994299800845,0.034540206022023595,7.325891729569747E-5,0.11701299069717382,5.304912668142365E-5,"{""geodesic"":false,""type"":""Point"",""coordinates"":[106.93994299800845,-6.131001814115734]}"
570_0,1,-6.131001814115734,106.94892615084963,0.03454735156874172,6.951454991885538E-5,0.11700777609028472,3.22136353171866E-5,"{""geodesic"":false,""type"":""Point"",""coordinates"":[106.94892615084963,-6.131001814115734]}"
571_0,1,-6.131001814115734,106.95790930369083,0.03432027327301373,6.591042465205092E-5,0.11700491260723214,3.2852707658351795E-5,"{""geodesic"":false,""type"":""Point"",""coordinates"":[106.95790930369083,-6.131001814115734]}"
572_0,1,-6.131001814115734,106.96689245653202,0.03431770927818623,6.397955349532572E-5,0.11700445151261324,4.126558106230039E-5,"{""geodesic"":false,""type"":""Point"",""coordinates"":[106.96689245653202,-6.131001814115734]}"
573_0,1,-6.122018661274539,106.68841471845498,0.03671494374486067,8.482320069046671E-5,0.11701806129313984,2.136598811896404E-5,"{""geodesic"":false,""type"":""Point"",""coordinates"":[106.68841471845498,-6.122018661274539]}"
574_0,1,-6.122018661274539,106.69739787129618,0.036975521432633184,8.71538128838486E-5,0.11701661130042161,2.2581284041170114E-5,"{""geodesic"":false,""type"":""Point"",""coordinates"":[106.69739787129618,-6.122018661274539]}"
575_0,1,-6.122018661274539,106.70638102413737,0.036990135954055085,8.860796773009631E-5,0.11701282399881024,2.2126417328803034E-5,"{""geodesic"":false,""type"":""Point"",""coordinates"":[106.70638102413737,-6.122018661274539]}"
576_0,1,-6.122018661274539,106.71536417697857,0.03694695451679812,9.070208529195118E-5,0.1171190368871198,2.2658024965063873E-5,"{""geodesic"":false,""type"":""Point"",""coordinates"":[106.71536417697857,-6.122018661274539]}"
577_0,1,-6.122018661274539,106.72434732981975,0.036941297767290826,9.25292559331229E-5,0.11711944266730072,2.174783843364314E-5,"{""geodesic"":false,""type"":""Point"",""coordinates"":[106.72434732981975,-6.122018661274539]}"
578_0,1,-6.122018661274539,106.73333048266095,0.03693076840153827,9.633086616591171E-5,0.11711882880417605,3.760829122524688E-5,"{""geodesic"":false,""type"":""Point"",""coordinates"":[106.73333048266095,-6.122018661274539]}"
579_0,1,-6.122018661274539,106.74231363550214,0.03674325684418863,9.838866775071294E-5,0.11706605960491187,5.2845818322518966E-5,"{""geodesic"":false,""type"":""Point"",""coordinates"":[106.74231363550214,-6.122018661274539]}"
580_0,1,-6.122018661274539,106.75129678834334,0.036760041509607676,1.0210086121088887E-4,0.117006928700158,5.152054539492584E-5,"{""geodesic"":false,""type"":""Point"",""coordinates"":[106.75129678834334,-6.122018661274539]}"
581_0,1,-6.122018661274539,106.76027994118454,0.03674894507979237,1.0595213679683194E-4,0.1169966727303408,5.371996788150151E-5,"{""geodesic"":false,""type"":""Point"",""coordinates"":[106.76027994118454,-6.122018661274539]}"
582_0,1,-6.122018661274539,106.76926309402573,0.03674894507979237,1.0595213679683194E-4,0.1169966727303408,5.371996788150151E-5,"{""geodesic"":false,""type"":""Point"",""coordinates"":[106.76926309402573,-6.122018661274539]}"
583_0,1,-6.122018661274539,106.77824624686693,0.03676685880322132,1.0628275396440695E-4,0.11700256794666984,5.1264206152648774E-5,"{""geodesic"":false,""type"":""Point"",""coordinates"":[106.77824624686693,-6.122018661274539]}"
584_0,1,-6.122018661274539,106.78722939970812,0.036751258443988855,1.0813775124522344E-4,0.11700578487956918,3.972559966260792E-5,"{""geodesic"":false,""type"":""Point"",""coordinates"":[106.78722939970812,-6.122018661274539]}"
585_0,1,-6.122018661274539,106.79621255254932,0.03676438156920589,1.0602307472078773E-4,0.11700986438977676,3.8946674440418345E-5,"{""geodesic"":false,""type"":""Point"",""coordinates"":[106.79621255254932,-6.122018661274539]}"
586_0,1,-6.122018661274539,106.80519570539052,0.036754425592233186,9.986233976950147E-5,0.11701623836237049,2.417181482219222E-5,"{""geodesic"":false,""type"":""Point"",""coordinates"":[106.80519570539052,-6.122018661274539]}"
587_0,1,-6.122018661274539,106.81417885823171,0.03678449640429368,1.0016492907566381E-4,0.1170102426410603,2.4484784274848767E-5,"{""geodesic"":false,""type"":""Point"",""coordinates"":[106.81417885823171,-6.122018661274539]}"
588_0,1,-6.122018661274539,106.82316201107291,0.03625562770323231,9.804081335094073E-5,0.11699788282384306,2.2781062715765023E-5,"{""geodesic"":false,""type"":""Point"",""coordinates"":[106.82316201107291,-6.122018661274539]}"
589_0,1,-6.122018661274539,106.84112831675529,0.03600484827589151,1.0016171718991896E-4,0.11713777601451118,5.357076932268025E-5,"{""geodesic"":false,""type"":""Point"",""coordinates"":[106.84112831675529,-6.122018661274539]}"
590_0,1,-6.122018661274539,106.85011146959648,0.03578119101961499,1.0167164336258677E-4,0.11713406213412583,5.2082727205548566E-5,"{""geodesic"":false,""type"":""Point"",""coordinates"":[106.85011146959648,-6.122018661274539]}"
591_0,1,-6.122018661274539,106.85909462243768,0.03578119101961499,1.0167164336258677E-4,0.11713406213412583,5.2082727205548566E-5,"{""geodesic"":false,""type"":""Point"",""coordinates"":[106.85909462243768,-6.122018661274539]}"
592_0,1,-6.122018661274539,106.86807777527888,0.03554120999675631,9.811709551051047E-5,0.11700917171280222,3.887168845334366E-5,"{""geodesic"":false,""type"":""Point"",""coordinates"":[106.86807777527888,-6.122018661274539]}"
593_0,1,-6.122018661274539,106.87706092812007,0.035271415785916985,9.810485329691317E-5,0.11699658905086707,3.7054143655282136E-5,"{""geodesic"":false,""type"":""Point"",""coordinates"":[106.87706092812007,-6.122018661274539]}"
594_0,1,-6.122018661274539,106.88604408096127,0.03532596740919774,9.429073564452367E-5,0.11699757455165542,3.89305652030152E-5,"{""geodesic"":false,""type"":""Point"",""coordinates"":[106.88604408096127,-6.122018661274539]}"
595_0,1,-6.122018661274539,106.89502723380247,0.03527650344949122,8.896170385826452E-5,0.11699463999203366,6.191315828058624E-5,"{""geodesic"":false,""type"":""Point"",""coordinates"":[106.89502723380247,-6.122018661274539]}"
596_0,1,-6.122018661274539,106.90401038664366,0.03501535195980969,8.407938944290061E-5,0.1170033404537732,6.952486528556558E-5,"{""geodesic"":false,""type"":""Point"",""coordinates"":[106.90401038664366,-6.122018661274539]}"
597_0,1,-6.122018661274539,106.91299353948486,0.0350178983947165,7.733569623172369E-5,0.1170030040248333,6.927971350517496E-5,"{""geodesic"":false,""type"":""Point"",""coordinates"":[106.91299353948486,-6.122018661274539]}"
598_0,1,-6.122018661274539,106.92197669232606,0.03482133546063005,7.334775131859466E-5,0.11700382359657173,5.4016023390166634E-5,"{""geodesic"":false,""type"":""Point"",""coordinates"":[106.92197669232606,-6.122018661274539]}"
599_0,1,-6.122018661274539,106.93095984516725,0.03454191219093574,6.99503914333392E-5,0.11700985659633505,5.455830343266072E-5,"{""geodesic"":false,""type"":""Point"",""coordinates"":[106.93095984516725,-6.122018661274539]}"
600_0,1,-6.122018661274539,106.93994299800845,0.03454191219093574,6.99503914333392E-5,0.11700985659633505,5.455830343266072E-5,"{""geodesic"":false,""type"":""Point"",""coordinates"":[106.93994299800845,-6.122018661274539]}"
601_0,1,-6.122018661274539,106.94892615084963,0.03454191261865549,6.760267150301135E-5,0.11701311744480358,2.082710135818614E-5,"{""geodesic"":false,""type"":""Point"",""coordinates"":[106.94892615084963,-6.122018661274539]}"
602_0,1,-6.122018661274539,106.95790930369083,0.034301804435128834,6.390163969147145E-5,0.1170120707218407,2.3578972857955914E-5,"{""geodesic"":false,""type"":""Point"",""coordinates"":[106.95790930369083,-6.122018661274539]}"
603_0,1,-6.122018661274539,106.96689245653202,0.0343205021711531,6.381358192649386E-5,0.1170060109508323,3.886469971300141E-5,"{""geodesic"":false,""type"":""Point"",""coordinates"":[106.96689245653202,-6.122018661274539]}"
604_0,1,-6.113035508433344,106.69739787129618,0.03670728576542293,8.094820786833966E-5,0.11701990833719653,3.604552076859807E-5,"{""geodesic"":false,""type"":""Point"",""coordinates"":[106.69739787129618,-6.113035508433344]}"
605_0,1,-6.113035508433344,106.70638102413737,0.03671638847571936,8.283068706264146E-5,0.11701085400025248,3.616336929082318E-5,"{""geodesic"":false,""type"":""Point"",""coordinates"":[106.70638102413737,-6.113035508433344]}"
606_0,1,-6.113035508433344,106.71536417697857,0.03670414984905061,8.50193199827962E-5,0.11701830871104901,3.6290362058897565E-5,"{""geodesic"":false,""type"":""Point"",""coordinates"":[106.71536417697857,-6.113035508433344]}"
607_0,1,-6.113035508433344,106.72434732981975,0.03652606207210024,8.665584633053125E-5,0.11712097592659786,2.962186621259058E-5,"{""geodesic"":false,""type"":""Point"",""coordinates"":[106.72434732981975,-6.113035508433344]}"
608_0,1,-6.113035508433344,106.73333048266095,0.03670440043181782,8.660304614693389E-5,0.11712376853532794,5.470474562931424E-5,"{""geodesic"":false,""type"":""Point"",""coordinates"":[106.73333048266095,-6.113035508433344]}"
609_0,1,-6.113035508433344,106.74231363550214,0.036943470558401845,9.054150314718245E-5,0.1169942350601013,6.901083054147276E-5,"{""geodesic"":false,""type"":""Point"",""coordinates"":[106.74231363550214,-6.113035508433344]}"
610_0,1,-6.113035508433344,106.75129678834334,0.03693232078734356,9.455681369092785E-5,0.11700148137766818,5.326373932334398E-5,"{""geodesic"":false,""type"":""Point"",""coordinates"":[106.75129678834334,-6.113035508433344]}"
611_0,1,-6.113035508433344,106.76027994118454,0.03673326193101857,9.465172362533904E-5,0.11699994621857551,7.023533657259852E-5,"{""geodesic"":false,""type"":""Point"",""coordinates"":[106.76027994118454,-6.113035508433344]}"
612_0,1,-6.113035508433344,106.76926309402573,0.03673326193101857,9.465172362533904E-5,0.11699994621857551,7.023533657259852E-5,"{""geodesic"":false,""type"":""Point"",""coordinates"":[106.76926309402573,-6.113035508433344]}"
613_0,1,-6.113035508433344,106.77824624686693,0.03675197664472937,9.625179548760657E-5,0.11699944718539543,5.1793119828729727E-5,"{""geodesic"":false,""type"":""Point"",""coordinates"":[106.77824624686693,-6.113035508433344]}"
614_0,1,-6.113035508433344,106.78722939970812,0.036741536357510235,9.631114619180877E-5,0.11701176317423899,5.137636800805215E-5,"{""geodesic"":false,""type"":""Point"",""coordinates"":[106.78722939970812,-6.113035508433344]}"
615_0,1,-6.113035508433344,106.79621255254932,0.03673323680117707,9.614389663636859E-5,0.11706369302282876,5.3445654349212084E-5,"{""geodesic"":false,""type"":""Point"",""coordinates"":[106.79621255254932,-6.113035508433344]}"
616_0,1,-6.113035508433344,106.80519570539052,0.03637396634258816,9.426254017792607E-5,0.11712609060944086,3.875476692678388E-5,"{""geodesic"":false,""type"":""Point"",""coordinates"":[106.80519570539052,-6.113035508433344]}"
617_0,1,-6.113035508433344,106.85909462243768,0.036016354602633235,9.439084528834169E-5,0.11700175850611304,5.3863946648031755E-5,"{""geodesic"":false,""type"":""Point"",""coordinates"":[106.85909462243768,-6.113035508433344]}"
618_0,1,-6.113035508433344,106.86807777527888,0.03572481206804647,9.261948108412683E-5,0.11712149782222228,3.753468068506981E-5,"{""geodesic"":false,""type"":""Point"",""coordinates"":[106.86807777527888,-6.113035508433344]}"
619_0,1,-6.113035508433344,106.87706092812007,0.0355214039464168,9.255592469218216E-5,0.11712150956792307,3.760746587239485E-5,"{""geodesic"":false,""type"":""Point"",""coordinates"":[106.87706092812007,-6.113035508433344]}"
620_0,1,-6.113035508433344,106.88604408096127,0.03553909682282223,8.786658579273054E-5,0.11700046151849627,5.395505929315271E-5,"{""geodesic"":false,""type"":""Point"",""coordinates"":[106.88604408096127,-6.113035508433344]}"
621_0,1,-6.113035508433344,106.89502723380247,0.03527175562968405,8.294725950630546E-5,0.11700716348125947,6.825369288398532E-5,"{""geodesic"":false,""type"":""Point"",""coordinates"":[106.89502723380247,-6.113035508433344]}"
622_0,1,-6.113035508433344,106.90401038664366,0.035172010159093874,7.93921591212826E-5,0.11700355118446965,6.933176896251452E-5,"{""geodesic"":false,""type"":""Point"",""coordinates"":[106.90401038664366,-6.113035508433344]}"
623_0,1,-6.113035508433344,106.91299353948486,0.03502906419654966,7.537449748135861E-5,0.11699402349172346,8.366951534692453E-5,"{""geodesic"":false,""type"":""Point"",""coordinates"":[106.91299353948486,-6.113035508433344]}"
624_0,1,-6.113035508433344,106.92197669232606,0.03479730515658716,7.141035198460827E-5,0.11699067232616733,7.08068570267922E-5,"{""geodesic"":false,""type"":""Point"",""coordinates"":[106.92197669232606,-6.113035508433344]}"
625_0,1,-6.113035508433344,106.93095984516725,0.03491806417435879,6.756989413576887E-5,0.11700026303653639,7.005222942209657E-5,"{""geodesic"":false,""type"":""Point"",""coordinates"":[106.93095984516725,-6.113035508433344]}"
626_0,1,-6.113035508433344,106.93994299800845,0.03491806417435879,6.756989413576887E-5,0.11700026303653639,7.005222942209657E-5,"{""geodesic"":false,""type"":""Point"",""coordinates"":[106.93994299800845,-6.113035508433344]}"
627_0,1,-6.113035508433344,106.94892615084963,0.0345522349077422,6.592708114093049E-5,0.11700736306922847,5.3301793185053876E-5,"{""geodesic"":false,""type"":""Point"",""coordinates"":[106.94892615084963,-6.113035508433344]}"
628_0,1,-6.113035508433344,106.95790930369083,0.03429997191199337,6.364118624805063E-5,0.11701216856279233,2.3439498020182003E-5,"{""geodesic"":false,""type"":""Point"",""coordinates"":[106.95790930369083,-6.113035508433344]}"
629_0,1,-6.113035508433344,106.96689245653202,0.03429482262822246,6.0116351372839263E-5,0.11713332018609085,3.690866030498929E-5,"{""geodesic"":false,""type"":""Point"",""coordinates"":[106.96689245653202,-6.113035508433344]}"
630_0,1,-6.104052355592149,106.69739787129618,0.03672490554000667,7.579451448949684E-5,0.1170152738951673,5.464572795419329E-5,"{""geodesic"":false,""type"":""Point"",""coordinates"":[106.69739787129618,-6.104052355592149]}"
631_0,1,-6.104052355592149,106.70638102413737,0.03671445256598867,7.677645862310692E-5,0.1170178875783377,3.673428726188027E-5,"{""geodesic"":false,""type"":""Point"",""coordinates"":[106.70638102413737,-6.104052355592149]}"
632_0,1,-6.104052355592149,106.71536417697857,0.03694825110149441,7.759100216371521E-5,0.11713113539379365,5.4933416779485216E-5,"{""geodesic"":false,""type"":""Point"",""coordinates"":[106.71536417697857,-6.104052355592149]}"
633_0,1,-6.104052355592149,106.72434732981975,0.036706584435650225,7.936189837556264E-5,0.11701105152089562,6.686778545214417E-5,"{""geodesic"":false,""type"":""Point"",""coordinates"":[106.72434732981975,-6.104052355592149]}"
634_0,1,-6.104052355592149,106.73333048266095,0.03697679391796312,8.116660095205539E-5,0.11700672634524144,8.594687510152124E-5,"{""geodesic"":false,""type"":""Point"",""coordinates"":[106.73333048266095,-6.104052355592149]}"
635_0,1,-6.104052355592149,106.74231363550214,0.03672354844146899,8.302232213181511E-5,0.1169971688932159,8.378733500296892E-5,"{""geodesic"":false,""type"":""Point"",""coordinates"":[106.74231363550214,-6.104052355592149]}"
636_0,1,-6.104052355592149,106.75129678834334,0.03695356838393373,8.516576635265671E-5,0.11711604171709494,6.787881220761527E-5,"{""geodesic"":false,""type"":""Point"",""coordinates"":[106.75129678834334,-6.104052355592149]}"
637_0,1,-6.104052355592149,106.79621255254932,0.0367341790333867,8.663147109032217E-5,0.11701180705978785,6.876317254432673E-5,"{""geodesic"":false,""type"":""Point"",""coordinates"":[106.79621255254932,-6.104052355592149]}"
638_0,1,-6.104052355592149,106.87706092812007,0.035527776442017184,8.698420288627194E-5,0.11712307667338095,3.9326478035291374E-5,"{""geodesic"":false,""type"":""Point"",""coordinates"":[106.87706092812007,-6.104052355592149]}"
639_0,1,-6.104052355592149,106.88604408096127,0.03550752867428453,8.183320885837055E-5,0.11712079690553545,3.604584539081157E-5,"{""geodesic"":false,""type"":""Point"",""coordinates"":[106.88604408096127,-6.104052355592149]}"
640_0,1,-6.104052355592149,106.89502723380247,0.03526511331247597,7.716567640594933E-5,0.11701733581002922,6.896961326233959E-5,"{""geodesic"":false,""type"":""Point"",""coordinates"":[106.89502723380247,-6.104052355592149]}"
641_0,1,-6.104052355592149,106.90401038664366,0.03527427480345042,7.360195665881228E-5,0.11713278793574972,8.289609032747067E-5,"{""geodesic"":false,""type"":""Point"",""coordinates"":[106.90401038664366,-6.104052355592149]}"
642_0,1,-6.104052355592149,106.91299353948486,0.0350235497793828,7.152541049477002E-5,0.11713850029616635,8.26276920817872E-5,"{""geodesic"":false,""type"":""Point"",""coordinates"":[106.91299353948486,-6.104052355592149]}"
643_0,1,-6.104052355592149,106.92197669232606,0.035028139702438524,6.779398995368704E-5,0.117132039355613,8.263042540592011E-5,"{""geodesic"":false,""type"":""Point"",""coordinates"":[106.92197669232606,-6.104052355592149]}"
644_0,1,-6.104052355592149,106.93095984516725,0.03482293062683606,6.584053530619826E-5,0.1171374386641253,8.324932462956133E-5,"{""geodesic"":false,""type"":""Point"",""coordinates"":[106.93095984516725,-6.104052355592149]}"
645_0,1,-6.104052355592149,106.93994299800845,0.03482293062683606,6.584053530619826E-5,0.1171374386641253,8.324932462956133E-5,"{""geodesic"":false,""type"":""Point"",""coordinates"":[106.93994299800845,-6.104052355592149]}"
646_0,1,-6.104052355592149,106.94892615084963,0.03482369261050504,6.210988423111583E-5,0.11700705753966285,6.816611451896175E-5,"{""geodesic"":false,""type"":""Point"",""coordinates"":[106.94892615084963,-6.104052355592149]}"
647_0,1,-6.104052355592149,106.95790930369083,0.03453933291939795,5.992445264189589E-5,0.1170076588874708,3.67256407446969E-5,"{""geodesic"":false,""type"":""Point"",""coordinates"":[106.95790930369083,-6.104052355592149]}"
648_0,1,-6.104052355592149,106.96689245653202,0.03456879937646196,6.0046020055715254E-5,0.1171340081930185,5.419736400629834E-5,"{""geodesic"":false,""type"":""Point"",""coordinates"":[106.96689245653202,-6.104052355592149]}"
649_0,1,-6.095069202750953,106.70638102413737,0.03695717315378955,7.190727728920668E-5,0.11712265471570112,5.46862945727823E-5,"{""geodesic"":false,""type"":""Point"",""coordinates"":[106.70638102413737,-6.095069202750953]}"
650_0,1,-6.095069202750953,106.71536417697857,0.036960929360656966,7.286745801841657E-5,0.117124056728099,6.587521329779982E-5,"{""geodesic"":false,""type"":""Point"",""coordinates"":[106.71536417697857,-6.095069202750953]}"
651_0,1,-6.095069202750953,106.72434732981975,0.03694257179518506,7.390611370850666E-5,0.11710717712828542,6.729846990269231E-5,"{""geodesic"":false,""type"":""Point"",""coordinates"":[106.72434732981975,-6.095069202750953]}"
652_0,1,-6.095069202750953,106.73333048266095,0.036712900336329755,7.514649304224316E-5,0.11711086215616877,7.682852579485251E-5,"{""geodesic"":false,""type"":""Point"",""coordinates"":[106.73333048266095,-6.095069202750953]}"
653_0,1,-6.095069202750953,106.74231363550214,0.03697364435007461,7.532245180691021E-5,0.11700287149108024,8.52514939634418E-5,"{""geodesic"":false,""type"":""Point"",""coordinates"":[106.74231363550214,-6.095069202750953]}"
654_0,1,-6.095069202750953,106.75129678834334,0.036721204295951375,7.528763284359014E-5,0.11710772329033202,8.485692929999601E-5,"{""geodesic"":false,""type"":""Point"",""coordinates"":[106.75129678834334,-6.095069202750953]}"
655_0,1,-6.086086049909758,106.73333048266095,0.0367108144799917,6.959220300528502E-5,0.11711731740452032,8.47882879991544E-5,"{""geodesic"":false,""type"":""Point"",""coordinates"":[106.73333048266095,-6.086086049909758]}"
656_0,1,-6.086086049909758,106.75129678834334,0.036736192806232165,6.96200463173237E-5,0.11712108780125151,8.550367441229551E-5,"{""geodesic"":false,""type"":""Point"",""coordinates"":[106.75129678834334,-6.086086049909758]}"
657_0,1,-6.077102897068563,106.75129678834334,0.03673582733644506,6.58638661605892E-5,0.11712413181960325,5.3054783622747546E-5,"{""geodesic"":false,""type"":""Point"",""coordinates"":[106.75129678834334,-6.077102897068563]}"
