system:index,MODIS_AOD_047,date,station_id,.geo
4_4_0,214.0,2023-01-05,Kelapa_Gading,"{""geodesic"":false,""type"":""Point"",""coordinates"":[106.90401038664366,-6.15795127263932]}"
4_5_0,131.0,2023-01-05,Komp_Angkasa_Pura_Jakarta_Pusat,"{""geodesic"":false,""type"":""Point"",""coordinates"":[106.84112831675529,-6.148968119798125]}"
5_0_0,115.0,2023-01-06,Bundaran_Hotel_Indonesia,"{""geodesic"":false,""type"":""Point"",""coordinates"":[106.82316201107291,-6.193883884004101]}"
5_2_0,152.0,2023-01-06,Jalan_BDN_II,"{""geodesic"":false,""type"":""Point"",""coordinates"":[106.79621255254932,-6.283715412416053]}"
5_3_0,209.0,2023-01-06,Kebon_Jeruk,"{""geodesic"":false,""type"":""Point"",""coordinates"":[106.76926309402573,-6.202867036845296]}"
5_6_0,89.0,2023-01-06,Lubang_Buaya,"{""geodesic"":false,""type"":""Point"",""coordinates"":[106.89502723380247,-6.301681718098443]}"
5_7_0,185.0,2023-01-06,US_Consulate_Jakarta_Pusat,"{""geodesic"":false,""type"":""Point"",""coordinates"":[106.84112831675529,-6.184900731162906]}"
6_0_0,0.0,2023-01-07,Bundaran_Hotel_Indonesia,"{""geodesic"":false,""type"":""Point"",""coordinates"":[106.82316201107291,-6.193883884004101]}"
6_1_0,2.0,2023-01-07,Jagakarsa,"{""geodesic"":false,""type"":""Point"",""coordinates"":[106.83214516391409,-6.15795127263932]}"
6_2_0,180.5,2023-01-07,Jalan_BDN_II,"{""geodesic"":false,""type"":""Point"",""coordinates"":[106.79621255254932,-6.283715412416053]}"
6_3_0,30.0,2023-01-07,Kebon_Jeruk,"{""geodesic"":false,""type"":""Point"",""coordinates"":[106.76926309402573,-6.202867036845296]}"
6_7_0,2.0,2023-01-07,US_Consulate_Jakarta_Pusat,"{""geodesic"":false,""type"":""Point"",""coordinates"":[106.84112831675529,-6.184900731162906]}"
8_6_0,223.0,2023-01-09,Lubang_Buaya,"{""geodesic"":false,""type"":""Point"",""coordinates"":[106.89502723380247,-6.301681718098443]}"
13_0_0,87.0,2023-01-14,Bundaran_Hotel_Indonesia,"{""geodesic"":false,""type"":""Point"",""coordinates"":[106.82316201107291,-6.193883884004101]}"
13_1_0,171.0,2023-01-14,Jagakarsa,"{""geodesic"":false,""type"":""Point"",""coordinates"":[106.83214516391409,-6.15795127263932]}"
13_2_0,94.0,2023-01-14,Jalan_BDN_II,"{""geodesic"":false,""type"":""Point"",""coordinates"":[106.79621255254932,-6.283715412416053]}"
13_3_0,154.0,2023-01-14,Kebon_Jeruk,"{""geodesic"":false,""type"":""Point"",""coordinates"":[106.76926309402573,-6.202867036845296]}"
13_4_0,564.0,2023-01-14,Kelapa_Gading,"{""geodesic"":false,""type"":""Point"",""coordinates"":[106.90401038664366,-6.15795127263932]}"
13_5_0,179.0,2023-01-14,Komp_Angkasa_Pura_Jakarta_Pusat,"{""geodesic"":false,""type"":""Point"",""coordinates"":[106.84112831675529,-6.148968119798125]}"
13_6_0,257.0,2023-01-14,Lubang_Buaya,"{""geodesic"":false,""type"":""Point"",""coordinates"":[106.89502723380247,-6.301681718098443]}"
13_7_0,198.0,2023-01-14,US_Consulate_Jakarta_Pusat,"{""geodesic"":false,""type"":""Point"",""coordinates"":[106.84112831675529,-6.184900731162906]}"
21_2_0,222.0,2023-01-22,Jalan_BDN_II,"{""geodesic"":false,""type"":""Point"",""coordinates"":[106.79621255254932,-6.283715412416053]}"
49_0_0,340.0,2023-02-19,Bundaran_Hotel_Indonesia,"{""geodesic"":false,""type"":""Point"",""coordinates"":[106.82316201107291,-6.193883884004101]}"
51_6_0,129.0,2023-02-21,Lubang_Buaya,"{""geodesic"":false,""type"":""Point"",""coordinates"":[106.89502723380247,-6.301681718098443]}"
65_7_0,253.0,2023-03-07,US_Consulate_Jakarta_Pusat,"{""geodesic"":false,""type"":""Point"",""coordinates"":[106.84112831675529,-6.184900731162906]}"
69_0_0,591.0,2023-03-11,Bundaran_Hotel_Indonesia,"{""geodesic"":false,""type"":""Point"",""coordinates"":[106.82316201107291,-6.193883884004101]}"
69_1_0,318.0,2023-03-11,Jagakarsa,"{""geodesic"":false,""type"":""Point"",""coordinates"":[106.83214516391409,-6.15795127263932]}"
69_4_0,337.0,2023-03-11,Kelapa_Gading,"{""geodesic"":false,""type"":""Point"",""coordinates"":[106.90401038664366,-6.15795127263932]}"
69_5_0,218.0,2023-03-11,Komp_Angkasa_Pura_Jakarta_Pusat,"{""geodesic"":false,""type"":""Point"",""coordinates"":[106.84112831675529,-6.148968119798125]}"
69_7_0,464.0,2023-03-11,US_Consulate_Jakarta_Pusat,"{""geodesic"":false,""type"":""Point"",""coordinates"":[106.84112831675529,-6.184900731162906]}"
74_1_0,148.0,2023-03-16,Jagakarsa,"{""geodesic"":false,""type"":""Point"",""coordinates"":[106.83214516391409,-6.15795127263932]}"
74_5_0,50.0,2023-03-16,Komp_Angkasa_Pura_Jakarta_Pusat,"{""geodesic"":false,""type"":""Point"",""coordinates"":[106.84112831675529,-6.148968119798125]}"
74_7_0,48.0,2023-03-16,US_Consulate_Jakarta_Pusat,"{""geodesic"":false,""type"":""Point"",""coordinates"":[106.84112831675529,-6.184900731162906]}"
76_4_0,431.0,2023-03-18,Kelapa_Gading,"{""geodesic"":false,""type"":""Point"",""coordinates"":[106.90401038664366,-6.15795127263932]}"
76_5_0,455.0,2023-03-18,Komp_Angkasa_Pura_Jakarta_Pusat,"{""geodesic"":false,""type"":""Point"",""coordinates"":[106.84112831675529,-6.148968119798125]}"
79_6_0,417.0,2023-03-21,Lubang_Buaya,"{""geodesic"":false,""type"":""Point"",""coordinates"":[106.89502723380247,-6.301681718098443]}"
91_2_0,173.0,2023-04-02,Jalan_BDN_II,"{""geodesic"":false,""type"":""Point"",""coordinates"":[106.79621255254932,-6.283715412416053]}"
91_6_0,139.0,2023-04-02,Lubang_Buaya,"{""geodesic"":false,""type"":""Point"",""coordinates"":[106.89502723380247,-6.301681718098443]}"
91_7_0,262.0,2023-04-02,US_Consulate_Jakarta_Pusat,"{""geodesic"":false,""type"":""Point"",""coordinates"":[106.84112831675529,-6.184900731162906]}"
94_0_0,372.0,2023-04-05,Bundaran_Hotel_Indonesia,"{""geodesic"":false,""type"":""Point"",""coordinates"":[106.82316201107291,-6.193883884004101]}"
94_2_0,221.0,2023-04-05,Jalan_BDN_II,"{""geodesic"":false,""type"":""Point"",""coordinates"":[106.79621255254932,-6.283715412416053]}"
94_3_0,320.0,2023-04-05,Kebon_Jeruk,"{""geodesic"":false,""type"":""Point"",""coordinates"":[106.76926309402573,-6.202867036845296]}"
94_7_0,383.0,2023-04-05,US_Consulate_Jakarta_Pusat,"{""geodesic"":false,""type"":""Point"",""coordinates"":[106.84112831675529,-6.184900731162906]}"
96_0_0,125.0,2023-04-07,Bundaran_Hotel_Indonesia,"{""geodesic"":false,""type"":""Point"",""coordinates"":[106.82316201107291,-6.193883884004101]}"
96_2_0,58.0,2023-04-07,Jalan_BDN_II,"{""geodesic"":false,""type"":""Point"",""coordinates"":[106.79621255254932,-6.283715412416053]}"
96_3_0,171.0,2023-04-07,Kebon_Jeruk,"{""geodesic"":false,""type"":""Point"",""coordinates"":[106.76926309402573,-6.202867036845296]}"
96_6_0,185.0,2023-04-07,Lubang_Buaya,"{""geodesic"":false,""type"":""Point"",""coordinates"":[106.89502723380247,-6.301681718098443]}"
96_7_0,375.5,2023-04-07,US_Consulate_Jakarta_Pusat,"{""geodesic"":false,""type"":""Point"",""coordinates"":[106.84112831675529,-6.184900731162906]}"
97_1_0,347.0,2023-04-08,Jagakarsa,"{""geodesic"":false,""type"":""Point"",""coordinates"":[106.83214516391409,-6.15795127263932]}"
97_2_0,271.0,2023-04-08,Jalan_BDN_II,"{""geodesic"":false,""type"":""Point"",""coordinates"":[106.79621255254932,-6.283715412416053]}"
97_3_0,127.0,2023-04-08,Kebon_Jeruk,"{""geodesic"":false,""type"":""Point"",""coordinates"":[106.76926309402573,-6.202867036845296]}"
97_4_0,379.0,2023-04-08,Kelapa_Gading,"{""geodesic"":false,""type"":""Point"",""coordinates"":[106.90401038664366,-6.15795127263932]}"
97_5_0,240.0,2023-04-08,Komp_Angkasa_Pura_Jakarta_Pusat,"{""geodesic"":false,""type"":""Point"",""coordinates"":[106.84112831675529,-6.148968119798125]}"
98_2_0,306.0,2023-04-09,Jalan_BDN_II,"{""geodesic"":false,""type"":""Point"",""coordinates"":[106.79621255254932,-6.283715412416053]}"
101_0_0,118.0,2023-04-12,Bundaran_Hotel_Indonesia,"{""geodesic"":false,""type"":""Point"",""coordinates"":[106.82316201107291,-6.193883884004101]}"
101_7_0,437.0,2023-04-12,US_Consulate_Jakarta_Pusat,"{""geodesic"":false,""type"":""Point"",""coordinates"":[106.84112831675529,-6.184900731162906]}"
104_1_0,340.0,2023-04-15,Jagakarsa,"{""geodesic"":false,""type"":""Point"",""coordinates"":[106.83214516391409,-6.15795127263932]}"
104_4_0,463.0,2023-04-15,Kelapa_Gading,"{""geodesic"":false,""type"":""Point"",""coordinates"":[106.90401038664366,-6.15795127263932]}"
104_5_0,247.5,2023-04-15,Komp_Angkasa_Pura_Jakarta_Pusat,"{""geodesic"":false,""type"":""Point"",""coordinates"":[106.84112831675529,-6.148968119798125]}"
104_7_0,190.0,2023-04-15,US_Consulate_Jakarta_Pusat,"{""geodesic"":false,""type"":""Point"",""coordinates"":[106.84112831675529,-6.184900731162906]}"
106_0_0,276.5,2023-04-17,Bundaran_Hotel_Indonesia,"{""geodesic"":false,""type"":""Point"",""coordinates"":[106.82316201107291,-6.193883884004101]}"
106_1_0,417.0,2023-04-17,Jagakarsa,"{""geodesic"":false,""type"":""Point"",""coordinates"":[106.83214516391409,-6.15795127263932]}"
106_2_0,147.0,2023-04-17,Jalan_BDN_II,"{""geodesic"":false,""type"":""Point"",""coordinates"":[106.79621255254932,-6.283715412416053]}"
106_3_0,173.0,2023-04-17,Kebon_Jeruk,"{""geodesic"":false,""type"":""Point"",""coordinates"":[106.76926309402573,-6.202867036845296]}"
106_4_0,373.0,2023-04-17,Kelapa_Gading,"{""geodesic"":false,""type"":""Point"",""coordinates"":[106.90401038664366,-6.15795127263932]}"
106_5_0,349.0,2023-04-17,Komp_Angkasa_Pura_Jakarta_Pusat,"{""geodesic"":false,""type"":""Point"",""coordinates"":[106.84112831675529,-6.148968119798125]}"
106_6_0,308.0,2023-04-17,Lubang_Buaya,"{""geodesic"":false,""type"":""Point"",""coordinates"":[106.89502723380247,-6.301681718098443]}"
106_7_0,291.0,2023-04-17,US_Consulate_Jakarta_Pusat,"{""geodesic"":false,""type"":""Point"",""coordinates"":[106.84112831675529,-6.184900731162906]}"
109_1_0,1092.0,2023-04-20,Jagakarsa,"{""geodesic"":false,""type"":""Point"",""coordinates"":[106.83214516391409,-6.15795127263932]}"
113_0_0,407.0,2023-04-24,Bundaran_Hotel_Indonesia,"{""geodesic"":false,""type"":""Point"",""coordinates"":[106.82316201107291,-6.193883884004101]}"
113_1_0,488.0,2023-04-24,Jagakarsa,"{""geodesic"":false,""type"":""Point"",""coordinates"":[106.83214516391409,-6.15795127263932]}"
113_2_0,353.0,2023-04-24,Jalan_BDN_II,"{""geodesic"":false,""type"":""Point"",""coordinates"":[106.79621255254932,-6.283715412416053]}"
113_3_0,245.0,2023-04-24,Kebon_Jeruk,"{""geodesic"":false,""type"":""Point"",""coordinates"":[106.76926309402573,-6.202867036845296]}"
113_4_0,510.0,2023-04-24,Kelapa_Gading,"{""geodesic"":false,""type"":""Point"",""coordinates"":[106.90401038664366,-6.15795127263932]}"
113_5_0,424.0,2023-04-24,Komp_Angkasa_Pura_Jakarta_Pusat,"{""geodesic"":false,""type"":""Point"",""coordinates"":[106.84112831675529,-6.148968119798125]}"
113_6_0,183.0,2023-04-24,Lubang_Buaya,"{""geodesic"":false,""type"":""Point"",""coordinates"":[106.89502723380247,-6.301681718098443]}"
129_0_0,573.0,2023-05-10,Bundaran_Hotel_Indonesia,"{""geodesic"":false,""type"":""Point"",""coordinates"":[106.82316201107291,-6.193883884004101]}"
129_1_0,804.0,2023-05-10,Jagakarsa,"{""geodesic"":false,""type"":""Point"",""coordinates"":[106.83214516391409,-6.15795127263932]}"
129_5_0,802.0,2023-05-10,Komp_Angkasa_Pura_Jakarta_Pusat,"{""geodesic"":false,""type"":""Point"",""coordinates"":[106.84112831675529,-6.148968119798125]}"
129_6_0,451.0,2023-05-10,Lubang_Buaya,"{""geodesic"":false,""type"":""Point"",""coordinates"":[106.89502723380247,-6.301681718098443]}"
129_7_0,614.0,2023-05-10,US_Consulate_Jakarta_Pusat,"{""geodesic"":false,""type"":""Point"",""coordinates"":[106.84112831675529,-6.184900731162906]}"
131_6_0,460.0,2023-05-12,Lubang_Buaya,"{""geodesic"":false,""type"":""Point"",""coordinates"":[106.89502723380247,-6.301681718098443]}"
132_5_0,517.0,2023-05-13,Komp_Angkasa_Pura_Jakarta_Pusat,"{""geodesic"":false,""type"":""Point"",""coordinates"":[106.84112831675529,-6.148968119798125]}"
133_0_0,393.5,2023-05-14,Bundaran_Hotel_Indonesia,"{""geodesic"":false,""type"":""Point"",""coordinates"":[106.82316201107291,-6.193883884004101]}"
133_2_0,256.0,2023-05-14,Jalan_BDN_II,"{""geodesic"":false,""type"":""Point"",""coordinates"":[106.79621255254932,-6.283715412416053]}"
133_3_0,319.0,2023-05-14,Kebon_Jeruk,"{""geodesic"":false,""type"":""Point"",""coordinates"":[106.76926309402573,-6.202867036845296]}"
133_4_0,319.0,2023-05-14,Kelapa_Gading,"{""geodesic"":false,""type"":""Point"",""coordinates"":[106.90401038664366,-6.15795127263932]}"
133_5_0,244.0,2023-05-14,Komp_Angkasa_Pura_Jakarta_Pusat,"{""geodesic"":false,""type"":""Point"",""coordinates"":[106.84112831675529,-6.148968119798125]}"
133_6_0,163.0,2023-05-14,Lubang_Buaya,"{""geodesic"":false,""type"":""Point"",""coordinates"":[106.89502723380247,-6.301681718098443]}"
133_7_0,308.0,2023-05-14,US_Consulate_Jakarta_Pusat,"{""geodesic"":false,""type"":""Point"",""coordinates"":[106.84112831675529,-6.184900731162906]}"
134_0_0,527.0,2023-05-15,Bundaran_Hotel_Indonesia,"{""geodesic"":false,""type"":""Point"",""coordinates"":[106.82316201107291,-6.193883884004101]}"
134_1_0,798.0,2023-05-15,Jagakarsa,"{""geodesic"":false,""type"":""Point"",""coordinates"":[106.83214516391409,-6.15795127263932]}"
134_2_0,498.0,2023-05-15,Jalan_BDN_II,"{""geodesic"":false,""type"":""Point"",""coordinates"":[106.79621255254932,-6.283715412416053]}"
134_3_0,647.0,2023-05-15,Kebon_Jeruk,"{""geodesic"":false,""type"":""Point"",""coordinates"":[106.76926309402573,-6.202867036845296]}"
134_4_0,1157.5,2023-05-15,Kelapa_Gading,"{""geodesic"":false,""type"":""Point"",""coordinates"":[106.90401038664366,-6.15795127263932]}"
134_5_0,1359.0,2023-05-15,Komp_Angkasa_Pura_Jakarta_Pusat,"{""geodesic"":false,""type"":""Point"",""coordinates"":[106.84112831675529,-6.148968119798125]}"
134_6_0,437.0,2023-05-15,Lubang_Buaya,"{""geodesic"":false,""type"":""Point"",""coordinates"":[106.89502723380247,-6.301681718098443]}"
134_7_0,529.0,2023-05-15,US_Consulate_Jakarta_Pusat,"{""geodesic"":false,""type"":""Point"",""coordinates"":[106.84112831675529,-6.184900731162906]}"
135_3_0,636.0,2023-05-16,Kebon_Jeruk,"{""geodesic"":false,""type"":""Point"",""coordinates"":[106.76926309402573,-6.202867036845296]}"
140_1_0,616.0,2023-05-21,Jagakarsa,"{""geodesic"":false,""type"":""Point"",""coordinates"":[106.83214516391409,-6.15795127263932]}"
140_4_0,628.0,2023-05-21,Kelapa_Gading,"{""geodesic"":false,""type"":""Point"",""coordinates"":[106.90401038664366,-6.15795127263932]}"
140_5_0,560.0,2023-05-21,Komp_Angkasa_Pura_Jakarta_Pusat,"{""geodesic"":false,""type"":""Point"",""coordinates"":[106.84112831675529,-6.148968119798125]}"
140_6_0,796.0,2023-05-21,Lubang_Buaya,"{""geodesic"":false,""type"":""Point"",""coordinates"":[106.89502723380247,-6.301681718098443]}"
140_7_0,636.0,2023-05-21,US_Consulate_Jakarta_Pusat,"{""geodesic"":false,""type"":""Point"",""coordinates"":[106.84112831675529,-6.184900731162906]}"
144_0_0,731.0,2023-05-25,Bundaran_Hotel_Indonesia,"{""geodesic"":false,""type"":""Point"",""coordinates"":[106.82316201107291,-6.193883884004101]}"
144_3_0,823.0,2023-05-25,Kebon_Jeruk,"{""geodesic"":false,""type"":""Point"",""coordinates"":[106.76926309402573,-6.202867036845296]}"
144_5_0,1150.0,2023-05-25,Komp_Angkasa_Pura_Jakarta_Pusat,"{""geodesic"":false,""type"":""Point"",""coordinates"":[106.84112831675529,-6.148968119798125]}"
144_6_0,798.0,2023-05-25,Lubang_Buaya,"{""geodesic"":false,""type"":""Point"",""coordinates"":[106.89502723380247,-6.301681718098443]}"
144_7_0,727.0,2023-05-25,US_Consulate_Jakarta_Pusat,"{""geodesic"":false,""type"":""Point"",""coordinates"":[106.84112831675529,-6.184900731162906]}"
150_2_0,544.0,2023-05-31,Jalan_BDN_II,"{""geodesic"":false,""type"":""Point"",""coordinates"":[106.79621255254932,-6.283715412416053]}"
150_6_0,458.0,2023-05-31,Lubang_Buaya,"{""geodesic"":false,""type"":""Point"",""coordinates"":[106.89502723380247,-6.301681718098443]}"
151_0_0,440.0,2023-06-01,Bundaran_Hotel_Indonesia,"{""geodesic"":false,""type"":""Point"",""coordinates"":[106.82316201107291,-6.193883884004101]}"
151_2_0,388.0,2023-06-01,Jalan_BDN_II,"{""geodesic"":false,""type"":""Point"",""coordinates"":[106.79621255254932,-6.283715412416053]}"
151_3_0,473.0,2023-06-01,Kebon_Jeruk,"{""geodesic"":false,""type"":""Point"",""coordinates"":[106.76926309402573,-6.202867036845296]}"
151_6_0,433.0,2023-06-01,Lubang_Buaya,"{""geodesic"":false,""type"":""Point"",""coordinates"":[106.89502723380247,-6.301681718098443]}"
151_7_0,483.0,2023-06-01,US_Consulate_Jakarta_Pusat,"{""geodesic"":false,""type"":""Point"",""coordinates"":[106.84112831675529,-6.184900731162906]}"
152_0_0,631.0,2023-06-02,Bundaran_Hotel_Indonesia,"{""geodesic"":false,""type"":""Point"",""coordinates"":[106.82316201107291,-6.193883884004101]}"
152_1_0,620.0,2023-06-02,Jagakarsa,"{""geodesic"":false,""type"":""Point"",""coordinates"":[106.83214516391409,-6.15795127263932]}"
152_2_0,647.0,2023-06-02,Jalan_BDN_II,"{""geodesic"":false,""type"":""Point"",""coordinates"":[106.79621255254932,-6.283715412416053]}"
152_3_0,587.0,2023-06-02,Kebon_Jeruk,"{""geodesic"":false,""type"":""Point"",""coordinates"":[106.76926309402573,-6.202867036845296]}"
152_4_0,627.0,2023-06-02,Kelapa_Gading,"{""geodesic"":false,""type"":""Point"",""coordinates"":[106.90401038664366,-6.15795127263932]}"
152_5_0,514.0,2023-06-02,Komp_Angkasa_Pura_Jakarta_Pusat,"{""geodesic"":false,""type"":""Point"",""coordinates"":[106.84112831675529,-6.148968119798125]}"
152_6_0,575.0,2023-06-02,Lubang_Buaya,"{""geodesic"":false,""type"":""Point"",""coordinates"":[106.89502723380247,-6.301681718098443]}"
152_7_0,628.0,2023-06-02,US_Consulate_Jakarta_Pusat,"{""geodesic"":false,""type"":""Point"",""coordinates"":[106.84112831675529,-6.184900731162906]}"
153_2_0,774.0,2023-06-03,Jalan_BDN_II,"{""geodesic"":false,""type"":""Point"",""coordinates"":[106.79621255254932,-6.283715412416053]}"
154_0_0,1229.0,2023-06-04,Bundaran_Hotel_Indonesia,"{""geodesic"":false,""type"":""Point"",""coordinates"":[106.82316201107291,-6.193883884004101]}"
154_1_0,1488.0,2023-06-04,Jagakarsa,"{""geodesic"":false,""type"":""Point"",""coordinates"":[106.83214516391409,-6.15795127263932]}"
154_3_0,1414.0,2023-06-04,Kebon_Jeruk,"{""geodesic"":false,""type"":""Point"",""coordinates"":[106.76926309402573,-6.202867036845296]}"
154_7_0,1171.0,2023-06-04,US_Consulate_Jakarta_Pusat,"{""geodesic"":false,""type"":""Point"",""coordinates"":[106.84112831675529,-6.184900731162906]}"
155_1_0,1212.0,2023-06-05,Jagakarsa,"{""geodesic"":false,""type"":""Point"",""coordinates"":[106.83214516391409,-6.15795127263932]}"
155_2_0,960.0,2023-06-05,Jalan_BDN_II,"{""geodesic"":false,""type"":""Point"",""coordinates"":[106.79621255254932,-6.283715412416053]}"
155_4_0,1210.0,2023-06-05,Kelapa_Gading,"{""geodesic"":false,""type"":""Point"",""coordinates"":[106.90401038664366,-6.15795127263932]}"
155_5_0,1150.0,2023-06-05,Komp_Angkasa_Pura_Jakarta_Pusat,"{""geodesic"":false,""type"":""Point"",""coordinates"":[106.84112831675529,-6.148968119798125]}"
158_1_0,443.0,2023-06-08,Jagakarsa,"{""geodesic"":false,""type"":""Point"",""coordinates"":[106.83214516391409,-6.15795127263932]}"
158_3_0,525.0,2023-06-08,Kebon_Jeruk,"{""geodesic"":false,""type"":""Point"",""coordinates"":[106.76926309402573,-6.202867036845296]}"
158_4_0,405.0,2023-06-08,Kelapa_Gading,"{""geodesic"":false,""type"":""Point"",""coordinates"":[106.90401038664366,-6.15795127263932]}"
159_0_0,153.0,2023-06-09,Bundaran_Hotel_Indonesia,"{""geodesic"":false,""type"":""Point"",""coordinates"":[106.82316201107291,-6.193883884004101]}"
159_1_0,180.0,2023-06-09,Jagakarsa,"{""geodesic"":false,""type"":""Point"",""coordinates"":[106.83214516391409,-6.15795127263932]}"
159_2_0,280.0,2023-06-09,Jalan_BDN_II,"{""geodesic"":false,""type"":""Point"",""coordinates"":[106.79621255254932,-6.283715412416053]}"
159_3_0,82.0,2023-06-09,Kebon_Jeruk,"{""geodesic"":false,""type"":""Point"",""coordinates"":[106.76926309402573,-6.202867036845296]}"
159_4_0,213.0,2023-06-09,Kelapa_Gading,"{""geodesic"":false,""type"":""Point"",""coordinates"":[106.90401038664366,-6.15795127263932]}"
159_5_0,140.0,2023-06-09,Komp_Angkasa_Pura_Jakarta_Pusat,"{""geodesic"":false,""type"":""Point"",""coordinates"":[106.84112831675529,-6.148968119798125]}"
159_6_0,408.0,2023-06-09,Lubang_Buaya,"{""geodesic"":false,""type"":""Point"",""coordinates"":[106.89502723380247,-6.301681718098443]}"
159_7_0,93.0,2023-06-09,US_Consulate_Jakarta_Pusat,"{""geodesic"":false,""type"":""Point"",""coordinates"":[106.84112831675529,-6.184900731162906]}"
161_0_0,249.0,2023-06-11,Bundaran_Hotel_Indonesia,"{""geodesic"":false,""type"":""Point"",""coordinates"":[106.82316201107291,-6.193883884004101]}"
161_2_0,355.0,2023-06-11,Jalan_BDN_II,"{""geodesic"":false,""type"":""Point"",""coordinates"":[106.79621255254932,-6.283715412416053]}"
161_3_0,273.0,2023-06-11,Kebon_Jeruk,"{""geodesic"":false,""type"":""Point"",""coordinates"":[106.76926309402573,-6.202867036845296]}"
161_6_0,368.0,2023-06-11,Lubang_Buaya,"{""geodesic"":false,""type"":""Point"",""coordinates"":[106.89502723380247,-6.301681718098443]}"
161_7_0,246.0,2023-06-11,US_Consulate_Jakarta_Pusat,"{""geodesic"":false,""type"":""Point"",""coordinates"":[106.84112831675529,-6.184900731162906]}"
165_2_0,480.0,2023-06-15,Jalan_BDN_II,"{""geodesic"":false,""type"":""Point"",""coordinates"":[106.79621255254932,-6.283715412416053]}"
165_3_0,567.0,2023-06-15,Kebon_Jeruk,"{""geodesic"":false,""type"":""Point"",""coordinates"":[106.76926309402573,-6.202867036845296]}"
170_0_0,176.0,2023-06-20,Bundaran_Hotel_Indonesia,"{""geodesic"":false,""type"":""Point"",""coordinates"":[106.82316201107291,-6.193883884004101]}"
170_1_0,436.0,2023-06-20,Jagakarsa,"{""geodesic"":false,""type"":""Point"",""coordinates"":[106.83214516391409,-6.15795127263932]}"
170_2_0,145.0,2023-06-20,Jalan_BDN_II,"{""geodesic"":false,""type"":""Point"",""coordinates"":[106.79621255254932,-6.283715412416053]}"
170_3_0,163.0,2023-06-20,Kebon_Jeruk,"{""geodesic"":false,""type"":""Point"",""coordinates"":[106.76926309402573,-6.202867036845296]}"
170_5_0,492.0,2023-06-20,Komp_Angkasa_Pura_Jakarta_Pusat,"{""geodesic"":false,""type"":""Point"",""coordinates"":[106.84112831675529,-6.148968119798125]}"
170_7_0,179.0,2023-06-20,US_Consulate_Jakarta_Pusat,"{""geodesic"":false,""type"":""Point"",""coordinates"":[106.84112831675529,-6.184900731162906]}"
171_3_0,544.0,2023-06-21,Kebon_Jeruk,"{""geodesic"":false,""type"":""Point"",""coordinates"":[106.76926309402573,-6.202867036845296]}"
177_2_0,586.0,2023-06-27,Jalan_BDN_II,"{""geodesic"":false,""type"":""Point"",""coordinates"":[106.79621255254932,-6.283715412416053]}"
178_0_0,278.0,2023-06-28,Bundaran_Hotel_Indonesia,"{""geodesic"":false,""type"":""Point"",""coordinates"":[106.82316201107291,-6.193883884004101]}"
178_2_0,261.0,2023-06-28,Jalan_BDN_II,"{""geodesic"":false,""type"":""Point"",""coordinates"":[106.79621255254932,-6.283715412416053]}"
178_3_0,285.0,2023-06-28,Kebon_Jeruk,"{""geodesic"":false,""type"":""Point"",""coordinates"":[106.76926309402573,-6.202867036845296]}"
178_6_0,176.0,2023-06-28,Lubang_Buaya,"{""geodesic"":false,""type"":""Point"",""coordinates"":[106.89502723380247,-6.301681718098443]}"
178_7_0,283.0,2023-06-28,US_Consulate_Jakarta_Pusat,"{""geodesic"":false,""type"":""Point"",""coordinates"":[106.84112831675529,-6.184900731162906]}"
179_0_0,395.0,2023-06-29,Bundaran_Hotel_Indonesia,"{""geodesic"":false,""type"":""Point"",""coordinates"":[106.82316201107291,-6.193883884004101]}"
179_1_0,457.0,2023-06-29,Jagakarsa,"{""geodesic"":false,""type"":""Point"",""coordinates"":[106.83214516391409,-6.15795127263932]}"
179_2_0,351.0,2023-06-29,Jalan_BDN_II,"{""geodesic"":false,""type"":""Point"",""coordinates"":[106.79621255254932,-6.283715412416053]}"
179_3_0,416.0,2023-06-29,Kebon_Jeruk,"{""geodesic"":false,""type"":""Point"",""coordinates"":[106.76926309402573,-6.202867036845296]}"
179_4_0,512.0,2023-06-29,Kelapa_Gading,"{""geodesic"":false,""type"":""Point"",""coordinates"":[106.90401038664366,-6.15795127263932]}"
179_5_0,428.0,2023-06-29,Komp_Angkasa_Pura_Jakarta_Pusat,"{""geodesic"":false,""type"":""Point"",""coordinates"":[106.84112831675529,-6.148968119798125]}"
179_7_0,409.0,2023-06-29,US_Consulate_Jakarta_Pusat,"{""geodesic"":false,""type"":""Point"",""coordinates"":[106.84112831675529,-6.184900731162906]}"
180_0_0,285.0,2023-06-30,Bundaran_Hotel_Indonesia,"{""geodesic"":false,""type"":""Point"",""coordinates"":[106.82316201107291,-6.193883884004101]}"
180_2_0,363.0,2023-06-30,Jalan_BDN_II,"{""geodesic"":false,""type"":""Point"",""coordinates"":[106.79621255254932,-6.283715412416053]}"
180_3_0,353.0,2023-06-30,Kebon_Jeruk,"{""geodesic"":false,""type"":""Point"",""coordinates"":[106.76926309402573,-6.202867036845296]}"
180_6_0,394.0,2023-06-30,Lubang_Buaya,"{""geodesic"":false,""type"":""Point"",""coordinates"":[106.89502723380247,-6.301681718098443]}"
180_7_0,296.0,2023-06-30,US_Consulate_Jakarta_Pusat,"{""geodesic"":false,""type"":""Point"",""coordinates"":[106.84112831675529,-6.184900731162906]}"
183_6_0,511.0,2023-07-03,Lubang_Buaya,"{""geodesic"":false,""type"":""Point"",""coordinates"":[106.89502723380247,-6.301681718098443]}"
185_2_0,327.0,2023-07-05,Jalan_BDN_II,"{""geodesic"":false,""type"":""Point"",""coordinates"":[106.79621255254932,-6.283715412416053]}"
185_3_0,287.0,2023-07-05,Kebon_Jeruk,"{""geodesic"":false,""type"":""Point"",""coordinates"":[106.76926309402573,-6.202867036845296]}"
185_6_0,393.0,2023-07-05,Lubang_Buaya,"{""geodesic"":false,""type"":""Point"",""coordinates"":[106.89502723380247,-6.301681718098443]}"
192_0_0,1166.0,2023-07-12,Bundaran_Hotel_Indonesia,"{""geodesic"":false,""type"":""Point"",""coordinates"":[106.82316201107291,-6.193883884004101]}"
192_1_0,1845.0,2023-07-12,Jagakarsa,"{""geodesic"":false,""type"":""Point"",""coordinates"":[106.83214516391409,-6.15795127263932]}"
192_2_0,638.0,2023-07-12,Jalan_BDN_II,"{""geodesic"":false,""type"":""Point"",""coordinates"":[106.79621255254932,-6.283715412416053]}"
192_3_0,643.0,2023-07-12,Kebon_Jeruk,"{""geodesic"":false,""type"":""Point"",""coordinates"":[106.76926309402573,-6.202867036845296]}"
192_4_0,1562.0,2023-07-12,Kelapa_Gading,"{""geodesic"":false,""type"":""Point"",""coordinates"":[106.90401038664366,-6.15795127263932]}"
192_5_0,1828.0,2023-07-12,Komp_Angkasa_Pura_Jakarta_Pusat,"{""geodesic"":false,""type"":""Point"",""coordinates"":[106.84112831675529,-6.148968119798125]}"
192_6_0,560.0,2023-07-12,Lubang_Buaya,"{""geodesic"":false,""type"":""Point"",""coordinates"":[106.89502723380247,-6.301681718098443]}"
192_7_0,1133.5,2023-07-12,US_Consulate_Jakarta_Pusat,"{""geodesic"":false,""type"":""Point"",""coordinates"":[106.84112831675529,-6.184900731162906]}"
194_0_0,409.0,2023-07-14,Bundaran_Hotel_Indonesia,"{""geodesic"":false,""type"":""Point"",""coordinates"":[106.82316201107291,-6.193883884004101]}"
194_2_0,419.0,2023-07-14,Jalan_BDN_II,"{""geodesic"":false,""type"":""Point"",""coordinates"":[106.79621255254932,-6.283715412416053]}"
194_3_0,464.0,2023-07-14,Kebon_Jeruk,"{""geodesic"":false,""type"":""Point"",""coordinates"":[106.76926309402573,-6.202867036845296]}"
194_4_0,679.0,2023-07-14,Kelapa_Gading,"{""geodesic"":false,""type"":""Point"",""coordinates"":[106.90401038664366,-6.15795127263932]}"
194_6_0,406.0,2023-07-14,Lubang_Buaya,"{""geodesic"":false,""type"":""Point"",""coordinates"":[106.89502723380247,-6.301681718098443]}"
194_7_0,444.0,2023-07-14,US_Consulate_Jakarta_Pusat,"{""geodesic"":false,""type"":""Point"",""coordinates"":[106.84112831675529,-6.184900731162906]}"
195_3_0,354.0,2023-07-15,Kebon_Jeruk,"{""geodesic"":false,""type"":""Point"",""coordinates"":[106.76926309402573,-6.202867036845296]}"
197_0_0,386.0,2023-07-17,Bundaran_Hotel_Indonesia,"{""geodesic"":false,""type"":""Point"",""coordinates"":[106.82316201107291,-6.193883884004101]}"
197_2_0,485.0,2023-07-17,Jalan_BDN_II,"{""geodesic"":false,""type"":""Point"",""coordinates"":[106.79621255254932,-6.283715412416053]}"
197_3_0,391.0,2023-07-17,Kebon_Jeruk,"{""geodesic"":false,""type"":""Point"",""coordinates"":[106.76926309402573,-6.202867036845296]}"
197_6_0,413.0,2023-07-17,Lubang_Buaya,"{""geodesic"":false,""type"":""Point"",""coordinates"":[106.89502723380247,-6.301681718098443]}"
197_7_0,397.0,2023-07-17,US_Consulate_Jakarta_Pusat,"{""geodesic"":false,""type"":""Point"",""coordinates"":[106.84112831675529,-6.184900731162906]}"
198_0_0,137.0,2023-07-18,Bundaran_Hotel_Indonesia,"{""geodesic"":false,""type"":""Point"",""coordinates"":[106.82316201107291,-6.193883884004101]}"
198_1_0,117.0,2023-07-18,Jagakarsa,"{""geodesic"":false,""type"":""Point"",""coordinates"":[106.83214516391409,-6.15795127263932]}"
198_2_0,244.0,2023-07-18,Jalan_BDN_II,"{""geodesic"":false,""type"":""Point"",""coordinates"":[106.79621255254932,-6.283715412416053]}"
198_4_0,484.0,2023-07-18,Kelapa_Gading,"{""geodesic"":false,""type"":""Point"",""coordinates"":[106.90401038664366,-6.15795127263932]}"
198_6_0,446.0,2023-07-18,Lubang_Buaya,"{""geodesic"":false,""type"":""Point"",""coordinates"":[106.89502723380247,-6.301681718098443]}"
198_7_0,72.0,2023-07-18,US_Consulate_Jakarta_Pusat,"{""geodesic"":false,""type"":""Point"",""coordinates"":[106.84112831675529,-6.184900731162906]}"
199_0_0,124.0,2023-07-19,Bundaran_Hotel_Indonesia,"{""geodesic"":false,""type"":""Point"",""coordinates"":[106.82316201107291,-6.193883884004101]}"
199_1_0,276.0,2023-07-19,Jagakarsa,"{""geodesic"":false,""type"":""Point"",""coordinates"":[106.83214516391409,-6.15795127263932]}"
199_2_0,232.5,2023-07-19,Jalan_BDN_II,"{""geodesic"":false,""type"":""Point"",""coordinates"":[106.79621255254932,-6.283715412416053]}"
199_3_0,231.0,2023-07-19,Kebon_Jeruk,"{""geodesic"":false,""type"":""Point"",""coordinates"":[106.76926309402573,-6.202867036845296]}"
199_4_0,236.0,2023-07-19,Kelapa_Gading,"{""geodesic"":false,""type"":""Point"",""coordinates"":[106.90401038664366,-6.15795127263932]}"
199_5_0,381.0,2023-07-19,Komp_Angkasa_Pura_Jakarta_Pusat,"{""geodesic"":false,""type"":""Point"",""coordinates"":[106.84112831675529,-6.148968119798125]}"
199_6_0,187.0,2023-07-19,Lubang_Buaya,"{""geodesic"":false,""type"":""Point"",""coordinates"":[106.89502723380247,-6.301681718098443]}"
199_7_0,148.5,2023-07-19,US_Consulate_Jakarta_Pusat,"{""geodesic"":false,""type"":""Point"",""coordinates"":[106.84112831675529,-6.184900731162906]}"
200_0_0,204.0,2023-07-20,Bundaran_Hotel_Indonesia,"{""geodesic"":false,""type"":""Point"",""coordinates"":[106.82316201107291,-6.193883884004101]}"
200_1_0,189.0,2023-07-20,Jagakarsa,"{""geodesic"":false,""type"":""Point"",""coordinates"":[106.83214516391409,-6.15795127263932]}"
200_2_0,240.0,2023-07-20,Jalan_BDN_II,"{""geodesic"":false,""type"":""Point"",""coordinates"":[106.79621255254932,-6.283715412416053]}"
200_3_0,186.0,2023-07-20,Kebon_Jeruk,"{""geodesic"":false,""type"":""Point"",""coordinates"":[106.76926309402573,-6.202867036845296]}"
200_4_0,251.0,2023-07-20,Kelapa_Gading,"{""geodesic"":false,""type"":""Point"",""coordinates"":[106.90401038664366,-6.15795127263932]}"
200_5_0,114.0,2023-07-20,Komp_Angkasa_Pura_Jakarta_Pusat,"{""geodesic"":false,""type"":""Point"",""coordinates"":[106.84112831675529,-6.148968119798125]}"
200_6_0,159.0,2023-07-20,Lubang_Buaya,"{""geodesic"":false,""type"":""Point"",""coordinates"":[106.89502723380247,-6.301681718098443]}"
200_7_0,162.0,2023-07-20,US_Consulate_Jakarta_Pusat,"{""geodesic"":false,""type"":""Point"",""coordinates"":[106.84112831675529,-6.184900731162906]}"
201_3_0,841.0,2023-07-21,Kebon_Jeruk,"{""geodesic"":false,""type"":""Point"",""coordinates"":[106.76926309402573,-6.202867036845296]}"
201_7_0,759.0,2023-07-21,US_Consulate_Jakarta_Pusat,"{""geodesic"":false,""type"":""Point"",""coordinates"":[106.84112831675529,-6.184900731162906]}"
202_1_0,882.0,2023-07-22,Jagakarsa,"{""geodesic"":false,""type"":""Point"",""coordinates"":[106.83214516391409,-6.15795127263932]}"
202_5_0,774.0,2023-07-22,Komp_Angkasa_Pura_Jakarta_Pusat,"{""geodesic"":false,""type"":""Point"",""coordinates"":[106.84112831675529,-6.148968119798125]}"
202_6_0,1161.0,2023-07-22,Lubang_Buaya,"{""geodesic"":false,""type"":""Point"",""coordinates"":[106.89502723380247,-6.301681718098443]}"
203_0_0,671.0,2023-07-23,Bundaran_Hotel_Indonesia,"{""geodesic"":false,""type"":""Point"",""coordinates"":[106.82316201107291,-6.193883884004101]}"
203_1_0,668.0,2023-07-23,Jagakarsa,"{""geodesic"":false,""type"":""Point"",""coordinates"":[106.83214516391409,-6.15795127263932]}"
203_2_0,672.0,2023-07-23,Jalan_BDN_II,"{""geodesic"":false,""type"":""Point"",""coordinates"":[106.79621255254932,-6.283715412416053]}"
203_3_0,634.0,2023-07-23,Kebon_Jeruk,"{""geodesic"":false,""type"":""Point"",""coordinates"":[106.76926309402573,-6.202867036845296]}"
203_4_0,686.0,2023-07-23,Kelapa_Gading,"{""geodesic"":false,""type"":""Point"",""coordinates"":[106.90401038664366,-6.15795127263932]}"
203_5_0,639.0,2023-07-23,Komp_Angkasa_Pura_Jakarta_Pusat,"{""geodesic"":false,""type"":""Point"",""coordinates"":[106.84112831675529,-6.148968119798125]}"
203_6_0,703.0,2023-07-23,Lubang_Buaya,"{""geodesic"":false,""type"":""Point"",""coordinates"":[106.89502723380247,-6.301681718098443]}"
203_7_0,728.0,2023-07-23,US_Consulate_Jakarta_Pusat,"{""geodesic"":false,""type"":""Point"",""coordinates"":[106.84112831675529,-6.184900731162906]}"
210_4_0,867.0,2023-07-30,Kelapa_Gading,"{""geodesic"":false,""type"":""Point"",""coordinates"":[106.90401038664366,-6.15795127263932]}"
210_6_0,810.0,2023-07-30,Lubang_Buaya,"{""geodesic"":false,""type"":""Point"",""coordinates"":[106.89502723380247,-6.301681718098443]}"
211_0_0,596.0,2023-07-31,Bundaran_Hotel_Indonesia,"{""geodesic"":false,""type"":""Point"",""coordinates"":[106.82316201107291,-6.193883884004101]}"
211_2_0,556.0,2023-07-31,Jalan_BDN_II,"{""geodesic"":false,""type"":""Point"",""coordinates"":[106.79621255254932,-6.283715412416053]}"
211_3_0,681.0,2023-07-31,Kebon_Jeruk,"{""geodesic"":false,""type"":""Point"",""coordinates"":[106.76926309402573,-6.202867036845296]}"
211_6_0,499.0,2023-07-31,Lubang_Buaya,"{""geodesic"":false,""type"":""Point"",""coordinates"":[106.89502723380247,-6.301681718098443]}"
211_7_0,611.0,2023-07-31,US_Consulate_Jakarta_Pusat,"{""geodesic"":false,""type"":""Point"",""coordinates"":[106.84112831675529,-6.184900731162906]}"
212_0_0,130.0,2023-08-01,Bundaran_Hotel_Indonesia,"{""geodesic"":false,""type"":""Point"",""coordinates"":[106.82316201107291,-6.193883884004101]}"
212_1_0,211.0,2023-08-01,Jagakarsa,"{""geodesic"":false,""type"":""Point"",""coordinates"":[106.83214516391409,-6.15795127263932]}"
212_2_0,101.0,2023-08-01,Jalan_BDN_II,"{""geodesic"":false,""type"":""Point"",""coordinates"":[106.79621255254932,-6.283715412416053]}"
212_3_0,287.0,2023-08-01,Kebon_Jeruk,"{""geodesic"":false,""type"":""Point"",""coordinates"":[106.76926309402573,-6.202867036845296]}"
212_4_0,257.0,2023-08-01,Kelapa_Gading,"{""geodesic"":false,""type"":""Point"",""coordinates"":[106.90401038664366,-6.15795127263932]}"
212_5_0,120.0,2023-08-01,Komp_Angkasa_Pura_Jakarta_Pusat,"{""geodesic"":false,""type"":""Point"",""coordinates"":[106.84112831675529,-6.148968119798125]}"
212_6_0,62.0,2023-08-01,Lubang_Buaya,"{""geodesic"":false,""type"":""Point"",""coordinates"":[106.89502723380247,-6.301681718098443]}"
212_7_0,209.0,2023-08-01,US_Consulate_Jakarta_Pusat,"{""geodesic"":false,""type"":""Point"",""coordinates"":[106.84112831675529,-6.184900731162906]}"
215_0_0,737.0,2023-08-04,Bundaran_Hotel_Indonesia,"{""geodesic"":false,""type"":""Point"",""coordinates"":[106.82316201107291,-6.193883884004101]}"
215_1_0,628.0,2023-08-04,Jagakarsa,"{""geodesic"":false,""type"":""Point"",""coordinates"":[106.83214516391409,-6.15795127263932]}"
215_2_0,642.0,2023-08-04,Jalan_BDN_II,"{""geodesic"":false,""type"":""Point"",""coordinates"":[106.79621255254932,-6.283715412416053]}"
215_3_0,823.0,2023-08-04,Kebon_Jeruk,"{""geodesic"":false,""type"":""Point"",""coordinates"":[106.76926309402573,-6.202867036845296]}"
215_4_0,540.0,2023-08-04,Kelapa_Gading,"{""geodesic"":false,""type"":""Point"",""coordinates"":[106.90401038664366,-6.15795127263932]}"
215_5_0,548.0,2023-08-04,Komp_Angkasa_Pura_Jakarta_Pusat,"{""geodesic"":false,""type"":""Point"",""coordinates"":[106.84112831675529,-6.148968119798125]}"
215_6_0,609.0,2023-08-04,Lubang_Buaya,"{""geodesic"":false,""type"":""Point"",""coordinates"":[106.89502723380247,-6.301681718098443]}"
215_7_0,603.0,2023-08-04,US_Consulate_Jakarta_Pusat,"{""geodesic"":false,""type"":""Point"",""coordinates"":[106.84112831675529,-6.184900731162906]}"
216_4_0,283.0,2023-08-05,Kelapa_Gading,"{""geodesic"":false,""type"":""Point"",""coordinates"":[106.90401038664366,-6.15795127263932]}"
216_6_0,589.5,2023-08-05,Lubang_Buaya,"{""geodesic"":false,""type"":""Point"",""coordinates"":[106.89502723380247,-6.301681718098443]}"
217_0_0,637.0,2023-08-06,Bundaran_Hotel_Indonesia,"{""geodesic"":false,""type"":""Point"",""coordinates"":[106.82316201107291,-6.193883884004101]}"
217_2_0,568.0,2023-08-06,Jalan_BDN_II,"{""geodesic"":false,""type"":""Point"",""coordinates"":[106.79621255254932,-6.283715412416053]}"
217_3_0,614.0,2023-08-06,Kebon_Jeruk,"{""geodesic"":false,""type"":""Point"",""coordinates"":[106.76926309402573,-6.202867036845296]}"
217_4_0,743.0,2023-08-06,Kelapa_Gading,"{""geodesic"":false,""type"":""Point"",""coordinates"":[106.90401038664366,-6.15795127263932]}"
217_6_0,527.0,2023-08-06,Lubang_Buaya,"{""geodesic"":false,""type"":""Point"",""coordinates"":[106.89502723380247,-6.301681718098443]}"
217_7_0,656.0,2023-08-06,US_Consulate_Jakarta_Pusat,"{""geodesic"":false,""type"":""Point"",""coordinates"":[106.84112831675529,-6.184900731162906]}"
218_2_0,972.0,2023-08-07,Jalan_BDN_II,"{""geodesic"":false,""type"":""Point"",""coordinates"":[106.79621255254932,-6.283715412416053]}"
219_1_0,371.0,2023-08-08,Jagakarsa,"{""geodesic"":false,""type"":""Point"",""coordinates"":[106.83214516391409,-6.15795127263932]}"
219_3_0,505.0,2023-08-08,Kebon_Jeruk,"{""geodesic"":false,""type"":""Point"",""coordinates"":[106.76926309402573,-6.202867036845296]}"
219_4_0,310.0,2023-08-08,Kelapa_Gading,"{""geodesic"":false,""type"":""Point"",""coordinates"":[106.90401038664366,-6.15795127263932]}"
219_5_0,335.0,2023-08-08,Komp_Angkasa_Pura_Jakarta_Pusat,"{""geodesic"":false,""type"":""Point"",""coordinates"":[106.84112831675529,-6.148968119798125]}"
219_6_0,544.0,2023-08-08,Lubang_Buaya,"{""geodesic"":false,""type"":""Point"",""coordinates"":[106.89502723380247,-6.301681718098443]}"
219_7_0,528.0,2023-08-08,US_Consulate_Jakarta_Pusat,"{""geodesic"":false,""type"":""Point"",""coordinates"":[106.84112831675529,-6.184900731162906]}"
221_0_0,671.0,2023-08-10,Bundaran_Hotel_Indonesia,"{""geodesic"":false,""type"":""Point"",""coordinates"":[106.82316201107291,-6.193883884004101]}"
221_1_0,577.0,2023-08-10,Jagakarsa,"{""geodesic"":false,""type"":""Point"",""coordinates"":[106.83214516391409,-6.15795127263932]}"
221_3_0,958.0,2023-08-10,Kebon_Jeruk,"{""geodesic"":false,""type"":""Point"",""coordinates"":[106.76926309402573,-6.202867036845296]}"
221_4_0,560.0,2023-08-10,Kelapa_Gading,"{""geodesic"":false,""type"":""Point"",""coordinates"":[106.90401038664366,-6.15795127263932]}"
221_5_0,499.0,2023-08-10,Komp_Angkasa_Pura_Jakarta_Pusat,"{""geodesic"":false,""type"":""Point"",""coordinates"":[106.84112831675529,-6.148968119798125]}"
221_7_0,595.0,2023-08-10,US_Consulate_Jakarta_Pusat,"{""geodesic"":false,""type"":""Point"",""coordinates"":[106.84112831675529,-6.184900731162906]}"
223_0_0,767.0,2023-08-12,Bundaran_Hotel_Indonesia,"{""geodesic"":false,""type"":""Point"",""coordinates"":[106.82316201107291,-6.193883884004101]}"
223_2_0,840.0,2023-08-12,Jalan_BDN_II,"{""geodesic"":false,""type"":""Point"",""coordinates"":[106.79621255254932,-6.283715412416053]}"
223_7_0,806.0,2023-08-12,US_Consulate_Jakarta_Pusat,"{""geodesic"":false,""type"":""Point"",""coordinates"":[106.84112831675529,-6.184900731162906]}"
226_0_0,892.0,2023-08-15,Bundaran_Hotel_Indonesia,"{""geodesic"":false,""type"":""Point"",""coordinates"":[106.82316201107291,-6.193883884004101]}"
226_1_0,1020.0,2023-08-15,Jagakarsa,"{""geodesic"":false,""type"":""Point"",""coordinates"":[106.83214516391409,-6.15795127263932]}"
226_2_0,565.0,2023-08-15,Jalan_BDN_II,"{""geodesic"":false,""type"":""Point"",""coordinates"":[106.79621255254932,-6.283715412416053]}"
226_3_0,1041.5,2023-08-15,Kebon_Jeruk,"{""geodesic"":false,""type"":""Point"",""coordinates"":[106.76926309402573,-6.202867036845296]}"
226_5_0,964.0,2023-08-15,Komp_Angkasa_Pura_Jakarta_Pusat,"{""geodesic"":false,""type"":""Point"",""coordinates"":[106.84112831675529,-6.148968119798125]}"
226_6_0,571.0,2023-08-15,Lubang_Buaya,"{""geodesic"":false,""type"":""Point"",""coordinates"":[106.89502723380247,-6.301681718098443]}"
226_7_0,841.5,2023-08-15,US_Consulate_Jakarta_Pusat,"{""geodesic"":false,""type"":""Point"",""coordinates"":[106.84112831675529,-6.184900731162906]}"
228_0_0,446.0,2023-08-17,Bundaran_Hotel_Indonesia,"{""geodesic"":false,""type"":""Point"",""coordinates"":[106.82316201107291,-6.193883884004101]}"
228_1_0,406.0,2023-08-17,Jagakarsa,"{""geodesic"":false,""type"":""Point"",""coordinates"":[106.83214516391409,-6.15795127263932]}"
228_2_0,562.0,2023-08-17,Jalan_BDN_II,"{""geodesic"":false,""type"":""Point"",""coordinates"":[106.79621255254932,-6.283715412416053]}"
228_3_0,591.0,2023-08-17,Kebon_Jeruk,"{""geodesic"":false,""type"":""Point"",""coordinates"":[106.76926309402573,-6.202867036845296]}"
228_4_0,376.0,2023-08-17,Kelapa_Gading,"{""geodesic"":false,""type"":""Point"",""coordinates"":[106.90401038664366,-6.15795127263932]}"
228_5_0,227.0,2023-08-17,Komp_Angkasa_Pura_Jakarta_Pusat,"{""geodesic"":false,""type"":""Point"",""coordinates"":[106.84112831675529,-6.148968119798125]}"
228_6_0,455.0,2023-08-17,Lubang_Buaya,"{""geodesic"":false,""type"":""Point"",""coordinates"":[106.89502723380247,-6.301681718098443]}"
228_7_0,326.0,2023-08-17,US_Consulate_Jakarta_Pusat,"{""geodesic"":false,""type"":""Point"",""coordinates"":[106.84112831675529,-6.184900731162906]}"
229_0_0,555.0,2023-08-18,Bundaran_Hotel_Indonesia,"{""geodesic"":false,""type"":""Point"",""coordinates"":[106.82316201107291,-6.193883884004101]}"
229_1_0,511.0,2023-08-18,Jagakarsa,"{""geodesic"":false,""type"":""Point"",""coordinates"":[106.83214516391409,-6.15795127263932]}"
229_2_0,603.0,2023-08-18,Jalan_BDN_II,"{""geodesic"":false,""type"":""Point"",""coordinates"":[106.79621255254932,-6.283715412416053]}"
229_3_0,612.0,2023-08-18,Kebon_Jeruk,"{""geodesic"":false,""type"":""Point"",""coordinates"":[106.76926309402573,-6.202867036845296]}"
229_4_0,574.0,2023-08-18,Kelapa_Gading,"{""geodesic"":false,""type"":""Point"",""coordinates"":[106.90401038664366,-6.15795127263932]}"
229_5_0,528.0,2023-08-18,Komp_Angkasa_Pura_Jakarta_Pusat,"{""geodesic"":false,""type"":""Point"",""coordinates"":[106.84112831675529,-6.148968119798125]}"
230_1_0,671.0,2023-08-19,Jagakarsa,"{""geodesic"":false,""type"":""Point"",""coordinates"":[106.83214516391409,-6.15795127263932]}"
230_2_0,619.0,2023-08-19,Jalan_BDN_II,"{""geodesic"":false,""type"":""Point"",""coordinates"":[106.79621255254932,-6.283715412416053]}"
230_3_0,595.0,2023-08-19,Kebon_Jeruk,"{""geodesic"":false,""type"":""Point"",""coordinates"":[106.76926309402573,-6.202867036845296]}"
230_5_0,797.0,2023-08-19,Komp_Angkasa_Pura_Jakarta_Pusat,"{""geodesic"":false,""type"":""Point"",""coordinates"":[106.84112831675529,-6.148968119798125]}"
230_6_0,570.0,2023-08-19,Lubang_Buaya,"{""geodesic"":false,""type"":""Point"",""coordinates"":[106.89502723380247,-6.301681718098443]}"
231_3_0,657.0,2023-08-20,Kebon_Jeruk,"{""geodesic"":false,""type"":""Point"",""coordinates"":[106.76926309402573,-6.202867036845296]}"
231_4_0,577.0,2023-08-20,Kelapa_Gading,"{""geodesic"":false,""type"":""Point"",""coordinates"":[106.90401038664366,-6.15795127263932]}"
231_6_0,690.0,2023-08-20,Lubang_Buaya,"{""geodesic"":false,""type"":""Point"",""coordinates"":[106.89502723380247,-6.301681718098443]}"
231_7_0,678.0,2023-08-20,US_Consulate_Jakarta_Pusat,"{""geodesic"":false,""type"":""Point"",""coordinates"":[106.84112831675529,-6.184900731162906]}"
233_0_0,486.5,2023-08-22,Bundaran_Hotel_Indonesia,"{""geodesic"":false,""type"":""Point"",""coordinates"":[106.82316201107291,-6.193883884004101]}"
233_2_0,494.0,2023-08-22,Jalan_BDN_II,"{""geodesic"":false,""type"":""Point"",""coordinates"":[106.79621255254932,-6.283715412416053]}"
233_3_0,435.0,2023-08-22,Kebon_Jeruk,"{""geodesic"":false,""type"":""Point"",""coordinates"":[106.76926309402573,-6.202867036845296]}"
233_6_0,542.5,2023-08-22,Lubang_Buaya,"{""geodesic"":false,""type"":""Point"",""coordinates"":[106.89502723380247,-6.301681718098443]}"
233_7_0,567.0,2023-08-22,US_Consulate_Jakarta_Pusat,"{""geodesic"":false,""type"":""Point"",""coordinates"":[106.84112831675529,-6.184900731162906]}"
234_2_0,761.0,2023-08-23,Jalan_BDN_II,"{""geodesic"":false,""type"":""Point"",""coordinates"":[106.79621255254932,-6.283715412416053]}"
234_6_0,793.0,2023-08-23,Lubang_Buaya,"{""geodesic"":false,""type"":""Point"",""coordinates"":[106.89502723380247,-6.301681718098443]}"
234_7_0,898.0,2023-08-23,US_Consulate_Jakarta_Pusat,"{""geodesic"":false,""type"":""Point"",""coordinates"":[106.84112831675529,-6.184900731162906]}"
235_0_0,425.5,2023-08-24,Bundaran_Hotel_Indonesia,"{""geodesic"":false,""type"":""Point"",""coordinates"":[106.82316201107291,-6.193883884004101]}"
235_2_0,465.0,2023-08-24,Jalan_BDN_II,"{""geodesic"":false,""type"":""Point"",""coordinates"":[106.79621255254932,-6.283715412416053]}"
235_3_0,457.0,2023-08-24,Kebon_Jeruk,"{""geodesic"":false,""type"":""Point"",""coordinates"":[106.76926309402573,-6.202867036845296]}"
235_4_0,393.0,2023-08-24,Kelapa_Gading,"{""geodesic"":false,""type"":""Point"",""coordinates"":[106.90401038664366,-6.15795127263932]}"
235_5_0,413.0,2023-08-24,Komp_Angkasa_Pura_Jakarta_Pusat,"{""geodesic"":false,""type"":""Point"",""coordinates"":[106.84112831675529,-6.148968119798125]}"
235_6_0,542.0,2023-08-24,Lubang_Buaya,"{""geodesic"":false,""type"":""Point"",""coordinates"":[106.89502723380247,-6.301681718098443]}"
235_7_0,431.0,2023-08-24,US_Consulate_Jakarta_Pusat,"{""geodesic"":false,""type"":""Point"",""coordinates"":[106.84112831675529,-6.184900731162906]}"
236_0_0,941.0,2023-08-25,Bundaran_Hotel_Indonesia,"{""geodesic"":false,""type"":""Point"",""coordinates"":[106.82316201107291,-6.193883884004101]}"
236_1_0,1199.0,2023-08-25,Jagakarsa,"{""geodesic"":false,""type"":""Point"",""coordinates"":[106.83214516391409,-6.15795127263932]}"
236_2_0,990.0,2023-08-25,Jalan_BDN_II,"{""geodesic"":false,""type"":""Point"",""coordinates"":[106.79621255254932,-6.283715412416053]}"
236_3_0,1476.0,2023-08-25,Kebon_Jeruk,"{""geodesic"":false,""type"":""Point"",""coordinates"":[106.76926309402573,-6.202867036845296]}"
236_5_0,1380.0,2023-08-25,Komp_Angkasa_Pura_Jakarta_Pusat,"{""geodesic"":false,""type"":""Point"",""coordinates"":[106.84112831675529,-6.148968119798125]}"
236_6_0,827.0,2023-08-25,Lubang_Buaya,"{""geodesic"":false,""type"":""Point"",""coordinates"":[106.89502723380247,-6.301681718098443]}"
236_7_0,812.0,2023-08-25,US_Consulate_Jakarta_Pusat,"{""geodesic"":false,""type"":""Point"",""coordinates"":[106.84112831675529,-6.184900731162906]}"
237_1_0,1048.0,2023-08-26,Jagakarsa,"{""geodesic"":false,""type"":""Point"",""coordinates"":[106.83214516391409,-6.15795127263932]}"
238_7_0,1834.0,2023-08-27,US_Consulate_Jakarta_Pusat,"{""geodesic"":false,""type"":""Point"",""coordinates"":[106.84112831675529,-6.184900731162906]}"
240_0_0,472.0,2023-08-29,Bundaran_Hotel_Indonesia,"{""geodesic"":false,""type"":""Point"",""coordinates"":[106.82316201107291,-6.193883884004101]}"
240_1_0,432.0,2023-08-29,Jagakarsa,"{""geodesic"":false,""type"":""Point"",""coordinates"":[106.83214516391409,-6.15795127263932]}"
240_2_0,610.0,2023-08-29,Jalan_BDN_II,"{""geodesic"":false,""type"":""Point"",""coordinates"":[106.79621255254932,-6.283715412416053]}"
240_3_0,472.0,2023-08-29,Kebon_Jeruk,"{""geodesic"":false,""type"":""Point"",""coordinates"":[106.76926309402573,-6.202867036845296]}"
240_4_0,564.0,2023-08-29,Kelapa_Gading,"{""geodesic"":false,""type"":""Point"",""coordinates"":[106.90401038664366,-6.15795127263932]}"
240_7_0,548.0,2023-08-29,US_Consulate_Jakarta_Pusat,"{""geodesic"":false,""type"":""Point"",""coordinates"":[106.84112831675529,-6.184900731162906]}"
241_0_0,544.0,2023-08-30,Bundaran_Hotel_Indonesia,"{""geodesic"":false,""type"":""Point"",""coordinates"":[106.82316201107291,-6.193883884004101]}"
241_3_0,536.0,2023-08-30,Kebon_Jeruk,"{""geodesic"":false,""type"":""Point"",""coordinates"":[106.76926309402573,-6.202867036845296]}"
241_7_0,560.0,2023-08-30,US_Consulate_Jakarta_Pusat,"{""geodesic"":false,""type"":""Point"",""coordinates"":[106.84112831675529,-6.184900731162906]}"
242_0_0,515.0,2023-08-31,Bundaran_Hotel_Indonesia,"{""geodesic"":false,""type"":""Point"",""coordinates"":[106.82316201107291,-6.193883884004101]}"
242_1_0,1192.0,2023-08-31,Jagakarsa,"{""geodesic"":false,""type"":""Point"",""coordinates"":[106.83214516391409,-6.15795127263932]}"
242_2_0,581.0,2023-08-31,Jalan_BDN_II,"{""geodesic"":false,""type"":""Point"",""coordinates"":[106.79621255254932,-6.283715412416053]}"
242_3_0,611.0,2023-08-31,Kebon_Jeruk,"{""geodesic"":false,""type"":""Point"",""coordinates"":[106.76926309402573,-6.202867036845296]}"
242_4_0,781.0,2023-08-31,Kelapa_Gading,"{""geodesic"":false,""type"":""Point"",""coordinates"":[106.90401038664366,-6.15795127263932]}"
242_5_0,987.0,2023-08-31,Komp_Angkasa_Pura_Jakarta_Pusat,"{""geodesic"":false,""type"":""Point"",""coordinates"":[106.84112831675529,-6.148968119798125]}"
242_6_0,538.0,2023-08-31,Lubang_Buaya,"{""geodesic"":false,""type"":""Point"",""coordinates"":[106.89502723380247,-6.301681718098443]}"
242_7_0,511.0,2023-08-31,US_Consulate_Jakarta_Pusat,"{""geodesic"":false,""type"":""Point"",""coordinates"":[106.84112831675529,-6.184900731162906]}"
243_0_0,1040.0,2023-09-01,Bundaran_Hotel_Indonesia,"{""geodesic"":false,""type"":""Point"",""coordinates"":[106.82316201107291,-6.193883884004101]}"
243_7_0,999.0,2023-09-01,US_Consulate_Jakarta_Pusat,"{""geodesic"":false,""type"":""Point"",""coordinates"":[106.84112831675529,-6.184900731162906]}"
244_0_0,1356.0,2023-09-02,Bundaran_Hotel_Indonesia,"{""geodesic"":false,""type"":""Point"",""coordinates"":[106.82316201107291,-6.193883884004101]}"
244_1_0,1350.0,2023-09-02,Jagakarsa,"{""geodesic"":false,""type"":""Point"",""coordinates"":[106.83214516391409,-6.15795127263932]}"
244_5_0,1312.0,2023-09-02,Komp_Angkasa_Pura_Jakarta_Pusat,"{""geodesic"":false,""type"":""Point"",""coordinates"":[106.84112831675529,-6.148968119798125]}"
246_0_0,592.0,2023-09-04,Bundaran_Hotel_Indonesia,"{""geodesic"":false,""type"":""Point"",""coordinates"":[106.82316201107291,-6.193883884004101]}"
246_1_0,500.0,2023-09-04,Jagakarsa,"{""geodesic"":false,""type"":""Point"",""coordinates"":[106.83214516391409,-6.15795127263932]}"
246_7_0,597.0,2023-09-04,US_Consulate_Jakarta_Pusat,"{""geodesic"":false,""type"":""Point"",""coordinates"":[106.84112831675529,-6.184900731162906]}"
247_0_0,222.5,2023-09-05,Bundaran_Hotel_Indonesia,"{""geodesic"":false,""type"":""Point"",""coordinates"":[106.82316201107291,-6.193883884004101]}"
247_1_0,276.0,2023-09-05,Jagakarsa,"{""geodesic"":false,""type"":""Point"",""coordinates"":[106.83214516391409,-6.15795127263932]}"
247_2_0,318.5,2023-09-05,Jalan_BDN_II,"{""geodesic"":false,""type"":""Point"",""coordinates"":[106.79621255254932,-6.283715412416053]}"
247_3_0,297.5,2023-09-05,Kebon_Jeruk,"{""geodesic"":false,""type"":""Point"",""coordinates"":[106.76926309402573,-6.202867036845296]}"
247_4_0,372.0,2023-09-05,Kelapa_Gading,"{""geodesic"":false,""type"":""Point"",""coordinates"":[106.90401038664366,-6.15795127263932]}"
247_6_0,298.5,2023-09-05,Lubang_Buaya,"{""geodesic"":false,""type"":""Point"",""coordinates"":[106.89502723380247,-6.301681718098443]}"
247_7_0,172.0,2023-09-05,US_Consulate_Jakarta_Pusat,"{""geodesic"":false,""type"":""Point"",""coordinates"":[106.84112831675529,-6.184900731162906]}"
248_0_0,401.5,2023-09-06,Bundaran_Hotel_Indonesia,"{""geodesic"":false,""type"":""Point"",""coordinates"":[106.82316201107291,-6.193883884004101]}"
248_1_0,608.0,2023-09-06,Jagakarsa,"{""geodesic"":false,""type"":""Point"",""coordinates"":[106.83214516391409,-6.15795127263932]}"
248_2_0,555.0,2023-09-06,Jalan_BDN_II,"{""geodesic"":false,""type"":""Point"",""coordinates"":[106.79621255254932,-6.283715412416053]}"
248_3_0,602.5,2023-09-06,Kebon_Jeruk,"{""geodesic"":false,""type"":""Point"",""coordinates"":[106.76926309402573,-6.202867036845296]}"
248_4_0,565.0,2023-09-06,Kelapa_Gading,"{""geodesic"":false,""type"":""Point"",""coordinates"":[106.90401038664366,-6.15795127263932]}"
248_5_0,689.0,2023-09-06,Komp_Angkasa_Pura_Jakarta_Pusat,"{""geodesic"":false,""type"":""Point"",""coordinates"":[106.84112831675529,-6.148968119798125]}"
248_6_0,498.0,2023-09-06,Lubang_Buaya,"{""geodesic"":false,""type"":""Point"",""coordinates"":[106.89502723380247,-6.301681718098443]}"
248_7_0,378.0,2023-09-06,US_Consulate_Jakarta_Pusat,"{""geodesic"":false,""type"":""Point"",""coordinates"":[106.84112831675529,-6.184900731162906]}"
250_1_0,120.0,2023-09-08,Jagakarsa,"{""geodesic"":false,""type"":""Point"",""coordinates"":[106.83214516391409,-6.15795127263932]}"
250_3_0,795.0,2023-09-08,Kebon_Jeruk,"{""geodesic"":false,""type"":""Point"",""coordinates"":[106.76926309402573,-6.202867036845296]}"
250_5_0,13.0,2023-09-08,Komp_Angkasa_Pura_Jakarta_Pusat,"{""geodesic"":false,""type"":""Point"",""coordinates"":[106.84112831675529,-6.148968119798125]}"
251_1_0,1282.0,2023-09-09,Jagakarsa,"{""geodesic"":false,""type"":""Point"",""coordinates"":[106.83214516391409,-6.15795127263932]}"
252_0_0,931.0,2023-09-10,Bundaran_Hotel_Indonesia,"{""geodesic"":false,""type"":""Point"",""coordinates"":[106.82316201107291,-6.193883884004101]}"
252_1_0,906.0,2023-09-10,Jagakarsa,"{""geodesic"":false,""type"":""Point"",""coordinates"":[106.83214516391409,-6.15795127263932]}"
252_2_0,710.0,2023-09-10,Jalan_BDN_II,"{""geodesic"":false,""type"":""Point"",""coordinates"":[106.79621255254932,-6.283715412416053]}"
252_3_0,1003.5,2023-09-10,Kebon_Jeruk,"{""geodesic"":false,""type"":""Point"",""coordinates"":[106.76926309402573,-6.202867036845296]}"
252_4_0,1124.0,2023-09-10,Kelapa_Gading,"{""geodesic"":false,""type"":""Point"",""coordinates"":[106.90401038664366,-6.15795127263932]}"
252_5_0,916.0,2023-09-10,Komp_Angkasa_Pura_Jakarta_Pusat,"{""geodesic"":false,""type"":""Point"",""coordinates"":[106.84112831675529,-6.148968119798125]}"
252_6_0,702.0,2023-09-10,Lubang_Buaya,"{""geodesic"":false,""type"":""Point"",""coordinates"":[106.89502723380247,-6.301681718098443]}"
252_7_0,1049.0,2023-09-10,US_Consulate_Jakarta_Pusat,"{""geodesic"":false,""type"":""Point"",""coordinates"":[106.84112831675529,-6.184900731162906]}"
253_6_0,410.0,2023-09-11,Lubang_Buaya,"{""geodesic"":false,""type"":""Point"",""coordinates"":[106.89502723380247,-6.301681718098443]}"
254_0_0,30.5,2023-09-12,Bundaran_Hotel_Indonesia,"{""geodesic"":false,""type"":""Point"",""coordinates"":[106.82316201107291,-6.193883884004101]}"
254_1_0,53.5,2023-09-12,Jagakarsa,"{""geodesic"":false,""type"":""Point"",""coordinates"":[106.83214516391409,-6.15795127263932]}"
254_2_0,86.0,2023-09-12,Jalan_BDN_II,"{""geodesic"":false,""type"":""Point"",""coordinates"":[106.79621255254932,-6.283715412416053]}"
254_3_0,108.5,2023-09-12,Kebon_Jeruk,"{""geodesic"":false,""type"":""Point"",""coordinates"":[106.76926309402573,-6.202867036845296]}"
254_4_0,2.0,2023-09-12,Kelapa_Gading,"{""geodesic"":false,""type"":""Point"",""coordinates"":[106.90401038664366,-6.15795127263932]}"
254_5_0,70.5,2023-09-12,Komp_Angkasa_Pura_Jakarta_Pusat,"{""geodesic"":false,""type"":""Point"",""coordinates"":[106.84112831675529,-6.148968119798125]}"
254_6_0,90.0,2023-09-12,Lubang_Buaya,"{""geodesic"":false,""type"":""Point"",""coordinates"":[106.89502723380247,-6.301681718098443]}"
254_7_0,87.0,2023-09-12,US_Consulate_Jakarta_Pusat,"{""geodesic"":false,""type"":""Point"",""coordinates"":[106.84112831675529,-6.184900731162906]}"
255_2_0,425.0,2023-09-13,Jalan_BDN_II,"{""geodesic"":false,""type"":""Point"",""coordinates"":[106.79621255254932,-6.283715412416053]}"
255_4_0,418.0,2023-09-13,Kelapa_Gading,"{""geodesic"":false,""type"":""Point"",""coordinates"":[106.90401038664366,-6.15795127263932]}"
255_6_0,412.0,2023-09-13,Lubang_Buaya,"{""geodesic"":false,""type"":""Point"",""coordinates"":[106.89502723380247,-6.301681718098443]}"
257_0_0,132.0,2023-09-15,Bundaran_Hotel_Indonesia,"{""geodesic"":false,""type"":""Point"",""coordinates"":[106.82316201107291,-6.193883884004101]}"
257_1_0,48.0,2023-09-15,Jagakarsa,"{""geodesic"":false,""type"":""Point"",""coordinates"":[106.83214516391409,-6.15795127263932]}"
257_2_0,259.0,2023-09-15,Jalan_BDN_II,"{""geodesic"":false,""type"":""Point"",""coordinates"":[106.79621255254932,-6.283715412416053]}"
257_3_0,171.0,2023-09-15,Kebon_Jeruk,"{""geodesic"":false,""type"":""Point"",""coordinates"":[106.76926309402573,-6.202867036845296]}"
257_5_0,31.0,2023-09-15,Komp_Angkasa_Pura_Jakarta_Pusat,"{""geodesic"":false,""type"":""Point"",""coordinates"":[106.84112831675529,-6.148968119798125]}"
257_6_0,231.0,2023-09-15,Lubang_Buaya,"{""geodesic"":false,""type"":""Point"",""coordinates"":[106.89502723380247,-6.301681718098443]}"
257_7_0,181.0,2023-09-15,US_Consulate_Jakarta_Pusat,"{""geodesic"":false,""type"":""Point"",""coordinates"":[106.84112831675529,-6.184900731162906]}"
258_4_0,601.0,2023-09-16,Kelapa_Gading,"{""geodesic"":false,""type"":""Point"",""coordinates"":[106.90401038664366,-6.15795127263932]}"
259_0_0,468.0,2023-09-17,Bundaran_Hotel_Indonesia,"{""geodesic"":false,""type"":""Point"",""coordinates"":[106.82316201107291,-6.193883884004101]}"
259_3_0,499.0,2023-09-17,Kebon_Jeruk,"{""geodesic"":false,""type"":""Point"",""coordinates"":[106.76926309402573,-6.202867036845296]}"
259_5_0,489.0,2023-09-17,Komp_Angkasa_Pura_Jakarta_Pusat,"{""geodesic"":false,""type"":""Point"",""coordinates"":[106.84112831675529,-6.148968119798125]}"
259_7_0,516.0,2023-09-17,US_Consulate_Jakarta_Pusat,"{""geodesic"":false,""type"":""Point"",""coordinates"":[106.84112831675529,-6.184900731162906]}"
260_2_0,537.0,2023-09-18,Jalan_BDN_II,"{""geodesic"":false,""type"":""Point"",""coordinates"":[106.79621255254932,-6.283715412416053]}"
260_3_0,998.0,2023-09-18,Kebon_Jeruk,"{""geodesic"":false,""type"":""Point"",""coordinates"":[106.76926309402573,-6.202867036845296]}"
260_6_0,750.0,2023-09-18,Lubang_Buaya,"{""geodesic"":false,""type"":""Point"",""coordinates"":[106.89502723380247,-6.301681718098443]}"
262_0_0,327.0,2023-09-20,Bundaran_Hotel_Indonesia,"{""geodesic"":false,""type"":""Point"",""coordinates"":[106.82316201107291,-6.193883884004101]}"
262_1_0,239.0,2023-09-20,Jagakarsa,"{""geodesic"":false,""type"":""Point"",""coordinates"":[106.83214516391409,-6.15795127263932]}"
262_2_0,665.0,2023-09-20,Jalan_BDN_II,"{""geodesic"":false,""type"":""Point"",""coordinates"":[106.79621255254932,-6.283715412416053]}"
262_3_0,534.0,2023-09-20,Kebon_Jeruk,"{""geodesic"":false,""type"":""Point"",""coordinates"":[106.76926309402573,-6.202867036845296]}"
262_5_0,329.0,2023-09-20,Komp_Angkasa_Pura_Jakarta_Pusat,"{""geodesic"":false,""type"":""Point"",""coordinates"":[106.84112831675529,-6.148968119798125]}"
262_7_0,313.5,2023-09-20,US_Consulate_Jakarta_Pusat,"{""geodesic"":false,""type"":""Point"",""coordinates"":[106.84112831675529,-6.184900731162906]}"
263_0_0,1021.0,2023-09-21,Bundaran_Hotel_Indonesia,"{""geodesic"":false,""type"":""Point"",""coordinates"":[106.82316201107291,-6.193883884004101]}"
263_1_0,974.0,2023-09-21,Jagakarsa,"{""geodesic"":false,""type"":""Point"",""coordinates"":[106.83214516391409,-6.15795127263932]}"
263_2_0,789.0,2023-09-21,Jalan_BDN_II,"{""geodesic"":false,""type"":""Point"",""coordinates"":[106.79621255254932,-6.283715412416053]}"
263_3_0,1083.0,2023-09-21,Kebon_Jeruk,"{""geodesic"":false,""type"":""Point"",""coordinates"":[106.76926309402573,-6.202867036845296]}"
263_4_0,1015.0,2023-09-21,Kelapa_Gading,"{""geodesic"":false,""type"":""Point"",""coordinates"":[106.90401038664366,-6.15795127263932]}"
263_5_0,1029.0,2023-09-21,Komp_Angkasa_Pura_Jakarta_Pusat,"{""geodesic"":false,""type"":""Point"",""coordinates"":[106.84112831675529,-6.148968119798125]}"
263_7_0,937.0,2023-09-21,US_Consulate_Jakarta_Pusat,"{""geodesic"":false,""type"":""Point"",""coordinates"":[106.84112831675529,-6.184900731162906]}"
264_0_0,16.0,2023-09-22,Bundaran_Hotel_Indonesia,"{""geodesic"":false,""type"":""Point"",""coordinates"":[106.82316201107291,-6.193883884004101]}"
264_1_0,79.5,2023-09-22,Jagakarsa,"{""geodesic"":false,""type"":""Point"",""coordinates"":[106.83214516391409,-6.15795127263932]}"
264_2_0,0.0,2023-09-22,Jalan_BDN_II,"{""geodesic"":false,""type"":""Point"",""coordinates"":[106.79621255254932,-6.283715412416053]}"
264_3_0,227.5,2023-09-22,Kebon_Jeruk,"{""geodesic"":false,""type"":""Point"",""coordinates"":[106.76926309402573,-6.202867036845296]}"
264_5_0,61.0,2023-09-22,Komp_Angkasa_Pura_Jakarta_Pusat,"{""geodesic"":false,""type"":""Point"",""coordinates"":[106.84112831675529,-6.148968119798125]}"
264_6_0,44.0,2023-09-22,Lubang_Buaya,"{""geodesic"":false,""type"":""Point"",""coordinates"":[106.89502723380247,-6.301681718098443]}"
264_7_0,14.0,2023-09-22,US_Consulate_Jakarta_Pusat,"{""geodesic"":false,""type"":""Point"",""coordinates"":[106.84112831675529,-6.184900731162906]}"
266_0_0,964.0,2023-09-24,Bundaran_Hotel_Indonesia,"{""geodesic"":false,""type"":""Point"",""coordinates"":[106.82316201107291,-6.193883884004101]}"
266_1_0,542.0,2023-09-24,Jagakarsa,"{""geodesic"":false,""type"":""Point"",""coordinates"":[106.83214516391409,-6.15795127263932]}"
266_2_0,566.0,2023-09-24,Jalan_BDN_II,"{""geodesic"":false,""type"":""Point"",""coordinates"":[106.79621255254932,-6.283715412416053]}"
266_4_0,256.0,2023-09-24,Kelapa_Gading,"{""geodesic"":false,""type"":""Point"",""coordinates"":[106.90401038664366,-6.15795127263932]}"
266_5_0,483.0,2023-09-24,Komp_Angkasa_Pura_Jakarta_Pusat,"{""geodesic"":false,""type"":""Point"",""coordinates"":[106.84112831675529,-6.148968119798125]}"
266_6_0,454.0,2023-09-24,Lubang_Buaya,"{""geodesic"":false,""type"":""Point"",""coordinates"":[106.89502723380247,-6.301681718098443]}"
266_7_0,695.0,2023-09-24,US_Consulate_Jakarta_Pusat,"{""geodesic"":false,""type"":""Point"",""coordinates"":[106.84112831675529,-6.184900731162906]}"
267_0_0,135.0,2023-09-25,Bundaran_Hotel_Indonesia,"{""geodesic"":false,""type"":""Point"",""coordinates"":[106.82316201107291,-6.193883884004101]}"
267_1_0,55.0,2023-09-25,Jagakarsa,"{""geodesic"":false,""type"":""Point"",""coordinates"":[106.83214516391409,-6.15795127263932]}"
267_2_0,253.0,2023-09-25,Jalan_BDN_II,"{""geodesic"":false,""type"":""Point"",""coordinates"":[106.79621255254932,-6.283715412416053]}"
267_3_0,120.5,2023-09-25,Kebon_Jeruk,"{""geodesic"":false,""type"":""Point"",""coordinates"":[106.76926309402573,-6.202867036845296]}"
267_4_0,85.0,2023-09-25,Kelapa_Gading,"{""geodesic"":false,""type"":""Point"",""coordinates"":[106.90401038664366,-6.15795127263932]}"
267_5_0,123.5,2023-09-25,Komp_Angkasa_Pura_Jakarta_Pusat,"{""geodesic"":false,""type"":""Point"",""coordinates"":[106.84112831675529,-6.148968119798125]}"
267_6_0,252.0,2023-09-25,Lubang_Buaya,"{""geodesic"":false,""type"":""Point"",""coordinates"":[106.89502723380247,-6.301681718098443]}"
267_7_0,71.5,2023-09-25,US_Consulate_Jakarta_Pusat,"{""geodesic"":false,""type"":""Point"",""coordinates"":[106.84112831675529,-6.184900731162906]}"
268_0_0,495.0,2023-09-26,Bundaran_Hotel_Indonesia,"{""geodesic"":false,""type"":""Point"",""coordinates"":[106.82316201107291,-6.193883884004101]}"
268_1_0,374.0,2023-09-26,Jagakarsa,"{""geodesic"":false,""type"":""Point"",""coordinates"":[106.83214516391409,-6.15795127263932]}"
268_3_0,559.0,2023-09-26,Kebon_Jeruk,"{""geodesic"":false,""type"":""Point"",""coordinates"":[106.76926309402573,-6.202867036845296]}"
268_4_0,382.0,2023-09-26,Kelapa_Gading,"{""geodesic"":false,""type"":""Point"",""coordinates"":[106.90401038664366,-6.15795127263932]}"
268_5_0,387.0,2023-09-26,Komp_Angkasa_Pura_Jakarta_Pusat,"{""geodesic"":false,""type"":""Point"",""coordinates"":[106.84112831675529,-6.148968119798125]}"
268_7_0,457.0,2023-09-26,US_Consulate_Jakarta_Pusat,"{""geodesic"":false,""type"":""Point"",""coordinates"":[106.84112831675529,-6.184900731162906]}"
269_0_0,55.5,2023-09-27,Bundaran_Hotel_Indonesia,"{""geodesic"":false,""type"":""Point"",""coordinates"":[106.82316201107291,-6.193883884004101]}"
269_1_0,17.0,2023-09-27,Jagakarsa,"{""geodesic"":false,""type"":""Point"",""coordinates"":[106.83214516391409,-6.15795127263932]}"
269_2_0,179.5,2023-09-27,Jalan_BDN_II,"{""geodesic"":false,""type"":""Point"",""coordinates"":[106.79621255254932,-6.283715412416053]}"
269_3_0,46.0,2023-09-27,Kebon_Jeruk,"{""geodesic"":false,""type"":""Point"",""coordinates"":[106.76926309402573,-6.202867036845296]}"
269_5_0,42.5,2023-09-27,Komp_Angkasa_Pura_Jakarta_Pusat,"{""geodesic"":false,""type"":""Point"",""coordinates"":[106.84112831675529,-6.148968119798125]}"
269_6_0,160.5,2023-09-27,Lubang_Buaya,"{""geodesic"":false,""type"":""Point"",""coordinates"":[106.89502723380247,-6.301681718098443]}"
269_7_0,36.5,2023-09-27,US_Consulate_Jakarta_Pusat,"{""geodesic"":false,""type"":""Point"",""coordinates"":[106.84112831675529,-6.184900731162906]}"
270_0_0,343.0,2023-09-28,Bundaran_Hotel_Indonesia,"{""geodesic"":false,""type"":""Point"",""coordinates"":[106.82316201107291,-6.193883884004101]}"
270_1_0,354.5,2023-09-28,Jagakarsa,"{""geodesic"":false,""type"":""Point"",""coordinates"":[106.83214516391409,-6.15795127263932]}"
270_2_0,346.0,2023-09-28,Jalan_BDN_II,"{""geodesic"":false,""type"":""Point"",""coordinates"":[106.79621255254932,-6.283715412416053]}"
270_3_0,401.0,2023-09-28,Kebon_Jeruk,"{""geodesic"":false,""type"":""Point"",""coordinates"":[106.76926309402573,-6.202867036845296]}"
270_4_0,346.5,2023-09-28,Kelapa_Gading,"{""geodesic"":false,""type"":""Point"",""coordinates"":[106.90401038664366,-6.15795127263932]}"
270_5_0,361.0,2023-09-28,Komp_Angkasa_Pura_Jakarta_Pusat,"{""geodesic"":false,""type"":""Point"",""coordinates"":[106.84112831675529,-6.148968119798125]}"
270_6_0,285.0,2023-09-28,Lubang_Buaya,"{""geodesic"":false,""type"":""Point"",""coordinates"":[106.89502723380247,-6.301681718098443]}"
270_7_0,344.5,2023-09-28,US_Consulate_Jakarta_Pusat,"{""geodesic"":false,""type"":""Point"",""coordinates"":[106.84112831675529,-6.184900731162906]}"
271_0_0,153.5,2023-09-29,Bundaran_Hotel_Indonesia,"{""geodesic"":false,""type"":""Point"",""coordinates"":[106.82316201107291,-6.193883884004101]}"
271_1_0,170.5,2023-09-29,Jagakarsa,"{""geodesic"":false,""type"":""Point"",""coordinates"":[106.83214516391409,-6.15795127263932]}"
271_2_0,168.0,2023-09-29,Jalan_BDN_II,"{""geodesic"":false,""type"":""Point"",""coordinates"":[106.79621255254932,-6.283715412416053]}"
271_3_0,188.0,2023-09-29,Kebon_Jeruk,"{""geodesic"":false,""type"":""Point"",""coordinates"":[106.76926309402573,-6.202867036845296]}"
271_5_0,145.5,2023-09-29,Komp_Angkasa_Pura_Jakarta_Pusat,"{""geodesic"":false,""type"":""Point"",""coordinates"":[106.84112831675529,-6.148968119798125]}"
271_6_0,171.0,2023-09-29,Lubang_Buaya,"{""geodesic"":false,""type"":""Point"",""coordinates"":[106.89502723380247,-6.301681718098443]}"
271_7_0,173.0,2023-09-29,US_Consulate_Jakarta_Pusat,"{""geodesic"":false,""type"":""Point"",""coordinates"":[106.84112831675529,-6.184900731162906]}"
272_6_0,560.0,2023-09-30,Lubang_Buaya,"{""geodesic"":false,""type"":""Point"",""coordinates"":[106.89502723380247,-6.301681718098443]}"
273_1_0,1602.0,2023-10-01,Jagakarsa,"{""geodesic"":false,""type"":""Point"",""coordinates"":[106.83214516391409,-6.15795127263932]}"
273_3_0,1786.0,2023-10-01,Kebon_Jeruk,"{""geodesic"":false,""type"":""Point"",""coordinates"":[106.76926309402573,-6.202867036845296]}"
273_5_0,1557.0,2023-10-01,Komp_Angkasa_Pura_Jakarta_Pusat,"{""geodesic"":false,""type"":""Point"",""coordinates"":[106.84112831675529,-6.148968119798125]}"
273_7_0,1846.0,2023-10-01,US_Consulate_Jakarta_Pusat,"{""geodesic"":false,""type"":""Point"",""coordinates"":[106.84112831675529,-6.184900731162906]}"
276_0_0,145.0,2023-10-04,Bundaran_Hotel_Indonesia,"{""geodesic"":false,""type"":""Point"",""coordinates"":[106.82316201107291,-6.193883884004101]}"
276_1_0,54.0,2023-10-04,Jagakarsa,"{""geodesic"":false,""type"":""Point"",""coordinates"":[106.83214516391409,-6.15795127263932]}"
276_2_0,703.0,2023-10-04,Jalan_BDN_II,"{""geodesic"":false,""type"":""Point"",""coordinates"":[106.79621255254932,-6.283715412416053]}"
276_3_0,247.0,2023-10-04,Kebon_Jeruk,"{""geodesic"":false,""type"":""Point"",""coordinates"":[106.76926309402573,-6.202867036845296]}"
276_5_0,93.0,2023-10-04,Komp_Angkasa_Pura_Jakarta_Pusat,"{""geodesic"":false,""type"":""Point"",""coordinates"":[106.84112831675529,-6.148968119798125]}"
276_7_0,88.0,2023-10-04,US_Consulate_Jakarta_Pusat,"{""geodesic"":false,""type"":""Point"",""coordinates"":[106.84112831675529,-6.184900731162906]}"
278_0_0,714.0,2023-10-06,Bundaran_Hotel_Indonesia,"{""geodesic"":false,""type"":""Point"",""coordinates"":[106.82316201107291,-6.193883884004101]}"
278_1_0,558.0,2023-10-06,Jagakarsa,"{""geodesic"":false,""type"":""Point"",""coordinates"":[106.83214516391409,-6.15795127263932]}"
278_2_0,740.0,2023-10-06,Jalan_BDN_II,"{""geodesic"":false,""type"":""Point"",""coordinates"":[106.79621255254932,-6.283715412416053]}"
278_3_0,901.0,2023-10-06,Kebon_Jeruk,"{""geodesic"":false,""type"":""Point"",""coordinates"":[106.76926309402573,-6.202867036845296]}"
278_5_0,562.0,2023-10-06,Komp_Angkasa_Pura_Jakarta_Pusat,"{""geodesic"":false,""type"":""Point"",""coordinates"":[106.84112831675529,-6.148968119798125]}"
278_6_0,981.5,2023-10-06,Lubang_Buaya,"{""geodesic"":false,""type"":""Point"",""coordinates"":[106.89502723380247,-6.301681718098443]}"
278_7_0,646.0,2023-10-06,US_Consulate_Jakarta_Pusat,"{""geodesic"":false,""type"":""Point"",""coordinates"":[106.84112831675529,-6.184900731162906]}"
280_0_0,376.0,2023-10-08,Bundaran_Hotel_Indonesia,"{""geodesic"":false,""type"":""Point"",""coordinates"":[106.82316201107291,-6.193883884004101]}"
280_1_0,431.0,2023-10-08,Jagakarsa,"{""geodesic"":false,""type"":""Point"",""coordinates"":[106.83214516391409,-6.15795127263932]}"
280_4_0,573.0,2023-10-08,Kelapa_Gading,"{""geodesic"":false,""type"":""Point"",""coordinates"":[106.90401038664366,-6.15795127263932]}"
280_5_0,523.0,2023-10-08,Komp_Angkasa_Pura_Jakarta_Pusat,"{""geodesic"":false,""type"":""Point"",""coordinates"":[106.84112831675529,-6.148968119798125]}"
281_2_0,397.5,2023-10-09,Jalan_BDN_II,"{""geodesic"":false,""type"":""Point"",""coordinates"":[106.79621255254932,-6.283715412416053]}"
281_3_0,444.0,2023-10-09,Kebon_Jeruk,"{""geodesic"":false,""type"":""Point"",""coordinates"":[106.76926309402573,-6.202867036845296]}"
281_6_0,422.0,2023-10-09,Lubang_Buaya,"{""geodesic"":false,""type"":""Point"",""coordinates"":[106.89502723380247,-6.301681718098443]}"
282_0_0,484.0,2023-10-10,Bundaran_Hotel_Indonesia,"{""geodesic"":false,""type"":""Point"",""coordinates"":[106.82316201107291,-6.193883884004101]}"
282_3_0,500.0,2023-10-10,Kebon_Jeruk,"{""geodesic"":false,""type"":""Point"",""coordinates"":[106.76926309402573,-6.202867036845296]}"
282_4_0,470.0,2023-10-10,Kelapa_Gading,"{""geodesic"":false,""type"":""Point"",""coordinates"":[106.90401038664366,-6.15795127263932]}"
283_0_0,298.0,2023-10-11,Bundaran_Hotel_Indonesia,"{""geodesic"":false,""type"":""Point"",""coordinates"":[106.82316201107291,-6.193883884004101]}"
283_1_0,279.0,2023-10-11,Jagakarsa,"{""geodesic"":false,""type"":""Point"",""coordinates"":[106.83214516391409,-6.15795127263932]}"
283_3_0,371.0,2023-10-11,Kebon_Jeruk,"{""geodesic"":false,""type"":""Point"",""coordinates"":[106.76926309402573,-6.202867036845296]}"
283_4_0,411.5,2023-10-11,Kelapa_Gading,"{""geodesic"":false,""type"":""Point"",""coordinates"":[106.90401038664366,-6.15795127263932]}"
283_5_0,258.5,2023-10-11,Komp_Angkasa_Pura_Jakarta_Pusat,"{""geodesic"":false,""type"":""Point"",""coordinates"":[106.84112831675529,-6.148968119798125]}"
283_7_0,331.0,2023-10-11,US_Consulate_Jakarta_Pusat,"{""geodesic"":false,""type"":""Point"",""coordinates"":[106.84112831675529,-6.184900731162906]}"
284_4_0,750.0,2023-10-12,Kelapa_Gading,"{""geodesic"":false,""type"":""Point"",""coordinates"":[106.90401038664366,-6.15795127263932]}"
285_0_0,285.0,2023-10-13,Bundaran_Hotel_Indonesia,"{""geodesic"":false,""type"":""Point"",""coordinates"":[106.82316201107291,-6.193883884004101]}"
285_1_0,163.0,2023-10-13,Jagakarsa,"{""geodesic"":false,""type"":""Point"",""coordinates"":[106.83214516391409,-6.15795127263932]}"
285_3_0,324.0,2023-10-13,Kebon_Jeruk,"{""geodesic"":false,""type"":""Point"",""coordinates"":[106.76926309402573,-6.202867036845296]}"
285_4_0,232.0,2023-10-13,Kelapa_Gading,"{""geodesic"":false,""type"":""Point"",""coordinates"":[106.90401038664366,-6.15795127263932]}"
285_5_0,225.0,2023-10-13,Komp_Angkasa_Pura_Jakarta_Pusat,"{""geodesic"":false,""type"":""Point"",""coordinates"":[106.84112831675529,-6.148968119798125]}"
285_6_0,246.0,2023-10-13,Lubang_Buaya,"{""geodesic"":false,""type"":""Point"",""coordinates"":[106.89502723380247,-6.301681718098443]}"
285_7_0,168.0,2023-10-13,US_Consulate_Jakarta_Pusat,"{""geodesic"":false,""type"":""Point"",""coordinates"":[106.84112831675529,-6.184900731162906]}"
286_0_0,515.0,2023-10-14,Bundaran_Hotel_Indonesia,"{""geodesic"":false,""type"":""Point"",""coordinates"":[106.82316201107291,-6.193883884004101]}"
286_1_0,497.0,2023-10-14,Jagakarsa,"{""geodesic"":false,""type"":""Point"",""coordinates"":[106.83214516391409,-6.15795127263932]}"
286_2_0,864.0,2023-10-14,Jalan_BDN_II,"{""geodesic"":false,""type"":""Point"",""coordinates"":[106.79621255254932,-6.283715412416053]}"
286_3_0,741.0,2023-10-14,Kebon_Jeruk,"{""geodesic"":false,""type"":""Point"",""coordinates"":[106.76926309402573,-6.202867036845296]}"
286_4_0,380.0,2023-10-14,Kelapa_Gading,"{""geodesic"":false,""type"":""Point"",""coordinates"":[106.90401038664366,-6.15795127263932]}"
286_5_0,439.0,2023-10-14,Komp_Angkasa_Pura_Jakarta_Pusat,"{""geodesic"":false,""type"":""Point"",""coordinates"":[106.84112831675529,-6.148968119798125]}"
286_7_0,543.0,2023-10-14,US_Consulate_Jakarta_Pusat,"{""geodesic"":false,""type"":""Point"",""coordinates"":[106.84112831675529,-6.184900731162906]}"
287_7_0,900.0,2023-10-15,US_Consulate_Jakarta_Pusat,"{""geodesic"":false,""type"":""Point"",""coordinates"":[106.84112831675529,-6.184900731162906]}"
288_0_0,252.0,2023-10-16,Bundaran_Hotel_Indonesia,"{""geodesic"":false,""type"":""Point"",""coordinates"":[106.82316201107291,-6.193883884004101]}"
288_1_0,328.5,2023-10-16,Jagakarsa,"{""geodesic"":false,""type"":""Point"",""coordinates"":[106.83214516391409,-6.15795127263932]}"
288_2_0,289.5,2023-10-16,Jalan_BDN_II,"{""geodesic"":false,""type"":""Point"",""coordinates"":[106.79621255254932,-6.283715412416053]}"
288_3_0,244.5,2023-10-16,Kebon_Jeruk,"{""geodesic"":false,""type"":""Point"",""coordinates"":[106.76926309402573,-6.202867036845296]}"
288_4_0,315.0,2023-10-16,Kelapa_Gading,"{""geodesic"":false,""type"":""Point"",""coordinates"":[106.90401038664366,-6.15795127263932]}"
288_5_0,318.5,2023-10-16,Komp_Angkasa_Pura_Jakarta_Pusat,"{""geodesic"":false,""type"":""Point"",""coordinates"":[106.84112831675529,-6.148968119798125]}"
288_6_0,291.0,2023-10-16,Lubang_Buaya,"{""geodesic"":false,""type"":""Point"",""coordinates"":[106.89502723380247,-6.301681718098443]}"
288_7_0,272.5,2023-10-16,US_Consulate_Jakarta_Pusat,"{""geodesic"":false,""type"":""Point"",""coordinates"":[106.84112831675529,-6.184900731162906]}"
289_0_0,555.0,2023-10-17,Bundaran_Hotel_Indonesia,"{""geodesic"":false,""type"":""Point"",""coordinates"":[106.82316201107291,-6.193883884004101]}"
289_2_0,540.0,2023-10-17,Jalan_BDN_II,"{""geodesic"":false,""type"":""Point"",""coordinates"":[106.79621255254932,-6.283715412416053]}"
289_4_0,558.0,2023-10-17,Kelapa_Gading,"{""geodesic"":false,""type"":""Point"",""coordinates"":[106.90401038664366,-6.15795127263932]}"
289_6_0,484.0,2023-10-17,Lubang_Buaya,"{""geodesic"":false,""type"":""Point"",""coordinates"":[106.89502723380247,-6.301681718098443]}"
290_0_0,435.5,2023-10-18,Bundaran_Hotel_Indonesia,"{""geodesic"":false,""type"":""Point"",""coordinates"":[106.82316201107291,-6.193883884004101]}"
290_1_0,116.0,2023-10-18,Jagakarsa,"{""geodesic"":false,""type"":""Point"",""coordinates"":[106.83214516391409,-6.15795127263932]}"
290_2_0,512.0,2023-10-18,Jalan_BDN_II,"{""geodesic"":false,""type"":""Point"",""coordinates"":[106.79621255254932,-6.283715412416053]}"
290_3_0,435.5,2023-10-18,Kebon_Jeruk,"{""geodesic"":false,""type"":""Point"",""coordinates"":[106.76926309402573,-6.202867036845296]}"
290_4_0,312.5,2023-10-18,Kelapa_Gading,"{""geodesic"":false,""type"":""Point"",""coordinates"":[106.90401038664366,-6.15795127263932]}"
290_5_0,160.0,2023-10-18,Komp_Angkasa_Pura_Jakarta_Pusat,"{""geodesic"":false,""type"":""Point"",""coordinates"":[106.84112831675529,-6.148968119798125]}"
290_6_0,562.0,2023-10-18,Lubang_Buaya,"{""geodesic"":false,""type"":""Point"",""coordinates"":[106.89502723380247,-6.301681718098443]}"
290_7_0,432.0,2023-10-18,US_Consulate_Jakarta_Pusat,"{""geodesic"":false,""type"":""Point"",""coordinates"":[106.84112831675529,-6.184900731162906]}"
292_0_0,427.0,2023-10-20,Bundaran_Hotel_Indonesia,"{""geodesic"":false,""type"":""Point"",""coordinates"":[106.82316201107291,-6.193883884004101]}"
292_1_0,278.0,2023-10-20,Jagakarsa,"{""geodesic"":false,""type"":""Point"",""coordinates"":[106.83214516391409,-6.15795127263932]}"
292_3_0,422.0,2023-10-20,Kebon_Jeruk,"{""geodesic"":false,""type"":""Point"",""coordinates"":[106.76926309402573,-6.202867036845296]}"
292_5_0,274.0,2023-10-20,Komp_Angkasa_Pura_Jakarta_Pusat,"{""geodesic"":false,""type"":""Point"",""coordinates"":[106.84112831675529,-6.148968119798125]}"
293_0_0,137.0,2023-10-21,Bundaran_Hotel_Indonesia,"{""geodesic"":false,""type"":""Point"",""coordinates"":[106.82316201107291,-6.193883884004101]}"
293_1_0,219.0,2023-10-21,Jagakarsa,"{""geodesic"":false,""type"":""Point"",""coordinates"":[106.83214516391409,-6.15795127263932]}"
293_2_0,184.5,2023-10-21,Jalan_BDN_II,"{""geodesic"":false,""type"":""Point"",""coordinates"":[106.79621255254932,-6.283715412416053]}"
293_3_0,281.0,2023-10-21,Kebon_Jeruk,"{""geodesic"":false,""type"":""Point"",""coordinates"":[106.76926309402573,-6.202867036845296]}"
293_4_0,222.0,2023-10-21,Kelapa_Gading,"{""geodesic"":false,""type"":""Point"",""coordinates"":[106.90401038664366,-6.15795127263932]}"
293_5_0,229.0,2023-10-21,Komp_Angkasa_Pura_Jakarta_Pusat,"{""geodesic"":false,""type"":""Point"",""coordinates"":[106.84112831675529,-6.148968119798125]}"
293_6_0,131.0,2023-10-21,Lubang_Buaya,"{""geodesic"":false,""type"":""Point"",""coordinates"":[106.89502723380247,-6.301681718098443]}"
293_7_0,178.0,2023-10-21,US_Consulate_Jakarta_Pusat,"{""geodesic"":false,""type"":""Point"",""coordinates"":[106.84112831675529,-6.184900731162906]}"
294_4_0,1163.0,2023-10-22,Kelapa_Gading,"{""geodesic"":false,""type"":""Point"",""coordinates"":[106.90401038664366,-6.15795127263932]}"
295_0_0,169.0,2023-10-23,Bundaran_Hotel_Indonesia,"{""geodesic"":false,""type"":""Point"",""coordinates"":[106.82316201107291,-6.193883884004101]}"
295_1_0,226.0,2023-10-23,Jagakarsa,"{""geodesic"":false,""type"":""Point"",""coordinates"":[106.83214516391409,-6.15795127263932]}"
295_2_0,390.0,2023-10-23,Jalan_BDN_II,"{""geodesic"":false,""type"":""Point"",""coordinates"":[106.79621255254932,-6.283715412416053]}"
295_3_0,267.0,2023-10-23,Kebon_Jeruk,"{""geodesic"":false,""type"":""Point"",""coordinates"":[106.76926309402573,-6.202867036845296]}"
295_4_0,337.5,2023-10-23,Kelapa_Gading,"{""geodesic"":false,""type"":""Point"",""coordinates"":[106.90401038664366,-6.15795127263932]}"
295_5_0,214.0,2023-10-23,Komp_Angkasa_Pura_Jakarta_Pusat,"{""geodesic"":false,""type"":""Point"",""coordinates"":[106.84112831675529,-6.148968119798125]}"
295_7_0,101.0,2023-10-23,US_Consulate_Jakarta_Pusat,"{""geodesic"":false,""type"":""Point"",""coordinates"":[106.84112831675529,-6.184900731162906]}"
297_0_0,944.0,2023-10-25,Bundaran_Hotel_Indonesia,"{""geodesic"":false,""type"":""Point"",""coordinates"":[106.82316201107291,-6.193883884004101]}"
297_1_0,1023.0,2023-10-25,Jagakarsa,"{""geodesic"":false,""type"":""Point"",""coordinates"":[106.83214516391409,-6.15795127263932]}"
297_3_0,907.0,2023-10-25,Kebon_Jeruk,"{""geodesic"":false,""type"":""Point"",""coordinates"":[106.76926309402573,-6.202867036845296]}"
297_4_0,960.0,2023-10-25,Kelapa_Gading,"{""geodesic"":false,""type"":""Point"",""coordinates"":[106.90401038664366,-6.15795127263932]}"
297_5_0,1093.0,2023-10-25,Komp_Angkasa_Pura_Jakarta_Pusat,"{""geodesic"":false,""type"":""Point"",""coordinates"":[106.84112831675529,-6.148968119798125]}"
297_7_0,1008.0,2023-10-25,US_Consulate_Jakarta_Pusat,"{""geodesic"":false,""type"":""Point"",""coordinates"":[106.84112831675529,-6.184900731162906]}"
298_2_0,501.0,2023-10-26,Jalan_BDN_II,"{""geodesic"":false,""type"":""Point"",""coordinates"":[106.79621255254932,-6.283715412416053]}"
298_6_0,465.0,2023-10-26,Lubang_Buaya,"{""geodesic"":false,""type"":""Point"",""coordinates"":[106.89502723380247,-6.301681718098443]}"
299_0_0,649.0,2023-10-27,Bundaran_Hotel_Indonesia,"{""geodesic"":false,""type"":""Point"",""coordinates"":[106.82316201107291,-6.193883884004101]}"
299_1_0,394.0,2023-10-27,Jagakarsa,"{""geodesic"":false,""type"":""Point"",""coordinates"":[106.83214516391409,-6.15795127263932]}"
299_2_0,863.0,2023-10-27,Jalan_BDN_II,"{""geodesic"":false,""type"":""Point"",""coordinates"":[106.79621255254932,-6.283715412416053]}"
299_3_0,565.0,2023-10-27,Kebon_Jeruk,"{""geodesic"":false,""type"":""Point"",""coordinates"":[106.76926309402573,-6.202867036845296]}"
299_4_0,372.0,2023-10-27,Kelapa_Gading,"{""geodesic"":false,""type"":""Point"",""coordinates"":[106.90401038664366,-6.15795127263932]}"
299_5_0,452.0,2023-10-27,Komp_Angkasa_Pura_Jakarta_Pusat,"{""geodesic"":false,""type"":""Point"",""coordinates"":[106.84112831675529,-6.148968119798125]}"
299_7_0,544.0,2023-10-27,US_Consulate_Jakarta_Pusat,"{""geodesic"":false,""type"":""Point"",""coordinates"":[106.84112831675529,-6.184900731162906]}"
300_0_0,75.0,2023-10-28,Bundaran_Hotel_Indonesia,"{""geodesic"":false,""type"":""Point"",""coordinates"":[106.82316201107291,-6.193883884004101]}"
300_1_0,121.5,2023-10-28,Jagakarsa,"{""geodesic"":false,""type"":""Point"",""coordinates"":[106.83214516391409,-6.15795127263932]}"
300_2_0,80.0,2023-10-28,Jalan_BDN_II,"{""geodesic"":false,""type"":""Point"",""coordinates"":[106.79621255254932,-6.283715412416053]}"
300_3_0,86.0,2023-10-28,Kebon_Jeruk,"{""geodesic"":false,""type"":""Point"",""coordinates"":[106.76926309402573,-6.202867036845296]}"
300_4_0,89.5,2023-10-28,Kelapa_Gading,"{""geodesic"":false,""type"":""Point"",""coordinates"":[106.90401038664366,-6.15795127263932]}"
300_5_0,79.5,2023-10-28,Komp_Angkasa_Pura_Jakarta_Pusat,"{""geodesic"":false,""type"":""Point"",""coordinates"":[106.84112831675529,-6.148968119798125]}"
300_6_0,96.5,2023-10-28,Lubang_Buaya,"{""geodesic"":false,""type"":""Point"",""coordinates"":[106.89502723380247,-6.301681718098443]}"
300_7_0,110.0,2023-10-28,US_Consulate_Jakarta_Pusat,"{""geodesic"":false,""type"":""Point"",""coordinates"":[106.84112831675529,-6.184900731162906]}"
301_0_0,507.5,2023-10-29,Bundaran_Hotel_Indonesia,"{""geodesic"":false,""type"":""Point"",""coordinates"":[106.82316201107291,-6.193883884004101]}"
301_1_0,514.0,2023-10-29,Jagakarsa,"{""geodesic"":false,""type"":""Point"",""coordinates"":[106.83214516391409,-6.15795127263932]}"
301_2_0,575.0,2023-10-29,Jalan_BDN_II,"{""geodesic"":false,""type"":""Point"",""coordinates"":[106.79621255254932,-6.283715412416053]}"
301_3_0,648.5,2023-10-29,Kebon_Jeruk,"{""geodesic"":false,""type"":""Point"",""coordinates"":[106.76926309402573,-6.202867036845296]}"
301_4_0,507.0,2023-10-29,Kelapa_Gading,"{""geodesic"":false,""type"":""Point"",""coordinates"":[106.90401038664366,-6.15795127263932]}"
301_5_0,613.5,2023-10-29,Komp_Angkasa_Pura_Jakarta_Pusat,"{""geodesic"":false,""type"":""Point"",""coordinates"":[106.84112831675529,-6.148968119798125]}"
301_6_0,523.0,2023-10-29,Lubang_Buaya,"{""geodesic"":false,""type"":""Point"",""coordinates"":[106.89502723380247,-6.301681718098443]}"
301_7_0,593.0,2023-10-29,US_Consulate_Jakarta_Pusat,"{""geodesic"":false,""type"":""Point"",""coordinates"":[106.84112831675529,-6.184900731162906]}"
302_0_0,82.0,2023-10-30,Bundaran_Hotel_Indonesia,"{""geodesic"":false,""type"":""Point"",""coordinates"":[106.82316201107291,-6.193883884004101]}"
302_1_0,269.0,2023-10-30,Jagakarsa,"{""geodesic"":false,""type"":""Point"",""coordinates"":[106.83214516391409,-6.15795127263932]}"
302_2_0,441.5,2023-10-30,Jalan_BDN_II,"{""geodesic"":false,""type"":""Point"",""coordinates"":[106.79621255254932,-6.283715412416053]}"
302_3_0,332.0,2023-10-30,Kebon_Jeruk,"{""geodesic"":false,""type"":""Point"",""coordinates"":[106.76926309402573,-6.202867036845296]}"
302_4_0,241.5,2023-10-30,Kelapa_Gading,"{""geodesic"":false,""type"":""Point"",""coordinates"":[106.90401038664366,-6.15795127263932]}"
302_5_0,234.5,2023-10-30,Komp_Angkasa_Pura_Jakarta_Pusat,"{""geodesic"":false,""type"":""Point"",""coordinates"":[106.84112831675529,-6.148968119798125]}"
302_6_0,325.0,2023-10-30,Lubang_Buaya,"{""geodesic"":false,""type"":""Point"",""coordinates"":[106.89502723380247,-6.301681718098443]}"
302_7_0,58.0,2023-10-30,US_Consulate_Jakarta_Pusat,"{""geodesic"":false,""type"":""Point"",""coordinates"":[106.84112831675529,-6.184900731162906]}"
303_1_0,1014.0,2023-10-31,Jagakarsa,"{""geodesic"":false,""type"":""Point"",""coordinates"":[106.83214516391409,-6.15795127263932]}"
303_4_0,20.0,2023-10-31,Kelapa_Gading,"{""geodesic"":false,""type"":""Point"",""coordinates"":[106.90401038664366,-6.15795127263932]}"
303_5_0,919.0,2023-10-31,Komp_Angkasa_Pura_Jakarta_Pusat,"{""geodesic"":false,""type"":""Point"",""coordinates"":[106.84112831675529,-6.148968119798125]}"
306_7_0,908.0,2023-11-03,US_Consulate_Jakarta_Pusat,"{""geodesic"":false,""type"":""Point"",""coordinates"":[106.84112831675529,-6.184900731162906]}"
310_4_0,332.0,2023-11-07,Kelapa_Gading,"{""geodesic"":false,""type"":""Point"",""coordinates"":[106.90401038664366,-6.15795127263932]}"
311_0_0,1184.0,2023-11-08,Bundaran_Hotel_Indonesia,"{""geodesic"":false,""type"":""Point"",""coordinates"":[106.82316201107291,-6.193883884004101]}"
311_1_0,1166.0,2023-11-08,Jagakarsa,"{""geodesic"":false,""type"":""Point"",""coordinates"":[106.83214516391409,-6.15795127263932]}"
311_3_0,1033.0,2023-11-08,Kebon_Jeruk,"{""geodesic"":false,""type"":""Point"",""coordinates"":[106.76926309402573,-6.202867036845296]}"
311_4_0,1047.0,2023-11-08,Kelapa_Gading,"{""geodesic"":false,""type"":""Point"",""coordinates"":[106.90401038664366,-6.15795127263932]}"
311_5_0,1211.0,2023-11-08,Komp_Angkasa_Pura_Jakarta_Pusat,"{""geodesic"":false,""type"":""Point"",""coordinates"":[106.84112831675529,-6.148968119798125]}"
311_7_0,1100.0,2023-11-08,US_Consulate_Jakarta_Pusat,"{""geodesic"":false,""type"":""Point"",""coordinates"":[106.84112831675529,-6.184900731162906]}"
315_0_0,711.5,2023-11-12,Bundaran_Hotel_Indonesia,"{""geodesic"":false,""type"":""Point"",""coordinates"":[106.82316201107291,-6.193883884004101]}"
315_2_0,680.0,2023-11-12,Jalan_BDN_II,"{""geodesic"":false,""type"":""Point"",""coordinates"":[106.79621255254932,-6.283715412416053]}"
315_3_0,716.5,2023-11-12,Kebon_Jeruk,"{""geodesic"":false,""type"":""Point"",""coordinates"":[106.76926309402573,-6.202867036845296]}"
315_4_0,303.5,2023-11-12,Kelapa_Gading,"{""geodesic"":false,""type"":""Point"",""coordinates"":[106.90401038664366,-6.15795127263932]}"
319_0_0,547.0,2023-11-16,Bundaran_Hotel_Indonesia,"{""geodesic"":false,""type"":""Point"",""coordinates"":[106.82316201107291,-6.193883884004101]}"
319_2_0,469.0,2023-11-16,Jalan_BDN_II,"{""geodesic"":false,""type"":""Point"",""coordinates"":[106.79621255254932,-6.283715412416053]}"
319_3_0,600.0,2023-11-16,Kebon_Jeruk,"{""geodesic"":false,""type"":""Point"",""coordinates"":[106.76926309402573,-6.202867036845296]}"
321_1_0,791.0,2023-11-18,Jagakarsa,"{""geodesic"":false,""type"":""Point"",""coordinates"":[106.83214516391409,-6.15795127263932]}"
321_5_0,787.0,2023-11-18,Komp_Angkasa_Pura_Jakarta_Pusat,"{""geodesic"":false,""type"":""Point"",""coordinates"":[106.84112831675529,-6.148968119798125]}"
322_0_0,914.0,2023-11-19,Bundaran_Hotel_Indonesia,"{""geodesic"":false,""type"":""Point"",""coordinates"":[106.82316201107291,-6.193883884004101]}"
322_1_0,959.0,2023-11-19,Jagakarsa,"{""geodesic"":false,""type"":""Point"",""coordinates"":[106.83214516391409,-6.15795127263932]}"
322_2_0,296.0,2023-11-19,Jalan_BDN_II,"{""geodesic"":false,""type"":""Point"",""coordinates"":[106.79621255254932,-6.283715412416053]}"
322_4_0,870.0,2023-11-19,Kelapa_Gading,"{""geodesic"":false,""type"":""Point"",""coordinates"":[106.90401038664366,-6.15795127263932]}"
322_6_0,209.0,2023-11-19,Lubang_Buaya,"{""geodesic"":false,""type"":""Point"",""coordinates"":[106.89502723380247,-6.301681718098443]}"
323_4_0,343.0,2023-11-20,Kelapa_Gading,"{""geodesic"":false,""type"":""Point"",""coordinates"":[106.90401038664366,-6.15795127263932]}"
335_4_0,238.0,2023-12-02,Kelapa_Gading,"{""geodesic"":false,""type"":""Point"",""coordinates"":[106.90401038664366,-6.15795127263932]}"
344_1_0,1295.0,2023-12-11,Jagakarsa,"{""geodesic"":false,""type"":""Point"",""coordinates"":[106.83214516391409,-6.15795127263932]}"
346_0_0,739.0,2023-12-13,Bundaran_Hotel_Indonesia,"{""geodesic"":false,""type"":""Point"",""coordinates"":[106.82316201107291,-6.193883884004101]}"
346_1_0,846.0,2023-12-13,Jagakarsa,"{""geodesic"":false,""type"":""Point"",""coordinates"":[106.83214516391409,-6.15795127263932]}"
346_2_0,643.0,2023-12-13,Jalan_BDN_II,"{""geodesic"":false,""type"":""Point"",""coordinates"":[106.79621255254932,-6.283715412416053]}"
346_3_0,711.0,2023-12-13,Kebon_Jeruk,"{""geodesic"":false,""type"":""Point"",""coordinates"":[106.76926309402573,-6.202867036845296]}"
346_4_0,1266.0,2023-12-13,Kelapa_Gading,"{""geodesic"":false,""type"":""Point"",""coordinates"":[106.90401038664366,-6.15795127263932]}"
346_5_0,974.0,2023-12-13,Komp_Angkasa_Pura_Jakarta_Pusat,"{""geodesic"":false,""type"":""Point"",""coordinates"":[106.84112831675529,-6.148968119798125]}"
346_7_0,1119.0,2023-12-13,US_Consulate_Jakarta_Pusat,"{""geodesic"":false,""type"":""Point"",""coordinates"":[106.84112831675529,-6.184900731162906]}"
347_0_0,455.0,2023-12-14,Bundaran_Hotel_Indonesia,"{""geodesic"":false,""type"":""Point"",""coordinates"":[106.82316201107291,-6.193883884004101]}"
347_1_0,470.0,2023-12-14,Jagakarsa,"{""geodesic"":false,""type"":""Point"",""coordinates"":[106.83214516391409,-6.15795127263932]}"
347_2_0,245.0,2023-12-14,Jalan_BDN_II,"{""geodesic"":false,""type"":""Point"",""coordinates"":[106.79621255254932,-6.283715412416053]}"
347_3_0,419.5,2023-12-14,Kebon_Jeruk,"{""geodesic"":false,""type"":""Point"",""coordinates"":[106.76926309402573,-6.202867036845296]}"
347_4_0,723.0,2023-12-14,Kelapa_Gading,"{""geodesic"":false,""type"":""Point"",""coordinates"":[106.90401038664366,-6.15795127263932]}"
347_5_0,493.0,2023-12-14,Komp_Angkasa_Pura_Jakarta_Pusat,"{""geodesic"":false,""type"":""Point"",""coordinates"":[106.84112831675529,-6.148968119798125]}"
347_6_0,353.0,2023-12-14,Lubang_Buaya,"{""geodesic"":false,""type"":""Point"",""coordinates"":[106.89502723380247,-6.301681718098443]}"
347_7_0,439.0,2023-12-14,US_Consulate_Jakarta_Pusat,"{""geodesic"":false,""type"":""Point"",""coordinates"":[106.84112831675529,-6.184900731162906]}"
348_0_0,415.0,2023-12-15,Bundaran_Hotel_Indonesia,"{""geodesic"":false,""type"":""Point"",""coordinates"":[106.82316201107291,-6.193883884004101]}"
348_2_0,350.0,2023-12-15,Jalan_BDN_II,"{""geodesic"":false,""type"":""Point"",""coordinates"":[106.79621255254932,-6.283715412416053]}"
348_3_0,443.0,2023-12-15,Kebon_Jeruk,"{""geodesic"":false,""type"":""Point"",""coordinates"":[106.76926309402573,-6.202867036845296]}"
348_4_0,580.0,2023-12-15,Kelapa_Gading,"{""geodesic"":false,""type"":""Point"",""coordinates"":[106.90401038664366,-6.15795127263932]}"
348_6_0,335.0,2023-12-15,Lubang_Buaya,"{""geodesic"":false,""type"":""Point"",""coordinates"":[106.89502723380247,-6.301681718098443]}"
348_7_0,483.0,2023-12-15,US_Consulate_Jakarta_Pusat,"{""geodesic"":false,""type"":""Point"",""coordinates"":[106.84112831675529,-6.184900731162906]}"
349_0_0,546.5,2023-12-16,Bundaran_Hotel_Indonesia,"{""geodesic"":false,""type"":""Point"",""coordinates"":[106.82316201107291,-6.193883884004101]}"
349_1_0,539.5,2023-12-16,Jagakarsa,"{""geodesic"":false,""type"":""Point"",""coordinates"":[106.83214516391409,-6.15795127263932]}"
349_2_0,347.0,2023-12-16,Jalan_BDN_II,"{""geodesic"":false,""type"":""Point"",""coordinates"":[106.79621255254932,-6.283715412416053]}"
349_3_0,262.0,2023-12-16,Kebon_Jeruk,"{""geodesic"":false,""type"":""Point"",""coordinates"":[106.76926309402573,-6.202867036845296]}"
349_4_0,356.0,2023-12-16,Kelapa_Gading,"{""geodesic"":false,""type"":""Point"",""coordinates"":[106.90401038664366,-6.15795127263932]}"
349_5_0,540.0,2023-12-16,Komp_Angkasa_Pura_Jakarta_Pusat,"{""geodesic"":false,""type"":""Point"",""coordinates"":[106.84112831675529,-6.148968119798125]}"
349_6_0,465.0,2023-12-16,Lubang_Buaya,"{""geodesic"":false,""type"":""Point"",""coordinates"":[106.89502723380247,-6.301681718098443]}"
349_7_0,512.5,2023-12-16,US_Consulate_Jakarta_Pusat,"{""geodesic"":false,""type"":""Point"",""coordinates"":[106.84112831675529,-6.184900731162906]}"
351_1_0,638.0,2023-12-18,Jagakarsa,"{""geodesic"":false,""type"":""Point"",""coordinates"":[106.83214516391409,-6.15795127263932]}"
351_3_0,509.0,2023-12-18,Kebon_Jeruk,"{""geodesic"":false,""type"":""Point"",""coordinates"":[106.76926309402573,-6.202867036845296]}"
351_4_0,889.0,2023-12-18,Kelapa_Gading,"{""geodesic"":false,""type"":""Point"",""coordinates"":[106.90401038664366,-6.15795127263932]}"
351_5_0,649.0,2023-12-18,Komp_Angkasa_Pura_Jakarta_Pusat,"{""geodesic"":false,""type"":""Point"",""coordinates"":[106.84112831675529,-6.148968119798125]}"
352_6_0,387.0,2023-12-19,Lubang_Buaya,"{""geodesic"":false,""type"":""Point"",""coordinates"":[106.89502723380247,-6.301681718098443]}"
353_0_0,175.0,2023-12-20,Bundaran_Hotel_Indonesia,"{""geodesic"":false,""type"":""Point"",""coordinates"":[106.82316201107291,-6.193883884004101]}"
353_1_0,242.5,2023-12-20,Jagakarsa,"{""geodesic"":false,""type"":""Point"",""coordinates"":[106.83214516391409,-6.15795127263932]}"
353_2_0,114.5,2023-12-20,Jalan_BDN_II,"{""geodesic"":false,""type"":""Point"",""coordinates"":[106.79621255254932,-6.283715412416053]}"
353_3_0,146.0,2023-12-20,Kebon_Jeruk,"{""geodesic"":false,""type"":""Point"",""coordinates"":[106.76926309402573,-6.202867036845296]}"
353_4_0,222.0,2023-12-20,Kelapa_Gading,"{""geodesic"":false,""type"":""Point"",""coordinates"":[106.90401038664366,-6.15795127263932]}"
353_5_0,240.5,2023-12-20,Komp_Angkasa_Pura_Jakarta_Pusat,"{""geodesic"":false,""type"":""Point"",""coordinates"":[106.84112831675529,-6.148968119798125]}"
353_6_0,114.0,2023-12-20,Lubang_Buaya,"{""geodesic"":false,""type"":""Point"",""coordinates"":[106.89502723380247,-6.301681718098443]}"
353_7_0,230.5,2023-12-20,US_Consulate_Jakarta_Pusat,"{""geodesic"":false,""type"":""Point"",""coordinates"":[106.84112831675529,-6.184900731162906]}"
354_0_0,119.0,2023-12-21,Bundaran_Hotel_Indonesia,"{""geodesic"":false,""type"":""Point"",""coordinates"":[106.82316201107291,-6.193883884004101]}"
354_1_0,304.0,2023-12-21,Jagakarsa,"{""geodesic"":false,""type"":""Point"",""coordinates"":[106.83214516391409,-6.15795127263932]}"
354_2_0,145.0,2023-12-21,Jalan_BDN_II,"{""geodesic"":false,""type"":""Point"",""coordinates"":[106.79621255254932,-6.283715412416053]}"
354_3_0,155.5,2023-12-21,Kebon_Jeruk,"{""geodesic"":false,""type"":""Point"",""coordinates"":[106.76926309402573,-6.202867036845296]}"
354_4_0,134.0,2023-12-21,Kelapa_Gading,"{""geodesic"":false,""type"":""Point"",""coordinates"":[106.90401038664366,-6.15795127263932]}"
354_5_0,309.0,2023-12-21,Komp_Angkasa_Pura_Jakarta_Pusat,"{""geodesic"":false,""type"":""Point"",""coordinates"":[106.84112831675529,-6.148968119798125]}"
354_6_0,130.0,2023-12-21,Lubang_Buaya,"{""geodesic"":false,""type"":""Point"",""coordinates"":[106.89502723380247,-6.301681718098443]}"
354_7_0,180.0,2023-12-21,US_Consulate_Jakarta_Pusat,"{""geodesic"":false,""type"":""Point"",""coordinates"":[106.84112831675529,-6.184900731162906]}"
373_0_0,384.0,2024-01-09,Bundaran_Hotel_Indonesia,"{""geodesic"":false,""type"":""Point"",""coordinates"":[106.82316201107291,-6.193883884004101]}"
373_2_0,351.0,2024-01-09,Jalan_BDN_II,"{""geodesic"":false,""type"":""Point"",""coordinates"":[106.79621255254932,-6.283715412416053]}"
373_7_0,397.0,2024-01-09,US_Consulate_Jakarta_Pusat,"{""geodesic"":false,""type"":""Point"",""coordinates"":[106.84112831675529,-6.184900731162906]}"
384_2_0,50.0,2024-01-20,Jalan_BDN_II,"{""geodesic"":false,""type"":""Point"",""coordinates"":[106.79621255254932,-6.283715412416053]}"
397_0_0,391.0,2024-02-02,Bundaran_Hotel_Indonesia,"{""geodesic"":false,""type"":""Point"",""coordinates"":[106.82316201107291,-6.193883884004101]}"
397_3_0,374.0,2024-02-02,Kebon_Jeruk,"{""geodesic"":false,""type"":""Point"",""coordinates"":[106.76926309402573,-6.202867036845296]}"
397_4_0,232.0,2024-02-02,Kelapa_Gading,"{""geodesic"":false,""type"":""Point"",""coordinates"":[106.90401038664366,-6.15795127263932]}"
403_0_0,158.0,2024-02-08,Bundaran_Hotel_Indonesia,"{""geodesic"":false,""type"":""Point"",""coordinates"":[106.82316201107291,-6.193883884004101]}"
403_3_0,167.0,2024-02-08,Kebon_Jeruk,"{""geodesic"":false,""type"":""Point"",""coordinates"":[106.76926309402573,-6.202867036845296]}"
403_4_0,201.0,2024-02-08,Kelapa_Gading,"{""geodesic"":false,""type"":""Point"",""coordinates"":[106.90401038664366,-6.15795127263932]}"
403_5_0,490.0,2024-02-08,Komp_Angkasa_Pura_Jakarta_Pusat,"{""geodesic"":false,""type"":""Point"",""coordinates"":[106.84112831675529,-6.148968119798125]}"
406_4_0,20.0,2024-02-11,Kelapa_Gading,"{""geodesic"":false,""type"":""Point"",""coordinates"":[106.90401038664366,-6.15795127263932]}"
406_5_0,541.0,2024-02-11,Komp_Angkasa_Pura_Jakarta_Pusat,"{""geodesic"":false,""type"":""Point"",""coordinates"":[106.84112831675529,-6.148968119798125]}"
407_4_0,520.0,2024-02-12,Kelapa_Gading,"{""geodesic"":false,""type"":""Point"",""coordinates"":[106.90401038664366,-6.15795127263932]}"
415_0_0,390.0,2024-02-20,Bundaran_Hotel_Indonesia,"{""geodesic"":false,""type"":""Point"",""coordinates"":[106.82316201107291,-6.193883884004101]}"
415_3_0,583.0,2024-02-20,Kebon_Jeruk,"{""geodesic"":false,""type"":""Point"",""coordinates"":[106.76926309402573,-6.202867036845296]}"
415_4_0,479.0,2024-02-20,Kelapa_Gading,"{""geodesic"":false,""type"":""Point"",""coordinates"":[106.90401038664366,-6.15795127263932]}"
415_5_0,467.0,2024-02-20,Komp_Angkasa_Pura_Jakarta_Pusat,"{""geodesic"":false,""type"":""Point"",""coordinates"":[106.84112831675529,-6.148968119798125]}"
417_0_0,155.0,2024-02-22,Bundaran_Hotel_Indonesia,"{""geodesic"":false,""type"":""Point"",""coordinates"":[106.82316201107291,-6.193883884004101]}"
417_2_0,127.0,2024-02-22,Jalan_BDN_II,"{""geodesic"":false,""type"":""Point"",""coordinates"":[106.79621255254932,-6.283715412416053]}"
417_3_0,199.0,2024-02-22,Kebon_Jeruk,"{""geodesic"":false,""type"":""Point"",""coordinates"":[106.76926309402573,-6.202867036845296]}"
417_4_0,344.0,2024-02-22,Kelapa_Gading,"{""geodesic"":false,""type"":""Point"",""coordinates"":[106.90401038664366,-6.15795127263932]}"
417_6_0,267.0,2024-02-22,Lubang_Buaya,"{""geodesic"":false,""type"":""Point"",""coordinates"":[106.89502723380247,-6.301681718098443]}"
425_4_0,102.0,2024-03-01,Kelapa_Gading,"{""geodesic"":false,""type"":""Point"",""coordinates"":[106.90401038664366,-6.15795127263932]}"
425_5_0,75.0,2024-03-01,Komp_Angkasa_Pura_Jakarta_Pusat,"{""geodesic"":false,""type"":""Point"",""coordinates"":[106.84112831675529,-6.148968119798125]}"
429_2_0,435.0,2024-03-05,Jalan_BDN_II,"{""geodesic"":false,""type"":""Point"",""coordinates"":[106.79621255254932,-6.283715412416053]}"
443_0_0,174.0,2024-03-19,Bundaran_Hotel_Indonesia,"{""geodesic"":false,""type"":""Point"",""coordinates"":[106.82316201107291,-6.193883884004101]}"
443_1_0,253.0,2024-03-19,Jagakarsa,"{""geodesic"":false,""type"":""Point"",""coordinates"":[106.83214516391409,-6.15795127263932]}"
443_2_0,25.0,2024-03-19,Jalan_BDN_II,"{""geodesic"":false,""type"":""Point"",""coordinates"":[106.79621255254932,-6.283715412416053]}"
443_3_0,82.0,2024-03-19,Kebon_Jeruk,"{""geodesic"":false,""type"":""Point"",""coordinates"":[106.76926309402573,-6.202867036845296]}"
443_4_0,20.0,2024-03-19,Kelapa_Gading,"{""geodesic"":false,""type"":""Point"",""coordinates"":[106.90401038664366,-6.15795127263932]}"
443_6_0,29.0,2024-03-19,Lubang_Buaya,"{""geodesic"":false,""type"":""Point"",""coordinates"":[106.89502723380247,-6.301681718098443]}"
443_7_0,241.0,2024-03-19,US_Consulate_Jakarta_Pusat,"{""geodesic"":false,""type"":""Point"",""coordinates"":[106.84112831675529,-6.184900731162906]}"
444_0_0,24.0,2024-03-20,Bundaran_Hotel_Indonesia,"{""geodesic"":false,""type"":""Point"",""coordinates"":[106.82316201107291,-6.193883884004101]}"
444_1_0,30.0,2024-03-20,Jagakarsa,"{""geodesic"":false,""type"":""Point"",""coordinates"":[106.83214516391409,-6.15795127263932]}"
444_2_0,11.0,2024-03-20,Jalan_BDN_II,"{""geodesic"":false,""type"":""Point"",""coordinates"":[106.79621255254932,-6.283715412416053]}"
444_3_0,19.0,2024-03-20,Kebon_Jeruk,"{""geodesic"":false,""type"":""Point"",""coordinates"":[106.76926309402573,-6.202867036845296]}"
444_4_0,48.0,2024-03-20,Kelapa_Gading,"{""geodesic"":false,""type"":""Point"",""coordinates"":[106.90401038664366,-6.15795127263932]}"
444_5_0,39.0,2024-03-20,Komp_Angkasa_Pura_Jakarta_Pusat,"{""geodesic"":false,""type"":""Point"",""coordinates"":[106.84112831675529,-6.148968119798125]}"
444_6_0,11.0,2024-03-20,Lubang_Buaya,"{""geodesic"":false,""type"":""Point"",""coordinates"":[106.89502723380247,-6.301681718098443]}"
444_7_0,52.0,2024-03-20,US_Consulate_Jakarta_Pusat,"{""geodesic"":false,""type"":""Point"",""coordinates"":[106.84112831675529,-6.184900731162906]}"
445_4_0,348.0,2024-03-21,Kelapa_Gading,"{""geodesic"":false,""type"":""Point"",""coordinates"":[106.90401038664366,-6.15795127263932]}"
447_0_0,432.0,2024-03-23,Bundaran_Hotel_Indonesia,"{""geodesic"":false,""type"":""Point"",""coordinates"":[106.82316201107291,-6.193883884004101]}"
447_1_0,524.0,2024-03-23,Jagakarsa,"{""geodesic"":false,""type"":""Point"",""coordinates"":[106.83214516391409,-6.15795127263932]}"
447_2_0,366.0,2024-03-23,Jalan_BDN_II,"{""geodesic"":false,""type"":""Point"",""coordinates"":[106.79621255254932,-6.283715412416053]}"
447_3_0,433.0,2024-03-23,Kebon_Jeruk,"{""geodesic"":false,""type"":""Point"",""coordinates"":[106.76926309402573,-6.202867036845296]}"
447_4_0,557.0,2024-03-23,Kelapa_Gading,"{""geodesic"":false,""type"":""Point"",""coordinates"":[106.90401038664366,-6.15795127263932]}"
447_5_0,502.0,2024-03-23,Komp_Angkasa_Pura_Jakarta_Pusat,"{""geodesic"":false,""type"":""Point"",""coordinates"":[106.84112831675529,-6.148968119798125]}"
447_6_0,365.0,2024-03-23,Lubang_Buaya,"{""geodesic"":false,""type"":""Point"",""coordinates"":[106.89502723380247,-6.301681718098443]}"
447_7_0,480.0,2024-03-23,US_Consulate_Jakarta_Pusat,"{""geodesic"":false,""type"":""Point"",""coordinates"":[106.84112831675529,-6.184900731162906]}"
453_2_0,597.0,2024-03-29,Jalan_BDN_II,"{""geodesic"":false,""type"":""Point"",""coordinates"":[106.79621255254932,-6.283715412416053]}"
462_0_0,531.0,2024-04-07,Bundaran_Hotel_Indonesia,"{""geodesic"":false,""type"":""Point"",""coordinates"":[106.82316201107291,-6.193883884004101]}"
462_2_0,264.0,2024-04-07,Jalan_BDN_II,"{""geodesic"":false,""type"":""Point"",""coordinates"":[106.79621255254932,-6.283715412416053]}"
462_3_0,401.0,2024-04-07,Kebon_Jeruk,"{""geodesic"":false,""type"":""Point"",""coordinates"":[106.76926309402573,-6.202867036845296]}"
462_4_0,801.0,2024-04-07,Kelapa_Gading,"{""geodesic"":false,""type"":""Point"",""coordinates"":[106.90401038664366,-6.15795127263932]}"
462_6_0,415.0,2024-04-07,Lubang_Buaya,"{""geodesic"":false,""type"":""Point"",""coordinates"":[106.89502723380247,-6.301681718098443]}"
463_0_0,467.0,2024-04-08,Bundaran_Hotel_Indonesia,"{""geodesic"":false,""type"":""Point"",""coordinates"":[106.82316201107291,-6.193883884004101]}"
463_1_0,441.0,2024-04-08,Jagakarsa,"{""geodesic"":false,""type"":""Point"",""coordinates"":[106.83214516391409,-6.15795127263932]}"
463_3_0,502.0,2024-04-08,Kebon_Jeruk,"{""geodesic"":false,""type"":""Point"",""coordinates"":[106.76926309402573,-6.202867036845296]}"
463_4_0,498.0,2024-04-08,Kelapa_Gading,"{""geodesic"":false,""type"":""Point"",""coordinates"":[106.90401038664366,-6.15795127263932]}"
463_5_0,531.0,2024-04-08,Komp_Angkasa_Pura_Jakarta_Pusat,"{""geodesic"":false,""type"":""Point"",""coordinates"":[106.84112831675529,-6.148968119798125]}"
463_7_0,559.0,2024-04-08,US_Consulate_Jakarta_Pusat,"{""geodesic"":false,""type"":""Point"",""coordinates"":[106.84112831675529,-6.184900731162906]}"
471_4_0,531.0,2024-04-16,Kelapa_Gading,"{""geodesic"":false,""type"":""Point"",""coordinates"":[106.90401038664366,-6.15795127263932]}"
472_6_0,525.0,2024-04-17,Lubang_Buaya,"{""geodesic"":false,""type"":""Point"",""coordinates"":[106.89502723380247,-6.301681718098443]}"
473_1_0,408.0,2024-04-18,Jagakarsa,"{""geodesic"":false,""type"":""Point"",""coordinates"":[106.83214516391409,-6.15795127263932]}"
473_6_0,435.0,2024-04-18,Lubang_Buaya,"{""geodesic"":false,""type"":""Point"",""coordinates"":[106.89502723380247,-6.301681718098443]}"
477_4_0,133.0,2024-04-22,Kelapa_Gading,"{""geodesic"":false,""type"":""Point"",""coordinates"":[106.90401038664366,-6.15795127263932]}"
477_5_0,334.0,2024-04-22,Komp_Angkasa_Pura_Jakarta_Pusat,"{""geodesic"":false,""type"":""Point"",""coordinates"":[106.84112831675529,-6.148968119798125]}"
481_3_0,555.0,2024-04-26,Kebon_Jeruk,"{""geodesic"":false,""type"":""Point"",""coordinates"":[106.76926309402573,-6.202867036845296]}"
481_6_0,353.0,2024-04-26,Lubang_Buaya,"{""geodesic"":false,""type"":""Point"",""coordinates"":[106.89502723380247,-6.301681718098443]}"
482_4_0,379.0,2024-04-27,Kelapa_Gading,"{""geodesic"":false,""type"":""Point"",""coordinates"":[106.90401038664366,-6.15795127263932]}"
482_6_0,259.0,2024-04-27,Lubang_Buaya,"{""geodesic"":false,""type"":""Point"",""coordinates"":[106.89502723380247,-6.301681718098443]}"
484_0_0,417.0,2024-04-29,Bundaran_Hotel_Indonesia,"{""geodesic"":false,""type"":""Point"",""coordinates"":[106.82316201107291,-6.193883884004101]}"
484_1_0,620.0,2024-04-29,Jagakarsa,"{""geodesic"":false,""type"":""Point"",""coordinates"":[106.83214516391409,-6.15795127263932]}"
484_2_0,437.0,2024-04-29,Jalan_BDN_II,"{""geodesic"":false,""type"":""Point"",""coordinates"":[106.79621255254932,-6.283715412416053]}"
484_3_0,423.0,2024-04-29,Kebon_Jeruk,"{""geodesic"":false,""type"":""Point"",""coordinates"":[106.76926309402573,-6.202867036845296]}"
484_4_0,437.0,2024-04-29,Kelapa_Gading,"{""geodesic"":false,""type"":""Point"",""coordinates"":[106.90401038664366,-6.15795127263932]}"
484_5_0,582.0,2024-04-29,Komp_Angkasa_Pura_Jakarta_Pusat,"{""geodesic"":false,""type"":""Point"",""coordinates"":[106.84112831675529,-6.148968119798125]}"
484_6_0,372.0,2024-04-29,Lubang_Buaya,"{""geodesic"":false,""type"":""Point"",""coordinates"":[106.89502723380247,-6.301681718098443]}"
484_7_0,540.0,2024-04-29,US_Consulate_Jakarta_Pusat,"{""geodesic"":false,""type"":""Point"",""coordinates"":[106.84112831675529,-6.184900731162906]}"
489_4_0,884.0,2024-05-04,Kelapa_Gading,"{""geodesic"":false,""type"":""Point"",""coordinates"":[106.90401038664366,-6.15795127263932]}"
489_6_0,756.0,2024-05-04,Lubang_Buaya,"{""geodesic"":false,""type"":""Point"",""coordinates"":[106.89502723380247,-6.301681718098443]}"
491_0_0,1550.0,2024-05-06,Bundaran_Hotel_Indonesia,"{""geodesic"":false,""type"":""Point"",""coordinates"":[106.82316201107291,-6.193883884004101]}"
491_2_0,1435.0,2024-05-06,Jalan_BDN_II,"{""geodesic"":false,""type"":""Point"",""coordinates"":[106.79621255254932,-6.283715412416053]}"
491_3_0,1264.0,2024-05-06,Kebon_Jeruk,"{""geodesic"":false,""type"":""Point"",""coordinates"":[106.76926309402573,-6.202867036845296]}"
491_7_0,1835.0,2024-05-06,US_Consulate_Jakarta_Pusat,"{""geodesic"":false,""type"":""Point"",""coordinates"":[106.84112831675529,-6.184900731162906]}"
492_0_0,842.0,2024-05-07,Bundaran_Hotel_Indonesia,"{""geodesic"":false,""type"":""Point"",""coordinates"":[106.82316201107291,-6.193883884004101]}"
492_1_0,746.0,2024-05-07,Jagakarsa,"{""geodesic"":false,""type"":""Point"",""coordinates"":[106.83214516391409,-6.15795127263932]}"
492_2_0,769.0,2024-05-07,Jalan_BDN_II,"{""geodesic"":false,""type"":""Point"",""coordinates"":[106.79621255254932,-6.283715412416053]}"
492_4_0,832.5,2024-05-07,Kelapa_Gading,"{""geodesic"":false,""type"":""Point"",""coordinates"":[106.90401038664366,-6.15795127263932]}"
492_5_0,898.0,2024-05-07,Komp_Angkasa_Pura_Jakarta_Pusat,"{""geodesic"":false,""type"":""Point"",""coordinates"":[106.84112831675529,-6.148968119798125]}"
492_6_0,774.0,2024-05-07,Lubang_Buaya,"{""geodesic"":false,""type"":""Point"",""coordinates"":[106.89502723380247,-6.301681718098443]}"
493_3_0,1364.0,2024-05-08,Kebon_Jeruk,"{""geodesic"":false,""type"":""Point"",""coordinates"":[106.76926309402573,-6.202867036845296]}"
493_4_0,1133.0,2024-05-08,Kelapa_Gading,"{""geodesic"":false,""type"":""Point"",""coordinates"":[106.90401038664366,-6.15795127263932]}"
494_2_0,745.0,2024-05-09,Jalan_BDN_II,"{""geodesic"":false,""type"":""Point"",""coordinates"":[106.79621255254932,-6.283715412416053]}"
494_6_0,726.0,2024-05-09,Lubang_Buaya,"{""geodesic"":false,""type"":""Point"",""coordinates"":[106.89502723380247,-6.301681718098443]}"
495_4_0,656.0,2024-05-10,Kelapa_Gading,"{""geodesic"":false,""type"":""Point"",""coordinates"":[106.90401038664366,-6.15795127263932]}"
496_6_0,735.0,2024-05-11,Lubang_Buaya,"{""geodesic"":false,""type"":""Point"",""coordinates"":[106.89502723380247,-6.301681718098443]}"
497_0_0,394.0,2024-05-12,Bundaran_Hotel_Indonesia,"{""geodesic"":false,""type"":""Point"",""coordinates"":[106.82316201107291,-6.193883884004101]}"
497_6_0,399.0,2024-05-12,Lubang_Buaya,"{""geodesic"":false,""type"":""Point"",""coordinates"":[106.89502723380247,-6.301681718098443]}"
501_4_0,995.0,2024-05-16,Kelapa_Gading,"{""geodesic"":false,""type"":""Point"",""coordinates"":[106.90401038664366,-6.15795127263932]}"
504_1_0,1794.0,2024-05-19,Jagakarsa,"{""geodesic"":false,""type"":""Point"",""coordinates"":[106.83214516391409,-6.15795127263932]}"
504_4_0,1847.0,2024-05-19,Kelapa_Gading,"{""geodesic"":false,""type"":""Point"",""coordinates"":[106.90401038664366,-6.15795127263932]}"
504_5_0,1829.0,2024-05-19,Komp_Angkasa_Pura_Jakarta_Pusat,"{""geodesic"":false,""type"":""Point"",""coordinates"":[106.84112831675529,-6.148968119798125]}"
504_7_0,2135.0,2024-05-19,US_Consulate_Jakarta_Pusat,"{""geodesic"":false,""type"":""Point"",""coordinates"":[106.84112831675529,-6.184900731162906]}"
506_0_0,1676.0,2024-05-21,Bundaran_Hotel_Indonesia,"{""geodesic"":false,""type"":""Point"",""coordinates"":[106.82316201107291,-6.193883884004101]}"
506_7_0,1686.0,2024-05-21,US_Consulate_Jakarta_Pusat,"{""geodesic"":false,""type"":""Point"",""coordinates"":[106.84112831675529,-6.184900731162906]}"
509_4_0,548.0,2024-05-24,Kelapa_Gading,"{""geodesic"":false,""type"":""Point"",""coordinates"":[106.90401038664366,-6.15795127263932]}"
509_5_0,590.0,2024-05-24,Komp_Angkasa_Pura_Jakarta_Pusat,"{""geodesic"":false,""type"":""Point"",""coordinates"":[106.84112831675529,-6.148968119798125]}"
512_3_0,491.0,2024-05-27,Kebon_Jeruk,"{""geodesic"":false,""type"":""Point"",""coordinates"":[106.76926309402573,-6.202867036845296]}"
512_4_0,521.5,2024-05-27,Kelapa_Gading,"{""geodesic"":false,""type"":""Point"",""coordinates"":[106.90401038664366,-6.15795127263932]}"
512_6_0,493.0,2024-05-27,Lubang_Buaya,"{""geodesic"":false,""type"":""Point"",""coordinates"":[106.89502723380247,-6.301681718098443]}"
513_2_0,744.0,2024-05-28,Jalan_BDN_II,"{""geodesic"":false,""type"":""Point"",""coordinates"":[106.79621255254932,-6.283715412416053]}"
513_4_0,713.0,2024-05-28,Kelapa_Gading,"{""geodesic"":false,""type"":""Point"",""coordinates"":[106.90401038664366,-6.15795127263932]}"
513_6_0,653.0,2024-05-28,Lubang_Buaya,"{""geodesic"":false,""type"":""Point"",""coordinates"":[106.89502723380247,-6.301681718098443]}"
515_2_0,787.0,2024-05-30,Jalan_BDN_II,"{""geodesic"":false,""type"":""Point"",""coordinates"":[106.79621255254932,-6.283715412416053]}"
515_6_0,962.0,2024-05-30,Lubang_Buaya,"{""geodesic"":false,""type"":""Point"",""coordinates"":[106.89502723380247,-6.301681718098443]}"
515_7_0,1052.0,2024-05-30,US_Consulate_Jakarta_Pusat,"{""geodesic"":false,""type"":""Point"",""coordinates"":[106.84112831675529,-6.184900731162906]}"
521_1_0,1047.0,2024-06-05,Jagakarsa,"{""geodesic"":false,""type"":""Point"",""coordinates"":[106.83214516391409,-6.15795127263932]}"
521_5_0,1009.0,2024-06-05,Komp_Angkasa_Pura_Jakarta_Pusat,"{""geodesic"":false,""type"":""Point"",""coordinates"":[106.84112831675529,-6.148968119798125]}"
522_1_0,695.0,2024-06-06,Jagakarsa,"{""geodesic"":false,""type"":""Point"",""coordinates"":[106.83214516391409,-6.15795127263932]}"
522_3_0,804.0,2024-06-06,Kebon_Jeruk,"{""geodesic"":false,""type"":""Point"",""coordinates"":[106.76926309402573,-6.202867036845296]}"
522_4_0,524.0,2024-06-06,Kelapa_Gading,"{""geodesic"":false,""type"":""Point"",""coordinates"":[106.90401038664366,-6.15795127263932]}"
522_5_0,662.0,2024-06-06,Komp_Angkasa_Pura_Jakarta_Pusat,"{""geodesic"":false,""type"":""Point"",""coordinates"":[106.84112831675529,-6.148968119798125]}"
523_0_0,576.0,2024-06-07,Bundaran_Hotel_Indonesia,"{""geodesic"":false,""type"":""Point"",""coordinates"":[106.82316201107291,-6.193883884004101]}"
523_1_0,412.0,2024-06-07,Jagakarsa,"{""geodesic"":false,""type"":""Point"",""coordinates"":[106.83214516391409,-6.15795127263932]}"
523_3_0,657.0,2024-06-07,Kebon_Jeruk,"{""geodesic"":false,""type"":""Point"",""coordinates"":[106.76926309402573,-6.202867036845296]}"
523_4_0,403.0,2024-06-07,Kelapa_Gading,"{""geodesic"":false,""type"":""Point"",""coordinates"":[106.90401038664366,-6.15795127263932]}"
523_5_0,358.0,2024-06-07,Komp_Angkasa_Pura_Jakarta_Pusat,"{""geodesic"":false,""type"":""Point"",""coordinates"":[106.84112831675529,-6.148968119798125]}"
523_7_0,519.0,2024-06-07,US_Consulate_Jakarta_Pusat,"{""geodesic"":false,""type"":""Point"",""coordinates"":[106.84112831675529,-6.184900731162906]}"
524_0_0,587.0,2024-06-08,Bundaran_Hotel_Indonesia,"{""geodesic"":false,""type"":""Point"",""coordinates"":[106.82316201107291,-6.193883884004101]}"
524_1_0,581.0,2024-06-08,Jagakarsa,"{""geodesic"":false,""type"":""Point"",""coordinates"":[106.83214516391409,-6.15795127263932]}"
524_2_0,420.0,2024-06-08,Jalan_BDN_II,"{""geodesic"":false,""type"":""Point"",""coordinates"":[106.79621255254932,-6.283715412416053]}"
524_3_0,540.0,2024-06-08,Kebon_Jeruk,"{""geodesic"":false,""type"":""Point"",""coordinates"":[106.76926309402573,-6.202867036845296]}"
524_4_0,460.0,2024-06-08,Kelapa_Gading,"{""geodesic"":false,""type"":""Point"",""coordinates"":[106.90401038664366,-6.15795127263932]}"
524_5_0,527.0,2024-06-08,Komp_Angkasa_Pura_Jakarta_Pusat,"{""geodesic"":false,""type"":""Point"",""coordinates"":[106.84112831675529,-6.148968119798125]}"
524_6_0,394.0,2024-06-08,Lubang_Buaya,"{""geodesic"":false,""type"":""Point"",""coordinates"":[106.89502723380247,-6.301681718098443]}"
526_4_0,535.5,2024-06-10,Kelapa_Gading,"{""geodesic"":false,""type"":""Point"",""coordinates"":[106.90401038664366,-6.15795127263932]}"
526_5_0,567.0,2024-06-10,Komp_Angkasa_Pura_Jakarta_Pusat,"{""geodesic"":false,""type"":""Point"",""coordinates"":[106.84112831675529,-6.148968119798125]}"
526_6_0,592.0,2024-06-10,Lubang_Buaya,"{""geodesic"":false,""type"":""Point"",""coordinates"":[106.89502723380247,-6.301681718098443]}"
531_4_0,765.0,2024-06-15,Kelapa_Gading,"{""geodesic"":false,""type"":""Point"",""coordinates"":[106.90401038664366,-6.15795127263932]}"
533_1_0,699.0,2024-06-17,Jagakarsa,"{""geodesic"":false,""type"":""Point"",""coordinates"":[106.83214516391409,-6.15795127263932]}"
533_4_0,698.5,2024-06-17,Kelapa_Gading,"{""geodesic"":false,""type"":""Point"",""coordinates"":[106.90401038664366,-6.15795127263932]}"
533_5_0,701.0,2024-06-17,Komp_Angkasa_Pura_Jakarta_Pusat,"{""geodesic"":false,""type"":""Point"",""coordinates"":[106.84112831675529,-6.148968119798125]}"
535_2_0,584.0,2024-06-19,Jalan_BDN_II,"{""geodesic"":false,""type"":""Point"",""coordinates"":[106.79621255254932,-6.283715412416053]}"
535_4_0,501.5,2024-06-19,Kelapa_Gading,"{""geodesic"":false,""type"":""Point"",""coordinates"":[106.90401038664366,-6.15795127263932]}"
535_6_0,425.0,2024-06-19,Lubang_Buaya,"{""geodesic"":false,""type"":""Point"",""coordinates"":[106.89502723380247,-6.301681718098443]}"
536_4_0,380.0,2024-06-20,Kelapa_Gading,"{""geodesic"":false,""type"":""Point"",""coordinates"":[106.90401038664366,-6.15795127263932]}"
537_0_0,528.0,2024-06-21,Bundaran_Hotel_Indonesia,"{""geodesic"":false,""type"":""Point"",""coordinates"":[106.82316201107291,-6.193883884004101]}"
537_1_0,612.0,2024-06-21,Jagakarsa,"{""geodesic"":false,""type"":""Point"",""coordinates"":[106.83214516391409,-6.15795127263932]}"
537_2_0,489.0,2024-06-21,Jalan_BDN_II,"{""geodesic"":false,""type"":""Point"",""coordinates"":[106.79621255254932,-6.283715412416053]}"
537_3_0,531.0,2024-06-21,Kebon_Jeruk,"{""geodesic"":false,""type"":""Point"",""coordinates"":[106.76926309402573,-6.202867036845296]}"
537_4_0,552.0,2024-06-21,Kelapa_Gading,"{""geodesic"":false,""type"":""Point"",""coordinates"":[106.90401038664366,-6.15795127263932]}"
537_5_0,619.0,2024-06-21,Komp_Angkasa_Pura_Jakarta_Pusat,"{""geodesic"":false,""type"":""Point"",""coordinates"":[106.84112831675529,-6.148968119798125]}"
537_6_0,414.0,2024-06-21,Lubang_Buaya,"{""geodesic"":false,""type"":""Point"",""coordinates"":[106.89502723380247,-6.301681718098443]}"
537_7_0,567.0,2024-06-21,US_Consulate_Jakarta_Pusat,"{""geodesic"":false,""type"":""Point"",""coordinates"":[106.84112831675529,-6.184900731162906]}"
542_0_0,291.0,2024-06-26,Bundaran_Hotel_Indonesia,"{""geodesic"":false,""type"":""Point"",""coordinates"":[106.82316201107291,-6.193883884004101]}"
542_1_0,356.0,2024-06-26,Jagakarsa,"{""geodesic"":false,""type"":""Point"",""coordinates"":[106.83214516391409,-6.15795127263932]}"
542_2_0,308.0,2024-06-26,Jalan_BDN_II,"{""geodesic"":false,""type"":""Point"",""coordinates"":[106.79621255254932,-6.283715412416053]}"
542_3_0,245.0,2024-06-26,Kebon_Jeruk,"{""geodesic"":false,""type"":""Point"",""coordinates"":[106.76926309402573,-6.202867036845296]}"
542_4_0,255.0,2024-06-26,Kelapa_Gading,"{""geodesic"":false,""type"":""Point"",""coordinates"":[106.90401038664366,-6.15795127263932]}"
542_5_0,325.0,2024-06-26,Komp_Angkasa_Pura_Jakarta_Pusat,"{""geodesic"":false,""type"":""Point"",""coordinates"":[106.84112831675529,-6.148968119798125]}"
542_6_0,260.0,2024-06-26,Lubang_Buaya,"{""geodesic"":false,""type"":""Point"",""coordinates"":[106.89502723380247,-6.301681718098443]}"
542_7_0,342.0,2024-06-26,US_Consulate_Jakarta_Pusat,"{""geodesic"":false,""type"":""Point"",""coordinates"":[106.84112831675529,-6.184900731162906]}"
546_0_0,326.0,2024-06-30,Bundaran_Hotel_Indonesia,"{""geodesic"":false,""type"":""Point"",""coordinates"":[106.82316201107291,-6.193883884004101]}"
549_0_0,600.0,2024-07-03,Bundaran_Hotel_Indonesia,"{""geodesic"":false,""type"":""Point"",""coordinates"":[106.82316201107291,-6.193883884004101]}"
549_1_0,715.0,2024-07-03,Jagakarsa,"{""geodesic"":false,""type"":""Point"",""coordinates"":[106.83214516391409,-6.15795127263932]}"
549_2_0,505.0,2024-07-03,Jalan_BDN_II,"{""geodesic"":false,""type"":""Point"",""coordinates"":[106.79621255254932,-6.283715412416053]}"
549_3_0,574.0,2024-07-03,Kebon_Jeruk,"{""geodesic"":false,""type"":""Point"",""coordinates"":[106.76926309402573,-6.202867036845296]}"
549_4_0,592.0,2024-07-03,Kelapa_Gading,"{""geodesic"":false,""type"":""Point"",""coordinates"":[106.90401038664366,-6.15795127263932]}"
549_5_0,749.0,2024-07-03,Komp_Angkasa_Pura_Jakarta_Pusat,"{""geodesic"":false,""type"":""Point"",""coordinates"":[106.84112831675529,-6.148968119798125]}"
549_6_0,454.0,2024-07-03,Lubang_Buaya,"{""geodesic"":false,""type"":""Point"",""coordinates"":[106.89502723380247,-6.301681718098443]}"
549_7_0,641.0,2024-07-03,US_Consulate_Jakarta_Pusat,"{""geodesic"":false,""type"":""Point"",""coordinates"":[106.84112831675529,-6.184900731162906]}"
554_0_0,200.0,2024-07-08,Bundaran_Hotel_Indonesia,"{""geodesic"":false,""type"":""Point"",""coordinates"":[106.82316201107291,-6.193883884004101]}"
554_1_0,312.0,2024-07-08,Jagakarsa,"{""geodesic"":false,""type"":""Point"",""coordinates"":[106.83214516391409,-6.15795127263932]}"
554_2_0,125.0,2024-07-08,Jalan_BDN_II,"{""geodesic"":false,""type"":""Point"",""coordinates"":[106.79621255254932,-6.283715412416053]}"
554_3_0,179.0,2024-07-08,Kebon_Jeruk,"{""geodesic"":false,""type"":""Point"",""coordinates"":[106.76926309402573,-6.202867036845296]}"
554_4_0,229.0,2024-07-08,Kelapa_Gading,"{""geodesic"":false,""type"":""Point"",""coordinates"":[106.90401038664366,-6.15795127263932]}"
554_5_0,290.0,2024-07-08,Komp_Angkasa_Pura_Jakarta_Pusat,"{""geodesic"":false,""type"":""Point"",""coordinates"":[106.84112831675529,-6.148968119798125]}"
554_6_0,68.0,2024-07-08,Lubang_Buaya,"{""geodesic"":false,""type"":""Point"",""coordinates"":[106.89502723380247,-6.301681718098443]}"
554_7_0,250.0,2024-07-08,US_Consulate_Jakarta_Pusat,"{""geodesic"":false,""type"":""Point"",""coordinates"":[106.84112831675529,-6.184900731162906]}"
557_0_0,609.0,2024-07-11,Bundaran_Hotel_Indonesia,"{""geodesic"":false,""type"":""Point"",""coordinates"":[106.82316201107291,-6.193883884004101]}"
557_1_0,684.0,2024-07-11,Jagakarsa,"{""geodesic"":false,""type"":""Point"",""coordinates"":[106.83214516391409,-6.15795127263932]}"
557_2_0,555.0,2024-07-11,Jalan_BDN_II,"{""geodesic"":false,""type"":""Point"",""coordinates"":[106.79621255254932,-6.283715412416053]}"
557_3_0,647.0,2024-07-11,Kebon_Jeruk,"{""geodesic"":false,""type"":""Point"",""coordinates"":[106.76926309402573,-6.202867036845296]}"
557_4_0,383.0,2024-07-11,Kelapa_Gading,"{""geodesic"":false,""type"":""Point"",""coordinates"":[106.90401038664366,-6.15795127263932]}"
557_5_0,619.0,2024-07-11,Komp_Angkasa_Pura_Jakarta_Pusat,"{""geodesic"":false,""type"":""Point"",""coordinates"":[106.84112831675529,-6.148968119798125]}"
557_6_0,477.0,2024-07-11,Lubang_Buaya,"{""geodesic"":false,""type"":""Point"",""coordinates"":[106.89502723380247,-6.301681718098443]}"
557_7_0,609.0,2024-07-11,US_Consulate_Jakarta_Pusat,"{""geodesic"":false,""type"":""Point"",""coordinates"":[106.84112831675529,-6.184900731162906]}"
558_1_0,605.0,2024-07-12,Jagakarsa,"{""geodesic"":false,""type"":""Point"",""coordinates"":[106.83214516391409,-6.15795127263932]}"
558_2_0,644.0,2024-07-12,Jalan_BDN_II,"{""geodesic"":false,""type"":""Point"",""coordinates"":[106.79621255254932,-6.283715412416053]}"
558_3_0,687.0,2024-07-12,Kebon_Jeruk,"{""geodesic"":false,""type"":""Point"",""coordinates"":[106.76926309402573,-6.202867036845296]}"
558_4_0,538.0,2024-07-12,Kelapa_Gading,"{""geodesic"":false,""type"":""Point"",""coordinates"":[106.90401038664366,-6.15795127263932]}"
558_5_0,594.0,2024-07-12,Komp_Angkasa_Pura_Jakarta_Pusat,"{""geodesic"":false,""type"":""Point"",""coordinates"":[106.84112831675529,-6.148968119798125]}"
558_6_0,598.0,2024-07-12,Lubang_Buaya,"{""geodesic"":false,""type"":""Point"",""coordinates"":[106.89502723380247,-6.301681718098443]}"
558_7_0,725.0,2024-07-12,US_Consulate_Jakarta_Pusat,"{""geodesic"":false,""type"":""Point"",""coordinates"":[106.84112831675529,-6.184900731162906]}"
559_0_0,438.0,2024-07-13,Bundaran_Hotel_Indonesia,"{""geodesic"":false,""type"":""Point"",""coordinates"":[106.82316201107291,-6.193883884004101]}"
559_1_0,495.0,2024-07-13,Jagakarsa,"{""geodesic"":false,""type"":""Point"",""coordinates"":[106.83214516391409,-6.15795127263932]}"
559_2_0,533.0,2024-07-13,Jalan_BDN_II,"{""geodesic"":false,""type"":""Point"",""coordinates"":[106.79621255254932,-6.283715412416053]}"
559_3_0,391.0,2024-07-13,Kebon_Jeruk,"{""geodesic"":false,""type"":""Point"",""coordinates"":[106.76926309402573,-6.202867036845296]}"
559_4_0,421.0,2024-07-13,Kelapa_Gading,"{""geodesic"":false,""type"":""Point"",""coordinates"":[106.90401038664366,-6.15795127263932]}"
559_5_0,463.0,2024-07-13,Komp_Angkasa_Pura_Jakarta_Pusat,"{""geodesic"":false,""type"":""Point"",""coordinates"":[106.84112831675529,-6.148968119798125]}"
559_6_0,422.0,2024-07-13,Lubang_Buaya,"{""geodesic"":false,""type"":""Point"",""coordinates"":[106.89502723380247,-6.301681718098443]}"
559_7_0,458.0,2024-07-13,US_Consulate_Jakarta_Pusat,"{""geodesic"":false,""type"":""Point"",""coordinates"":[106.84112831675529,-6.184900731162906]}"
560_0_0,536.0,2024-07-14,Bundaran_Hotel_Indonesia,"{""geodesic"":false,""type"":""Point"",""coordinates"":[106.82316201107291,-6.193883884004101]}"
560_1_0,547.0,2024-07-14,Jagakarsa,"{""geodesic"":false,""type"":""Point"",""coordinates"":[106.83214516391409,-6.15795127263932]}"
560_2_0,554.0,2024-07-14,Jalan_BDN_II,"{""geodesic"":false,""type"":""Point"",""coordinates"":[106.79621255254932,-6.283715412416053]}"
560_3_0,502.0,2024-07-14,Kebon_Jeruk,"{""geodesic"":false,""type"":""Point"",""coordinates"":[106.76926309402573,-6.202867036845296]}"
560_4_0,625.0,2024-07-14,Kelapa_Gading,"{""geodesic"":false,""type"":""Point"",""coordinates"":[106.90401038664366,-6.15795127263932]}"
560_5_0,583.0,2024-07-14,Komp_Angkasa_Pura_Jakarta_Pusat,"{""geodesic"":false,""type"":""Point"",""coordinates"":[106.84112831675529,-6.148968119798125]}"
560_6_0,511.0,2024-07-14,Lubang_Buaya,"{""geodesic"":false,""type"":""Point"",""coordinates"":[106.89502723380247,-6.301681718098443]}"
560_7_0,564.0,2024-07-14,US_Consulate_Jakarta_Pusat,"{""geodesic"":false,""type"":""Point"",""coordinates"":[106.84112831675529,-6.184900731162906]}"
562_0_0,427.5,2024-07-16,Bundaran_Hotel_Indonesia,"{""geodesic"":false,""type"":""Point"",""coordinates"":[106.82316201107291,-6.193883884004101]}"
562_1_0,416.0,2024-07-16,Jagakarsa,"{""geodesic"":false,""type"":""Point"",""coordinates"":[106.83214516391409,-6.15795127263932]}"
562_2_0,468.0,2024-07-16,Jalan_BDN_II,"{""geodesic"":false,""type"":""Point"",""coordinates"":[106.79621255254932,-6.283715412416053]}"
562_3_0,443.5,2024-07-16,Kebon_Jeruk,"{""geodesic"":false,""type"":""Point"",""coordinates"":[106.76926309402573,-6.202867036845296]}"
562_4_0,309.5,2024-07-16,Kelapa_Gading,"{""geodesic"":false,""type"":""Point"",""coordinates"":[106.90401038664366,-6.15795127263932]}"
562_5_0,384.5,2024-07-16,Komp_Angkasa_Pura_Jakarta_Pusat,"{""geodesic"":false,""type"":""Point"",""coordinates"":[106.84112831675529,-6.148968119798125]}"
562_6_0,395.0,2024-07-16,Lubang_Buaya,"{""geodesic"":false,""type"":""Point"",""coordinates"":[106.89502723380247,-6.301681718098443]}"
562_7_0,400.5,2024-07-16,US_Consulate_Jakarta_Pusat,"{""geodesic"":false,""type"":""Point"",""coordinates"":[106.84112831675529,-6.184900731162906]}"
563_3_0,506.0,2024-07-17,Kebon_Jeruk,"{""geodesic"":false,""type"":""Point"",""coordinates"":[106.76926309402573,-6.202867036845296]}"
563_4_0,510.0,2024-07-17,Kelapa_Gading,"{""geodesic"":false,""type"":""Point"",""coordinates"":[106.90401038664366,-6.15795127263932]}"
564_0_0,884.0,2024-07-18,Bundaran_Hotel_Indonesia,"{""geodesic"":false,""type"":""Point"",""coordinates"":[106.82316201107291,-6.193883884004101]}"
564_1_0,932.0,2024-07-18,Jagakarsa,"{""geodesic"":false,""type"":""Point"",""coordinates"":[106.83214516391409,-6.15795127263932]}"
564_4_0,852.0,2024-07-18,Kelapa_Gading,"{""geodesic"":false,""type"":""Point"",""coordinates"":[106.90401038664366,-6.15795127263932]}"
564_5_0,936.0,2024-07-18,Komp_Angkasa_Pura_Jakarta_Pusat,"{""geodesic"":false,""type"":""Point"",""coordinates"":[106.84112831675529,-6.148968119798125]}"
564_6_0,820.0,2024-07-18,Lubang_Buaya,"{""geodesic"":false,""type"":""Point"",""coordinates"":[106.89502723380247,-6.301681718098443]}"
564_7_0,883.0,2024-07-18,US_Consulate_Jakarta_Pusat,"{""geodesic"":false,""type"":""Point"",""coordinates"":[106.84112831675529,-6.184900731162906]}"
565_4_0,371.0,2024-07-19,Kelapa_Gading,"{""geodesic"":false,""type"":""Point"",""coordinates"":[106.90401038664366,-6.15795127263932]}"
566_0_0,414.0,2024-07-20,Bundaran_Hotel_Indonesia,"{""geodesic"":false,""type"":""Point"",""coordinates"":[106.82316201107291,-6.193883884004101]}"
566_1_0,472.0,2024-07-20,Jagakarsa,"{""geodesic"":false,""type"":""Point"",""coordinates"":[106.83214516391409,-6.15795127263932]}"
566_2_0,454.0,2024-07-20,Jalan_BDN_II,"{""geodesic"":false,""type"":""Point"",""coordinates"":[106.79621255254932,-6.283715412416053]}"
566_3_0,458.0,2024-07-20,Kebon_Jeruk,"{""geodesic"":false,""type"":""Point"",""coordinates"":[106.76926309402573,-6.202867036845296]}"
566_4_0,547.0,2024-07-20,Kelapa_Gading,"{""geodesic"":false,""type"":""Point"",""coordinates"":[106.90401038664366,-6.15795127263932]}"
566_5_0,449.0,2024-07-20,Komp_Angkasa_Pura_Jakarta_Pusat,"{""geodesic"":false,""type"":""Point"",""coordinates"":[106.84112831675529,-6.148968119798125]}"
566_6_0,337.0,2024-07-20,Lubang_Buaya,"{""geodesic"":false,""type"":""Point"",""coordinates"":[106.89502723380247,-6.301681718098443]}"
566_7_0,456.0,2024-07-20,US_Consulate_Jakarta_Pusat,"{""geodesic"":false,""type"":""Point"",""coordinates"":[106.84112831675529,-6.184900731162906]}"
567_0_0,958.0,2024-07-21,Bundaran_Hotel_Indonesia,"{""geodesic"":false,""type"":""Point"",""coordinates"":[106.82316201107291,-6.193883884004101]}"
567_1_0,785.0,2024-07-21,Jagakarsa,"{""geodesic"":false,""type"":""Point"",""coordinates"":[106.83214516391409,-6.15795127263932]}"
567_2_0,681.0,2024-07-21,Jalan_BDN_II,"{""geodesic"":false,""type"":""Point"",""coordinates"":[106.79621255254932,-6.283715412416053]}"
567_3_0,521.0,2024-07-21,Kebon_Jeruk,"{""geodesic"":false,""type"":""Point"",""coordinates"":[106.76926309402573,-6.202867036845296]}"
567_4_0,778.0,2024-07-21,Kelapa_Gading,"{""geodesic"":false,""type"":""Point"",""coordinates"":[106.90401038664366,-6.15795127263932]}"
567_5_0,779.0,2024-07-21,Komp_Angkasa_Pura_Jakarta_Pusat,"{""geodesic"":false,""type"":""Point"",""coordinates"":[106.84112831675529,-6.148968119798125]}"
567_6_0,722.0,2024-07-21,Lubang_Buaya,"{""geodesic"":false,""type"":""Point"",""coordinates"":[106.89502723380247,-6.301681718098443]}"
567_7_0,576.0,2024-07-21,US_Consulate_Jakarta_Pusat,"{""geodesic"":false,""type"":""Point"",""coordinates"":[106.84112831675529,-6.184900731162906]}"
568_4_0,1627.0,2024-07-22,Kelapa_Gading,"{""geodesic"":false,""type"":""Point"",""coordinates"":[106.90401038664366,-6.15795127263932]}"
569_4_0,1367.0,2024-07-23,Kelapa_Gading,"{""geodesic"":false,""type"":""Point"",""coordinates"":[106.90401038664366,-6.15795127263932]}"
569_5_0,1261.0,2024-07-23,Komp_Angkasa_Pura_Jakarta_Pusat,"{""geodesic"":false,""type"":""Point"",""coordinates"":[106.84112831675529,-6.148968119798125]}"
570_1_0,1050.0,2024-07-24,Jagakarsa,"{""geodesic"":false,""type"":""Point"",""coordinates"":[106.83214516391409,-6.15795127263932]}"
570_2_0,734.0,2024-07-24,Jalan_BDN_II,"{""geodesic"":false,""type"":""Point"",""coordinates"":[106.79621255254932,-6.283715412416053]}"
570_3_0,831.0,2024-07-24,Kebon_Jeruk,"{""geodesic"":false,""type"":""Point"",""coordinates"":[106.76926309402573,-6.202867036845296]}"
570_4_0,1416.0,2024-07-24,Kelapa_Gading,"{""geodesic"":false,""type"":""Point"",""coordinates"":[106.90401038664366,-6.15795127263932]}"
570_6_0,905.0,2024-07-24,Lubang_Buaya,"{""geodesic"":false,""type"":""Point"",""coordinates"":[106.89502723380247,-6.301681718098443]}"
572_4_0,1024.0,2024-07-26,Kelapa_Gading,"{""geodesic"":false,""type"":""Point"",""coordinates"":[106.90401038664366,-6.15795127263932]}"
574_0_0,1224.0,2024-07-28,Bundaran_Hotel_Indonesia,"{""geodesic"":false,""type"":""Point"",""coordinates"":[106.82316201107291,-6.193883884004101]}"
574_1_0,1272.0,2024-07-28,Jagakarsa,"{""geodesic"":false,""type"":""Point"",""coordinates"":[106.83214516391409,-6.15795127263932]}"
574_2_0,1128.0,2024-07-28,Jalan_BDN_II,"{""geodesic"":false,""type"":""Point"",""coordinates"":[106.79621255254932,-6.283715412416053]}"
574_3_0,1027.0,2024-07-28,Kebon_Jeruk,"{""geodesic"":false,""type"":""Point"",""coordinates"":[106.76926309402573,-6.202867036845296]}"
574_4_0,1105.0,2024-07-28,Kelapa_Gading,"{""geodesic"":false,""type"":""Point"",""coordinates"":[106.90401038664366,-6.15795127263932]}"
574_5_0,1257.0,2024-07-28,Komp_Angkasa_Pura_Jakarta_Pusat,"{""geodesic"":false,""type"":""Point"",""coordinates"":[106.84112831675529,-6.148968119798125]}"
574_6_0,1242.0,2024-07-28,Lubang_Buaya,"{""geodesic"":false,""type"":""Point"",""coordinates"":[106.89502723380247,-6.301681718098443]}"
574_7_0,1250.0,2024-07-28,US_Consulate_Jakarta_Pusat,"{""geodesic"":false,""type"":""Point"",""coordinates"":[106.84112831675529,-6.184900731162906]}"
575_0_0,758.0,2024-07-29,Bundaran_Hotel_Indonesia,"{""geodesic"":false,""type"":""Point"",""coordinates"":[106.82316201107291,-6.193883884004101]}"
575_1_0,703.0,2024-07-29,Jagakarsa,"{""geodesic"":false,""type"":""Point"",""coordinates"":[106.83214516391409,-6.15795127263932]}"
575_3_0,829.0,2024-07-29,Kebon_Jeruk,"{""geodesic"":false,""type"":""Point"",""coordinates"":[106.76926309402573,-6.202867036845296]}"
575_4_0,715.5,2024-07-29,Kelapa_Gading,"{""geodesic"":false,""type"":""Point"",""coordinates"":[106.90401038664366,-6.15795127263932]}"
575_5_0,708.0,2024-07-29,Komp_Angkasa_Pura_Jakarta_Pusat,"{""geodesic"":false,""type"":""Point"",""coordinates"":[106.84112831675529,-6.148968119798125]}"
575_6_0,767.0,2024-07-29,Lubang_Buaya,"{""geodesic"":false,""type"":""Point"",""coordinates"":[106.89502723380247,-6.301681718098443]}"
575_7_0,879.0,2024-07-29,US_Consulate_Jakarta_Pusat,"{""geodesic"":false,""type"":""Point"",""coordinates"":[106.84112831675529,-6.184900731162906]}"
577_0_0,789.0,2024-07-31,Bundaran_Hotel_Indonesia,"{""geodesic"":false,""type"":""Point"",""coordinates"":[106.82316201107291,-6.193883884004101]}"
577_1_0,644.0,2024-07-31,Jagakarsa,"{""geodesic"":false,""type"":""Point"",""coordinates"":[106.83214516391409,-6.15795127263932]}"
577_3_0,689.0,2024-07-31,Kebon_Jeruk,"{""geodesic"":false,""type"":""Point"",""coordinates"":[106.76926309402573,-6.202867036845296]}"
577_4_0,543.0,2024-07-31,Kelapa_Gading,"{""geodesic"":false,""type"":""Point"",""coordinates"":[106.90401038664366,-6.15795127263932]}"
577_5_0,716.0,2024-07-31,Komp_Angkasa_Pura_Jakarta_Pusat,"{""geodesic"":false,""type"":""Point"",""coordinates"":[106.84112831675529,-6.148968119798125]}"
577_6_0,666.0,2024-07-31,Lubang_Buaya,"{""geodesic"":false,""type"":""Point"",""coordinates"":[106.89502723380247,-6.301681718098443]}"
577_7_0,566.0,2024-07-31,US_Consulate_Jakarta_Pusat,"{""geodesic"":false,""type"":""Point"",""coordinates"":[106.84112831675529,-6.184900731162906]}"
579_0_0,897.0,2024-08-02,Bundaran_Hotel_Indonesia,"{""geodesic"":false,""type"":""Point"",""coordinates"":[106.82316201107291,-6.193883884004101]}"
579_1_0,966.0,2024-08-02,Jagakarsa,"{""geodesic"":false,""type"":""Point"",""coordinates"":[106.83214516391409,-6.15795127263932]}"
579_2_0,695.0,2024-08-02,Jalan_BDN_II,"{""geodesic"":false,""type"":""Point"",""coordinates"":[106.79621255254932,-6.283715412416053]}"
579_3_0,790.0,2024-08-02,Kebon_Jeruk,"{""geodesic"":false,""type"":""Point"",""coordinates"":[106.76926309402573,-6.202867036845296]}"
579_5_0,932.0,2024-08-02,Komp_Angkasa_Pura_Jakarta_Pusat,"{""geodesic"":false,""type"":""Point"",""coordinates"":[106.84112831675529,-6.148968119798125]}"
579_7_0,985.0,2024-08-02,US_Consulate_Jakarta_Pusat,"{""geodesic"":false,""type"":""Point"",""coordinates"":[106.84112831675529,-6.184900731162906]}"
581_0_0,737.0,2024-08-04,Bundaran_Hotel_Indonesia,"{""geodesic"":false,""type"":""Point"",""coordinates"":[106.82316201107291,-6.193883884004101]}"
581_1_0,421.0,2024-08-04,Jagakarsa,"{""geodesic"":false,""type"":""Point"",""coordinates"":[106.83214516391409,-6.15795127263932]}"
581_2_0,330.0,2024-08-04,Jalan_BDN_II,"{""geodesic"":false,""type"":""Point"",""coordinates"":[106.79621255254932,-6.283715412416053]}"
581_3_0,366.0,2024-08-04,Kebon_Jeruk,"{""geodesic"":false,""type"":""Point"",""coordinates"":[106.76926309402573,-6.202867036845296]}"
581_4_0,750.0,2024-08-04,Kelapa_Gading,"{""geodesic"":false,""type"":""Point"",""coordinates"":[106.90401038664366,-6.15795127263932]}"
581_5_0,733.5,2024-08-04,Komp_Angkasa_Pura_Jakarta_Pusat,"{""geodesic"":false,""type"":""Point"",""coordinates"":[106.84112831675529,-6.148968119798125]}"
581_6_0,389.0,2024-08-04,Lubang_Buaya,"{""geodesic"":false,""type"":""Point"",""coordinates"":[106.89502723380247,-6.301681718098443]}"
581_7_0,688.5,2024-08-04,US_Consulate_Jakarta_Pusat,"{""geodesic"":false,""type"":""Point"",""coordinates"":[106.84112831675529,-6.184900731162906]}"
583_0_0,391.0,2024-08-06,Bundaran_Hotel_Indonesia,"{""geodesic"":false,""type"":""Point"",""coordinates"":[106.82316201107291,-6.193883884004101]}"
583_1_0,401.0,2024-08-06,Jagakarsa,"{""geodesic"":false,""type"":""Point"",""coordinates"":[106.83214516391409,-6.15795127263932]}"
583_2_0,427.0,2024-08-06,Jalan_BDN_II,"{""geodesic"":false,""type"":""Point"",""coordinates"":[106.79621255254932,-6.283715412416053]}"
583_3_0,497.0,2024-08-06,Kebon_Jeruk,"{""geodesic"":false,""type"":""Point"",""coordinates"":[106.76926309402573,-6.202867036845296]}"
583_4_0,426.5,2024-08-06,Kelapa_Gading,"{""geodesic"":false,""type"":""Point"",""coordinates"":[106.90401038664366,-6.15795127263932]}"
583_5_0,483.5,2024-08-06,Komp_Angkasa_Pura_Jakarta_Pusat,"{""geodesic"":false,""type"":""Point"",""coordinates"":[106.84112831675529,-6.148968119798125]}"
583_6_0,340.0,2024-08-06,Lubang_Buaya,"{""geodesic"":false,""type"":""Point"",""coordinates"":[106.89502723380247,-6.301681718098443]}"
583_7_0,504.5,2024-08-06,US_Consulate_Jakarta_Pusat,"{""geodesic"":false,""type"":""Point"",""coordinates"":[106.84112831675529,-6.184900731162906]}"
586_0_0,358.0,2024-08-09,Bundaran_Hotel_Indonesia,"{""geodesic"":false,""type"":""Point"",""coordinates"":[106.82316201107291,-6.193883884004101]}"
586_1_0,487.0,2024-08-09,Jagakarsa,"{""geodesic"":false,""type"":""Point"",""coordinates"":[106.83214516391409,-6.15795127263932]}"
586_2_0,331.0,2024-08-09,Jalan_BDN_II,"{""geodesic"":false,""type"":""Point"",""coordinates"":[106.79621255254932,-6.283715412416053]}"
586_3_0,335.0,2024-08-09,Kebon_Jeruk,"{""geodesic"":false,""type"":""Point"",""coordinates"":[106.76926309402573,-6.202867036845296]}"
586_4_0,313.0,2024-08-09,Kelapa_Gading,"{""geodesic"":false,""type"":""Point"",""coordinates"":[106.90401038664366,-6.15795127263932]}"
586_5_0,517.0,2024-08-09,Komp_Angkasa_Pura_Jakarta_Pusat,"{""geodesic"":false,""type"":""Point"",""coordinates"":[106.84112831675529,-6.148968119798125]}"
586_6_0,335.0,2024-08-09,Lubang_Buaya,"{""geodesic"":false,""type"":""Point"",""coordinates"":[106.89502723380247,-6.301681718098443]}"
586_7_0,392.5,2024-08-09,US_Consulate_Jakarta_Pusat,"{""geodesic"":false,""type"":""Point"",""coordinates"":[106.84112831675529,-6.184900731162906]}"
587_1_0,523.0,2024-08-10,Jagakarsa,"{""geodesic"":false,""type"":""Point"",""coordinates"":[106.83214516391409,-6.15795127263932]}"
587_4_0,738.0,2024-08-10,Kelapa_Gading,"{""geodesic"":false,""type"":""Point"",""coordinates"":[106.90401038664366,-6.15795127263932]}"
587_5_0,484.0,2024-08-10,Komp_Angkasa_Pura_Jakarta_Pusat,"{""geodesic"":false,""type"":""Point"",""coordinates"":[106.84112831675529,-6.148968119798125]}"
587_6_0,686.0,2024-08-10,Lubang_Buaya,"{""geodesic"":false,""type"":""Point"",""coordinates"":[106.89502723380247,-6.301681718098443]}"
589_1_0,1004.5,2024-08-12,Jagakarsa,"{""geodesic"":false,""type"":""Point"",""coordinates"":[106.83214516391409,-6.15795127263932]}"
589_3_0,706.0,2024-08-12,Kebon_Jeruk,"{""geodesic"":false,""type"":""Point"",""coordinates"":[106.76926309402573,-6.202867036845296]}"
589_4_0,526.0,2024-08-12,Kelapa_Gading,"{""geodesic"":false,""type"":""Point"",""coordinates"":[106.90401038664366,-6.15795127263932]}"
589_5_0,887.0,2024-08-12,Komp_Angkasa_Pura_Jakarta_Pusat,"{""geodesic"":false,""type"":""Point"",""coordinates"":[106.84112831675529,-6.148968119798125]}"
589_6_0,929.0,2024-08-12,Lubang_Buaya,"{""geodesic"":false,""type"":""Point"",""coordinates"":[106.89502723380247,-6.301681718098443]}"
591_0_0,445.0,2024-08-14,Bundaran_Hotel_Indonesia,"{""geodesic"":false,""type"":""Point"",""coordinates"":[106.82316201107291,-6.193883884004101]}"
591_1_0,474.0,2024-08-14,Jagakarsa,"{""geodesic"":false,""type"":""Point"",""coordinates"":[106.83214516391409,-6.15795127263932]}"
591_2_0,479.0,2024-08-14,Jalan_BDN_II,"{""geodesic"":false,""type"":""Point"",""coordinates"":[106.79621255254932,-6.283715412416053]}"
591_3_0,378.0,2024-08-14,Kebon_Jeruk,"{""geodesic"":false,""type"":""Point"",""coordinates"":[106.76926309402573,-6.202867036845296]}"
591_4_0,363.0,2024-08-14,Kelapa_Gading,"{""geodesic"":false,""type"":""Point"",""coordinates"":[106.90401038664366,-6.15795127263932]}"
591_5_0,408.0,2024-08-14,Komp_Angkasa_Pura_Jakarta_Pusat,"{""geodesic"":false,""type"":""Point"",""coordinates"":[106.84112831675529,-6.148968119798125]}"
591_6_0,481.5,2024-08-14,Lubang_Buaya,"{""geodesic"":false,""type"":""Point"",""coordinates"":[106.89502723380247,-6.301681718098443]}"
591_7_0,507.0,2024-08-14,US_Consulate_Jakarta_Pusat,"{""geodesic"":false,""type"":""Point"",""coordinates"":[106.84112831675529,-6.184900731162906]}"
592_0_0,1486.0,2024-08-15,Bundaran_Hotel_Indonesia,"{""geodesic"":false,""type"":""Point"",""coordinates"":[106.82316201107291,-6.193883884004101]}"
592_2_0,507.0,2024-08-15,Jalan_BDN_II,"{""geodesic"":false,""type"":""Point"",""coordinates"":[106.79621255254932,-6.283715412416053]}"
592_3_0,631.0,2024-08-15,Kebon_Jeruk,"{""geodesic"":false,""type"":""Point"",""coordinates"":[106.76926309402573,-6.202867036845296]}"
592_4_0,706.5,2024-08-15,Kelapa_Gading,"{""geodesic"":false,""type"":""Point"",""coordinates"":[106.90401038664366,-6.15795127263932]}"
592_6_0,407.0,2024-08-15,Lubang_Buaya,"{""geodesic"":false,""type"":""Point"",""coordinates"":[106.89502723380247,-6.301681718098443]}"
592_7_0,965.0,2024-08-15,US_Consulate_Jakarta_Pusat,"{""geodesic"":false,""type"":""Point"",""coordinates"":[106.84112831675529,-6.184900731162906]}"
594_4_0,575.0,2024-08-17,Kelapa_Gading,"{""geodesic"":false,""type"":""Point"",""coordinates"":[106.90401038664366,-6.15795127263932]}"
596_0_0,727.0,2024-08-19,Bundaran_Hotel_Indonesia,"{""geodesic"":false,""type"":""Point"",""coordinates"":[106.82316201107291,-6.193883884004101]}"
596_1_0,674.5,2024-08-19,Jagakarsa,"{""geodesic"":false,""type"":""Point"",""coordinates"":[106.83214516391409,-6.15795127263932]}"
596_2_0,513.0,2024-08-19,Jalan_BDN_II,"{""geodesic"":false,""type"":""Point"",""coordinates"":[106.79621255254932,-6.283715412416053]}"
596_3_0,511.0,2024-08-19,Kebon_Jeruk,"{""geodesic"":false,""type"":""Point"",""coordinates"":[106.76926309402573,-6.202867036845296]}"
596_4_0,365.0,2024-08-19,Kelapa_Gading,"{""geodesic"":false,""type"":""Point"",""coordinates"":[106.90401038664366,-6.15795127263932]}"
596_5_0,537.0,2024-08-19,Komp_Angkasa_Pura_Jakarta_Pusat,"{""geodesic"":false,""type"":""Point"",""coordinates"":[106.84112831675529,-6.148968119798125]}"
596_6_0,454.0,2024-08-19,Lubang_Buaya,"{""geodesic"":false,""type"":""Point"",""coordinates"":[106.89502723380247,-6.301681718098443]}"
596_7_0,661.0,2024-08-19,US_Consulate_Jakarta_Pusat,"{""geodesic"":false,""type"":""Point"",""coordinates"":[106.84112831675529,-6.184900731162906]}"
597_0_0,872.0,2024-08-20,Bundaran_Hotel_Indonesia,"{""geodesic"":false,""type"":""Point"",""coordinates"":[106.82316201107291,-6.193883884004101]}"
597_1_0,816.0,2024-08-20,Jagakarsa,"{""geodesic"":false,""type"":""Point"",""coordinates"":[106.83214516391409,-6.15795127263932]}"
597_3_0,1121.0,2024-08-20,Kebon_Jeruk,"{""geodesic"":false,""type"":""Point"",""coordinates"":[106.76926309402573,-6.202867036845296]}"
597_4_0,417.0,2024-08-20,Kelapa_Gading,"{""geodesic"":false,""type"":""Point"",""coordinates"":[106.90401038664366,-6.15795127263932]}"
597_5_0,687.0,2024-08-20,Komp_Angkasa_Pura_Jakarta_Pusat,"{""geodesic"":false,""type"":""Point"",""coordinates"":[106.84112831675529,-6.148968119798125]}"
597_6_0,976.0,2024-08-20,Lubang_Buaya,"{""geodesic"":false,""type"":""Point"",""coordinates"":[106.89502723380247,-6.301681718098443]}"
597_7_0,728.0,2024-08-20,US_Consulate_Jakarta_Pusat,"{""geodesic"":false,""type"":""Point"",""coordinates"":[106.84112831675529,-6.184900731162906]}"
598_0_0,780.5,2024-08-21,Bundaran_Hotel_Indonesia,"{""geodesic"":false,""type"":""Point"",""coordinates"":[106.82316201107291,-6.193883884004101]}"
598_1_0,711.5,2024-08-21,Jagakarsa,"{""geodesic"":false,""type"":""Point"",""coordinates"":[106.83214516391409,-6.15795127263932]}"
598_2_0,756.0,2024-08-21,Jalan_BDN_II,"{""geodesic"":false,""type"":""Point"",""coordinates"":[106.79621255254932,-6.283715412416053]}"
598_3_0,847.5,2024-08-21,Kebon_Jeruk,"{""geodesic"":false,""type"":""Point"",""coordinates"":[106.76926309402573,-6.202867036845296]}"
598_4_0,701.0,2024-08-21,Kelapa_Gading,"{""geodesic"":false,""type"":""Point"",""coordinates"":[106.90401038664366,-6.15795127263932]}"
598_5_0,725.0,2024-08-21,Komp_Angkasa_Pura_Jakarta_Pusat,"{""geodesic"":false,""type"":""Point"",""coordinates"":[106.84112831675529,-6.148968119798125]}"
598_6_0,804.0,2024-08-21,Lubang_Buaya,"{""geodesic"":false,""type"":""Point"",""coordinates"":[106.89502723380247,-6.301681718098443]}"
598_7_0,792.5,2024-08-21,US_Consulate_Jakarta_Pusat,"{""geodesic"":false,""type"":""Point"",""coordinates"":[106.84112831675529,-6.184900731162906]}"
600_0_0,1139.0,2024-08-23,Bundaran_Hotel_Indonesia,"{""geodesic"":false,""type"":""Point"",""coordinates"":[106.82316201107291,-6.193883884004101]}"
600_1_0,1007.0,2024-08-23,Jagakarsa,"{""geodesic"":false,""type"":""Point"",""coordinates"":[106.83214516391409,-6.15795127263932]}"
600_3_0,1207.0,2024-08-23,Kebon_Jeruk,"{""geodesic"":false,""type"":""Point"",""coordinates"":[106.76926309402573,-6.202867036845296]}"
600_7_0,1171.0,2024-08-23,US_Consulate_Jakarta_Pusat,"{""geodesic"":false,""type"":""Point"",""coordinates"":[106.84112831675529,-6.184900731162906]}"
601_0_0,1760.0,2024-08-24,Bundaran_Hotel_Indonesia,"{""geodesic"":false,""type"":""Point"",""coordinates"":[106.82316201107291,-6.193883884004101]}"
601_1_0,1690.5,2024-08-24,Jagakarsa,"{""geodesic"":false,""type"":""Point"",""coordinates"":[106.83214516391409,-6.15795127263932]}"
601_2_0,1142.0,2024-08-24,Jalan_BDN_II,"{""geodesic"":false,""type"":""Point"",""coordinates"":[106.79621255254932,-6.283715412416053]}"
601_3_0,1242.0,2024-08-24,Kebon_Jeruk,"{""geodesic"":false,""type"":""Point"",""coordinates"":[106.76926309402573,-6.202867036845296]}"
601_4_0,1506.0,2024-08-24,Kelapa_Gading,"{""geodesic"":false,""type"":""Point"",""coordinates"":[106.90401038664366,-6.15795127263932]}"
601_5_0,1862.0,2024-08-24,Komp_Angkasa_Pura_Jakarta_Pusat,"{""geodesic"":false,""type"":""Point"",""coordinates"":[106.84112831675529,-6.148968119798125]}"
601_6_0,1459.0,2024-08-24,Lubang_Buaya,"{""geodesic"":false,""type"":""Point"",""coordinates"":[106.89502723380247,-6.301681718098443]}"
602_0_0,516.0,2024-08-25,Bundaran_Hotel_Indonesia,"{""geodesic"":false,""type"":""Point"",""coordinates"":[106.82316201107291,-6.193883884004101]}"
602_1_0,395.0,2024-08-25,Jagakarsa,"{""geodesic"":false,""type"":""Point"",""coordinates"":[106.83214516391409,-6.15795127263932]}"
602_2_0,498.0,2024-08-25,Jalan_BDN_II,"{""geodesic"":false,""type"":""Point"",""coordinates"":[106.79621255254932,-6.283715412416053]}"
602_3_0,614.0,2024-08-25,Kebon_Jeruk,"{""geodesic"":false,""type"":""Point"",""coordinates"":[106.76926309402573,-6.202867036845296]}"
602_4_0,405.0,2024-08-25,Kelapa_Gading,"{""geodesic"":false,""type"":""Point"",""coordinates"":[106.90401038664366,-6.15795127263932]}"
602_5_0,352.0,2024-08-25,Komp_Angkasa_Pura_Jakarta_Pusat,"{""geodesic"":false,""type"":""Point"",""coordinates"":[106.84112831675529,-6.148968119798125]}"
602_7_0,378.0,2024-08-25,US_Consulate_Jakarta_Pusat,"{""geodesic"":false,""type"":""Point"",""coordinates"":[106.84112831675529,-6.184900731162906]}"
603_0_0,485.0,2024-08-26,Bundaran_Hotel_Indonesia,"{""geodesic"":false,""type"":""Point"",""coordinates"":[106.82316201107291,-6.193883884004101]}"
603_1_0,553.5,2024-08-26,Jagakarsa,"{""geodesic"":false,""type"":""Point"",""coordinates"":[106.83214516391409,-6.15795127263932]}"
603_2_0,445.0,2024-08-26,Jalan_BDN_II,"{""geodesic"":false,""type"":""Point"",""coordinates"":[106.79621255254932,-6.283715412416053]}"
603_3_0,490.0,2024-08-26,Kebon_Jeruk,"{""geodesic"":false,""type"":""Point"",""coordinates"":[106.76926309402573,-6.202867036845296]}"
603_4_0,463.0,2024-08-26,Kelapa_Gading,"{""geodesic"":false,""type"":""Point"",""coordinates"":[106.90401038664366,-6.15795127263932]}"
603_5_0,539.0,2024-08-26,Komp_Angkasa_Pura_Jakarta_Pusat,"{""geodesic"":false,""type"":""Point"",""coordinates"":[106.84112831675529,-6.148968119798125]}"
603_6_0,447.0,2024-08-26,Lubang_Buaya,"{""geodesic"":false,""type"":""Point"",""coordinates"":[106.89502723380247,-6.301681718098443]}"
603_7_0,506.0,2024-08-26,US_Consulate_Jakarta_Pusat,"{""geodesic"":false,""type"":""Point"",""coordinates"":[106.84112831675529,-6.184900731162906]}"
606_2_0,634.0,2024-08-29,Jalan_BDN_II,"{""geodesic"":false,""type"":""Point"",""coordinates"":[106.79621255254932,-6.283715412416053]}"
606_3_0,714.0,2024-08-29,Kebon_Jeruk,"{""geodesic"":false,""type"":""Point"",""coordinates"":[106.76926309402573,-6.202867036845296]}"
606_6_0,742.0,2024-08-29,Lubang_Buaya,"{""geodesic"":false,""type"":""Point"",""coordinates"":[106.89502723380247,-6.301681718098443]}"
608_0_0,442.0,2024-08-31,Bundaran_Hotel_Indonesia,"{""geodesic"":false,""type"":""Point"",""coordinates"":[106.82316201107291,-6.193883884004101]}"
608_1_0,461.0,2024-08-31,Jagakarsa,"{""geodesic"":false,""type"":""Point"",""coordinates"":[106.83214516391409,-6.15795127263932]}"
608_2_0,416.0,2024-08-31,Jalan_BDN_II,"{""geodesic"":false,""type"":""Point"",""coordinates"":[106.79621255254932,-6.283715412416053]}"
608_3_0,410.0,2024-08-31,Kebon_Jeruk,"{""geodesic"":false,""type"":""Point"",""coordinates"":[106.76926309402573,-6.202867036845296]}"
608_4_0,443.0,2024-08-31,Kelapa_Gading,"{""geodesic"":false,""type"":""Point"",""coordinates"":[106.90401038664366,-6.15795127263932]}"
608_5_0,416.0,2024-08-31,Komp_Angkasa_Pura_Jakarta_Pusat,"{""geodesic"":false,""type"":""Point"",""coordinates"":[106.84112831675529,-6.148968119798125]}"
608_6_0,446.0,2024-08-31,Lubang_Buaya,"{""geodesic"":false,""type"":""Point"",""coordinates"":[106.89502723380247,-6.301681718098443]}"
608_7_0,452.0,2024-08-31,US_Consulate_Jakarta_Pusat,"{""geodesic"":false,""type"":""Point"",""coordinates"":[106.84112831675529,-6.184900731162906]}"
609_0_0,460.0,2024-09-01,Bundaran_Hotel_Indonesia,"{""geodesic"":false,""type"":""Point"",""coordinates"":[106.82316201107291,-6.193883884004101]}"
609_2_0,372.0,2024-09-01,Jalan_BDN_II,"{""geodesic"":false,""type"":""Point"",""coordinates"":[106.79621255254932,-6.283715412416053]}"
609_3_0,408.0,2024-09-01,Kebon_Jeruk,"{""geodesic"":false,""type"":""Point"",""coordinates"":[106.76926309402573,-6.202867036845296]}"
609_4_0,529.0,2024-09-01,Kelapa_Gading,"{""geodesic"":false,""type"":""Point"",""coordinates"":[106.90401038664366,-6.15795127263932]}"
609_6_0,568.0,2024-09-01,Lubang_Buaya,"{""geodesic"":false,""type"":""Point"",""coordinates"":[106.89502723380247,-6.301681718098443]}"
610_0_0,1070.0,2024-09-02,Bundaran_Hotel_Indonesia,"{""geodesic"":false,""type"":""Point"",""coordinates"":[106.82316201107291,-6.193883884004101]}"
610_1_0,952.0,2024-09-02,Jagakarsa,"{""geodesic"":false,""type"":""Point"",""coordinates"":[106.83214516391409,-6.15795127263932]}"
610_3_0,1131.0,2024-09-02,Kebon_Jeruk,"{""geodesic"":false,""type"":""Point"",""coordinates"":[106.76926309402573,-6.202867036845296]}"
610_4_0,659.0,2024-09-02,Kelapa_Gading,"{""geodesic"":false,""type"":""Point"",""coordinates"":[106.90401038664366,-6.15795127263932]}"
610_5_0,927.0,2024-09-02,Komp_Angkasa_Pura_Jakarta_Pusat,"{""geodesic"":false,""type"":""Point"",""coordinates"":[106.84112831675529,-6.148968119798125]}"
610_6_0,442.0,2024-09-02,Lubang_Buaya,"{""geodesic"":false,""type"":""Point"",""coordinates"":[106.89502723380247,-6.301681718098443]}"
610_7_0,1001.0,2024-09-02,US_Consulate_Jakarta_Pusat,"{""geodesic"":false,""type"":""Point"",""coordinates"":[106.84112831675529,-6.184900731162906]}"
613_0_0,422.0,2024-09-05,Bundaran_Hotel_Indonesia,"{""geodesic"":false,""type"":""Point"",""coordinates"":[106.82316201107291,-6.193883884004101]}"
613_1_0,514.0,2024-09-05,Jagakarsa,"{""geodesic"":false,""type"":""Point"",""coordinates"":[106.83214516391409,-6.15795127263932]}"
613_2_0,379.0,2024-09-05,Jalan_BDN_II,"{""geodesic"":false,""type"":""Point"",""coordinates"":[106.79621255254932,-6.283715412416053]}"
613_3_0,427.0,2024-09-05,Kebon_Jeruk,"{""geodesic"":false,""type"":""Point"",""coordinates"":[106.76926309402573,-6.202867036845296]}"
613_4_0,372.0,2024-09-05,Kelapa_Gading,"{""geodesic"":false,""type"":""Point"",""coordinates"":[106.90401038664366,-6.15795127263932]}"
613_5_0,474.0,2024-09-05,Komp_Angkasa_Pura_Jakarta_Pusat,"{""geodesic"":false,""type"":""Point"",""coordinates"":[106.84112831675529,-6.148968119798125]}"
613_6_0,469.0,2024-09-05,Lubang_Buaya,"{""geodesic"":false,""type"":""Point"",""coordinates"":[106.89502723380247,-6.301681718098443]}"
613_7_0,466.0,2024-09-05,US_Consulate_Jakarta_Pusat,"{""geodesic"":false,""type"":""Point"",""coordinates"":[106.84112831675529,-6.184900731162906]}"
614_3_0,439.0,2024-09-06,Kebon_Jeruk,"{""geodesic"":false,""type"":""Point"",""coordinates"":[106.76926309402573,-6.202867036845296]}"
614_4_0,123.0,2024-09-06,Kelapa_Gading,"{""geodesic"":false,""type"":""Point"",""coordinates"":[106.90401038664366,-6.15795127263932]}"
614_5_0,287.0,2024-09-06,Komp_Angkasa_Pura_Jakarta_Pusat,"{""geodesic"":false,""type"":""Point"",""coordinates"":[106.84112831675529,-6.148968119798125]}"
615_0_0,349.0,2024-09-07,Bundaran_Hotel_Indonesia,"{""geodesic"":false,""type"":""Point"",""coordinates"":[106.82316201107291,-6.193883884004101]}"
615_1_0,396.5,2024-09-07,Jagakarsa,"{""geodesic"":false,""type"":""Point"",""coordinates"":[106.83214516391409,-6.15795127263932]}"
615_2_0,334.0,2024-09-07,Jalan_BDN_II,"{""geodesic"":false,""type"":""Point"",""coordinates"":[106.79621255254932,-6.283715412416053]}"
615_3_0,365.5,2024-09-07,Kebon_Jeruk,"{""geodesic"":false,""type"":""Point"",""coordinates"":[106.76926309402573,-6.202867036845296]}"
615_4_0,338.5,2024-09-07,Kelapa_Gading,"{""geodesic"":false,""type"":""Point"",""coordinates"":[106.90401038664366,-6.15795127263932]}"
615_5_0,364.5,2024-09-07,Komp_Angkasa_Pura_Jakarta_Pusat,"{""geodesic"":false,""type"":""Point"",""coordinates"":[106.84112831675529,-6.148968119798125]}"
615_6_0,327.5,2024-09-07,Lubang_Buaya,"{""geodesic"":false,""type"":""Point"",""coordinates"":[106.89502723380247,-6.301681718098443]}"
615_7_0,367.5,2024-09-07,US_Consulate_Jakarta_Pusat,"{""geodesic"":false,""type"":""Point"",""coordinates"":[106.84112831675529,-6.184900731162906]}"
616_0_0,314.5,2024-09-08,Bundaran_Hotel_Indonesia,"{""geodesic"":false,""type"":""Point"",""coordinates"":[106.82316201107291,-6.193883884004101]}"
616_1_0,542.0,2024-09-08,Jagakarsa,"{""geodesic"":false,""type"":""Point"",""coordinates"":[106.83214516391409,-6.15795127263932]}"
616_2_0,435.0,2024-09-08,Jalan_BDN_II,"{""geodesic"":false,""type"":""Point"",""coordinates"":[106.79621255254932,-6.283715412416053]}"
616_3_0,383.0,2024-09-08,Kebon_Jeruk,"{""geodesic"":false,""type"":""Point"",""coordinates"":[106.76926309402573,-6.202867036845296]}"
616_4_0,278.0,2024-09-08,Kelapa_Gading,"{""geodesic"":false,""type"":""Point"",""coordinates"":[106.90401038664366,-6.15795127263932]}"
616_5_0,173.0,2024-09-08,Komp_Angkasa_Pura_Jakarta_Pusat,"{""geodesic"":false,""type"":""Point"",""coordinates"":[106.84112831675529,-6.148968119798125]}"
616_6_0,410.0,2024-09-08,Lubang_Buaya,"{""geodesic"":false,""type"":""Point"",""coordinates"":[106.89502723380247,-6.301681718098443]}"
616_7_0,37.0,2024-09-08,US_Consulate_Jakarta_Pusat,"{""geodesic"":false,""type"":""Point"",""coordinates"":[106.84112831675529,-6.184900731162906]}"
619_0_0,0.0,2024-09-11,Bundaran_Hotel_Indonesia,"{""geodesic"":false,""type"":""Point"",""coordinates"":[106.82316201107291,-6.193883884004101]}"
619_1_0,16.0,2024-09-11,Jagakarsa,"{""geodesic"":false,""type"":""Point"",""coordinates"":[106.83214516391409,-6.15795127263932]}"
619_2_0,70.0,2024-09-11,Jalan_BDN_II,"{""geodesic"":false,""type"":""Point"",""coordinates"":[106.79621255254932,-6.283715412416053]}"
619_3_0,1.0,2024-09-11,Kebon_Jeruk,"{""geodesic"":false,""type"":""Point"",""coordinates"":[106.76926309402573,-6.202867036845296]}"
619_4_0,0.0,2024-09-11,Kelapa_Gading,"{""geodesic"":false,""type"":""Point"",""coordinates"":[106.90401038664366,-6.15795127263932]}"
619_5_0,0.0,2024-09-11,Komp_Angkasa_Pura_Jakarta_Pusat,"{""geodesic"":false,""type"":""Point"",""coordinates"":[106.84112831675529,-6.148968119798125]}"
619_6_0,35.0,2024-09-11,Lubang_Buaya,"{""geodesic"":false,""type"":""Point"",""coordinates"":[106.89502723380247,-6.301681718098443]}"
619_7_0,64.0,2024-09-11,US_Consulate_Jakarta_Pusat,"{""geodesic"":false,""type"":""Point"",""coordinates"":[106.84112831675529,-6.184900731162906]}"
621_0_0,608.0,2024-09-13,Bundaran_Hotel_Indonesia,"{""geodesic"":false,""type"":""Point"",""coordinates"":[106.82316201107291,-6.193883884004101]}"
621_1_0,560.0,2024-09-13,Jagakarsa,"{""geodesic"":false,""type"":""Point"",""coordinates"":[106.83214516391409,-6.15795127263932]}"
621_2_0,755.0,2024-09-13,Jalan_BDN_II,"{""geodesic"":false,""type"":""Point"",""coordinates"":[106.79621255254932,-6.283715412416053]}"
621_3_0,606.0,2024-09-13,Kebon_Jeruk,"{""geodesic"":false,""type"":""Point"",""coordinates"":[106.76926309402573,-6.202867036845296]}"
621_4_0,298.0,2024-09-13,Kelapa_Gading,"{""geodesic"":false,""type"":""Point"",""coordinates"":[106.90401038664366,-6.15795127263932]}"
621_5_0,618.5,2024-09-13,Komp_Angkasa_Pura_Jakarta_Pusat,"{""geodesic"":false,""type"":""Point"",""coordinates"":[106.84112831675529,-6.148968119798125]}"
621_6_0,712.5,2024-09-13,Lubang_Buaya,"{""geodesic"":false,""type"":""Point"",""coordinates"":[106.89502723380247,-6.301681718098443]}"
621_7_0,529.0,2024-09-13,US_Consulate_Jakarta_Pusat,"{""geodesic"":false,""type"":""Point"",""coordinates"":[106.84112831675529,-6.184900731162906]}"
623_0_0,704.5,2024-09-15,Bundaran_Hotel_Indonesia,"{""geodesic"":false,""type"":""Point"",""coordinates"":[106.82316201107291,-6.193883884004101]}"
623_1_0,661.5,2024-09-15,Jagakarsa,"{""geodesic"":false,""type"":""Point"",""coordinates"":[106.83214516391409,-6.15795127263932]}"
623_2_0,473.0,2024-09-15,Jalan_BDN_II,"{""geodesic"":false,""type"":""Point"",""coordinates"":[106.79621255254932,-6.283715412416053]}"
623_3_0,701.5,2024-09-15,Kebon_Jeruk,"{""geodesic"":false,""type"":""Point"",""coordinates"":[106.76926309402573,-6.202867036845296]}"
623_4_0,324.5,2024-09-15,Kelapa_Gading,"{""geodesic"":false,""type"":""Point"",""coordinates"":[106.90401038664366,-6.15795127263932]}"
623_5_0,623.5,2024-09-15,Komp_Angkasa_Pura_Jakarta_Pusat,"{""geodesic"":false,""type"":""Point"",""coordinates"":[106.84112831675529,-6.148968119798125]}"
623_6_0,497.0,2024-09-15,Lubang_Buaya,"{""geodesic"":false,""type"":""Point"",""coordinates"":[106.89502723380247,-6.301681718098443]}"
623_7_0,684.0,2024-09-15,US_Consulate_Jakarta_Pusat,"{""geodesic"":false,""type"":""Point"",""coordinates"":[106.84112831675529,-6.184900731162906]}"
624_0_0,390.0,2024-09-16,Bundaran_Hotel_Indonesia,"{""geodesic"":false,""type"":""Point"",""coordinates"":[106.82316201107291,-6.193883884004101]}"
624_1_0,391.0,2024-09-16,Jagakarsa,"{""geodesic"":false,""type"":""Point"",""coordinates"":[106.83214516391409,-6.15795127263932]}"
624_2_0,423.0,2024-09-16,Jalan_BDN_II,"{""geodesic"":false,""type"":""Point"",""coordinates"":[106.79621255254932,-6.283715412416053]}"
624_3_0,500.0,2024-09-16,Kebon_Jeruk,"{""geodesic"":false,""type"":""Point"",""coordinates"":[106.76926309402573,-6.202867036845296]}"
624_4_0,390.0,2024-09-16,Kelapa_Gading,"{""geodesic"":false,""type"":""Point"",""coordinates"":[106.90401038664366,-6.15795127263932]}"
624_5_0,400.0,2024-09-16,Komp_Angkasa_Pura_Jakarta_Pusat,"{""geodesic"":false,""type"":""Point"",""coordinates"":[106.84112831675529,-6.148968119798125]}"
624_6_0,365.0,2024-09-16,Lubang_Buaya,"{""geodesic"":false,""type"":""Point"",""coordinates"":[106.89502723380247,-6.301681718098443]}"
624_7_0,407.0,2024-09-16,US_Consulate_Jakarta_Pusat,"{""geodesic"":false,""type"":""Point"",""coordinates"":[106.84112831675529,-6.184900731162906]}"
625_0_0,88.0,2024-09-17,Bundaran_Hotel_Indonesia,"{""geodesic"":false,""type"":""Point"",""coordinates"":[106.82316201107291,-6.193883884004101]}"
625_1_0,181.0,2024-09-17,Jagakarsa,"{""geodesic"":false,""type"":""Point"",""coordinates"":[106.83214516391409,-6.15795127263932]}"
625_2_0,155.0,2024-09-17,Jalan_BDN_II,"{""geodesic"":false,""type"":""Point"",""coordinates"":[106.79621255254932,-6.283715412416053]}"
625_3_0,112.0,2024-09-17,Kebon_Jeruk,"{""geodesic"":false,""type"":""Point"",""coordinates"":[106.76926309402573,-6.202867036845296]}"
625_4_0,92.0,2024-09-17,Kelapa_Gading,"{""geodesic"":false,""type"":""Point"",""coordinates"":[106.90401038664366,-6.15795127263932]}"
625_5_0,178.0,2024-09-17,Komp_Angkasa_Pura_Jakarta_Pusat,"{""geodesic"":false,""type"":""Point"",""coordinates"":[106.84112831675529,-6.148968119798125]}"
625_6_0,89.0,2024-09-17,Lubang_Buaya,"{""geodesic"":false,""type"":""Point"",""coordinates"":[106.89502723380247,-6.301681718098443]}"
625_7_0,197.0,2024-09-17,US_Consulate_Jakarta_Pusat,"{""geodesic"":false,""type"":""Point"",""coordinates"":[106.84112831675529,-6.184900731162906]}"
626_0_0,558.0,2024-09-18,Bundaran_Hotel_Indonesia,"{""geodesic"":false,""type"":""Point"",""coordinates"":[106.82316201107291,-6.193883884004101]}"
626_1_0,762.0,2024-09-18,Jagakarsa,"{""geodesic"":false,""type"":""Point"",""coordinates"":[106.83214516391409,-6.15795127263932]}"
626_2_0,429.0,2024-09-18,Jalan_BDN_II,"{""geodesic"":false,""type"":""Point"",""coordinates"":[106.79621255254932,-6.283715412416053]}"
626_3_0,528.0,2024-09-18,Kebon_Jeruk,"{""geodesic"":false,""type"":""Point"",""coordinates"":[106.76926309402573,-6.202867036845296]}"
626_4_0,1060.0,2024-09-18,Kelapa_Gading,"{""geodesic"":false,""type"":""Point"",""coordinates"":[106.90401038664366,-6.15795127263932]}"
626_5_0,819.0,2024-09-18,Komp_Angkasa_Pura_Jakarta_Pusat,"{""geodesic"":false,""type"":""Point"",""coordinates"":[106.84112831675529,-6.148968119798125]}"
626_6_0,626.0,2024-09-18,Lubang_Buaya,"{""geodesic"":false,""type"":""Point"",""coordinates"":[106.89502723380247,-6.301681718098443]}"
626_7_0,711.0,2024-09-18,US_Consulate_Jakarta_Pusat,"{""geodesic"":false,""type"":""Point"",""coordinates"":[106.84112831675529,-6.184900731162906]}"
627_0_0,888.0,2024-09-19,Bundaran_Hotel_Indonesia,"{""geodesic"":false,""type"":""Point"",""coordinates"":[106.82316201107291,-6.193883884004101]}"
627_1_0,914.0,2024-09-19,Jagakarsa,"{""geodesic"":false,""type"":""Point"",""coordinates"":[106.83214516391409,-6.15795127263932]}"
627_3_0,963.0,2024-09-19,Kebon_Jeruk,"{""geodesic"":false,""type"":""Point"",""coordinates"":[106.76926309402573,-6.202867036845296]}"
627_4_0,876.0,2024-09-19,Kelapa_Gading,"{""geodesic"":false,""type"":""Point"",""coordinates"":[106.90401038664366,-6.15795127263932]}"
627_5_0,937.0,2024-09-19,Komp_Angkasa_Pura_Jakarta_Pusat,"{""geodesic"":false,""type"":""Point"",""coordinates"":[106.84112831675529,-6.148968119798125]}"
627_7_0,1009.0,2024-09-19,US_Consulate_Jakarta_Pusat,"{""geodesic"":false,""type"":""Point"",""coordinates"":[106.84112831675529,-6.184900731162906]}"
628_0_0,840.0,2024-09-20,Bundaran_Hotel_Indonesia,"{""geodesic"":false,""type"":""Point"",""coordinates"":[106.82316201107291,-6.193883884004101]}"
628_1_0,926.0,2024-09-20,Jagakarsa,"{""geodesic"":false,""type"":""Point"",""coordinates"":[106.83214516391409,-6.15795127263932]}"
628_3_0,638.5,2024-09-20,Kebon_Jeruk,"{""geodesic"":false,""type"":""Point"",""coordinates"":[106.76926309402573,-6.202867036845296]}"
628_4_0,594.0,2024-09-20,Kelapa_Gading,"{""geodesic"":false,""type"":""Point"",""coordinates"":[106.90401038664366,-6.15795127263932]}"
628_5_0,922.0,2024-09-20,Komp_Angkasa_Pura_Jakarta_Pusat,"{""geodesic"":false,""type"":""Point"",""coordinates"":[106.84112831675529,-6.148968119798125]}"
628_7_0,869.0,2024-09-20,US_Consulate_Jakarta_Pusat,"{""geodesic"":false,""type"":""Point"",""coordinates"":[106.84112831675529,-6.184900731162906]}"
631_4_0,395.0,2024-09-23,Kelapa_Gading,"{""geodesic"":false,""type"":""Point"",""coordinates"":[106.90401038664366,-6.15795127263932]}"
633_1_0,1139.0,2024-09-25,Jagakarsa,"{""geodesic"":false,""type"":""Point"",""coordinates"":[106.83214516391409,-6.15795127263932]}"
633_3_0,370.0,2024-09-25,Kebon_Jeruk,"{""geodesic"":false,""type"":""Point"",""coordinates"":[106.76926309402573,-6.202867036845296]}"
633_4_0,937.0,2024-09-25,Kelapa_Gading,"{""geodesic"":false,""type"":""Point"",""coordinates"":[106.90401038664366,-6.15795127263932]}"
633_5_0,1028.0,2024-09-25,Komp_Angkasa_Pura_Jakarta_Pusat,"{""geodesic"":false,""type"":""Point"",""coordinates"":[106.84112831675529,-6.148968119798125]}"
633_7_0,1152.0,2024-09-25,US_Consulate_Jakarta_Pusat,"{""geodesic"":false,""type"":""Point"",""coordinates"":[106.84112831675529,-6.184900731162906]}"
635_0_0,392.0,2024-09-27,Bundaran_Hotel_Indonesia,"{""geodesic"":false,""type"":""Point"",""coordinates"":[106.82316201107291,-6.193883884004101]}"
635_1_0,353.0,2024-09-27,Jagakarsa,"{""geodesic"":false,""type"":""Point"",""coordinates"":[106.83214516391409,-6.15795127263932]}"
635_2_0,379.5,2024-09-27,Jalan_BDN_II,"{""geodesic"":false,""type"":""Point"",""coordinates"":[106.79621255254932,-6.283715412416053]}"
635_3_0,281.5,2024-09-27,Kebon_Jeruk,"{""geodesic"":false,""type"":""Point"",""coordinates"":[106.76926309402573,-6.202867036845296]}"
635_4_0,240.0,2024-09-27,Kelapa_Gading,"{""geodesic"":false,""type"":""Point"",""coordinates"":[106.90401038664366,-6.15795127263932]}"
635_5_0,336.5,2024-09-27,Komp_Angkasa_Pura_Jakarta_Pusat,"{""geodesic"":false,""type"":""Point"",""coordinates"":[106.84112831675529,-6.148968119798125]}"
635_6_0,309.0,2024-09-27,Lubang_Buaya,"{""geodesic"":false,""type"":""Point"",""coordinates"":[106.89502723380247,-6.301681718098443]}"
635_7_0,500.0,2024-09-27,US_Consulate_Jakarta_Pusat,"{""geodesic"":false,""type"":""Point"",""coordinates"":[106.84112831675529,-6.184900731162906]}"
638_2_0,27.0,2024-09-30,Jalan_BDN_II,"{""geodesic"":false,""type"":""Point"",""coordinates"":[106.79621255254932,-6.283715412416053]}"
638_3_0,8.0,2024-09-30,Kebon_Jeruk,"{""geodesic"":false,""type"":""Point"",""coordinates"":[106.76926309402573,-6.202867036845296]}"
638_4_0,292.5,2024-09-30,Kelapa_Gading,"{""geodesic"":false,""type"":""Point"",""coordinates"":[106.90401038664366,-6.15795127263932]}"
638_5_0,116.0,2024-09-30,Komp_Angkasa_Pura_Jakarta_Pusat,"{""geodesic"":false,""type"":""Point"",""coordinates"":[106.84112831675529,-6.148968119798125]}"
638_6_0,537.0,2024-09-30,Lubang_Buaya,"{""geodesic"":false,""type"":""Point"",""coordinates"":[106.89502723380247,-6.301681718098443]}"
640_5_0,482.0,2024-10-02,Komp_Angkasa_Pura_Jakarta_Pusat,"{""geodesic"":false,""type"":""Point"",""coordinates"":[106.84112831675529,-6.148968119798125]}"
645_0_0,450.5,2024-10-07,Bundaran_Hotel_Indonesia,"{""geodesic"":false,""type"":""Point"",""coordinates"":[106.82316201107291,-6.193883884004101]}"
645_1_0,543.5,2024-10-07,Jagakarsa,"{""geodesic"":false,""type"":""Point"",""coordinates"":[106.83214516391409,-6.15795127263932]}"
645_2_0,547.0,2024-10-07,Jalan_BDN_II,"{""geodesic"":false,""type"":""Point"",""coordinates"":[106.79621255254932,-6.283715412416053]}"
645_3_0,546.0,2024-10-07,Kebon_Jeruk,"{""geodesic"":false,""type"":""Point"",""coordinates"":[106.76926309402573,-6.202867036845296]}"
645_4_0,271.0,2024-10-07,Kelapa_Gading,"{""geodesic"":false,""type"":""Point"",""coordinates"":[106.90401038664366,-6.15795127263932]}"
645_5_0,371.5,2024-10-07,Komp_Angkasa_Pura_Jakarta_Pusat,"{""geodesic"":false,""type"":""Point"",""coordinates"":[106.84112831675529,-6.148968119798125]}"
645_6_0,531.0,2024-10-07,Lubang_Buaya,"{""geodesic"":false,""type"":""Point"",""coordinates"":[106.89502723380247,-6.301681718098443]}"
645_7_0,442.5,2024-10-07,US_Consulate_Jakarta_Pusat,"{""geodesic"":false,""type"":""Point"",""coordinates"":[106.84112831675529,-6.184900731162906]}"
647_0_0,582.0,2024-10-09,Bundaran_Hotel_Indonesia,"{""geodesic"":false,""type"":""Point"",""coordinates"":[106.82316201107291,-6.193883884004101]}"
647_1_0,521.0,2024-10-09,Jagakarsa,"{""geodesic"":false,""type"":""Point"",""coordinates"":[106.83214516391409,-6.15795127263932]}"
647_2_0,661.5,2024-10-09,Jalan_BDN_II,"{""geodesic"":false,""type"":""Point"",""coordinates"":[106.79621255254932,-6.283715412416053]}"
647_4_0,542.0,2024-10-09,Kelapa_Gading,"{""geodesic"":false,""type"":""Point"",""coordinates"":[106.90401038664366,-6.15795127263932]}"
647_5_0,450.0,2024-10-09,Komp_Angkasa_Pura_Jakarta_Pusat,"{""geodesic"":false,""type"":""Point"",""coordinates"":[106.84112831675529,-6.148968119798125]}"
647_7_0,602.0,2024-10-09,US_Consulate_Jakarta_Pusat,"{""geodesic"":false,""type"":""Point"",""coordinates"":[106.84112831675529,-6.184900731162906]}"
648_4_0,34.0,2024-10-10,Kelapa_Gading,"{""geodesic"":false,""type"":""Point"",""coordinates"":[106.90401038664366,-6.15795127263932]}"
648_5_0,241.0,2024-10-10,Komp_Angkasa_Pura_Jakarta_Pusat,"{""geodesic"":false,""type"":""Point"",""coordinates"":[106.84112831675529,-6.148968119798125]}"
655_0_0,515.0,2024-10-17,Bundaran_Hotel_Indonesia,"{""geodesic"":false,""type"":""Point"",""coordinates"":[106.82316201107291,-6.193883884004101]}"
655_1_0,598.0,2024-10-17,Jagakarsa,"{""geodesic"":false,""type"":""Point"",""coordinates"":[106.83214516391409,-6.15795127263932]}"
655_2_0,780.0,2024-10-17,Jalan_BDN_II,"{""geodesic"":false,""type"":""Point"",""coordinates"":[106.79621255254932,-6.283715412416053]}"
655_3_0,562.0,2024-10-17,Kebon_Jeruk,"{""geodesic"":false,""type"":""Point"",""coordinates"":[106.76926309402573,-6.202867036845296]}"
655_4_0,660.0,2024-10-17,Kelapa_Gading,"{""geodesic"":false,""type"":""Point"",""coordinates"":[106.90401038664366,-6.15795127263932]}"
655_5_0,542.0,2024-10-17,Komp_Angkasa_Pura_Jakarta_Pusat,"{""geodesic"":false,""type"":""Point"",""coordinates"":[106.84112831675529,-6.148968119798125]}"
655_7_0,622.0,2024-10-17,US_Consulate_Jakarta_Pusat,"{""geodesic"":false,""type"":""Point"",""coordinates"":[106.84112831675529,-6.184900731162906]}"
657_1_0,705.0,2024-10-19,Jagakarsa,"{""geodesic"":false,""type"":""Point"",""coordinates"":[106.83214516391409,-6.15795127263932]}"
657_2_0,583.0,2024-10-19,Jalan_BDN_II,"{""geodesic"":false,""type"":""Point"",""coordinates"":[106.79621255254932,-6.283715412416053]}"
657_5_0,643.0,2024-10-19,Komp_Angkasa_Pura_Jakarta_Pusat,"{""geodesic"":false,""type"":""Point"",""coordinates"":[106.84112831675529,-6.148968119798125]}"
657_7_0,827.0,2024-10-19,US_Consulate_Jakarta_Pusat,"{""geodesic"":false,""type"":""Point"",""coordinates"":[106.84112831675529,-6.184900731162906]}"
658_1_0,247.0,2024-10-20,Jagakarsa,"{""geodesic"":false,""type"":""Point"",""coordinates"":[106.83214516391409,-6.15795127263932]}"
658_2_0,36.0,2024-10-20,Jalan_BDN_II,"{""geodesic"":false,""type"":""Point"",""coordinates"":[106.79621255254932,-6.283715412416053]}"
658_4_0,223.0,2024-10-20,Kelapa_Gading,"{""geodesic"":false,""type"":""Point"",""coordinates"":[106.90401038664366,-6.15795127263932]}"
658_5_0,142.0,2024-10-20,Komp_Angkasa_Pura_Jakarta_Pusat,"{""geodesic"":false,""type"":""Point"",""coordinates"":[106.84112831675529,-6.148968119798125]}"
658_6_0,21.0,2024-10-20,Lubang_Buaya,"{""geodesic"":false,""type"":""Point"",""coordinates"":[106.89502723380247,-6.301681718098443]}"
658_7_0,217.0,2024-10-20,US_Consulate_Jakarta_Pusat,"{""geodesic"":false,""type"":""Point"",""coordinates"":[106.84112831675529,-6.184900731162906]}"
660_0_0,524.5,2024-10-22,Bundaran_Hotel_Indonesia,"{""geodesic"":false,""type"":""Point"",""coordinates"":[106.82316201107291,-6.193883884004101]}"
660_1_0,661.0,2024-10-22,Jagakarsa,"{""geodesic"":false,""type"":""Point"",""coordinates"":[106.83214516391409,-6.15795127263932]}"
660_3_0,501.0,2024-10-22,Kebon_Jeruk,"{""geodesic"":false,""type"":""Point"",""coordinates"":[106.76926309402573,-6.202867036845296]}"
660_5_0,518.5,2024-10-22,Komp_Angkasa_Pura_Jakarta_Pusat,"{""geodesic"":false,""type"":""Point"",""coordinates"":[106.84112831675529,-6.148968119798125]}"
660_6_0,496.0,2024-10-22,Lubang_Buaya,"{""geodesic"":false,""type"":""Point"",""coordinates"":[106.89502723380247,-6.301681718098443]}"
660_7_0,663.0,2024-10-22,US_Consulate_Jakarta_Pusat,"{""geodesic"":false,""type"":""Point"",""coordinates"":[106.84112831675529,-6.184900731162906]}"
662_5_0,814.0,2024-10-24,Komp_Angkasa_Pura_Jakarta_Pusat,"{""geodesic"":false,""type"":""Point"",""coordinates"":[106.84112831675529,-6.148968119798125]}"
662_7_0,739.0,2024-10-24,US_Consulate_Jakarta_Pusat,"{""geodesic"":false,""type"":""Point"",""coordinates"":[106.84112831675529,-6.184900731162906]}"
663_0_0,579.0,2024-10-25,Bundaran_Hotel_Indonesia,"{""geodesic"":false,""type"":""Point"",""coordinates"":[106.82316201107291,-6.193883884004101]}"
664_0_0,411.0,2024-10-26,Bundaran_Hotel_Indonesia,"{""geodesic"":false,""type"":""Point"",""coordinates"":[106.82316201107291,-6.193883884004101]}"
664_1_0,317.5,2024-10-26,Jagakarsa,"{""geodesic"":false,""type"":""Point"",""coordinates"":[106.83214516391409,-6.15795127263932]}"
664_2_0,175.0,2024-10-26,Jalan_BDN_II,"{""geodesic"":false,""type"":""Point"",""coordinates"":[106.79621255254932,-6.283715412416053]}"
664_3_0,366.0,2024-10-26,Kebon_Jeruk,"{""geodesic"":false,""type"":""Point"",""coordinates"":[106.76926309402573,-6.202867036845296]}"
664_4_0,260.0,2024-10-26,Kelapa_Gading,"{""geodesic"":false,""type"":""Point"",""coordinates"":[106.90401038664366,-6.15795127263932]}"
664_5_0,273.0,2024-10-26,Komp_Angkasa_Pura_Jakarta_Pusat,"{""geodesic"":false,""type"":""Point"",""coordinates"":[106.84112831675529,-6.148968119798125]}"
664_6_0,20.0,2024-10-26,Lubang_Buaya,"{""geodesic"":false,""type"":""Point"",""coordinates"":[106.89502723380247,-6.301681718098443]}"
664_7_0,349.0,2024-10-26,US_Consulate_Jakarta_Pusat,"{""geodesic"":false,""type"":""Point"",""coordinates"":[106.84112831675529,-6.184900731162906]}"
665_0_0,322.5,2024-10-27,Bundaran_Hotel_Indonesia,"{""geodesic"":false,""type"":""Point"",""coordinates"":[106.82316201107291,-6.193883884004101]}"
665_1_0,338.0,2024-10-27,Jagakarsa,"{""geodesic"":false,""type"":""Point"",""coordinates"":[106.83214516391409,-6.15795127263932]}"
665_2_0,528.0,2024-10-27,Jalan_BDN_II,"{""geodesic"":false,""type"":""Point"",""coordinates"":[106.79621255254932,-6.283715412416053]}"
665_3_0,418.0,2024-10-27,Kebon_Jeruk,"{""geodesic"":false,""type"":""Point"",""coordinates"":[106.76926309402573,-6.202867036845296]}"
665_4_0,100.0,2024-10-27,Kelapa_Gading,"{""geodesic"":false,""type"":""Point"",""coordinates"":[106.90401038664366,-6.15795127263932]}"
665_5_0,322.0,2024-10-27,Komp_Angkasa_Pura_Jakarta_Pusat,"{""geodesic"":false,""type"":""Point"",""coordinates"":[106.84112831675529,-6.148968119798125]}"
665_6_0,477.0,2024-10-27,Lubang_Buaya,"{""geodesic"":false,""type"":""Point"",""coordinates"":[106.89502723380247,-6.301681718098443]}"
665_7_0,299.5,2024-10-27,US_Consulate_Jakarta_Pusat,"{""geodesic"":false,""type"":""Point"",""coordinates"":[106.84112831675529,-6.184900731162906]}"
667_0_0,904.0,2024-10-29,Bundaran_Hotel_Indonesia,"{""geodesic"":false,""type"":""Point"",""coordinates"":[106.82316201107291,-6.193883884004101]}"
667_1_0,966.0,2024-10-29,Jagakarsa,"{""geodesic"":false,""type"":""Point"",""coordinates"":[106.83214516391409,-6.15795127263932]}"
667_2_0,863.0,2024-10-29,Jalan_BDN_II,"{""geodesic"":false,""type"":""Point"",""coordinates"":[106.79621255254932,-6.283715412416053]}"
667_3_0,796.0,2024-10-29,Kebon_Jeruk,"{""geodesic"":false,""type"":""Point"",""coordinates"":[106.76926309402573,-6.202867036845296]}"
667_4_0,682.0,2024-10-29,Kelapa_Gading,"{""geodesic"":false,""type"":""Point"",""coordinates"":[106.90401038664366,-6.15795127263932]}"
667_5_0,776.0,2024-10-29,Komp_Angkasa_Pura_Jakarta_Pusat,"{""geodesic"":false,""type"":""Point"",""coordinates"":[106.84112831675529,-6.148968119798125]}"
667_7_0,717.0,2024-10-29,US_Consulate_Jakarta_Pusat,"{""geodesic"":false,""type"":""Point"",""coordinates"":[106.84112831675529,-6.184900731162906]}"
668_0_0,431.0,2024-10-30,Bundaran_Hotel_Indonesia,"{""geodesic"":false,""type"":""Point"",""coordinates"":[106.82316201107291,-6.193883884004101]}"
668_1_0,394.0,2024-10-30,Jagakarsa,"{""geodesic"":false,""type"":""Point"",""coordinates"":[106.83214516391409,-6.15795127263932]}"
668_2_0,732.0,2024-10-30,Jalan_BDN_II,"{""geodesic"":false,""type"":""Point"",""coordinates"":[106.79621255254932,-6.283715412416053]}"
668_3_0,555.0,2024-10-30,Kebon_Jeruk,"{""geodesic"":false,""type"":""Point"",""coordinates"":[106.76926309402573,-6.202867036845296]}"
668_4_0,464.0,2024-10-30,Kelapa_Gading,"{""geodesic"":false,""type"":""Point"",""coordinates"":[106.90401038664366,-6.15795127263932]}"
668_5_0,427.0,2024-10-30,Komp_Angkasa_Pura_Jakarta_Pusat,"{""geodesic"":false,""type"":""Point"",""coordinates"":[106.84112831675529,-6.148968119798125]}"
668_7_0,503.0,2024-10-30,US_Consulate_Jakarta_Pusat,"{""geodesic"":false,""type"":""Point"",""coordinates"":[106.84112831675529,-6.184900731162906]}"
671_0_0,448.0,2024-11-02,Bundaran_Hotel_Indonesia,"{""geodesic"":false,""type"":""Point"",""coordinates"":[106.82316201107291,-6.193883884004101]}"
674_4_0,377.0,2024-11-05,Kelapa_Gading,"{""geodesic"":false,""type"":""Point"",""coordinates"":[106.90401038664366,-6.15795127263932]}"
675_1_0,324.0,2024-11-06,Jagakarsa,"{""geodesic"":false,""type"":""Point"",""coordinates"":[106.83214516391409,-6.15795127263932]}"
677_3_0,602.0,2024-11-08,Kebon_Jeruk,"{""geodesic"":false,""type"":""Point"",""coordinates"":[106.76926309402573,-6.202867036845296]}"
677_5_0,573.0,2024-11-08,Komp_Angkasa_Pura_Jakarta_Pusat,"{""geodesic"":false,""type"":""Point"",""coordinates"":[106.84112831675529,-6.148968119798125]}"
679_1_0,318.0,2024-11-10,Jagakarsa,"{""geodesic"":false,""type"":""Point"",""coordinates"":[106.83214516391409,-6.15795127263932]}"
679_5_0,323.0,2024-11-10,Komp_Angkasa_Pura_Jakarta_Pusat,"{""geodesic"":false,""type"":""Point"",""coordinates"":[106.84112831675529,-6.148968119798125]}"
679_7_0,423.0,2024-11-10,US_Consulate_Jakarta_Pusat,"{""geodesic"":false,""type"":""Point"",""coordinates"":[106.84112831675529,-6.184900731162906]}"
681_2_0,572.0,2024-11-12,Jalan_BDN_II,"{""geodesic"":false,""type"":""Point"",""coordinates"":[106.79621255254932,-6.283715412416053]}"
689_2_0,537.0,2024-11-20,Jalan_BDN_II,"{""geodesic"":false,""type"":""Point"",""coordinates"":[106.79621255254932,-6.283715412416053]}"
690_2_0,413.0,2024-11-21,Jalan_BDN_II,"{""geodesic"":false,""type"":""Point"",""coordinates"":[106.79621255254932,-6.283715412416053]}"
732_1_0,107.0,2025-01-02,Jagakarsa,"{""geodesic"":false,""type"":""Point"",""coordinates"":[106.83214516391409,-6.15795127263932]}"
732_4_0,152.0,2025-01-02,Kelapa_Gading,"{""geodesic"":false,""type"":""Point"",""coordinates"":[106.90401038664366,-6.15795127263932]}"
732_5_0,184.0,2025-01-02,Komp_Angkasa_Pura_Jakarta_Pusat,"{""geodesic"":false,""type"":""Point"",""coordinates"":[106.84112831675529,-6.148968119798125]}"
732_7_0,294.0,2025-01-02,US_Consulate_Jakarta_Pusat,"{""geodesic"":false,""type"":""Point"",""coordinates"":[106.84112831675529,-6.184900731162906]}"
735_1_0,304.0,2025-01-05,Jagakarsa,"{""geodesic"":false,""type"":""Point"",""coordinates"":[106.83214516391409,-6.15795127263932]}"
735_2_0,236.0,2025-01-05,Jalan_BDN_II,"{""geodesic"":false,""type"":""Point"",""coordinates"":[106.79621255254932,-6.283715412416053]}"
735_3_0,254.0,2025-01-05,Kebon_Jeruk,"{""geodesic"":false,""type"":""Point"",""coordinates"":[106.76926309402573,-6.202867036845296]}"
735_4_0,127.0,2025-01-05,Kelapa_Gading,"{""geodesic"":false,""type"":""Point"",""coordinates"":[106.90401038664366,-6.15795127263932]}"
735_5_0,234.0,2025-01-05,Komp_Angkasa_Pura_Jakarta_Pusat,"{""geodesic"":false,""type"":""Point"",""coordinates"":[106.84112831675529,-6.148968119798125]}"
735_7_0,252.0,2025-01-05,US_Consulate_Jakarta_Pusat,"{""geodesic"":false,""type"":""Point"",""coordinates"":[106.84112831675529,-6.184900731162906]}"
749_4_0,77.0,2025-01-19,Kelapa_Gading,"{""geodesic"":false,""type"":""Point"",""coordinates"":[106.90401038664366,-6.15795127263932]}"
773_0_0,254.0,2025-02-12,Bundaran_Hotel_Indonesia,"{""geodesic"":false,""type"":""Point"",""coordinates"":[106.82316201107291,-6.193883884004101]}"
773_1_0,347.0,2025-02-12,Jagakarsa,"{""geodesic"":false,""type"":""Point"",""coordinates"":[106.83214516391409,-6.15795127263932]}"
773_3_0,264.0,2025-02-12,Kebon_Jeruk,"{""geodesic"":false,""type"":""Point"",""coordinates"":[106.76926309402573,-6.202867036845296]}"
773_4_0,314.0,2025-02-12,Kelapa_Gading,"{""geodesic"":false,""type"":""Point"",""coordinates"":[106.90401038664366,-6.15795127263932]}"
773_5_0,290.0,2025-02-12,Komp_Angkasa_Pura_Jakarta_Pusat,"{""geodesic"":false,""type"":""Point"",""coordinates"":[106.84112831675529,-6.148968119798125]}"
773_7_0,324.0,2025-02-12,US_Consulate_Jakarta_Pusat,"{""geodesic"":false,""type"":""Point"",""coordinates"":[106.84112831675529,-6.184900731162906]}"
774_0_0,156.0,2025-02-13,Bundaran_Hotel_Indonesia,"{""geodesic"":false,""type"":""Point"",""coordinates"":[106.82316201107291,-6.193883884004101]}"
774_1_0,202.0,2025-02-13,Jagakarsa,"{""geodesic"":false,""type"":""Point"",""coordinates"":[106.83214516391409,-6.15795127263932]}"
774_3_0,143.0,2025-02-13,Kebon_Jeruk,"{""geodesic"":false,""type"":""Point"",""coordinates"":[106.76926309402573,-6.202867036845296]}"
774_4_0,265.0,2025-02-13,Kelapa_Gading,"{""geodesic"":false,""type"":""Point"",""coordinates"":[106.90401038664366,-6.15795127263932]}"
774_5_0,170.0,2025-02-13,Komp_Angkasa_Pura_Jakarta_Pusat,"{""geodesic"":false,""type"":""Point"",""coordinates"":[106.84112831675529,-6.148968119798125]}"
774_7_0,189.0,2025-02-13,US_Consulate_Jakarta_Pusat,"{""geodesic"":false,""type"":""Point"",""coordinates"":[106.84112831675529,-6.184900731162906]}"
786_4_0,581.0,2025-02-25,Kelapa_Gading,"{""geodesic"":false,""type"":""Point"",""coordinates"":[106.90401038664366,-6.15795127263932]}"
788_5_0,572.0,2025-02-27,Komp_Angkasa_Pura_Jakarta_Pusat,"{""geodesic"":false,""type"":""Point"",""coordinates"":[106.84112831675529,-6.148968119798125]}"
790_0_0,236.0,2025-03-01,Bundaran_Hotel_Indonesia,"{""geodesic"":false,""type"":""Point"",""coordinates"":[106.82316201107291,-6.193883884004101]}"
790_2_0,228.0,2025-03-01,Jalan_BDN_II,"{""geodesic"":false,""type"":""Point"",""coordinates"":[106.79621255254932,-6.283715412416053]}"
790_3_0,182.0,2025-03-01,Kebon_Jeruk,"{""geodesic"":false,""type"":""Point"",""coordinates"":[106.76926309402573,-6.202867036845296]}"
790_4_0,494.0,2025-03-01,Kelapa_Gading,"{""geodesic"":false,""type"":""Point"",""coordinates"":[106.90401038664366,-6.15795127263932]}"
790_5_0,566.0,2025-03-01,Komp_Angkasa_Pura_Jakarta_Pusat,"{""geodesic"":false,""type"":""Point"",""coordinates"":[106.84112831675529,-6.148968119798125]}"
790_6_0,243.0,2025-03-01,Lubang_Buaya,"{""geodesic"":false,""type"":""Point"",""coordinates"":[106.89502723380247,-6.301681718098443]}"
792_2_0,424.0,2025-03-03,Jalan_BDN_II,"{""geodesic"":false,""type"":""Point"",""coordinates"":[106.79621255254932,-6.283715412416053]}"
792_3_0,506.0,2025-03-03,Kebon_Jeruk,"{""geodesic"":false,""type"":""Point"",""coordinates"":[106.76926309402573,-6.202867036845296]}"
792_6_0,300.0,2025-03-03,Lubang_Buaya,"{""geodesic"":false,""type"":""Point"",""coordinates"":[106.89502723380247,-6.301681718098443]}"
794_6_0,84.0,2025-03-05,Lubang_Buaya,"{""geodesic"":false,""type"":""Point"",""coordinates"":[106.89502723380247,-6.301681718098443]}"
795_1_0,521.0,2025-03-06,Jagakarsa,"{""geodesic"":false,""type"":""Point"",""coordinates"":[106.83214516391409,-6.15795127263932]}"
795_2_0,520.0,2025-03-06,Jalan_BDN_II,"{""geodesic"":false,""type"":""Point"",""coordinates"":[106.79621255254932,-6.283715412416053]}"
795_4_0,413.0,2025-03-06,Kelapa_Gading,"{""geodesic"":false,""type"":""Point"",""coordinates"":[106.90401038664366,-6.15795127263932]}"
795_5_0,532.0,2025-03-06,Komp_Angkasa_Pura_Jakarta_Pusat,"{""geodesic"":false,""type"":""Point"",""coordinates"":[106.84112831675529,-6.148968119798125]}"
797_0_0,235.0,2025-03-08,Bundaran_Hotel_Indonesia,"{""geodesic"":false,""type"":""Point"",""coordinates"":[106.82316201107291,-6.193883884004101]}"
797_2_0,234.0,2025-03-08,Jalan_BDN_II,"{""geodesic"":false,""type"":""Point"",""coordinates"":[106.79621255254932,-6.283715412416053]}"
797_3_0,251.0,2025-03-08,Kebon_Jeruk,"{""geodesic"":false,""type"":""Point"",""coordinates"":[106.76926309402573,-6.202867036845296]}"
797_4_0,194.0,2025-03-08,Kelapa_Gading,"{""geodesic"":false,""type"":""Point"",""coordinates"":[106.90401038664366,-6.15795127263932]}"
797_5_0,261.0,2025-03-08,Komp_Angkasa_Pura_Jakarta_Pusat,"{""geodesic"":false,""type"":""Point"",""coordinates"":[106.84112831675529,-6.148968119798125]}"
797_6_0,132.0,2025-03-08,Lubang_Buaya,"{""geodesic"":false,""type"":""Point"",""coordinates"":[106.89502723380247,-6.301681718098443]}"
797_7_0,286.0,2025-03-08,US_Consulate_Jakarta_Pusat,"{""geodesic"":false,""type"":""Point"",""coordinates"":[106.84112831675529,-6.184900731162906]}"
798_4_0,509.0,2025-03-09,Kelapa_Gading,"{""geodesic"":false,""type"":""Point"",""coordinates"":[106.90401038664366,-6.15795127263932]}"
819_2_0,170.0,2025-03-30,Jalan_BDN_II,"{""geodesic"":false,""type"":""Point"",""coordinates"":[106.79621255254932,-6.283715412416053]}"
819_6_0,100.0,2025-03-30,Lubang_Buaya,"{""geodesic"":false,""type"":""Point"",""coordinates"":[106.89502723380247,-6.301681718098443]}"
825_0_0,421.0,2025-04-05,Bundaran_Hotel_Indonesia,"{""geodesic"":false,""type"":""Point"",""coordinates"":[106.82316201107291,-6.193883884004101]}"
825_5_0,382.0,2025-04-05,Komp_Angkasa_Pura_Jakarta_Pusat,"{""geodesic"":false,""type"":""Point"",""coordinates"":[106.84112831675529,-6.148968119798125]}"
828_4_0,538.0,2025-04-08,Kelapa_Gading,"{""geodesic"":false,""type"":""Point"",""coordinates"":[106.90401038664366,-6.15795127263932]}"
838_6_0,526.0,2025-04-18,Lubang_Buaya,"{""geodesic"":false,""type"":""Point"",""coordinates"":[106.89502723380247,-6.301681718098443]}"
840_2_0,139.0,2025-04-20,Jalan_BDN_II,"{""geodesic"":false,""type"":""Point"",""coordinates"":[106.79621255254932,-6.283715412416053]}"
840_5_0,276.0,2025-04-20,Komp_Angkasa_Pura_Jakarta_Pusat,"{""geodesic"":false,""type"":""Point"",""coordinates"":[106.84112831675529,-6.148968119798125]}"
843_6_0,184.0,2025-04-23,Lubang_Buaya,"{""geodesic"":false,""type"":""Point"",""coordinates"":[106.89502723380247,-6.301681718098443]}"
845_4_0,483.0,2025-04-25,Kelapa_Gading,"{""geodesic"":false,""type"":""Point"",""coordinates"":[106.90401038664366,-6.15795127263932]}"
847_0_0,410.0,2025-04-27,Bundaran_Hotel_Indonesia,"{""geodesic"":false,""type"":""Point"",""coordinates"":[106.82316201107291,-6.193883884004101]}"
847_1_0,608.0,2025-04-27,Jagakarsa,"{""geodesic"":false,""type"":""Point"",""coordinates"":[106.83214516391409,-6.15795127263932]}"
847_2_0,433.0,2025-04-27,Jalan_BDN_II,"{""geodesic"":false,""type"":""Point"",""coordinates"":[106.79621255254932,-6.283715412416053]}"
847_3_0,419.0,2025-04-27,Kebon_Jeruk,"{""geodesic"":false,""type"":""Point"",""coordinates"":[106.76926309402573,-6.202867036845296]}"
847_4_0,454.0,2025-04-27,Kelapa_Gading,"{""geodesic"":false,""type"":""Point"",""coordinates"":[106.90401038664366,-6.15795127263932]}"
847_5_0,524.0,2025-04-27,Komp_Angkasa_Pura_Jakarta_Pusat,"{""geodesic"":false,""type"":""Point"",""coordinates"":[106.84112831675529,-6.148968119798125]}"
847_6_0,406.0,2025-04-27,Lubang_Buaya,"{""geodesic"":false,""type"":""Point"",""coordinates"":[106.89502723380247,-6.301681718098443]}"
847_7_0,392.0,2025-04-27,US_Consulate_Jakarta_Pusat,"{""geodesic"":false,""type"":""Point"",""coordinates"":[106.84112831675529,-6.184900731162906]}"
849_1_0,929.0,2025-04-29,Jagakarsa,"{""geodesic"":false,""type"":""Point"",""coordinates"":[106.83214516391409,-6.15795127263932]}"
849_3_0,984.0,2025-04-29,Kebon_Jeruk,"{""geodesic"":false,""type"":""Point"",""coordinates"":[106.76926309402573,-6.202867036845296]}"
849_5_0,792.0,2025-04-29,Komp_Angkasa_Pura_Jakarta_Pusat,"{""geodesic"":false,""type"":""Point"",""coordinates"":[106.84112831675529,-6.148968119798125]}"
849_6_0,422.0,2025-04-29,Lubang_Buaya,"{""geodesic"":false,""type"":""Point"",""coordinates"":[106.89502723380247,-6.301681718098443]}"
850_1_0,564.0,2025-04-30,Jagakarsa,"{""geodesic"":false,""type"":""Point"",""coordinates"":[106.83214516391409,-6.15795127263932]}"
850_5_0,540.0,2025-04-30,Komp_Angkasa_Pura_Jakarta_Pusat,"{""geodesic"":false,""type"":""Point"",""coordinates"":[106.84112831675529,-6.148968119798125]}"
850_6_0,537.0,2025-04-30,Lubang_Buaya,"{""geodesic"":false,""type"":""Point"",""coordinates"":[106.89502723380247,-6.301681718098443]}"
852_0_0,1043.0,2025-05-02,Bundaran_Hotel_Indonesia,"{""geodesic"":false,""type"":""Point"",""coordinates"":[106.82316201107291,-6.193883884004101]}"
852_1_0,986.0,2025-05-02,Jagakarsa,"{""geodesic"":false,""type"":""Point"",""coordinates"":[106.83214516391409,-6.15795127263932]}"
852_3_0,879.0,2025-05-02,Kebon_Jeruk,"{""geodesic"":false,""type"":""Point"",""coordinates"":[106.76926309402573,-6.202867036845296]}"
852_4_0,967.0,2025-05-02,Kelapa_Gading,"{""geodesic"":false,""type"":""Point"",""coordinates"":[106.90401038664366,-6.15795127263932]}"
852_5_0,947.0,2025-05-02,Komp_Angkasa_Pura_Jakarta_Pusat,"{""geodesic"":false,""type"":""Point"",""coordinates"":[106.84112831675529,-6.148968119798125]}"
852_7_0,1222.0,2025-05-02,US_Consulate_Jakarta_Pusat,"{""geodesic"":false,""type"":""Point"",""coordinates"":[106.84112831675529,-6.184900731162906]}"
853_2_0,360.0,2025-05-03,Jalan_BDN_II,"{""geodesic"":false,""type"":""Point"",""coordinates"":[106.79621255254932,-6.283715412416053]}"
855_1_0,525.0,2025-05-05,Jagakarsa,"{""geodesic"":false,""type"":""Point"",""coordinates"":[106.83214516391409,-6.15795127263932]}"
855_2_0,366.0,2025-05-05,Jalan_BDN_II,"{""geodesic"":false,""type"":""Point"",""coordinates"":[106.79621255254932,-6.283715412416053]}"
855_3_0,271.0,2025-05-05,Kebon_Jeruk,"{""geodesic"":false,""type"":""Point"",""coordinates"":[106.76926309402573,-6.202867036845296]}"
855_4_0,255.5,2025-05-05,Kelapa_Gading,"{""geodesic"":false,""type"":""Point"",""coordinates"":[106.90401038664366,-6.15795127263932]}"
855_5_0,175.0,2025-05-05,Komp_Angkasa_Pura_Jakarta_Pusat,"{""geodesic"":false,""type"":""Point"",""coordinates"":[106.84112831675529,-6.148968119798125]}"
855_6_0,186.0,2025-05-05,Lubang_Buaya,"{""geodesic"":false,""type"":""Point"",""coordinates"":[106.89502723380247,-6.301681718098443]}"
855_7_0,400.0,2025-05-05,US_Consulate_Jakarta_Pusat,"{""geodesic"":false,""type"":""Point"",""coordinates"":[106.84112831675529,-6.184900731162906]}"
857_0_0,372.0,2025-05-07,Bundaran_Hotel_Indonesia,"{""geodesic"":false,""type"":""Point"",""coordinates"":[106.82316201107291,-6.193883884004101]}"
857_1_0,533.0,2025-05-07,Jagakarsa,"{""geodesic"":false,""type"":""Point"",""coordinates"":[106.83214516391409,-6.15795127263932]}"
857_2_0,463.0,2025-05-07,Jalan_BDN_II,"{""geodesic"":false,""type"":""Point"",""coordinates"":[106.79621255254932,-6.283715412416053]}"
857_3_0,346.0,2025-05-07,Kebon_Jeruk,"{""geodesic"":false,""type"":""Point"",""coordinates"":[106.76926309402573,-6.202867036845296]}"
857_4_0,421.0,2025-05-07,Kelapa_Gading,"{""geodesic"":false,""type"":""Point"",""coordinates"":[106.90401038664366,-6.15795127263932]}"
857_6_0,545.0,2025-05-07,Lubang_Buaya,"{""geodesic"":false,""type"":""Point"",""coordinates"":[106.89502723380247,-6.301681718098443]}"
857_7_0,452.0,2025-05-07,US_Consulate_Jakarta_Pusat,"{""geodesic"":false,""type"":""Point"",""coordinates"":[106.84112831675529,-6.184900731162906]}"
858_4_0,531.0,2025-05-08,Kelapa_Gading,"{""geodesic"":false,""type"":""Point"",""coordinates"":[106.90401038664366,-6.15795127263932]}"
858_5_0,521.0,2025-05-08,Komp_Angkasa_Pura_Jakarta_Pusat,"{""geodesic"":false,""type"":""Point"",""coordinates"":[106.84112831675529,-6.148968119798125]}"
864_5_0,408.0,2025-05-14,Komp_Angkasa_Pura_Jakarta_Pusat,"{""geodesic"":false,""type"":""Point"",""coordinates"":[106.84112831675529,-6.148968119798125]}"
867_0_0,295.0,2025-05-17,Bundaran_Hotel_Indonesia,"{""geodesic"":false,""type"":""Point"",""coordinates"":[106.82316201107291,-6.193883884004101]}"
867_2_0,372.0,2025-05-17,Jalan_BDN_II,"{""geodesic"":false,""type"":""Point"",""coordinates"":[106.79621255254932,-6.283715412416053]}"
867_3_0,268.0,2025-05-17,Kebon_Jeruk,"{""geodesic"":false,""type"":""Point"",""coordinates"":[106.76926309402573,-6.202867036845296]}"
867_4_0,361.0,2025-05-17,Kelapa_Gading,"{""geodesic"":false,""type"":""Point"",""coordinates"":[106.90401038664366,-6.15795127263932]}"
867_6_0,491.0,2025-05-17,Lubang_Buaya,"{""geodesic"":false,""type"":""Point"",""coordinates"":[106.89502723380247,-6.301681718098443]}"
867_7_0,328.0,2025-05-17,US_Consulate_Jakarta_Pusat,"{""geodesic"":false,""type"":""Point"",""coordinates"":[106.84112831675529,-6.184900731162906]}"
868_0_0,157.0,2025-05-18,Bundaran_Hotel_Indonesia,"{""geodesic"":false,""type"":""Point"",""coordinates"":[106.82316201107291,-6.193883884004101]}"
868_1_0,209.0,2025-05-18,Jagakarsa,"{""geodesic"":false,""type"":""Point"",""coordinates"":[106.83214516391409,-6.15795127263932]}"
868_2_0,202.0,2025-05-18,Jalan_BDN_II,"{""geodesic"":false,""type"":""Point"",""coordinates"":[106.79621255254932,-6.283715412416053]}"
868_3_0,144.0,2025-05-18,Kebon_Jeruk,"{""geodesic"":false,""type"":""Point"",""coordinates"":[106.76926309402573,-6.202867036845296]}"
868_6_0,178.0,2025-05-18,Lubang_Buaya,"{""geodesic"":false,""type"":""Point"",""coordinates"":[106.89502723380247,-6.301681718098443]}"
868_7_0,196.0,2025-05-18,US_Consulate_Jakarta_Pusat,"{""geodesic"":false,""type"":""Point"",""coordinates"":[106.84112831675529,-6.184900731162906]}"
874_0_0,119.0,2025-05-24,Bundaran_Hotel_Indonesia,"{""geodesic"":false,""type"":""Point"",""coordinates"":[106.82316201107291,-6.193883884004101]}"
874_1_0,176.0,2025-05-24,Jagakarsa,"{""geodesic"":false,""type"":""Point"",""coordinates"":[106.83214516391409,-6.15795127263932]}"
874_2_0,137.0,2025-05-24,Jalan_BDN_II,"{""geodesic"":false,""type"":""Point"",""coordinates"":[106.79621255254932,-6.283715412416053]}"
874_3_0,121.0,2025-05-24,Kebon_Jeruk,"{""geodesic"":false,""type"":""Point"",""coordinates"":[106.76926309402573,-6.202867036845296]}"
874_4_0,323.0,2025-05-24,Kelapa_Gading,"{""geodesic"":false,""type"":""Point"",""coordinates"":[106.90401038664366,-6.15795127263932]}"
874_5_0,154.0,2025-05-24,Komp_Angkasa_Pura_Jakarta_Pusat,"{""geodesic"":false,""type"":""Point"",""coordinates"":[106.84112831675529,-6.148968119798125]}"
874_6_0,35.0,2025-05-24,Lubang_Buaya,"{""geodesic"":false,""type"":""Point"",""coordinates"":[106.89502723380247,-6.301681718098443]}"
874_7_0,153.0,2025-05-24,US_Consulate_Jakarta_Pusat,"{""geodesic"":false,""type"":""Point"",""coordinates"":[106.84112831675529,-6.184900731162906]}"
877_0_0,159.0,2025-05-27,Bundaran_Hotel_Indonesia,"{""geodesic"":false,""type"":""Point"",""coordinates"":[106.82316201107291,-6.193883884004101]}"
877_1_0,215.0,2025-05-27,Jagakarsa,"{""geodesic"":false,""type"":""Point"",""coordinates"":[106.83214516391409,-6.15795127263932]}"
877_2_0,216.0,2025-05-27,Jalan_BDN_II,"{""geodesic"":false,""type"":""Point"",""coordinates"":[106.79621255254932,-6.283715412416053]}"
877_5_0,134.0,2025-05-27,Komp_Angkasa_Pura_Jakarta_Pusat,"{""geodesic"":false,""type"":""Point"",""coordinates"":[106.84112831675529,-6.148968119798125]}"
877_7_0,105.0,2025-05-27,US_Consulate_Jakarta_Pusat,"{""geodesic"":false,""type"":""Point"",""coordinates"":[106.84112831675529,-6.184900731162906]}"
878_0_0,389.0,2025-05-28,Bundaran_Hotel_Indonesia,"{""geodesic"":false,""type"":""Point"",""coordinates"":[106.82316201107291,-6.193883884004101]}"
878_2_0,284.0,2025-05-28,Jalan_BDN_II,"{""geodesic"":false,""type"":""Point"",""coordinates"":[106.79621255254932,-6.283715412416053]}"
878_3_0,351.0,2025-05-28,Kebon_Jeruk,"{""geodesic"":false,""type"":""Point"",""coordinates"":[106.76926309402573,-6.202867036845296]}"
878_4_0,888.5,2025-05-28,Kelapa_Gading,"{""geodesic"":false,""type"":""Point"",""coordinates"":[106.90401038664366,-6.15795127263932]}"
878_6_0,316.0,2025-05-28,Lubang_Buaya,"{""geodesic"":false,""type"":""Point"",""coordinates"":[106.89502723380247,-6.301681718098443]}"
879_0_0,553.0,2025-05-29,Bundaran_Hotel_Indonesia,"{""geodesic"":false,""type"":""Point"",""coordinates"":[106.82316201107291,-6.193883884004101]}"
879_4_0,644.0,2025-05-29,Kelapa_Gading,"{""geodesic"":false,""type"":""Point"",""coordinates"":[106.90401038664366,-6.15795127263932]}"
880_1_0,698.0,2025-05-30,Jagakarsa,"{""geodesic"":false,""type"":""Point"",""coordinates"":[106.83214516391409,-6.15795127263932]}"
880_4_0,567.0,2025-05-30,Kelapa_Gading,"{""geodesic"":false,""type"":""Point"",""coordinates"":[106.90401038664366,-6.15795127263932]}"
880_5_0,616.0,2025-05-30,Komp_Angkasa_Pura_Jakarta_Pusat,"{""geodesic"":false,""type"":""Point"",""coordinates"":[106.84112831675529,-6.148968119798125]}"
880_6_0,475.0,2025-05-30,Lubang_Buaya,"{""geodesic"":false,""type"":""Point"",""coordinates"":[106.89502723380247,-6.301681718098443]}"
880_7_0,692.0,2025-05-30,US_Consulate_Jakarta_Pusat,"{""geodesic"":false,""type"":""Point"",""coordinates"":[106.84112831675529,-6.184900731162906]}"
882_0_0,398.0,2025-06-01,Bundaran_Hotel_Indonesia,"{""geodesic"":false,""type"":""Point"",""coordinates"":[106.82316201107291,-6.193883884004101]}"
882_3_0,438.0,2025-06-01,Kebon_Jeruk,"{""geodesic"":false,""type"":""Point"",""coordinates"":[106.76926309402573,-6.202867036845296]}"
882_7_0,407.0,2025-06-01,US_Consulate_Jakarta_Pusat,"{""geodesic"":false,""type"":""Point"",""coordinates"":[106.84112831675529,-6.184900731162906]}"
883_2_0,430.0,2025-06-02,Jalan_BDN_II,"{""geodesic"":false,""type"":""Point"",""coordinates"":[106.79621255254932,-6.283715412416053]}"
887_0_0,719.0,2025-06-06,Bundaran_Hotel_Indonesia,"{""geodesic"":false,""type"":""Point"",""coordinates"":[106.82316201107291,-6.193883884004101]}"
887_2_0,689.0,2025-06-06,Jalan_BDN_II,"{""geodesic"":false,""type"":""Point"",""coordinates"":[106.79621255254932,-6.283715412416053]}"
887_3_0,500.0,2025-06-06,Kebon_Jeruk,"{""geodesic"":false,""type"":""Point"",""coordinates"":[106.76926309402573,-6.202867036845296]}"
887_7_0,691.0,2025-06-06,US_Consulate_Jakarta_Pusat,"{""geodesic"":false,""type"":""Point"",""coordinates"":[106.84112831675529,-6.184900731162906]}"
888_0_0,2001.0,2025-06-07,Bundaran_Hotel_Indonesia,"{""geodesic"":false,""type"":""Point"",""coordinates"":[106.82316201107291,-6.193883884004101]}"
888_1_0,1735.0,2025-06-07,Jagakarsa,"{""geodesic"":false,""type"":""Point"",""coordinates"":[106.83214516391409,-6.15795127263932]}"
888_4_0,1485.0,2025-06-07,Kelapa_Gading,"{""geodesic"":false,""type"":""Point"",""coordinates"":[106.90401038664366,-6.15795127263932]}"
888_5_0,1495.0,2025-06-07,Komp_Angkasa_Pura_Jakarta_Pusat,"{""geodesic"":false,""type"":""Point"",""coordinates"":[106.84112831675529,-6.148968119798125]}"
888_7_0,1737.0,2025-06-07,US_Consulate_Jakarta_Pusat,"{""geodesic"":false,""type"":""Point"",""coordinates"":[106.84112831675529,-6.184900731162906]}"
889_1_0,463.0,2025-06-08,Jagakarsa,"{""geodesic"":false,""type"":""Point"",""coordinates"":[106.83214516391409,-6.15795127263932]}"
889_2_0,386.0,2025-06-08,Jalan_BDN_II,"{""geodesic"":false,""type"":""Point"",""coordinates"":[106.79621255254932,-6.283715412416053]}"
889_3_0,488.0,2025-06-08,Kebon_Jeruk,"{""geodesic"":false,""type"":""Point"",""coordinates"":[106.76926309402573,-6.202867036845296]}"
889_4_0,405.0,2025-06-08,Kelapa_Gading,"{""geodesic"":false,""type"":""Point"",""coordinates"":[106.90401038664366,-6.15795127263932]}"
889_5_0,464.0,2025-06-08,Komp_Angkasa_Pura_Jakarta_Pusat,"{""geodesic"":false,""type"":""Point"",""coordinates"":[106.84112831675529,-6.148968119798125]}"
889_7_0,461.0,2025-06-08,US_Consulate_Jakarta_Pusat,"{""geodesic"":false,""type"":""Point"",""coordinates"":[106.84112831675529,-6.184900731162906]}"
892_6_0,521.0,2025-06-11,Lubang_Buaya,"{""geodesic"":false,""type"":""Point"",""coordinates"":[106.89502723380247,-6.301681718098443]}"
893_0_0,524.0,2025-06-12,Bundaran_Hotel_Indonesia,"{""geodesic"":false,""type"":""Point"",""coordinates"":[106.82316201107291,-6.193883884004101]}"
893_1_0,529.5,2025-06-12,Jagakarsa,"{""geodesic"":false,""type"":""Point"",""coordinates"":[106.83214516391409,-6.15795127263932]}"
893_2_0,558.0,2025-06-12,Jalan_BDN_II,"{""geodesic"":false,""type"":""Point"",""coordinates"":[106.79621255254932,-6.283715412416053]}"
893_3_0,494.0,2025-06-12,Kebon_Jeruk,"{""geodesic"":false,""type"":""Point"",""coordinates"":[106.76926309402573,-6.202867036845296]}"
893_4_0,424.0,2025-06-12,Kelapa_Gading,"{""geodesic"":false,""type"":""Point"",""coordinates"":[106.90401038664366,-6.15795127263932]}"
893_5_0,523.0,2025-06-12,Komp_Angkasa_Pura_Jakarta_Pusat,"{""geodesic"":false,""type"":""Point"",""coordinates"":[106.84112831675529,-6.148968119798125]}"
893_6_0,507.0,2025-06-12,Lubang_Buaya,"{""geodesic"":false,""type"":""Point"",""coordinates"":[106.89502723380247,-6.301681718098443]}"
893_7_0,537.0,2025-06-12,US_Consulate_Jakarta_Pusat,"{""geodesic"":false,""type"":""Point"",""coordinates"":[106.84112831675529,-6.184900731162906]}"
894_5_0,387.0,2025-06-13,Komp_Angkasa_Pura_Jakarta_Pusat,"{""geodesic"":false,""type"":""Point"",""coordinates"":[106.84112831675529,-6.148968119798125]}"
894_7_0,460.0,2025-06-13,US_Consulate_Jakarta_Pusat,"{""geodesic"":false,""type"":""Point"",""coordinates"":[106.84112831675529,-6.184900731162906]}"
897_1_0,253.0,2025-06-16,Jagakarsa,"{""geodesic"":false,""type"":""Point"",""coordinates"":[106.83214516391409,-6.15795127263932]}"
897_2_0,355.0,2025-06-16,Jalan_BDN_II,"{""geodesic"":false,""type"":""Point"",""coordinates"":[106.79621255254932,-6.283715412416053]}"
897_5_0,212.0,2025-06-16,Komp_Angkasa_Pura_Jakarta_Pusat,"{""geodesic"":false,""type"":""Point"",""coordinates"":[106.84112831675529,-6.148968119798125]}"
897_6_0,312.0,2025-06-16,Lubang_Buaya,"{""geodesic"":false,""type"":""Point"",""coordinates"":[106.89502723380247,-6.301681718098443]}"
897_7_0,284.0,2025-06-16,US_Consulate_Jakarta_Pusat,"{""geodesic"":false,""type"":""Point"",""coordinates"":[106.84112831675529,-6.184900731162906]}"
901_1_0,574.0,2025-06-20,Jagakarsa,"{""geodesic"":false,""type"":""Point"",""coordinates"":[106.83214516391409,-6.15795127263932]}"
903_5_0,473.0,2025-06-22,Komp_Angkasa_Pura_Jakarta_Pusat,"{""geodesic"":false,""type"":""Point"",""coordinates"":[106.84112831675529,-6.148968119798125]}"
906_0_0,731.0,2025-06-25,Bundaran_Hotel_Indonesia,"{""geodesic"":false,""type"":""Point"",""coordinates"":[106.82316201107291,-6.193883884004101]}"
906_1_0,726.0,2025-06-25,Jagakarsa,"{""geodesic"":false,""type"":""Point"",""coordinates"":[106.83214516391409,-6.15795127263932]}"
906_2_0,898.0,2025-06-25,Jalan_BDN_II,"{""geodesic"":false,""type"":""Point"",""coordinates"":[106.79621255254932,-6.283715412416053]}"
906_3_0,878.0,2025-06-25,Kebon_Jeruk,"{""geodesic"":false,""type"":""Point"",""coordinates"":[106.76926309402573,-6.202867036845296]}"
906_4_0,718.0,2025-06-25,Kelapa_Gading,"{""geodesic"":false,""type"":""Point"",""coordinates"":[106.90401038664366,-6.15795127263932]}"
906_5_0,719.0,2025-06-25,Komp_Angkasa_Pura_Jakarta_Pusat,"{""geodesic"":false,""type"":""Point"",""coordinates"":[106.84112831675529,-6.148968119798125]}"
906_6_0,663.0,2025-06-25,Lubang_Buaya,"{""geodesic"":false,""type"":""Point"",""coordinates"":[106.89502723380247,-6.301681718098443]}"
906_7_0,935.0,2025-06-25,US_Consulate_Jakarta_Pusat,"{""geodesic"":false,""type"":""Point"",""coordinates"":[106.84112831675529,-6.184900731162906]}"
907_0_0,371.0,2025-06-26,Bundaran_Hotel_Indonesia,"{""geodesic"":false,""type"":""Point"",""coordinates"":[106.82316201107291,-6.193883884004101]}"
907_1_0,456.0,2025-06-26,Jagakarsa,"{""geodesic"":false,""type"":""Point"",""coordinates"":[106.83214516391409,-6.15795127263932]}"
907_2_0,276.0,2025-06-26,Jalan_BDN_II,"{""geodesic"":false,""type"":""Point"",""coordinates"":[106.79621255254932,-6.283715412416053]}"
907_3_0,295.0,2025-06-26,Kebon_Jeruk,"{""geodesic"":false,""type"":""Point"",""coordinates"":[106.76926309402573,-6.202867036845296]}"
907_4_0,426.0,2025-06-26,Kelapa_Gading,"{""geodesic"":false,""type"":""Point"",""coordinates"":[106.90401038664366,-6.15795127263932]}"
907_5_0,460.0,2025-06-26,Komp_Angkasa_Pura_Jakarta_Pusat,"{""geodesic"":false,""type"":""Point"",""coordinates"":[106.84112831675529,-6.148968119798125]}"
907_6_0,328.0,2025-06-26,Lubang_Buaya,"{""geodesic"":false,""type"":""Point"",""coordinates"":[106.89502723380247,-6.301681718098443]}"
907_7_0,378.0,2025-06-26,US_Consulate_Jakarta_Pusat,"{""geodesic"":false,""type"":""Point"",""coordinates"":[106.84112831675529,-6.184900731162906]}"
915_1_0,716.0,2025-07-04,Jagakarsa,"{""geodesic"":false,""type"":""Point"",""coordinates"":[106.83214516391409,-6.15795127263932]}"
915_4_0,460.0,2025-07-04,Kelapa_Gading,"{""geodesic"":false,""type"":""Point"",""coordinates"":[106.90401038664366,-6.15795127263932]}"
915_5_0,664.0,2025-07-04,Komp_Angkasa_Pura_Jakarta_Pusat,"{""geodesic"":false,""type"":""Point"",""coordinates"":[106.84112831675529,-6.148968119798125]}"
917_0_0,236.0,2025-07-06,Bundaran_Hotel_Indonesia,"{""geodesic"":false,""type"":""Point"",""coordinates"":[106.82316201107291,-6.193883884004101]}"
917_1_0,308.0,2025-07-06,Jagakarsa,"{""geodesic"":false,""type"":""Point"",""coordinates"":[106.83214516391409,-6.15795127263932]}"
917_2_0,260.0,2025-07-06,Jalan_BDN_II,"{""geodesic"":false,""type"":""Point"",""coordinates"":[106.79621255254932,-6.283715412416053]}"
917_3_0,207.0,2025-07-06,Kebon_Jeruk,"{""geodesic"":false,""type"":""Point"",""coordinates"":[106.76926309402573,-6.202867036845296]}"
917_4_0,283.0,2025-07-06,Kelapa_Gading,"{""geodesic"":false,""type"":""Point"",""coordinates"":[106.90401038664366,-6.15795127263932]}"
917_5_0,270.0,2025-07-06,Komp_Angkasa_Pura_Jakarta_Pusat,"{""geodesic"":false,""type"":""Point"",""coordinates"":[106.84112831675529,-6.148968119798125]}"
917_6_0,223.0,2025-07-06,Lubang_Buaya,"{""geodesic"":false,""type"":""Point"",""coordinates"":[106.89502723380247,-6.301681718098443]}"
917_7_0,244.0,2025-07-06,US_Consulate_Jakarta_Pusat,"{""geodesic"":false,""type"":""Point"",""coordinates"":[106.84112831675529,-6.184900731162906]}"
920_4_0,651.0,2025-07-09,Kelapa_Gading,"{""geodesic"":false,""type"":""Point"",""coordinates"":[106.90401038664366,-6.15795127263932]}"
923_1_0,685.0,2025-07-12,Jagakarsa,"{""geodesic"":false,""type"":""Point"",""coordinates"":[106.83214516391409,-6.15795127263932]}"
923_4_0,571.0,2025-07-12,Kelapa_Gading,"{""geodesic"":false,""type"":""Point"",""coordinates"":[106.90401038664366,-6.15795127263932]}"
923_5_0,620.0,2025-07-12,Komp_Angkasa_Pura_Jakarta_Pusat,"{""geodesic"":false,""type"":""Point"",""coordinates"":[106.84112831675529,-6.148968119798125]}"
923_7_0,623.0,2025-07-12,US_Consulate_Jakarta_Pusat,"{""geodesic"":false,""type"":""Point"",""coordinates"":[106.84112831675529,-6.184900731162906]}"
924_0_0,597.0,2025-07-13,Bundaran_Hotel_Indonesia,"{""geodesic"":false,""type"":""Point"",""coordinates"":[106.82316201107291,-6.193883884004101]}"
924_1_0,612.0,2025-07-13,Jagakarsa,"{""geodesic"":false,""type"":""Point"",""coordinates"":[106.83214516391409,-6.15795127263932]}"
924_2_0,493.0,2025-07-13,Jalan_BDN_II,"{""geodesic"":false,""type"":""Point"",""coordinates"":[106.79621255254932,-6.283715412416053]}"
924_3_0,446.0,2025-07-13,Kebon_Jeruk,"{""geodesic"":false,""type"":""Point"",""coordinates"":[106.76926309402573,-6.202867036845296]}"
924_4_0,579.0,2025-07-13,Kelapa_Gading,"{""geodesic"":false,""type"":""Point"",""coordinates"":[106.90401038664366,-6.15795127263932]}"
924_5_0,555.0,2025-07-13,Komp_Angkasa_Pura_Jakarta_Pusat,"{""geodesic"":false,""type"":""Point"",""coordinates"":[106.84112831675529,-6.148968119798125]}"
924_6_0,573.0,2025-07-13,Lubang_Buaya,"{""geodesic"":false,""type"":""Point"",""coordinates"":[106.89502723380247,-6.301681718098443]}"
924_7_0,525.0,2025-07-13,US_Consulate_Jakarta_Pusat,"{""geodesic"":false,""type"":""Point"",""coordinates"":[106.84112831675529,-6.184900731162906]}"
930_0_0,267.0,2025-07-19,Bundaran_Hotel_Indonesia,"{""geodesic"":false,""type"":""Point"",""coordinates"":[106.82316201107291,-6.193883884004101]}"
930_1_0,822.0,2025-07-19,Jagakarsa,"{""geodesic"":false,""type"":""Point"",""coordinates"":[106.83214516391409,-6.15795127263932]}"
930_2_0,242.0,2025-07-19,Jalan_BDN_II,"{""geodesic"":false,""type"":""Point"",""coordinates"":[106.79621255254932,-6.283715412416053]}"
930_3_0,229.0,2025-07-19,Kebon_Jeruk,"{""geodesic"":false,""type"":""Point"",""coordinates"":[106.76926309402573,-6.202867036845296]}"
930_4_0,736.5,2025-07-19,Kelapa_Gading,"{""geodesic"":false,""type"":""Point"",""coordinates"":[106.90401038664366,-6.15795127263932]}"
930_5_0,780.5,2025-07-19,Komp_Angkasa_Pura_Jakarta_Pusat,"{""geodesic"":false,""type"":""Point"",""coordinates"":[106.84112831675529,-6.148968119798125]}"
930_6_0,646.0,2025-07-19,Lubang_Buaya,"{""geodesic"":false,""type"":""Point"",""coordinates"":[106.89502723380247,-6.301681718098443]}"
930_7_0,355.0,2025-07-19,US_Consulate_Jakarta_Pusat,"{""geodesic"":false,""type"":""Point"",""coordinates"":[106.84112831675529,-6.184900731162906]}"
931_0_0,673.0,2025-07-20,Bundaran_Hotel_Indonesia,"{""geodesic"":false,""type"":""Point"",""coordinates"":[106.82316201107291,-6.193883884004101]}"
931_1_0,718.0,2025-07-20,Jagakarsa,"{""geodesic"":false,""type"":""Point"",""coordinates"":[106.83214516391409,-6.15795127263932]}"
931_2_0,594.0,2025-07-20,Jalan_BDN_II,"{""geodesic"":false,""type"":""Point"",""coordinates"":[106.79621255254932,-6.283715412416053]}"
931_3_0,586.0,2025-07-20,Kebon_Jeruk,"{""geodesic"":false,""type"":""Point"",""coordinates"":[106.76926309402573,-6.202867036845296]}"
931_4_0,756.0,2025-07-20,Kelapa_Gading,"{""geodesic"":false,""type"":""Point"",""coordinates"":[106.90401038664366,-6.15795127263932]}"
931_5_0,744.0,2025-07-20,Komp_Angkasa_Pura_Jakarta_Pusat,"{""geodesic"":false,""type"":""Point"",""coordinates"":[106.84112831675529,-6.148968119798125]}"
931_6_0,630.0,2025-07-20,Lubang_Buaya,"{""geodesic"":false,""type"":""Point"",""coordinates"":[106.89502723380247,-6.301681718098443]}"
931_7_0,707.0,2025-07-20,US_Consulate_Jakarta_Pusat,"{""geodesic"":false,""type"":""Point"",""coordinates"":[106.84112831675529,-6.184900731162906]}"
932_0_0,492.0,2025-07-21,Bundaran_Hotel_Indonesia,"{""geodesic"":false,""type"":""Point"",""coordinates"":[106.82316201107291,-6.193883884004101]}"
932_1_0,589.0,2025-07-21,Jagakarsa,"{""geodesic"":false,""type"":""Point"",""coordinates"":[106.83214516391409,-6.15795127263932]}"
932_2_0,446.0,2025-07-21,Jalan_BDN_II,"{""geodesic"":false,""type"":""Point"",""coordinates"":[106.79621255254932,-6.283715412416053]}"
932_3_0,409.0,2025-07-21,Kebon_Jeruk,"{""geodesic"":false,""type"":""Point"",""coordinates"":[106.76926309402573,-6.202867036845296]}"
932_4_0,603.0,2025-07-21,Kelapa_Gading,"{""geodesic"":false,""type"":""Point"",""coordinates"":[106.90401038664366,-6.15795127263932]}"
932_5_0,788.0,2025-07-21,Komp_Angkasa_Pura_Jakarta_Pusat,"{""geodesic"":false,""type"":""Point"",""coordinates"":[106.84112831675529,-6.148968119798125]}"
932_6_0,658.0,2025-07-21,Lubang_Buaya,"{""geodesic"":false,""type"":""Point"",""coordinates"":[106.89502723380247,-6.301681718098443]}"
932_7_0,518.0,2025-07-21,US_Consulate_Jakarta_Pusat,"{""geodesic"":false,""type"":""Point"",""coordinates"":[106.84112831675529,-6.184900731162906]}"
933_4_0,562.0,2025-07-22,Kelapa_Gading,"{""geodesic"":false,""type"":""Point"",""coordinates"":[106.90401038664366,-6.15795127263932]}"
934_0_0,418.0,2025-07-23,Bundaran_Hotel_Indonesia,"{""geodesic"":false,""type"":""Point"",""coordinates"":[106.82316201107291,-6.193883884004101]}"
934_1_0,294.0,2025-07-23,Jagakarsa,"{""geodesic"":false,""type"":""Point"",""coordinates"":[106.83214516391409,-6.15795127263932]}"
934_2_0,478.0,2025-07-23,Jalan_BDN_II,"{""geodesic"":false,""type"":""Point"",""coordinates"":[106.79621255254932,-6.283715412416053]}"
934_3_0,500.0,2025-07-23,Kebon_Jeruk,"{""geodesic"":false,""type"":""Point"",""coordinates"":[106.76926309402573,-6.202867036845296]}"
934_4_0,328.5,2025-07-23,Kelapa_Gading,"{""geodesic"":false,""type"":""Point"",""coordinates"":[106.90401038664366,-6.15795127263932]}"
934_5_0,290.0,2025-07-23,Komp_Angkasa_Pura_Jakarta_Pusat,"{""geodesic"":false,""type"":""Point"",""coordinates"":[106.84112831675529,-6.148968119798125]}"
934_6_0,430.0,2025-07-23,Lubang_Buaya,"{""geodesic"":false,""type"":""Point"",""coordinates"":[106.89502723380247,-6.301681718098443]}"
934_7_0,366.0,2025-07-23,US_Consulate_Jakarta_Pusat,"{""geodesic"":false,""type"":""Point"",""coordinates"":[106.84112831675529,-6.184900731162906]}"
935_0_0,422.0,2025-07-24,Bundaran_Hotel_Indonesia,"{""geodesic"":false,""type"":""Point"",""coordinates"":[106.82316201107291,-6.193883884004101]}"
935_1_0,419.0,2025-07-24,Jagakarsa,"{""geodesic"":false,""type"":""Point"",""coordinates"":[106.83214516391409,-6.15795127263932]}"
935_2_0,490.0,2025-07-24,Jalan_BDN_II,"{""geodesic"":false,""type"":""Point"",""coordinates"":[106.79621255254932,-6.283715412416053]}"
935_3_0,408.0,2025-07-24,Kebon_Jeruk,"{""geodesic"":false,""type"":""Point"",""coordinates"":[106.76926309402573,-6.202867036845296]}"
935_4_0,587.0,2025-07-24,Kelapa_Gading,"{""geodesic"":false,""type"":""Point"",""coordinates"":[106.90401038664366,-6.15795127263932]}"
935_5_0,435.0,2025-07-24,Komp_Angkasa_Pura_Jakarta_Pusat,"{""geodesic"":false,""type"":""Point"",""coordinates"":[106.84112831675529,-6.148968119798125]}"
935_7_0,475.0,2025-07-24,US_Consulate_Jakarta_Pusat,"{""geodesic"":false,""type"":""Point"",""coordinates"":[106.84112831675529,-6.184900731162906]}"
936_0_0,486.0,2025-07-25,Bundaran_Hotel_Indonesia,"{""geodesic"":false,""type"":""Point"",""coordinates"":[106.82316201107291,-6.193883884004101]}"
936_1_0,459.0,2025-07-25,Jagakarsa,"{""geodesic"":false,""type"":""Point"",""coordinates"":[106.83214516391409,-6.15795127263932]}"
936_2_0,478.0,2025-07-25,Jalan_BDN_II,"{""geodesic"":false,""type"":""Point"",""coordinates"":[106.79621255254932,-6.283715412416053]}"
936_3_0,432.0,2025-07-25,Kebon_Jeruk,"{""geodesic"":false,""type"":""Point"",""coordinates"":[106.76926309402573,-6.202867036845296]}"
936_4_0,524.0,2025-07-25,Kelapa_Gading,"{""geodesic"":false,""type"":""Point"",""coordinates"":[106.90401038664366,-6.15795127263932]}"
936_5_0,498.5,2025-07-25,Komp_Angkasa_Pura_Jakarta_Pusat,"{""geodesic"":false,""type"":""Point"",""coordinates"":[106.84112831675529,-6.148968119798125]}"
936_6_0,482.5,2025-07-25,Lubang_Buaya,"{""geodesic"":false,""type"":""Point"",""coordinates"":[106.89502723380247,-6.301681718098443]}"
936_7_0,553.0,2025-07-25,US_Consulate_Jakarta_Pusat,"{""geodesic"":false,""type"":""Point"",""coordinates"":[106.84112831675529,-6.184900731162906]}"
937_2_0,536.0,2025-07-26,Jalan_BDN_II,"{""geodesic"":false,""type"":""Point"",""coordinates"":[106.79621255254932,-6.283715412416053]}"
937_3_0,416.0,2025-07-26,Kebon_Jeruk,"{""geodesic"":false,""type"":""Point"",""coordinates"":[106.76926309402573,-6.202867036845296]}"
937_4_0,454.0,2025-07-26,Kelapa_Gading,"{""geodesic"":false,""type"":""Point"",""coordinates"":[106.90401038664366,-6.15795127263932]}"
937_5_0,482.0,2025-07-26,Komp_Angkasa_Pura_Jakarta_Pusat,"{""geodesic"":false,""type"":""Point"",""coordinates"":[106.84112831675529,-6.148968119798125]}"
937_6_0,680.0,2025-07-26,Lubang_Buaya,"{""geodesic"":false,""type"":""Point"",""coordinates"":[106.89502723380247,-6.301681718098443]}"
940_2_0,360.0,2025-07-29,Jalan_BDN_II,"{""geodesic"":false,""type"":""Point"",""coordinates"":[106.79621255254932,-6.283715412416053]}"
940_3_0,374.0,2025-07-29,Kebon_Jeruk,"{""geodesic"":false,""type"":""Point"",""coordinates"":[106.76926309402573,-6.202867036845296]}"
940_6_0,503.0,2025-07-29,Lubang_Buaya,"{""geodesic"":false,""type"":""Point"",""coordinates"":[106.89502723380247,-6.301681718098443]}"
941_0_0,341.0,2025-07-30,Bundaran_Hotel_Indonesia,"{""geodesic"":false,""type"":""Point"",""coordinates"":[106.82316201107291,-6.193883884004101]}"
941_1_0,382.0,2025-07-30,Jagakarsa,"{""geodesic"":false,""type"":""Point"",""coordinates"":[106.83214516391409,-6.15795127263932]}"
941_2_0,314.0,2025-07-30,Jalan_BDN_II,"{""geodesic"":false,""type"":""Point"",""coordinates"":[106.79621255254932,-6.283715412416053]}"
941_3_0,309.0,2025-07-30,Kebon_Jeruk,"{""geodesic"":false,""type"":""Point"",""coordinates"":[106.76926309402573,-6.202867036845296]}"
941_4_0,385.0,2025-07-30,Kelapa_Gading,"{""geodesic"":false,""type"":""Point"",""coordinates"":[106.90401038664366,-6.15795127263932]}"
941_5_0,477.5,2025-07-30,Komp_Angkasa_Pura_Jakarta_Pusat,"{""geodesic"":false,""type"":""Point"",""coordinates"":[106.84112831675529,-6.148968119798125]}"
941_6_0,294.0,2025-07-30,Lubang_Buaya,"{""geodesic"":false,""type"":""Point"",""coordinates"":[106.89502723380247,-6.301681718098443]}"
941_7_0,384.0,2025-07-30,US_Consulate_Jakarta_Pusat,"{""geodesic"":false,""type"":""Point"",""coordinates"":[106.84112831675529,-6.184900731162906]}"
942_2_0,459.0,2025-07-31,Jalan_BDN_II,"{""geodesic"":false,""type"":""Point"",""coordinates"":[106.79621255254932,-6.283715412416053]}"
942_3_0,384.0,2025-07-31,Kebon_Jeruk,"{""geodesic"":false,""type"":""Point"",""coordinates"":[106.76926309402573,-6.202867036845296]}"
942_4_0,439.0,2025-07-31,Kelapa_Gading,"{""geodesic"":false,""type"":""Point"",""coordinates"":[106.90401038664366,-6.15795127263932]}"
942_6_0,517.0,2025-07-31,Lubang_Buaya,"{""geodesic"":false,""type"":""Point"",""coordinates"":[106.89502723380247,-6.301681718098443]}"
943_0_0,379.0,2025-08-01,Bundaran_Hotel_Indonesia,"{""geodesic"":false,""type"":""Point"",""coordinates"":[106.82316201107291,-6.193883884004101]}"
943_1_0,346.0,2025-08-01,Jagakarsa,"{""geodesic"":false,""type"":""Point"",""coordinates"":[106.83214516391409,-6.15795127263932]}"
943_3_0,474.0,2025-08-01,Kebon_Jeruk,"{""geodesic"":false,""type"":""Point"",""coordinates"":[106.76926309402573,-6.202867036845296]}"
943_5_0,305.0,2025-08-01,Komp_Angkasa_Pura_Jakarta_Pusat,"{""geodesic"":false,""type"":""Point"",""coordinates"":[106.84112831675529,-6.148968119798125]}"
943_7_0,309.0,2025-08-01,US_Consulate_Jakarta_Pusat,"{""geodesic"":false,""type"":""Point"",""coordinates"":[106.84112831675529,-6.184900731162906]}"
944_0_0,188.0,2025-08-02,Bundaran_Hotel_Indonesia,"{""geodesic"":false,""type"":""Point"",""coordinates"":[106.82316201107291,-6.193883884004101]}"
944_1_0,318.0,2025-08-02,Jagakarsa,"{""geodesic"":false,""type"":""Point"",""coordinates"":[106.83214516391409,-6.15795127263932]}"
944_2_0,290.0,2025-08-02,Jalan_BDN_II,"{""geodesic"":false,""type"":""Point"",""coordinates"":[106.79621255254932,-6.283715412416053]}"
944_3_0,84.0,2025-08-02,Kebon_Jeruk,"{""geodesic"":false,""type"":""Point"",""coordinates"":[106.76926309402573,-6.202867036845296]}"
944_4_0,158.0,2025-08-02,Kelapa_Gading,"{""geodesic"":false,""type"":""Point"",""coordinates"":[106.90401038664366,-6.15795127263932]}"
944_5_0,263.0,2025-08-02,Komp_Angkasa_Pura_Jakarta_Pusat,"{""geodesic"":false,""type"":""Point"",""coordinates"":[106.84112831675529,-6.148968119798125]}"
944_6_0,322.0,2025-08-02,Lubang_Buaya,"{""geodesic"":false,""type"":""Point"",""coordinates"":[106.89502723380247,-6.301681718098443]}"
944_7_0,214.0,2025-08-02,US_Consulate_Jakarta_Pusat,"{""geodesic"":false,""type"":""Point"",""coordinates"":[106.84112831675529,-6.184900731162906]}"
945_0_0,330.0,2025-08-03,Bundaran_Hotel_Indonesia,"{""geodesic"":false,""type"":""Point"",""coordinates"":[106.82316201107291,-6.193883884004101]}"
945_1_0,386.0,2025-08-03,Jagakarsa,"{""geodesic"":false,""type"":""Point"",""coordinates"":[106.83214516391409,-6.15795127263932]}"
945_2_0,419.0,2025-08-03,Jalan_BDN_II,"{""geodesic"":false,""type"":""Point"",""coordinates"":[106.79621255254932,-6.283715412416053]}"
945_3_0,424.0,2025-08-03,Kebon_Jeruk,"{""geodesic"":false,""type"":""Point"",""coordinates"":[106.76926309402573,-6.202867036845296]}"
945_4_0,347.0,2025-08-03,Kelapa_Gading,"{""geodesic"":false,""type"":""Point"",""coordinates"":[106.90401038664366,-6.15795127263932]}"
945_5_0,353.0,2025-08-03,Komp_Angkasa_Pura_Jakarta_Pusat,"{""geodesic"":false,""type"":""Point"",""coordinates"":[106.84112831675529,-6.148968119798125]}"
945_6_0,339.0,2025-08-03,Lubang_Buaya,"{""geodesic"":false,""type"":""Point"",""coordinates"":[106.89502723380247,-6.301681718098443]}"
945_7_0,339.0,2025-08-03,US_Consulate_Jakarta_Pusat,"{""geodesic"":false,""type"":""Point"",""coordinates"":[106.84112831675529,-6.184900731162906]}"
947_2_0,382.0,2025-08-05,Jalan_BDN_II,"{""geodesic"":false,""type"":""Point"",""coordinates"":[106.79621255254932,-6.283715412416053]}"
948_0_0,639.0,2025-08-06,Bundaran_Hotel_Indonesia,"{""geodesic"":false,""type"":""Point"",""coordinates"":[106.82316201107291,-6.193883884004101]}"
948_1_0,591.0,2025-08-06,Jagakarsa,"{""geodesic"":false,""type"":""Point"",""coordinates"":[106.83214516391409,-6.15795127263932]}"
948_4_0,196.0,2025-08-06,Kelapa_Gading,"{""geodesic"":false,""type"":""Point"",""coordinates"":[106.90401038664366,-6.15795127263932]}"
948_5_0,511.0,2025-08-06,Komp_Angkasa_Pura_Jakarta_Pusat,"{""geodesic"":false,""type"":""Point"",""coordinates"":[106.84112831675529,-6.148968119798125]}"
948_7_0,551.0,2025-08-06,US_Consulate_Jakarta_Pusat,"{""geodesic"":false,""type"":""Point"",""coordinates"":[106.84112831675529,-6.184900731162906]}"
951_5_0,867.0,2025-08-09,Komp_Angkasa_Pura_Jakarta_Pusat,"{""geodesic"":false,""type"":""Point"",""coordinates"":[106.84112831675529,-6.148968119798125]}"
952_0_0,664.0,2025-08-10,Bundaran_Hotel_Indonesia,"{""geodesic"":false,""type"":""Point"",""coordinates"":[106.82316201107291,-6.193883884004101]}"
952_1_0,793.0,2025-08-10,Jagakarsa,"{""geodesic"":false,""type"":""Point"",""coordinates"":[106.83214516391409,-6.15795127263932]}"
952_2_0,574.0,2025-08-10,Jalan_BDN_II,"{""geodesic"":false,""type"":""Point"",""coordinates"":[106.79621255254932,-6.283715412416053]}"
952_3_0,520.0,2025-08-10,Kebon_Jeruk,"{""geodesic"":false,""type"":""Point"",""coordinates"":[106.76926309402573,-6.202867036845296]}"
952_4_0,537.0,2025-08-10,Kelapa_Gading,"{""geodesic"":false,""type"":""Point"",""coordinates"":[106.90401038664366,-6.15795127263932]}"
952_5_0,542.0,2025-08-10,Komp_Angkasa_Pura_Jakarta_Pusat,"{""geodesic"":false,""type"":""Point"",""coordinates"":[106.84112831675529,-6.148968119798125]}"
952_6_0,682.0,2025-08-10,Lubang_Buaya,"{""geodesic"":false,""type"":""Point"",""coordinates"":[106.89502723380247,-6.301681718098443]}"
952_7_0,710.0,2025-08-10,US_Consulate_Jakarta_Pusat,"{""geodesic"":false,""type"":""Point"",""coordinates"":[106.84112831675529,-6.184900731162906]}"
955_4_0,415.0,2025-08-13,Kelapa_Gading,"{""geodesic"":false,""type"":""Point"",""coordinates"":[106.90401038664366,-6.15795127263932]}"
955_5_0,503.0,2025-08-13,Komp_Angkasa_Pura_Jakarta_Pusat,"{""geodesic"":false,""type"":""Point"",""coordinates"":[106.84112831675529,-6.148968119798125]}"
957_0_0,230.0,2025-08-15,Bundaran_Hotel_Indonesia,"{""geodesic"":false,""type"":""Point"",""coordinates"":[106.82316201107291,-6.193883884004101]}"
957_1_0,322.0,2025-08-15,Jagakarsa,"{""geodesic"":false,""type"":""Point"",""coordinates"":[106.83214516391409,-6.15795127263932]}"
957_2_0,257.0,2025-08-15,Jalan_BDN_II,"{""geodesic"":false,""type"":""Point"",""coordinates"":[106.79621255254932,-6.283715412416053]}"
957_3_0,171.0,2025-08-15,Kebon_Jeruk,"{""geodesic"":false,""type"":""Point"",""coordinates"":[106.76926309402573,-6.202867036845296]}"
957_4_0,182.0,2025-08-15,Kelapa_Gading,"{""geodesic"":false,""type"":""Point"",""coordinates"":[106.90401038664366,-6.15795127263932]}"
957_5_0,298.0,2025-08-15,Komp_Angkasa_Pura_Jakarta_Pusat,"{""geodesic"":false,""type"":""Point"",""coordinates"":[106.84112831675529,-6.148968119798125]}"
957_6_0,235.0,2025-08-15,Lubang_Buaya,"{""geodesic"":false,""type"":""Point"",""coordinates"":[106.89502723380247,-6.301681718098443]}"
957_7_0,220.0,2025-08-15,US_Consulate_Jakarta_Pusat,"{""geodesic"":false,""type"":""Point"",""coordinates"":[106.84112831675529,-6.184900731162906]}"
958_4_0,335.0,2025-08-16,Kelapa_Gading,"{""geodesic"":false,""type"":""Point"",""coordinates"":[106.90401038664366,-6.15795127263932]}"
958_7_0,453.0,2025-08-16,US_Consulate_Jakarta_Pusat,"{""geodesic"":false,""type"":""Point"",""coordinates"":[106.84112831675529,-6.184900731162906]}"
959_0_0,49.0,2025-08-17,Bundaran_Hotel_Indonesia,"{""geodesic"":false,""type"":""Point"",""coordinates"":[106.82316201107291,-6.193883884004101]}"
959_1_0,331.0,2025-08-17,Jagakarsa,"{""geodesic"":false,""type"":""Point"",""coordinates"":[106.83214516391409,-6.15795127263932]}"
959_2_0,315.5,2025-08-17,Jalan_BDN_II,"{""geodesic"":false,""type"":""Point"",""coordinates"":[106.79621255254932,-6.283715412416053]}"
959_3_0,214.0,2025-08-17,Kebon_Jeruk,"{""geodesic"":false,""type"":""Point"",""coordinates"":[106.76926309402573,-6.202867036845296]}"
959_4_0,192.0,2025-08-17,Kelapa_Gading,"{""geodesic"":false,""type"":""Point"",""coordinates"":[106.90401038664366,-6.15795127263932]}"
959_5_0,245.0,2025-08-17,Komp_Angkasa_Pura_Jakarta_Pusat,"{""geodesic"":false,""type"":""Point"",""coordinates"":[106.84112831675529,-6.148968119798125]}"
959_6_0,504.0,2025-08-17,Lubang_Buaya,"{""geodesic"":false,""type"":""Point"",""coordinates"":[106.89502723380247,-6.301681718098443]}"
959_7_0,250.5,2025-08-17,US_Consulate_Jakarta_Pusat,"{""geodesic"":false,""type"":""Point"",""coordinates"":[106.84112831675529,-6.184900731162906]}"
964_0_0,202.0,2025-08-22,Bundaran_Hotel_Indonesia,"{""geodesic"":false,""type"":""Point"",""coordinates"":[106.82316201107291,-6.193883884004101]}"
964_1_0,148.0,2025-08-22,Jagakarsa,"{""geodesic"":false,""type"":""Point"",""coordinates"":[106.83214516391409,-6.15795127263932]}"
964_2_0,511.0,2025-08-22,Jalan_BDN_II,"{""geodesic"":false,""type"":""Point"",""coordinates"":[106.79621255254932,-6.283715412416053]}"
964_3_0,247.5,2025-08-22,Kebon_Jeruk,"{""geodesic"":false,""type"":""Point"",""coordinates"":[106.76926309402573,-6.202867036845296]}"
964_4_0,91.0,2025-08-22,Kelapa_Gading,"{""geodesic"":false,""type"":""Point"",""coordinates"":[106.90401038664366,-6.15795127263932]}"
964_5_0,118.0,2025-08-22,Komp_Angkasa_Pura_Jakarta_Pusat,"{""geodesic"":false,""type"":""Point"",""coordinates"":[106.84112831675529,-6.148968119798125]}"
964_6_0,411.0,2025-08-22,Lubang_Buaya,"{""geodesic"":false,""type"":""Point"",""coordinates"":[106.89502723380247,-6.301681718098443]}"
964_7_0,126.0,2025-08-22,US_Consulate_Jakarta_Pusat,"{""geodesic"":false,""type"":""Point"",""coordinates"":[106.84112831675529,-6.184900731162906]}"
965_6_0,435.0,2025-08-23,Lubang_Buaya,"{""geodesic"":false,""type"":""Point"",""coordinates"":[106.89502723380247,-6.301681718098443]}"
966_2_0,477.0,2025-08-24,Jalan_BDN_II,"{""geodesic"":false,""type"":""Point"",""coordinates"":[106.79621255254932,-6.283715412416053]}"
967_2_0,1042.0,2025-08-25,Jalan_BDN_II,"{""geodesic"":false,""type"":""Point"",""coordinates"":[106.79621255254932,-6.283715412416053]}"
968_0_0,197.0,2025-08-26,Bundaran_Hotel_Indonesia,"{""geodesic"":false,""type"":""Point"",""coordinates"":[106.82316201107291,-6.193883884004101]}"
968_1_0,510.5,2025-08-26,Jagakarsa,"{""geodesic"":false,""type"":""Point"",""coordinates"":[106.83214516391409,-6.15795127263932]}"
968_2_0,83.0,2025-08-26,Jalan_BDN_II,"{""geodesic"":false,""type"":""Point"",""coordinates"":[106.79621255254932,-6.283715412416053]}"
968_3_0,715.0,2025-08-26,Kebon_Jeruk,"{""geodesic"":false,""type"":""Point"",""coordinates"":[106.76926309402573,-6.202867036845296]}"
968_4_0,319.0,2025-08-26,Kelapa_Gading,"{""geodesic"":false,""type"":""Point"",""coordinates"":[106.90401038664366,-6.15795127263932]}"
968_5_0,507.0,2025-08-26,Komp_Angkasa_Pura_Jakarta_Pusat,"{""geodesic"":false,""type"":""Point"",""coordinates"":[106.84112831675529,-6.148968119798125]}"
968_6_0,70.0,2025-08-26,Lubang_Buaya,"{""geodesic"":false,""type"":""Point"",""coordinates"":[106.89502723380247,-6.301681718098443]}"
968_7_0,518.5,2025-08-26,US_Consulate_Jakarta_Pusat,"{""geodesic"":false,""type"":""Point"",""coordinates"":[106.84112831675529,-6.184900731162906]}"
969_0_0,176.0,2025-08-27,Bundaran_Hotel_Indonesia,"{""geodesic"":false,""type"":""Point"",""coordinates"":[106.82316201107291,-6.193883884004101]}"
969_1_0,231.5,2025-08-27,Jagakarsa,"{""geodesic"":false,""type"":""Point"",""coordinates"":[106.83214516391409,-6.15795127263932]}"
969_2_0,245.5,2025-08-27,Jalan_BDN_II,"{""geodesic"":false,""type"":""Point"",""coordinates"":[106.79621255254932,-6.283715412416053]}"
969_3_0,156.5,2025-08-27,Kebon_Jeruk,"{""geodesic"":false,""type"":""Point"",""coordinates"":[106.76926309402573,-6.202867036845296]}"
969_4_0,183.0,2025-08-27,Kelapa_Gading,"{""geodesic"":false,""type"":""Point"",""coordinates"":[106.90401038664366,-6.15795127263932]}"
969_5_0,200.0,2025-08-27,Komp_Angkasa_Pura_Jakarta_Pusat,"{""geodesic"":false,""type"":""Point"",""coordinates"":[106.84112831675529,-6.148968119798125]}"
969_6_0,206.5,2025-08-27,Lubang_Buaya,"{""geodesic"":false,""type"":""Point"",""coordinates"":[106.89502723380247,-6.301681718098443]}"
969_7_0,134.5,2025-08-27,US_Consulate_Jakarta_Pusat,"{""geodesic"":false,""type"":""Point"",""coordinates"":[106.84112831675529,-6.184900731162906]}"
970_0_0,165.0,2025-08-28,Bundaran_Hotel_Indonesia,"{""geodesic"":false,""type"":""Point"",""coordinates"":[106.82316201107291,-6.193883884004101]}"
970_1_0,202.0,2025-08-28,Jagakarsa,"{""geodesic"":false,""type"":""Point"",""coordinates"":[106.83214516391409,-6.15795127263932]}"
970_2_0,146.0,2025-08-28,Jalan_BDN_II,"{""geodesic"":false,""type"":""Point"",""coordinates"":[106.79621255254932,-6.283715412416053]}"
970_3_0,157.0,2025-08-28,Kebon_Jeruk,"{""geodesic"":false,""type"":""Point"",""coordinates"":[106.76926309402573,-6.202867036845296]}"
970_4_0,182.0,2025-08-28,Kelapa_Gading,"{""geodesic"":false,""type"":""Point"",""coordinates"":[106.90401038664366,-6.15795127263932]}"
970_5_0,170.0,2025-08-28,Komp_Angkasa_Pura_Jakarta_Pusat,"{""geodesic"":false,""type"":""Point"",""coordinates"":[106.84112831675529,-6.148968119798125]}"
970_7_0,192.0,2025-08-28,US_Consulate_Jakarta_Pusat,"{""geodesic"":false,""type"":""Point"",""coordinates"":[106.84112831675529,-6.184900731162906]}"
971_0_0,136.0,2025-08-29,Bundaran_Hotel_Indonesia,"{""geodesic"":false,""type"":""Point"",""coordinates"":[106.82316201107291,-6.193883884004101]}"
971_1_0,189.0,2025-08-29,Jagakarsa,"{""geodesic"":false,""type"":""Point"",""coordinates"":[106.83214516391409,-6.15795127263932]}"
971_2_0,13.0,2025-08-29,Jalan_BDN_II,"{""geodesic"":false,""type"":""Point"",""coordinates"":[106.79621255254932,-6.283715412416053]}"
971_3_0,91.0,2025-08-29,Kebon_Jeruk,"{""geodesic"":false,""type"":""Point"",""coordinates"":[106.76926309402573,-6.202867036845296]}"
971_4_0,120.0,2025-08-29,Kelapa_Gading,"{""geodesic"":false,""type"":""Point"",""coordinates"":[106.90401038664366,-6.15795127263932]}"
971_5_0,95.0,2025-08-29,Komp_Angkasa_Pura_Jakarta_Pusat,"{""geodesic"":false,""type"":""Point"",""coordinates"":[106.84112831675529,-6.148968119798125]}"
971_6_0,37.0,2025-08-29,Lubang_Buaya,"{""geodesic"":false,""type"":""Point"",""coordinates"":[106.89502723380247,-6.301681718098443]}"
971_7_0,189.0,2025-08-29,US_Consulate_Jakarta_Pusat,"{""geodesic"":false,""type"":""Point"",""coordinates"":[106.84112831675529,-6.184900731162906]}"
972_4_0,136.0,2025-08-30,Kelapa_Gading,"{""geodesic"":false,""type"":""Point"",""coordinates"":[106.90401038664366,-6.15795127263932]}"
972_6_0,335.0,2025-08-30,Lubang_Buaya,"{""geodesic"":false,""type"":""Point"",""coordinates"":[106.89502723380247,-6.301681718098443]}"
974_0_0,233.0,2025-09-01,Bundaran_Hotel_Indonesia,"{""geodesic"":false,""type"":""Point"",""coordinates"":[106.82316201107291,-6.193883884004101]}"
974_1_0,287.0,2025-09-01,Jagakarsa,"{""geodesic"":false,""type"":""Point"",""coordinates"":[106.83214516391409,-6.15795127263932]}"
974_2_0,449.0,2025-09-01,Jalan_BDN_II,"{""geodesic"":false,""type"":""Point"",""coordinates"":[106.79621255254932,-6.283715412416053]}"
974_3_0,334.0,2025-09-01,Kebon_Jeruk,"{""geodesic"":false,""type"":""Point"",""coordinates"":[106.76926309402573,-6.202867036845296]}"
974_4_0,135.0,2025-09-01,Kelapa_Gading,"{""geodesic"":false,""type"":""Point"",""coordinates"":[106.90401038664366,-6.15795127263932]}"
974_5_0,169.0,2025-09-01,Komp_Angkasa_Pura_Jakarta_Pusat,"{""geodesic"":false,""type"":""Point"",""coordinates"":[106.84112831675529,-6.148968119798125]}"
974_6_0,382.0,2025-09-01,Lubang_Buaya,"{""geodesic"":false,""type"":""Point"",""coordinates"":[106.89502723380247,-6.301681718098443]}"
974_7_0,242.0,2025-09-01,US_Consulate_Jakarta_Pusat,"{""geodesic"":false,""type"":""Point"",""coordinates"":[106.84112831675529,-6.184900731162906]}"
975_3_0,521.0,2025-09-02,Kebon_Jeruk,"{""geodesic"":false,""type"":""Point"",""coordinates"":[106.76926309402573,-6.202867036845296]}"
976_0_0,150.0,2025-09-03,Bundaran_Hotel_Indonesia,"{""geodesic"":false,""type"":""Point"",""coordinates"":[106.82316201107291,-6.193883884004101]}"
976_1_0,307.0,2025-09-03,Jagakarsa,"{""geodesic"":false,""type"":""Point"",""coordinates"":[106.83214516391409,-6.15795127263932]}"
976_3_0,115.0,2025-09-03,Kebon_Jeruk,"{""geodesic"":false,""type"":""Point"",""coordinates"":[106.76926309402573,-6.202867036845296]}"
976_4_0,195.0,2025-09-03,Kelapa_Gading,"{""geodesic"":false,""type"":""Point"",""coordinates"":[106.90401038664366,-6.15795127263932]}"
976_5_0,203.0,2025-09-03,Komp_Angkasa_Pura_Jakarta_Pusat,"{""geodesic"":false,""type"":""Point"",""coordinates"":[106.84112831675529,-6.148968119798125]}"
976_7_0,271.0,2025-09-03,US_Consulate_Jakarta_Pusat,"{""geodesic"":false,""type"":""Point"",""coordinates"":[106.84112831675529,-6.184900731162906]}"
977_2_0,57.0,2025-09-04,Jalan_BDN_II,"{""geodesic"":false,""type"":""Point"",""coordinates"":[106.79621255254932,-6.283715412416053]}"
978_0_0,519.0,2025-09-05,Bundaran_Hotel_Indonesia,"{""geodesic"":false,""type"":""Point"",""coordinates"":[106.82316201107291,-6.193883884004101]}"
978_1_0,520.0,2025-09-05,Jagakarsa,"{""geodesic"":false,""type"":""Point"",""coordinates"":[106.83214516391409,-6.15795127263932]}"
978_2_0,451.0,2025-09-05,Jalan_BDN_II,"{""geodesic"":false,""type"":""Point"",""coordinates"":[106.79621255254932,-6.283715412416053]}"
978_3_0,600.0,2025-09-05,Kebon_Jeruk,"{""geodesic"":false,""type"":""Point"",""coordinates"":[106.76926309402573,-6.202867036845296]}"
978_4_0,431.0,2025-09-05,Kelapa_Gading,"{""geodesic"":false,""type"":""Point"",""coordinates"":[106.90401038664366,-6.15795127263932]}"
978_5_0,468.0,2025-09-05,Komp_Angkasa_Pura_Jakarta_Pusat,"{""geodesic"":false,""type"":""Point"",""coordinates"":[106.84112831675529,-6.148968119798125]}"
978_7_0,585.0,2025-09-05,US_Consulate_Jakarta_Pusat,"{""geodesic"":false,""type"":""Point"",""coordinates"":[106.84112831675529,-6.184900731162906]}"
981_2_0,370.0,2025-09-08,Jalan_BDN_II,"{""geodesic"":false,""type"":""Point"",""coordinates"":[106.79621255254932,-6.283715412416053]}"
983_0_0,305.0,2025-09-10,Bundaran_Hotel_Indonesia,"{""geodesic"":false,""type"":""Point"",""coordinates"":[106.82316201107291,-6.193883884004101]}"
983_1_0,365.0,2025-09-10,Jagakarsa,"{""geodesic"":false,""type"":""Point"",""coordinates"":[106.83214516391409,-6.15795127263932]}"
983_2_0,253.0,2025-09-10,Jalan_BDN_II,"{""geodesic"":false,""type"":""Point"",""coordinates"":[106.79621255254932,-6.283715412416053]}"
983_3_0,297.0,2025-09-10,Kebon_Jeruk,"{""geodesic"":false,""type"":""Point"",""coordinates"":[106.76926309402573,-6.202867036845296]}"
983_4_0,344.0,2025-09-10,Kelapa_Gading,"{""geodesic"":false,""type"":""Point"",""coordinates"":[106.90401038664366,-6.15795127263932]}"
983_5_0,346.0,2025-09-10,Komp_Angkasa_Pura_Jakarta_Pusat,"{""geodesic"":false,""type"":""Point"",""coordinates"":[106.84112831675529,-6.148968119798125]}"
983_6_0,259.0,2025-09-10,Lubang_Buaya,"{""geodesic"":false,""type"":""Point"",""coordinates"":[106.89502723380247,-6.301681718098443]}"
983_7_0,368.0,2025-09-10,US_Consulate_Jakarta_Pusat,"{""geodesic"":false,""type"":""Point"",""coordinates"":[106.84112831675529,-6.184900731162906]}"
986_0_0,512.0,2025-09-13,Bundaran_Hotel_Indonesia,"{""geodesic"":false,""type"":""Point"",""coordinates"":[106.82316201107291,-6.193883884004101]}"
986_1_0,523.0,2025-09-13,Jagakarsa,"{""geodesic"":false,""type"":""Point"",""coordinates"":[106.83214516391409,-6.15795127263932]}"
986_3_0,562.0,2025-09-13,Kebon_Jeruk,"{""geodesic"":false,""type"":""Point"",""coordinates"":[106.76926309402573,-6.202867036845296]}"
986_4_0,478.0,2025-09-13,Kelapa_Gading,"{""geodesic"":false,""type"":""Point"",""coordinates"":[106.90401038664366,-6.15795127263932]}"
986_5_0,498.0,2025-09-13,Komp_Angkasa_Pura_Jakarta_Pusat,"{""geodesic"":false,""type"":""Point"",""coordinates"":[106.84112831675529,-6.148968119798125]}"
986_7_0,492.0,2025-09-13,US_Consulate_Jakarta_Pusat,"{""geodesic"":false,""type"":""Point"",""coordinates"":[106.84112831675529,-6.184900731162906]}"
988_0_0,353.0,2025-09-15,Bundaran_Hotel_Indonesia,"{""geodesic"":false,""type"":""Point"",""coordinates"":[106.82316201107291,-6.193883884004101]}"
988_3_0,316.0,2025-09-15,Kebon_Jeruk,"{""geodesic"":false,""type"":""Point"",""coordinates"":[106.76926309402573,-6.202867036845296]}"
989_0_0,775.0,2025-09-16,Bundaran_Hotel_Indonesia,"{""geodesic"":false,""type"":""Point"",""coordinates"":[106.82316201107291,-6.193883884004101]}"
989_2_0,734.0,2025-09-16,Jalan_BDN_II,"{""geodesic"":false,""type"":""Point"",""coordinates"":[106.79621255254932,-6.283715412416053]}"
989_3_0,806.0,2025-09-16,Kebon_Jeruk,"{""geodesic"":false,""type"":""Point"",""coordinates"":[106.76926309402573,-6.202867036845296]}"
995_0_0,408.0,2025-09-22,Bundaran_Hotel_Indonesia,"{""geodesic"":false,""type"":""Point"",""coordinates"":[106.82316201107291,-6.193883884004101]}"
995_1_0,374.0,2025-09-22,Jagakarsa,"{""geodesic"":false,""type"":""Point"",""coordinates"":[106.83214516391409,-6.15795127263932]}"
995_3_0,597.0,2025-09-22,Kebon_Jeruk,"{""geodesic"":false,""type"":""Point"",""coordinates"":[106.76926309402573,-6.202867036845296]}"
995_4_0,314.0,2025-09-22,Kelapa_Gading,"{""geodesic"":false,""type"":""Point"",""coordinates"":[106.90401038664366,-6.15795127263932]}"
995_5_0,328.0,2025-09-22,Komp_Angkasa_Pura_Jakarta_Pusat,"{""geodesic"":false,""type"":""Point"",""coordinates"":[106.84112831675529,-6.148968119798125]}"
995_7_0,527.0,2025-09-22,US_Consulate_Jakarta_Pusat,"{""geodesic"":false,""type"":""Point"",""coordinates"":[106.84112831675529,-6.184900731162906]}"
997_0_0,331.5,2025-09-24,Bundaran_Hotel_Indonesia,"{""geodesic"":false,""type"":""Point"",""coordinates"":[106.82316201107291,-6.193883884004101]}"
997_1_0,370.5,2025-09-24,Jagakarsa,"{""geodesic"":false,""type"":""Point"",""coordinates"":[106.83214516391409,-6.15795127263932]}"
997_2_0,419.0,2025-09-24,Jalan_BDN_II,"{""geodesic"":false,""type"":""Point"",""coordinates"":[106.79621255254932,-6.283715412416053]}"
997_3_0,297.5,2025-09-24,Kebon_Jeruk,"{""geodesic"":false,""type"":""Point"",""coordinates"":[106.76926309402573,-6.202867036845296]}"
997_4_0,363.0,2025-09-24,Kelapa_Gading,"{""geodesic"":false,""type"":""Point"",""coordinates"":[106.90401038664366,-6.15795127263932]}"
997_5_0,365.0,2025-09-24,Komp_Angkasa_Pura_Jakarta_Pusat,"{""geodesic"":false,""type"":""Point"",""coordinates"":[106.84112831675529,-6.148968119798125]}"
997_6_0,526.0,2025-09-24,Lubang_Buaya,"{""geodesic"":false,""type"":""Point"",""coordinates"":[106.89502723380247,-6.301681718098443]}"
997_7_0,323.0,2025-09-24,US_Consulate_Jakarta_Pusat,"{""geodesic"":false,""type"":""Point"",""coordinates"":[106.84112831675529,-6.184900731162906]}"
999_0_0,447.0,2025-09-26,Bundaran_Hotel_Indonesia,"{""geodesic"":false,""type"":""Point"",""coordinates"":[106.82316201107291,-6.193883884004101]}"
999_1_0,447.0,2025-09-26,Jagakarsa,"{""geodesic"":false,""type"":""Point"",""coordinates"":[106.83214516391409,-6.15795127263932]}"
999_2_0,500.0,2025-09-26,Jalan_BDN_II,"{""geodesic"":false,""type"":""Point"",""coordinates"":[106.79621255254932,-6.283715412416053]}"
999_3_0,369.0,2025-09-26,Kebon_Jeruk,"{""geodesic"":false,""type"":""Point"",""coordinates"":[106.76926309402573,-6.202867036845296]}"
999_4_0,427.0,2025-09-26,Kelapa_Gading,"{""geodesic"":false,""type"":""Point"",""coordinates"":[106.90401038664366,-6.15795127263932]}"
999_5_0,408.0,2025-09-26,Komp_Angkasa_Pura_Jakarta_Pusat,"{""geodesic"":false,""type"":""Point"",""coordinates"":[106.84112831675529,-6.148968119798125]}"
999_6_0,468.0,2025-09-26,Lubang_Buaya,"{""geodesic"":false,""type"":""Point"",""coordinates"":[106.89502723380247,-6.301681718098443]}"
999_7_0,485.0,2025-09-26,US_Consulate_Jakarta_Pusat,"{""geodesic"":false,""type"":""Point"",""coordinates"":[106.84112831675529,-6.184900731162906]}"
1001_2_0,123.0,2025-09-28,Jalan_BDN_II,"{""geodesic"":false,""type"":""Point"",""coordinates"":[106.79621255254932,-6.283715412416053]}"
1001_4_0,153.0,2025-09-28,Kelapa_Gading,"{""geodesic"":false,""type"":""Point"",""coordinates"":[106.90401038664366,-6.15795127263932]}"
1001_6_0,310.0,2025-09-28,Lubang_Buaya,"{""geodesic"":false,""type"":""Point"",""coordinates"":[106.89502723380247,-6.301681718098443]}"
1004_0_0,470.0,2025-10-01,Bundaran_Hotel_Indonesia,"{""geodesic"":false,""type"":""Point"",""coordinates"":[106.82316201107291,-6.193883884004101]}"
1004_4_0,195.0,2025-10-01,Kelapa_Gading,"{""geodesic"":false,""type"":""Point"",""coordinates"":[106.90401038664366,-6.15795127263932]}"
1004_6_0,360.0,2025-10-01,Lubang_Buaya,"{""geodesic"":false,""type"":""Point"",""coordinates"":[106.89502723380247,-6.301681718098443]}"
1004_7_0,388.0,2025-10-01,US_Consulate_Jakarta_Pusat,"{""geodesic"":false,""type"":""Point"",""coordinates"":[106.84112831675529,-6.184900731162906]}"
1007_0_0,305.0,2025-10-04,Bundaran_Hotel_Indonesia,"{""geodesic"":false,""type"":""Point"",""coordinates"":[106.82316201107291,-6.193883884004101]}"
1007_3_0,287.0,2025-10-04,Kebon_Jeruk,"{""geodesic"":false,""type"":""Point"",""coordinates"":[106.76926309402573,-6.202867036845296]}"
1007_4_0,262.0,2025-10-04,Kelapa_Gading,"{""geodesic"":false,""type"":""Point"",""coordinates"":[106.90401038664366,-6.15795127263932]}"
1007_5_0,287.0,2025-10-04,Komp_Angkasa_Pura_Jakarta_Pusat,"{""geodesic"":false,""type"":""Point"",""coordinates"":[106.84112831675529,-6.148968119798125]}"
1007_7_0,322.0,2025-10-04,US_Consulate_Jakarta_Pusat,"{""geodesic"":false,""type"":""Point"",""coordinates"":[106.84112831675529,-6.184900731162906]}"
1008_0_0,485.0,2025-10-05,Bundaran_Hotel_Indonesia,"{""geodesic"":false,""type"":""Point"",""coordinates"":[106.82316201107291,-6.193883884004101]}"
1008_1_0,457.0,2025-10-05,Jagakarsa,"{""geodesic"":false,""type"":""Point"",""coordinates"":[106.83214516391409,-6.15795127263932]}"
1008_2_0,258.0,2025-10-05,Jalan_BDN_II,"{""geodesic"":false,""type"":""Point"",""coordinates"":[106.79621255254932,-6.283715412416053]}"
1008_3_0,362.0,2025-10-05,Kebon_Jeruk,"{""geodesic"":false,""type"":""Point"",""coordinates"":[106.76926309402573,-6.202867036845296]}"
1008_5_0,407.0,2025-10-05,Komp_Angkasa_Pura_Jakarta_Pusat,"{""geodesic"":false,""type"":""Point"",""coordinates"":[106.84112831675529,-6.148968119798125]}"
1008_6_0,406.0,2025-10-05,Lubang_Buaya,"{""geodesic"":false,""type"":""Point"",""coordinates"":[106.89502723380247,-6.301681718098443]}"
1008_7_0,569.0,2025-10-05,US_Consulate_Jakarta_Pusat,"{""geodesic"":false,""type"":""Point"",""coordinates"":[106.84112831675529,-6.184900731162906]}"
1009_1_0,390.0,2025-10-06,Jagakarsa,"{""geodesic"":false,""type"":""Point"",""coordinates"":[106.83214516391409,-6.15795127263932]}"
1009_2_0,369.0,2025-10-06,Jalan_BDN_II,"{""geodesic"":false,""type"":""Point"",""coordinates"":[106.79621255254932,-6.283715412416053]}"
1009_4_0,272.0,2025-10-06,Kelapa_Gading,"{""geodesic"":false,""type"":""Point"",""coordinates"":[106.90401038664366,-6.15795127263932]}"
1009_5_0,301.0,2025-10-06,Komp_Angkasa_Pura_Jakarta_Pusat,"{""geodesic"":false,""type"":""Point"",""coordinates"":[106.84112831675529,-6.148968119798125]}"
1009_6_0,357.0,2025-10-06,Lubang_Buaya,"{""geodesic"":false,""type"":""Point"",""coordinates"":[106.89502723380247,-6.301681718098443]}"
1009_7_0,409.0,2025-10-06,US_Consulate_Jakarta_Pusat,"{""geodesic"":false,""type"":""Point"",""coordinates"":[106.84112831675529,-6.184900731162906]}"
1011_0_0,241.0,2025-10-08,Bundaran_Hotel_Indonesia,"{""geodesic"":false,""type"":""Point"",""coordinates"":[106.82316201107291,-6.193883884004101]}"
1011_1_0,605.5,2025-10-08,Jagakarsa,"{""geodesic"":false,""type"":""Point"",""coordinates"":[106.83214516391409,-6.15795127263932]}"
1011_2_0,164.0,2025-10-08,Jalan_BDN_II,"{""geodesic"":false,""type"":""Point"",""coordinates"":[106.79621255254932,-6.283715412416053]}"
1011_3_0,125.0,2025-10-08,Kebon_Jeruk,"{""geodesic"":false,""type"":""Point"",""coordinates"":[106.76926309402573,-6.202867036845296]}"
1011_4_0,475.0,2025-10-08,Kelapa_Gading,"{""geodesic"":false,""type"":""Point"",""coordinates"":[106.90401038664366,-6.15795127263932]}"
1011_5_0,221.0,2025-10-08,Komp_Angkasa_Pura_Jakarta_Pusat,"{""geodesic"":false,""type"":""Point"",""coordinates"":[106.84112831675529,-6.148968119798125]}"
1011_6_0,309.0,2025-10-08,Lubang_Buaya,"{""geodesic"":false,""type"":""Point"",""coordinates"":[106.89502723380247,-6.301681718098443]}"
1011_7_0,345.0,2025-10-08,US_Consulate_Jakarta_Pusat,"{""geodesic"":false,""type"":""Point"",""coordinates"":[106.84112831675529,-6.184900731162906]}"
1012_0_0,671.5,2025-10-09,Bundaran_Hotel_Indonesia,"{""geodesic"":false,""type"":""Point"",""coordinates"":[106.82316201107291,-6.193883884004101]}"
1012_1_0,822.0,2025-10-09,Jagakarsa,"{""geodesic"":false,""type"":""Point"",""coordinates"":[106.83214516391409,-6.15795127263932]}"
1012_2_0,338.0,2025-10-09,Jalan_BDN_II,"{""geodesic"":false,""type"":""Point"",""coordinates"":[106.79621255254932,-6.283715412416053]}"
1012_3_0,999.0,2025-10-09,Kebon_Jeruk,"{""geodesic"":false,""type"":""Point"",""coordinates"":[106.76926309402573,-6.202867036845296]}"
1012_4_0,431.5,2025-10-09,Kelapa_Gading,"{""geodesic"":false,""type"":""Point"",""coordinates"":[106.90401038664366,-6.15795127263932]}"
1012_5_0,772.0,2025-10-09,Komp_Angkasa_Pura_Jakarta_Pusat,"{""geodesic"":false,""type"":""Point"",""coordinates"":[106.84112831675529,-6.148968119798125]}"
1012_6_0,276.0,2025-10-09,Lubang_Buaya,"{""geodesic"":false,""type"":""Point"",""coordinates"":[106.89502723380247,-6.301681718098443]}"
1012_7_0,900.0,2025-10-09,US_Consulate_Jakarta_Pusat,"{""geodesic"":false,""type"":""Point"",""coordinates"":[106.84112831675529,-6.184900731162906]}"
1013_0_0,75.0,2025-10-10,Bundaran_Hotel_Indonesia,"{""geodesic"":false,""type"":""Point"",""coordinates"":[106.82316201107291,-6.193883884004101]}"
1013_1_0,142.0,2025-10-10,Jagakarsa,"{""geodesic"":false,""type"":""Point"",""coordinates"":[106.83214516391409,-6.15795127263932]}"
1013_2_0,4.0,2025-10-10,Jalan_BDN_II,"{""geodesic"":false,""type"":""Point"",""coordinates"":[106.79621255254932,-6.283715412416053]}"
1013_3_0,87.0,2025-10-10,Kebon_Jeruk,"{""geodesic"":false,""type"":""Point"",""coordinates"":[106.76926309402573,-6.202867036845296]}"
1013_4_0,42.0,2025-10-10,Kelapa_Gading,"{""geodesic"":false,""type"":""Point"",""coordinates"":[106.90401038664366,-6.15795127263932]}"
1013_5_0,113.0,2025-10-10,Komp_Angkasa_Pura_Jakarta_Pusat,"{""geodesic"":false,""type"":""Point"",""coordinates"":[106.84112831675529,-6.148968119798125]}"
1013_6_0,52.0,2025-10-10,Lubang_Buaya,"{""geodesic"":false,""type"":""Point"",""coordinates"":[106.89502723380247,-6.301681718098443]}"
1013_7_0,129.0,2025-10-10,US_Consulate_Jakarta_Pusat,"{""geodesic"":false,""type"":""Point"",""coordinates"":[106.84112831675529,-6.184900731162906]}"
1014_4_0,299.0,2025-10-11,Kelapa_Gading,"{""geodesic"":false,""type"":""Point"",""coordinates"":[106.90401038664366,-6.15795127263932]}"
1017_0_0,177.0,2025-10-14,Bundaran_Hotel_Indonesia,"{""geodesic"":false,""type"":""Point"",""coordinates"":[106.82316201107291,-6.193883884004101]}"
1017_1_0,143.0,2025-10-14,Jagakarsa,"{""geodesic"":false,""type"":""Point"",""coordinates"":[106.83214516391409,-6.15795127263932]}"
1017_3_0,195.0,2025-10-14,Kebon_Jeruk,"{""geodesic"":false,""type"":""Point"",""coordinates"":[106.76926309402573,-6.202867036845296]}"
1017_4_0,105.0,2025-10-14,Kelapa_Gading,"{""geodesic"":false,""type"":""Point"",""coordinates"":[106.90401038664366,-6.15795127263932]}"
1017_5_0,87.0,2025-10-14,Komp_Angkasa_Pura_Jakarta_Pusat,"{""geodesic"":false,""type"":""Point"",""coordinates"":[106.84112831675529,-6.148968119798125]}"
1017_6_0,495.0,2025-10-14,Lubang_Buaya,"{""geodesic"":false,""type"":""Point"",""coordinates"":[106.89502723380247,-6.301681718098443]}"
1017_7_0,135.0,2025-10-14,US_Consulate_Jakarta_Pusat,"{""geodesic"":false,""type"":""Point"",""coordinates"":[106.84112831675529,-6.184900731162906]}"
1027_3_0,168.0,2025-10-24,Kebon_Jeruk,"{""geodesic"":false,""type"":""Point"",""coordinates"":[106.76926309402573,-6.202867036845296]}"
1027_5_0,109.0,2025-10-24,Komp_Angkasa_Pura_Jakarta_Pusat,"{""geodesic"":false,""type"":""Point"",""coordinates"":[106.84112831675529,-6.148968119798125]}"
1027_7_0,158.0,2025-10-24,US_Consulate_Jakarta_Pusat,"{""geodesic"":false,""type"":""Point"",""coordinates"":[106.84112831675529,-6.184900731162906]}"
1029_4_0,152.0,2025-10-26,Kelapa_Gading,"{""geodesic"":false,""type"":""Point"",""coordinates"":[106.90401038664366,-6.15795127263932]}"
1029_6_0,178.0,2025-10-26,Lubang_Buaya,"{""geodesic"":false,""type"":""Point"",""coordinates"":[106.89502723380247,-6.301681718098443]}"
