s5p_co,s5p_no2,s5p_o3,s5p_so2,viirs_VIIRS_NTL
0.513198332516729,2.4959553240788996,-0.2556376637638953,-1.4643232251092997,1.8093260326096514
-0.05395573295778151,-0.5953925728106878,0.7034305611085829,2.447411003950901,-0.24512894383431616
-0.3550794672181925,0.6299732895237997,-0.8794810323458769,0.33759123357362336,-0.6857052165269375
2.457900425254171,0.4974282759782269,0.5588862134844595,-0.30081463083203486,-0.25586927883067817
0.6423138731656866,-0.08189066886725736,0.4415478789241588,1.3614702214728382,0.6859837650201026
-0.4016871060438144,-0.8967683986100368,-0.6734372410053161,-1.022562033111484,-0.10846529519431537
0.20246251956917927,0.5900605446064152,-0.3160290971384758,-0.09430092967223838,-1.0202953759319975
0.7957829064423498,1.0693310417392536,0.1799090660411862,-0.04165695554931607,-0.019485604029523297
-0.9699563405453206,0.1482671590772323,-0.3247931093270105,0.026317507659398887,-0.2919376303841231
2.203079468006348,0.026248405829926543,1.3659591061668632,0.43359917914478674,2.223952319720836
-0.1688747091321206,-0.15981595509427163,-0.8255291477674995,0.2691379772529627,-0.1808551330062785
0.9231245161249758,-0.1554805639333683,0.45328441583032725,-0.1543742224707233,0.17111713787577765
-0.26210141866555825,-0.5392105193899907,-0.45500561772192133,-2.479603212643229,-0.39623146961792083
1.3679991022817326,-0.1320068712181075,0.2587710628855426,0.040142225344246774,-0.22167204412368421
-0.4723125490542425,-0.7019927944174112,0.2478073503970344,-0.2983991578504724,-0.1421995909466891
-0.5971248869110528,0.2700787593149949,-0.5089269957565019,0.020188140412019176,0.8134757112945186
0.6593347533967359,0.31425709470214314,0.18267540435465435,2.108725106493236,-0.4257890427365868
0.1932841436740535,-0.09773091519342572,0.2410349378234689,0.3944555400731944,0.6859837650201026
0.6159719486607684,-0.4055897271430802,0.5819545222652778,-0.3317309197411103,-0.07521486459153334
-0.5579015446870713,0.4396303445901935,-0.8032421695618145,0.28549116423626875,1.821490542915006
-0.394056610367401,2.4899965080194812,-0.766956514988516,-0.08217571250914023,1.4261399452876253
0.5044021680298463,-0.16383037814591617,0.451759683603759,1.6965428025060978,-0.1421995909466891
-0.14989860425960644,2.186852562377028,-0.02541124775528882,0.6852992261668025,0.5360574629156194
2.2651502022666192,0.1541533573204304,1.7259236871257797,-0.07481152629932593,1.4321877580695987
-1.0700829150334181,-0.05506955966020524,-1.1067329020610104,1.2123132636912377,2.3327049411969663
0.06762042157627335,-0.39000159923783856,-0.8530956430704314,-1.4240698335330646,1.6080899611315338
-0.7080851850550641,-0.5498599007365641,-0.01613560518595844,-0.6020096634744165,0.3585322885312632
-0.7028654001736969,-0.6358029623913061,-1.8215741120933373,0.18237514628308113,2.4950769772355574
1.2102241498512782,1.00883603988009,0.8150204608631066,0.7627524864623225,-0.4143155533929685
1.3257142227545278,0.06629450922355687,0.5594960960905174,-0.7151628818849249,0.6859837650201026
-0.2317835117024371,-0.5902907758810964,-0.0783565744929853,0.05152969530428339,-0.10846529519431537
-0.0945967712690695,0.25582349835443374,0.361016247591424,0.5000206373747724,1.0306054320885272
1.9082958793651348,2.759810569557141,-0.7692137234305952,1.147988456859152,1.0942131341549985
-0.19589229411018616,-0.9498193396632982,0.0219707534938333,-0.6260435160214118,-0.2562397851097021
1.585472099795192,-0.3410936462375248,0.31940947509812767,-0.30081463083203486,0.8869315906385469
0.05007683595418682,0.7291653389356512,0.20766609442614564,1.32986816722727,0.9397762190561528
0.682089800200866,-0.7773507919053319,1.8366507035777142,0.5862889385286427,0.3574428395627976
-0.575340986426053,-0.44359403965399263,0.20262133689231945,-0.39585008036246744,1.7317260338469023
-0.15493832356023254,-0.9511833156388348,-0.11007418049106898,0.29097676772000025,-0.7124301554492031
1.283956101854324,-0.05593966349855906,0.6913956560682852,-1.017063318706688,0.48610716400892645
0.6539872474195808,-0.9417794846707646,0.606879976749852,2.1053377872179055,0.6565626238164562
-0.6864480790862407,-0.6521028976240077,0.4456414548747501,-0.01737681369707945,-1.0215363880511559
-0.25911902942495985,-1.104601849005521,-0.23164003970478714,-0.3456624829322022,-0.24512894383431616
-0.6886134554640145,-0.5729580317371129,0.32232230896051434,2.281148271596479,-0.09547132566051501
0.5689015139772104,1.2008261458856286,0.44460671580634703,-1.285419262548255,0.0758823109208941
0.720721822241297,-0.2937124145301735,1.5298645074633763,-1.0233405602587549,0.29340159833499563
-0.7563156280022676,0.6748461003595422,-0.6837735885281607,-0.6740149704958847,0.854941650485928
0.19100310881613772,0.6739725707000511,-0.13179490832426077,-0.6570190940525855,0.9582349890095816
0.013422542067557117,-0.6996496871062653,0.24403350214995767,-0.10245180299415008,0.5121076427745987
-0.14194855827479602,-0.6805307768155713,0.10912068933966354,-0.20313526946599816,-0.360981876750568
-0.30717229390567347,0.9348610356221803,-0.8836694956934817,-0.23247423740280898,0.5251923997224379
1.1358616109343829,-1.05778743646403,0.9627028442628776,-0.7980949697235755,0.3585322885312632
2.872316832301902,0.017724850542462933,-0.7680450069858564,0.574478263690939,-0.05946822734642334
0.28073747210017624,-0.5366406173018237,0.9285614615673843,0.016015248695487826,1.0260436571260325
-0.3350254699904956,-0.38257912758252494,-0.8540165740342429,0.1221217931087421,-1.6462305813893074
-0.0624637402026569,-0.2647751245326126,-0.4538780529094122,-2.1592826177551783,-0.15788658603835867
-0.23099677351855274,-0.3451504228650792,-0.3648027626139807,-0.3289256183980216,-1.0215363880511559
-0.3120120037920136,-0.6937223129133643,-1.7215068425189368,0.30966010883245537,0.6983405506958884
-1.040979966191065,-0.6802498312393683,0.11585233811567558,-1.0260085168347401,0.5349850679365312
0.28036721400364767,0.6801381703032505,-0.8803552770800556,0.37119396461375287,-0.23345749445713995
-0.11817898895173881,0.7149792425850333,-0.8676159045761485,-1.2317480737799416,1.0008211412287258
0.9981606591368113,-0.12284084474569351,1.482205251854621,0.160617086721323,-0.4665127989981283
-1.131099795770792,-0.3383537366397924,0.36150267480701803,-0.11469053536065535,0.4805796650989397
1.241104959734646,1.579443529351413,-0.26565245116344754,0.015442414908131879,0.9582349890095816
1.7320196217953858,-0.08789512735818614,0.37744170285319445,-0.5970862665946355,-0.09282795730700956
1.328946520946092,0.571278278208257,0.45722386484973304,-0.5246301617574123,0.40536454971344493
-0.5097946329348694,1.7055227191015385,0.5228494093096672,0.5594412067793411,1.589947860353408
-1.5026841857295188,-0.49279724360415883,-1.2172180975103448,0.18591389711114711,0.4680708982825256
-0.5305348574371639,-0.2658028345663856,-1.1901890846090175,1.7235636785428778,-0.5059193853742229
0.19695968367295863,-0.1068708795276303,1.6947889184064533,-0.7411039564562764,0.8879340977003823
0.46529639879654566,-0.6420579267583262,-0.43904126913365804,1.651316370818983,0.4832680091695291
0.05285745915298836,-0.2322161640492875,0.26699049667732383,-0.036815647637342026,-0.24512894383431616
0.9097227313412479,0.32290767877036153,1.0164288871231948,0.32459673407582557,1.4321877580695987
-0.23545831115808533,-0.5656801320422032,-0.0767252788286053,-0.2306645415517153,-0.37696698226439446
0.9606001155485129,-0.13403332816179164,1.4507965493931891,-0.49496563122176984,0.5099434580834049
0.07692786038907433,1.258811196262288,-0.050506003516249336,0.0021843520317268734,0.3721291667483489
-0.4510356883353911,0.3073588697013825,0.008078346995074774,-0.48974388905800864,0.5360574629156194
-1.3899650191899753,-0.9073116650485546,0.482078881376013,-3.82585553091509,-0.47791355809293096
2.5556913813276823,0.4028208506744863,0.12591361858521977,-0.5358116594174777,-0.08440646327805817
0.3792979016693759,3.7065510121766176,-0.7106861678148627,-1.4240698335330646,-0.46946899101952805
1.3692572932146365,0.8652479167581995,-0.032519793104532575,0.26633125697003435,1.2681009601187025
0.7913052716719421,0.9590972636078934,0.27949589438807776,0.603740988635225,-0.24512894383431616
-0.3566018975644397,-0.2603751329822999,0.18313314436731154,0.25866972033012403,1.7317260338469023
1.388547433814646,-0.08381732090457437,0.49062818544835923,-0.7411039564562764,-0.25586927883067817
1.6049938841883582,0.21430694177028664,1.4457713018169356,-0.1793188754168089,1.4234698255782336
2.284365537604832,1.1222360974359062,1.1653252938865848,-0.17847933050350134,-0.4196061356073881
-0.783139820470441,-0.9132056197373395,-1.9468857363493932,0.11612071772734373,-0.6584093033524757
-0.34454530777341763,-0.014250236897193576,-0.1007580520571551,0.1794657671056692,0.4065574929899953
0.1360068093621297,-0.7037324747060435,0.27775841396163875,2.2247447432190244,-0.09547132566051501
-0.7941616803830949,-0.6037255934844565,-0.004113548567858885,-0.3524350977924068,-0.20670881370652533
-0.30038008989306375,-0.3751553605127747,-0.33292542016991106,-0.5873847288072853,-0.7878163123163953
-0.9817179142545879,1.0609053875774974,-0.46304488722442005,-0.36638960687216826,0.29085921634996087
-0.2768829781145988,-0.1168264811766354,0.5878840333262142,-0.14860407544363854,1.7317260338469023
1.0201062612067695,-0.1635971247969736,0.49849023793419056,-0.869467549593826,0.8672937546744337
0.792274340634435,0.23029884357176558,0.21506093283975056,2.193125104784627,0.44564690860286404
0.8270475992770937,0.9549621552283694,1.2559042052759422,0.4951359049142039,-0.233763797482037
0.082059153898858,-0.6005103592825088,1.6365747219345186,0.12419551936657239,-0.05851509351967423
2.0666707158208486,0.018415597702977005,0.8770831546087309,-0.6551366937602414,0.6067298636796883
-0.6208728421466201,0.4225558117981758,-0.7417913532473773,-0.5595164344568161,-0.969524723235771
0.8059046259612395,0.7034007092922556,-0.13580570367653053,1.9491965663909463,0.39774823618733396
-0.645987543790384,0.978614456065604,-1.6356679630391768,-1.5806108007739788,-0.28251981554438527
-0.7893351589592462,0.019152196553911417,1.2369767963590605,0.3405611710302526,0.6067298636796883
1.7612954216520167,-0.1610494695071081,0.9142235906410717,-0.45127953710738405,-0.3002725168983926
0.5252852686289704,-0.5194765522512403,-0.3995727481259572,-0.6215692429677958,-0.2562397851097021
1.7027966844442004,1.2751125318871055,1.4787133899637002,-0.7726120091204132,-0.9929330859557429
1.2281577379729354,1.0653269157820824,0.6058871874998185,-0.03999565654255098,0.9582349890095816
1.108842461355173,0.27252321065856827,-0.7674401585790311,0.47565614493382985,-0.39623146961792083
0.4593242824069265,-0.408215438092457,0.44902294996125924,1.0576684546477444,-0.27510350371285797
-0.933242059371825,1.4803088533274782,-0.16977938212744356,-0.26712522012871903,0.3891493825389971
0.4851613839108404,-0.4253115429229435,0.6590714256255027,2.415601453273984,-0.9905385052119792
-0.36187536140618337,0.07662590399524224,-1.5910397246281145,-0.08794065331867519,-0.362164788268661
0.2670858568616113,-0.5447387075069332,-1.049916071306695,0.0952060709267633,2.4950769772355574
1.3092425036569673,-0.09120577264040222,0.4317391564089896,0.3158509000594989,0.4423792304813643
0.057093996980854295,0.022372123865703916,-0.5628428410455774,-0.4606719951418389,-0.39134951436466303
-0.38688817594252917,0.005827147564899587,-0.3486174044041969,0.20528486076631028,0.3341378942946088
-1.006438018979254,-0.7928743860624552,-1.9452508276898348,0.053406346285841,0.06112074554691287
0.5877062587220164,-0.14113292006723116,0.47085062940576367,0.14725624167466728,0.5295946697254613
0.19184285204355978,-0.2211044752933917,0.24609039122925766,-0.5842749689439986,-0.2562397851097021
-1.2573282867762308,-0.7756681207388092,-0.20601052472543688,0.15519826125893688,-0.37696698226439446
-0.14561657793878074,-0.26861863007977116,1.5441422151888877,3.866834415851577,0.3585322885312632
0.06592903969879996,0.45390989888554567,-0.3370732689611699,-0.4867617318357697,-0.32508122275933465
1.0761359053013604,2.1468922767803136,2.407832653622011,-2.014452909984512,-0.23955646920724571
0.18648230822818912,-0.029222593386880883,0.2566668175591604,0.3585907817891781,-0.0673539786643722
0.5794682153876457,0.25973136054710094,0.15487851757147564,-0.4852712899939825,0.6565626238164562
-0.476931744036863,-0.44390001590353223,-1.0876894203635712,0.4240920434272148,-0.6741436149048691
1.2091409465881067,-0.08646019719298033,-0.20627549470344436,-0.9410291346182438,0.21884473350027572
0.5946075571277316,-0.5827932591603417,0.29067716078442857,-0.20294284402547513,-0.3632433694987979
-0.028842704513728012,0.3553791543731211,-0.24457125481073244,0.047602999116774465,0.6552966158991417
0.4443994925154052,0.41190659734182256,-0.3656708606892316,-0.0826519374530867,-0.15786065255767195
-0.7562927375264676,-0.729590870093423,0.2660110267531909,1.3313682028888827,-0.6961997734410951
1.137905131298684,0.7759669466006135,1.1667502045123845,0.6237599300532941,0.6205563019694724
0.1813572623426782,-0.004231485988063959,-0.5103859852311976,0.05973265311313495,0.5173896979943297
0.1030690749252364,3.2940869833137434,-0.6316342514053889,-0.30355748926694015,0.495688663707493
-0.2326658993459391,-0.6510067530275153,0.03917813625292951,2.0908011618455946,-0.6961997734410951
-0.568076178898905,-0.6907998916911139,0.15223324792113205,-0.2150228246188368,-0.0990625279922635
0.9601457649011194,-0.5814027136706358,0.9815990200423583,0.39582758531410195,0.41373369854711745
0.8591119143760843,0.9932331906870101,-0.467071169688603,-0.746592025079189,-0.8133073449484098
0.10855015795973295,0.83392409942865,0.16692861163370787,0.6376439782336369,0.6385964132032822
0.551038806449885,0.15576691776559104,-0.5678944860970793,0.2895368900777092,-0.5059193853742229
-0.9430478052683795,-0.07345807144485192,0.9032179228566513,-1.70584357456671,-0.2502036760459292
2.7059309671992646,1.0680737681496992,1.7124929492031002,-0.3521667418485652,0.886871400087803
-0.5578234953810705,-0.9050401665046957,0.041579750287593045,0.20723660292219886,-0.360981876750568
-0.408216999062033,1.439908384142131,0.05951993667242308,0.7326649340353683,-0.9169070700949477
1.5422807007204467,3.213593030188519,0.023053912231992834,-1.589555998902031,-0.21253776695815504
0.14853914069396754,0.6349137809492948,-0.6973379576785993,-1.4643232251092997,-0.4170300140305663
-0.22893502855090792,0.12531441700925708,0.5072982136615746,-0.7621251720571991,-0.1798728566573323
-0.1065330346331201,-0.24215964542493193,-1.3965268907233632,2.792981544205345,-0.5177342888973387
0.6755396970105688,1.6166446944707529,-0.17016954573876272,0.3386050359181908,-0.6514256947024081
0.27970623486396046,1.7250654307902527,0.1398404313792816,-0.46933452604824877,-0.36900126446135456
0.5122508666662532,-0.36164427803592736,-0.5831099721083628,0.274236774571654,-0.308930426034988
0.7620286832024595,1.0348470699632975,0.6115913776388643,1.4887403186416015,-0.1798728566573323
-0.5063589987403573,-0.27964667642484875,0.42431343029366825,0.8217428994859799,0.5349850679365312
0.24487433973079809,-0.48794572985873735,0.841112961354037,-0.0030961502289161293,0.2368799960508311
-0.1018953700552655,0.5699500696254213,-0.2627910999667266,0.658309393537879,-0.9050002923839601
3.2058889408569335,-0.48394064949328375,0.5990535103681298,2.32078300346311,0.34214875501070663
0.2187207398206958,0.5770706111402258,-0.38051315874612124,0.3133687628509793,4.0697340133583735
-0.0697411552636692,0.13864651751679796,1.6198969514202022,-0.8355840202599298,-0.152854154408241
0.36067548029837976,-0.4042099978379996,1.157375568435111,-0.5756177910873101,0.6067298636796883
-0.9197983515186473,0.6575362416260779,-1.315334367010263,-0.09449973421568546,-0.7601502272548583
2.1563365655998323,1.169048979786848,1.4340438018523403,-0.16710829403709584,-0.9981280320728694
-0.15067206555176552,0.663079906477111,-0.8438106282289316,-2.273863655698027,0.0976393558591175
0.2792246062405201,0.06683784685672821,0.4401545462829139,-0.3617828298362214,0.9673421537290909
0.24965267752773118,-0.3476225065413047,-0.3093686723280453,0.2281096641513952,0.5502410318064843
-1.131099795770792,-0.3383537366397924,0.36150267480701803,0.5194583906080388,0.5683948363028105
-0.7616978768799075,-0.24496186670137166,-1.3983380543181494,-0.5850102491217649,0.8509065428424427
1.0460839642775546,-0.02656409564694949,0.6648545538310129,-1.6163915932861876,0.3721291667483489
0.271470201593131,-0.3608746806693749,-0.34689128635922883,0.051659656478822556,-0.47972077937901825
-0.06776092615678464,-0.42770643091665855,-0.4165694482534524,-0.6718090250772816,-1.0043011582375723
-0.8018033782526315,0.7169226675328846,-0.6462086420082064,-0.19595585483536235,0.7859024199987118
-0.2471559779670624,0.12638908064943136,-0.14862904223106146,-1.1467686915634454,-0.44179253980758504
-0.26968110130502065,-0.2885875338060122,-1.8590716944897139,0.32505958612907765,0.7259890801801252
-0.5382039417933215,0.8388932216560554,-0.35844253159280415,-0.17988731641443942,-0.16120007585681323
-0.9048568796277081,0.9454757583520009,-0.40398084580663723,0.06111711019480024,-1.0215363880511559
1.0521239455165696,1.114647292798101,-0.6429210178393745,-1.0304811158987661,-0.2943276968365811
-0.5719040974476362,-0.21492022933145943,-0.1319836305066407,-0.6979565327072601,1.4888150282095138
-0.09723306687658959,0.09893238700576582,-0.03498411051294097,0.1874070326949083,-1.1044606590171444
-0.3103272011614109,-0.3566195367127444,-1.5831997056452547,0.31302416253326204,-0.8769986450020254
-0.24649577682974574,-0.45721389587346317,-0.14022726150863685,0.9863637672581156,-0.22311225136746643
0.8042510762765561,0.8027127963999987,0.7630388145092809,-0.24831772497979637,-0.5866576525743729
-0.49231762990430333,2.193324812254741,-0.08084599848429702,0.14009850858741166,0.5099434580834049
-0.23178344255880506,-0.5902907758810964,-0.0783565744929853,0.05152981144422138,1.0260436571260325
-0.4896988243764833,1.3850713579241725,-0.30851608195348856,0.2705574967814647,0.6263513144383213
1.0829592602909823,0.48645594841788775,0.5945714350330851,1.385726911392411,-0.029129007597238046
-1.061093622690602,-0.5493116598435392,-1.7651774558217592,0.6510655149760047,-0.5255871494177338
0.11501711171885379,0.87599882573655,-0.7563230091034985,0.15003846066983176,0.6107452421982074
1.4850078859629459,2.3266204157571035,0.3403726783017919,-0.18674804874198206,-0.24532957900346267
0.32700451395211794,2.7693998444266015,0.28251896365518675,0.032890303772669355,-0.05622273948012366
-0.3740270989191769,0.8015507985214819,-1.4155034572899523,-0.5121068843781392,-0.9400357908062361
-0.16523341774297748,-0.5204231551579911,-0.14412948631302433,-0.5605300986076204,-0.2562397851097021
-0.4621872029480466,-0.39094549622402885,1.080628983892936,0.5719195337083537,-0.6970683565275249
-0.4189237635464875,0.07382645013423644,-1.6302420145756376,1.577970492483031,0.5337337732649541
1.4072815591357453,-0.2530639070877972,1.0122236033404182,0.6902963019431538,-0.9905385052119792
-0.5370742126139025,-0.19737886588041875,-0.3449090174875387,-0.6382341779836758,-1.0695248093955445
0.5595919348246925,-0.009257608820006761,1.102051756329285,-0.11391588542075132,0.23608849030854806
0.6917513326132932,1.0118597372832319,-0.27102313018504876,-0.31354941133019837,-0.3897365748006993
-0.041168847277438754,1.3851282801820033,-0.3525530925763397,-0.4320473611320717,0.147718897253936
0.9571242601712906,3.4404421658124016,0.4379498514356921,-0.007807068974199259,-0.08586039947047364
-0.6893745580566482,0.7355510707279487,-0.35256135764003443,-0.15150326806983921,-0.3917950916361426
-0.6849467747948044,-0.6498266967815561,-1.3467704333032988,0.06245724459816851,-0.5255871494177338
0.3647557183736272,1.2061134488820067,0.8170628900930376,1.510666817119641,2.0718882498890974
-0.8895631760843936,-0.909885974620543,0.15021427829333597,-0.3524350977924068,-0.20670881370652533
0.30607425960182727,0.1603911825402695,1.2889163061756699,-0.6614916931166115,-0.6954012454678918
-0.11368414496404636,-0.25426284829082046,0.16228834227604758,0.48787370216567605,0.6214467877285345
2.026023740049843,0.3536740920362692,1.4147046836462582,-0.6322069552485271,-0.2562397851097021
-0.38992642345974937,-0.8260860110893029,-1.908259897360519,0.5654858741334156,0.36428617079043696
-1.2921845428317005,-0.7676910431535027,-0.18900930576053585,-0.4847216754283541,-0.152854154408241
0.09189622611227637,0.6767952952387847,-0.06648440999395465,-0.10315162645390322,2.838729910828953
1.158002524601709,0.481419417878637,-0.22604007422407446,0.6447224220797898,-0.749841759460084
-0.11372042942946134,-0.28405181219284187,-1.390703042933482,-0.23597596663971737,0.36428617079043696
0.24810089507388317,0.27651968130671806,-0.315622006670237,-0.644992658133431,0.4065574929899953
0.15663339546470956,0.35933375269812107,-0.6972690710191608,-1.0093365026040513,-0.9857486749405545
-0.9617042053194689,-0.5255259709377179,-1.5210866963141223,0.3819057756951248,-0.18819269553391546
0.22840855201054017,0.07642856669220366,-0.37557359250639777,0.5415920376604477,0.7841846485588689
-0.2701801245124728,0.18745683410004488,-0.5572467885019595,-0.3287787337384685,0.22328027550218252
-1.554110299266344,-0.5136975807803283,0.10463892443218613,-0.14768506358231429,0.6214467877285345
0.14450003377192477,0.555405694777231,-0.5374042828998182,-3.038678095646493,-0.28251981554438527
0.9010379200761809,0.02285477997929967,0.13939091734020614,-0.8202689598895387,-0.9683347126304562
0.16423522565824442,0.40321925034224193,0.1624807435853926,0.3008816575845097,-0.7333495485562398
0.3348242450855158,-0.1342678909325984,-0.30537036610383106,-0.15044009323784757,0.8672937546744337
-0.5135732600436589,1.3436084140910938,-0.9796502883982,0.08637473876731445,-0.5283545771841615
0.8204189918595783,-0.2995127131169837,0.6498419903067988,1.9038055374359715,-0.34465836658478105
-1.0135333163760984,0.3099674973603966,-0.9816562927372419,-1.1244056962433147,-0.721612892749091
-0.2243956834318982,0.3015661482797307,-0.42790024990121533,-0.5183685230677757,-0.9582890769072638
-0.936216346191602,-0.5571803816727919,1.3412163797078651,7.2261122697484135,-0.23346016959272858
-1.0814703744584526,-0.16299111505283362,-0.8265977694660789,0.17359029207097681,-0.2984460680752621
-0.42967114875237156,-0.12825948497875295,0.8118693024859918,-0.29624481607792436,1.7317260338469023
-0.9698768247124674,-0.48147970314574373,-0.08203111485713033,-0.698834590783265,-1.0043011582375723
-1.0387103382066707,-0.15369380734015453,-0.40249429649653795,0.15637964160703363,0.13182641830986522
-0.24981551855255593,-0.4051865831614171,1.1492684683181669,-0.6328670591068444,-0.2562397851097021
-0.19497435969034252,1.1896119868246398,-0.6245300990020252,0.053788227860883484,-0.6857052165269375
0.15951869912246047,0.7545845694237456,-0.5428396211084533,0.02281966185940033,-0.5153218181843261
-0.507493684231912,-0.033261611636827955,-0.9530921291621625,0.10232488085978485,-0.5055744600792651
-1.6216445990412962,-0.38613606930971167,0.6927011098742872,0.26163785413172674,0.6067298636796883
-0.35855600862978554,0.95915738760784,-0.44658885064040715,-0.6167657024763504,0.7953723999824277
-0.8412709379604427,0.14682827445246768,-0.1446658766211617,-0.19143564659324813,0.36540320709466023
2.079662989388721,-0.4964707947617292,1.1674241172907562,0.43359917914478674,-0.47923708142540083
1.3549390474263256,0.09068438328072696,1.437329941939494,0.07707147586043696,-0.233763797482037
0.4747527607643113,0.19176954883283584,1.5756524127134206,0.23152409478241,0.5033355387875642
-1.5214747634709942,-0.4052395809304533,0.49022156179954485,-1.2764740644202028,0.5349850679365312
0.7019267136078422,-0.1613548990039923,0.05641813703352281,-1.9205283296399636,1.0346659535201044
-0.764002912942713,-0.047682519748180455,1.3871178043550643,0.6280739058582033,-0.6970683565275249
-0.40097106646944514,-0.18337174231632575,0.7544492062246986,0.09511435284669055,0.3650841971757172
-1.2518700974114418,-0.3622330599927864,-1.8984506780466879,0.189640630415945,0.499973227744617
-0.5494716967450617,1.9177959424823028,0.1596906498336121,-0.6919053667519891,-0.11107819039033197
0.5957434292304084,0.7333150319565146,0.5580313511033682,-0.29216387830799073,-0.15692236685463534
-0.4326495063759028,-0.7389355188487917,0.3960913426719868,2.258022256487205,-0.09547132566051501
0.6078478179829315,-0.14514419045864219,-0.5458081551172566,1.923092964589301,-0.15870768546809083
-0.38538588405329544,0.03811059798780664,-0.879351756443363,0.13151513606637166,2.838729910828953
-0.728594336428708,-0.5707194558757537,0.11171221759335799,-0.37519442628074634,-0.1289488083963812
3.030509955990004,0.7339755458852847,1.7695153459551585,-0.6784875695599107,1.0986765978846114
-0.13732482530882123,0.5682176773186873,-0.9128413556234815,0.39847612029507257,0.22872350764112803
0.39147538119109954,1.0242306541420805,0.47173056651076123,-0.429363801693656,1.1665247242509944
-1.1269188721879377,-0.378224065726409,-1.0678601850119185,0.5697655221690805,0.36428617079043696
-0.07108290447318574,-0.6913101559889673,1.093448760979681,-0.21786418013727457,-0.709860520520359
0.18687765073254137,-0.5400441927560267,0.2298056069373349,0.4520912729772826,0.618669662595598
-1.251299216409578,-0.29349377655455955,0.2850625207034588,0.3561256178409959,-0.06414515352582244
0.31179127633488485,-0.09430976858172495,0.0024610747078542467,-0.6328670591068444,-0.2562397851097021
-0.2937335120368936,-0.8355044467758039,0.16894806718467067,-0.22804209914630952,-0.37696698226439446
1.2732111340047054,1.5902697427903913,0.17894433655434158,0.5364915991415781,2.6755085192409753
-0.9022439010416708,0.5222623421030308,-1.029967081734409,0.00716448521277195,-0.207182814293634
0.2695067100095095,0.7099845711695985,0.6368091269239687,3.122431956975788,0.4620368589042754
1.115403299391984,-0.49853820655400966,-0.42487516617984866,0.04137080320360824,-0.09282795730700956
-0.966486195970796,0.2629093947125533,-0.6494849624685688,-0.1823828166275243,0.12217603386989169
-0.8717251082572298,-0.6131747415425796,-0.3605834924283405,1.3313682028888827,0.9397762190561528
-0.7912835976160688,1.0585173979617895,-0.5218942798511508,0.20545290480988118,0.5337337732649541
3.0892457484735405,0.4369048437558855,1.373162097768698,-0.6084673995940644,-1.0324278682082748
0.9656621866100307,-0.2816676492401679,0.6105883267872765,-0.9857551252585052,2.2481850354503528
-0.42013042202227097,-0.07255865979819978,1.7246927840134902,0.7665600139094967,-0.10846529519431537
0.6742777554658184,0.9065491198148369,0.038857286543933986,-0.1283627960866303,-0.308930426034988
-0.09315914245357151,-0.3538620058259384,1.3537193770983158,0.22360660860643164,0.29340159833499563
-0.2237747825605085,-0.16583986135476853,-0.027597516111170745,0.8438035328205631,-0.1289488083963812
0.05225074171755088,0.6911845642758958,0.08924580985182143,0.8506295899141998,-0.3183985668629868
-0.73809899012596,-0.43823355446143464,-1.3491219160654488,-1.1668953873515628,2.882986350831241
-0.5843900309357847,0.3822329485701132,-0.4495558346730256,-1.3435630503805944,0.5142607925314896
-0.8539619605478462,-0.4367358599452785,0.3752759923085606,0.07624018409887334,0.8644828559546909
-0.5786141212924187,0.6301116336033006,-0.14564215765581967,-1.1976728118235134,-1.0043011582375723
1.491106901647454,3.355282390040311,0.1687090571721821,-0.9812825261944789,1.3367255445896824
-0.6747531840766515,1.045693427291053,-0.27312518613936854,-0.02060813595190909,-0.052531215133673245
-0.24850859765269429,0.12301828928338034,-0.6496652850760612,-1.4285424325970906,0.6499179214062719
-0.6893745428027652,0.6903332398766152,-0.5581531987849785,0.26029665823818987,-0.4804288543301312
0.7421281629194222,-0.19468487715526914,-0.3425831821311554,0.5484839783517957,0.8140853078167755
-0.29991582908479847,-0.5919819050441467,-1.472443691957302,-0.17864488665073944,0.36428617079043696
-0.11372042942946134,-0.28405181219284187,-1.390703042933482,-0.23597596663971737,0.36428617079043696
-0.10364407920537165,0.5301150499140931,-0.2642854075352821,0.14937824914012635,-0.25088657400373804
-0.33678287313144434,-0.3601663539592814,0.198152382612629,0.13776841838337994,-0.16120007585681323
-0.5042153940244708,0.12517959045484447,-0.8227583448978579,0.2754070595649027,0.8765845005737121
0.6370798100596001,0.5940254868028966,-0.4533247535198987,3.1125231384018277,0.3891493825389971
0.10973185794708507,-0.8269320937698199,-1.2234205118344235,1.378373217637847,0.7119432807720742
-0.12428153508843362,0.5044975193018837,-0.24543891554361658,0.21220199937142192,-0.32229155792832653
0.28036721400364767,0.6801381703032505,-0.8803552770800556,0.07708851283039637,0.16308721681861088
0.129951700437947,-0.42207890062053055,0.5417177376026112,-0.5496767165159586,0.6214467877285345
1.213296463868965,0.21452942274625036,0.05438083161540223,-0.4969000475604504,0.16841090383593962
-0.5115823754080284,-0.44629570904521276,0.4204040375492341,0.867006105776853,0.5349850679365312
-0.4754486694001138,-0.11246512761793932,0.014465034299170666,0.5709879609819254,0.6067298636796883
0.2711008916912303,-0.4393193675704435,0.2794556243481161,-0.04012605103752718,0.3585322885312632
0.7141397946966646,0.20649821112110775,0.6554352330633799,2.1047075830672557,-0.476987961179268
-0.9671705597497678,-0.7783612776780681,-0.3881649601439512,-0.3422394780531168,1.7317260338469023
-0.248791996396927,-0.13512232484097508,-0.18673288174912608,0.5912682289524196,-0.3709746785458849
-1.7038791622991514,-0.7833263879718728,0.21824578596638805,-1.1109878990512363,-0.2941921009014326
1.7773512685977957,0.3838642884062062,0.7784191235344644,-0.30032775784924187,0.33626211914794757
-0.5714627709131889,0.7672569260962392,-0.4231484998446315,-0.040542613861210726,-0.45627388472865826
-0.39259052882813605,0.41518732746178916,-1.8490008330643029,-0.20689220131511418,-0.9004316623865194
-0.8774505515756528,-0.288309904939882,-0.1820031458567537,-1.0349537149627923,0.6347579280255606
1.868972393539868,0.7663111611853175,-0.5932447892466569,0.3606503635184403,0.8009386883584494
0.5005110075002697,0.8257590877055095,0.6193521652073095,-0.40029190777748624,0.14835106523272154
0.349742247391498,-0.24820774508526305,0.07193892304911813,-0.2027492195948456,-0.09282795730700956
0.6539872474195808,-0.9417794846707646,0.606879976749852,2.1053377872179055,0.8078552514228273
0.012003257671956296,0.8938150423390103,0.19953144416534171,-0.7285806790770033,-0.09544072879722017
-0.1988705054920823,0.03102246170006788,-0.1420079281338423,0.16444512521316257,-0.14307402589221938
-0.3995199631167485,1.3551522190657372,-0.08033741479992897,0.1601722206646561,-0.1289488083963812
0.7968216837454671,1.1520787234125942,0.3889023557968576,0.21743681498993497,-0.6784749938147936
-0.575460139456172,-0.39866476308428955,0.263373773243314,-2.0278707071765902,0.6094989634058589
0.1488823913165733,0.0962727300355509,-0.2919935983935059,1.6486750812827904,-0.670069216207426
-0.42095228808599944,0.58998334223761,-0.5184444191212911,0.03696831111057464,-0.5051315579433742
-0.33289682585593805,-0.01111225393030781,-1.6567022875584696,0.2481669954244,-0.3937904083933048
0.35023391582964075,-0.4291003813370584,1.117719126224225,-0.7165046616041328,0.5410676574811567
-1.1937417576874876,-0.4149088850215898,1.0558227865226721,0.0827906187437386,-1.2821122335580628
-0.7906289911525752,-0.4538657399763275,-1.8008765318967241,0.28818375112340927,0.5333960373968908
1.5897500211910363,0.13471532660516078,0.34770925679716586,-1.9384187258960681,-0.233763797482037
0.4532375853734653,0.6964310694210519,0.9163982055737131,1.5709086281823348,-0.24532957900346267
1.115403299391984,-0.49853820655400966,-0.42487516617984866,0.04137080320360824,-0.09282795730700956
-0.1781896459007779,1.2985613704052084,-1.2121452326893727,1.7269717928369053,-0.03324098403023472
-0.15984973606784936,0.10767911280273396,0.5471066384403409,-0.115354116190717,0.8078552514228273
0.0446052482271631,-0.3853188915832129,-0.7133817398076671,-1.4327362699735737,0.5026293029921685
-0.20713829908966477,2.2285345162163304,-0.4379638751237689,-0.6664504544762616,0.4809364613080716
-0.2612396695254415,0.3689178980765092,-1.0246473625956676,-0.017120006040317232,-0.5255871494177338
-0.09871021475373228,1.3641337252729318,-1.00313177609876,-1.5716656026459266,0.5337337732649541
-0.49826213511982553,0.12832398908643428,-0.6229202226848831,-0.22905245159132095,0.20491630566617575
0.9231245161249758,0.6042041621091265,0.45328441583032725,-0.1543742224707233,-0.1859860430652523
0.1549463272736505,1.1326817339257116,-0.10047254320517157,-0.613634883131532,0.4684445812850607
-0.6259132863772656,-0.13708456514737466,0.49202336502060307,-0.7348423177666399,-0.8166526020019795
0.3416773314485688,1.3329867689653792,-0.9811852051063296,-0.4172877842207855,-0.3897365748006993
0.679177580650245,0.6743880129661989,0.21399653681199732,1.611059651934523,-0.1543080906006558
-0.11659684518355352,0.5511243957178027,-0.059562482627991964,0.3878394883288532,0.36816327823821926
1.4686602873849326,-0.5232250457495434,1.2651319454052068,-0.38549086499100904,-0.6970683565275249
-0.934329761397941,0.3339721352678643,-0.8116640071626596,0.08547490919853715,0.975568530056047
-0.3487159035819633,-0.08278659047291781,0.48873371779654534,-3.642478969290019,-0.20670881370652533
-0.3402978057491649,1.319506850444615,0.13745745641557702,0.26185022170128236,0.7636707056894826
-0.02240784756260336,0.05591703430020175,-0.3700183850194155,-0.8678608264329161,-0.603743241990968
0.9628066420702871,-0.36072231926261444,1.691092914525173,0.4292967671973169,0.6123178875323676
2.0062975357738235,0.24411793997757736,-0.5307230345786016,-1.974199518408277,0.8672937546744337
2.1984028727011236,0.04001084140730708,0.8875507046079897,-1.3161099905587361,-0.21859076281533107
-0.05116951612536968,0.06266691635043072,0.418738871705854,-0.2454087167692181,0.6214467877285345
0.25411281740509867,-0.19872191544308795,-0.22083532556844837,-0.7531799739291469,0.7119432807720742
-1.1447513335519333,-0.3266428173438763,-1.4071524188584525,2.6161072917110473,2.838729910828953
0.21282560060228,0.13049389771247444,-0.5484027610342869,0.17408704676262365,0.0004876270590131985
-0.49826213511982553,0.12832398908643428,-0.6229202226848831,0.3118232632391787,1.5753272411857522
-0.3218981572731112,-0.0668902480258696,-0.43688913679331787,-0.6315252793876365,0.4879826012525236
0.5345667220130836,0.7438608960809672,-0.5443890316866888,-0.3579624293938377,0.3909626228801588
-0.7215640276928691,-0.3606689296459106,0.48428893479138185,0.6284852586717417,-0.3706245701757239
-0.3136607265894996,0.6786626709914444,-0.589720094364469,0.20856409577756835,-1.0215363880511559
0.867370684544986,0.9606348673710717,0.296915441500367,0.3750741181298054,0.1513667790209681
-0.4815700199738742,3.270360189592692,1.0837914236171142,0.24572570746279074,0.6067298636796883
0.705622188554825,0.17117895022644267,0.5057874807159669,-0.7276861592641982,2.838729910828953
0.13866048114857954,0.6725101041763261,-0.7741402967902486,-0.061527422757997705,0.0976393558591175
-0.13732482530882123,0.5682176773186873,-0.9128413556234815,-0.8247415589535648,0.018290821597256056
1.0608382791426427,-0.37358781716476697,0.29199074971561445,-0.3105650833064146,-0.3632433694987979
0.11089273591603296,0.08811862329028994,-0.18171891301145054,-0.2817318385551147,1.110803321899776
-0.7223742145517199,-0.6295990118578932,0.08961221131000087,1.3313682028888827,0.9397762190561528
0.7038340706871942,0.8043671656944409,0.9291101717878785,-0.2766020604855486,1.5068655055937294
-0.510638847396185,-0.2214076518468995,-0.7356557960405621,-0.4606719951418389,1.1969015576436755
-0.2471559779670624,0.12638908064943136,-0.14862904223106146,-1.1467686915634454,0.24367701399359246
-0.39602504066153554,-0.40504837065247956,0.035917417752837924,0.8053252346172765,0.5881249644447311
-1.6040286773807328,-0.44249085197061744,0.8770831546087309,-0.10734229332301572,1.0026398990370389
-1.218922624721135,-0.3307090110868457,0.0034459326905032987,-0.32807394317861316,-0.8501304191297943
-0.8471963584755535,-0.949667965314744,-0.5263455136924798,0.22927610305986082,-0.48595802519986114
0.2506216947829213,0.8223115797707495,-1.2198830178897961,0.10799659148484515,-0.4516596102302368
-0.39584748153981,-0.9302576179472536,0.7324319711609782,0.09264942633908593,0.5349850679365312
2.9962473933175318,0.8525878014885112,1.8130026874521057,3.041240427760573,-0.4504048044431996
-0.8738554146902638,-0.5974326564266562,-1.7559044990362545,0.019094654826963958,0.06112074554691287
-0.44349239481999747,1.4865835524550244,-0.251250539026674,-0.32273799347993115,-0.3141486123925408
0.2707022406361714,-0.789432999420714,0.12165560508960103,-0.446278464455587,0.618669662595598
-0.23430618170937836,-0.25426284829082046,0.16228834227604758,0.20672777679326618,0.502901163646362
-0.22892005157411746,-0.23474906916607602,-1.0143506005045795,-0.3895576700238236,0.3178620349814941
1.440134014691428,0.21719129536124632,0.09229979830525259,-0.0951471884728229,-0.13579414597571202
3.2621159604138663,0.5859381644713723,1.370504459228175,-0.651651975175754,-0.46376498363982643
0.36054976027279934,0.6513220964098623,-0.8410222803732302,0.1266448502419246,-1.0202953759319975
0.35587866194746787,1.2552763678486152,-0.4073735712058795,1.3575363385119,-0.30768046893120515
-0.10750727311157475,-0.089326698038463,-0.48750218915790533,-0.46201377486104667,0.03677405168901138
-0.1781896459007779,1.2985613704052084,-1.2121452326893727,0.2680170149587327,0.6624576194779297
-0.394056610367401,2.4899965080194812,-0.766956514988516,-0.08217251617684018,-0.2984460680752621
0.05259810189993062,-0.4899453632463118,0.038202477801912806,0.6222915153706362,-0.5910704559237764
0.12601351349125584,-0.2999807926459213,0.28082744474813576,-0.7084075012054467,-0.2562397851097021
-0.23458161996128626,-0.1456446055744123,-0.07085141142075761,0.06290522861903775,0.2080642714700844
-0.15378825888929948,-0.5914352132046187,-0.10074622368793436,0.04417654954207319,0.8879340977003823
1.6230900268717057,3.083236937568007,-0.5192193605770206,-0.2729941002714582,0.1473566062056215
1.0025201299311512,-0.6177039635401729,0.8264424094423919,-0.43651996019609784,0.3362469043142873
-0.3061925010606026,-0.6131690753380946,-0.038606267951647386,-0.38642685067900534,-0.009056587937286963
-0.1616966145161453,0.3921132059584564,-0.14091327584896848,-0.3874718569345681,-0.476987961179268
1.1148501010434062,0.7178272813084979,-0.20241330110002875,-0.9991729224505833,0.10030819043700331
1.213296463868965,0.21452942274625036,-0.06369790188133599,-2.4035690285547844,0.6849183922719345
0.5468548506946073,-0.24632563110645103,-0.6223168639605262,1.3661253474468287,0.5375842965528245
-1.0109786885890641,-0.833878322890183,-0.4950395563530561,-0.1423728126827464,1.6515211218047334
-0.34225655808157895,0.9658717536793281,0.05757024467844687,0.652442428161219,-0.23080342556128003
0.0192194650539323,0.57469874836756,0.014609308849288478,0.709167338087039,-0.5866576525743729
-0.045081264739704585,1.0395038327798702,-0.8048523784916459,0.3719221384161433,-0.4516596102302368
-0.606847717131201,0.300298916908932,-0.588358952258175,-0.1952668017610746,0.9388138390281466
-0.10049530454229896,1.0723572972486037,0.15071138212700863,-0.22918927025806743,0.6263513144383213
1.1059323078796388,0.9555754786475141,2.0360711085967216,-0.3521667418485652,1.0186234997870969
0.6221196973436833,0.8081025606056179,-1.1907876900651941,1.2814203163032085,-0.6852499418889492
0.0649828854519344,-0.19594097517540066,-0.007260260547845898,0.5301837996404042,-0.3164390300443224
1.569057811569519,2.288671241822702,1.0591764382124371,0.08163430792253176,-0.9827771844875074
1.2243737108106756,0.08456196272713098,-0.005921836009702808,-1.8802749380637287,2.894443956557303
-1.0156764246928431,-0.8407303341833551,0.07817917904717887,0.6721230732608406,-0.20396470532201405
0.30185278873011334,0.05249943563468198,1.112782250983631,-3.82585553091509,-0.47791355809293096
-0.20977140823324933,0.035926228079458264,0.2101026685886858,0.9275692775756469,-0.9697330561614202
0.5068512711622667,0.12585325673977732,-0.3039927240636217,-1.3390904513165682,-0.20529968603521928
1.5383685133309788,2.1304023447201965,-0.1886838469297785,0.9734555149549525,-0.24532957900346267
2.26131962737921,0.35935421333962353,0.20378163955772852,-3.3964860207685823,0.1724119035006699
0.24810089507388317,0.27651968130671806,-0.315622006670237,-0.644992658133431,0.4479612352789695
-0.023329654933777602,0.5406328896290943,0.41987075386358685,1.06801410147511,0.6624576194779297
1.4393765140765933,-0.5665328685177702,0.3402008747489767,1.1346565962078532,-0.06703965023270962
0.38063243809364444,0.6744288255238088,-0.0193982440757231,0.051961274166298956,-0.19748243825734813
0.12656121128700804,0.43443431038588753,-0.6978645342511269,0.01975968827041114,-0.044396968218678626
-0.36420060134318366,-0.29692630234611755,-0.3943659013243139,-0.14186006640641083,0.6214467877285345
0.47562782490916167,1.672031933192353,-0.3465367114696592,-0.11834338203647979,0.5360574629156194
0.7824207970755883,1.7217687885234803,0.18855449292242815,1.6099232052062964,-0.5765331003513163
0.3184215986998877,0.43815307887063826,-0.15779724065063253,-1.0863385860576027,-0.09282795730700956
0.858238586587446,0.7121562280486714,1.958156743158919,0.5438535020872344,-1.3270991527720193
1.460352582009262,0.2987046150821347,-0.015892851422564535,-0.46782815364428065,-0.721288699754945
0.11232278822736097,-0.47157067140762765,-0.002760844532661079,0.3272714959319915,0.8672937546744337
-0.011843979831420144,1.2336176085697672,-1.0474105081182015,-1.3438683161499518,-0.28966064277725284
0.1464125919931329,-0.897726674754526,0.34436933722684093,0.46115250015839965,-0.1289488083963812
0.1360144625608449,-0.7037324747060435,0.27775841396163875,0.6788163414982062,1.0306054320885272
-0.15351555549813212,-0.3348716163694219,0.3856228528679453,2.288045778474476,0.23515888069150248
-0.5360041183241265,-0.13406697129149434,1.9366573493568677,-1.2049124793957848,0.8897946545022678
0.14330347754589506,0.5824367183566348,0.09818907871031438,0.5969852090806006,-0.8912507642423487
-0.0854139876253911,0.31664658952446895,0.23157398500273824,1.016374438005856,2.838729910828953
0.6128712074129589,1.2151199471601384,-0.6497765808705083,-0.21203429537829002,-0.06405353013191219
1.3955606403735423,0.3198836918883129,-0.8815216836491978,0.33541853181916387,-0.27356329439771015
0.4368832786068448,-0.5858703625700837,0.6445715240581738,1.0114008129271088,-0.6610536748818272
-0.23451223695053894,0.4987745351671753,-0.18896379670108815,0.05992782574143332,-0.06405353013191219
-0.18429848260540874,2.2217771841010783,-0.05428878220916099,1.1794672618744368,-1.0385659668163643
-0.7770827740744021,-0.3515699542307796,0.7423547682801347,-0.04001251558854717,1.0306054320885272
-0.24996011341199714,-0.6145938308325778,-1.016134112798829,-0.1818583298445829,0.5333960373968908
-0.8424146442696425,-0.720273386037054,-0.03099921227586874,0.6142275926204939,-0.20670881370652533
0.2365590925328349,1.0135491001982657,-0.004342381705823349,-0.4019399634723379,-0.45579637302608955
-0.577501618634647,-0.46373370731875546,0.34994676279785686,0.516373339153416,-0.7124301554492031
-0.7309093461873756,-0.10772738885438644,-0.2880266528860423,-0.8186412077686668,0.4684445812850607
2.1788761768946197,0.08393939500386827,1.4112422247353658,0.5193410173764875,-1.2954529675425381
1.2172458154178525,0.09339156002259927,-0.6489042459987765,-0.20505075012009713,0.7119432807720742
-0.48161555110143733,1.0914649201195195,-0.433573767364401,1.498131764460456,0.6958814323060493
0.015629357619014458,-0.5369540432857229,1.7644214541792593,0.5655309245798079,0.5881249644447311
-0.07102216062116572,1.3967853254074785,0.306319472835066,0.21743681498993497,-1.2743658768732897
1.7332520869214598,0.5382880385538449,1.3506727070787585,1.2213076350323615,0.13764400223524298
2.26131962737921,0.35935421333962353,0.20378163955772852,-0.4793441321168274,0.5542721267465867
2.119434194326616,0.8777760739831725,1.2166756781347319,-0.8328154162484913,1.4321877580695987
1.0201062612067695,-0.1635971247969736,0.49849023793419056,-0.869467549593826,0.6859837650201026
0.16051760411571692,-0.5349406461853675,1.421170735056603,-0.16661378725078316,0.5099434580834049
1.9546873066627422,-0.4424382326144372,0.9352466819335487,-0.9805368968103535,-0.152854154408241
-0.9596433735233695,5.5949924143935315,-0.6915986411122248,1.0717109695551537,-0.10094716101444622
0.053581249447179964,0.2938888930105681,0.3436752312530375,0.5917119956379409,0.3721291667483489
0.1109407779355587,1.4469833598572646,0.06012793966862462,0.7771879199498881,0.5963082042103207
0.4005101817802764,1.2893993477203798,0.6267181763622965,1.5401366453338265,0.31340808754870175
1.1162339297364172,-0.2045565456992324,0.24143035754076606,0.5199333344544201,0.0777435365066767
-0.9596433735233695,5.5949924143935315,-0.6915986411122248,0.5864133427604534,1.4261399452876253
-0.6343652140673531,0.3447505558524846,-0.5652949024479106,0.3370021939172046,0.6552966158991417
-0.8640564346311225,-0.3724179973330755,0.7389400906538448,0.6288553822901863,-0.47791355809293096
0.2429841659102155,1.210774265259283,-0.43538701375787264,0.41139765149632995,-0.3768444276152408
-0.40973845830073274,-1.000804665809815,-0.6788314967569938,-0.637543148920966,-0.2562397851097021
-0.02449101694101857,-0.5467059104168516,-0.266862257640573,0.18999752413996107,0.502901163646362
0.32221555859531176,-0.28797826657688164,0.09853356265045682,-0.12769605882642315,0.18573976339512493
0.1474796868472063,-0.3581998452664727,1.1135784816426313,-0.7455765555203026,1.0026398990370389
0.24199511045471406,0.40699765951341293,0.3111419199730051,0.5448350119392023,0.5360574629156194
-0.19520025027668908,0.07408449550676302,-0.19038798167644777,0.6943291446988257,-0.2865456607133663
-0.4650933592384973,0.864334005734487,0.2228538761502799,0.37976510258631563,0.9719734822168898
-0.4043256330578349,-0.2029704575432914,0.0021138697207746192,-0.0012940985187677853,0.5099434580834049
0.24334276209736158,0.01504770838344244,0.418738871705854,0.8061534619331349,-0.6662308982256787
-0.13397249997052613,-0.8725931991381476,-0.3326191009690033,0.3832883693250053,0.6165325636522389
0.7996639828260135,0.555863441939051,0.30649118598510916,-1.093097502795132,-0.2624211874751322
-0.05701991380031,0.988658342815616,-0.4713799385151897,-0.07574053009633411,0.16115459855180667
0.7958086532173138,-0.23367715975250844,1.3297655036097642,-1.6566449848624225,-1.0037541766076865
1.0046385963960371,-0.4681348153467123,0.1671615551312022,-1.2183302765878632,-0.4189325030269783
1.5526969272318167,0.9736952890219263,0.754919811164979,-1.5001040176215086,-0.308930426034988
0.042336223594812664,-1.0108923047521545,0.07734139108033965,0.6700352374849093,-0.48595802519986114
2.4393327002902443,-0.025997104468153166,0.7251427816196442,-1.4643232251092997,-0.07449224359065727
-1.0391520161165995,-0.7232623631068216,0.40062703559295443,1.3313682028888827,-0.6961997734410951
-0.15523834412139698,-0.4691240736263192,0.22781458587204734,-0.22395431497615176,0.6165325636522389
-0.9452353023930385,-0.885857132988489,-2.257296782721933,0.5087370088721044,2.5264436107960284
-0.01484822723389282,0.6053361752110012,-0.6787964054008214,0.2855633199330553,0.18445703588038148
0.8367894228310525,1.806792702342128,0.6590747739340082,0.5398625956861774,0.9947168162074427
0.28376292782957685,0.3098611689032189,0.019550330609169685,0.7212069961527559,0.6859837650201026
0.36889112923042217,0.6292574357043721,0.4447820843936199,1.0059210257545523,-0.44097378112149294
-0.9302510528586517,-0.22234295275916116,-0.1877702305101761,-0.057963675540245105,-0.9728560261671731
0.5760282770806691,-0.24994029375210694,0.7337162784893937,0.07737571448184839,-0.233763797482037
0.8746194289166652,2.391434545075198,-0.7177151640172537,-0.7443589469342207,0.39279518499378563
-0.35595215744787095,-0.33583918689478054,0.02378870455833685,0.6052909932029767,-0.3632433694987979
-0.44131245884613396,-0.7763445778911368,0.19768667467726694,0.10739499492502101,1.7317260338469023
0.30088572554373344,0.2682830749277104,0.30576248450036025,0.01135466867893662,0.5402604353172905
-1.0744120028614415,-0.525669237522675,-0.2514782919583315,-0.23078155453719085,-0.37696698226439446
0.8063708628395765,0.9324609346795795,0.6201907570835616,0.07737571448184839,0.5295946697254613
2.652226996423527,-0.15895372128913143,1.2532773540117883,-0.651651975175754,-0.5173884043199078
0.4896163211843358,-0.769411679414921,0.4489776058247491,2.000624133717357,-0.207182814293634
-0.8420905141054147,0.48403278757310436,-0.19309327822717148,0.4078932914824394,0.4684445812850607
2.252904454818348,-0.36891037044456704,0.9729707887521943,-1.401706838212934,0.42462234922799974
1.4027058740916543,1.6909366788736684,-0.4786995199769188,-0.38776863039821313,0.09584781602001236
-0.3740270989191769,0.8015507985214819,-1.4155034572899523,-0.09449973421568546,-0.8203931103387679
0.9493823561451026,0.5804020664341705,0.7953513037672869,1.8021009755457764,-0.0004876270590131985
0.24741931226167146,3.77372733588207,-0.22218772424328756,-0.548614760037746,-0.670069216207426
-0.2900383900411258,-0.43751602515430904,-1.4228448807428824,0.3215712458495657,-0.03420169209849799
-0.8590782301018454,-0.3349684888680537,-0.8720612972220582,0.09501997333448056,-0.19854513586992756
-1.063774746139968,-0.8872846336664688,-0.6145747472575235,7.234199151433349,-0.23346016959272858
1.3276841323181763,0.2680310913621317,0.9726494900130478,0.6260300897520931,-0.830579357876337
0.12705671379278732,-0.29161526902702195,-1.271557156749826,0.9076152325870319,-0.3164390300443224
0.5871762923040189,0.8820527250545165,-0.30413702490386485,0.057491477821451926,-1.0202953759319975
-1.2663464627942849,-0.6393851339341585,-0.29519142356791206,-0.26933890019289153,-0.23080342556128003
-1.5801605480139536,-0.7931552936007595,0.29388117946597936,-0.8560497524017477,-0.6961997734410951
0.9326863022527901,0.16404747067516137,-0.41404068722007953,-0.1347893175914475,1.4261399452876253
-0.6250732722304243,-0.09108466516527489,-1.3171453090003329,0.8127060542065248,-0.4804288543301312
-0.9079402778105934,-0.04271577472763363,-0.835490918815036,0.15101896843144308,-1.2587832120695763
0.1998034204784622,0.4144153456135516,0.36313556191356133,0.6458413695194266,-0.06468001344757221
-0.08267843003761877,0.7326158114119834,-0.3015596206472476,0.522533190106452,-1.3372454404717333
0.33601963156916714,0.7266008524476899,0.2868007678986132,-2.117322688457113,2.5908769265835363
0.9150953401775761,3.6367539366085637,0.3883331856867172,0.3985346862175388,0.7403211190961586
0.8822901975864075,1.0921745447877838,-0.4827640164080933,0.06080555560154512,-0.009056587937286963
-0.32311776582917134,-0.47601609472958833,0.5642825786525176,-1.133350894371367,-0.6970683565275249
-0.13853154384830327,0.0464368791174108,-0.09800568782415309,0.5063645019764385,0.3887950942694792
-0.4280438264774685,-0.18698809947431624,0.441354195771554,-0.5076342853141131,-0.360981876750568
1.0415884765327275,0.27068456558554294,0.4367583018748441,0.5364915991415781,-0.1170317481329748
-0.7732401585715261,-0.30308596472606036,0.10202196919434674,0.8053252346172765,0.8879340977003823
-0.6107468743655783,0.01087577454462358,-0.5706626805755682,0.4249932455591291,-0.5524361477529216
0.20751254549681306,2.320755085271652,-0.18639670831038319,-0.0034700440285492006,0.5676421200265624
-0.8073748365302255,0.8220251965573658,-0.5947357054094808,0.31733550926903153,-0.5136033779605862
0.23351819566157994,0.9979230630760854,0.14918487200638297,0.23545447209796197,-0.9683347126304562
-0.9576844780682745,0.056317284876890375,0.29133429986089776,-0.17504673778282026,0.5121076427745987
0.0052727999633771705,-0.3385366306171204,-0.3984812107525751,2.2779565184091224,0.7119432807720742
-0.623123789817625,-0.5000977085335594,-0.008604940386664458,0.3459976446510233,-1.0043011582375723
-0.4510356883353911,0.3073588697013825,0.008078346995074774,-1.2004398803317586,0.8134757112945186
-0.5206332432517728,-0.24052697714738094,-0.0169315294757362,-0.5586219146440108,-0.360981876750568
-0.8793628223887835,1.0875705853847002,0.01410425378802912,0.4021702154860343,0.6263513144383213
0.5951646860357428,1.920590048095246,-0.11684335072681115,0.6611673911574483,-0.009056587937286963
-0.6370533349437421,0.12750290849003842,-0.2092544645288025,-1.4374876307251427,0.08794499887790602
0.13766408793372156,-0.7583346803602155,0.10912068933966354,-0.45232954610477655,1.6515211218047334
-0.7701821909974981,0.2914884815845383,-0.9648045439679884,0.4059396756834605,-0.48479718355037393
0.7558333406277297,1.525816191852856,0.8416487782185861,1.0476293747649141,0.6067298636796883
-0.2533153567085099,0.16117291900702185,-0.45760027661105335,-0.651651975175754,0.878699529648465
-0.7893351589592462,0.019152196553911417,1.2369767963590605,0.7560604428935164,-0.10846529519431537
0.0727654960713169,1.2490554162209795,-0.05018423549472999,-0.0014740375207720037,0.8927045332387896
-0.40557816713746103,-0.48784667477301874,1.6788430374632737,1.3056406050651925,0.6067298636796883
-1.0293765024660826,-0.290824541241857,-1.0097386158409931,0.01433712779061494,-0.3164390300443224
-0.23613205507432974,1.4519391886672357,-0.01716404190810038,1.611059651934523,-0.4603992781982594
1.278489467324273,0.4861719846388593,1.085999582925044,-0.6768029846603046,-0.2772372587367316
-0.09541935173520419,1.3621315982307802,-1.0593270683434441,4.123059392690237,-0.28251981554438527
0.1086346292569156,-0.29848340932436773,-0.47094073620345406,-2.3677882360425753,0.07842770243346635
-0.07337332795507251,-0.001347339105671874,-0.6857406293727678,-0.4463596781369553,0.8009386883584494
0.11146152314872688,0.18451366502781183,-0.005285566260692648,-0.051253027846289316,0.19423713986710492
0.28012722777216487,0.7521573158294763,1.4529816536270557,1.254246607734078,0.8897946545022678
0.14994455860205555,0.26307801193229563,1.3537193770983158,-0.8336867570816171,0.5295946697254613
-0.4422297573729572,0.08751323327942158,0.4181241889436154,0.6690255636130535,1.7317260338469023
0.28036721400364767,0.6801381703032505,-0.8803552770800556,0.07708861123371896,-0.7362744749304475
-0.47723252892468687,0.07550069825795844,0.6552469848344447,0.033084125864720766,-1.2635835756873812
0.6172219455617636,-0.22723270232859621,0.4981680469413772,-0.22736607619027935,-0.37696698226439446
-0.6464289250626116,-0.4081607059576589,-1.542345834560573,0.7113566705218748,0.499973227744617
2.913862167684018,1.1939463778222392,1.6386535541768417,0.8781189803991338,-0.41259978830481714
1.1645849791930833,0.030129209434576025,0.6260059678580906,-0.42086586347200644,-0.3471915527912302
-1.4382728809792988,-0.9902901730211459,-1.9589415960507193,0.26183160685488693,-0.6584093033524757
2.386751797553359,0.4475294187909448,1.1273842219236188,-0.8068511626974605,0.29340159833499563
-0.8844284195174258,0.0618605539796179,-0.1300174870353404,-0.08511097628404572,0.8006577991216443
0.3769057303293117,1.0255229628082612,-0.7387572668752914,-0.1287549811299975,-0.19854513586992756
-0.6414366370852176,0.3358941682115683,-0.4698764183374864,0.09835209945069445,-1.098736537641394
-0.2918516005221718,0.5788567091765798,-0.07941395640373765,-0.2306645415517153,-0.37696698226439446
-0.21950477384136993,0.3128535572494258,-0.2579467513169347,-0.5188157829741784,-1.060786980583239
-0.32587128349339395,-0.5297975989652807,0.34396724533321826,0.8283680771154354,-0.9697330561614202
0.0052727999633771705,-0.3385366306171204,-0.3984812107525751,2.2779565184091224,0.8672937546744337
-1.06492264867225,0.3175133378482805,-0.038317237808467235,2.098850877964343,0.6263513144383213
-0.9640044210644071,-0.2821033716923225,0.4078897477997183,1.3708814280476465,-0.6961997734410951
-0.35333938165650036,-0.34480302992371437,-0.8218560361477615,0.7204537701746083,0.5561607724721526
0.6266990091027278,0.018085332048549813,0.13207864870451597,-0.4603366259843549,-0.2502036760459292
0.061558661902900956,-0.31075978884254485,-0.20266207832132424,0.46745245686589604,0.853589703837829
-0.8945642311187026,-0.752390616876505,0.4478097182725819,-0.0641260140981841,-0.48595802519986114
-0.8485055456813854,-0.5074982329877313,0.16324289673350265,-0.2306645415517153,-0.37696698226439446
0.2769317182717804,0.20073287755939864,-0.45850544424249967,-1.6225304919939054,-0.49051829539858705
-0.0007639614740620566,-0.005675049413772959,-1.6099661365304854,0.12862109813648917,-0.4804288543301312
-0.049800023018884754,-0.3262765567229977,0.22087090766326076,3.94883932089778,-0.8094663518310738
0.6856872938320435,-0.1655933942804016,0.06317171684819614,-0.8381593561456432,1.1485190553878881
0.25411281740509867,-0.19872191544308795,-0.22083532556844837,-0.5313390603534516,0.36148229430161427
-0.3641235604164664,0.07898654592975597,-0.49718693780020884,-0.3092113906034715,-1.256978164331155
-1.1081527534423312,0.2729060659417241,-0.5718205443336168,0.465034427419715,-0.6857052165269375
-0.1697215507977433,-0.3103790291742173,0.028409887102945845,0.05538296029076301,-0.8804708038000802
-0.8073748365302255,0.8220251965573658,-0.5947357054094808,0.31733550926903153,-0.35734954420914444
-1.3064543089500458,-0.6575006135128837,-0.19222261410268002,-0.543415077826322,-0.152854154408241
1.7091012119319335,-0.08141002984171633,-0.8846636128916487,0.6886154621750638,-0.33710528844628584
-0.6711489147504484,-0.4201635396995319,-0.014323806888935857,-0.6015588656586615,1.0038962095878448
1.8739714418072224,-0.06719523456203971,1.1924866024303242,-0.6042692846200647,-0.04875359372072111
-0.5843900309357847,0.3822329485701132,-0.4495558346730256,0.07586314431448038,0.231770319880592
0.20811600496849852,-0.2130013613829242,0.4039568641944409,0.30545001789810794,-0.17642694762724012
0.13090448549978992,0.3616167554864348,-0.2086106155579588,-0.9723373280664267,-0.5499526187508362
3.4313626272056306,-0.031783504269300385,1.8422763288543476,-1.1512412906274714,-0.09330279387398967
-0.002072788937077684,-0.26034738787102063,0.7119646093305529,1.0500238803344286,1.7317260338469023
0.16979290755969498,-0.30692134214588673,-0.42313289934386505,0.5036804638049561,0.0004876270590131985
-0.7230995010605763,-0.9113801633541984,0.16276195375380256,0.0759997367577204,0.502901163646362
-0.39757747906299784,0.6365785877051662,-0.02049732730130366,0.07796102142450999,-0.11772176591886456
-0.6896676338480183,-0.34255288372447507,-1.0954389628467553,-0.32166947862836487,-0.3917950916361426
0.1628673161969379,-0.12072538002398504,0.7490605776502252,1.015809531541432,0.618669662595598
4.1911077403365455,0.7043344390918076,1.6700520918448492,1.8300144077423877,2.894443956557303
-0.4509890463481316,0.21995183828323417,-0.9741548112072264,0.6196767331930625,-0.10328924222228363
-0.48585668244904456,-0.15192852042461508,-0.8100931504550739,0.30237877449593004,0.685806202895408
-0.5961414669814656,-0.3955218857881544,-0.188114919038457,-0.42176038328481164,0.0004876270590131985
-0.7056235815401256,-0.2003756064936326,0.6288282519023934,-0.647179376111728,-0.3632433694987979
-0.38826265405453864,2.274011846321346,-0.815007629564778,-0.15033880275564074,-0.5354796336284774
-0.23752672690073234,-0.35594375621523133,-0.7716649071474023,0.2477353610054912,-0.4792489523395754
0.08876500063130376,0.6003486169253639,1.5175919905787694,0.34136175294075005,1.0026398990370389
0.898829053385984,-0.6715937720923234,1.9471841039881492,0.44624276126185797,0.6210525396211615
1.1645849791930833,0.030129209434576025,0.6260059678580906,-0.6905635870327813,0.22851802378872682
-0.7912294671656904,0.018085332048549813,0.013618902492097228,0.45821578589577533,0.8897946545022678
-0.8729428655489785,-0.387067287922731,-0.38405871235592126,-0.08863956978607959,-0.2916938586536101
2.1005457710741933,-0.4471420917269588,0.5056516043041315,0.5209995037487969,-0.07521486459153334
-0.5719040974476362,-0.21492022933145943,-0.1319836305066407,-0.6979579300018192,-0.4119886870187914
1.2022556599945482,-0.29866539283932614,-0.5384301286070566,-0.5188157829741784,-0.06703965023270962
0.203653126862723,0.325021606295611,0.38159248007119095,0.7545461340989641,0.13914675965215045
0.7840728058081494,0.5459193266806792,1.8273909323460007,-0.2306097089517757,1.4069200992592341
-1.6458545848625714,-0.9588300970970097,0.14474883933262475,-0.25375260475031386,-0.23080342556128003
0.7465417478345665,2.022690102873096,0.6612213350074535,-0.5232883820382045,0.6406529236870341
-0.8018778847839771,-0.4155979457016062,-1.7651774558217592,0.09216706149477992,2.4950769772355574
-0.12894827158264618,-0.5592934422471411,0.15217178177206053,0.9316927244092837,0.3650841971757172
1.3749359252841487,0.13188960611245468,1.1087050856446052,0.8931424174227289,0.29340159833499563
-0.7875915695558671,-0.3347150282658394,-0.4374106899880223,-0.6230273411659869,0.00891865125849904
0.3488438709117221,0.15562743188594724,0.7059867452302728,1.7902895176612441,-0.804572191271693
-0.2317425912084501,0.5354940978913625,-0.5906914175764169,0.3950218627223677,0.3891493825389971
1.5472729970764985,-0.30067542541144776,0.7922254693120848,0.7318391263940147,0.8869315906385469
0.394448366851112,1.5760952674275808,-0.3364878169173528,0.0553305852542632,-1.0202953759319975
-0.4706769354945934,-0.8075263097448946,0.21204750232123865,0.36363823532936995,0.3650841971757172
0.7086019107495729,1.4645232610985321,-0.8483685511023912,0.5352836226745742,-0.4991962680520971
0.11727443117735706,-0.17712065893548976,-0.6100730223128511,0.008937468426533804,0.108666604415231
0.12548555535937514,-0.28117120777856197,-0.5074296511636087,-0.7004033049736388,0.49277075956420535
-0.31196234034972403,-0.6299580304246102,0.38999227456561353,0.5984081866872276,0.3650841971757172
0.1830907780735555,0.40706415617512226,0.034877809469734095,-0.48750758952599554,-0.12093209582118324
-0.42013042202227097,-0.07255865979819978,1.7246927840134902,-0.6346560987324549,0.6067298636796883
-0.6480519277875657,-0.5298496660755727,-1.099502521878522,0.5396759224907534,0.36428617079043696
-0.40232225860666404,0.4511871603377742,0.5877049460854951,-1.254111069100072,-0.6970683565275249
-0.33374381749629173,0.14684194444051088,1.1539382220303165,0.8106306189020327,-0.10846529519431537
-0.40431876399672423,-0.2029704575432914,0.0021138697207746192,-0.07840528570743463,0.3585322885312632
0.3225629223763023,1.6562556597089813,-0.14881388976215634,1.8002179948296693,0.3767772148335767
-0.38747535796414334,-0.3152625896349305,-0.3331968445332962,-1.4598506260452735,-1.0710483827112507
-0.08125680894498087,-0.9746743563014661,0.5474742047703351,0.5204328229507881,-0.7124301554492031
-0.5739422334366934,0.7802603259537754,-0.04150867110015964,-1.4374876307251427,1.5788620984741653
0.3021415911939606,0.031836554059927885,0.7689445383857862,-0.1323468616147632,1.4913824895906922
0.45574714585488973,0.4357470460295651,0.03240846920186685,-0.40932284158189375,-0.9683347126304562
0.05031458662183503,-0.46130523544229474,-0.7611427596512759,-0.147660084042966,-0.45627388472865826
-0.8191811784360497,-0.5832548424884849,-0.47056092668723143,-0.8202689598895387,0.36540320709466023
-0.19262846848359472,0.09006579682517919,-1.0412915504203148,-0.0011035070189074664,-0.28719143826198784
0.01510713489996796,-0.4633283179027535,0.5344734525162789,-0.1409626369858338,0.22725636296674376
0.9102524406977898,3.1640030776304653,-1.0626884543437414,0.4897374794343807,0.5865115232928445
0.7647113265617584,0.6442475458059369,1.0041843466004772,-0.17211305557206222,0.9510699727274107
0.3776998797721956,-0.03678217505394185,-0.12301778886620962,10.764360711005756,0.44564690860286404
-0.08992893214441072,-0.48371165625271584,1.1135784816426313,-1.8489667446155458,-0.10846529519431537
0.5951646860357428,1.920590048095246,-0.1758403240739802,0.012377706603962816,1.6417224345355657
0.31588684578258447,0.43951255604133266,0.24583420102181242,-0.21160369534454698,-1.0340289368580642
-0.16971322631082164,-0.30760764946983526,0.18051825219319562,2.2593165068667167,-0.09547132566051501
0.22476607982443472,0.18005125767383,0.32931267374934703,0.2645882189766701,-0.476987961179268
-0.30935749171648147,-0.7608327726597491,0.015974516203626922,0.5872030639960708,0.618669662595598
0.30545707069411776,-0.8329142128131836,0.4264426064546284,1.844738355507576,-0.18287251963204681
0.7315923062503594,1.9759927962647914,0.07260308911097955,0.9170257045578615,-0.30735493836926464
1.0365435047068932,-0.015549693539997982,0.5295367323723144,-1.3838164419568295,-0.2537798307399914
-0.6624391555045723,-0.7012482136730005,-1.7559044990362545,0.42185477442541813,0.5333960373968908
2.8427425603828604,-0.06410063713039157,2.193320952586971,0.0804509363592651,0.33996266764688093
0.9020328581569389,0.6839647650103335,0.46719314232309656,0.8479827266455968,-0.24750914572429078
-0.9862072665355854,1.3490964313601463,-0.8423923046932724,-1.853439343679572,0.26773885543738624
0.14183727359650314,1.8023938473316383,0.15755647815802337,0.02471230730542269,0.8097161426166612
-0.07582382927641462,-0.007185401630472089,-0.7920698824076069,0.27764371630862394,0.3891493825389971
0.9715969907670251,0.5656507195143066,1.666285500485709,0.4292967671973169,2.412841971673575
-0.7838697430716273,0.9569253320693787,0.13481770280166175,-0.2827648484696957,0.010321927070704376
1.5383685133309788,2.1304023447201965,-0.1886838469297785,0.35228095595408637,-0.5866576525743729
0.010550862615303509,0.266021945478673,-0.6857406293727678,-0.4463596781369553,0.5676421200265624
1.2657447031348878,-0.35172208045897946,0.22928874202422786,-0.8605223514657737,0.21319969582036397
0.9120253469855968,1.852689457242437,-0.023344713810616993,0.15796347041696773,-0.03713046398011438
-1.1269188721879377,-0.378224065726409,-1.0678601850119185,-0.0012646227776126355,0.8509065428424427
-0.333041344294529,0.4647396634321229,-0.5933460428971284,0.3713116676064819,1.6417224345355657
-0.892676542256858,-0.3107471216524005,0.1996674574037199,-0.5367061792302829,0.3650841971757172
-0.3381272041890212,-0.6344864323244638,-1.7649371374676506,-0.006067501817268186,2.4950769772355574
0.10570986789419683,2.6543716814328935,-0.3220329426315232,0.7495281506147847,0.2547928711482071
0.8655850551839496,2.0292913295377204,0.31178395418268906,-0.8381593561456432,1.0909972867855282
0.43519842845281587,0.01259594180778114,-0.3131259960412624,-0.24686353120199434,-0.06405353013191219
0.06607534963340161,1.5821057227296789,-0.08293930568814276,0.7592928143882284,0.20797515601578878
-1.3136714522493156,-1.0169090022667118,-2.3839318496403528,-0.2500728300690586,-0.320308780869236
-0.6781345730378034,0.8355993124884028,-0.8305706126547351,-0.8247415589535648,-0.488943978104684
1.3598666980760656,-0.5050310823628547,0.4358374760494486,1.1346565962078532,0.8869315906385469
0.9915277483579144,0.08038429347567004,2.2319773929609465,-2.014452909984512,-0.04329347478837243
0.16535166920264793,-0.6473248139494707,0.2839145288322442,-0.2306645415517153,-0.37696698226439446
-0.5578291084001172,0.4934129744545167,-0.7543739174729944,-0.03378775988518293,-0.026709138902695016
-0.38538588405329544,0.03811059798780664,-0.879351756443363,0.13151513606637166,2.838729910828953
1.494729940933723,-0.10318010272635118,1.3030799934564734,-0.2772243004230956,-0.10846529519431537
0.3506482455883423,0.4633146891483553,-0.1750583851055357,-1.0765314581477214e-05,-0.16120007585681323
-0.1608379067698672,-0.6727839884765433,0.4078223424869019,-0.2306645415517153,-0.37696698226439446
0.9886054350651384,0.5926137021862538,0.5693298332086494,0.8558049336638135,-0.3512488974992958
0.49135024810553557,2.0350584369252185,-0.5122245740397188,0.46713878587491064,0.1347286060315697
-0.08669698871724213,-0.05183011004864287,1.6195801801495762,1.323883656233631,0.3585322885312632
0.78535264616517,0.5355946280372401,1.9268617235467713,1.600697798455717,-0.47972077937901825
0.46908521898108874,-0.002749440780167706,0.09018422680171657,-2.823993340573239,4.091516304888714
2.025554442923509,2.3095871307825293,-0.6234105538455339,-0.613634883131532,-0.10104174106786741
0.9547784635182502,-0.5264587701459293,1.216029940892136,-1.1981794976886992,-0.152854154408241
2.457900425254171,0.4974282759782269,0.5588862134844595,-0.30081463083203486,2.894443956557303
0.13027255954194256,0.30597279624418816,0.02217664262700112,0.60161167026855,-1.123176994368965
2.285510308310811,0.1650915532747707,1.417607696910021,-0.2844836731376509,0.5033355387875642
0.11727443117735706,-0.17712065893548976,-0.6100730223128511,0.008937468426533804,0.108666604415231
-0.4167733224522626,-0.25308139101098126,0.3820958851942819,0.17126918056996457,-0.9697330561614202
2.2548050804987563,-0.39991930782304813,1.2483854013802498,-0.7465005342854409,-0.9905385052119792
1.7098489153379905,-0.32118281462243764,0.16285317058317547,-2.3856786322986796,0.34214875501070663
0.3028851502029574,0.46772609505872625,0.75214171281883,-0.6458375963925201,1.0306054320885272
0.2798104684732449,0.4915923987195192,0.2464919018014122,0.2829424589246569,0.37282393066113184
1.7896924483262464,0.45185928001712106,-0.026022046495779105,-1.258583668164098,2.950937804309736
-0.5748666351289565,-0.2649328905696437,-0.4094808083053383,1.5167903397295348,0.5881249644447311
1.7881446199043183,0.6909362473681062,0.34302905104954723,-1.9384187258960681,1.4913824895906922
0.29273485815606326,0.3154193714260752,-0.18669003228897374,-0.20230733741241452,0.6859837650201026
1.5422807007204467,3.213593030188519,0.023053912231992834,-1.589555998902031,-0.21253776695815504
0.49116342079749886,0.24725672450055441,0.16992083272935404,0.6072262122597415,-0.6519821229048411
-0.0005792594847794604,1.6681680215407315,0.12885687319518319,1.244431458483635,1.5788620984741653
-0.7972514275649942,-0.47603873024882765,-0.526562120989295,0.23774884110113248,1.0306054320885272
-0.8021970706276899,-0.49279724360415883,-1.2172180975103448,0.3617113040355999,0.2949307727158407
-0.7041238138505839,-0.09009842126009117,0.29989965913919714,-0.7657032513084201,-0.663393415346024
-0.7447358588894647,-0.4718941997137204,0.2967839864966492,-0.527313721195828,0.3650841971757172
0.1266011342281841,-0.5757385759414595,0.11636944827694225,-0.45807631346476757,-0.7124301554492031
0.23234233422882103,-0.44239169293912056,0.2393295228026471,0.04483771198159887,0.43313747300255284
-0.29629012579366015,-0.4098856454913328,0.22643485556441648,-0.2574358043523058,1.143640276858142
-0.5730233208462094,-0.48401866604052696,0.32547183327366264,1.3313682028888827,0.9397762190561528
0.7905628064658176,0.8037379584634773,-0.20508164414547295,-0.5237886592512435,0.24883049550909522
0.1628673161969379,-0.12072538002398504,0.7490605776502252,1.015809531541432,0.5099434580834049
0.6956948859389658,0.6232493710012719,0.13620862724993116,-0.40414451387550093,-0.207182814293634
2.993650804953462,0.004029020546564287,-0.6734785178521185,-1.765318842005123,-0.06703965023270962
-0.38000960875625156,-0.45988859112634617,0.027890069968712156,0.6071638557685892,-0.1421995909466891
2.129580980435721,-0.5853278327054826,0.8659869704592995,-0.66183849472493,-0.48595802519986114
-0.5244495494807205,-0.0850909136738305,-0.2689507615639429,-0.16171211603795987,-0.14307402589221938
0.24796920207171524,-0.23073666285943817,-0.4141248997750621,-0.7062176837568728,0.5026293029921685
0.7571455132375415,2.6786652430516007,-0.14140905368629958,0.20229356308536292,-0.58735887249054
2.0010976868770127,0.06890821135074801,1.4105509956720481,-0.2306645415517153,-0.37696698226439446
-0.29150326467221954,1.6408000959913167,0.28812578884477985,0.14328457076945522,-0.5803958289453098
-0.05849317231510367,0.9968000767523616,0.07060797043114897,0.7703294719933472,0.40935016734854063
-0.32196528528047086,-0.37167509287528233,0.49386996493757307,0.24836662109849406,-0.3632433694987979
0.032182377467161,1.9354444015580523,0.31628142159572403,0.2550990009286241,0.4283815835139085
-1.2878522937804906,-0.8778936822081327,-0.4709982660589595,0.041453658379379046,0.502901163646362
0.348138912420107,1.0766828013237588,0.6698727610061879,-0.6458375963925201,0.9397762190561528
1.0163662449307318,0.7452413526297608,-0.20298658152032414,-0.6218398256273197,-0.07208796548038475
1.1402254666632512,0.8309511420216054,-0.2865033359737589,-0.6592827583398331,-0.06405353013191219
-0.0005792594847794604,1.6681680215407315,0.12885687319518319,1.2444309933340099,-0.4958779295503879
0.20531621682501783,-0.883085221571667,0.39018496978445644,0.7599304014279653,-0.6666378532270976
-0.06318365401724477,-0.8084808600115533,0.6929198138088876,0.6617006310898502,0.5349850679365312
0.6175398706106613,-0.22754089471359568,-0.2418325155479114,1.749812510054114,0.4855641114844365
0.10466701016757506,0.2702474407837713,1.1194137157845812,0.2426860537706581,0.6067298636796883
1.382263608809413,-0.013033761686203151,1.0951626236466816,-1.1046261569207014,-1.0037541766076865
-0.5525871224124215,0.4474973167763503,-0.7316656029752883,-0.10477087732217855,-0.24532957900346267
-0.4399030426117246,0.04060000166369543,-1.1388939439228603,0.3838260350779077,-0.207182814293634
1.9175575561771119,0.0283428603338532,0.643848289060751,0.7318391263940147,2.894443956557303
1.1147330960271542,0.5339489843874432,-0.6408902961701068,-1.974199518408277,2.838729910828953
0.08391629223399068,-0.3620491990693998,1.2393078001501492,-0.5076342853141131,-0.9827771844875074
0.9757991303272507,-0.5193115785629111,-0.12509262851855965,-1.4330150316611168,0.7119432807720742
-0.7816213983934176,-0.6732955107891333,-1.7800235307300956,0.10598525289440514,2.4950769772355574
0.06082867815341555,-0.6445304610242859,-0.2786872437975002,0.04313210210384433,0.502901163646362
0.16878270436640888,-0.5161908265037252,-1.157656728347754,-1.2988370597403331,0.06112074554691287
-0.6651999000620229,-0.21485717072127292,1.468923039414533,0.3107550191951008,0.8897946545022678
0.5603885635682371,0.6175228276909366,0.42720844858502727,-1.1825494840756543,-0.034704951981107186
0.07205832008116683,0.14977420173209552,-0.41580562772602886,2.4605225525984937,0.5140638356737774
-0.8272674069780409,0.33224944565839715,-0.9467121760391882,0.03585666943983144,-0.8813079540433442
-0.6190228843589328,0.4901263865496716,-0.9597970791364342,-0.6762512700278978,-0.2141487562218428
0.7462767502398988,0.39676727214808927,2.016729259746642,0.2814548580705726,-0.42469223714525245
0.313695469679506,0.0010623425547203788,0.48975345011261284,1.3607705508390258,0.9397762190561528
-0.7076147535150907,0.1463112987434439,-0.8486126528714488,-1.5206006570649102,2.2437667146337983
0.620363287782507,1.7208585435709252,0.20143462858100458,1.1293392208970823,1.3508449102264206
1.0905249167784512,0.45836530735071507,0.07107371594077515,0.32851316439751055,0.5339922582412046
-1.2533595314750392,-0.5770935691065167,0.8402521469428723,-0.23037917104458475,1.0306054320885272
0.28421810007097587,-0.13036856748790324,0.7023170701644497,1.9361196539857108,0.618669662595598
1.7321043454080751,1.9797723530616305,1.2461841956756372,0.7466643550555437,1.4913824895906922
-0.33073702657887005,-0.3937074008321964,-0.2635791375922736,0.27662886084592625,-1.0215363880511559
1.7194079269872595,-0.43380803197525447,2.1862390695677467,-0.7979059645694081,0.6655698053433409
1.1565973345211442,-0.3007832873968494,0.758887652027296,1.2358366810861128,-0.23080342556128003
0.6972537130226603,0.9357793727097029,-0.6616559434183109,-0.39267928781490735,-0.4804288543301312
0.6870789541997926,1.391200917409266,0.5060901169375343,3.6369616833155116,-0.000830507387946949
0.48967564622268245,0.7321787165008512,-0.31224226011772815,-0.3706645810279987,3.6315956251668564
0.1882697278964009,-0.6688393779996218,0.2311031428557781,0.4454693367480997,1.0306054320885272
1.5951847263845063,2.2564568677564485,-0.552324169970865,-1.5001040176215086,1.1374617168242747
1.1041937523101697,3.6430834651584885,-0.36659615985993205,-1.32567265412449,-0.46946899101952805
-0.932646445172257,-0.11959457140292391,-0.48193763270945567,-0.04922084971161623,0.5099434580834049
0.07668328026380287,-0.8146031187274139,0.08297605985250615,-0.07629739400170778,-0.152854154408241
-0.6431799020368344,-0.4089833255793348,-1.351614184516424,1.4510521351709327,-0.09282795730700956
0.2909725466057544,2.208198374576052,-1.1362293054788237,0.3970875246990909,-0.9169070700949477
-0.1962802102806685,-0.4604669767130819,-0.5658076219205801,0.06405511571674093,-0.3897365748006993
-0.4674161196504105,-0.3275918259929723,-1.117190889963189,0.30097658354990803,-0.3917950916361426
1.2205393763605157,0.3982793093809758,0.5075201308056277,-0.12883690121064892,-0.3001407664706531
-0.024754457064257048,1.8029149780835763,-0.9412104576791481,0.16167327463362777,-0.3937904083933048
0.060538973354075716,-0.21113489588216558,-0.202510622809652,0.46745245686589604,0.6107452421982074
-1.066740840857112,0.046524485320362914,-0.25413454082246856,-0.196689189825185,0.6214467877285345
-0.601934194586578,-0.9623657512924838,0.21675330992835254,-1.3525082485086468,-0.7124301554492031
-0.3897089691003795,0.10184500330447574,1.08853478269092,-0.1502040526688431,-0.6970683565275249
-1.1171715371963915,-0.3278479957832161,-0.48001888908551615,-0.45262131682659185,-0.207182814293634
0.2601658895670709,-0.027208927198786856,0.1614389424390291,-1.1557138896914976,-0.5584175837331021
0.06226495610328951,-0.31075978884254485,-0.20266207832132424,0.4284958669510432,-0.580352525187969
0.18798397431084984,1.501662150080307,-0.7066997555711404,-0.48750758952599554,-0.4792489523395754
0.8760626619376848,2.0247896683889417,-1.088629228625013,2.156261991144552,0.5337337732649541
0.1482040932703678,0.9479356912800089,-0.02669574362702556,0.3219722653966581,-1.4329438182653327
0.4446355162730616,1.5417902308703433,0.05971573134136435,0.4497410648010613,1.195925133153829
-0.932646445172257,-0.11959457140292391,-0.48193763270945567,0.2442592301534208,0.3585322885312632
-0.231170744393186,0.2143528653219696,0.7754618416892324,0.40035327752305405,2.136346979464698
0.3067137401293867,-0.3654430965876761,0.21867183379746993,-0.022815980700758114,-0.1289488083963812
-0.45724678894341547,0.7867162606506023,-0.6792221656078373,-0.280467165646777,0.6565626238164562
0.5604794162612097,-0.24736143351299988,-0.40341445575879076,-0.01351139140527529,0.618669662595598
-0.03947816274499123,1.9373935143282246,-0.10628162186963948,0.009544799551218935,-0.4471817676468349
0.11612207416266764,0.4236062334797479,-0.1339049810336345,-0.08917712037766323,-0.3558936016650378
-0.16172553724318034,-0.30106013201493953,-0.16387845380549348,0.30665784728167084,-0.360981876750568
1.036462233298316,0.7512874741338602,-0.44215444389480224,-0.7227663002937693,-1.0384984196427516
-0.12704334611563226,-0.09043153027984338,-0.10792539169471492,0.004258989046431398,-1.1044606590171444
-0.5662338896127741,-0.6269304226768975,-0.13642969452708667,-0.1845724336123746,1.4069200992592341
0.385927166366122,2.2374992887405485,0.066220065422636,-0.2316123944881946,0.5149765584974199
0.3349514038832059,0.050503659083673755,-0.21138033035702566,-0.8729734023477707,1.821490542915006
0.8843068179858531,0.22594046081438152,0.5932896754156748,0.33450130755091023,-0.4143155533929685
-0.09925657382539813,0.7016671943958613,1.2674485518636371,-0.22977468959384598,1.4069200992592341
-0.28484834910851886,-0.8715793220632905,0.32721483020568287,0.5576336175254445,-0.09547132566051501
-1.2919282322234171,-0.3780721981503458,-0.5097403043036879,1.743344869289672,-0.6908369625657828
0.33042475694946416,0.3100640229093836,-0.8933188502937293,-2.349897839786471,-0.5283545771841615
-0.19694949967406597,-0.13900580338663748,-1.2646884719818967,1.195134930392362,-0.6584093033524757
1.1162339297364172,-0.2045565456992324,0.24143035754076606,1.20268051916636,0.38166635951372924
0.20394711496863407,-0.24879451600381947,0.3871599638581105,0.7572451522872319,-0.42469223714525245
-0.035664029156542924,0.036656592735537945,0.7507736059616325,-0.44502438045418574,1.7317260338469023
-0.15682153446211042,-0.37469972657102735,-0.4900936788465003,-0.5163527836567819,0.6552966158991417
-0.549790578889407,-0.7338545349961216,0.01567184407319425,-0.4602508031366782,1.7317260338469023
-0.8208307618141827,1.1840118979247831,-0.8282322520472202,-1.1265527147928798,0.5500724982644013
0.6777436251420387,0.16283192544797911,-0.5521490627085528,-0.5282082410086332,-0.051712962465632346
0.5843397045668979,-0.9352517096758363,0.5847711642714875,0.907295184335755,-0.48595802519986114
0.6437626222821656,-0.4454574724084108,0.26305533979395496,-0.25886365745551154,1.3942964688084833
0.2709052458042829,0.19703736549986373,-0.45308710344951425,-1.117306318798944,0.6552966158991417
-0.8018033782526315,0.7169226675328846,-0.6462086420082064,-0.19304348706658428,-0.3890092723125431
-0.40277999914053575,-0.5066015293038993,-1.2511434988309542,0.7273741919023379,0.5333960373968908
0.9514778042419096,-0.4702180967726191,0.48798868052810035,-1.061789309346949,-0.06703965023270962
0.031677928553559824,-0.16383037814591617,0.3483012432695306,0.5820280621828886,0.5121076427745987
0.34536667784925684,-0.07101316284798315,0.007363055867818661,0.5248208796415419,-0.15818118534505549
-0.7348970422856808,-0.5962482386552138,0.4090293730632837,-0.31737256419272153,-0.3632433694987979
-1.0451451540358274,-0.26960027468172093,-0.5281058686238844,0.05372570529142118,1.6515211218047334
1.9410890300084913,1.2637310290426025,1.4016148135363333,0.14673461586541614,1.4913824895906922
2.231770985171103,0.6512511340229321,1.2530107066499858,0.7466643550555437,-0.233763797482037
1.209140954985116,-0.08646019719298033,0.03250332541976868,-0.9410291346182438,1.67813771773566
2.3387211460624253,-0.10318010272635118,1.3030799934564734,-0.4261457316598007,0.126560915491589
0.7739787842339734,-0.21566409739794626,1.0508163217434032,0.3715177620440092,0.5881249644447311
0.9509581267442854,2.7397817749635545,0.874807141635192,0.03868910531331967,-0.1256137502972431
0.1998064806905079,0.414417150761585,0.36313556191356133,0.6458427215718922,1.6417224345355657
-0.002871084187617944,0.9318385014387309,0.1942439637327463,1.6162383041077308,-0.17453095445029082
0.012985133166742747,1.4396650309930112,-0.9506036830133298,-0.3263007631422245,0.0976393558591175
0.12863295259333163,-0.2004224776032558,0.23068882974544266,-0.35538701317466403,-0.6860825778409073
0.7678771388226293,1.0015243335962918,-0.611887738335308,-1.670062782054501,-0.08171797712600899
-0.07337332795507251,-0.001347339105671874,-0.7970482462598322,0.28562867664883,0.00891865125849904
-0.8729428655489785,-0.387067287922731,-0.38405871235592126,-0.7791210485004985,1.4918646827805409
-0.7080851850550641,-0.5498599007365641,-0.01613560518595844,-0.4919800152139218,0.5099434580834049
0.11661613690035838,0.4470689321575811,0.2566668175591604,0.6679990178931913,1.7493341106831493
0.06651271820988411,-0.70658230887577,-0.36767925166581994,0.32200537610766444,0.502901163646362
0.9260432512635821,0.07505514221195211,0.6622947660319082,0.29020499268977373,-0.9827771844875074
-0.616269429336362,0.8055105108639313,0.23694771409768686,-0.2801934503361762,0.6813156534179602
0.4091627701038296,0.2864611972554823,-0.19055719758134465,-0.5299972806342437,0.36540320709466023
-0.46233776646796826,0.4004759301465342,-0.8865871298268136,0.0711214537590413,2.838729910828953
0.019091253965973894,0.1826294124066202,0.418738871705854,0.5151868176141947,0.502901163646362
0.0851462294669502,-0.5206581559445012,-1.3819725665538172,0.9023950974200092,-0.3937904083933048
0.6611578523060245,-0.4469640238253426,0.6475179116224715,-0.32585376818648065,1.7144607087579466
2.6073610408900563,0.3908258849728072,1.0137113765649655,-0.9633921299383745,-0.06351135018698247
0.18160411669448528,-0.14462315861244437,-0.4696325099428131,-0.9408095594299495,-1.0204151718475754
1.157259330208838,0.994279351299631,1.45762186774694,-0.6328670591068444,-0.2562397851097021
1.3060971370456185,3.3048945255634847,0.5665883908034226,-0.1327028074679781,0.3010086807731861
0.6431537409850236,1.3485619262962332,0.6183381778365189,1.8112331940807906,1.589947860353408
1.301491382234584,0.7756626604683184,0.2679068158077953,-0.9812825261944789,-0.012627057968223653
0.04711669590083591,0.023710935133203354,1.298834148177081,0.36278301381699474,0.6067298636796883
0.02905466550757959,0.5613790625263931,-0.3763384038742485,5.958061533895512,-0.009536105991547156
-0.2108189283983379,1.587065396501296,-1.3770544940149323,-1.9876173156003554,-0.28251981554438527
0.4671623625325607,2.5845742871845148,0.3051201634441798,0.7138004200165156,-0.3235497076348495
-0.33046988950634654,1.2601741184867017,0.14875149708437624,-0.039900199949732235,-0.43307176498465705
0.23514455846950508,-0.45247189144580907,0.4217996811670662,0.7967862166032891,0.3585322885312632
0.13926506236124453,0.8329853858280681,0.9968877599543772,-0.0671254532854354,0.031154378271111175
-0.15416836394577005,0.8912184926796101,-0.07724495885916734,-0.09373590973602386,1.4918646827805409
0.0584760740440523,1.4023005260860208,0.0869105528584691,0.13648760349106723,-1.1044606590171444
2.0316297752813535,0.4644066188875592,0.88791910629707,-1.7217206137981138,0.9847616335063407
0.1511461645938604,0.16603450717103926,-0.35209399411869907,0.6762059398297975,-1.0043011582375723
-0.7397751319219047,0.6413112417171504,-0.6493473647661787,-0.22898321792339146,3.2479457362121527
-0.40848260829456307,-0.6156648722797746,0.18698272165179913,-0.31658097459846657,-0.1421995909466891
0.8627555895745667,0.4877928041627477,-0.5932447892466569,-0.14783850364309548,0.5676421200265624
-1.2408238338583792,-0.6302862492337691,0.30787242905447226,1.283079019180367,-0.6954012454678918
0.1421955420326401,-0.2393690995641881,0.5166619947572032,1.6016227646159336,-0.3632433694987979
-0.20807240197643767,-0.6117555538278485,0.5967265546798204,0.5159125138285585,-0.1421995909466891
-1.554110299266344,-0.5136975807803283,-0.0016686069755797019,0.13255110995187416,-0.1289488083963812
-0.04921403489632898,-0.8799831069253673,-0.030562282561937083,0.2797820450818286,-0.24512894383431616
0.6616308959399525,-0.2447565274118272,0.45671185365490946,3.3611852532207847,-0.965959610217697
-0.2619038819534247,-0.557151679156143,0.35586952303720115,1.4022072077923926,1.0306054320885272
1.0865274632975783,1.2678562105088675,-0.2637025639491155,0.050883385867876274,0.5251923997224379
1.7457071611989075,-0.1160111247954808,1.7141483954856465,-0.4924274484964243,0.5295946697254613
0.9504780527258274,-0.290668251669705,1.5008628770744088,-0.10818042533353575,-0.9827771844875074
1.5710789950233606,0.009691294474341076,0.5060431111307797,-0.869467549593826,2.838729910828953
0.29848479459545924,-0.0063794535573860525,1.2027480292943988,-1.7908229567832064,-0.9905385052119792
0.20751254549681306,2.320755085271652,-0.18639670831038319,0.5410124952816924,0.6405877172570614
-0.18846481562203465,0.48284644883034866,-0.8664225931177935,0.22180216693128543,-0.5153218181843261
0.04516625960216741,0.025508002590956428,0.09695040723339857,-0.20412117535809102,1.6515211218047334
0.5020851131006531,-0.427003700656454,0.6389396215117744,1.5323824077769812,-0.9373447716000584
0.5240126267192866,1.746840700405011,-0.4098148320484258,-0.3029973683879068,0.6385964132032822
-0.289503705018144,-0.5408541050021036,-1.4180019532043837,0.32191879841877785,-0.980938697554228
0.06818562210824877,0.2610639463161288,-0.30535163522709696,-0.11240251732181143,0.7119432807720742
2.207825964666847,0.8764499483437558,0.652490404938465,-0.701361692178213,0.8254646658268692
0.5550603006855472,1.5218819092169609,-0.9429442348477424,0.030512807223811524,0.4262800973130729
-0.4218164466863626,-0.3964781819068585,1.224059472828617,1.1683184827816633,-0.6954012454678918
-1.3136714522493156,-1.0169090022667118,-2.3839318496403528,-0.2500728300690586,2.882986350831241
-0.2237747825605085,-0.16583986135476853,0.23843478889835207,0.8438035328205631,0.502901163646362
-0.423327263921178,0.428043777716403,-0.4398900070297049,-0.4147499254071367,-0.7878163123163953
-1.0387103382066707,-0.15369380734015453,-0.40249429649653795,-0.005369722353483674,1.0600105224786418
-0.6168878889811955,-0.5051790048034771,-0.4876718048480997,-0.7791210485004985,0.6659546904761536
0.08533371609920319,0.6041612384905426,0.2444962882076943,-0.1289378939437604,-0.08265625581920363
1.7066011854613234,-0.36911738298148256,0.5959797772533417,-1.7282065698868405,0.9203109293375056
0.8367894228310525,1.806792702342128,0.6590747739340082,0.283853505253098,-0.24532957900346267
1.3559887065627407,0.03356545836875292,1.3906565980545702,7.170452363030796,-0.23346016959272858
-1.228543860791889,-0.9783402109824075,0.42178896595280974,-1.2272754747159156,0.9397762190561528
-0.2717281391459353,1.776026870468032,-0.5304200679091282,-0.41579201530884047,-0.7688860497154721
0.6141333840703567,0.759921517026797,0.5007891261555968,2.5253663118597665,0.6165325636522389
0.2541400885666373,-0.07807720916754585,0.28556969020767037,0.0006061850716482251,0.4684445812850607
-0.8836228551600923,-0.37873580566333703,-0.267166826878054,0.03789701611773378,0.1959674755343176
0.48393606622946367,-0.3581187393059777,0.009892979112401593,-0.9678647290024007,-0.23909116281079976
-0.1070074270891761,0.4242822580707239,0.3397188561817475,0.6753246812383049,-0.32413229806541954
-0.2313524143410232,1.9718981153470863,-0.9796502883982,0.12649464151450873,2.3356813639312555
1.119575347686393,1.923222773315282,-1.0415372063326616,-0.663280732742222,-0.06405353013191219
0.43908968662726094,-0.4771209645360505,0.2793974512195787,-0.7522854541163417,0.9139176896726516
0.03746540422140072,1.6432467919802956,0.24778914213638095,0.642917592808321,-0.4996028886615674
0.16592059678976145,-0.6644184185229317,-1.2323363585105456,1.4238978665673117,0.8672937546744337
-0.8076910872213863,-0.8153255045225142,-2.001703673326237,0.08226998287949844,-0.5055744600792651
0.2210556893364773,1.3503799794217783,0.37644225205954235,0.7665645188586223,-0.7482406908102948
0.8157682995692166,3.1350628666500344,-0.037056376142912094,-0.2316123944881946,-0.37696698226439446
-0.09699244155055892,0.1156920178357385,0.016344673976458952,0.6064156846291772,0.8078552514228273
-0.19458003898301718,-0.6910994664162351,-1.6684540336810307,0.36089701308004285,0.7119432807720742
0.23234334569060494,-0.44239169293912056,0.2393295228026471,0.04483771198159887,0.664472665360058
2.025554442923509,2.3095871307825293,-0.6234105538455339,-0.4624610347674493,0.1822996911682293
2.2575703156195055,-0.5124768672762995,0.6629824937656178,-0.27875080081321546,0.3554712646339844
0.1360144625608449,-0.7037324747060435,0.27775841396163875,0.6788163414982062,0.5349850679365312
-0.3807461280657624,-0.5298496660755727,-1.099502521878522,1.287010051505879,0.7119432807720742
0.5320378216060154,0.7413454435763316,-0.5437978871253273,-0.35728917000818217,0.3836658561702486
0.386262355525218,0.29677939791906677,0.11177460546708017,-0.5054291486455611,-0.10094716101444622
-1.3156201902789322,-0.9469690729451905,-2.303209112274669,-1.061789309346949,-0.362164788268661
-0.8484897496129901,-0.4078649079923139,-1.542345834560573,0.08076129535767744,0.06112074554691287
0.4211387499696594,0.00830650322865621,1.6004349076788587,-0.2858017664506273,0.5099434580834049
0.0061942577032980135,0.12477021368281013,0.017250662712026906,0.640799343769694,0.3277988261254243
0.6064958913019445,-0.14514419045864219,-0.5458081551172566,2.068362525265465,1.629044966981094
4.162896092196365,0.04712322644287042,0.29479495749855833,-2.3856786322986796,-0.0919399794875619
-0.19495737357118617,-0.23586744613440128,-0.030852836984659248,0.04385483019533949,0.5881249644447311
1.3607994551844835,0.1331856672557433,1.5482319201589048,-1.8758023389997023,0.3574428395627976
-1.2878522937804906,-0.8778936822081327,-0.4709982660589595,-0.012694634139340433,0.6214467877285345
0.016913116835084063,-0.2141393500250458,0.7544492062246986,0.41486096627192215,0.5121076427745987
-1.0058862680291427,-0.5684097058941218,-0.06320927719190303,0.3208581019271531,-0.1289488083963812
1.0825796885521959,0.6442475458059369,1.0041843466004772,-0.17211305557206222,-0.17288640567570143
-0.9862072665355854,1.3490964313601463,-0.8423923046932724,0.3118232632391787,-0.0658579090864366
2.4475280843386678,-0.00015298240453445974,1.3907402108946554,0.07737571448184839,1.4913824895906922
-0.022571842298700993,-0.2097247053931588,1.3776605781800713,0.1622315776857126,-0.9905385052119792
0.11241927968580202,1.1682089370121451,-0.017660967258120275,0.6877758719431617,-0.323566594428253
-0.47398270332989106,0.8740671186834086,0.008268637546431146,-0.40217445373762845,1.4949200220146939
-0.6929616926531802,-0.7178525126079599,-0.019914535166777325,-0.7366313573922504,-0.10846529519431537
-0.05227882924168569,-0.586122380030569,1.6947889184064533,-0.6659642921806377,-0.6954012454678918
0.5041585533025866,0.510409544614755,0.5351709078113353,1.8537760958682663,-0.8482095045811906
-0.21539325107112198,0.1147398724798173,-0.5485685230803232,-0.008546250861128476,-0.21616391324852957
-0.0464788976344566,1.2758419453983565,-0.722840999870956,0.4184328737036766,-0.4516596102302368
-0.7606831080423181,-0.6933120112511862,0.18299483667267777,-0.3516308941057553,-0.20670881370652533
0.16535344000747643,0.810019719688751,-0.055085184319832094,1.6231924006540133,0.6196710935085913
0.27180936120092275,-0.5534974096661222,0.16237601002426777,0.4693454727181934,0.6165325636522389
0.9757991303272507,-0.5193115785629111,-0.12509262851855965,-0.7039813842248597,0.36428617079043696
0.007225815238571565,-0.7658144837093092,-0.007495238040300067,-0.2306645415517153,-0.37696698226439446
1.137905131298684,0.7759669466006135,1.1667502045123845,0.172306503671286,0.48077494999690895
0.33146031300479256,0.9839989354517946,0.6320369576333957,2.679483011383881,-0.4091642454251315
0.3433178951851846,-0.1342678909325984,-0.30537036610383106,-1.3203104430121166,0.36428617079043696
3.6914772401037736,-0.008696352291266071,1.5217968617715045,1.8300144077423877,0.9411733086173097
0.8860338394685171,0.22945084689911738,0.5453479858339944,-0.2306645415517153,0.618669662595598
-0.764002912942713,-0.047682519748180455,1.328684458424531,0.4133386509799761,-0.2502036760459292
-0.28158821859032535,0.6806850150111802,-0.07474881386426754,0.12546159296970383,-0.10094716101444622
1.0231989538241,1.2298475320562732,-0.0402768457489347,-0.18426769701033263,1.6515211218047334
1.4107928269941905,-0.018362684660620562,0.9379604957961378,-0.6854132470790145,0.8897946545022678
-1.296349458612204,-0.3916735737408929,-0.18700488050908645,-0.09493047294358417,0.36540320709466023
2.1288428113165767,0.09884692833596767,0.6667134920673483,1.4038320813385379,-0.4189325030269783
0.07193054094883948,-0.8839737774791177,0.09182658024993702,7.142316768693785,-0.23346016959272858
2.207825964666847,0.8764499483437558,0.652490404938465,-0.8457854877783809,0.33128486218934516
3.052556291299141,1.7037869959220118,0.3426126741487746,-3.3964860207685823,1.3602473430365238
0.32221555859531176,-0.28797826657688164,0.09853356265045682,-0.12769605882642315,0.08464638950116286
-0.2681763338155901,0.3644872737388752,-0.09026197376158825,0.06904608371674013,-0.14307402589221938
0.0012418239272486188,0.45038939767044983,-0.972275950993579,-0.17334899680754057,0.08649674734861669
-0.27828204335381146,-0.6559829223380261,-0.4900936788465003,-0.6090906778534312,0.5676421200265624
-0.5739422334366934,0.7802603259537754,-0.04150867110015964,-0.763466951776407,-0.35734954420914444
-1.1965942979746635,0.3588502582168512,-0.5882927591622643,0.44114532716494914,1.3053823184656124
0.2541400885666373,-0.07807720916754585,0.28556969020767037,0.0006061850716482251,0.362788930840681
-0.4050411251026757,-0.6742186295873458,-0.12937580597706866,0.15988022757519882,1.7317260338469023
-0.07657683184299266,-0.8075263097448946,0.21204750232123865,0.40790096264302583,0.5121076427745987
-1.1384977306224318,-0.8945440563053336,0.38268029649601515,-0.4763260918659303,-0.9697330561614202
0.3626064165400799,2.2247216174416584,0.018886501521123273,-1.3703986447647512,0.2595270251601936
0.4492245658647889,0.04990492030936929,-0.3558206708136931,-1.061789309346949,0.4886607481242385
-0.2677588132681123,0.08953159370615127,0.8481489843567691,0.060690221888229666,-0.1421995909466891
-1.0810010398659078,-0.8182811076926805,-1.8154181551834347,0.17713425190438942,0.06112074554691287
1.5656448469428408,0.6142130639254185,1.4040650059144664,-0.5537020556735821,-0.4104265750310117
0.2230178611364043,-0.044729114922368425,0.2914979359685516,-0.2306645415517153,-0.37696698226439446
0.9427446516345881,-0.23740588626368025,0.7083890967010837,2.5169576286200077,0.5298889346402095
0.24869124454737204,0.7780839252796823,1.0698056867544479,2.3904384672465486,2.073016488323598
-1.2315216153499022,-0.8760417158617886,0.26648498689073424,-0.9102417594312918,-0.7124301554492031
-0.6985022028026949,0.24503493255927,-0.8275822126748676,-0.252221143371376,0.529643156558005
0.4799599383039296,0.26180449433418257,0.09927342590851863,1.2491597706689377,0.19194189806136686
-0.2373661499762964,1.6531741292474644,-0.5896325497392866,-0.36549508705936307,1.4514236549115218
-1.1842040002565706,-0.37244021194805305,-1.7748095992587298,0.6951300932612965,-0.5255871494177338
-0.5206332432517728,-0.1216741975318478,-0.05116768292247149,-0.38642685067900534,0.502901163646362
1.11166564672274,-0.20783796132857646,1.7760591417030271,0.46912434542960485,-0.22558440322385637
-0.2583366178764595,1.6252502833952487,-1.7697347705962314,-0.2840534234929739,-0.5514924936740359
0.7130309587434591,0.739483180939949,-0.8069018532650934,0.20149027541753198,-0.5283545771841615
-0.07543058472731597,-0.5467188762016681,0.012762413960394353,0.5934843355527908,-0.1592607697510381
1.1022148651488837,0.09551285534037422,-0.27766743779462194,1.2678979407577726,0.13182641830986522
0.23971238193116465,0.5557737419738363,-0.13546636064754736,-0.34059194475710064,-0.4143155533929685
-0.6970885727039956,-0.6710649269385502,-1.0744854238267885,0.16910790839638723,0.5333960373968908
-0.4143049156682561,-0.33388480226817696,-0.08836730523689651,0.12799431442971698,-0.360981876750568
1.8753420742909475,-0.6835010615785845,0.8195540012211189,1.3187223060531565,-0.6961997734410951
-0.38885628611447903,-0.40401802873323894,-1.1600612908135477,0.3704177767728482,-0.4321881342605409
-0.6104391784323657,0.7787344099215011,0.22874184472347564,3.266246527231513,-0.4471817676468349
-0.6971891741604913,1.0633629468537122,0.42386694347403747,1.6974754445858535,-0.2969842736720554
1.0615626376962572,-0.4696786235291596,-0.22916091430073451,-0.5188157829741784,0.8869315906385469
1.2243737108106756,0.08456196272713098,-0.005921836009702808,-1.0707345074750012,-0.25586927883067817
0.47045564612886376,2.0650936868150334,-0.35328910064334584,0.7867923061808993,0.24374422677525656
1.7236485785915505,0.4274300630435104,0.6259754125725153,-0.7066649436632754,0.6859837650201026
0.823303547780865,0.07635039217789788,1.7180166074198573,0.22562125226178517,-0.42169106940676904
-0.45974600411846783,-0.8140822079393092,0.35163909064464205,0.1368096616062855,-1.3875460149445613
0.43269671734031373,0.5055206738735264,1.8189083568655082,-1.133350894371367,-0.3835473142244776
0.10414464352818471,-0.03556039891940797,-0.4524313770871493,-1.8905887479828019,-0.5283545771841615
0.3528468667091728,0.134543455560116,1.400165129050841,-0.7165046616041328,-0.4196061356073881
1.3598666980760656,-0.5050310823628547,0.4358374760494486,1.4569859623334802,0.34214875501070663
0.9628066420702871,-0.4257605444670506,1.691092914525173,-0.26860885291931513,0.3574428395627976
1.1255120263449476,-0.34513288559583644,0.2930815008454459,-1.1736042859476021,-0.4143155533929685
-0.5975851578490863,-0.7405697171249472,-0.13349970590359822,-0.2047540606472592,1.4069200992592341
-0.27428879660922545,-0.4790101894847075,0.053027984099680146,0.0947366424543584,0.618669662595598
-0.33046992527043684,0.9639868976778642,0.1834233411331208,-0.03691483916669919,-0.23102496022721264
-0.06315258319015861,-0.7642173358048591,-0.7827155463386284,-0.0741681506003999,-0.9169070700949477
0.2885980951621478,1.2004273069284712,-0.3093074421654329,-0.793433365505382,0.017743421977434313
0.4248604502318233,-0.7628574659175047,1.1438051499862958,0.35121434928164713,-0.2502036760459292
-0.44366974119833574,0.34778104932094334,1.6915153133813325,0.49312275040129117,0.14730391684575098
0.5544316576972765,-0.350421943950094,-0.43792794395139395,-0.0678882368952576,0.18464830807496782
0.22270485658471895,0.08057669826826741,-0.5150448099183523,-0.03411134460412086,2.9591571584057714
0.42242189285947196,0.21234372390242157,-0.36206394828269234,-1.1512412906274714,-0.07095955984990984
-0.021264293912261447,0.7432894085764548,-0.48362732489151233,-0.06117969575678382,0.9582349890095816
0.2228709533558734,-0.08679739643024925,0.3986912129735784,-0.2306645415517153,-0.37696698226439446
0.2988865711825944,0.4358866882620695,0.09641752415219658,-0.4765438942665656,0.31506701987930874
-0.48912656070051735,1.145646388853594,-0.9901179001906791,0.1167067806736669,-0.4708913271728026
-0.8098945720027194,-0.6898645676068065,-0.010365524445587204,-0.8527283458513112,0.36540320709466023
-0.3928467558853475,0.09403599863404087,-1.115571188207125,0.5198586701844317,2.838729910828953
-0.14922984044810123,-0.5322510526612665,-1.9132921312282931,0.8001424200717676,-0.3164390300443224
0.8900947176626662,0.21440148543389434,0.5205975515508104,-0.2779138414282852,0.6565626238164562
1.2454863644871783,2.574892247997682,0.39069440852289955,-0.8247415589535648,-0.4444297219100418
2.0564662429549143,0.5102615953589619,0.5286896601538539,1.785083729195897,-0.49740911028292445
0.9315212729589052,-0.21218930428731103,0.553851417618869,-1.1870220831396805,-0.9827771844875074
0.6026044453331882,-0.42767252637427766,-0.47094073620345406,-1.1244056962433147,0.4820855992393586
0.31269683710072627,0.797848938061529,-0.35795374525591,0.2911392473173162,-0.10094716101444622
-0.05980432674247174,0.5237175859737329,-0.29281957635284434,-0.8023785636334342,-0.5136033779605862
-0.24703872035679883,-0.2315671111046948,0.7129378130450442,2.458166896963432,-0.24512894383431616
-0.21531336370464496,1.5284589712340286,-0.9662369731596682,0.05981127986485649,-0.1437586934069319
-0.008418974177975302,1.3137254599830557,0.3785688466751715,-0.9455017336822701,1.6515211218047334
-0.16646953581333393,0.28770332155669837,-0.7757930451534635,-0.12514843659298377,0.8134757112945186
1.2657447031348878,0.35149694780802626,0.20930288970548,-1.4553780269812473,1.6616505227110443
-0.3934871805993451,-0.7581194168006508,-1.6105005578632232,0.4039444425230409,-0.3917950916361426
-0.3175611851693735,0.06932866877385008,0.48692948414033904,0.1534694289861526,-0.3632433694987979
-0.4642659435735102,-0.43292252752599525,0.3284999497365239,0.031605054263014715,-0.1421995909466891
-0.11541577086844483,-0.13008182335401788,0.48498418923088715,-0.4751621871674045,-0.20670881370652533
-0.8797055283711239,-0.7084194627006615,-0.33463826829155807,-1.0260085168347401,-0.023288643660695666
1.0231989538241,0.47058617605019026,0.17054565225576057,-0.09521439502286479,-0.1289488083963812
2.761190172027448,-0.23414788958052526,0.9080030141662541,-3.791359570549303,-0.06703965023270962
0.07571671191196304,-0.07268242771327024,0.7068527585332779,1.041840729814646,-0.1289488083963812
1.4997379990799915,0.974667477214633,-0.7500380797846031,-1.0707345074750012,0.410035336451176
-0.07114724093282297,0.22601555053807426,1.0137786255517,1.930870054768067,-0.10846529519431537
0.2710812108259724,-0.4393193675704435,0.2794556243481161,-0.04006193070457653,0.5099434580834049
-0.7616978768799075,-0.24496186670137166,-1.3983380543181494,-0.5850102491217649,0.7259890801801252
0.5005110075002697,0.8257590877055095,0.6193521652073095,2.0250507654078707,0.5402604353172905
0.426915384226163,-0.5292939465029317,-0.804809602809702,0.24562270845283896,-1.0578657325204657
-0.05484767632287873,0.15395182776161365,-0.796049297326467,-0.7053586376383528,1.3312214531160962
-1.1909916225140793,-0.9580733225652825,-0.07257210349204825,-0.46916993336348845,-0.48595802519986114
1.5542533078960423,0.10131245611985955,0.46577991389420226,-1.7282065698868405,2.950937804309736
0.7475899496383636,-0.2822080857113615,-1.0917671864958733,-0.2844664674643459,0.7119432807720742
-0.8535228233433587,1.240843339014764,-1.1129604627174745,-0.5125541442845418,-0.7313488815279003
0.0889864659090886,-0.07010755357105554,-0.39651203410163044,-0.36151447389237984,0.04188953019226994
0.11320347217730324,-0.6639578793874209,0.22341919102708346,-0.6328670591068444,-0.2562397851097021
-0.11283789355779529,-0.5562019027283549,-0.23026123234690488,-0.7423242163818762,-0.152854154408241
0.012283148083203002,0.3469043511693422,0.9403399939256655,2.63466480633622,0.6208351848545861
-0.3833536752354877,0.10979047169501946,0.0401788000243849,-0.10033651590103089,-0.19854513586992756
0.18426774675495083,-0.41799520826489805,-0.18101603767679392,-1.0081181205786358,0.5038157256257215
-1.17250518880943,-0.7522975943131089,-0.5806733521535332,0.40399187045401985,-1.0043011582375723
-0.009566875850277056,0.18411667218812258,-0.8258466395276479,-1.3771075433607904,2.3356813639312555
-0.7080851850550641,-0.5498599007365641,-0.01613560518595844,-0.4461688959088723,0.618669662595598
-0.5562109071163169,0.0031995942124405687,-0.7709626585373883,-1.021535917770714,0.6347579280255606
0.9182437256041741,-0.606473883720693,1.0495893447858395,-1.093097502795132,-0.47791355809293096
-0.8789716209789833,0.5067222087746263,0.5440836628733628,-0.023809409189623286,-0.48595802519986114
1.5459946021016784,0.42684894900002995,1.2707497072874392,-3.792871178460981,-0.47791355809293096
0.4661794835339937,0.5247019434297411,-0.023920881499924534,-2.873191930277527,-0.501289896042141
0.19896931416306493,1.124627200976008,-0.26254278232167705,0.08894449054958269,-0.2984460680752621
-0.2002681510079018,-0.16358932661750566,-0.32351591639746374,-0.641364997328494,0.4832680091695291
0.015629357619014458,-0.5369540432857229,1.7644214541792593,0.5655309245798079,1.0260436571260325
0.3059717029118221,-0.8589307407602162,1.18349622012082,0.5938150255425203,-0.2772372587367316
0.687431489281767,1.4688717636715816,0.7457737664601919,1.148715923267623,0.44564690860286404
-0.15496946662470773,-0.1904263041815096,-0.618551529336252,0.056018847818578035,-0.670069216207426
0.8820567375145464,0.22326483424247515,1.8012396317735642,0.3468576055781255,-0.31055768011617907
0.4795726478138738,-0.4321620400477792,0.6646221358183343,2.424819843835558,0.3585322885312632
-0.1781896459007779,1.2985613704052084,-1.2121452326893727,4.123059392690237,0.9939286543846455
-0.21531336370464496,1.3738367207073834,-0.9978338369365284,2.049725417545171,0.1378683792327385
-0.4238381493592257,1.1936420975150093,-0.5738407817026709,-0.5089760650333209,-0.009056587937286963
-0.3645395025725543,0.1414775270921545,-0.3848922790259823,0.07638230736086263,7.234458872946149
0.24900589164375594,0.76446832367049,1.3900863953782763,1.1974353797510764,0.6067298636796883
-0.28638480810189126,-0.5274239122172029,0.897383141613419,0.09348275557969801,0.5881249644447311
-0.7817985369256771,0.0007242367226090306,-1.7814495394771195,-0.06634847052544626,0.8509065428424427
1.725311305675733,-0.5226247034138125,0.7730399339884262,-0.2306645415517153,-0.37696698226439446
1.1211707208952755,1.8844018390078545,1.2621472930724833,-1.2764740644202028,1.4913824895906922
-0.9493953791701616,-0.32598173644665474,-0.2724326845294534,0.01207053504264337,1.589947860353408
0.3034578177096728,-0.021143424590232784,-0.38523265613193675,0.25086468423771885,0.5676421200265624
-0.990892227057766,-0.7968871808275676,-0.750996610558682,0.23665697716682,0.22740784251944937
-0.038283756425434086,-0.42910658867784124,-0.12081669790042052,-0.2306645415517153,-0.37696698226439446
0.07152750457860282,-0.26356481914376834,-0.06369790188133599,-2.4035690285547844,0.24351249315489232
1.6722237404331717,-0.06734477423822452,0.8748576701243093,-0.45127953710738405,-0.6189652650781405
-1.054991199634949,-0.7253737778290882,0.04039449425646086,-0.40520372156653073,-0.23080342556128003
0.43199759265011795,-0.4604669767130819,-0.5496302323016998,-0.01656559111957749,-0.5153218181843261
-0.7248626063120825,-0.13827070534543962,0.4526820444780963,-0.647179376111728,0.6165325636522389
1.1658101321685315,1.0129591210763362,-0.032947305553764794,-1.6163915932861876,-0.09282795730700956
-0.46872237675111217,0.34735377112008137,-0.8642769480431042,-0.7291721849168568,-0.45627388472865826
-0.5645418143488684,0.5324173021101063,0.13569642271360605,0.17913498362953229,1.6515211218047334
-0.08291722915099323,-0.8849722599973957,0.2703510945379821,-0.12726341786758374,-0.7124301554492031
-0.22955691715486864,0.33828479019763985,0.1837800637824018,-0.2306645415517153,-0.37696698226439446
1.4529612675789858,1.6627300766732218,0.33669195725135587,0.6935361660798357,-0.796541601430629
0.5283121580921358,-0.2136698196208324,1.4919622263428747,0.18219041497482624,-0.47972077937901825
0.42673879726621405,0.4603133563352306,-0.38523265613193675,0.12309724710566904,0.6552966158991417
-0.3611948760044752,-0.13484333086041564,0.10117750494810421,-0.041058568789784915,-0.476987961179268
-0.684851246729733,-0.22493701781917833,0.29287166917961477,-0.24334575713488016,-0.14307402589221938
-0.9555358031493231,0.31069788964432177,-0.0629671648679722,-2.116847939157111,0.00891865125849904
-0.22240672988442228,0.18341201957609213,-0.1938558567132291,0.5074675395310804,-1.6045166487690343
-0.8209483766887637,-0.4958341042973018,-0.06935848313928068,0.6142275926204939,1.468042600363877
0.10191556247530464,0.060996527524344285,1.2122185189081371,-0.007387014549230658,-0.10846529519431537
1.8554480898982375,-0.15784822473877952,1.5287482978985563,-0.15770950052984167,0.6140968526988001
-0.19759910918372764,-0.3543795637255181,0.12819548646510995,2.0908011618455946,1.0306054320885272
0.11814539304102195,1.5073641969437022,-0.7283636489682942,-0.29812315283095325,-0.19854513586992756
-0.16811676524826857,-0.05774772419259777,-0.19420536832210236,-1.0304811158987661,0.017952584141269875
-0.6679425408945225,-0.6909090770438094,-1.1326681392442681,0.7676044798838987,-0.5255871494177338
0.6841892753830495,2.7894933714880636,0.8986174552186154,1.539162151914614,1.4487699204076103
0.4780193439789394,0.3693395727029115,1.6021734455579,-1.2764740644202028,0.5295946697254613
-1.1178512577895092,-0.5051000660603252,-0.1613656233686833,-0.08033818177676859,-0.23080342556128003
1.1998236887248488,-0.11401211421323525,0.7490605776502252,1.387394298675805,0.3585322885312632
-0.23458161996128626,-0.1456446055744123,-0.07085141142075761,0.06290522861903775,0.07949173761384008
-0.3034248625743728,-0.0008611933678733935,-0.46789437621405566,0.12306913515063322,0.3653343223532529
0.46529639879654566,-0.6420579267583262,-0.43904126913365804,1.651316370818983,0.12217603386989169
0.8659264405420445,1.7017289083823846,-0.0633631301980522,-0.5013726466244766,1.2256405392722236
1.1933512089858813,0.10921753746790167,0.36223017044918365,0.9920353071698863,-0.41909317835827015
-0.0755197256822471,-0.15052321823600132,-0.39852265261909037,-1.061789309346949,0.9520437220816684
1.1384233057468363,0.8254212848888629,1.391526949377417,-0.26584245450329597,-0.10846529519431537
-0.10049530454229896,1.0723572972486037,0.15071138212700863,0.5777910562205817,0.4684445812850607
-0.6896676338480183,-0.34255288372447507,-1.0954389628467553,-0.32166947862836487,-0.3917950916361426
0.10752836007403212,-0.9555844571223936,0.21984171441745975,0.6994277477677984,0.3585322885312632
-1.3336906927428718,-0.5389490280725808,0.5369742487259448,-1.163899886784963,-0.6970683565275249
0.45495470279029887,1.3775341758866066,0.40296804908383227,0.38133952144140765,0.9119661782607531
-0.5956008659598981,-0.3855700790191822,-1.7042932457178568,-0.11588264834962224,2.838729910828953
0.7539759432989741,-0.5972062817034268,0.5340014211277458,0.49717903149137643,0.32627182529224497
-1.9027189798037432,-0.8108683628712233,0.14079444497860413,-1.1244056962433147,-0.8190690854183751
0.2503923232613986,0.39846680605106033,-0.20672389023231252,-1.9876173156003554,0.3721291667483489
-0.05077072823761953,-0.2254017039674869,0.5396388655954221,1.2240753696905666,-0.48595802519986114
-0.2866011534373966,-0.36148841920188385,0.43974863729526414,0.06722769691781645,-0.152854154408241
0.19164661307857012,0.3910663247689563,0.0429967102396195,0.5626882912670563,1.0270277726306962
0.8452816663981314,0.4424869426416964,0.04535761118686398,0.3692687075546863,0.502901163646362
-1.1684943289296075,-0.5636297181790703,0.370062192441961,0.5831789602908304,-0.1798728566573323
-0.4677839306478056,0.09103196368626519,-0.452424685334179,-0.14328185092464615,0.7050885802181832
-0.5264417322280128,0.2529444718989653,0.3472475558585143,-3.642478969290019,-0.6961997734410951
0.10765058650879866,0.38970890773129435,-0.23666955949268387,-0.3077433198042687,-0.3581547600213192
-1.0597571181721226,-0.12636228842297365,-0.41074065669998977,0.01766063825454944,1.1498365596652838
-0.31678424661941335,0.07884485655744022,0.023577013416020174,-0.059393967877378134,-0.152854154408241
0.16560432485521062,-0.4077698389058811,0.787895167581858,1.9399189944517214,0.29340159833499563
0.2590574871811103,0.762146418994625,-0.40874599884268287,0.8395150684362267,-0.10094716101444622
0.1399680389825976,-0.15278220269136833,1.6392400861930854,-1.7952955558472323,0.9320183258491539
-0.8028262220187868,-0.28166680069448125,-0.8088761036858965,3.1993013011187776,0.6385964132032822
-0.6564927255959533,-0.6343458129749356,-1.2531869498825354,0.760480822378456,-0.3917950916361426
0.9097227313412479,0.32290767877036153,1.0164288871231948,0.3245967028349016,-0.4196061356073881
-0.21273153234950876,0.1802129460628411,-0.907584709619907,-0.3697788408931413,0.0891825834795915
0.08876500063130376,0.6003486169253639,1.5175919905787694,0.30606187403671703,-0.10846529519431537
0.24900589164375594,0.76446832367049,1.3900863953782763,0.22908038223894694,-0.10846529519431537
0.16476454216828032,0.5412050498908074,0.9175049938236841,1.0918773239095854,1.0878596871320252
0.3337245193450258,-0.14886174413720882,0.05431651523372206,0.06827967182078583,0.0647472262292363
-0.6117037173548124,0.9870627266482042,-0.02522172497804333,-0.4512498361743743,-0.46889417125992294
-0.6624618768026609,-0.6919685777278014,-1.106163840551157,-0.1518001398216819,0.499973227744617
1.7066011854613234,-0.36911738298148256,0.6420722888159165,-1.7282065698868405,0.13725008851981862
-0.8277798409744789,-1.0118826311279916,-0.977518075336333,0.026272092409180933,0.8879340977003823
0.2988865711825944,0.4358866882620695,0.09641752415219658,-0.4765433770308945,0.7330129830599965
2.45498137181084,-0.10685352184013931,1.2775570834091283,-0.4963847894208392,-0.6961670030301345
0.28128601532819414,0.7094617388635366,0.11920652550958899,0.2829424589246569,-0.3850715853811982
0.1247966886054711,0.017715835592225324,0.4026913358661292,-0.9455017336822701,-0.1289488083963812
0.8568354745549157,-0.4350722365812877,-0.5397644147178297,-0.27686304905550146,0.8672937546744337
-0.47142576399659364,1.1374692341937949,-0.3970755472619788,-0.3287787337384685,-0.4377860226757032
0.7840728058081494,0.5459193266806792,1.8273909323460007,-0.2306645415517153,-0.37696698226439446
1.6598585339659182,0.0014542305803489136,0.7825728062934656,0.5358720738123073,-0.25404466916326485
-0.05619204866220027,-0.40376465038259657,-0.21372295619131448,-0.627745393478603,-0.2562397851097021
-1.264129945751955,-0.5227627760504434,-0.4513268348438349,0.10344382861818109,-1.0043011582375723
-0.41544932409741725,-0.34674130605167536,-1.4889082388021728,-0.566638521609732,0.36428617079043696
-0.24680736316812898,0.6270849857153841,-0.931601959529608,0.09086256892113942,-0.4804288543301312
-0.5730233208462094,-0.48401866604052696,0.32547183327366264,1.3313682028888827,-0.6961997734410951
0.5595919348246925,-0.009257608820006761,1.102051756329285,1.214700074608132,0.6231311199735196
1.1358585332091264,-1.05778743646403,0.9627028442628776,-0.5310519441647644,0.618669662595598
0.7952328588365288,0.6307676105345847,0.14397548474807667,-0.3138181260525872,0.5360574629156194
0.04049235910681415,1.1354470746693555,0.015586466547186166,0.28101261251354664,0.7289718563614369
-0.22530221007185985,-0.44474016754180634,-1.2511434988309542,0.21375618267047744,0.06112074554691287
1.215384150139906,2.8022572769083154,-0.5135542947780846,-0.27298607850728185,-0.23882213858231577
-0.0742024595176418,-0.5547285737718776,-1.971834225666646,0.9768102417119404,0.7119432807720742
-1.052942275681002,-0.15778461441817773,-0.9325239428444984,0.004787806941327215,0.8288681070794913
0.7162879542822191,1.006842336248257,-0.39854968239784305,-0.2810163623374858,-1.0091493399040237
0.3040047985145393,0.23437464835769428,2.0095413303501006,-0.9320839364901916,0.7075665917531171
-0.7912835976160688,1.0585173979617895,-0.5218942798511508,0.20545293930087993,0.1347286060315697
-0.002800535511379311,0.5476933891734683,-0.4927618541647397,-0.6664115520870403,0.8009386883584494
0.6370798100596001,0.5940254868028966,-0.4533247535198987,0.5907668557001964,-0.7590791698435644
-0.6035420363505618,-0.7487765484959853,0.22026049534017758,-0.4852621975914777,-0.24512894383431616
0.14078509474145712,0.36264054659864936,2.2601160803110014,-0.16834819609022944,-0.10846529519431537
-0.5807380591852092,-0.27964667642484875,0.42431343029366825,2.27155167803585,-0.09547132566051501
1.7988439268409762,-0.11578759330523718,0.1496959916644792,-0.8426319552096693,0.3649760213803524
0.8919474741196495,-0.6460035873607778,0.5497654769610035,0.34123562303246313,0.1735075387201842
2.0286346257577748,2.069529824246615,-0.696857962265058,0.1633748262026009,-0.9723552742241781
-0.03786696698733844,-0.2377229881358549,-0.005533628879570597,0.5109351020940764,-1.1176066096915729
0.09319664907149229,0.11808489107551251,-0.22336497812576028,-1.021535917770714,-0.23612950236381852
-0.4069672733425804,-0.4244129048923827,0.03802084382539155,-0.35860728450076285,0.28955642531830245
-0.16934368393043758,0.7762849385000594,0.05660979156302057,0.21555289264196661,-1.0043011582375723
-0.40905464619709403,0.9943440971867163,-0.17088448476515997,-0.31323145508552025,0.3891493825389971
1.1017549700736322,0.7987214311345711,0.8845906842651233,-0.8617977597506123,-0.42469223714525245
-0.8583749273956539,-0.7537030408077,-2.0967144605078936,1.8703226907961128,0.36428617079043696
-0.22739571498372002,-0.0679692502132095,-0.18903615962282247,-0.3989501280582784,-0.09313793864334094
-0.640718964163939,-0.544956723988633,-0.021268052632189068,-0.4809054507555418,-0.360981876750568
-0.09050753852105282,-0.2083577637160992,-0.8857298022303062,-0.8246933335231836,2.3356813639312555
2.020780946987537,0.9792722299013713,0.7429628755769155,-1.7237339708228145,-0.4189325030269783
0.19896931416306493,1.124627200976008,-0.26254278232167705,0.5773412891723853,-0.10094716101444622
-0.6090737684297471,-0.02727049693515394,-0.33683708168323545,-0.6583608737717932,1.0101078744246212
0.3669797461641177,-0.6262223950116519,-0.1974394182235385,-0.12702273624507962,0.5099434580834049
0.4110750109248923,-0.21409009786323704,1.0622652919050666,-0.6507574553629488,1.3040096395167016
0.669916864212216,-0.92230243445166,-0.6105905989827033,-0.17290008451379696,-0.360981876750568
-0.8653764821637258,0.6571066685428483,-0.6263778543289064,0.08547490919853715,-0.06629763449881607
-0.18826947034513017,-0.04362183537843101,1.063008809959439,0.24870251155551756,1.0026398990370389
-0.25503700378179117,-0.2029704575432914,0.0021138697207746192,0.4205214287750838,0.618669662595598
-0.1147206618660776,-0.7389355188487917,0.3960913426719868,1.3664120351874751,1.0306054320885272
-0.11932426326673853,0.4284273843421089,-0.10211631753861788,-0.007261693690435453,-0.3917950916361426
1.207418147305837,-0.18118112828595256,1.4478935823621113,-0.04194277749965534,1.0260436571260325
-1.0573258069536946,0.08929366890945853,0.2330202807405146,-0.24729112271363807,0.8078552514228273
0.976080211184262,-0.4907060391687446,0.3592526231475561,0.8606404415741491,0.7487431147130326
0.9565422506616592,-0.28126090435991263,1.5821488001468973,0.46912434542960485,1.4555029022922192
0.6600705314214945,-0.25871059661852397,0.2711390224990276,-0.4664863739250728,0.3790278398434778
-0.19262846848359472,0.09006579682517919,-1.0412915504203148,-0.2928191328475064,-0.10459303642978746
0.46991606509833744,0.572773362168747,-0.44134630828577603,-1.2300759679551319,-1.3509388743639708
0.5604794162612097,-0.24736143351299988,-0.40341445575879076,-0.01351139140527529,0.5099434580834049
-0.05402157782860608,-0.4052411338260953,0.008021535123846067,0.7352400304047324,-0.6954012454678918
-0.9640044210644071,-0.2821033716923225,0.4078897477997183,0.0190893123796811,0.9397762190561528
-0.7354898709006842,-0.9034157894556031,0.7069165624962817,-0.49579073711539084,0.8897946545022678
0.348138912420107,1.0766828013237588,0.6698727610061879,-0.6458375963925201,-0.6961997734410951
1.0827089576496876,0.9806592032628372,0.06326855344623597,-0.22321542503574224,-1.0043011582375723
0.25975831163250385,1.8186026834999711,0.8559447601402704,-0.5053979857821,-0.2503956170244121
-0.36481651468516074,-0.9596634319433812,-1.5879954232213942,-0.08724341809387158,-0.362164788268661
-0.6376789388085887,-0.4892049558974587,0.3161633743192829,0.5076476363869882,-0.1421995909466891
1.02722061223802,0.3116864702759044,-0.7723726563108041,0.45332706998943967,-0.3164390300443224
-0.002871084187617944,0.9318385014387309,0.1942439637327463,1.7079541134955714,-0.28422861501126134
0.9801986622369785,1.0921745447877838,-0.46204736959204395,-0.30487309516982525,-0.06468001344757221
0.42242189285947196,2.124940275189047,-0.20856652142111493,-0.24599270340474189,1.6616505227110443
2.003988818799107,0.19091401087082482,2.0740759673168943,-1.0796797056030534,-0.8747008707273748
-0.1982444749843455,0.014018084795161104,-0.7150868178995473,-0.7062176837568728,2.3356813639312555
0.2882964728433924,-0.3000779179473269,0.2795184212505986,-0.07145491815870675,-0.360981876750568
-0.2677588132681123,0.08953159370615127,0.7843932803310882,0.14797616301371003,0.5121076427745987
-0.027115574727998373,-0.2956423070014715,-0.8936524817079735,-0.2447680370827552,0.43172433262786386
-0.8404638845930875,-0.5153733971235215,-1.807817695597092,0.1899622335570359,-0.7139195371881675
0.14528552120225025,-0.30447600779341766,-0.3893782942479137,1.1792038605429076,0.8672937546744337
0.541158788556522,0.30190982337311384,1.0931083566685704,-0.9678647290024007,0.19110876052148623
-0.1878630539026564,0.8216206674127762,-0.9260296505906164,0.12360367458359929,-0.749841759460084
0.6547449142855244,0.041451450720643664,0.44043743348642495,3.21185747269749,-0.5553232878369401
0.061178210803942056,-0.8670716045161978,0.2598320539349792,0.08134508604064193,-0.14307402589221938
0.16878270436640888,-0.5161908265037252,-1.157656728347754,0.5537493810084225,0.5333960373968908
1.108842461355173,0.27252321065856827,-0.7010615053591617,-1.5780779617840088,0.5026293029921685
-0.44583383117759673,0.10952970699555216,-0.7902980997161799,0.36608994403944245,0.8386724790117849
0.37188414729114777,0.5434694831030353,2.4057673728978766,1.211298416597622,0.8897946545022678
-0.3821838091466065,-0.9968794076988993,-0.04559313872424551,0.3992481461807796,-0.1289488083963812
-0.4583805508458612,-0.1160041677588361,-1.1077746733698441,-0.20791174966467527,-0.3937904083933048
0.8329139247407087,0.594702737254154,0.14465448898622232,-1.3372251142388953,0.5305549507002905
0.4002587882763227,0.2226800957433395,1.255870366393077,-1.0394263140268183,-0.6954012454678918
-0.4061432498901154,-0.9334453377093919,0.20846964641795693,-0.16117220970204105,0.8879340977003823
1.1419390827413407,-0.04496888216124514,0.10852973607133426,-0.7446820357074974,0.23515888069150248
-0.9588591878513021,-0.18827262312660678,-0.9081267739943344,-1.0841523046670798,-0.74141625272775
-0.03303455286483595,-0.21366970797339366,-0.24234788406438634,-0.11385654647989758,-0.5800478941228149
0.4887355934183516,2.0616431196144402,-0.032260865668643245,0.4531476273552785,0.6565626238164562
0.21565627769495535,1.1226170672610103,0.008826570946234265,-0.10481192482294277,0.3362439460175871
-0.23563580630302364,0.18171122569097667,-0.25855093430254217,-1.1512412906274714,-0.33749702861404446
-0.6592520267550046,0.1463112987434439,-0.8486126528714488,-0.8456401229687835,-0.5153218181843261
0.6553460168354486,-0.8811368566538004,0.6071211987785964,1.3895348500855458,-0.323566594428253
-0.41254480488868045,1.3738367207073834,-0.9978338369365284,0.6322930148282337,-0.41575093083223763
0.10059464492833077,1.0633744680425592,-0.9225325452832984,0.39998232831515174,-0.3897365748006993
-0.503877877724636,-0.3360627756401753,-0.836342569206189,-0.5201575626933862,-0.6857052165269375
-1.9232010639604995,-0.867527206172046,0.02600558031669093,-0.43294188094487696,-0.23080342556128003
0.0612772755773161,0.36093728895393945,0.6499182366777366,-0.1409626369858338,0.3116062304075055
-0.026354103794539823,-0.6882383120666812,0.5683533569820595,0.34824582872657134,0.5121076427745987
0.001979046139938537,1.8329046089684438,-0.7432019169697943,-0.6154239227571425,-0.07374774620777025
0.19560681823172826,0.6329757986996868,0.7083890967010837,0.8073505395831884,1.2089286328581639
-0.2184450267450622,-0.5737507433210911,-0.22951804782662694,-0.721556906430241,-0.9905385052119792
-0.6967008723356211,-0.6385831670329959,0.3139019893809413,0.2287878897392205,-0.9697330561614202
0.9807565993845472,-0.511675469507631,0.5346983785660456,0.8561582176399398,0.3650841971757172
1.115403299391984,-0.49853820655400966,-0.42487516617984866,0.04137080320360824,-0.09282795730700956
-1.2184145802878406,-0.753604855823699,-0.08462938375117769,-0.525052089622644,1.6515211218047334
-0.20003462195980246,-0.6305500398804603,0.22674860556253185,0.30192465465189233,1.7317260338469023
-0.8021970706276899,-0.48228936847774895,-1.163064159225096,-0.9544469318103223,-0.36789175197597396
-0.11646505523566894,-0.405738848522081,0.4063909462577869,1.339329843501039,1.0306054320885272
0.3191947526033611,-0.11749026983204001,0.2698313758445352,0.5759263910829935,-0.47479886428790546
-0.7340441631989894,0.8152455563005967,-0.4427788683061562,1.0765314581477214e-05,-0.9169070700949477
-0.5910111203071517,-0.4103324922067566,0.2630009184543148,-0.7657032513084201,1.6936525009738126
-0.17221098195218154,-0.4766376589245942,0.11186120427124305,-2.0636514996887994,0.5721393573429817
-0.305086358965344,-0.5462838499299671,0.459617231090009,1.1114568284978823,1.7317260338469023
1.812246835949922,2.512551253954487,-0.03715022515425034,-1.3882890410208555,-0.1251148375099654
-0.47691338649870035,1.421450939422903,0.05885281381461202,0.7165611068471106,1.4918646827805409
0.04459992305858407,-0.3856115199525502,0.5283133971441831,-0.19802169125084418,0.8814759859975043
1.1973005250640576,0.603875162745922,1.5066749029483184,0.05252543477488722,-0.9905385052119792
1.6502613432839723,-0.23878493112861934,0.9323518632615359,-1.0317528867397987,1.0306054320885272
0.17307865699561317,0.4864188854776924,1.1026160297257483,-0.6225800812595843,0.738888918380401
-0.39004485788265336,-0.33788034215717416,0.7219567852902118,0.42839035386384017,0.5349850679365312
-0.6070811316370295,0.09814093450960705,-0.6227113452126678,-1.061789309346949,-0.5153218181843261
-0.29629012579366015,-0.4098856454913328,0.22643485556441648,0.33121913647172885,1.3422480276204405
-0.5901592912229169,-0.35767520343428466,-0.7165110018036217,-1.0662619084109752,-0.4516596102302368
-0.4624751223339133,1.2664532613835264,0.31419765297739954,0.0016577977671234213,-1.0215363880511559
0.1681626539962771,0.6727709507301979,-0.7741402967902486,0.004470318471755514,0.495688663707493
-0.2418957271008496,-0.3590623328402903,-0.3123127102681569,0.5085507306791865,0.8892930665794015
-0.6345651363905471,-0.18836427402796171,0.5620027120860721,0.20029445212255947,0.6165325636522389
-0.4680054923657881,0.5116503299044287,0.6407097424899468,-0.27178118422029285,0.6214467877285345
3.448744866980941,0.8390677218547181,1.803876763583707,-0.673934565220194,-0.0006770600978820637
-0.6537496669853923,-0.5489833641893394,-0.34375879564931977,-0.5519130160479716,-0.23080342556128003
-0.7257036658253625,-0.003991505415662823,-1.7575622458080369,0.2120422904468863,-0.5055744600792651
-0.6512589316567163,-0.5159068943087661,-0.5764948384359142,-0.6230273411659869,1.821490542915006
1.2954455502989652,-0.42177030131793736,0.020391026733800777,-1.8802749380637287,-0.06703965023270962
0.40943124194019076,-0.43137453779687623,1.3098665588833036,-3.9242527103236644,-0.152854154408241
0.2427601034360909,0.22653244808321704,0.7194546164859119,1.7623559450992943,-0.1421995909466891
0.9726333030231885,2.0189657517236728,-0.07549248832457678,0.03487701981215869,-0.9091902234996366
1.9113512940576176,-0.1325686244426119,0.6936006664932173,0.3124754482690726,-0.8089821522895336
-0.16373792803608148,-0.9250023585200892,-0.09605204675120613,0.2373389076762995,-0.2562397851097021
-0.1526495095596513,-0.8255143854465382,0.6880958756136132,-0.3381999271710127,-0.20670881370652533
0.5254253153222413,0.7380091222898236,-0.5421726723907796,-0.4740897923339172,0.2761301814660403
-0.3841052572282762,-0.013556643548834792,-0.9198715608408672,1.6093574026657222,-0.4804288543301312
-0.6013350375875708,-0.23157832824985497,0.1959306277407663,-0.5098705848461261,-0.3632433694987979
0.77736854832573,2.311498516106971,-0.923629570767022,1.2862381538398648,-0.10459303642978746
-0.21043445399911,0.11307531462290282,-0.4382543817313417,1.0057075325562244,0.4253437998570558
0.2928649867402808,0.39723943623254004,0.321815793816121,0.1685267863772198,-0.476987961179268
0.4119452348778118,2.2027516583088116,0.5560355572036217,1.0759355879326933,0.6263513144383213
-1.395097720567926,-0.5090532311186631,-2.0181502334664563,-0.04896876240691229,0.4392573472494444
0.6172219455617636,-0.22723270232859621,0.4981680469413772,-0.2306645415517153,1.4069200992592341
0.07898102707173327,0.37261246806576154,-0.917602916532429,-2.200065771141596,-0.5283545771841615
-0.7197684312504354,-0.5566328775470561,0.468155341472292,0.09900559140962775,-0.20670881370652533
0.4713050079095198,-0.006489341596062744,-0.343160839734363,0.556426877045538,0.0637064312892887
-0.231170744393186,0.22057622221647907,-0.6069282474372039,0.40035327752305405,2.136346979464698
-0.7186531410050869,-0.5345593307142169,-0.0566170671194623,0.4764404697594967,-0.7124301554492031
0.4262020136993914,-0.4291003813370584,1.1974050659687225,-0.7165046616041328,-0.2208204883284461
0.22301801395234971,-0.044729114922368425,0.2914979359685516,-0.22732356735795517,1.4069200992592341
0.9497988567576662,0.42623181826023737,0.18656359159469713,-1.9786721174723032,0.042408004908539416
-0.30914506742626513,-0.005500394234907507,-1.658877763893677,0.31075701860394794,-0.4946048994021532
-1.0185475475269197,-0.38069161542410224,0.45153743238986566,0.6923491816545637,-0.09547132566051501
-0.12671194183327805,-0.6649857336067909,-0.14652468077461445,0.2786733551822228,-0.6954012454678918
-0.4861551149744013,-0.2913525670925176,0.0920005132782646,-0.18492883049185738,0.6385964132032822
0.34165060108649714,-0.25515183960778076,1.0702945062481624,1.3127161530666984,-0.2502036760459292
-0.9100613053503804,0.02975215353452274,-0.054741055297322934,-0.6012647303056342,-0.1798728566573323
-0.2827339065651822,0.9134535540487924,-0.01202899252601256,-0.09644553531126973,-0.5136033779605862
-0.028962278874167264,-0.6492310229104017,1.5116002922486533,0.5023879379880131,1.0260436571260325
0.8161610054865468,0.5816724423986707,0.5510934327214501,-0.6905635870327813,0.32013372668415563
0.4297852916501408,-0.24736143351299988,-0.40341445575879076,0.5757718334088533,0.3585322885312632
2.2250255035703934,0.5056179516126148,1.7477207669634178,-0.5262969303728223,0.3574428395627976
0.09780870376554926,-0.4037905501165511,0.2106899205400047,0.867679687313061,0.5349850679365312
2.6232750755995764,0.8812343517969896,1.8425175214088587,0.37397806442501447,-0.25586927883067817
-0.23103017202724885,1.5184718344311332,0.1634390873296192,-0.6045992163558596,-0.2562397851097021
-0.6051838311905796,0.7395229978964483,0.41143738621121134,-0.31187740039793665,-0.24512894383431616
-0.22682577268602397,1.9977962996607708,-0.2397145422762544,0.2129008205983156,0.618770983356017
0.3432362103666618,0.2703415691842581,0.27049169910956145,-0.1710185185632769,-0.360981876750568
-0.0917938537666063,-0.7111834607224119,-0.03916247673374001,0.19342282832054883,0.3650841971757172
0.4925887971713092,-0.2763788240206254,-0.9742958962310202,0.02616772744671874,0.5333960373968908
-0.47398270332989106,0.8740671186834086,0.008268637546431146,-0.6807238690919237,0.6832691711815502
1.5162678477885092,1.4380010586978353,-0.6174563478963453,-0.7725906441483936,0.36428617079043696
0.7995057715417759,-0.2740695428564257,0.6635669694348453,0.4503655869967242,-0.3213343609755233
-0.35829659070320447,0.2828074408958882,-0.1156417521436617,-0.16187109323832155,-0.23080342556128003
-1.0144885804945656,-0.3969270178639595,-0.19035128913678476,-0.18695820373138675,0.502901163646362
0.12472671243210443,0.5251807881736164,-0.11102733215249845,-0.26428843491039583,0.7522067465163987
-0.5579015446870713,0.4396303445901935,-0.8032421695618145,0.2854788768842695,-0.06405353013191219
-0.22739571498372002,-0.0679692502132095,-0.21718743820084838,-0.644943076579715,0.05164892640747975
-0.11116940669996599,1.2762331290977835,-0.20298658152032414,1.3575363385119,0.20176382557096098
0.013422542067557117,-0.6996496871062653,0.24403350214995767,-0.10245180299415008,0.6165325636522389
-0.32060501838697697,-0.6246941019980413,-0.21100864312633313,-0.31678065666094124,0.502901163646362
-0.42730022153265934,-0.2022874330435276,0.15168104607827118,0.49181903229139873,0.6565626238164562
-0.7838697430716273,1.0779866417224506,0.17866064735540052,-0.27643004583834774,0.8422394379272615
0.8919474741196495,-0.6460035873607778,0.5497654769610035,0.34123562303246313,0.17280130292478843
0.16592059678976145,-0.6644184185229317,-1.2323363585105456,1.4238978665673117,0.7119432807720742
-0.40891929741164296,0.24803839316637818,-0.37858640680509087,-0.7106902828208987,1.3078006410377252
-0.2723209461919392,-0.46178898006053964,-1.4631133923963984,-0.6603126635556269,-0.362164788268661
0.7053271277402119,-0.10856570756085729,1.5986603866099232,0.07501645304252103,-0.233763797482037
0.1324704331393305,0.25864149272115194,-0.0029735939064275438,-0.155557578966966,-0.670069216207426
-0.5796716453529491,0.000772746668768625,-0.8334617945668824,-0.22851520705531642,-0.6741436149048691
-0.2827339065651822,0.9134535540487924,-0.01202899252601256,-0.09644718983765121,1.5788620984741653
-0.3521338205680382,-0.37585218377975793,0.5789250488456819,1.5996923318706926,0.11010515331013963
-0.016647419516095066,0.017715835592225324,0.46616893357749695,-0.9455017336822701,0.6214467877285345
-0.3072773055263545,-0.5818764402450493,-0.13037299061873864,-0.5107651046589314,-0.15818118534505549
2.3039377534545897,0.09824227629388238,1.3105788819880384,-1.746426171993864,0.3585322885312632
0.31135762427053637,0.13501076112154414,-1.6778507357540393,0.977881884359318,-0.395969306330236
-0.8587857799900775,-0.8663970394163147,-2.229515588346742,0.7983337041298365,-0.5255871494177338
0.4382694259833237,0.4055519163392219,0.9633128885199075,0.7285292561675705,0.5429910799693747
-0.5233283382074542,-0.302261185308257,-1.0255185441248194,0.790359132421049,-0.4804288543301312
-0.9493953791701616,-0.32598173644665474,-0.2724326845294534,0.5249886021228154,-0.11754905247742425
0.5794682153876457,0.25973136054710094,0.08095116499783374,-1.0796797056030534,0.0004876270590131985
-0.5351867461844956,-0.31304946069030504,0.15659055684685547,-0.5177988918160138,0.502901163646362
-0.8300790559045603,0.7508576345475484,-0.6971656098464598,-1.2387673390152403,-0.06405353013191219
-0.7578826384200579,1.4449027762406152,0.3028063599097262,-0.18988260857332862,-0.48957313655593265
-0.7990893796655406,1.7947144797196068,-0.7395747086683777,-0.4539295116703438,-1.0202953759319975
1.138809998415012,-0.016953905119331696,-0.20221859325432529,-0.8739401486578521,0.00891865125849904
-0.34819850935943536,-0.010924743785397779,0.09392714126229759,-0.04335474471540181,-0.4143155533929685
-0.4341544901613168,-0.73354606185731,-1.030797600799445,0.7767391935692425,-0.09282795730700956
0.9630296807352599,0.2261468419463284,0.14858407944413196,-0.7204265056996222,0.3721291667483489
-0.4344625767940792,1.0171193576846334,-1.0942413835189422,-0.41460422478236986,0.6957647295159957
0.861212853805542,-0.41153485726104727,1.8638312529157308,-1.2272754747159156,-0.23346016959272858
-1.1972948047506808,-0.01916292569564483,-1.0940493711089618,0.23236237450272063,-0.5255871494177338
-0.804274481703806,0.2006576004493543,0.14521082343820302,-0.2514506168097952,1.6515211218047334
2.94611942640247,0.567488574859799,0.5042353903510811,-2.162048679097374,-0.37336424341042
2.1708080901781335,-0.1166025878263973,1.3282793814882554,0.22324347675879447,-0.40485693498609904
2.3719209093464118,0.6587467067529386,0.857180334530322,-0.7993052692341538,1.0348716045684796
3.0583560343501834,0.4267866813041594,1.4566616451118068,-0.02349982263011605,-0.48356996509909433
-0.9034978198688611,-0.5653194774045188,-0.4012498652213477,0.03265429881216118,0.502901163646362
0.3224261780861317,0.14680386455084762,-0.04062820623784312,0.41222315096261386,-0.5017035388825315
-0.1490829600464279,-0.0930893744552588,-0.13029465694250622,-0.613634883131532,1.476406746173647
0.8161890727721934,0.23772998367998185,-0.17794057491313062,-0.11518924573175626,-0.6944124591815307
0.10852943591150094,0.9520429838161852,-0.7702689470455771,-0.6999560450672362,0.0976393558591175
0.12827322575638922,-0.48955836946751735,0.09016611140986934,-0.12743029748310308,0.6165325636522389
0.4591993645513749,-0.17458705100955596,-0.15808235913719917,0.34478793918226514,0.5676421200265624
0.2347926566833777,0.4379272056142369,0.10015318137673895,-0.14971028833171976,0.1347286060315697
0.2246130464357796,-0.2073254096351808,-0.7750877865828478,-0.6959307059096127,0.5026293029921685
0.5068512711622667,0.12585325673977732,-0.18101603767679392,-1.3390904513165682,0.21651435601063884
0.5595919348246925,-0.009257608820006761,1.102051756329285,-0.28766034564923587,0.4080199561770992
-0.025369187112767286,0.12617598885679915,1.2519296995090718,-0.8336867570816171,1.4913824895906922
-0.1490829600464279,-0.0930893744552588,-0.13029465694250622,-0.613634883131532,-0.11380854414063589
-0.5102567281647955,0.024343631022601724,-0.7118468354927446,-0.9659575679267606,0.6208351848545861
0.8833665953952373,2.68944557784338,0.023774659228542827,-1.3748712438287773,-0.9841195173670847
0.21872237386819454,0.5768076101351368,-0.38051315874612124,0.31351695155439113,0.5337337732649541
2.2250255035703934,0.5056179516126148,1.7477207669634178,-0.3473944130307201,0.6210525396211615
0.17690776039469872,-0.8361962842478102,0.3418404455171485,0.5697389860556914,-0.152854154408241
-0.16386193413426445,1.6296096425443436,-0.4968417687174071,-0.2792624454203691,-0.6142391364729198
1.947291343994262,0.5397792122151532,0.4521987711358708,-0.5970862665946355,2.838729910828953
-0.8608444709585679,-0.9692733412485401,0.8800801475143856,0.08454470018082548,-0.7124301554492031
0.7504546250075369,0.6242009098656061,1.109807717688884,-0.30236568971170524,0.29340159833499563
-0.3690867713606012,-0.19695659587146266,-1.0971059177571858,0.6373808826653625,-0.5059193853742229
-0.1013278382343208,0.11770681195812763,-0.6201879577342624,-0.7889607664413559,-0.5153218181843261
0.6658351179585259,-0.647657430732097,0.3883233436262263,-1.2004398803317586,0.9203109293375056
-0.3421084978459692,0.32565077326275127,0.33071921683099864,1.9315978230206197,3.3147699544319913
0.7540221817589469,1.2409380511549526,0.5476494847950214,-0.3976083483390706,0.20196329036828717
1.2281577379729354,1.0653269157820824,0.6058871874998185,0.7755957269892464,0.6208351848545861
-0.575340986426053,-0.44359403965399263,0.20262133689231945,-0.5143915100763923,-0.3632433694987979
0.9125998256078482,1.4110578539426732,1.5005275596849894,0.5862345629384575,-0.42469223714525245
-0.316033950453732,-0.905786106757989,0.2227763761017764,0.1129374441926595,-0.48595802519986114
-0.20942702280321418,3.9425592314555646,-0.7366149974977491,0.03981889224332154,0.618526511887014
-0.6264343749172542,-0.2798357472900973,-0.543555968886009,0.20446682431649105,0.393865813777709
1.1162339297364172,-0.2045565456992324,0.24143035754076606,1.20268051916636,0.03792681840565179
0.16051760411571692,-0.5349406461853675,1.421170735056603,0.40505985637782504,0.3585322885312632
0.6425380021607163,-0.5677880401091218,0.4926275534463035,7.177252103716298,-0.23346016959272858
-0.39517379773054684,0.09921158053285943,0.36606886930518046,0.06303273845845249,0.6565626238164562
-0.3619099844259789,-0.3685390421478543,0.5752942333359643,0.1276950971632175,0.5121076427745987
1.9573411158464,0.6553974329057648,0.651285055684813,-1.7215520923368681,-0.4189325030269783
1.7493342256815037,-0.1379785343303924,0.6911192272178801,1.0964811286315204,2.894443956557303
1.588221261836792,0.5534696503130434,0.27084549106228867,0.5413591642359682,1.4013146870252287
0.4049813794022234,-0.8149934102096736,0.6088198593866141,1.3481739503853731,-0.7124301554492031
-1.038961221296677,-0.5320814508830473,-1.0998882164641586,-0.406457482990132,2.882986350831241
-0.2743960051336815,0.5658317059095367,-0.36142667165205006,2.0761391991119,-0.5283460501894728
-0.8598250535549983,-0.6549361385544878,-0.33746114458504617,-0.23051655972081317,-0.37696698226439446
1.1709611732719387,-0.39838288711775643,1.4049515099943832,0.18546291962201839,0.6067298636796883
0.9478683316608066,-0.11674097772294824,0.5608444562685388,0.5016678234599935,0.618669662595598
0.6035598919333764,0.3447505558524846,-0.5652949024479106,0.103837025074023,0.8009386883584494
0.9406408727218152,0.0016899847740080862,0.560527974683377,0.5168108118501908,-0.7453630808968108
2.1949128634815973,-0.21234076239467242,1.6568649060428093,0.5711708963094625,0.15017316696052088
-0.6316642091647875,0.319815298751516,-0.14939830164752602,-0.17618045267914959,0.012697775050635894
0.4792408255306385,0.3403876192646355,-1.2851706280266069,-0.2601231957526078,-0.6584093033524757
-0.4003749476119761,3.1068798575073187,-1.466429119773505,0.039006459959788076,-0.5055744600792651
0.26484003501406284,-0.10682958306053383,-0.20322508896734173,-0.19030913983136188,0.5121076427745987
-1.129655603532166,-0.6229597588459678,-0.4709982660589595,0.29038566623242795,0.36540320709466023
0.7946504776546803,-0.09797500240638247,1.0355221275173734,-0.4431270211821892,-0.152854154408241
0.6000488600900422,-0.1478952238483123,0.9474990622980006,-0.31935143057589055,0.618669662595598
0.6870789541997926,1.391200917409266,0.5060901169375343,4.127007666466699,-0.0008369633453184212
-0.21311767949837218,-0.20696065056334548,0.0001107689764341294,0.5109562984500197,-0.9697330561614202
-0.728594336428708,-0.5707194558757537,0.11171221759335799,-0.37519442628074634,-0.1289488083963812
3.030509955990004,0.9296547076692205,1.8931165083085064,-0.6784875695599107,0.3697036547493417
-1.071052680336226,-0.7928743860624552,-1.9452508276898348,0.07983525929901879,0.499973227744617
-0.4160627675895706,0.26388450504529426,-0.5270937415817081,1.5371071087784125,-0.10703459924232636
0.6807182678123719,0.47826445394699163,0.8171014219381827,0.12191245874994505,0.8043364449479459
1.604993925244543,0.21430770402926552,1.4457713018169356,-0.17931955829527824,-0.3891189528716765
0.31034315921117067,0.3752231113884676,-0.5486832119922614,-0.2619811752772488,-0.3897365748006993
-0.595792048215491,-1.0177120448824477,0.22421325285929508,0.6838535641440743,-0.24512894383431616
2.487135282202039,-0.3918780371015273,1.2722426450993147,-0.6195129262313412,0.5410676574811567
0.7910034917337303,2.063457233838632,0.7347063950180468,2.055677117908358,-0.47479886428790546
0.08895237680836056,0.28004047032892926,0.022273884559305263,0.4121090653480133,-0.58735887249054
-1.0130805656086153,-0.28597856105942987,0.07209863564557371,-1.330145253188516,-0.9827771844875074
0.5381802645670263,0.0,1.8366507035777142,0.9795744845015614,0.6210525396211615
0.33601963156916714,0.7266008524476899,0.2868007678986132,-2.117322688457113,-0.39896729734520797
-0.3350254699904956,-0.38257912758252494,-0.8540165740342429,0.19344120880555304,-1.32603528478762
3.3500956047373522,1.0825035747353449,2.1259505082610457,0.17621512781321394,1.6207319831394564
-0.2660630591368096,-0.5535675663729874,-0.8244575680263364,-0.1658697617450808,-0.45627388472865826
1.2427693690731447,0.6590193704673367,0.11004937021924951,0.5439032786951129,0.3891493825389971
0.5579078674862818,0.98107117150522,0.8655154942036769,2.125666091881561,-1.0148776411791312
0.5143580782116843,-0.17704451931139625,0.5500944492455183,0.8190438401832436,0.5295946697254613
0.4263302164809646,0.7624813882498532,-0.3937228454752065,0.10698565725248281,1.9841337708238929
2.1985246466085555,-0.28094357237334877,1.4004859792474855,-0.48048165791475,-0.6954012454678918
0.9259491972776738,0.38392648925703193,0.0345213453605186,-0.296190489034001,-0.4171968416178869
1.2054937682094944,1.2796745093559874,-0.11359306662805509,-0.597189144165284,1.9841337708238929
0.7504546250075369,0.6242009098656061,1.109807717688884,-0.30236568971170524,0.5295946697254613
-1.4990474072372721,-0.13073777339584203,0.05586540169166893,-1.017063318706688,1.0026398990370389
1.209140954985116,-0.2937201900233791,0.03250332541976868,0.08570039650624854,-0.22965963790117055
1.9967659279744896,0.032862354841047485,0.7585469801379207,-0.9410291346182438,2.950937804309736
0.6054037843933605,0.11118460381666596,0.16228189360124928,0.7993710967105059,-0.20081097571348897
0.7739787842339734,-0.21566409739794626,1.0508163217434032,0.3715177620440092,1.0260436571260325
-0.4272075823172823,1.0411974294099153,-0.2778873062872496,-0.36549508705936307,-0.03650063674496858
-0.012498130701099201,-0.13591412686324958,-0.27330306445292746,-0.9455017336822701,0.4684445812850607
-0.3442054567257705,0.458735510750817,-1.226367259301165,-0.18363591200045548,0.0891825834795915
0.6042718484899915,-0.3189804071418258,1.5421351723192072,0.7197841334996925,0.5295946697254613
1.4533156972468626,-0.08734621590044926,0.4706806129610544,-1.1870220831396805,-0.476987961179268
-0.0017243782916601886,-0.897726674754526,-0.010365524445587204,0.34816045390916234,0.6214467877285345
-1.2210845584201981,-1.012189850372261,-1.6302882901032067,-0.04131602847700276,0.499973227744617
-0.9787100810115015,-0.9756233686918256,0.17064833204077579,0.45124055784792555,-0.48595802519986114
0.24796920207171524,-0.23073666285943817,-0.4141248997750621,-0.7062176837568728,0.5500724982644013
-0.35509204083716,0.07510403138440781,-1.5211821295679524,-1.076540125754698,2.882986350831241
0.8476163407042698,0.11864460754341138,0.6128571101619336,0.6597932335202552,1.7317260338469023
-1.452071031928555,-0.526104869599624,-0.17711156755399396,-0.20129878766806433,-0.23080342556128003
0.28595784970153665,-0.5157877745957511,0.11485286289818311,-0.46120084668091893,0.6165325636522389
0.4995546177360915,-0.2728938068412503,-0.34636394304097984,1.749812510054114,-0.09282795730700956
0.14217283681138684,1.0963361983305542,0.2297878250722728,2.7148771121927786,-0.4665181492693055
-1.060504836255,-0.4736684867556564,-0.12503033258300686,-0.08050949942255675,0.36540320709466023
0.1923592709438153,-0.8081952133642536,0.37670596339032236,-0.6328670591068444,-0.2562397851097021
-0.8198920335160894,-0.5743135359661008,-1.2063676189456458,-1.3525082485086468,0.41570745987892255
1.6555388472830852,-0.2993330760360103,0.33102282828798635,-0.7147156219785223,0.9203109293375056
0.10561591112287348,0.275847542429657,-0.3205123496282466,-0.6646225124614298,-1.1044606590171444
1.5899430803303287,0.924926902830775,1.1790707593565677,-3.7319309505705416,-0.8315902247368868
0.0007403083684676024,-0.6492310229104017,1.355902259298114,0.5023879379880131,-0.23346016959272858
-0.16190458039235095,-0.7406703016489814,-0.16088337669786987,0.1578763334399035,0.49295133121643725
0.32250608875539716,0.02141074544825722,0.2708886004480598,-0.18692168303835932,-0.09282795730700956
-0.04144291061681974,-0.6262223950116519,-0.1974394182235385,-0.12702273624507962,0.618669662595598
-0.06329798944477179,-0.26592197148268204,-0.4538780529094122,-2.1606212956429505,-0.5689218380137687
2.3394981460518345,2.69489858235536,0.12786018147582476,-1.6029737960941093,2.412035752685554
-0.10049530454229896,1.0723572972486037,0.15071138212700863,0.5245236623641127,0.362788930840681
0.20485546335721425,0.027808918779494724,-0.6360764807577455,-0.5424287113436347,1.5788620984741653
-0.5072941950708134,0.23101818769660498,-0.35093752450447624,-0.21736270037957864,-0.33422099069383027
-0.4501049399761321,-0.6321690305431025,-2.2401207598678665,-0.4253384625360325,0.36428617079043696
-0.7711162366040334,-0.6690343427004247,-0.47056092668723143,-0.5760650509937127,0.502901163646362
0.2737358513659003,0.01631436766835739,-0.361848165240933,0.3101887167852924,-0.476987961179268
-0.45974600411846783,-0.8140822079393092,0.35163909064464205,0.01845980009371001,-1.4231274918208774
1.0176033073199318,0.17040349682823838,0.5295367323723144,-0.3317309197411103,2.950937804309736
2.8359352984162847,-0.04274119393913586,0.9658850634572061,-1.0343822455016027,0.34214875501070663
0.02710565286272425,-0.5373691790267812,0.06623621282695741,0.10543854129253381,0.30801536246770556
0.9907819458395483,0.8310595937610599,-0.2865033359737589,-0.33020848645780304,1.821490542915006
0.3677635196471414,0.8346362707273398,0.05991391724615964,0.08067736324793676,1.5844210302273183
-0.3832941667237061,-0.5392735019027184,-0.10936950569375198,-0.05248942542518886,-0.24512894383431616
1.2098691489882005,-0.20952792638543796,-1.3286166555327428,1.427230103527089,0.36428617079043696
-0.7616978768799075,-0.24496186670137166,-1.3983380543181494,-1.5001040176215086,0.36428617079043696
-0.2904429961270178,0.9317084404341734,-0.07967709014941154,0.16319360588070145,-0.16120007585681323
-0.4769037627757544,1.4214611608589283,0.05885281381461202,0.7166078730808191,-0.2916938586536101
-0.7069113836218018,-0.7354945883490932,-0.8316559349802377,0.16182986539414795,1.4261399452876253
-0.6190228843589328,0.4901263865496716,-0.9597970791364342,0.9012824995234235,-0.009686320117766965
-0.2830308226673187,-0.731506168489021,-1.3571549593317598,0.3269853922574496,0.5724704053720735
0.561835269925624,0.5730304755593445,0.3995898111411261,3.3888200185391244,-1.1387706105089943
0.2719607541421198,1.846345860328965,0.3373934515411697,0.6823433853000079,-0.009056587937286963
-0.281400541117006,-1.0290098519598094,0.23824259273665996,0.07345755852077437,0.3650841971757172
0.44870771082502753,-0.026112555957993763,-1.178127174197178,1.0999421925467954,-0.3164390300443224
0.620363287782507,1.7208585435709252,0.20143462858100458,0.462820207902395,1.0328140909088819
-0.48330020414537656,0.6122379422499286,-0.030082216665212262,0.2849796605411651,1.6417224345355657
-0.8160325173975761,-0.6145838598135934,0.5017202399362964,-0.36437490536642503,-0.7124301554492031
0.2670858568616113,-0.5447387075069332,-1.049916071306695,0.3378036623537541,-0.5255871494177338
0.43714794602569096,-0.12347964938390825,0.03640976387364937,0.27219016784690653,0.6214467877285345
0.27108370387232306,0.2991011619017021,0.29753975651089976,0.35455855357348653,-0.48595802519986114
-0.009811031379735746,-0.3701383247088562,0.3726014697435588,0.9380613473498114,0.14747512552342268
-0.20942702280321418,3.9425592314555646,-0.7366149974977491,0.10938980998236572,0.6216229462817223
1.7457071611989075,-0.1160111247954808,1.7141483954856465,-0.4924274484964243,0.6094989634058589
-0.6359167920931248,1.1652255511655483,-0.2650966899451563,0.39168800673622134,1.589947860353408
0.9996451501356245,-0.4022916949937256,1.966419819222054,7.234199151433349,-0.6954012454678918
0.7630427475168801,-0.34981217902450235,1.3882852795612335,0.04739158822831937,0.16176419507406384
-0.4811797157260475,0.9118672677740499,-0.7177155827312749,0.8303127281317951,-0.207182814293634
-0.5971248869110528,0.2700787593149949,-0.5089269957565019,-0.7603361324315888,0.5360574629156194
0.43759309410402053,-0.03125736213086237,0.12047058507048167,-0.48484495604655165,-0.11754905247742425
0.8864107876086582,0.23368946393986004,0.5453479858339944,-0.09998866979195757,0.3585322885312632
0.6672340588230241,0.6291702753809674,0.13468660199305768,-0.42030405153321937,-1.0202953759319975
-0.0854139876253911,0.31664658952446895,0.23157398500273824,1.0045850591969463,-0.308930426034988
-0.9229872510604482,-0.6409023786248469,0.08951206090199847,-1.7639873623990496,-0.10936062963663173
-1.0169857603461154,-0.32439817797964937,-1.8984506780466879,0.2015647064773695,0.06112074554691287
-0.0775977513880255,-0.5032894000014098,-0.003707883453979071,0.4360426381178251,-0.152854154408241
0.7409993312173482,0.20411947027304372,-0.017811376301297623,-3.82585553091509,-0.503741323417163
0.25342042963066325,0.3386686874389782,0.5017984885865753,-2.8687193312135006,0.4684445812850607
-0.08662316866187202,0.3524487014726857,0.19260143220082468,1.1169407788346806,-0.09282795730700956
-0.5360041183241265,-0.13406697129149434,1.8352570545467475,-1.0304811158987661,-0.2502036760459292
0.10564682308879929,1.3207551108984905,-0.05468477697554415,0.0294603480933247,0.8672937546744337
3.761465556616317,0.5599996250124915,2.0824896231722625,-1.1959672812677327,-0.8862495982594231
0.13814460099261094,1.06307710178147,1.4247111358504863,0.9658311534726273,0.8897946545022678
0.0638071434894315,-0.36019499011809597,0.5706117863983359,2.0397058507734447,0.4479017135121224
-0.6629822638910261,0.1279023221735937,-1.0680135035300014,-0.1332142640379045,-1.0942752474594464
2.0316297739813196,0.4644066188875592,0.88791910629707,-1.7220314406711668,0.6406529236870341
-0.25792956506317943,0.4309870348439711,-0.04373127036189713,0.12033857320175093,0.42173486782281977
1.389074015200846,-0.5847763180769783,1.3548321475959826,-0.5838864639426014,-0.10846529519431537
-0.2368933599710129,-0.32078940243653575,0.002443855070861076,0.49547422205255653,-0.9697330561614202
-0.029597398375323405,0.1714857813817988,-0.5028565215936374,-0.3290823985940024,0.4392886128966364
0.37141630418012356,2.11170104226486,-0.4344674477254249,0.2675693065747381,-0.13405012476790587
-1.0722514049869931,-0.6732955107891333,-1.7800235307300956,0.6212473200642776,-0.5255871494177338
-0.12195804865915734,0.39576406820768906,1.943632530528263,0.3379908025661946,0.8897946545022678
-0.03259808381397293,-0.3240889614557913,0.7072313724095487,1.3223319599284238,0.9397762190561528
-0.8776714186829656,-0.9231618267124861,-1.4562874099166019,0.6809844861525648,-0.8838078682509098
1.3560252318657104,-0.33310119302388086,0.7634458602613406,1.170198705846506,0.36540320709466023
0.3938858963911181,1.014856953371635,-0.7403652216389037,-0.4226549030976169,-0.3897365748006993
-0.38822258988678265,-0.29963482423229254,-1.5694257358360277,0.8148818095543121,-0.4804288543301312
-0.5097946329348694,1.7055227191015385,0.5228494093096672,-0.43403198745482696,-0.323566594428253
0.12398433577796875,-0.02279647842808241,-0.276096687921877,-0.500901777585267,-0.703628792166668
-0.4421622559964531,0.5006685248380067,-0.415394165514268,-0.16017547340286756,0.8927045332387896
-0.019487693714565626,-0.6816748569589329,1.716125783870821,-0.6525464949885592,-0.10846529519431537
0.42242189285947196,-0.0005303649066615337,-0.2240753618829584,1.3747359847723606,0.8795836619605041
0.10233103305920685,-0.9697964546600557,0.2082747739329044,0.846768879186857,-0.23080342556128003
-0.23632045658259848,-0.4093665614658373,-1.1967492851485766,0.9187342344236575,0.499973227744617
-0.11856345175233828,0.9153323854489678,-0.9565424247423727,0.06845274838456086,-0.17091349317909393
-0.6648050075525802,0.6212435338638196,-0.4675105222480269,0.3536704530115391,-0.46946899101952805
-0.4346585729448716,0.5799841611111987,-0.690556790683411,-1.0903219561119073,-0.4516596102302368
1.838714101503017,1.1611679205085872,2.191092855994629,-0.6338018485913776,-0.9981280320728694
0.2642313989764306,-0.35708720429139207,0.27049169910956145,-0.10742458730220905,1.6515211218047334
-1.060504836255,-0.4736684867556564,-0.12503033258300686,-0.08050949942255675,0.36540320709466023
2.608790313195545,-0.24901059745842039,0.8623972432961778,-0.18010719597796926,-0.1225154628386071
0.20293398451293335,0.39846680605106033,-0.20672389023231252,-2.5153840051554375,0.8672937546744337
-0.5775016155436813,-0.729246372372325,0.19646979131011127,-0.6646225124614298,-0.48595802519986114
2.901843905412915,0.5032767010808734,1.6744719944058974,1.2036798946868887,-0.22922141725255968
-0.3061925010606026,-0.6131690753380946,-0.3467993926907092,0.1757415095843678,1.6417224345355657
0.8496907889196311,0.8059821343850619,-0.5945730767331142,0.39833657954940493,-0.0673539786643722
-0.5182124747007959,-0.5160806674938939,-1.254194750588202,1.447205145155893,2.4950769772355574
-0.9495755693931615,-0.7379133693196847,-1.4155367763733475,2.6161072917110473,0.7119432807720742
0.10652070061111564,-0.11361251339497154,-0.24072448725662993,-1.3122548569324117,-0.4357806741600837
1.1898290798689783,-0.4107255090036639,-0.6229535009475828,-0.33682710073863303,0.1297421532943814
-0.09871021475373228,1.3641337252729318,-1.00313177609876,-1.3927616400848817,0.3891493825389971
0.13179366337271106,0.2799317384188364,-0.7964523177773136,0.2772754582937961,-0.7266740820867863
0.32653934593430134,1.185838437467824,-0.5562766505589495,0.29004701868926214,0.6385964132032822
0.14187412288902665,-0.6528150618326319,-1.3686009981305536,1.780652929034211,0.8672937546744337
-0.16971322619039655,-0.3076076486296442,0.18051825219319562,0.9024392181610126,1.0306054320885272
-0.5887604502350108,0.2565183465057597,-0.8506170401779138,-0.18506903330942062,2.6450236772489037
-0.0742024595176418,-0.5547285737718776,-1.971834225666646,0.9768102417119404,0.8672937546744337
0.24417670124765015,1.3240393158115316,0.35152449116844536,0.24174807299623738,-0.03324098403023472
0.9496911453338779,0.05557892974443647,1.6895921545399684,-0.6592553935845985,0.5881249644447311
-0.10298298008016353,-0.922219113582427,0.3565855997859086,-0.3320883959604484,-0.20670881370652533
0.3030273518737896,0.6128839887189135,-0.0780350527601202,-0.7214245205745614,-0.46277663775667144
0.6415446867170158,2.0767083941242173,0.07300021311285144,0.6263136086319739,-0.6400118943216109
-1.5313162416509714,-0.04908353261946239,0.4913069903842381,-0.4132827243517986,-0.7124301554492031
-0.3831559869725927,-0.47538619674876037,-1.7034626071822427,0.512377209404575,0.06112074554691287
-0.345020819059037,0.8208848097845033,0.10625897059929426,0.15845916842184896,0.36540320709466023
0.665981904812705,-0.09152572227950938,1.873738388973282,-0.6328670591068444,-0.2562397851097021
0.029182741284432295,-0.6806406083122042,-0.43284866650801085,-0.8990512268328738,1.6515211218047334
0.07721318344805077,0.44310003604473425,0.13808286434421352,-0.9947003233865573,-0.42469223714525245
2.872316832301902,0.017724850542462933,-0.7680450069858564,0.5744782698058764,-0.05946822734642334
0.47752038762983323,3.5113035801873487,0.7527960576406942,-2.0323433062406164,0.3705085361695678
0.9623546879777537,1.8992825196959344,-0.20308077220373433,0.35027005615096873,1.3244232648015148
-0.023329654933777602,0.5406328896290943,0.41987075386358685,-1.249638470036046,-0.03324098403023472
-0.849374968526681,0.04505718722294599,-1.775642847407466,-0.46281164965550814,0.7259890801801252
-0.5374716485481406,3.949140964592776,-0.3598490722280224,0.06130258003925281,-0.010287129895764335
1.1898290798689783,-0.4107255090036639,-0.6229535009475828,-0.33682710073863303,0.3891493825389971
-0.3952038093332566,-0.11240480285191468,0.7064634801978729,0.4044119651200285,-0.6807073944634976
3.0830125386164497,0.0649570726598633,0.8007582425208086,-0.8068511626974605,0.3472388692519539
-1.050493001613246,-0.11096739211347344,-0.7873226925535362,0.38674531596292566,-0.03511441492214039
-1.0814703642554688,-0.41078038256317195,-0.8051912989465505,0.24604239734495906,0.5251923997224379
-0.983188527912543,-0.3489206848971828,-1.1158928901194303,0.48777400501344786,0.49715229726641685
-0.6488674245470615,0.19974289954370716,-0.7840204044872804,-1.589555998902031,0.5026293029921685
0.6472389602268499,-0.8715968194185587,0.14377610645663882,-0.4123694302105266,0.5099434580834049
0.3067621717958735,0.5663428102016106,-0.32648060354958,-0.2751218083772617,-0.7878163123163953
-1.3255705775528315,-0.6616073272600893,0.20988084667455145,-0.6031520128356083,-0.24512894383431616
-0.4505888988598003,1.125229365794434,-0.7058099758916909,-1.1646590878195497,0.49089124757566044
0.8480785480329533,-0.18454777952454937,-0.5971199470160483,0.006659361571581398,1.2776842989729862
0.4800919221448009,0.3752231113884676,-0.5185390907958225,0.013292574610500514,2.2437667146337983
-0.7236531843696654,-0.4283029914763164,-0.6355430036804502,-0.7388676569242634,0.49715229726641685
-0.6016129764213595,-0.39474452619153677,0.10437547210438072,-0.6765645459012889,0.2915943648710855
-0.5859842244262136,-0.09996785177314148,-0.059826451044553634,-0.018498735536373163,-0.1798728566573323
0.8678974334543773,-0.5183720579570615,-0.025679007431423873,-1.4330150316611168,-0.09282795730700956
-0.4505888988598003,1.125229365794434,-0.7058099758916909,-0.869467549593826,-0.14077261213339723
0.9722443511716723,2.8530081026517866,0.8887330612365162,0.12191245874994505,1.0663883801138614
0.4263302164809646,0.7624813882498532,-0.3937228454752065,0.10698565677077543,-0.4991962680520971
-0.12894827158264618,-0.5592934422471411,0.15217178177206053,1.108931946942504,0.6165325636522389
0.7439725282346588,-0.22922265317380056,-0.12271622846991555,0.18688942514895687,-0.7064298263239277
-0.16811676524826857,-0.05774772419259777,-0.19420536832210236,-0.4660391140186702,-0.15253180056981192
-0.029163015425223458,0.37054112384275495,-0.24457125481073244,0.05040912650833413,0.5676421200265624
2.310002221251456,-0.3206510613724634,0.8849779996376194,-0.24931262833469423,1.4069200992592341
1.8239918803883794,1.9794899091322005,0.1687090571721821,-0.9812825261944789,-0.3317906300115687
-0.1932696056597906,1.1840118979247831,-0.9309394419964229,0.0983170026844542,-0.39623146961792083
1.2546671863996417,-0.472639025478536,1.2758359669096773,-3.7959730081166225,-0.47791355809293096
0.3677635196471414,0.8346362707273398,0.05991391724615964,0.8250979779793465,-0.4996028886615674
0.3618380478109116,0.15739591317244322,-0.053091269609255115,-2.922390519981814,-0.9650733043579923
-0.33463071090229385,0.08421283556911188,0.6807972913954942,0.4280270280869913,0.015618026752275775
-1.0333749645626265,0.07123991924570293,-0.9558273842036354,0.0327452709739694,-0.918905479977634
0.39827167117314993,1.64569846441077,0.059520538846166086,-0.7053231639440675,2.4281939060327695
-1.0715942056308192,-0.31849782791867054,0.17261933499544607,-0.3077011989347433,0.6214467877285345
0.2794701187240662,2.167504129274037,0.3861080775939534,0.35872378435784913,-0.476987961179268
-0.8970953891339766,-0.6189640805007743,-0.17705878834898583,-0.2780186817341591,0.618669662595598
0.11412911895859215,0.015046941397761289,-1.6974412752995118,-0.11588264834962224,0.8672937546744337
0.9638427017079523,0.17312427983012102,0.6648215759550021,-1.061789309346949,1.3755517937390207
-0.4861551149744013,-0.2913525670925176,0.0920005132782646,-0.04255003876522102,0.41570745987892255
0.1830907780735555,0.40706415617512226,0.0,-0.1289378939437604,1.088943451437365
-0.44779632202114333,0.4984800527050662,-0.53060038685488,-0.22087696351282235,-0.03324098403023472
0.24417670124765015,1.3240393158115316,0.35152449116844536,1.4999347884300656,0.6624576194779297
3.491185476054213,-0.04882317267009798,1.5746884383256172,1.8300144077423877,-0.06703965023270962
0.09129236512972463,-0.5556393820808815,0.20583719967153166,0.8978058626228054,-0.07414213522049659
1.0460839642775546,-0.02656409564694949,0.6648545538310129,0.630091340161682,1.9037329050998575
-0.20713829908966477,2.2285345162163304,-0.4379638751237689,-0.4320473611320717,4.138220828346539
0.7944677604900394,-0.4553236986170352,1.7180166074198573,0.4504471765399655,1.4555029022922192
-0.8226458696986984,1.5426571120219197,0.5763161171550061,0.5594412067793411,0.6263513144383213
0.08064284751284818,0.6283653387422549,1.4323449454378492,1.0201719082423872,-0.2813982113677337
0.0192194650539323,0.57469874836756,0.014609308849288478,-0.44501789841774747,-0.29889381889440714
1.3593772713997536,0.24025078264855915,0.5186154808168146,0.4792383151078079,0.5295946697254613
0.4500924961732615,0.767335384160037,-0.33587745382751183,-0.21845215158649028,-0.45627388472865826
2.0247443863508803,2.4082089791907544,-0.6328436986537254,-1.5090492157495607,0.015907275787795036
-0.6135587228730491,1.2113988324717846,0.0328207581936806,0.5071469041232397,-0.1289488083963812
-1.2717888489342095,-0.4106722950002111,0.43212252470264884,0.29889502813044816,-0.6961997734410951
-0.2866993566398225,3.0661059957336843,-1.3975626358912197,0.3219235302905339,-0.5203331831216834
-0.1341775543978148,0.6292818126114967,-0.2550626806118267,0.5371378548734359,-0.8761329042471582
0.5304240448646957,-0.31849493556974523,-0.5910604031328384,0.1427269105967687,-0.09282795730700956
2.3541321673727347,-0.20063366175460942,0.4093064397362421,-0.30081463083203486,-0.06703965023270962
-0.2794733340724308,-0.07659400687889115,-1.0204157716529265,0.3049828144670925,-1.0501441208398872
-0.7784414551653002,0.5398382194817967,0.5102101825064372,0.6639042111799115,-0.8019248102148047
-0.24059133859337908,-0.5307111955944307,0.5547508420094004,0.06722769691781645,-0.37696698226439446
-1.1075814232151138,-0.4230637416042012,-0.543555968886009,0.33126146766664505,0.36540320709466023
2.072362783747585,0.5259628221535304,0.9078904384939286,-1.419037761277643,-1.0215363880511559
-0.37441575593165016,0.4558543950989297,-1.226367259301165,-0.0019366383721148026,0.5500724982644013
0.5550603006855472,1.5218819092169609,-0.9429442348477424,1.7141234495477407,0.6903836942794859
-0.21759751390074195,-0.8428071421417606,0.053507379765140514,0.5952281944047049,-0.6954012454678918
-0.744876563303717,-0.4936765252192015,-0.010432156360779772,-0.28911449110600745,0.502901163646362
0.4228409282635255,-0.8184790269603743,0.4619509441219064,4.645135164897456,-0.20670881370652533
-0.482920584339893,2.1398066731747267,-0.08084599848429702,0.14029935876476574,0.3585322885312632
0.14355570522901193,-0.22288441695534772,0.5340014211277458,-0.32585376818648065,0.9199675088063165
0.32592768021172,-0.2551229766222728,0.787895167581858,1.465142890027265,0.6094989634058589
0.8412572065824585,0.18747021820383036,0.9873729231427398,0.2547932900256106,1.4529016673242345
-0.414534032973613,-0.9442776200986396,0.2826549206029539,-0.11733040462998544,0.6165325636522389
-0.6900363450936023,0.07510403138440781,-1.5211821295679524,-0.9327117665832578,-0.320308780869236
2.4006180523112164,0.17907417596966385,0.5898980382096142,1.2129443356235863,-0.25586927883067817
-0.2992355059947032,-0.3915826686835728,-0.09093403447365934,-0.0762878666917984,-1.0202953759319975
0.26405620980472394,0.5117044254097844,-0.9418448513551541,0.012512028265544439,0.4065574929899953
-0.933242059371825,1.4803088533274782,-0.16977938212744356,-0.2671252043925956,0.5277632050231021
0.702551933633551,0.19482068235333785,0.5426106705821065,-0.33174606686951663,1.2369642885303611
-0.9081764758668264,0.8068009391235507,-0.5843520791669619,0.034575249079225996,-0.06077732501572342
0.2474089566721449,0.7970106713124857,-0.6096365808070507,-0.41236792525035676,-1.1044606590171444
-0.7784414551653002,0.5398382194817967,0.41213647520886987,-0.6860909879687552,-0.8993089414191703
-1.0102149795107749,-0.6704174379476092,0.48371034015322323,-0.8157963608255127,0.29340159833499563
0.18140540029628024,-0.6524774163957182,0.6627679732186297,1.9275549475808604,-0.48595802519986114
0.9842661457430832,-0.052091187771398824,-0.026273693164025405,-1.2317480737799416,1.4131769070090685
0.0012418239272486188,0.45038939767044983,-0.972275950993579,-0.19740771785360858,-0.2143013500949527
0.5550603006855472,1.5218819092169609,-0.9429442348477424,0.030513092466859695,0.6040988678282802
-0.3143854899937214,-0.560813029001687,-1.3221445017624311,0.978456079212187,0.499973227744617
-0.8774505515756528,-0.288309904939882,-0.1820031458567537,-0.2451366048130558,0.8134757112945186
0.28951108659038666,-0.3315510353718842,1.4819485205797032,0.5023879379880131,0.8879340977003823
-0.4473570947304805,0.12292926359379006,-0.1707196860780079,-0.3792706921765635,-0.2984460680752621
0.7903569246491328,1.2552763678486152,-0.4073735712058795,-0.4081874929814328,-0.5386498364969667
0.42875372004479273,-0.801455726459307,0.26654057209478665,0.15368450577126927,-0.9697330561614202
0.14376866042743014,-0.5534974096661222,0.16237601002426777,0.6406759675562236,0.3650841971757172
-0.41833587557077395,0.4843029903284204,-0.7832641698893358,-1.1020427009231841,-0.7044089285826991
-0.37629927140185926,0.3739070573862231,-0.1441431050417969,-0.5043444211095671,0.8078552514228273
0.6496014343610724,0.6123905508794747,-0.1361289548611571,0.17011094574918914,0.8078552514228273
-0.28588653748557874,-0.8244147631559269,0.32506855488137526,3.897926184161246,1.0306054320885272
-0.4537742013854141,-0.6299580304246102,0.38999227456561353,0.2210554570611625,0.6165325636522389
-0.9712692792595836,-0.8418495524697067,0.07860564456180016,-0.575884202839664,-0.24512894383431616
-0.6013350375875708,-0.23157832824985497,0.1959306277407663,-0.7889607664413559,1.7317260338469023
0.4263302164809646,0.7624813882498532,-0.3937228454752065,-0.8605223514657737,-0.4046606546616892
-0.1712891035798987,-0.2875367144009809,-0.255581736068463,0.2081090785795682,-0.9697330561614202
-0.3644820348705559,1.3299954912151533,-0.6990364877889185,2.4522153405941305,1.4287485368784787
-0.4875866342325914,-0.44161554415107596,-0.08778733421330652,0.12799431442971698,-0.1289488083963812
-0.344876117372112,-0.46424105816845196,-0.07450352975760505,-0.10868561069138766,0.6214467877285345
-0.15100328797323304,2.1968122621465844,-1.0530820669973446,0.2679463472801708,-1.0501441208398872
1.209140954985116,-0.2937201900233791,0.03250332541976868,-0.9410291346182438,0.3734702456581191
-0.343032928192425,-0.20995128441663502,-0.29828923432957627,-0.3446741741873609,0.006786735390342619
-0.7007387839125997,0.010757327689398423,0.132679316933224,-1.8131859521033369,-0.3298688794830933
-0.028842704513728012,0.3553791543731211,-0.24457125481073244,0.047602999116774465,0.8009386883584494
0.3064724083506274,-0.5984565827550357,0.42598193345991336,1.353445314405593,-0.9905385052119792
0.019386000139512145,0.11186516112541549,-0.7917802403148587,-0.4740897923339172,-0.16964173510853175
0.44228043325217187,2.647620589543637,0.10208581618751322,-0.06251016692370175,0.19740903922463535
0.5381802645670263,0.0,1.8366507035777142,0.9795744845015614,0.5410676574811567
1.6535544915705787,-0.46864670608419784,1.3118398813842223,-3.9242527103236644,0.618669662595598
-0.7676729361453014,-0.4960587276195302,-0.29319499325232895,-0.3524350977924068,-0.20670881370652533
0.8329139247407087,0.594702737254154,0.14465448898622232,-1.3372251142388953,0.5305549507002905
-0.3480622266416536,-0.479246833634881,0.001987757062216739,-0.3356762348347591,-0.20670881370652533
0.07205832008116683,0.14977420173209552,-0.41580562772602886,-0.5304445405406463,0.25612742941498
-0.18149909261011068,-0.4244129048923827,0.03802084382539155,-0.35860728450076285,0.851239597223226
-0.22627127611202594,0.2204755940523831,-1.1135777314289903,0.26687650995924095,0.5333960373968908
0.2656983734598448,4.0318654919926376,-0.21674052026927873,-0.24289539922597692,-0.06468001344757221
-0.27128834382463435,-0.05552227635383203,-0.9174313033699264,0.09374063712330624,-0.5055744600792651
-0.06443780546028445,-0.40661940463815843,0.5136993301896234,2.1019432319019917,-0.2502036760459292
0.017969759902462246,0.14684194444051088,1.1539382220303165,0.9576027808602237,0.6067298636796883
-0.04473436170408295,0.17883826426674415,-0.16171710142673631,-0.04905574686152738,-0.8631613389739125
0.8629272959073423,0.4046019940611323,0.7130209796929196,-0.1338717537839774,2.923002366533619
0.7540221817589469,1.2409380511549526,0.5477106655093049,-0.05687742154298629,0.5800991396889345
-0.9229872510604482,-0.6409023786248469,0.08951206090199847,1.743344869289672,1.637296422704194
-0.043862322262437616,-0.4655935764354164,0.030080702454622688,0.19283118053633283,0.5676421200265624
-0.7225802241720037,-0.9067390961636245,-1.5580883086591586,-0.5747232712745048,-0.7437894323868048
-0.6108097553291122,-0.47779042580019887,-1.802228817167467,0.32505958612907765,-0.09903076075714864
-0.21114231495110247,-0.41757925682547353,-0.013197090699995136,0.556797646545502,-0.9697330561614202
2.173127194591327,-0.022412458041884974,1.224059472828617,-0.5730679433252284,0.8879340977003823
-0.9131424348508982,-0.3107184412148459,0.9591727344112402,-0.6037951651906746,-0.2502036760459292
0.07720346707577032,0.1997332125839896,0.38614940110044327,0.5083443564514946,-0.11754905247742425
0.6794639170177424,1.1710775619189677,0.5132669392738133,2.7138765883451197,-0.44347469850490434
1.1627868074473833,1.408116251465312,-0.47522021768901246,-0.2785325673839873,-0.09282795730700956
1.847300060028714,0.5136451481148765,1.7033529923991737,-1.0975701018591582,-0.42469223714525245
0.07935371217960878,-0.8467159039517139,-0.14406626368300865,-0.07238162427151948,-0.9905385052119792
1.1183932626346635,0.3891900933407881,1.1151092306133392,-0.23119332349938562,1.4069200992592341
-0.4297874364951206,-0.007434231930272542,0.5505326145480703,-0.4561993960778128,1.589947860353408
2.0613687853146767,-0.04516463944911571,0.17473475270572997,-0.9141935402340872,0.1608548161699072
0.6415446867170158,2.0767083941242173,0.07300021311285144,0.6263135936410779,0.17806245864773318
0.3856525772026275,-0.20557880860258432,0.8171014219381827,1.1173222174451967,0.5525222536796803
-0.8490103690270508,-0.2828306759518359,-0.5386092582152251,0.16158351057523224,-0.360981876750568
2.0827047205568303,0.4965559529093798,0.6167053282650217,0.4515177397789635,-0.476987961179268
0.1458901830263969,-0.5050093132806772,1.5879236122243503,-1.2272754747159156,-0.47972077937901825
-0.14989860425960644,2.186852562377028,-0.02541124775528882,0.21976060378497783,0.6347579280255606
0.8251165740179838,2.25789412944529,0.3399904642319058,-1.289891861612281,-0.4816634294042795
1.2054937682094944,1.2796745093559874,-0.11359306662805509,-0.44591241823055267,-0.4046606546616892
-0.18092612990992535,-0.6643591476596861,0.1792776282088034,-1.4598506260452735,0.9697878964409871
1.3425680162111326,0.606642582431307,0.08708691773570623,-0.9141935402340872,-0.33221697974600506
-0.46623493721236303,-0.22881484842860517,-0.5110492045303567,0.010991358633531624,-1.054163930051725
-0.40959422895154535,2.003291875559819,0.19323937485405865,-0.5265144786766582,0.5402604353172905
-0.43359624213975834,-0.08993489118661956,-1.0754272326370833,0.11512331446988525,-0.3897365748006993
0.005289901002226272,0.5274195710403706,0.2573367295982449,0.47578664698102974,0.8078552514228273
-0.029128744652430462,0.1569647657744087,1.1266126235533662,1.9176946878045589,-0.6919075183891538
0.5272831384058784,0.06248958096236312,0.7530348487128632,-0.9410291346182438,-0.08440646327805817
0.01179931159665095,0.08412363829900808,-1.2160324180210935,-1.1959672812677327,0.5698718455396775
0.6856872938320435,-0.1655933942804016,0.06317171684819614,-0.4096843658119411,0.6859837650201026
0.2485531558907678,-0.23396529796151194,0.697311837790288,1.6656718407179294,1.7317260338469023
-0.7589466260284754,-0.7832690747901603,-0.25801397368837725,0.15213500528761809,-0.6954012454678918
1.0175632051198753,-0.6695962475408666,1.2122842223955874,-0.3790503872018071,0.8897946545022678
1.6353465787729995,0.062237393455031195,0.4019269244227894,-0.10141313529903198,-0.09282795730700956
-0.4897970086385941,-0.335373677629436,-0.9535619370002816,-0.9857551252585052,0.0891825834795915
0.2636224738193988,-0.05599180781414321,0.6987583224290038,1.9274510878756907,0.3650841971757172
0.004492831927358323,-0.4923716637059596,0.07348457311139985,-0.00860517596622995,-0.9905385052119792
0.4193579459595282,0.07851059954961169,-0.00266305907003107,-0.5747232712745048,-0.4189325030269783
1.278244317071915,0.06699372233798723,1.4507965493931891,-0.7710409774134622,0.618669662595598
-0.4626487224459401,-0.6145938308325778,-1.016134112798829,1.2746551847261103,0.06112074554691287
0.6600705314214945,-0.25871059661852397,0.2711390224990276,-0.9678647290024007,0.40493184653198555
-0.08969448166018867,0.6788969759221515,-0.7894292075101689,-0.32855028219944454,-0.39344531590237275
1.2098691489882005,-0.20952792638543796,-1.3286166555327428,1.4510521351709327,0.7119432807720742
0.11501711171885379,0.87599882573655,-0.7563230091034985,1.0244971187337255,-0.013990708334522864
-1.154093754775914,0.8106444350126703,-0.8856428286426213,0.07082319652050488,-0.5032281989720708
-0.8142430537247265,0.7417335336735091,-0.8238832062051324,0.15679020537577545,-0.2972830528781091
1.5173627472582305,-0.34365709211400114,1.5137083074775164,2.1117213678944515,0.5184657712848522
0.22910569507011302,-0.07785296776965113,-1.8299756710873567,-2.202302070673609,-0.6584093033524757
0.1399680389825976,-0.15278220269136833,1.6392400861930854,-1.7952955558472323,-0.748490314399908
-0.2904750348835884,-0.5603466234618579,1.615826419475374,0.5163022532861735,-0.2636330411874475
0.46346064825791594,0.3032768396537047,0.7389479752273284,2.456537361690229,-0.9905385052119792
0.26383352383026903,-0.6497769266954669,-0.024019597581738886,0.13370526612324174,-0.9905385052119792
0.2904287541828187,1.1823483977758857,-0.7764564191401145,0.025217034220133015,0.08976088723454592
0.29065899424012376,0.9548013434113028,-0.09589061980091605,0.30838520090907023,0.8134757112945186
-0.6162335260678466,-0.33173526053517205,-0.5602007463245617,1.0671875499133725,-0.6954012454678918
0.7784760916412317,0.6293244823690645,0.7951557771994764,2.0819881800028286,-0.42469223714525245
0.6428827325503708,-0.4400228785009227,0.011177165927694984,-0.518035982917283,-0.09282795730700956
-0.45864818025699206,-0.4162297856037764,1.8770712450073646,-0.543415077826322,0.6067298636796883
0.08721936816856174,0.0934850662189042,0.33782035142214406,0.5958815961638466,0.8879340977003823
1.7983319449002815,-0.6590988877118807,1.3064808110076238,-0.16909428748776711,0.29340159833499563
2.0220688205114605,-0.06123846453675819,0.8092607815510595,-0.23434463058678925,1.4069200992592341
0.2979501134664204,1.976307140919624,-0.17331770326099655,-0.5417905801403857,-0.3377892871771012
-1.0572977531629166,-0.3799965151918035,-1.2325588198937667,0.8258367922633215,0.9939286543846455
-0.40702570449241104,-0.28102433425868706,0.6920130505636527,-0.3544030413805783,0.5295946697254613
-0.5264417322280128,0.2529444718989653,0.3472475558585143,-3.642478969290019,0.9397762190561528
2.1805613929295413,-0.3198509987121011,-0.04460259112386539,-1.4374876307251427,-0.41909317835827015
0.3416773314485688,1.3329867689653792,-1.1096535583869307,-0.40878984599913587,-0.5153218181843261
0.3752390341812607,-0.16537809671875697,-0.3423214906721569,-1.061789309346949,0.3396282756983034
2.2092332067947758,-0.04479934598354163,0.4054949048486852,-0.26213620598626713,-0.21254387136034786
-0.8943783569703926,-0.16682916921384938,-1.2563886002921236,0.9704335410841985,-0.8684701455495295
0.07268865245883012,1.2488663961438617,-0.05018423549472999,-0.0015189588052283523,-0.23587264030574093
0.4768350056875541,-0.2889967205310613,-0.42166568408938004,-0.2306645415517153,-0.37696698226439446
-0.1713285852313061,-0.01891901383291923,-0.7370332438757946,0.3430722662268161,-0.7118526605540098
-0.6642280310890777,0.9747659305199735,-0.40633858115127136,-0.1134586762889742,0.11436814906658041
-0.2724112849252983,0.06757206573410904,-0.5180060140725513,-0.5748446222893024,-0.5604458380971995
-0.014198405717972378,-0.001125894069939179,0.12342639190554602,0.02049794273115236,0.3535546971807122
-0.620083636863612,-0.2056371573821512,-0.7840204044872804,-0.14845263203471112,0.0891825834795915
0.18136772885834973,1.0780281629998714,-0.3348947129751013,0.5352836226745742,-0.4991962680520971
-0.10452417914313686,1.1985599714713175,-0.4452934587230973,0.009778297832620447,0.7289718563614369
1.9498850743005274,-0.16833654216323538,0.8003630687552763,-0.1653101951386021,-0.5933317814760319
0.9619417775906901,1.1791784808073436,0.1308249215107697,0.3843152667438151,-0.20492015117358375
-0.19689631566527876,1.1087665997320175,-0.9312635631524984,0.3523362677901412,-0.4674708094092993
0.2354867699595271,-0.029593286750417346,0.418372213033088,0.7966591001324671,-0.152854154408241
0.014082013260000319,-0.009082814381566336,0.9305400156509682,-0.8918305449139565,-0.47972077937901825
1.3283543799958715,1.4373502774314002,-0.8815216836491978,0.40305423017914127,0.5797263762642576
0.4074514232904942,-0.17108125639040367,0.7544691850032156,0.4832899404454956,0.5099434580834049
-0.29629012579366015,-0.4098856454913328,0.22643485556441648,-0.905248342106035,0.5996099903105753
0.3035029743577584,0.9713470349195954,-0.24699733218681313,0.4816788490902749,0.5251923997224379
-0.6033776143050067,0.9449969387055157,0.386435975588831,0.12666955063090515,0.362788930840681
0.5336221371916094,0.5586691620322405,-0.4457615195696614,-1.305920981015479,0.010732894775506175
-0.09790093965938279,1.4986946714706368,-0.9666759228591357,-0.1786525805848968,1.5892747293609213
-0.17894182548207924,0.12673989331632768,-0.9967718735764532,0.1963479958278459,0.00891865125849904
0.19560681823172826,0.6329757986996868,0.7521016602290825,-1.2943644606763072,0.08655994742689785
-1.1822210669782667,-0.04575912462371556,0.44051728273725754,-1.1825494840756543,-1.2862784228453905
0.279661250753245,0.22941618068425357,-0.010397711104802587,1.2491597706689377,0.6756778051649428
0.07830369558570753,-0.568452695792588,0.0930407185987472,-0.14605533061162113,0.8196525993686429
-1.3380523971335025,-1.08537226862436,-0.7918771075905596,0.26525343065381285,-0.23080342556128003
-0.9269481317750081,-0.7265396073992867,-1.514955464578266,1.416881604116184,-0.5073049384131536
1.0558546259890587,0.40348414298190316,0.13183605816862531,0.27790209787798464,0.10559286835603429
-0.2723209461919392,-0.5333289382402921,-1.3847490553111206,0.3374208449449664,-0.362164788268661
0.016197755333965266,0.15498401551429988,-0.12130720358945722,-0.11062242044422246,-1.1181177277849739
0.37054038997306754,-0.5785050425857602,0.601635264705967,0.5759131866731309,0.6165325636522389
2.0011014233105833,0.07467575815028142,1.4105509956720481,-0.2306645415517153,1.4069200992592341
0.3759142189053956,0.08671676115152889,0.9922340754957863,0.07737571448184839,1.4913824895906922
0.46607700691382564,-0.3005408415726723,0.7081633411403498,2.4504990185129945,-0.9842765979849291
0.12782730173525172,-0.09883932302310872,-0.8391414556998866,-1.7326791689508667,-0.5255871494177338
0.09189872796364884,0.8511694836575722,-0.06648440999395465,0.10594172591790613,-0.308930426034988
-2.0336827292323427,-0.7802072068932555,0.20301046773036172,-3.8252447946780763,-0.47791355809293096
2.5363450293667924,0.10040043990285,1.3930625818142794,-0.40224187058172656,-0.9981280320728694
0.22330521307503445,0.1031987118147639,-0.48952627533530124,-0.24445030329631126,0.5026293029921685
-0.8885934370105227,-0.4371082094650783,0.30265314111901465,1.3136541867968181,0.9397762190561528
-0.5383282363162211,-0.18283794191789599,-0.7429013531320222,0.15545758118476863,-0.0014175710680073388
-1.0508772705341087,0.0812301236483397,-0.827534374890337,0.1677831190104648,2.109191678104613
-0.814384381090225,-0.6905733263495201,0.40029849803910245,-0.15551021156194816,-0.9697330561614202
0.26405620980472394,0.5117044254097844,-0.9418448513551541,0.5731827474169578,0.4479612352789695
0.43908968662726094,-0.4904242440855408,0.2793974512195787,-0.7522854541163417,-1.323420674141692
0.43099202401626036,0.035522545661807535,-0.4874963619075108,0.5509326664449868,-0.19854513586992756
-0.40891929741164296,0.24803839316637818,-0.12146207434774828,-1.5627204045178742,0.3289187047612105
0.10287273560055453,-0.03730970482900693,-0.4524313770871493,-1.8926359418620748,2.3356813639312555
0.01147589663279301,1.9690260043105376,-0.9434440142096091,0.32380129288324466,-0.011428752724748442
-0.2373661499762964,1.6531741292474644,-0.5896325497392866,0.8135588652372665,0.6554032869307379
-1.5104463985248389,-0.6950635858770308,0.23879302207639397,-0.0012605617316815447,-0.20670881370652533
0.34404030988752504,-0.5948680281766412,0.6035435201852842,0.5159125138285585,0.6165325636522389
1.6502613432839723,-0.23878493112861934,0.9323518632615359,-1.0317528867397987,0.5349850679365312
0.062273175150439355,0.7569732582960695,0.418974043382625,1.6398330025270489,0.16165969759013338
0.07994559419337068,-0.11823266163465239,0.21427047878927694,0.9502725861742303,0.5349850679365312
-0.7256488112636348,-0.4608565473107227,0.23024444494295535,-0.3488356880810755,-0.20670881370652533
-0.3221495010763888,0.6808736679875022,-0.4529652947454427,-0.6373463656699696,0.04230233705278891
0.2798104684732449,0.4915923987195192,0.2464919018014122,-0.23055912635684273,0.5149765584974199
0.8655850551839496,2.0292913295377204,0.13703055586821822,0.010933470796979632,-0.20055215634528994
-0.045772941442761395,-0.26545852271895726,-0.2545789903928887,0.19591812390918137,0.362788930840681
-0.6278410698096566,-0.20428223401338821,0.6824560852002352,2.7871737000105505,-0.0035842636988155127
-0.17887473044522828,-1.1496085082467968,0.3643882944355182,0.3872531910317119,-0.1421995909466891
1.6847098361346855,-0.31743190060524645,1.3672969388638274,1.2213076350323615,0.5410676574811567
0.8660740038208012,1.0262764514574143,-0.39223201751332043,-0.3383473903797304,-1.0051107211450785
0.19100310881613772,0.6739725707000511,-0.13179490832426077,0.9935545760745843,-0.08667899096059145
1.0790666115921954,0.5845071255174785,-0.07849131184971561,-0.41505148468877245,0.002469568138232281
2.025554442923509,2.3095871307825293,-0.6234105538455339,-0.1716413843996129,0.34662178743481337
1.3626535342445314,-0.08582110506158036,0.6128989726949681,0.9972279647188321,1.7317260338469023
-0.33177715083580317,1.2497988451492477,0.739554346891429,2.590216104509656,-0.5016379980606103
-0.6401733224305856,0.036233694977142544,1.300842551985798,0.10065738334529828,0.6067298636796883
-0.7711162366040334,-0.6690343427004247,-0.3959610180893761,-0.5760650509937127,0.6214467877285345
0.43269671734031373,0.03310814403082813,1.8189083568655082,-1.7952955558472323,1.607034620141823
-0.7282976483970678,0.016839968533307745,-0.1778354076081999,-3.105767081606885,1.821490542915006
-0.1509217535604075,0.3431906931723393,0.042188678123440154,-0.0028131543205009036,-0.9699550924152757
-0.3175194923011053,2.011166463062565,-0.08563912253641003,0.04440465859376681,1.5788620984741653
0.3040047985145393,0.2381494796262504,0.34452137340723515,-0.9320839364901916,0.6366388827363092
0.513198332516729,3.6430834651584885,-0.36659615985993205,-2.7211235621006384,1.3312214531160962
0.8509318922668239,0.48645567830032255,0.5487539002128812,1.6905002132285951,-0.152854154408241
-0.28957712889327997,1.007737621040982,-0.6895969088679891,-1.0274888725226727,-0.5505075421895007
0.3792979016693759,3.7065510121766176,-0.7106861678148627,0.009778297832620447,1.3312214531160962
1.7388683070323245,-0.6038399811768822,0.7987016195635642,-0.43466344074689656,0.3585322885312632
-0.3215531467008199,0.1683315748333555,-0.5296914006190071,0.7424496399605276,0.3891493825389971
0.40616895158537253,0.005097494636275357,0.48206591187733716,1.6360781941551683,0.6165325636522389
-0.8970953891339766,-0.6189640805007743,-0.17705878834898583,-0.09411433223474304,0.3585322885312632
0.3287707745674185,0.1690564812002647,-0.4393311731411555,-1.1060964040450958,-0.717295391105032
-0.18846481562203465,0.48284644883034866,-1.029654724890451,0.08344809019734771,-0.5269922643856566
1.213992461021484,0.2388558181787546,-0.6202946489466027,-0.5263031983929947,-0.4357806741600837
-1.0309821244962498,-0.41778934016628516,-1.1786039840246836,0.198920944370131,0.6570879535676716
-0.059457488445471836,-0.2791015983092737,0.4766407193319378,1.525168197366559,1.7317260338469023
0.292347166401846,1.8351468100313173,-1.0279693749694192,0.23802564107622062,-1.2779699532950586
-0.3994481499272973,2.4774375197675425,-0.49517716036249926,0.7492580027406767,0.6385964132032822
-0.05111704737304321,-0.39230168324836306,-1.0882567886057484,0.6165550694988093,-0.12954201971315776
-1.5089333262822027,-0.853870721235731,0.19226578467097433,-1.1109878990512363,-0.7323264763895668
1.9498849453712799,-0.16833654216323538,0.8003630687552763,-0.16530959253500777,1.6161157022893433
-0.2677808781545617,0.2868377820671107,-0.7529673106398743,-1.2809466634842288,0.8927045332387896
1.0615626376962572,-0.4696786235291596,-0.22916091430073451,-0.5188157829741784,0.9411733086173097
-0.637792628033244,-0.23644926038519237,-0.011156425645536847,-0.4298838289809695,0.5121076427745987
0.7045922967570364,0.996407016227065,-0.3294396299970756,-1.3390904513165682,0.9993979690955798
0.8086397277378624,0.07664154993486919,0.6893830185612961,0.6837815502175576,-0.24353305825973015
0.12942057516418043,0.1579347820314607,0.29983632970319285,-0.20447445493280178,1.6515211218047334
0.5891045296431696,1.6536638518290399,-1.18204375169178,-1.2183302765878632,-0.8229100785357111
-0.6208728421466201,0.4225558117981758,-0.7417913532473773,-0.869467549593826,-1.0821355510268666
-0.0016740242202556148,-0.08367884006852305,-0.8195572106026289,-0.1706804475221486,-0.6741436149048691
0.9619417775906901,1.1791784808073436,0.07382249184178485,-0.8873579458499306,-0.46121051306550853
0.022459215269960146,1.4034015393050927,0.04113113771420926,0.5904124665496037,0.5251923997224379
0.7053271277402119,-0.10856570756085729,1.5298645074633763,0.17430419143112955,0.5295946697254613
-0.009566875850277056,0.18411667218812258,-0.8258466395276479,-1.3771075433607904,2.3356813639312555
0.667446509187742,0.011087115246723043,1.5931750750405669,-0.6529937548949619,-0.16954532852148893
-0.28340936139057193,-0.43615786183243505,0.6136099777009137,-1.093097502795132,-0.2502036760459292
-0.11904845868788938,0.12699603515111896,-0.6479385819778789,0.37119396461375287,-1.0646550594484097
-0.4860628907963692,-0.405738848522081,0.4063909462577869,2.281148271596479,-0.09547132566051501
-1.218096828962065,-0.8555857518561232,-2.034176822013903,-0.3230549402508704,0.17154332041423972
-0.298701658932383,-0.5348688059154899,-0.6236003677941026,0.5743960508010508,0.0976393558591175
2.0062975357738235,0.24411793997757736,-0.5307230345786016,-1.3927616400848817,0.36428617079043696
0.6561367233642952,-0.2847594296492712,2.233681959815836,-0.3203833228102214,2.5153692182430363
-0.09871021475373228,1.3641337252729318,-1.00313177609876,-2.0994322922010085,0.1297421532943814
2.4673151882068085,-0.0921030056312272,1.289216472734858,-0.16396466754206215,-0.11518937352350357
-0.002825722427892099,0.8047634576111113,-0.27074321943302276,-1.4866862204294302,-0.9193952805843132
-0.17171146461604492,1.5334776443008686,0.29346145521906364,1.4771993089279494,1.6515211218047334
0.3949381494429799,1.6851280481839264,-0.41447086005136113,0.18411609132921714,0.2896737968922535
0.12422632475494454,-0.08735626662171087,-0.33450677013038294,2.2779565184091224,2.838729910828953
-1.2174363797702457,-0.5970166831045917,0.5517399697490705,1.709621227626285,0.5881249644447311
-1.5822524190778111,-0.959872326024895,-0.00964946663924818,-0.20648221123594573,-0.7124301554492031
-1.0342042455027771,0.6510126049919535,-0.644050363512929,0.7094869635236517,1.9765290291293425
1.2048317227213547,-0.48469498178772435,0.33102282828798635,-0.8381593561456432,0.3554712646339844
-0.40891929741164296,0.24803839316637818,-0.37858640680509087,-0.7106902828208987,0.03168973978078351
-0.35166451514835734,-0.3122124578293284,-0.2899570033601371,0.9431070425802476,2.3356813639312555
0.3195728563460763,-0.28452309167880363,-0.030100686101014906,-0.775095709342875,-0.5834515025714114
2.2092332067947758,-0.04479934598354163,0.4054949048486852,-0.26213620598626713,-0.21254387136034786
-0.6333515876924235,-0.8041824632577941,-1.5091231742329574,1.9324756943734513,-0.09282795730700956
1.6385556530385483,-0.38383222627839214,1.450186679795233,1.2213076350323615,-0.2208204883284461
-0.849374968526681,0.04505718722294599,-1.775642847407466,-0.3268688494675911,0.36428617079043696
-0.30213599287151066,-0.8312994691206348,-1.5243579645917613,0.3159732744589498,0.5256839558868469
0.3914037437101344,0.9917757456424441,-0.19831833607100613,0.6260684360469003,-0.15818118534505549
0.04394632472122081,-0.4509115580286957,0.09987357424855588,-0.2360663702435574,0.5099434580834049
0.20440312299708985,0.3553791543731211,-0.23288980504779946,-0.7143103667248216,0.00891865125849904
-0.21338399409229178,0.3130363673012153,0.8569091484015386,-0.27370312347727926,1.7317260338469023
-0.08686834698639784,-0.16233803918619552,-0.005713273644093321,-0.26310290203593745,1.4069200992592341
-0.5839440532753919,0.3141724907066561,0.2806655878643497,0.19295353294477877,1.0745013975702495
1.5545848248373233,0.12965563115048426,-0.18682240300060518,0.08570039650624854,-0.5640609494532709
-0.3172815295174831,-0.04485279907464738,0.5979951962360069,-3.642478969290019,0.5349850679365312
-1.0814703642554688,-0.41078038256317195,-0.8051912989465505,0.24604239734495906,0.6385964132032822
1.3115063837221534,0.7627146078869694,1.950867260862503,-1.8758023389997023,-0.2562397851097021
0.7459030549267553,0.49147447712307935,0.622556620369821,2.3802279512896583,-0.42469223714525245
-0.41821749367897393,0.2204755940523831,-1.1135777314289903,0.8026369593388224,0.499973227744617
1.3731035564274936,-0.1324372254950238,0.7868900228437096,1.3190327803936908,0.9397762190561528
0.2460899629556952,0.49688580858448606,0.24464636875779455,0.14807552546191904,0.4684445812850607
-0.6070811316370295,0.09814093450960705,-0.3898048896426748,-0.10100298026707855,-0.3897365748006993
-1.7193882390448187,-0.9158287593322613,0.0472379827521369,-0.22889937054242665,-1.0043011582375723
0.1867101530622497,0.10907498614654206,-0.6990732622747048,-2.703233165844534,1.6113890720961999
-0.878275259631349,-0.8116873024909348,-1.1327971770396972,1.2936426745423923,-0.3917950916361426
0.5025333263528154,0.30489261526171946,0.622556620369821,0.07737571448184839,1.4913824895906922
1.0447337407270916,0.5039911487352218,0.379347847524089,0.9527772628646126,-0.15483492511564004
0.853548314302124,-0.17704451931139625,0.550252057850587,0.07737571448184839,-0.233763797482037
-0.4632222802442528,-0.8516304491889465,-0.9324574730387412,0.09673609216819291,0.8672937546744337
0.762795051147981,0.48279148826262536,-0.6971656098464598,-1.2680197846333794,1.821490542915006
-0.15416836394577005,0.8912184926796101,-0.07724495885916734,-0.12786599948390584,-0.2916938586536101
-0.5305348574371639,-0.3346490732613085,-1.283272251460849,0.9762950693729983,-0.31141746615253346
-0.40431064011502355,-0.46778661329594445,-0.6845112406069402,-1.0382394506686226,-0.12715128447680263
-0.5848355581963331,-0.26979349527092106,-0.24325562209187737,-0.6637279926486246,0.894566762000418
0.33140496704119127,-0.38927092388553747,0.7591763734062156,-0.5331920118076182,1.7317260338469023
-1.052731231649131,0.3547199749793008,-0.8332626318734369,0.14870895325400696,-0.8321352836130682
-0.6003970359820726,-0.6359636473691607,-0.22132792765375364,-0.16911484003319044,0.5502410318064843
-0.2489547650670962,-0.3469206576769683,-0.7193041227689365,0.5031658511816919,-0.21253776695815504
0.129951700437947,-0.42207890062053055,0.5417177376026112,-0.5496767165159586,0.502901163646362
-0.22372296998529084,-0.12453942030070671,-0.6658495845687046,-1.1495362156419113,-0.5283545771841615
0.4626663469989976,0.6280220894790417,0.7397325915418511,2.4579644713589976,-0.9905385052119792
1.1501227919804733,2.328454811673199,-0.644274851263573,0.04087198440573631,0.5117715788662783
1.627613675158653,0.5938876514436935,0.44975127415728294,-0.7147156219785223,2.950937804309736
0.603055386699629,0.47483448943309015,0.4799411968612343,2.1404475934561322,-1.0043376905579542
0.5359452279044811,1.3440579586646253,-0.16833542332622767,0.048893843198297586,-0.4634397369907007
0.5062640822623652,2.1247604876022073,-0.9891033332863836,0.011757949474992944,0.13182641830986522
-0.7395044618805571,-0.3810319984276753,0.29531292901007394,-0.3752600043799695,-0.23080342556128003
0.11089273591603296,0.08811862329028994,-0.18171891301145054,-0.2817318385551147,-0.4262787597452786
-0.9698674123186103,-0.8807380513693484,-2.1221081308948384,0.5740855722969016,2.4950769772355574
0.01574853429050705,0.5253364164015956,0.05153365166545359,0.232331370195183,-0.4804288543301312
-0.39757747906299784,0.6365785877051662,-0.02049732730130366,0.07796097921675309,1.175394136295065
-0.49086609173311563,0.12699068646765554,-0.3554588973038627,-0.48616580980678775,-1.240059520094887
-0.4118082026605852,0.027763777968978807,0.06212208613713857,-0.1030022038253104,-0.5496988152618659
-0.3421084978459692,0.32565077326275127,0.33071921683099864,0.9161579592969612,0.5687810590034176
0.9138006083331496,-0.449587211885764,1.0035440155308735,-1.522467012941639,-0.2502036760459292
-1.3274885087452315,-1.015973324516914,-0.27075840625898767,-0.0831693343116965,-0.9905385052119792
-0.7770827740744021,-0.3515699542307796,0.7423547682801347,-0.4879548494323982,-0.09547132566051501
-0.40104694951299674,-0.5310937430103333,0.25084818591194985,-0.3334847381934904,-0.20670881370652533
-0.6791878172787922,-0.8710192973014508,0.3791125257972372,-1.021535917770714,-0.24512894383431616
1.1066707144379477,-0.08631810311917464,0.5900468323542597,-1.061789309346949,0.13747881261264566
-0.9034978198688611,-0.5653194774045188,-0.10503725592986632,-0.1662235445241097,-0.1289488083963812
0.9659523987641473,4.165540775766149,-0.8660823469209927,0.01397057201902034,0.020567027591223065
-0.2851121645991204,0.25649193170265766,-1.0465910267103624,0.2930906404995332,0.0976393558591175
0.11412911895859215,0.015046941397761289,-1.6974412752995118,-0.11588264834962224,0.7119432807720742
-0.039681631883766104,0.6840526337047659,-0.11238543722517415,-0.3726065195711646,-0.11488333887599843
-0.1913470025592121,0.014987810267104908,-0.3104794836341466,0.41753455619940266,-0.38884642343358616
0.8261288739496181,-0.2995127131169837,0.6885606520945499,0.8442274649172904,0.5295946697254613
-0.4465723467486183,-0.16481489784563616,0.5395610059766113,0.677732253928746,-0.1421995909466891
0.9672246249033276,-0.8355993192968748,0.5708061419307547,0.9129587055164676,-0.24512894383431616
-0.5994983563081412,-0.2099622199708239,-0.17791731356861304,-0.7080411282930552,-0.5003920536602103
1.5638019792143683,-0.06116459513255955,-0.1537377070706196,0.3881428136190018,0.5676421200265624
0.27982220530651036,0.10886851747577533,-0.7897835375575323,-0.4478869975438105,-0.39623146961792083
0.5861184006531285,0.7521573158294763,1.314321960378927,0.5829253458554945,-0.2502036760459292
0.07638595243669001,-0.405069640473,0.07903196022933863,0.4613161901520739,-0.10846529519431537
-0.6711489147504484,-0.4201635396995319,-0.014323806888935857,-0.644943076579715,0.3710477431866491
-0.5137132577252672,-0.3911034010766667,-1.681420734735244,0.4218397376324273,2.4950769772355574
0.15179586660203193,-0.8981611230956069,-0.6105905989827033,-0.15473190714843504,1.6515211218047334
-0.8464303533625508,-0.44798129381413093,0.31203569017457977,-0.3458764913007753,-0.20670881370652533
0.7372992216219051,1.8009876335467119,0.6282397822462047,-0.6623862129294167,0.5386369624069466
0.14509485709559214,0.20959277042034744,0.42873939018006213,1.496834581297555,-0.8325251846251096
-0.4272075823172823,1.0411974294099153,-0.2778873062872496,-0.39939738796468105,-0.7543301353898662
-0.6443312361642953,0.002755212503823267,0.18165229366980895,0.2973443587106389,-1.0043011582375723
-0.18297225195786576,-0.6148623270864789,0.012651328096769393,0.5911914783575316,-0.152854154408241
-0.48320448257158344,-0.6301912302262589,0.27308308403269344,1.2960317594063528,0.9397762190561528
1.6720458364664204,1.0325487139427787,-0.9477931551243182,0.031708130492429966,-0.06405353013191219
0.5475543443967847,1.9024168826772454,0.8460839224136235,-0.2982684272909524,0.06190589784217294
1.3257142227545278,0.06629450922355687,0.5594960960905174,-0.7151628818849249,0.8672937546744337
-0.18212149349467455,0.9961778872368311,1.0197392497735565,0.4998296762983303,-0.47972077937901825
-0.16877849837262304,2.9976239331549195,-0.5068022816695746,-0.2894326178179388,-0.4516596102302368
0.6344334808443491,-0.019690514115502725,-0.048354001992645175,0.6641984088086752,-0.14307402589221938
-0.7329416933022432,-0.4699781973736622,-1.6436005357422063,-0.1681471544734229,0.06112074554691287
0.196742174325553,-0.7564643021912157,0.6273292405311587,1.3271432687195377,-0.1421995909466891
0.01147589663279301,1.9690260043105376,-0.9434440142096091,0.3523362677901412,-0.010498313838050008
-0.5532905958479473,0.9037458752279539,-0.2637431344505607,0.8784862839333955,0.1347286060315697
-1.3583604106955693,-0.7873994486123439,0.7671006551764549,1.325605957823282,0.8897946545022678
0.792274340634435,0.23029884357176558,0.21506093283975056,-0.19735594046514832,0.20751687185026296
-1.050493001613246,-0.11096739211347344,-0.7873226925535362,-1.2809466634842288,0.6019801604420929
-0.9588591878513021,-0.18827262312660678,-0.9081267739943344,-0.749601894677926,-0.4082073828642769
0.607019907156023,-0.4170990677073848,0.46265098082114514,2.070351807756449,-0.152854154408241
-0.07757606208467432,-0.16117356929344245,-0.02477270941836974,0.6196951153667307,0.5121076427745987
-0.5866508654957582,-0.1997211172127124,-0.006760828180692473,-0.3903776177220887,-0.360981876750568
0.5089328466270917,1.2295628561752399,0.5727632934926027,6.974039879787952,0.11723121293030131
0.10761658569648794,-0.4076823810561001,0.448645714047608,-0.009585807554613772,1.6515211218047334
-1.1954809010362584,-0.5006409561227324,-0.9393554283144494,0.04251827196993809,-0.24553506285586357
-0.07959455039672887,-0.4745345259453063,-0.2077843214593198,-0.31501852238438843,1.7317260338469023
0.1609400433441936,1.250459768180011,-0.16677018801330648,0.43761949319781673,-0.5866576525743729
1.9367991878476063,-0.4471420917269588,0.645929477787777,0.5209995037487969,0.9203109293375056
0.8991293538084935,0.31188149992412595,1.6455367009361417,-1.526939612005665,2.0168774304286057
0.5912584526792826,1.0434155175980726,0.25693407770450016,0.2838025862991698,1.6616505227110443
0.7957829064423498,1.0693310417392536,0.1799090660411862,0.3047527437177367,-0.19077955164811133
-0.2455724732667054,0.06303495688757622,-0.1817282568645166,1.2956862671943539,-0.4651416248129861
-0.25211612457609706,0.29725917664481327,-0.670649182296548,-1.658554103831084,-0.1614558206921055
-0.09541935173520419,1.3621315982307802,-1.0593270683434441,1.4790824990153641,0.8473124981791313
1.109680721295291,0.12288325402585926,0.6290285950382118,0.15295727298814446,-0.48394799519696124
0.6601245166126887,0.9750737763326053,2.0381733009289733,0.37993929583183245,-0.9496697900407294
-0.26204993061489973,-0.6037983275675672,-0.1375902653357409,7.008829342905053,-0.23346016959272858
-1.1817339318817002,-0.5006409561227324,-1.1144249575932015,-0.007584757115408867,0.3754403158231637
-0.06305544313868502,0.5052010720832074,-0.16175909351510667,-0.06660101591957023,-0.4143155533929685
-0.7426300515000968,-0.6094914907520229,-0.2109361658478913,-0.42176038328481164,1.7493341106831493
-0.14083344134620787,0.1144245073722342,-0.966837971026559,-0.06535759602976553,-0.7628753544397908
-0.040861264583924285,0.16112951382609778,-0.0979159723697664,-1.0796797056030534,1.7493341106831493
-0.4769362469298465,0.02347361010054509,0.6722993140511473,0.03525395661779354,0.5165410112288399
-0.028962278874167264,-0.6492310229104017,1.5116002922486533,0.5023879379880131,0.5881249644447311
0.07720772652090292,-0.5243302809454774,0.10463892443218613,-0.21514120410691212,0.36540320709466023
2.8360742152012546,-0.04274119393913586,0.9658850634572061,-0.8903757547580136,0.9411733086173097
-0.43582171367805284,-0.5466686237833726,-0.21748002151207418,-0.4961540966072834,-0.9905385052119792
-0.26592428551763114,-0.6952346169897348,0.30947634660476536,-0.0829536025480281,0.3650841971757172
-0.15378854605989625,-0.5914352132046187,-0.10074622368793436,0.044177688505241335,-0.6954012454678918
-0.28638480810189126,-0.5274239122172029,0.897383141613419,0.09348275557969801,0.5881249644447311
-0.5660005983878382,0.5061958104854901,-0.36977716859737475,-0.16882589032320264,0.6139671086227521
0.5418276764535194,-0.8161966446169653,0.1665484795892236,0.8711865690197044,-0.3878333830253699
-0.29709358660587626,-0.7077362911599824,0.4737048804348051,0.8155355104842034,-0.3632433694987979
-0.3034248625743728,-0.0008611933678733935,-0.46789437621405566,0.0960726211778973,1.2231717235158754
0.2750420088901242,-0.02540280104489368,0.6475125196942152,-0.45109961712177427,-0.9827771844875074
-0.28955022559963395,-0.49775278124299416,-1.4799462189181878,0.3188414154190117,-0.8824468930201992
-0.4241296181265205,-0.8796440014911663,-1.6702588266658491,0.7491384955381091,-0.3917950916361426
0.8054151038273466,0.3645637153582411,2.0369680633846343,0.3651318865662003,0.5410676574811567
1.115403299391984,-0.49853820655400966,-0.42487516617984866,0.04137080320360824,-0.09282795730700956
2.489311037451249,1.499513782468913,0.7403844037639257,-0.3725617935805243,0.3038675647375498
0.05404485360323823,0.4023044514218382,-0.26078411344430874,0.24579838255501693,0.17968843949769145
0.1810603985691248,-0.4621200662137309,0.35942752292785296,-0.3634824174805513,-0.26449642390800443
-0.018722961746175236,-0.3156520147622544,-0.03090808939428906,0.33580486397609816,0.8879340977003823
1.301491382234584,0.7756626604683184,0.2679068158077953,-0.4629082946738519,1.0539787605102002
0.24931419770779284,-0.22066120387987845,0.04021254168560169,0.24495732085652852,0.6859837650201026
-0.9901139929933765,-0.035680137423610786,-0.7285741397693652,0.20486855876565882,0.20059077861535066
-0.2849479127965332,-0.47116856256574524,0.16820928049850395,-0.32449036292492717,-0.1421995909466891
0.5320733016125498,1.5555429051852894,-0.14639160833099998,0.4911724735616831,0.39809537033929204
-0.6540710431012201,-0.40568018788304755,-1.1663155002919894,0.221191964697834,-0.3937904083933048
0.507601520397426,-0.24651353264341394,-0.3338714990604355,-0.1888886431262807,-0.9044381795184012
-0.8286935051470431,-1.0205137011903065,-2.1976099218485845,0.5002836542234573,0.06112074554691287
0.6388428121831172,0.4960833914855474,-0.20889410102877815,-0.6203106014926179,-0.6843719958279588
2.2507462391401725,-1.038036928794265,0.8842534366538811,-0.8432628055969396,-0.24512894383431616
-0.12765079772425994,0.22274910786625238,0.5516784795158757,0.8340884531160199,-0.7878163123163953
1.5115175034588453,0.9141930152091956,0.04770376335675685,-0.44938416480133353,-0.6764321934009337
-0.14700487094572898,0.3880273142876709,-1.7239863624948235,0.31193771820677196,-0.4804288543301312
0.2710812108259724,-0.4393193675704435,0.2794556243481161,-0.04006193070457653,0.618669662595598
-0.9576844780682745,0.056317284876890375,0.29133429986089776,-0.17504673778282026,0.6165325636522389
3.052556291299141,1.7037869959220118,0.3426126741487746,-0.9455017336822701,-0.6448869945399228
0.032182377467161,1.9354444015580523,0.31628142159572403,-0.2373458024849117,0.6163740618686131
0.07981933443438456,0.06402123439166066,-0.043203482990504354,-1.316727455996438,-0.08586039947047364
2.3717526234881783,0.11400537891551772,1.407194691295233,-0.3292932008799044,-1.0916684950243103
0.8568354745549157,-0.4350722365812877,-0.5397644147178297,-0.27686304905550146,0.8672937546744337
-0.8730293807672748,-0.3121369165774676,-0.15082621973531113,0.6594199213493108,0.36540320709466023
0.6741004766628282,0.4470870965423341,0.6330962473889915,1.8379233354964397,-0.9697330561614202
0.11821946091373657,0.019280957736799564,-0.5654787471754955,0.2966070216870655,0.7625200629944272
-0.4684382045843513,-0.6813105669719427,-0.08157954148661697,-0.391055885213379,0.36540320709466023
-0.9513074093095669,-0.5131746063479836,0.3397515118802859,2.8612898339657566,1.0306054320885272
1.2281577379729354,1.0653269157820824,0.6058871874998185,-0.2636091701341039,-0.08667899096059145
0.9040645816923405,0.31219637172095593,-0.5913622225790498,0.42068639579684836,-1.3573582801988011
0.26285441874216814,0.895225368810571,0.1974009950638606,-0.4606719951418389,-0.7099894286165357
0.7165068033974404,-0.25343008327059086,0.4781334991039617,2.0302774582060574,-0.1421995909466891
-0.2768829781145988,-0.1168264811766354,0.5878840333262142,-0.14860407544363854,-0.3632433694987979
0.0638071434894315,-0.36019499011809597,0.5706117863983359,2.0397058507734447,0.538660369843347
1.5990561104247198,-0.467113822457121,1.7141483954856465,-0.5666725929592579,0.6541533298269551
-0.7893351589592462,0.019152196553911417,1.2369767963590605,-0.11256167313437636,1.0026398990370389
-0.6458659607250061,-0.5782395160804744,-1.2171618297583087,0.2437775652563553,-0.5255871494177338
-1.0700829150334181,-0.05506955966020524,-1.1067329020610104,-0.38642685067900534,-0.3353629391982226
0.057093996980854295,0.022372123865703916,-0.5628428410455774,-0.4606719951418389,0.426331092085231
1.5241295181141865,-0.4503497577073111,1.4058341360391846,-1.3077822578683858,0.6848505107063733
-0.6298182556765354,-0.34405803669913804,0.41363352774814166,-0.08310244399919156,-0.233763797482037
-0.2968129309926355,-0.7627927006195773,-0.2456414754761663,-0.29720762561211883,-0.1289488083963812
-0.16236356119590475,-0.5905584621123261,0.8149671959833688,-1.1825494840756543,0.6165325636522389
0.5748908832794417,0.1920444878579381,0.5678167861730451,0.4784740190779153,1.589947860353408
2.129036852783492,0.09384343154806273,1.2509080850050003,-2.1396856837772433,0.29340159833499563
0.5590362070633512,0.9586447477564338,0.18015178976909,2.2370913621244903,-0.32450205590439835
-1.2391191828113852,-0.792771356056592,-0.2978122977926066,0.011206287235030027,-0.360981876750568
0.39001869773987635,0.1920444878579381,0.5678167861730451,-0.7621251720571991,-0.323566594428253
0.32356679003959427,0.34211320800343775,0.5119027743389546,2.331716227492641,-1.0043011582375723
-0.16531439797070482,-0.8269320937698199,-1.2234205118344235,0.2420645290598652,0.36428617079043696
-1.2878522937804906,-0.8778936822081327,-0.3964959696518287,-0.08801771500343437,-0.1289488083963812
0.10661777122194772,0.10184500330447574,1.08853478269092,1.3127161530666984,0.8897946545022678
-0.5544067827745927,1.1676222202903692,-0.6992196979149192,0.5011712738350087,-0.05469406668720112
2.1922226805233307,0.7941482274707512,1.4293900343867036,-0.1831068973588806,0.1260528069257254
2.4673151882068085,-0.0921030056312272,1.289216472734858,-0.16396466754206215,-0.11518937352350357
1.6079877417206478,-0.3410936462375248,0.31940947509812767,-0.40923710590553847,0.34214875501070663
1.659256808224614,0.8218931837705631,0.14491519519429605,-0.45215229338400936,0.7231153157740499
-1.3696839295050127,0.13640138574115207,-0.6754484746529608,-0.5664294629408513,0.49715229726641685
0.15451441098899596,0.6906714101553375,-0.08707635485288957,0.2973456949582003,-0.5386994937013303
-0.5831545501890288,0.3094116158462751,-0.35636919617287777,-0.2073140958368405,0.643842019700618
-1.3723366198934892,-0.8317026417290244,1.3036967943868856,-3.8237550870311683,-0.47791355809293096
-0.33133606955077843,-0.27142024000228304,0.049650796345129526,0.4498498218823687,-0.9697330561614202
1.3679991022817326,-0.1320068712181075,0.2587710628855426,0.040142225344246774,-0.22167204412368421
0.7298591720769978,-0.3667279437308301,0.590147274666425,0.7270056559955456,-0.9697330561614202
0.11100171447097089,-0.005630712836386422,-0.22228152168992082,-0.9008389585152865,-0.16120007585681323
-1.0620090815963499,-0.8338875219438353,0.14691628734229834,-0.46663057423070514,1.7317260338469023
-0.5703354823071678,0.388710354349828,-0.8282322520472202,-0.8846840563686831,0.0891825834795915
-0.36250677617576865,-0.8218465351402171,-1.2842403619568838,1.1782523198356398,2.4950769772355574
0.1932774699030904,-0.09773091519342572,0.2410349378234689,0.322668936248632,0.3721291667483489
-0.6825415731533391,0.2919815529256095,-1.635291313827771,-0.2964148946898545,1.3097417862992178
-0.2025633911861885,-0.37469972657102735,-0.6622897171841633,-1.1579112224387806,0.00891865125849904
0.25975831163250385,1.8186026834999711,0.8559447601402704,1.6265792373107881,-0.6357276646764355
0.33974476496856365,0.9879914663587839,0.2511345507786775,0.26948277321827013,-0.861728636670232
-1.5750877133913517,-0.4989043144050799,0.24522849282678125,-1.017063318706688,-0.2502036760459292
-0.8783554661824047,-0.27960389857768086,-1.7077411667296494,-0.2499382875639453,-0.5996927523178482
0.007317633383087699,2.921388927603138,-0.5246776410103282,0.42566313330784483,-0.10094716101444622
-0.34746518529109327,-0.36115262857196895,-0.4927618541647397,-0.4463596781369553,0.5676421200265624
2.4438759204303526,-0.4835497026601228,1.5005564334438626,-3.834800729043142,0.9411733086173097
-0.023984014262097723,0.4483849636160139,-0.04376667835896128,5.385341888547735,0.4739326219451153
-0.5825668955624103,0.2439413154297747,0.5302344568030596,2.7871737000105505,-0.35277991103585804
0.47034569045381763,-0.19265751360753636,0.4446193697074077,-0.6328670591068444,-0.2562397851097021
0.18986164784526563,0.4361377573927604,-0.1308448615621105,-0.006551259126883168,0.5337337732649541
0.10852943591150094,0.9520429838161852,-0.7702689470455771,-0.625263640698,0.49715229726641685
0.10186815391505061,0.7449702184070075,0.21882493037512374,0.8489077814017851,0.45662115076725607
-0.1267234479216921,-0.6649857336067909,-0.14652468077461445,0.27874903258831174,0.8879340977003823
3.030509955990004,0.7339755458852847,1.7695153459551585,-0.6784875695599107,0.7708801961008144
-0.12328333629109717,-0.6328043702736675,-0.08875378469029829,0.1757415095843678,0.8134757112945186
0.025884831630564445,0.3336245290627394,-0.9326680735805924,-0.19278116298361925,-0.21065881859909755
0.3225629223763023,1.6562556597089813,-0.14881388976215634,0.7483627859734935,0.26274203654979267
0.44781646112496004,-0.23742489875292438,0.12796387401269277,-0.006573084382535648,-0.07095955984990984
0.6507463705591282,1.1229660885554409,0.5025892301767387,-1.4956314185574824,2.0610850492064023
0.7996639828260135,0.555863441939051,0.30649118598510916,0.9888546776516581,-0.580352525187969
-0.029920358109114056,-0.36055382182764817,-0.03167837351240392,0.3681605428194123,-1.1044606590171444
0.14994455860205555,0.26307801193229563,1.3685051275932902,-0.8336867570816171,-0.233763797482037
1.9291781685092178,0.0366827843018863,0.5615339235852431,0.6320029922254125,-0.4189325030269783
0.5017637646336128,-0.015140521889101985,0.13041596133521557,-0.46436696664911736,-0.47972077937901825
-0.7763827071740234,-0.6177318939117054,-0.9895073845334653,0.3143781073060299,-0.3164390300443224
-0.17517667281247307,-0.6699813771531798,0.33572027377033686,0.5630422963267002,-0.1421995909466891
-1.3990856396300504,-0.5412350204008408,-0.3874967542172373,0.057936369679059685,-0.47972077937901825
0.35023391582964075,-0.4291003813370584,1.117719126224225,-0.7165046616041328,0.6210525396211615
-0.6650826273793615,-0.5925167335577348,-1.7650981130126333,0.21203163507220593,-0.6741436149048691
0.10564682308879929,1.3207551108984905,-0.05468477697554415,0.0294603480933247,0.6859837650201026
-0.2002681510079018,-0.16358932661750566,-0.32351591639746374,-1.4195972344690384,0.4978769246189844
-0.3630624713632062,-0.5068702010236237,-1.0049955551434548,0.6349771696934596,-0.21716926264192796
0.035816609351488,0.31934260332416753,0.2042825832452984,-0.5615339709730469,-0.2562397851097021
0.22654400225090165,0.3424111718156285,0.1792838427852645,0.9829604702067135,-0.3415679161960274
-0.22683535929043894,-0.788405888758826,-0.2615120341282838,0.34566539811563124,-0.47972077937901825
-0.0990446973264371,-0.30657531205212163,-0.5413400883591974,-0.32454403202493864,0.5676421200265624
-0.09446449471084453,1.0235866469775488,0.19558352915513075,-0.2373458024849117,-0.26870574975669853
0.4888829271651554,0.4828172048462518,-0.49262040284454955,0.3086238915661219,0.3767992847021828
0.3662079127981002,1.028746456108412,-1.089422047915186,0.1963479958278459,-0.4526265045495488
0.5948548990861244,-0.018362684660620562,1.0253428406348353,1.1137682441700965,-0.2502036760459292
-0.4815700199738742,3.270360189592692,1.0837914236171142,1.384904249990009,-0.10846529519431537
-0.6257842689819448,-0.5569298132168988,-0.23723536931112194,-0.6623862129294167,-1.1176066096915729
0.2540150166246781,0.042650203567556916,-0.9094570408546124,0.05879235801997868,-0.3917950916361426
2.2987390380819184,1.4605534230476724,1.2308262122276838,-3.298088841360008,1.4913824895906922
0.32700451395211794,1.8758433380487953,0.23446790250289623,0.7279961340178625,0.8422394379272615
-0.49404676243450174,-0.5330491103968367,-1.1753323208622959,0.0644296076531063,-0.3937904083933048
0.18013566352008403,-0.045605781061473165,0.19446149096356188,1.0536416690380925,-0.3017396615727766
-0.7282976483970678,0.016839968533307745,-0.1778354076081999,-3.105767081606885,-0.06405353013191219
0.47785647700167216,-0.5039288495891072,0.1227608466777974,-0.2306645415517153,1.4069200992592341
-0.28717680538249274,2.821262696007024,-0.3607292213122393,0.21993901756603745,-0.0906386932196724
0.06607534963340161,1.5821057227296789,-0.08293930568814276,-0.4650502036169026,0.460867426926268
0.33883242568562966,-0.08557533306483109,0.6987583224290038,2.2441111239327425,0.6165325636522389
0.4888829271651554,0.4828172048462518,-0.49262040284454955,-0.5720397118360891,0.8628868031841302
0.45495470279029887,1.3775341758866066,0.40296804908383227,-0.0382470850148147,-0.0822414426069932
-0.32213602241919703,0.1997564871649878,0.48137837905263137,-0.054588282170176076,-0.6690802520195083
-0.37727318026159945,0.6475303552840225,-0.5193562081764382,-0.17884568805781473,-0.38344081038885564
1.7686041450977483,-0.0023741966878653973,2.1960742498472716,-0.546993157077543,0.6013387966847212
-0.2827339065651822,0.9134535540487924,-0.01202899252601256,-0.9365565355542178,-0.35734954420914444
0.8568354745549157,-0.4350722365812877,-0.5397644147178297,-0.27686304905550146,0.8672937546744337
0.9915277483579144,0.08038429347567004,2.2357993964893828,-2.014452909984512,-0.23346016959272858
-0.7990493198238351,-0.4324399110532195,-1.9394202380616055,-0.035471207799006026,-0.3937904083933048
-0.7999005074214952,-0.23992937883041704,0.14521082343820302,0.8008816342128294,-0.360981876750568
-0.3810962744037913,-0.10983794708763059,0.0027689187995699038,-0.19473348572831806,-0.360981876750568
0.884924881840015,-0.3296751738440959,1.5507424213483807,-0.18800383518004476,-0.30307430247935996
-0.8485055456813854,-0.5074982329877313,0.16324289673350265,-0.23056584206909425,1.4069200992592341
1.9175575561771119,0.0283428603338532,0.643848289060751,1.5813486738599651,-0.25586927883067817
-0.8717251082572298,-0.6131747415425796,-0.3605834924283405,2.110865452289981,-0.6961997734410951
1.7004048793977582,1.1541755836571181,1.002737700310057,1.6785879530887433,-0.4505813633920482
0.4894409320567537,0.9163055799090379,-0.22387602032928183,0.38905477596525045,0.12967048847807636
0.02905466550757959,0.5613790625263931,-0.3763384038742485,-0.07047772275994167,0.1122241950882755
0.18187590986110486,0.15471811716526393,-0.4920301441171816,-0.3005534118759468,-0.1798728566573323
-0.22739571498372002,-0.0679692502132095,-0.18903615962282247,-0.6015588656586615,0.8306092859557346
-0.297972291577172,-0.27458334352009817,0.4051171866641148,-0.34520649881407695,1.7317260338469023
1.1879720278183878,0.3322160115633695,0.24737422421418515,0.7641049216309769,-0.4143155533929685
0.032658576263764484,1.2299517770787107,-0.8674135044894585,0.3373548117853847,-0.9169070700949477
0.9902837179623621,-0.39838288711775643,1.3144320669468088,-0.07239375611879764,-0.2502036760459292
-0.0609614725688884,0.6130592418315836,0.1623035006311805,1.6291696644302978,-1.040471917325269
0.29882919275898784,-0.4174826177690848,-0.8113029435816609,0.22200665080371154,-0.20592132066762522
-0.5675934212047473,2.6099268931413966,0.5907299826022493,-0.08991863928681319,-0.1289488083963812
-0.22817169166335774,0.2997357009019606,-0.07821287862582603,-0.16626312120175313,0.13746773599720413
-0.4130412345407704,-0.41868560461740145,-1.1149697287765576,-3.038678095646493,0.9939286543846455
0.2210556893364773,1.3503799794217783,0.37644225205954235,0.7665645188586223,-0.5206169146900514
0.2979501134664204,1.976307140919624,-0.17331770326099655,-0.5417905801403857,-0.5514924936740359
0.07212412950730825,-0.9427582953110213,0.09262258827046362,0.08087555339301983,1.0260436571260325
0.4480264548612965,-0.14798807644311343,0.72389643165759,2.552248082337315,-0.47972077937901825
0.11532901304468249,2.4736262996589873,-0.2799482478218374,-0.5247389773589474,-0.10044356673988875
-0.08308716233926758,1.2590470221056633,-0.4541020403594062,0.42098781132702584,-1.0329414106433028
-1.2002462200070496,-0.6160564641786948,-0.05755306984301558,1.0612196828996083,1.0306054320885272
-1.0619595895984033,0.9528708638564781,-0.1744778116447316,-0.33740716493727907,-0.323566594428253
0.4738978251475749,-0.004231485988063959,-0.5103859852311976,0.5154115567502706,0.8396873585757176
3.5794683307908643,0.766054956994216,1.9833093808663782,-2.891082326533631,-0.17691649743995794
1.7236485785915505,0.4274300630435104,0.6259754125725153,-0.7066649436632754,0.8672937546744337
-0.4505888988598003,1.125229365794434,-0.7058099758916909,-0.5595164344568161,-0.1285440106131865
0.6739516407924425,0.9074930543244143,0.5007891261555968,2.390107547795819,0.3650841971757172
-1.3176704510005488,-0.3916735737408929,-0.18700488050908645,-0.09493047294358417,0.502901163646362
-0.39757747906299784,0.6365785877051662,-0.030648907602264,0.07975824984479273,-0.17403855313452535
-0.17368896476082393,0.08266018802504314,-0.15587367522443746,-0.08244935052692563,0.09719327699971506
-0.4297874364951206,-0.007434231930272542,0.48243783676085844,0.26149163576084417,-0.11754905247742425
1.5157342144306816,0.3063401885009608,1.1450256750606254,-1.316198427612051,0.3574428395627976
-0.24572089860181048,-0.15387854379771118,-0.6741893313199195,-1.1367501675961733,-0.9004316623865194
1.2630190504356025,0.22080213969979207,0.3287111368253824,-0.07426342320092892,0.5399380814788618
-0.3175611851693735,0.06932866877385008,0.48692948414033904,0.3937009735930449,1.7317260338469023
3.21330916488259,0.876784218073307,0.21951090616551425,-0.5358116594174777,-0.2787236309481588
1.1273247161601865,-0.4248339563522369,0.4326407059590624,-1.061789309346949,0.8869315906385469
2.6108678788954847,0.13067737355551604,1.387943075489229,-0.43207600084963926,-0.878299429681992
-0.9432593856802747,0.8412040667404039,-0.7125432263102878,-0.5583026610530202,-0.23080342556128003
1.4304440562602072,2.631751296905794,-0.5451554785232255,0.39717638237508834,-0.7481825066112423
-0.6453242384862047,-0.8191557553809891,0.32644153896716643,-0.8113237617614865,-0.24512894383431616
-0.16017942894544976,0.7801975948016685,-0.8652797916987136,0.2509736509652512,-0.207182814293634
-0.6090737684297471,-0.02727049693515394,-0.33683708168323545,0.31174524850413987,1.6242915854320643
3.193564674367503,-0.09436194064117326,1.90273760114206,-0.17621669326286415,-0.27923391306168777
-1.0135333163760984,0.3099674973603966,-0.9816562927372419,0.20486855876565882,3.0813633711490223
1.9296806273023828,-0.6590988877118807,1.3064808110076238,-0.4623240409989976,0.5295946697254613
0.15056499515353122,-0.1998703468299245,-1.2629598868833538,-1.1959672812677327,0.7945126782826348
0.7771828115258206,0.255108701619938,-0.8903622044505839,0.40305423017914127,-0.040128120603137744
-0.17363401576699572,-0.32790959625546884,-0.028863231630662785,-0.015149084055763828,0.36540320709466023
1.1273247161601865,-0.4248339563522369,0.4326407059590624,-1.061789309346949,0.9411733086173097
1.2172458154178525,0.09339156002259927,-0.6489042459987765,-0.20505075012009713,0.8672937546744337
0.8051861988537563,-0.9479380255095692,1.566839991045391,-0.17444371266694733,0.5410676574811567
-0.8194145616914633,-0.13111090396377675,-0.8858305893382502,0.07926713684179205,-0.10094716101444622
1.7686041450977483,-0.0023741966878653973,2.1960742498472716,-0.546993157077543,0.5033355387875642
-0.8289696118666323,-0.4204746279684429,-1.3125466464878321,-1.1109878990512363,-0.10094716101444622
0.0061942577032980135,0.12477021368281013,0.017250662712026906,-0.44501789841774747,-0.048225421637942884
-0.2540427988446734,0.9109575901777905,-0.26588488383149994,0.304133171729418,0.2849729148791501
0.45489441213177056,-0.47589844290768013,0.11351188704032057,-0.3203422923204532,-0.48595802519986114
0.3705689529159887,0.29674555224745014,-0.5945730767331142,0.38986549159770806,1.7493341106831493
0.21679911025804494,-0.10523579489311692,0.23552090824075417,0.30545001789810794,0.8991068014862552
0.8731141699865049,0.05355916318898341,0.04915033264771486,-0.20447445493280178,0.6214467877285345
-0.17064156238179073,1.6828073898501261,-0.5543954431078149,-0.8202689598895387,-0.2984460680752621
-0.05334852688014834,-0.23860700036827076,-0.22799951839119187,-0.8000683073879352,-0.152854154408241
-0.922334805268601,-0.6044321602852112,0.40877555786415815,0.01768609474441582,-0.9697330561614202
0.7743378435491987,-0.14336520351831036,1.551044095892278,-0.39484571797255474,-0.6954012454678918
0.5659890559422983,-0.16901875452080078,0.4252850943997721,-1.0886249037311058,0.5648947557770494
0.7019267136078422,-0.1613548990039923,0.05641813703352281,-1.9205283296399636,1.3536912544927127
2.1158433098596885,-0.1929897448588477,0.9323518632615359,2.281148271596479,-0.09547132566051501
1.8782793539293585,-0.37005264591245807,0.9531620565205079,-0.8988798526068004,-0.152854154408241
1.9149377489220716,-0.10722913291661719,1.270033932996835,0.2360648114512066,0.29340159833499563
-0.4886285188433682,1.9363354580149839,-0.9317158685433546,0.6089254761074211,-0.16120007585681323
-0.43556353148740024,0.15413643328941226,-1.59481364806485,-0.3883590593969843,-0.6584093033524757
-0.258261607225244,-0.11246512761793932,0.014465034299170666,0.3003263715053092,-0.10846529519431537
-0.42841294989889894,-0.7861328616396015,-1.8441453371530663,1.5793186507126205,-0.09282795730700956
0.07723356512511378,-0.4339907836392398,0.6142395163895833,-0.14860407544363854,0.5121076427745987
0.035908997696709195,1.2238623711934529,-0.313064967713086,0.2858549143238193,0.13182641830986522
-0.928946141839249,-0.059224246240893084,0.4653137517534108,-0.8873579458499306,1.0026398990370389
-1.052942275681002,-0.15778461441817773,-0.9325239428444984,0.7094869635236517,0.5868633036227481
-0.6646580291863385,-0.6301059959633186,0.3982146244413005,1.3313682028888827,-0.6961997734410951
-0.744876563303717,-0.4936765252192015,0.10599883830483134,-0.12643826611941347,-0.1289488083963812
-0.510255761964047,0.024343631022601724,-0.7118468354927446,-1.0153280648426906,-0.08667899096059145
2.444989382542037,2.1894751054990196,1.3019580226395266,-1.3927616400848817,1.4913824895906922
-0.6971891741604913,1.0633629468537122,0.42386694347403747,-0.2724977200948776,-0.6091819598386073
1.7961418654587644,-0.11487929326296537,1.2122185189081371,-0.6973131322513212,1.0260436571260325
-0.38525502579075244,-1.0372121311475377,0.1447626510450421,-0.5072191557829939,-0.7124301554492031
2.6232750755995764,0.8812343517969896,1.8425175214088587,-0.10294056482972389,2.894443956557303
-0.04633333784348656,0.09831635115422416,-0.18260253743131133,-1.1969058505146144,1.821490542915006
0.3841056400923332,0.836310299097511,0.5397878523593994,0.5089660708377955,-0.58735887249054
-0.34385351620736493,-0.6146361354363002,-1.2754269618714538,2.4824508466070325,0.05090356675410041
0.6896706416516223,0.823781479206886,-0.2838394338719729,-0.6745170395265554,0.6859837650201026
0.7699781304533377,-0.21417383581907729,0.533374285058852,-0.6002188047906427,-0.2562397851097021
0.19518050854900099,0.6816408120810573,-1.1755687546636637,1.5105326237436416,0.49885836498805947
-1.06492264867225,0.3175133378482805,-0.038317237808467235,0.04811069993454149,0.362788930840681
-0.31942085862265857,0.6576872517402419,-1.1165900782282592,0.08209957492126944,-0.39623146961792083
-0.6729380499817575,1.748956011729919,-0.7495171401707863,-0.3258752823020059,-1.188454482630658
-0.2966648826446664,-0.49775278124299416,-1.4799462189181878,0.3181068428708095,0.764571891990899
-0.3788727557397447,-0.1351742228974816,-1.1261534761111134,0.741660662216102,-0.09282795730700956
0.24869124454737204,0.7780839252796823,1.0698056867544479,2.3904385137944075,-0.05159241416817014
0.1867101530622497,0.10907498614654206,-0.6990732622747048,-0.7616779121507965,-0.35875499356901586
0.96411324636312,-0.4644261203977741,0.6736295028096388,-0.1409626369858338,0.0005367826754544084
-1.060504836255,-0.4736684867556564,-0.12503033258300686,-0.08050949942255675,0.36540320709466023
-0.6438059975394751,-0.071297870577724,-0.05007681065873602,-0.4863531995217035,-0.14307402589221938
-0.9843735978649788,0.008438401354035216,-0.2884016861894642,-0.7451292956139,-0.1289488083963812
-0.6939606570837308,0.27857461460520433,-1.0882813016595965,-0.47051171308269635,-1.0501441208398872
-0.7693636070087893,-0.5091213927531679,-1.2336983654288647,0.3960864987488927,0.5333960373968908
-0.47142576399659364,1.1374692341937949,-0.3970755472619788,0.3831565151721071,0.14030225103046015
-0.024246861674179505,2.1595099857018742,-0.712232923720265,0.3228861510070221,-0.2984460680752621
0.6282922586907809,0.37742619449529086,0.5775103344374029,0.9020283872024356,0.4684445812850607
0.5336221371916094,0.5586691620322405,-0.4457615195696614,-1.305920981015479,0.19321509540557585
-0.39483776988308467,-0.5198981837527119,-1.2939384788450197,2.4262367906411995,-0.5255871494177338
-0.3076261299710408,-0.2006482377122643,-1.7814495394771195,0.30803134254610376,0.5556625284687721
0.43200703607521257,-0.4604669767130819,-0.5496302323016998,-0.016562786289219148,2.2437667146337983
-0.39517379773054684,0.09921158053285943,0.36606886930518046,0.026339749719755407,0.8078552514228273
-0.37985039764995593,-0.3415591591562167,0.6807972913954942,-1.2809466634842288,1.4913824895906922
3.0085762816568846,0.7339755458852847,1.7695153459551585,-0.869467549593826,0.8016579654398397
-0.9684018999311073,-0.5821279147430082,-0.2595739328676133,-0.5683216550324774,-1.0043011582375723
-0.4473570947304805,0.12292926359379006,-0.1707196860780079,-0.40297546721590194,-0.10094716101444622
0.04394632472122081,-0.4509115580286957,0.09987357424855588,-0.20090087840076096,0.618669662595598
1.5934887049692668,-0.46864670608419784,1.3118398813842223,-4.295478432637832,0.3585322885312632
-0.20715675946818696,-0.3118689783807845,-0.06409694261528863,-0.12505450906180676,-0.320340046516428
0.7968216837454671,1.1520787234125942,0.23528366955229574,-1.1780768850116283,1.5844210302273183
0.4236315690242106,-0.6689377126364893,0.259666876551277,0.20552403077412482,-0.9697330561614202
-0.7104320696878524,-0.39180008785408266,-1.1198662581028895,-0.18614742227602252,-0.6741436149048691
0.23695665052577877,-0.5615494561753445,0.3061446548156778,0.4213164147175101,0.5881249644447311
-0.3313558097337488,0.40190763584637346,0.45720709503148677,1.0911831042478082,-0.6662640030285879
-0.07427734128642478,0.46267064857091594,0.21540814467634664,0.8182482644000552,-0.16120007585681323
0.1335251062013584,-0.9251803659242351,0.10828258042839357,-0.44692861758175206,1.6515211218047334
1.095538690445899,0.43853399546276084,-0.2906082023813217,-0.005956946980681995,-0.4369931793656259
-0.3237597046964713,1.9286257477499127,-0.22752589034180498,1.2063574184669188,-0.5514924936740359
0.12656121128700804,0.43443431038588753,-0.6978645342511269,0.01975968827041114,0.8009386883584494
-1.2500604520647594,0.31495934221886346,-0.7909773459031256,0.3070322394247249,-0.2759416571319679
-0.394056610367401,2.4899965080194812,-0.766956514988516,0.4525195564623989,-0.10094716101444622
-0.37745941379882414,0.4178940747622026,-1.3905474752463274,0.03930216432690632,-0.5055744600792651
0.6109921737803912,-0.03678217505394185,-0.12301778886620962,1.0444052894333389,0.5429910799693747
-0.40243560330855865,-0.008239474987621441,0.733144162216576,-0.5577273948312057,-0.1289488083963812
0.19692412367986892,-0.5619274027972689,-0.22415266223723618,-0.7322518025492262,0.3650841971757172
-0.07832224328736091,-0.10188751813925159,-0.6637666318506948,-0.7889607664413559,-0.8953840159227414
-0.8189727997130796,-0.21133438781686398,0.0929760948664926,-1.1199330971792885,-0.1798728566573323
0.44781646112496004,-0.23742489875292438,0.3856228528679453,2.288045778474476,0.8795836619605041
-0.015133979627209389,0.44329839785456626,-0.5972071414603108,-0.21560267499408722,-0.3897365748006993
-0.45974600411846783,-0.8140822079393092,0.35163909064464205,0.01845980009371001,0.6165325636522389
-0.11659684518355352,0.5511243957178027,-0.059562482627991964,-0.5147904438165549,0.43645898822777324
-0.13735000741926484,1.5233507179377541,0.16563078690232122,0.25711497151567786,-0.6493506254655101
2.636596260164325,-0.00015298240453445974,1.3907402108946554,-0.6127586974957333,-0.42469223714525245
0.9230127303840949,1.2696676721311886,0.5690789819020212,0.6317677810096215,-0.232188013183206
-1.4356389983634394,-0.8835278795235245,-2.175506654453484,-0.05084424885976277,-0.3993585359250437
1.709915667770809,-0.32118281462243764,0.16285317058317547,-2.3856786322986796,0.8869315906385469
0.4696136876605928,0.38627933847200835,-0.5273588740719498,-0.0677772909933039,-0.2591573548610414
-0.1027723081456746,0.49067041737302136,-0.6688202056071116,0.12306913515063322,0.835941499967752
0.3531464140959329,1.0242178576929744,-1.2046400019437924,-0.8157963608255127,1.2582384039873564
-0.4238381493592257,1.1936420975150093,-0.7233230775698167,-0.09982630271419975,0.004402353601010777
-0.4957793329980525,0.4984800527050662,-0.53060038685488,0.1046021734712848,0.6624576194779297
-0.35184981069618615,-0.13672490817651337,0.42345914369104093,1.8399287317954949,-1.0043011582375723
0.39147538119109954,1.0242306541420805,0.47173056651076123,-0.29216387830799073,-0.3136144212546876
0.5877062587220164,0.14925348835063412,0.5861505557221994,-1.017063318706688,-0.233763797482037
-0.894920663182794,0.2975939534963985,-0.25977762083054695,1.4497601876503863,-0.24387213169558747
2.608790313195545,-0.24901059745842039,0.8623972432961778,-0.9633921299383745,-0.43805429157410136
4.162896092196365,0.04712322644287042,0.29479495749855833,-2.3856786322986796,-0.6338995438935621
0.30802968322235913,1.5395173690298238,-0.030852836984659248,0.2631131663937133,-0.10846529519431537
-0.49531090910925213,-0.03911748733099259,-1.286998262481968,-0.11325013027406998,-0.4634397369907007
-0.11659684518355352,0.5511243957178027,-0.059562482627991964,0.3878394883288532,0.3092315459846821
0.062149716312816634,-0.2811124146834671,-0.23725717067433477,-0.392480242256904,0.41570745987892255
-1.0814703642554688,-0.41078038256317195,-0.8051912989465505,0.24604098067016664,0.41570745987892255
-0.9189130077604104,-0.09045283315478364,-1.4522451767614846,0.7226023649133774,-0.3917950916361426
0.052910689053906564,-0.13509452625618026,0.4092702434843297,-0.33676558332959106,-0.20670881370652533
0.7372992216219051,1.8009876335467119,0.6282397822462047,-0.6623862129294167,0.628353987818352
-1.0144885804945656,-0.3969270178639595,-0.19035128913678476,-0.18695820373138675,0.502901163646362
0.2543078599225247,-0.6241875387980632,0.2723066287502099,0.02922966740757198,0.5099434580834049
0.5010742479699265,0.21747896863110522,1.1807194285497271,-1.0031489840149777,-0.152854154408241
0.04344782765966149,-0.14702171481318171,0.6380769016373165,0.3421343524503214,-0.846788338799736
-0.5940015820325181,0.06134807052043795,-0.7731343686374585,-1.021535917770714,-0.009056587937286963
0.0638071434894315,-0.36019499011809597,0.5270732198355179,0.12566867158224299,-0.1829243503840763
0.5330216620382118,1.4031957671147868,1.4074374024803535,0.34136175294075005,-0.2502036760459292
0.1740176443025236,1.6435439513215782,1.6316248039520078,0.12991402390732062,-0.10846529519431537
0.9763558846527935,-0.4076823810561001,0.5807933247005561,0.9420184395464986,-0.1289488083963812
0.16251827749600148,0.39140465023295534,0.331963777483443,0.717928744968078,-0.1798728566573323
-0.3147692306068376,-0.27928753154617,0.7991054020454877,-1.1825494840756543,1.7317260338469023
-0.18133863297021532,-0.26545852271895726,-0.2545789903928887,0.19594056251628297,0.6263513144383213
-1.4292582857395155,-1.0527776981856642,-0.15695171706915786,-0.126848828086128,-0.23080342556128003
-0.0779263819618208,-0.6700434651852646,0.19939903942161355,1.1303857353436066,-0.10846529519431537
-0.7511792732279234,-0.3622330599927864,-1.8984506780466879,0.1929016630494539,0.5333960373968908
-0.932646445172257,-0.11959457140292391,-0.48193763270945567,-0.04922084971161623,0.618669662595598
-0.14561657793878074,-0.26861863007977116,1.5441422151888877,-1.5588511548583963,0.618669662595598
-0.1070074270891761,0.4242822580707239,0.3397188561817475,0.34113177672728484,-0.3267724899437004
2.1981788226486643,-0.28094356268251974,1.4004859792474855,-0.3033957507808243,0.8879340977003823
-0.343032928192425,-0.20995128441663502,-0.15078183225329256,0.12236622327166592,-0.24502060084297703
-0.6401733224305856,0.036233694977142544,1.300842551985798,0.10065738334529828,0.6067298636796883
-1.6009716432181536,-0.8284666362909439,-0.08881548426950507,-0.46782815364428065,-0.360981876750568
-0.3878909456089221,-0.3596393755867093,-1.322264346507198,0.2346543819296135,-0.5255871494177338
-0.3538995388130131,-0.1723540514067275,-0.07260017379876237,-0.09495621974367725,0.36540320709466023
0.06784118380926742,-0.08145105756426438,0.028524987365035413,0.6187383188307987,-1.0202953759319975
-0.1946703505350834,-0.5236900865669075,-1.5850937964994771,0.3709551861095471,-0.3937904083933048
0.6185321283149561,0.8826332838359208,0.2862536118564189,-0.07454337967500373,2.838729910828953
-0.8529915245472569,-0.13497330439771846,-1.9145329780854412,-0.38999031838219783,-0.6584093033524757
0.3637440117414971,0.5560875296015073,-0.07774436889230577,0.8153083109173808,-0.23080342556128003
-0.2929682284236918,-0.5983658459661785,-0.9303000805907299,0.09622248358629065,2.838729910828953
3.764651349730507,1.0446934958252525,2.1484198506013796,0.17621512781321394,0.9846108227375323
-0.3350254699904956,-0.38257912758252494,-0.8540165740342429,-1.7997681549112585,-0.37569161137252
0.7152859876443606,1.0049461017217995,-0.39848374223168503,-0.279291687407594,-1.4219977486226083
0.3926809246838036,0.18289588096024542,-0.310810664317112,-0.2595968962573198,0.6565626238164562
3.6914772401037736,-0.008696352291266071,1.5217968617715045,1.8300144077423877,0.8869315906385469
0.541158788556522,0.30190982337311384,0.9610025198903182,-0.28766034564923587,0.1071218755409051
-0.062351871085313725,-0.8405989843631062,-0.15436088180030846,0.20986514126417752,1.0260436571260325
0.9935518816978622,-0.310059572673653,0.5918838202136738,0.9724547851305363,0.8897946545022678
0.09416456137495877,0.6288112969208138,-0.40450837285060287,-1.4078976588805858,-0.6942730070333912
-0.7791076251628138,-0.1317982227118873,0.4041391425116017,-0.11097682558209157,-0.9697330561614202
1.7855027563507349,0.4054809554392049,0.05641813703352281,-0.8649949505297999,0.9459052890816305
-0.7917088118805952,1.0984829104830949,-0.1661183991546009,-0.01548884573785128,-0.360981876750568
-0.7902326660494077,-0.8756102199313541,-1.4723232215422641,1.6552269076482213,-0.5073049384131536
0.7562953795337541,0.9517694143580164,0.5485412733595985,2.4245067189820446,-0.7023606107016876
-0.40358444381060055,-0.532594637890535,-1.8290343296789457,-0.527856665553645,2.882986350831241
0.9004063566605557,-0.04042673386274957,1.6005694740659804,-0.23069127733663677,-1.1635617607926358
-1.0619595895984033,0.9528708638564781,-0.05851441073996475,0.936232523466436,-0.11754905247742425
0.08515678575070648,0.15469912436233668,-0.20755151091055027,-0.8967857837838981,0.6565626238164562
0.4882207561323693,-0.82912013082744,0.657686854830315,2.412806500576666,0.20047641656893714
-0.41427527443097784,-0.4382856352995022,-2.1537562916984623,-0.7402094366434713,0.499973227744617
0.5330216620382118,1.4031957671147868,1.2566516189533432,-0.5465458971711403,-0.6970683565275249
0.9478683445611591,-0.11674097772294824,0.5608444562685388,0.5499358124008448,0.3585322885312632
-0.6168878889811955,-0.5051790048034771,-0.4876718048480997,0.06585605862211152,0.5251923997224379
0.4883762339751343,0.1923899878411627,-0.40413877362119327,0.556426877045538,0.4387965551443049
0.9866285738082305,-0.032551657623655,0.4052436276021668,0.4765942871625563,-0.14307402589221938
2.5500503959403127,0.1382496819393353,0.604077890872506,1.6367744921524239,1.8186478769601482
0.8686454826761397,-0.02677706015683011,1.8119912086648493,0.5655309245798079,0.8879340977003823
-0.27496754883599583,-0.8937222004975574,0.2727039997210267,0.01845980009371001,0.7541860124600291
-0.5376122179626642,0.4577206432301947,0.09788413195144406,0.2573653338774773,-0.11754905247742425
-0.6135587228730491,1.2113988324717846,0.13446903862729312,-0.19801205836777622,-0.360981876750568
-0.3115808394452978,-0.7629333659607146,-1.5938087312363987,0.31325586672340666,-0.11934457004531136
-0.337658273827772,-0.4796135409315111,1.0411587013568335,0.13804691825010582,0.3585322885312632
1.8268597936212836,1.1328292255566745,0.3104119524849261,0.9479709780714924,0.36148229430161427
-1.0793000075694694,0.08779374443588273,-1.6156600906505219,0.8725521149055172,-0.3917950916361426
0.01147589663279301,1.9690260043105376,-0.9434440142096091,-0.270395834806857,0.22330491654178158
-0.2489547650670962,-0.3469206576769683,-0.8606093946910642,0.21152697068358994,-0.46946899101952805
-0.13397249997052613,-0.8725931991381476,-0.3326191009690033,0.38328770900360426,0.3650841971757172
0.8760626619376848,2.0247896683889417,-1.088629228625013,2.2065394863981593,0.3891493825389971
-0.22682577268602397,0.9109575901777905,-0.26588488383149994,0.2129008205983156,0.09221719041293268
0.30048717647806866,0.38827868306790175,1.0222573284722138,-0.4740897923339172,1.0026398990370389
0.5753497685082969,-0.4694329390938562,1.5899368572367951,-0.1300974169515735,-0.060788861537949664
-0.43805564972834043,-0.2358091247026285,-0.8208571410792308,0.2629401107753347,0.8009386883584494
-0.03407411172833681,-0.6281166917743737,-0.1692076452191851,0.14993243447002433,0.5099434580834049
-0.37274149587134614,-0.5322510526612665,-1.9132921312282931,0.7862114086877287,2.838729910828953
-0.6614864309635783,-0.460048539509193,-1.7903095736179995,-1.188587091130963,-0.6584093033524757
0.19164661307857012,0.3910663247689563,0.0429967102396195,-0.7375258772050556,-0.013990708334522864
-0.60678596578521,1.2211360419825916,-0.22692702286232877,-0.5272573587552538,0.3891493825389971
-0.024246861674179505,2.1595099857018742,-0.712232923720265,0.3644938269420767,1.4261399452876253
0.21668866329912126,-0.6558420936408861,0.2570202362427337,0.22966461380509123,-0.152854154408241
0.07981933443438456,0.06402123439166066,-0.043203482990504354,0.46707980164546076,0.9582349890095816
-0.40528328113296697,0.5244462346999745,-0.45441217500021375,-0.4575411757970206,-0.24578284728975922
-0.3262149970732121,0.38381364517044736,0.31346653971199023,-3.82447874358618,-0.47791355809293096
1.0941134307828828,-0.2950768504811706,0.8264424094423919,0.3158509000594989,0.5132455785756082
-0.1993576430225719,0.39699810850599127,-0.12482255909355061,-1.32567265412449,0.6094989634058589
0.20293398451293335,0.39846680605106033,-0.20672389023231252,-2.5153840051554375,0.6859837650201026
-0.9131424348508982,-0.3107184412148459,1.056647502015222,-0.6037951651906746,1.0026398990370389
0.21680002200754123,-0.10523579489311692,0.23552090824075417,0.30545001789810794,-0.16550821452631195
0.21282560060228,0.13049389771247444,-0.7052565470292137,-0.8828853467859044,0.6565626238164562
-1.052942275681002,-0.15778461441817773,-0.9325239428444984,0.36772658756185256,1.323121142553754
0.7688009555378114,-0.2568752785159525,0.41940506855948945,-0.3059715824942259,-0.06444610627954223
0.1573645780551491,1.0353808883749487,0.25208274715073314,1.7343240929666093,-0.6899598524846638
0.06762042157627335,-0.39000159923783856,-0.5730847950544317,-1.4240698335330646,0.15103405903213343
-0.5306655017535437,-0.8115109777195629,-0.010201686381501691,0.48396329456833687,-0.9697330561614202
-0.9197983515186473,0.6575362416260779,-1.315334367010263,0.009914591060597269,-0.19709320602920388
0.32221555859531176,-0.28797826657688164,0.09853356265045682,-0.12769630919704364,0.578046391114604
-0.7316069529560459,-0.14761245163438702,-0.9498630258256261,0.38204120104997197,0.38175045908879585
-1.3812101562728136,-0.6808559946707414,-0.07733698490922167,1.743344869289672,-0.7191793553433179
3.193564674367503,-0.09436194064117326,1.90273760114206,0.14186211368226215,-0.9064585756717067
-0.3021359859753137,-0.8312994691206348,-1.5243579645917613,0.31597326774620416,-0.16725675002542423
-0.033038533128887625,-0.21366970797339366,-0.24234788406438634,-0.11382656954943352,0.8927045332387896
0.28304085925057426,0.09971679386542583,0.010326924862360164,0.5138318999015995,0.5349850679365312
-1.0508772705341087,0.0812301236483397,-0.827534374890337,-2.153103480969322,-0.10094716101444622
-0.0230706686157215,-0.6899228209772915,-1.3152856039350507,-0.2269271207362687,-0.45627388472865826
1.6788964749400914,0.6257510497359356,1.7033529923991737,-0.4924274484964243,1.4913824895906922
-0.18857879266195549,0.7139841972521351,-0.33808630167564147,0.5825298760674599,-0.44941918417476695
-0.022987597708045558,-0.46957569512564457,-0.3312322623942341,1.0529601677463023,-0.4921691884487144
0.28376292782957685,0.3098611689032189,0.019550330609169685,0.7212069961527559,0.8672937546744337
0.3528468667091728,-0.346986636729973,1.400165129050841,-0.7165046616041328,1.4321877580695987
-0.21892025095325868,1.757784784083263,0.23579672698156734,0.264158991099135,-0.1798728566573323
-0.5709566454999098,-0.6776925419776855,0.45225977465685524,1.3113787695253853,-0.13112536408771716
-0.4281477853422985,0.05107649871688698,0.1127920974248353,-0.31585531533669836,-0.9842765979849291
-1.0311661747966243,-0.6813148577858328,-0.3376996784286602,-0.11627993915177094,-0.360981876750568
-0.03581937423047633,-0.5212343605163249,-0.11741851329012265,-0.019721369516692056,0.6165325636522389
0.20187291511498828,-0.6091160484898406,-1.367274512613797,0.4271893792410549,-0.3937904083933048
0.005603045387035994,-0.5578937394996465,-0.2175486864032779,-2.4885484107712807,0.5676421200265624
-1.3298769058092188,-0.8397941094140365,-1.801031930553715,0.05839818089590784,0.1180399398579361
-0.4897259153993635,-0.6038941190954886,-1.681420734735244,0.7913955901593597,-0.5255871494177338
-0.9647016911110309,-0.9017697525537539,-2.2798701680855946,-1.0125907196426618,-0.9070683393899378
0.46972049345858174,-0.7993910372523267,0.11384032363550534,-0.4503079388431594,0.5865115232928445
-0.5494716967450617,1.9177959424823028,0.1596906498336121,0.5359310236443395,0.06057050727987695
0.9520496361901468,0.9416359326144413,1.1433820562246526,0.4951359049142039,-0.42469223714525245
-0.037623749052245165,-0.9406064468669273,0.10314499017021776,-0.18218501118033822,-0.7124301554492031
-0.5940015820325181,0.06134807052043795,-0.6934219419953446,-1.0285905987019481,-0.06468001344757221
0.056912973475632546,0.5083223648227824,-0.3955114721779007,-0.16721827250215396,-0.6857052165269375
-0.35755493309367914,-0.26768760228097194,-0.8883234160932757,0.09417498877898763,-0.2272277724551404
-0.7947559588551545,0.2112833482662674,-0.2221267906575576,-0.043480341544206325,0.37020892098364233
-0.8455054800581291,0.04743394667477461,-1.729890969104758,0.1934060183541618,-0.5055744600792651
-0.01894142212050451,1.5460852823712974,-0.32496163804062184,3.0682877212341877,-0.05622273948012366
0.16204543006144692,0.5561889633338236,0.2593040713103184,0.4576121807116582,-0.10094716101444622
-0.06910677873156029,0.00554950345447185,0.010944289051277131,0.605750458400712,1.821490542915006
1.1784680259603082,1.2246717463319494,-0.44439329407648315,-0.38921549274083694,-0.3897365748006993
0.04622867519738493,-0.5144768354602185,0.5336483453033469,1.7410716233075547,0.6165325636522389
-1.4344241966451534,-0.7380593055062074,0.5907695110527905,-1.2272754747159156,-0.20670881370652533
-0.5839614964636088,-0.028874420652108965,1.268252435296537,-0.2618745217374289,-0.10846529519431537
-0.5995641183187602,-0.3539731577738177,-0.9857414788471695,0.10082679163345519,-0.3917950916361426
-1.5463911989507582,-0.708929919289119,-0.20207999002514082,-0.05982961039493362,-0.9905385052119792
0.18530914750484426,0.17094970450514912,0.2998145271584316,-0.1883338662226582,-0.9905385052119792
2.538789798178598,-0.5824335863857437,0.26012088106087383,-0.03307899017432077,0.3554712646339844
-0.7908073492780149,-0.11079343394285143,0.7843932803310882,-0.01076706349148995,0.3650841971757172
1.6871760994335678,-0.15784822473877952,1.5287482978985563,-0.6100568038803112,0.6210525396211615
1.4618937586386256,6.904667220598147e-05,1.2033708866520985,-0.6997893220155725,-0.2208204883284461
1.907294871240755,-0.10129530374887644,0.022280460188902406,-2.5153840051554375,2.838729910828953
0.007317633383087699,2.921388927603138,-0.5246776410103282,0.2512638153129882,-0.2984460680752621
0.6194692159026063,1.481280933367574,0.3892367763944849,2.234718182631133,-0.08667899096059145
-0.8730293807672748,-0.3121369165774676,-0.15082621973531113,0.6594199213493108,0.502901163646362
-0.34385351620736493,-0.6146361354363002,-1.2754269618714538,0.9023950974200092,0.499973227744617
0.19093808393192283,0.519524801134135,-0.6523381447247795,-0.26279478756847596,-0.4804288543301312
0.5012043653348734,0.9051264840745791,0.3376836541643819,1.0206316924805032,0.1024531814796777
-0.7562927375264676,-0.729590870093423,0.2660110267531909,1.3363333144265392,0.9397762190561528
-1.2174363797702457,-0.5970166831045917,0.30121489065772494,7.234199151433349,-0.23346016959272858
-0.09155233389792798,-0.2760002404305969,-0.07350233715713024,-0.5501239764223612,0.12217603386989169
2.6093175944618943,0.7942329615539874,0.7527867205676099,0.6837815502175576,-0.2982302180724553
1.0210125011348967,-0.5144768354602185,0.5336483453033469,1.7410716233075547,0.5121076427745987
-0.05346850298369889,-0.6451048465549981,-0.04197936039314766,-0.23042746527957605,-1.123176994368965
2.0247443863508803,2.4082089791907544,-0.6328436986537254,-1.5001040176215086,1.4226916955138937
-0.2884964083084147,0.2450355800313509,-0.654308481878375,-1.1804104952493637,-0.16954532852148893
0.03552368338931209,0.5500795433288224,-0.0932408673399969,-0.07252399062109598,0.5360574629156194
-0.31629725683337434,-0.6344586918492217,-1.636121882084546,-0.3505118801948756,1.2154322218660483
-1.4371194998372103,-0.6014606085691455,-2.0309590587880217,-0.3230549402508704,0.26240145835016615
0.040053679897696516,0.5574986244308585,1.4329028948588414,0.9268200237602588,-1.137729899167034
-0.3218981572731112,-0.0668902480258696,-0.43688913679331787,-0.6315252793876365,0.6565626238164562
0.035751444660874356,0.45033063305559323,0.25353412428885025,1.003138492510132,-0.4143155533929685
-0.4510356883353911,0.3073588697013825,0.008078346995074774,-0.48974388905800864,0.6347579280255606
0.3403014523106411,-0.28435512576414484,-0.215651595149104,-0.5188157829741784,-0.4899713973666885
0.24353862322183703,-0.5453545517626893,-0.12096513480866675,-0.11272105711036395,-0.14307402589221938
-0.231170744393186,0.22057622221647907,-0.5703811449989948,0.40035327752305405,2.136346979464698
0.13467784349955236,2.0842919333288044,0.08366216164268181,0.40277890897302954,-0.20251520427941472
-0.5434271379182917,0.21049564522794734,-0.8248837347208033,-0.8023785636334342,-0.39623146961792083
-0.22789869163941204,-0.45569511728502093,0.3716609821614151,0.5000206373747724,-0.6961997734410951
-0.11904845868788938,0.12699603515111896,-0.6479385819778789,-0.6686478516190533,0.1633682732513903
-0.2913765300072371,-0.44112230852063106,-0.8510047222351725,0.3516315795644503,-0.6857052165269375
0.035480973551704854,1.5484299823488739,-0.7776397061091928,-0.29481980015100334,-0.7749363704370599
-0.2701801245124728,0.18745683410004488,-0.5572467885019595,0.3831565151721071,0.7075848161143146
0.1030690749252364,3.2940869833137434,-0.6316342514053889,-0.2898019135577368,0.49715229726641685
-0.44129407887482497,-0.7763445778911368,0.19768667467726694,0.0751363107253519,-0.3632433694987979
-0.10364407920537165,0.5301150499140931,-0.2642854075352821,0.6943291446988257,-0.4754055308375724
0.9387805402641289,0.5087227175223069,0.5127569484825384,0.8452851675541889,-0.415314214947395
0.07783695829381732,-0.01192771812395559,-0.5161813156004883,-0.5183685230677757,0.698910020184316
-0.039681631883766104,0.6840526337047659,-0.11238543722517415,0.12033857320175093,0.29027326297612427
0.42242189285947196,-0.0005303649066615337,-0.2240753618829584,0.7437883435906911,0.7441315153501997
-0.8945642311187026,-0.752390616876505,0.4478097182725819,-0.0641260140981841,-0.48595802519986114
0.6920360946001876,0.9074769792598529,-0.056780650498224394,-0.6292889798556235,-0.42001593294036954
0.47935206663837754,2.124940275189047,-0.20856652142111493,-0.24599270340474189,-0.33221697974600506
-1.0620090815963499,-0.8338875219438353,0.14691628734229834,-0.6772247040879168,-0.3632433694987979
-0.3119605019579725,-0.6299580304246102,0.38999227456561353,0.4208458906763262,0.5121076427745987
0.9025945700519892,0.9889047886839467,0.6201907570835616,0.07737571448184839,0.6094989634058589
-0.4621872029480466,-0.39094549622402885,1.1613544983034199,-0.35722077879091474,-0.5927379013753583
0.10186815391505061,0.7449702184070075,0.21882493037512374,0.8489077814017851,0.4739326219451153
-0.846235835672188,-0.6488393250953921,-0.43375163889991025,-1.0260085168347401,1.2948141953227679
-0.2630819776570751,-0.7627927006195773,-0.08157954148661697,0.043829739246672064,0.502901163646362
0.9659523987641473,4.165540775766149,-0.8660823469209927,1.4024321801278512,-0.48094816502627213
-0.8299029087183323,-0.024037689092310632,-0.802489878550715,-0.06379326892461683,0.5114385244854951
1.1419390827413407,-0.04496888216124514,0.10852973607133426,-0.7446820357074974,0.4569333056512532
-1.3013970172963916,-0.7652300055043105,0.022759712222399087,-0.40750334326234156,-1.0043011582375723
-1.2919282322234171,-0.3780721981503458,-0.5097403043036879,1.743344869289672,-0.13147279882424448
-0.029597398375323405,0.1714857813817988,-0.5028565215936374,-0.3290823985940024,-0.4362227403161032
-0.281776625040859,-0.12329211925690826,1.056647502015222,-1.4732684232373519,-0.10846529519431537
-0.5940506762319836,-0.21570763396305095,-1.1370174562538553,0.6831550549210509,0.36428617079043696
-0.24027172116508785,-0.7768573856828515,-0.05804994214989203,-0.019019476512329565,-0.9905385052119792
0.14183727359650314,1.8023938473316383,0.15755647815802337,1.6398330025270489,0.15035658094431534
-0.33775486311397745,0.026993220466367897,-1.329795660464249,0.23629306521603577,-0.5055744600792651
-0.3056893478084964,-0.2076315963926228,-1.813321370305016,0.3074592281906116,-0.24749142295101648
1.3607994551844835,0.1331856672557433,1.5482319201589048,-1.9115831315119114,0.5410676574811567
0.5891045296431696,1.6536638518290399,-1.1013352327684913,-0.8157963608255127,0.23697195383668992
-0.4515644247545255,1.065539521832742,0.36621492443586723,1.9315978230206197,-0.038915448201621294
0.008032848263229241,1.6686238825913369,0.2935703071625617,1.2193787236521545,-1.0215363880511559
-0.10137794796840958,-0.22739644742539478,0.27072013982676507,1.3313682028888827,0.9397762190561528
0.09989191356358891,-0.5761051483611895,0.2570278893874124,-0.2306645415517153,-0.37696698226439446
0.011138161118567094,0.7598498476845239,-0.4344674477254249,-0.0763569309852287,0.008534769301531712
0.015440611041282637,-0.7327955973422641,-0.01607036142162675,0.421907774368346,1.617653236468903
0.8411733571473013,-0.3153687828585175,1.554902420010076,-0.7773320088748881,1.0260436571260325
0.16534925959216443,-0.6473248139494707,0.2839145288322442,-0.22874478827589845,1.4069200992592341
0.2570398125411825,0.6553282166518365,0.9960742180598269,0.3857579323511525,0.8897946545022678
-0.22522287134070165,-0.7212221049577698,-1.775249632784572,0.8154246583425993,-0.4804288543301312
0.318241527857024,0.08871441753737136,-0.624491951146912,0.07072868827395658,-1.1176066096915729
-0.07102216062116572,1.3967853254074785,0.306319472835066,-0.8426319552096693,0.14835106523272154
-0.40557816713746103,-0.48784667477301874,1.6788430374632737,0.09988466933096522,1.0026398990370389
-0.6791495587473834,-0.5245395347332091,-0.2698747454935468,-0.49958360699886606,-0.14307402589221938
-0.9901139929933765,-0.035680137423610786,-0.7285741397693652,0.4176531440519981,0.39532209071376423
-0.3614348572412188,0.41197537349886104,-0.7280271784293356,-3.566444785201575,0.34237012248066495
-0.38538588405329544,0.03811059798780664,-0.879351756443363,0.13151513606637166,2.838729910828953
0.021226549531291702,-0.16652727407116022,0.08144733391146691,-0.05169313029141861,-0.323566594428253
0.22955628885329726,0.8245620370099139,-0.08003225719401941,1.7232292926198756,-0.1908335559478066
0.27180936120092275,-0.5534974096661222,0.16237601002426777,0.4693454727181934,0.5121076427745987
0.20038934947870438,1.563610345157832,-0.49735425197885125,0.014592648768598534,3.1455515776382232
0.8053846109760673,0.9683815727400064,-0.13330578085469993,0.2739298240778301,0.011179809614780057
2.1059573888532532,0.4206580687018324,1.186136240204713,-1.1199330971792885,-0.2208204883284461
-0.010632883631854396,0.25137268706531746,0.3293812414074807,6.991866979492497,-0.23346016959272858
-0.015262150315395864,-0.9200642340167,-0.020585208917381567,0.42264140780450726,-0.9905385052119792
0.06404522852439766,1.1297911999087946,-0.015368039337790039,-0.34205620592295405,-0.8733327060697698
0.7417627638534752,-0.42820126922503443,0.6635669694348453,0.4503655869967242,0.12297322427530054
-0.10959309467012357,0.7314888624890089,-0.2755229792765436,0.37415858215189746,0.5880607611906042
-0.3215531467008199,0.1683315748333555,-0.5296914006190071,0.4732335961547559,0.1297421532943814
-0.3878909456089221,-0.3596393755867093,-1.322264346507198,0.2346543819296135,-0.5255871494177338
-0.34074095406945437,2.6335230168525543,0.19858616605198806,-0.4485959776689683,-0.23080342556128003
2.050586656091485,0.24791035335950273,0.4317391564089896,-0.7889607664413559,-0.12679699620728505
-1.0883703810033518,-0.6376421922275273,-0.9323797603596615,0.046688036917163896,-0.16120007585681323
1.032506397483677,0.5273270692253027,0.5964878665678616,1.0386547868923128,-0.4143155533929685
-1.6128177075630916,-0.6069648759334318,0.7288775178350403,1.3256060215466372,0.18599691080358105
-0.28200163860597494,0.7860642499315061,0.29262068928950635,0.4408303158502307,-0.323566594428253
-0.9588591878513021,-0.18827262312660678,-0.9081267739943344,-1.70584357456671,6.631465254105904
-0.343686915738069,1.2799337391845431,-0.5726718753336669,0.47234527062419296,0.41570745987892255
-0.28815093935409797,-0.47894936427239865,0.3912829352464483,0.3832199404343834,1.7317260338469023
0.6807182678123719,0.47826445394699163,0.9295042952715495,0.12191245874994505,0.6511020032961851
-0.6319590246301465,-0.35246818063725915,-1.1253356564292945,0.10025469571685934,-0.5255871494177338
0.3084108116526531,-0.6627956907730466,0.17827499345562645,0.9090103991401234,0.618669662595598
-0.976545947734351,-0.21871677856898855,-0.37760496725853626,-0.20282223574636607,0.49715229726641685
0.22579005202960364,0.5348859276024918,0.19614769132702725,-0.30581970719676954,0.3170268910899217
-1.0572977531629166,-0.3799965151918035,-1.2325588198937667,-1.1736042859476021,-0.03324098403023472
-0.38826269920281414,2.274011846321346,-0.815007629564778,-0.150337947552625,-0.22133946463263846
0.4005101817802764,1.2893993477203798,0.6267181763622965,2.7460171145125316,0.36987724594223087
1.3059972253724914,0.08369318510990455,1.6236673406420874,2.641736196171768,0.8879340977003823
0.14460187577461842,0.5936140575692852,-0.28894745403576394,0.4911724735616831,-0.2840723973616308
0.30017719342772414,-0.5828261755683867,-0.3799352615084502,0.2498215576655356,0.5099434580834049
0.1456912185859538,0.11485866787969994,0.8756993708150395,0.2575280814640938,-0.22401376424138736
3.239554724066231,0.6059226779461683,1.5926361378123999,-0.6683825691765297,-0.5816354198986871
-0.19264004738976667,1.2911312029754176,-0.2662973682365696,0.7443678529222094,-0.7841234548322792
0.8202444757125024,0.18869270080459422,2.0047764795191445,0.5654972382707653,-0.2208204883284461
-0.5843900309357847,0.3822329485701132,-0.4495558346730256,-0.00044693621014294487,0.2907415103840616
0.30048717647806866,0.38827868306790175,1.0222573284722138,-0.4740897923339172,-0.10846529519431537
1.6205674707060458,0.6346726158511315,1.0509755444994664,-1.8400215464874936,-0.42469223714525245
0.4594469535088418,0.8265774110031897,-0.3448828889432062,0.5357629550293429,0.5258143687467922
0.3991385474269516,0.2837790116832024,-0.548478067160965,4.816197714346278,-0.19854513586992756
-1.0002965939824184,-0.30079172564976203,0.40493363869801563,1.3313682028888827,-0.6961997734410951
-1.0135333163760984,0.3099674973603966,-0.9816562927372419,0.4176531440519981,-0.28763183245826446
0.10476660441452318,0.22376012003731746,0.8281503083021668,3.103119254574115,-0.9651417711094635
-0.31679564006195127,1.4449343263725367,-0.6785381521552096,-0.5536889284313619,-0.19854513586992756
-0.03972140670091539,-0.3425953745738511,0.005283165153359567,0.7328962191450873,0.8879340977003823
-0.2108189283983379,1.587065396501296,-1.3770544940149323,0.3109215578507156,-0.6959978007041542
-0.7327454059084083,-0.8133478426438646,-1.80213060465376,0.15729073575919358,2.4950769772355574
0.19339446099068447,-0.07144388177127853,-0.7266838207237414,-0.3277964720760971,-0.8966466799205702
1.3374842900764248,2.1178716717528387,-0.6987099832086324,2.0402652370025662,1.2866754296863392
1.3146783336023986,-0.19264636703266252,-0.742447146786783,0.9978352987343311,0.5676421200265624
-0.6162335260678466,-0.33173526053517205,-0.5602007463245617,1.5167903397295348,0.8879340977003823
0.8843783202952166,-0.1314947059024876,1.8988478570229366,2.3812058374693867,0.6094989634058589
1.5328972725021948,1.0903500294856114,0.8569091484015386,-0.9755316520881886,-0.3632433694987979
0.456378120853804,0.8985776321062408,-0.37880606277260004,0.05462628581201788,0.8134757112945186
-0.3148494760827165,1.0651715484636763,-0.08840210280252975,0.09309771015079017,-0.15818118534505549
-1.6590630450700221,-0.9729059901939444,0.7424051059645748,-0.45217405692018925,-0.5587850804845891
0.425088611775342,-0.5044648922083732,-0.48119345165256133,0.9431070425802476,0.5500724982644013
-0.40959422895154535,2.003291875559819,0.19323937485405865,-0.3750762321775848,0.14835106523272154
-0.6624618768026609,-0.6919685777278014,-1.106163840551157,0.9423213216868451,0.06112074554691287
0.1672410688086117,0.38302614598982854,-0.21654122116888552,-0.5948123617516881,0.9939286543846455
0.2813110241793129,-0.008509262742959958,1.170559287821068,-0.6328670591068444,-0.2562397851097021
-0.4621872029480466,-0.39094549622402885,1.080628983892936,0.5719195337083537,-1.0180756821773396
-0.638643538807808,-0.07016501606988325,-0.3191055307980518,0.5874029117193127,-0.20583070044956073
-0.18826947034513017,-0.04362183537843101,1.063008809959439,0.24870251155551756,1.0026398990370389
-0.33202844604349085,0.07598564540401015,-0.5787735206193846,-0.10538499489626983,-0.680988450896277
0.7268474173521285,0.2636550643369162,-0.26386024664634034,-0.21672506177699677,1.3834681887296454
0.7580625007238315,0.2168857950272553,-0.907584709619907,-1.1723424331073482,0.5026293029921685
0.20193610797280367,-0.6414617900246512,0.24877536151771615,0.2825352154865271,-0.152854154408241
-0.5529285710089733,0.6215366933603359,-0.7358437137874859,-0.5504879161746752,-1.123176994368965
-1.266406399118734,0.02239298346289116,0.5897362732902409,-1.2183302765878632,-0.10846529519431537
-0.12717562472725535,0.7717956324604766,-0.1056475197002248,-0.050415118538771904,-0.23587264030574093
-0.12499915433226262,-0.21570763396305095,-1.1370174562538553,1.0695947543859954,0.8672937546744337
-1.534277311477393,-0.6912097829989126,0.6232971109138542,-0.40297546721590194,-0.6961997734410951
-0.14929188822500278,0.025744144923449733,-0.7439959249560728,-1.216713664725372,-0.45627388472865826
-0.20188597351389406,-0.5934095140827731,-0.6635512690587333,-0.3612501182386232,-0.20670881370652533
-0.8033793461083459,-0.4050295617573023,-1.541177815641449,-0.8267020929578336,0.04657194173478246
0.37723547952495645,1.0466807652808938,0.6166931442996814,3.253915198710835,6.4717750414949045
2.5556913813276823,0.4028208506744863,0.12205773810114266,-1.1109878990512363,0.9440577735657396
-0.023058817764058433,-0.12258156736232667,-0.9060314253789825,-0.1999468344536662,-1.5614738007461204
1.7457071611989075,-0.1160111247954808,1.8070948425978868,-0.4924274484964243,-0.233763797482037
-0.5961414669814656,-0.3955218857881544,-0.22132792765375364,-0.42176038328481164,0.6565626238164562
1.2427693690731447,0.6590193704673367,0.11004937021924951,-0.12198114806412412,0.1297421532943814
-0.9596637156895804,-0.42186965029894324,-1.7073694041616734,-0.5027144263436844,0.7829845158554242
1.6659155691280227,-0.2843361287633185,0.3571762551122791,1.689486009390239,-0.25586927883067817
0.6630680370181489,0.7512874741338602,-0.44215444389480224,-0.893168632618099,1.589947860353408
0.5134342533619746,-0.10523579489311692,0.23552090824075417,3.790961924672957,-0.22608799749841382
-0.8855581843543363,-0.41970589630890454,-1.2317673993526732,2.0897154690592115,2.4950769772355574
0.6752652861850105,0.19116843346694662,1.0739599646261488,-1.6521723857983965,-0.9827771844875074
-1.7038791622991514,-0.7833263879718728,0.2393295228026471,0.04483771198159887,1.5502210936865504
0.19100310881613772,0.6739725707000511,-0.13179490832426077,-2.1307404856491914,0.6208351848545861
-0.549790578889407,-0.7338545349961216,0.01567184407319425,-0.5115286460756957,-0.3632433694987979
-0.5789680195691109,-0.14938074584327057,0.20371826900414852,0.8425058299369994,0.9397762190561528
-0.681661468256151,-0.5098950904604627,-1.6860685050974773,-0.2700505557632963,-0.3937904083933048
0.14994455860205555,0.26307801193229563,1.3537193770983158,-0.8336867570816171,0.6094989634058589
0.6630731656668131,0.7512874741338602,-0.44215444389480224,-0.9162496241660375,-0.323566594428253
0.9979166840644912,0.41511155246544146,0.25905532069615894,0.8628076604780018,-0.9697330561614202
-0.650280844718058,-0.36635945213632914,0.07764495801538869,-0.18818740386339677,1.0306054320885272
0.6110959222500664,1.2027880353237796,0.169579537172545,-0.8247415589535648,-0.21565045441148878
0.9696312339294834,1.3181919840436445,0.012200454854836784,0.07697278495623616,1.8306675955517673
0.06551810342963849,0.897456598574152,0.48066951844685196,-0.9141935402340872,-0.28251981554438527
-0.13375410577947444,2.542469639731838,-0.9090663584361985,-0.5384952188558932,0.6957647295159957
0.6729730622958296,-0.031078066841219203,1.736667752235449,2.679483011383881,0.5921704382386221
-0.31751459420784245,2.011166463062565,-0.08563912253641003,0.04440449822659118,-0.4958779295503879
-0.267427449326683,-0.9113801633541984,0.16276195375380256,0.880040416734369,0.6214467877285345
-0.40557816713746103,-0.48784667477301874,1.6788430374632737,0.09988466933096522,-0.10846529519431537
-0.5432290557969487,-0.08528540910680062,1.014965588742229,-0.2982908972414932,0.2882206966797095
-0.4187372277489262,-0.502886806069106,-1.0342361188115843,0.7976720702915253,-0.09282795730700956
-0.2837427798534055,0.4335159489317953,-0.41935298209588434,-0.28977106146725934,1.4509936268656511
-0.40578659856608545,1.7467749161461241,0.4788012371937899,-0.15753897289870894,0.36540320709466023
1.5718397117918232,1.8643008715952372,-0.21765185987104788,-0.4441233786049422,-0.08667899096059145
-0.9138317200331306,0.6087273046269255,-0.015897772472034943,0.36396438722585417,-0.17171452909191112
-0.014198405717972378,-0.001125894069939179,0.12342639190554602,0.2568451762659587,0.1313458970797596
-0.1147206618660776,-0.7389355188487917,0.3960913426719868,1.3664120351874751,0.5349850679365312
-0.2550329715813355,-0.42826516552351945,1.2563639583177455,0.4452487193136955,-0.2502036760459292
0.4764538320847199,0.19330556419960646,-1.1210609423198938,-0.8068163145646786,-0.45627388472865826
-0.8694628889958059,-0.8710936579802582,-0.30378233143864053,-0.5152377037229575,-1.0043011582375723
-1.5508788913215208,-0.35181236218991796,0.1720063147840731,-0.5986455447924286,-0.6970683565275249
-0.22945005453529158,-0.7204036510872778,0.1633737232425876,-0.3330190107406402,-0.20670881370652533
-0.8021970706276899,-0.48228936847774895,-1.163064159225096,0.3675247489953296,2.3578849893168043
0.5248558416211639,0.9545728815168142,-0.09626798132669552,0.5524941664655912,-0.16120007585681323
-0.5323146065294502,1.4093855098745174,0.05907033335346852,0.19201647855009177,0.20659243496064336
1.0603391996083062,0.3302050973249072,-0.6458828059263663,0.12416877277812614,-0.5494801229274962
0.10489372260417044,-0.3957022428924402,0.24968269418767092,0.24539013971744134,-1.0215363880511559
-0.4896385576409967,-0.7776247354779781,0.14427083586371908,-0.21936122737693756,-0.9905385052119792
-0.9655502198438769,2.477161211112535,-0.7728607525519149,-0.040997932563754225,-0.19854513586992756
0.15163197673708798,-0.08752826689507029,0.6488136456280094,1.3313682028888827,-0.6961997734410951
0.41106499993293916,0.18971133429918116,-0.3947713377377141,0.13841428656508797,1.5920655645637496
-0.9509066220764332,0.06468628038193326,-0.19555269690342647,-0.2437835570542824,-1.0215363880511559
0.032182377467161,1.9354444015580523,0.31628142159572403,1.963967512903045,0.14838885152291112
-0.5197287236467789,-0.2894045183986214,0.788573167290952,0.06722769691781645,0.5099434580834049
2.8360742152012546,-0.04274119393913586,0.9658850634572061,-0.8903756740980475,0.8869315906385469
-0.33237484534385736,-0.7009432654285939,-0.06650508390521569,7.057248189845072,-0.23346016959272858
-0.3058841988083601,1.4898471992877989,-0.6608825285179218,0.8415000757456966,0.3909626228801588
1.7612954216520167,-0.1610494695071081,0.9142235906410717,-0.45127953710738405,-0.6307184732867436
0.599500349977,-0.6691510576502177,0.5623391378669269,0.4108565374999855,-0.3632433694987979
-0.9783798923523773,-0.6243781935869522,0.1726107013997652,0.051749421862852106,-0.3238523323483122
0.29939636220668236,0.041451450720643664,0.44043743348642495,0.30545001789810794,1.4728009977921355
0.07830369558570753,-0.568452695792588,0.0930407185987472,-0.14605533061162113,0.9065175958506306
-0.09503640088982379,-0.6882383120666812,0.5683533569820595,0.47334968504616626,0.6165325636522389
2.8785562940150293,0.8327698361664285,0.09769858972867744,-0.4918578557511022,2.894443956557303
0.040053679897696516,0.5574986244308585,1.4329028948588414,0.653597997879149,0.6067298636796883
-0.6076022101584626,-0.8884800280554097,-1.4981374214415681,-1.5403574091977437,-0.320308780869236
-0.4790851708300878,-0.28965431041439194,-1.5639890630965676,-0.664401917553104,0.8509065428424427
0.06551810342963849,0.897456598574152,0.48066951844685196,1.208447319071587,-0.5514924936740359
-0.19851898299675103,0.49884230819825076,1.8673294994642056,-0.4074480662799281,1.0026398990370389
-0.4611629296845195,-0.11246512761793932,0.014465034299170666,0.25691421736288833,1.0026398990370389
-0.33648076359030993,0.6221218856322764,-0.8377316334873652,-3.566444785201575,2.2437667146337983
-0.40959422895154535,2.003291875559819,0.19323937485405865,-0.3232471484488122,0.4155541411704997
0.4882207561323693,-0.82912013082744,0.657686854830315,2.412806500576666,0.3546764149722156
1.516276011611535,1.4380010586978353,-0.6174563478963453,-0.772575273565218,0.8672937546744337
-0.5263259399474318,-0.30878495259208816,1.2961023534411176,0.3107550191951008,-0.2502036760459292
1.3213583089684957,0.46944672578023344,1.8656473034158818,-0.3521667418485652,0.09840110071797713
-1.0766176805264431,0.14431374286428592,-1.029458830709366,-0.591719147717804,0.013036186517308274
0.02932264514226285,-0.5875564318851745,-0.2930185044506013,-1.4509054279172213,-0.3955683703838916
-0.6703915271933788,-0.6464034036521273,-1.8318720741861403,-1.7550421642709972,-0.45627388472865826
0.39576302522571066,2.4959553240788996,-0.2556376637638953,-0.7759902291556802,0.13182641830986522
-0.0227222182538512,1.172000333811311,-1.0121326500621024,-1.0438989130908447,0.0976393558591175
-0.3055517912408822,-0.20807984443606714,-1.8157821858704042,0.30741694515066603,-0.5205570585312561
-0.2962447657912019,0.6910246616720648,-0.39752452590343607,-0.6878351646326925,-0.45579637302608955
0.6798909379279048,2.799994006228536,-0.03669092132593296,0.5251023687985636,-0.06468001344757221
1.7253113464669827,-0.5226247034138125,0.7730399339884262,-0.2304139015285163,1.4069200992592341
2.4438759204303526,-0.4835497026601228,1.5005564334438626,-3.834800729043142,0.8869315906385469
1.7284463280156932,-0.01632666393339156,0.6629824937656178,-0.9633921299383745,0.9616705318892673
-0.12296027487225941,-0.18239996642302614,-0.7984788519417138,-0.5069200369791981,-0.6630177259917971
-0.9388469884355856,-0.42559662853549374,-1.4559792901262116,-0.5850102491217649,-0.09903076075714864
2.502202619266188,-0.11441891731324147,1.9930832793725122,0.7561470713113788,0.34214875501070663
0.10560814354011301,1.3206605794037374,-0.05468477697554415,0.029428071222088337,0.3721291667483489
-0.2618034981659103,-0.7352411863823388,0.22527700028428463,-0.8336867570816171,-0.3632433694987979
-0.32486520857507756,-0.8623090132835461,-0.08135008907562928,0.07846809192765448,-0.152854154408241
-0.2971586979665924,-0.3983596663389814,0.4622965011447963,0.8347320234341279,-0.3632433694987979
0.6437626222821656,-0.4454574724084108,0.26305533979395496,-0.25886365745551154,1.1911242679481011
0.6326793295598699,1.19533365650717,-0.9938953609988284,0.014661216507712176,-0.4792489523395754
-0.13375410577947444,2.542469639731838,-0.9090663584361985,-0.3792706921765635,0.4406641341771104
0.10178209226532361,-0.7442386378331906,0.28258525024549436,0.8434190739313483,0.5349850679365312
-0.12259383201859893,-0.43237575357577734,0.05437851141355401,0.0939354349688386,-0.152854154408241
-0.9066514788161935,-0.9231574636766386,-0.3814831335293779,-0.2584957588247718,-1.0043011582375723
2.128650614299585,-0.1450504719539219,1.218969251281465,-0.5732799485536786,-0.043670000122471055
-0.15307936422695187,-0.15533774773216721,0.24231884564159756,0.3252396381686007,-0.24512894383431616
1.0156104002798896,-0.16859168526034213,1.936186536624047,2.0655861323244493,-0.35247207153716653
-0.44349239481999747,1.4865835524550244,-0.251250539026674,-0.3320483617977104,1.5788620984741653
1.0163662449307318,0.7452413526297608,-0.20298658152032414,-0.6218398256273197,0.37016979712565906
1.4976707652710193,-0.46544844733998975,0.719213068691948,0.7318391263940147,-0.06703965023270962
0.08826337874368573,-0.3734348487792185,0.18055445088789313,0.7167873823250954,0.6165325636522389
0.1632251600959296,0.8672665364637464,-0.2667214108774545,-0.5954285722905666,-0.46889417125992294
-0.7912149077462801,0.018085332048549813,0.013618902492097228,0.10695538415876432,-0.6970683565275249
-0.18739820264135815,-1.0576438906316243,0.4890199708173555,1.1769645413596892,-0.3632433694987979
-0.052276214154871,0.7789615514322568,-0.41064275465714467,1.5371071087784125,0.5865115232928445
-0.21615843417178635,-0.33839853422270283,-0.9203126263997846,-0.41907682384639594,-0.45627388472865826
0.3458468195786897,-0.10098305397122743,0.1831985691692825,-1.3927616400848817,0.23515888069150248
-0.2108189283983379,1.587065396501296,-1.3770544940149323,0.3109215578507156,-0.38999606295279543
0.14873062794689282,1.2001553659718731,-0.025990570403614178,0.17473134164737913,1.6515211218047334
0.6306836180071246,0.8198150367104954,-0.7852290668787603,-1.3927616400848817,-0.5136033779605862
0.4872790419419755,1.0668375833016506,0.5258847115520405,2.4092829919870877,-0.23080342556128003
0.3572532444635125,0.23513670703596154,0.014464610001109672,0.9144212132039925,0.8879340977003823
-0.8352826409794212,-0.20735491603466885,0.18410259557945421,0.13046321017273935,0.6565626238164562
-0.7069113836218018,-0.7354945883490932,-0.8316559349802377,0.16182851663537476,-0.10094716101444622
-0.6838489614262929,0.09546912412381929,-0.2934484079555104,-0.2727160800898874,0.5099434580834049
-0.35855600862978554,0.95915738760784,-0.44658885064040715,-0.5174740032549705,0.5360574629156194
3.5794683307908643,0.766054956994216,1.9833093808663782,-1.1512412906274714,2.894443956557303
0.16826682076802565,-0.6472121502534958,0.3471564238318587,0.5842041349575458,-0.47972077937901825
0.12164137983347366,0.6788969759221515,-0.7894292075101689,-0.32847990744084044,2.3356813639312555
-0.4680054923657881,0.5116503299044287,0.6407097424899468,-0.7326060182346268,-0.6465771786440081
-0.5825668955624103,0.2439413154297747,0.5281348597612219,1.1213515466692725,-0.48957313655593265
0.620363287782507,1.7208585435709252,0.20143462858100458,0.3750741181298054,0.8865393488828655
3.166916316173962,2.260591920515687,1.7634566460058116,-0.6784875695599107,0.8251299394863431
0.10059464492833077,1.0633744680425592,-0.9749266562007866,0.33976064032007375,2.2437667146337983
3.006346538703341,0.9084159451348013,0.8269283883613284,-1.213857677523837,-0.5952722579536275
0.5720519255582339,1.0323112406414932,0.29797504129547436,-0.2521860901467718,-0.38813533895493574
-1.6128177075630916,-0.6069648759334318,0.7288775178350403,1.3256060215466372,-0.15989728482515544
0.326947477710811,0.4525279983306715,-0.5812565594512047,0.18261973196772777,-0.4634397369907007
-0.9467167436762277,-0.4289444499208222,-0.13754788304693324,-0.2306645415517153,1.4069200992592341
-0.2935361030225575,-0.5799462477798295,0.23168312773478641,-0.6234746010723895,0.5121076427745987
0.06390917962024165,-0.7660524089035745,0.6634379114996741,1.2415135149600196,-0.1421995909466891
1.052079250461768,0.6510369453786673,-0.28857715357575653,-0.34368205730823853,1.0481426178316764
2.2250255035703934,0.5056179516126148,1.7477207669634178,-0.3473944130307201,0.5410676574811567
1.1888976560576903,-0.03433430789943616,1.1754913711677653,-0.5179022968173895,-0.47972077937901825
-0.9224513531570667,-0.6679901305246335,-0.06268596623272975,1.3038774897957643,0.9397762190561528
-0.2618337261761996,-0.7071729356733398,-1.2916979330311273,0.7768836579354134,-0.3937904083933048
1.0791300750825463,0.7818697428170612,0.7849561418006309,0.866575853105068,-0.6355796962391899
-0.08324476000417826,1.0958600376266827,-0.006650968633788038,-0.37435083320613477,0.3909626228801588
0.5062640822623652,2.1247604876022073,-0.9891033332863836,0.011757834657054309,1.0600105224786418
0.021423314677401314,-0.47356199145634015,0.5221486567527499,0.6736899729592241,-0.9697330561614202
-0.5848355581963331,-0.26979349527092106,-0.24325562209187737,-0.9678647290024007,0.6382988043690482
-0.12379999974765481,-0.17799165712322806,-0.6076603814816898,0.7331690634558421,1.9841337708238929
1.97158530974893,0.8330357775112527,2.4196123674689622,-0.546993157077543,1.4234698255782336
-0.48866247231464643,0.17274023114552917,-0.2096064215633415,-0.6884214115619232,0.08901984899636681
0.3626064165400799,2.2247216174416584,0.018886501521123273,-0.8560497524017477,0.9582349890095816
-0.09925657382539813,0.7016671943958613,1.2674485518636371,1.833346888817916,-0.09941882261347287
0.47586446152556866,-0.7118769653054224,0.6743259960702275,2.432500575106815,0.4684445812850607
-1.0715942056308192,-0.31849782791867054,0.1177050498957873,-0.14148331740385678,-0.1289488083963812
-0.8170778667317212,0.5241508885762108,-0.19289042976067064,0.03813998689607232,-0.323566594428253
3.583867097160021,1.0825035747353449,2.1259505082610457,-0.15317327894761945,0.737998432621339
-0.1555105931785723,-0.1976496932207616,-0.6709817663300846,0.7331690634558421,0.4479612352789695
0.20038934947870438,1.563610345157832,-0.27935240720786864,-1.7997681549112585,-0.17941340211998644
-0.16646953581333393,0.28770332155669837,-0.7757930451534635,0.7002318091477077,0.5360574629156194
-0.5803531104253052,0.01250368539764268,-0.8587256987108234,-0.3860978946738725,0.4710272574998994
1.7612954216520167,-0.1610494695071081,0.9142235906410717,0.9042424739347859,-0.45466963935535787
-0.4719326642769291,-0.14113292006723116,0.47085062940576367,0.14725624167466728,0.6818694064848045
0.11146152314872688,0.18451366502781183,-0.005285566260692648,-0.051253027846289316,0.19423713986710492
0.17682378132922252,-0.6759908964743421,-0.2786872437975002,0.07999632336109867,0.36540320709466023
-0.25575128393553703,-0.12881350855305762,1.1151092306133392,-0.2321882064098574,-0.37696698226439446
-0.41730455079799633,-0.0398945962430039,-0.7570867207395833,0.2127517300770855,1.345154228045528
-0.02368826076785526,2.3242297152149347,-0.9585599219279854,0.18214485670640354,-0.09698511801172553
0.22955628885329726,0.8245620370099139,-0.08003225719401941,1.8002179948296693,0.41389789784919545
1.115403299391984,-0.49853820655400966,-0.42487516617984866,0.04137080320360824,-0.09282795730700956
0.0008556802032769038,0.9296886870320058,-0.27798723641672063,-1.0752071065390274,-0.5032027851839785
-0.9698672713341406,-0.8404532949408802,-2.1221081308948384,0.833841498927281,-0.5255871494177338
2.303939016973078,0.09824227629388238,1.3105788819880384,-1.6173544860199118,0.618669662595598
-0.8226458696986984,1.5426571120219197,0.5763161171550061,0.7631287493362662,0.362788930840681
-1.1528545042664904,-0.33828996618167556,-0.04737805591136782,-0.1201054462940433,-0.8252424623770394
-0.2815865244764746,0.6806736938742072,-0.07474881386426754,0.1253663546647042,1.4261399452876253
1.4027058740916543,1.6909366788736684,-0.4786995199769188,-0.25705319030223805,0.4175278243853507
-0.07757606208467432,-0.16117356929344245,-0.02477270941836974,0.6196951153667307,0.6165325636522389
0.4492245658647889,0.04990492030936929,-0.3558206708136931,0.11695652870369613,0.494634325893628
0.08041609731124612,0.6559445953368938,-0.2995957842614085,-0.31567679325472314,0.23759910593624708
1.6040220237725686,0.3613682203162352,1.442337350445217,-0.8018044046962848,-1.2319659809695034
0.5935198047373289,0.18777818291198928,-0.0651999067562233,0.40590109585155987,1.5333720865735738
-0.5360041183241265,-0.13406697129149434,1.9366573493568677,-1.2049124793957848,-0.6970683565275249
0.636418714134763,1.1067366571529456,0.5017984885865753,2.75953536542818,0.6263513144383213
1.109313430728368,1.731099935724456,0.48101439291881287,1.8690344534449803,-0.58735887249054
0.08144463403548215,-0.9954142846314673,-0.2002811733731399,-0.6236223153548215,-0.2562397851097021
-0.6648050075525802,0.6212435338638196,-0.46286931134468773,-0.005369722353483674,0.08856780388213199
-0.38060463190309207,1.088512930747632,-1.0426257359965334,0.9012824995234235,-0.24423152743825832
0.4110750109248923,-0.450252642906059,1.0622652919050666,-0.6507574553629488,0.4954562613032316
0.6994982785866831,1.193867234360301,2.407832653622011,2.3338102695648035,-0.6954012454678918
-0.4125757117010859,-0.8145669815657594,-1.4945545688991828,-0.28829845074242344,-0.5055744600792651
0.33080753477666597,0.4089301092275897,1.5562132631132846,-3.82585553091509,-0.47791355809293096
-0.751523389207625,-0.6080089308652264,-0.1588170618345911,-0.4503478428092966,0.3650841971757172
0.07830410127746397,-0.568452695792588,0.0930407185987472,-0.053659014562007085,0.30801536246770556
0.385927166366122,2.2374992887405485,0.066220065422636,2.1328257634373835,-0.06414567904750644
-0.2521161170824145,0.22901007799526413,-0.7446144257345445,-0.34229913391933436,-0.6312472302214269
-0.07102216062116572,1.3967853254074785,0.306319472835066,-1.1780768850116283,0.5985078344480638
-1.441627247210908,-0.648234265524547,0.7288775178350403,1.3256060215466372,0.6067298636796883
-0.24349806891326842,0.5411419313431405,-0.07675378651109199,0.08153265519919078,-0.09282795730700956
-0.48449329692335824,0.9262134364307537,-0.2610649948254125,0.2859266145157622,0.34988574872091976
-0.07531670897002615,-0.2750997310011262,0.4959795095757259,0.259814027068985,-0.8512028141088824
-0.9191084407411163,0.907653013319129,-0.4649029307302668,0.11587218749064825,-0.4516596102302368
1.3856839907083203,2.783651040457436,-0.573612461812305,-0.4624610347674493,0.4984977156298107
-0.025752802478292723,0.15580430052814745,0.8991619536985551,2.075662832098719,-0.6954012454678918
3.1212047510965695,0.49804476222927707,1.792374034241505,1.7716921974616877,0.34892102794927327
-1.1954809010362584,-0.5621800835073905,-0.9393554283144494,0.04267061169667924,0.8009386883584494
0.11146152314872688,0.18451366502781183,-0.005285566260692648,-0.051253027846289316,0.19423713986710492
1.7635877249453653,3.4457114212154085,-0.6080378631933617,0.3377781832906153,0.1127184263882731
1.36767339813381,2.0313560652354616,-0.7500380797846031,-0.31509567554171014,2.3356813639312555
1.2540825586061202,-0.16503941267772756,0.7544691850032156,1.3119482615208289,0.3585322885312632
3.2132903731787037,1.4298680248082376,0.7588151098703476,-3.834800729043142,-0.06703965023270962
0.34165060108649714,-0.25515183960778076,1.0915270710012035,1.3127161530666984,0.6067298636796883
-0.9842673453056974,0.03850793753009133,-0.019610644948466417,-0.9141935402340872,-0.360981876750568
2.00447161854258,0.1505288328581282,1.4566616451118068,-0.02349982263011605,0.6094989634058589
-0.14920982076519698,-0.08053855054292856,-0.4015723662484292,0.19680263530142972,-0.2057221902622473
0.41987503802756926,-0.5385246507044038,0.6184164208628794,0.37439911666963893,0.5349850679365312
0.6656428616658479,-0.8329142128131836,0.5149778350129968,2.214130326077688,1.6688573379867875
0.6222674814332609,1.9065751942927132,-0.5842187721300812,0.29300407176942955,-0.3897365748006993
-0.3582646629270647,0.8533962101085287,-0.19935567689366068,-0.31354941133019837,0.495688663707493
0.19707839060590662,1.0687138050196248,0.27275532417129245,-0.27417427335224925,0.45662115076725607
0.22795609907777312,0.39498937348613916,0.09791420472934322,-0.09382107395377791,-1.0202953759319975
-0.3082593773775543,-0.6937223129133643,-1.7215068425189368,1.206045644769452,0.03919182314712063
0.27982220530651036,0.10886851747577533,-0.7897835375575323,-0.4478869975438105,-0.39623146961792083
0.45757509664919493,-0.32608107202536035,1.652192134876468,-1.3793438428928033,-0.7923715666358926
-0.8471650251284194,-0.25453742107000277,-0.5386092582152251,0.14056806720097362,1.6515211218047334
0.5935198047373289,0.18777818291198928,-0.12418156592117328,0.5149807704464205,-0.2252459985718956
-0.966486195970796,0.2629093947125533,-0.6494849624685688,-0.22002176786897185,0.4978769246189844
-0.10153979099739559,-0.6372458482665986,-0.266862257640573,0.07292298842202662,0.36540320709466023
1.276596404208551,2.0833502310142005,-0.5131387136995739,0.16652788971785815,0.9947168162074427
-0.4957793329980525,0.27134815978711874,-0.5641826647373186,1.4461329111249677,0.8473124981791313
-0.9495755693931615,-0.7379133693196847,-1.4155367763733475,2.6161072917110473,0.8672937546744337
-0.3801980994924519,-0.0888981526449303,-0.3043764695806132,-0.15069471540711968,-0.45579637302608955
3.380970048734401,0.393165985047794,1.792374034241505,1.7716921974616877,0.40291328953439726
-0.24406343262291458,-0.38983093881089104,-0.028863231630662785,0.215745989967774,0.502901163646362
0.8827550004245609,0.022284343320827713,0.1608511824004573,0.5958048498286591,-0.4996866538446861
-0.9495755693931615,-0.7379133693196847,-1.4155367763733475,-2.8016303452531086,0.36428617079043696
-0.9596637156895804,-0.42186965029894324,-1.7073694041616734,-0.2544695014025851,1.3940229361945469
-0.7101164520180329,-0.4135983303283104,-0.7168599985632137,-1.021535917770714,-0.279706910472951
0.593597299157717,-0.177274945624642,0.5949575301468001,2.206823234225896,1.4710601533078407
0.45816177629366767,0.17610135736573407,0.4292208868874891,1.8507843855906583,-0.009056587937286963
0.6346272396997352,1.4508374100959085,0.29271697524904144,2.1353961464743323,-0.7171029485386257
-0.8535228233433587,1.240843339014764,-1.1129604627174745,0.6999997982451639,-0.08053855160886177
0.30165897424785676,-0.836219397991669,1.223200798765449,0.4772425899884406,-1.300627933740737
-0.19520025027668908,0.07408449550676302,-0.19038798167644777,0.14937824914012635,-0.2998333364294845
-1.073435881207856,-0.4527698154723851,-1.8136220382375516,0.17698637898983663,0.06112074554691287
0.5425658859583024,0.7134650087320306,0.0270378202877488,-0.3312439317119326,-0.43937137490390904
-0.8289696118666323,-0.4204746279684429,-1.3125466464878321,0.30679474057557043,-0.2984460680752621
0.5798863591698897,1.091830343563842,0.47997028338127684,2.0692261943415717,-0.9905385052119792
2.0169790278485347,-0.4544482133918875,2.1853932922599375,-0.3203833228102214,-0.1862361682427883
1.1501227919804733,2.328454811673199,-0.644274851263573,0.04087198440573631,1.275270992280102
-0.28717680538249274,2.821262696007024,-0.3607292213122393,0.21993901756603745,0.2655029436732228
-0.28080809395451173,0.435626800133603,-0.07925527777348675,0.1490204879569521,-0.152854154408241
-0.1462815824980828,-0.5945120505105604,-0.10549279987071034,0.03297306734080248,-0.5973312763769933
0.2648245596994529,-0.10682958306053383,-0.20322508896734173,-0.19030441756750352,0.3650841971757172
-1.2697827547553688,-0.8061745110304327,0.17236924169405043,-1.1811289880872573,-0.7124301554492031
-0.41824347098461656,-0.7066711093790505,-0.4459406786817163,-1.5275503788137836,-0.1289488083963812
-0.22384321083226658,-0.4016241239380046,1.6692268783334334,0.5832394255320082,-0.2502036760459292
-1.4758595230883522,-0.8933267280004428,-0.172975435826779,-0.2306645415517153,-0.37696698226439446
-0.5227889610129527,-0.4525146239331386,-0.18768011740656043,-0.4186295639399933,-0.3917950916361426
-0.05701991380031,0.988658342815616,-0.4713799385151897,0.5398810518076241,-0.1634816321219581
1.6794258089694942,0.16915711865889113,1.1766478478557314,-0.6435454444083981,0.27335329625400345
0.28128601532819414,0.7094617388635366,0.11920652550958899,-0.23055912635684273,-0.37696698226439446
-0.43454834237731177,-0.901417485810315,-0.46388449685663224,-1.3225241041581692,-1.0043011582375723
0.012985133166742747,1.4396650309930112,-0.9506036830133298,0.39998232831515174,0.495688663707493
1.0449091368180516,-0.23238054140451653,1.4547166076558886,-0.2494620443528326,-0.6954012454678918
-1.0627486851873433,-0.5378064359183111,0.31336393808357926,-0.34552673415619983,-0.20670881370652533
-0.1688747091321206,-0.15981595509427163,-0.8255291477674995,0.013818817332144701,-0.48693511847360443
1.2593810352784602,1.990540986461642,0.17894433655434158,-0.41460422478236986,-0.18225238976340977
-0.414534032973613,-0.9442776200986396,0.2826549206029539,-0.11733040462998544,0.5121076427745987
1.2022869178749767,0.008549868304584127,-1.2159489427359578,1.4510521351709327,-0.3164390300443224
0.3028851502029574,0.46772609505872625,0.75214171281883,-0.6458375963925201,0.5349850679365312
0.23758330599997649,0.40641415227700745,0.31455834046528147,0.40388227986624275,-0.9905385052119792
-0.2605808601344782,0.5240599067816859,-0.29633422233988155,0.1794657671056692,-0.4046606546616892
-0.28471243508186284,-0.19315377032888664,0.007233956644021732,0.608415249126849,-0.3632433694987979
1.215384150139906,2.8022572769083154,-0.5135542947780846,-0.27298607850728185,-0.23882213858231577
-0.3782509568502416,-0.1823650309188752,0.613588231956014,0.23247949265166282,-0.6961997734410951
3.4313626272056306,-0.031783504269300385,1.8422763288543476,-1.1512412906274714,0.9411733086173097
-0.18619408234645266,0.26057732342389067,-0.3152593057992879,0.35869132594848885,0.04230233705278891
0.6837081130338559,0.35349242988486623,0.13555999017288262,-0.41108793942134164,-0.47972077937901825
0.19513235976076623,0.11559212795852152,-0.023615961290414027,0.8133539998421758,1.7493341106831493
2.94611942640247,0.567488574859799,0.6611324981241894,-1.316727455996438,0.7098563406210018
-0.008491466115524147,-0.2633744443029706,-0.12827774092664104,-0.5429678179199193,0.13182641830986522
-0.271817461054126,0.5737524963482273,-0.15210824646988824,-0.4661527902994225,-1.0043011582375723
0.07465271801477798,3.76898655664786,-0.9709919016823338,-0.05942751186622368,0.4027132236789114
-0.7554593743186564,0.4443587315610712,-1.4754354408628774,1.4656747137887147,-0.5073049384131536
-0.8936662862131682,-0.7982532081399494,0.13721563450655683,1.7419228211476685,1.0306054320885272
0.021226549531291702,-0.16652727407116022,0.08144733391146691,-0.05169313029141861,-0.11754905247742425
0.05773728422055623,-0.5467059104168516,-0.29040663660629634,-0.08180099843365073,-0.1289488083963812
0.8129231792186945,4.609301898272715,-0.11132796605324462,0.32329682353343137,-0.766956775368154
-0.1978825842183705,-0.10865738717221812,-0.9243681393879134,-3.083404086286754,-0.45627388472865826
-0.12307082479690261,-0.5680830818808812,-0.5145804079387122,-0.40622723495221313,0.6214467877285345
0.705955912397079,0.4253351803740286,-0.19190185443952157,-0.13518654311231354,-0.9416575081588501
-0.054734586936960865,0.41893874937036246,0.6144273601932895,-0.4561993960778128,0.6263513144383213
0.4907974967097838,1.1111948678381474,-0.5632970068754484,-0.2909271029775795,-0.06025767992763393
0.6426532801708263,-0.34026378533154206,0.31352448100964964,-1.629809390478266,-0.476987961179268
2.553325678848357,-0.41249140391991407,1.2607261215275074,-0.5711371330993668,0.35535573221575084
1.0603391996083062,0.3302050973249072,-0.6458828059263663,1.3661253474468287,0.6731926042031146
-0.7838697430716273,1.7857550139123843,-0.20714456451380117,-0.06893878617869957,-0.05622273948012366
0.4113442391173595,0.21073833186727026,-0.49222364175366146,-0.143273247116189,0.5026293029921685
0.11786521008607134,0.5824367183566348,0.09818907871031438,-0.22197598613296465,-0.0515706786915126
-0.8627433076858843,-0.5159699954029058,0.06614628684350651,0.07624018409887334,1.4991417203654853
-0.5197287236467789,-0.2894045183986214,0.788573167290952,0.06722769691781645,0.618669662595598
-0.45123112906386487,-0.3835386463744533,-1.5237740103027224,1.399791770953309,2.838729910828953
-0.2818866378631795,-0.6297262324724595,-1.283921228880679,2.6335450816602926,0.05090356675410041
2.712534813825388,0.06898404552003284,1.3924553239287933,-0.4351656417092797,-0.07616936954338727
0.22579005202960364,0.4062846169564275,0.20286392148023968,-1.5448300082617696,-0.10652966739997427
0.4713050079095198,-0.006489341596062744,-0.5032155669239226,0.03984956457765116,-0.3365075628382035
0.2616924102034112,1.1654913446665773,-0.3947713377377141,0.44045632902112053,-0.1764020354270714
0.6175398706106613,-0.22754089471359568,-0.2418325155479114,0.5195200918667275,0.04680308548466832
-0.6978757079261803,0.1463112987434439,-0.8486931650045108,-0.6095295827085381,-0.3897365748006993
1.0795106826875118,1.433472046212401,0.6083476200938817,0.6230764573864647,0.37115796689721675
0.8756217095172033,0.2821645787464182,0.9581305298497831,1.1848388533047118,-0.0009669779172991028
-0.5756841021062381,-0.8865908931876246,0.34545737302458057,0.5726525540230464,-0.9697330561614202
1.484692696763169,-0.2497642507079423,1.1982100568245138,-0.5676699538108769,1.0260436571260325
-0.3904135967542247,-0.3454421366695609,0.007015037940727083,-0.6419080653328396,-0.7386057568692674
-0.23735014862799478,-0.054234487166927844,0.3871599638581105,0.0780426156951741,1.4913824895906922
1.240447432836105,2.5079016646590526,-0.5027408726791073,0.13053523694377325,-0.3917950916361426
-0.32445658836088315,-0.8893129263294998,0.27632998522417374,-0.34135949970723123,-0.20670881370652533
-0.3832130740695977,-0.5157748976391051,-1.2598462568502056,0.6319618241200666,-0.3937904083933048
0.9696312339294834,1.3181919840436445,0.012200454854836784,0.07697283490284902,0.3383880159610293
0.8820567375145464,0.22326483424247515,1.8012396317735642,0.3468576055781255,-0.31055768011617907
-0.07722723049794315,-0.09440440745288807,0.9644076598555942,-1.0752071065390274,-0.47791355809293096
0.34165060108649714,0.049972442438257936,1.0915270710012035,1.3127161530666984,1.0026398990370389
-1.6675762204062812,-0.38613606930971167,0.6927011098742872,3.9890851238187612,-0.10846529519431537
0.26734275916942624,-0.658332870572167,0.6363629473243879,2.1586268488617963,1.0026398990370389
-0.12907043164743853,0.2818920184142488,-0.8516395024888839,-0.19276007867336642,-1.0344460072159278
0.4713050079095198,-0.006489341596062744,-0.5032155669239226,0.039849788404503296,1.6371599907891738
-0.23213579509754692,0.4561243253444634,-0.07255487253911547,0.09811419776369845,-0.3164390300443224
2.8339798443519735,0.949663922291508,1.3127368956502177,-1.1199330971792885,0.5410676574811567
-0.7851588931339512,-0.7432774760504386,0.7415177930778442,0.7386037302059559,-0.7124301554492031
-0.6985022028026949,0.24503493255927,-0.8275822126748676,-0.252221143371376,0.7952506813131455
-0.18092612990992535,-0.6643591476596861,0.1792776282088034,-1.4598506260452735,0.177115126257413
0.5639605762364389,0.26670982527400106,1.839485157485555,-0.22163898700545398,-0.37696698226439446
-0.07239973640548734,-0.6581174530615898,-0.5358715424995013,-0.06525650170704068,-0.48595802519986114
-0.036151832338363145,1.1682089370121451,-0.017660967258120275,-0.22918927025806743,1.589947860353408
0.1771769153603473,0.9805454480634359,-0.6435886428950746,-0.168834224439623,-0.670069216207426
0.164837105732151,-0.5868862661367479,-0.5742516130818603,0.26810123781059486,0.5349850679365312
-0.10492187561877878,1.1159175801378332,0.18539339738152802,1.0697041060586747,-0.4675126309243751
0.6282859553199629,0.3932780150376227,0.14361778749817466,-0.9678647290024007,-0.43738073963402724
-0.4493303240851735,-0.421651966876329,0.5003802914790572,2.7258945831122037,-0.09547132566051501
-0.3795898446419073,-0.41868560461740145,-1.1149697287765576,0.21646471749194818,-0.03324098403023472
-0.08849713340671557,0.9525566087419467,-0.07320891777331456,0.1378851107194626,-0.16120007585681323
-0.7960946224959166,-0.4536271976964245,-0.3441242596269483,-0.2065658060731648,-1.0049093335940475
-0.6016129764213595,-0.39474452619153677,0.10437547210438072,-0.6765645459012889,0.2915943648710855
1.2337937287343677,-0.4366090191340065,1.5137083074775164,0.0768740186657405,1.3123279736295166
-0.11372042942946134,-0.28405181219284187,-1.390703042933482,-0.23597596663971737,0.36428617079043696
0.5010866646822911,1.8488114045830393,-0.18063819656469765,0.25048137193561104,-0.7036339752418709
-0.9918231537087379,-0.664333405122282,-0.11200529219317641,-0.08420371028190542,1.6515211218047334
-0.3325745601559408,-0.21566982450352762,0.6836900094165382,-1.2809466634842288,0.5295946697254613
-0.09699244155055892,0.1156920178357385,0.016344673976458952,0.6064156846291772,0.6565626238164562
-1.0155035059707394,0.030787711651863607,-0.12611042607990944,-0.17155352448025538,-0.152854154408241
0.39987254243254255,0.04534376893222188,-0.012431188100053748,0.6373227410376894,-1.123176994368965
-0.9534420963477046,-0.561571506027775,-0.3110018394324415,-0.543415077826322,0.5099434580834049
0.04327803456325097,-0.4280133430787248,-1.2627123673777108,0.7337649925904666,0.36428617079043696
0.14553525872254677,3.0283867502311277,-0.24472674816227888,-0.40544966790648695,-0.15818118534505549
0.32653934593430134,1.185838437467824,-0.5562766505589495,0.3608533851306653,0.06176394846000177
-0.0848919479292254,-0.26901237283179275,-1.4619367036963216,-0.526963056437664,-0.5299545315903368
-0.027237533878561627,0.6452430260862206,-0.11441722031121233,1.4790824990153641,0.8473124981791313
1.7686041450977483,-0.0023741966878653973,2.1960742498472716,0.9549675917876934,-1.1140118962443646
0.43068632665614104,-0.3454887747205584,-0.6889227687420991,-2.993952105006232,0.5026293029921685
-0.2904750348835884,-0.5603466234618579,1.615826419475374,0.5163022532861735,-0.2636330411874475
0.9656624919563981,-0.2816676492401679,0.6105883267872765,-0.9857551252585052,-0.6077955708198046
-0.3488936000129743,-0.4430070273551229,-1.539147367283451,-0.6886649923294951,0.36428617079043696
0.1274783879299964,-0.3011922202401437,-0.6694044315770454,-1.4959171707322838,0.5026293029921685
-0.05692118030829894,-0.4116054817106982,-0.2175486864032779,-2.4885484107712807,0.8009386883584494
-0.5212190245270191,-0.24884584063907167,-0.26309987580577604,0.13733584967903043,-1.0215363880511559
-0.48449329692335824,0.9262134364307537,-0.2610649948254125,-0.1271580821897054,-0.2200839900617041
0.9601457649011194,-0.5814027136706358,0.9815990200423583,0.39582758531410195,0.41373369854711745
-0.04061090474856031,-0.3011922202401437,-0.6694044315770454,-1.8465088181874245,0.5500724982644013
-0.31629581952889,-0.6344586918492217,-1.636121882084546,-0.587246548653778,0.6731508052095423
-0.3172815295174831,-0.04485279907464738,0.5979951962360069,2.281148271596479,-0.09547132566051501
-0.6247718351106595,0.059206644549212484,0.47846585672779884,-0.8963031439779828,-0.10846529519431537
2.004540764823915,-0.545357753968925,0.9857692812167321,0.322823999988244,0.3698952613358766
2.136575919728642,-0.10341522090733045,1.3310554703198711,-0.36995985864294445,-0.9905385052119792
0.0978326065921007,0.4149884078503329,-0.6887149862499021,-0.5210620397725921,0.26913449943076206
-0.815685887069207,1.1102726848473727,0.34807703667145606,-0.3957220399194996,-1.5386991175103883
0.5004581637049056,-0.7409007433540354,0.12830761974710791,-0.6331709497788939,-0.2562397851097021
-0.7527305860572053,-0.3347150282658394,-0.5287601280853083,-0.537600699043088,0.6552966158991417
-0.47142576399659364,1.1374692341937949,-0.3970755472619788,1.1026057400160443,-0.7827619780136458
-0.21900498011128267,-0.15061484165006497,-0.7820987108971891,0.45184384553048573,0.36428617079043696
0.14187412288902665,-0.6528150618326319,-1.3686009981305536,1.780652929034211,0.7119432807720742
0.5935198047373289,0.18777818291198928,-0.0651999067562233,0.40590109585155987,-0.4307245007016167
0.4844709639581705,0.5233151905171987,-0.312023937742081,-0.26234912960147067,-0.09282795730700956
-0.12912022211639845,-0.6644338233706728,-1.2323363585105456,0.3002895998828196,0.36428617079043696
-0.6363672406943881,0.4435961494987263,-0.671103896487857,-0.9035761311773083,0.7853222499679298
0.5252859682978873,-0.7624361286748602,0.4761036974726681,2.0032885980791306,-0.1421995909466891
-0.6737782146305088,-0.5046859190442518,0.16181967655731014,-0.228642310016304,-0.37696698226439446
-0.2752232076532251,-0.2513040511844393,0.3682491275817179,0.48677820175376635,-0.7209275564504813
0.7608190478919383,0.3561772001320709,-0.42148220030200373,1.0274349198161452,-1.1018643563304014
0.09608213595995449,1.2455013211193966,0.14001863451696556,1.1921672665872793,-0.4991962680520971
0.24768592625746239,-0.34221453139002234,0.29913103456970386,-0.35207164977036803,-0.9827771844875074
-0.609354734327091,-0.1216741975318478,-0.05116768292247149,-1.5045766166855348,0.36540320709466023
0.18087036003632928,1.1907594734528717,-0.005857982650592325,-0.0863302527875194,-0.9937989939065845
-0.17894182548207924,0.12673989331632768,-0.9967718735764532,0.7204537701746083,0.8009386883584494
0.762163488523487,-0.12577385481221057,1.551044095892278,-0.4242452770087468,0.49972143060733815
-1.2573282867762308,-0.7756681207388092,-0.20601052472543688,-0.543415077826322,1.4069200992592341
-0.3743826136371386,-0.6747343718184654,-1.0776252523443555,-0.9723373280664267,-0.3937904083933048
-0.3627504155625287,0.18152769566660093,-0.7621965735073928,0.3322899816293428,0.495688663707493
-0.36160607653686777,-0.41276151250065696,-1.975139620309057,0.8540609177677108,2.838729910828953
0.2414062606403951,0.40692749858235544,0.31155211575070013,0.5492806188018706,-1.123176994368965
1.3305251145662786,0.9623475845235538,-0.09675861317833288,-0.666858811993443,1.7105416351206184
1.327573355781789,0.4282347567354765,0.1831985691692825,-1.3927616400848817,0.8795836619605041
-0.3123036777579979,-0.5438684562589893,-1.597571288759646,0.3131093946627074,0.6857239424760578
2.502202619266188,-0.11441891731324147,1.9930832793725122,-0.10294056482972389,0.9411733086173097
0.05225074171755088,0.6911845642758958,0.11651195349611916,5.385341888547735,-0.36900126446135456
0.6823938989256959,-0.3089673022238194,0.1805462119735543,-0.5045034659692949,0.19576199168191669
0.24859347810015722,-0.4484222187799327,-0.2899570033601371,0.7728311697988502,-0.5283545771841615
-0.05487852351887474,0.15395182776161365,-0.796049297326467,-0.7053112290408499,-0.46946899101952805
-1.6740371669218217,-0.7920739374362854,0.7632171225632266,0.06054193489519181,-0.7124301554492031
-0.910675061923198,-0.7012482136730005,-1.7559044990362545,0.4461395993949009,0.499973227744617
-0.32196528528047086,-0.37167509287528233,0.49386996493757307,0.5159125138285585,1.7317260338469023
-0.7654298051826217,-0.8960682375342596,0.32420611146864386,1.3313682028888827,-0.6961997734410951
-0.653288335651016,-0.1937227529899558,-0.5687874351201202,-0.13554151293150143,-0.749841759460084
0.05617346354550973,0.5015579249726818,-0.0005178172871714244,0.719223481090501,0.505419803803048
0.5689015139772104,1.2008261458856286,0.44460671580634703,1.9765133510894104,0.20804688308875838
0.042583454041447776,-0.16674133790466958,0.3490574374641812,0.5851801069206048,-0.3632433694987979
-0.02896989236776313,0.42995172373602986,0.3401321556214435,0.5689582204392818,-0.1421995909466891
-0.6298182556765354,-0.34405803669913804,0.48371034015322323,-0.8157963608255127,0.6094989634058589
0.5473610927524645,-0.7054372878262349,0.14683794265781383,-0.5519130160479716,-0.24512894383431616
-0.4515644247545255,1.065539521832742,0.36621492443586723,0.1128929845289117,-0.12635008136801085
-0.3039730778634091,-0.6246941019980413,-0.2501064011642606,0.21435548659428835,-0.1289488083963812
-0.6271998955672422,0.8281340582155389,-0.6468213781562454,-0.2962329657471364,-1.2321803262085416
1.1177644966038807,1.7918567250280304,0.862757469936306,-0.9231387383621394,-0.6970683565275249
0.5367266773212088,-0.3519386369100405,0.6289895879842858,-0.6328670591068444,-0.2562397851097021
0.31748159976501905,-0.7081441770094444,0.704176758366548,2.925968194105853,0.5881249644447311
0.615207070801669,1.3295948638265962,-1.2100919426844465,0.01851613524345693,-0.23945464685890386
0.6282859553199629,0.3932780150376227,0.14361778749817466,-0.9678647290024007,0.6905060817326653
0.9365935525802103,2.5321916110039413,0.5282346444004762,1.9851510397076755,0.5429910799693747
0.9144957416123981,1.932279552647912,-1.151547645968112,-0.2024170775635561,-0.748437647668007
-0.08262050241600935,1.0123519575676667,0.5019543353897256,5.104376669389854,-0.4143155533929685
-0.22682577268602397,0.9109575901777905,-0.26588488383149994,-0.06106248235749256,-0.21855999875606194
1.8739695946322794,-0.06719523456203971,1.1924866024303242,-0.6042688030067178,1.7162557247379115
0.27734954458434813,-0.6431423549082277,0.11982959160636951,-0.436561139127851,0.3650841971757172
-0.008491466115524147,-0.2633744443029706,-0.12827774092664104,-1.5850833998380047,1.6101608504690745
-1.0076369714398272,-0.9444797239433483,0.36218056407085714,-1.0260085168347401,-0.6961997734410951
0.10889479721590503,0.38224133334169696,-0.13642068524561216,-0.613634883131532,-0.11754905247742425
-0.7781768992909806,-0.22797500278459865,-0.8520252856160025,-1.1199330971792885,-0.39026056698412026
-0.5539064815657656,-0.2009625671527033,-0.347950915010965,0.15478290270922646,-0.08875155225787505
-0.4497912496877572,-0.5489245885773838,-0.7517306492745538,0.10778464323560764,-0.4804288543301312
0.8261288739496181,-0.24475761088194106,0.6885606520945499,0.8443808271998731,0.6094989634058589
0.398326885137905,0.25018862443832746,0.4975916541781138,-0.7301612037307124,0.9874371602358121
0.9013061627268153,-0.34510764046733183,0.602758935141696,0.570900800393494,0.6165325636522389
-0.22953294346949385,0.5242338648119397,0.1837800637824018,-0.2306645415517153,1.4069200992592341
-0.4798650829026697,0.2896642586209659,-0.7512616677013008,-0.7034538282784774,-0.3897365748006993
-0.7455849642245022,-0.8459556367476203,0.32765593642984536,0.4284859627006541,-0.6961997734410951
-0.7586220018481223,0.3804128099306064,0.21928379120445632,0.14166676699686692,-0.7169317398609539
0.8042510762765561,0.8027127963999987,0.7630388145092809,0.7755957269892464,0.9947168162074427
-0.43398907125426667,-0.32773315371665307,0.16306605808264493,-0.7889607664413559,-0.1421995909466891
-0.6043824842009847,-0.17823902946897768,-0.05208923766985093,-0.07668091707861736,-0.1798728566573323
-0.5582098243951412,-0.6281166917743737,-0.1692076452191851,0.14992954412647375,0.3585322885312632
-1.0248561475573046,-0.4566123768934496,-0.7081634078356291,-0.3512457402789801,-0.152854154408241
-0.5675934212047473,2.6099268931413966,0.4738546517077231,0.07243279727794733,1.6515211218047334
1.8852568106098009,-0.15819424797216944,0.7929127697402492,-0.2319720571029579,1.4069200992592341
-0.27428879660922545,-0.4790101894847075,0.053027984099680146,-0.15318202572408562,0.5099434580834049
-0.5872966296917935,-0.5919819050441467,-1.472443691957302,-1.3122548569324117,0.8509065428424427
-0.8028262220187868,-0.28166680069448125,-0.8088761036858965,0.23169915904349495,0.5251923997224379
-0.1752424051582092,0.2891663011596736,-0.9396171913367235,0.09605519900189902,-0.6741436149048691
-0.39784650465048604,-0.07550490508180081,0.06955618971689888,-0.08232328809657007,-0.19854513586992756
1.1434854121290614,-0.3782582765393749,0.92225447849156,-2.090487094072956,-1.0037541766076865
-0.8653764821637258,0.6571066685428483,-0.6263778543289064,-0.30435495516831,2.732745051511199
1.9113512940576176,-0.1325686244426119,0.6936006664932173,-0.5228411221318019,0.06549726736989572
1.5383685133309788,2.1304023447201965,-0.1886838469297785,0.35228094991249953,0.9947168162074427
0.7771828115258206,0.255108701619938,-0.8287858906721008,0.40305423017914127,0.26144660214100296
-0.7515234015071015,-0.55140299122577,-0.18667361976474275,-0.12972512264087863,-0.1421995909466891
0.3430285754777693,1.6453596901714722,0.18850549779315365,-1.1914946822037065,-0.20293887887826215
-0.6929616926531802,-0.7178525126079599,-0.019914535166777325,-0.7366313573922504,0.5881249644447311
-0.6168878889811955,-0.5051790048034771,-0.4876718048480997,-1.6253367914142398,0.40935016734854063
-0.30717229390567347,0.9348610356221803,-0.8836694956934817,-0.43428366066408475,0.41570745987892255
1.2191041675771577,0.36112776089642123,-0.6277984430151077,-0.6957372427464894,-1.2202330870717761
2.0001447784077473,1.532655723735751,1.470984698380993,-1.517994413877613,-1.0037541766076865
0.9334671575337335,0.9006226176860144,0.5741319697008304,0.8625625189553916,-0.9697330561614202
0.9496911453338779,0.05557892974443647,1.3575130901785526,-0.6592553935845985,1.0260436571260325
1.304458027616304,0.746545759550766,0.7585469801379207,-0.9410291346182438,-0.2787236309481588
-0.3548977054417578,1.1099319545137083,-0.4418452322830099,0.5398810518076241,1.0925505373866709
-0.23700106457925676,-0.5662303974373537,-0.06910060555559898,0.028068515122765657,0.5251923997224379
-0.6343652140673531,0.26860485940952616,-0.5652949024479106,0.3456265761541279,0.5676421200265624
0.2086712525936535,0.17796463377613223,0.38119373172052134,0.6672586017475592,-0.9827771844875074
0.6483087664781922,0.10871642069383833,-0.6662571943301767,-1.974199518408277,-0.09282795730700956
1.215384150139906,2.8022572769083154,-0.5135542947780846,-0.2729941002714582,0.2093659815529683
0.31269850665408566,0.797848938061529,-0.35795374525591,0.07658259704635684,1.4261399452876253
0.47562723339681934,-0.31075978884254485,-0.20266207832132424,-0.23577719613892542,-0.2624211874751322
-0.4955169523872737,-1.0549550129418142,0.18453100874591905,1.2097526558318914,1.0306054320885272
0.9715969907670251,0.887051816337885,1.666285500485709,0.27191026072585295,-0.13372693494960566
-0.2952863827148661,-0.8242129827075637,-1.4830539175357476,-0.14716048300497003,0.0891825834795915
0.06578289489270177,0.19703736549986373,-0.45308710344951425,-1.1806329734614978,0.8009386883584494
-0.21966799934493983,0.22601555053807426,1.0137786255517,1.930870054768067,1.0026398990370389
-0.6397507462938166,-0.18715786031122214,-1.0104246882907124,-0.13691665008050663,-0.4516596102302368
0.8157682995692166,3.1350628666500344,-0.037056376142912094,1.411480681444432,0.7056349931368437
-0.8033793461083459,-0.4050295617573023,-1.541177815641449,-0.8267020929578336,0.04657194173478246
0.34209895616817615,0.9073355933510397,1.565927762775868,0.4114982465626512,-0.2482474115750887
1.9367991878476063,-0.5042625129821471,0.645929477787777,0.4278260154075484,0.3554712646339844
0.10466701016757506,0.2702474407837713,1.1194137157845812,1.2315420212210684,1.0026398990370389
-1.1825491144304139,-0.5131350842794946,-2.1519774905334788,0.05434079973720163,-0.3937904083933048
-0.3752885480708317,0.2503942325733184,-0.9474286314533021,-0.40431724693510973,-0.5283545771841615
-0.928946141839249,-0.059224246240893084,0.4653137517534108,-1.6834805792465795,0.6067298636796883
0.3392562423703673,0.06726965360629907,1.5815708334199967,-0.8283954887607962,-0.47972077937901825
0.5641360700857414,-0.5442010842992131,1.6316248039520078,-0.06300048573342963,-0.1324177904709246
-0.7041238138505839,-0.09009842126009117,0.21425867207178642,0.8374455822619198,-0.909940766228219
-0.8230567838431979,-0.5671858890631396,0.31782712814193853,-0.02245886164508735,-0.1421995909466891
-0.1027723081456746,0.49067041737302136,-0.6688202056071116,0.2597759499877586,0.5007252752369679
0.24199511045471406,0.40699765951341293,0.3111419199730051,0.5448350119392023,0.6347579280255606
-0.2289350167110815,0.23314961930238579,0.44640062453617324,0.7185264736026512,-1.0215363880511559
0.4827010657242471,-0.6479536549283245,0.12275129716832812,-0.4504754479286267,-0.7285948294394157
2.433415009486088,-0.1450504719539219,1.2816337217178788,-0.4821427143166527,-0.6956403357111248
-1.2606139821913023,-0.5986530059725615,0.0701466269322739,-0.030952613283936455,0.7366762468566634
1.1898261790975033,-0.4107255090036639,-0.6229535009475828,-0.38090990957453563,0.5337337732649541
-0.027267544437687377,-0.2617066612504428,-0.7906349136311016,-0.44965395376298944,-0.6741436149048691
-0.08994423484435453,0.07721982381194933,0.38815287003177334,0.12566867158224299,1.5351022305155142
0.08346644026456988,-0.5830448875719787,0.027355175252524417,-0.2306645415517153,1.4069200992592341
0.41213098536587045,0.06493822299979625,-0.020054789543425842,1.3009660414940516,-0.20962692795163143
1.9403427347196267,-0.03670658564172573,1.0876949468970267,-2.5198566042194632,-1.0850331555886863
-0.7085723781684365,-0.31674299389591076,1.1543534857633135,-0.2982908972414932,0.8043705529267008
-0.49537668267027735,-0.24440381456096696,0.49177888225771305,0.09868754324335136,-0.48595802519986114
-0.36076106356793625,-0.6469128139543951,0.3203765096177537,0.2816077240903557,1.7317260338469023
-0.2656639653757893,-0.6897975474490665,-1.9324695546048274,0.8973774112437038,-0.5073049384131536
-0.48087155158751466,-0.897726674754526,-0.010365524445587204,0.21117385657675028,0.502901163646362
-0.040613817963195416,1.0029473505495548,-0.7057946925900394,0.5613336174687492,-0.21253776695815504
0.16483779349137467,-0.5868862661367479,-0.5742516130818603,2.281148271596479,-0.09547132566051501
-0.8681067198207034,1.1193461238934224,-0.17977994887356447,0.3712750076047311,-0.35734954420914444
-1.2140242417419551,-0.81355200805052,0.7153068665837496,0.0002206008482424025,-0.48595802519986114
-0.3597702580049641,-0.8029935882264839,-1.5221442643885612,-0.22538657801574927,-0.6584093033524757
-1.5385422346318263,-0.8328732639905745,-1.7147423105544708,0.7835264193362153,-0.7886514562079677
-0.13397249997052613,-0.8725931991381476,-0.3326191009690033,0.3832883693250053,0.5121076427745987
0.6918951209903632,-0.11357982139382886,1.5140417996060846,0.6988050449971662,-0.4922816559795421
0.9886054350651384,0.5926137021862538,0.5390015040099889,0.8568486486249385,1.5844210302273183
-0.60678596578521,1.2211360419825916,-0.22692702286232877,-0.32273799347993115,0.4956288075486976
-0.27917215930400285,0.6636279121666391,-0.07514317064665699,0.12892969314071204,-0.03511441492214039
-0.8591381045537553,-0.8738084668424797,-1.602739344250754,-0.2774664643233563,-0.5646524888103046
0.48208552097723617,-0.7207391375452418,0.6643759710801251,2.422086921946762,-0.152854154408241
0.36177036249458955,1.2784674956141846,0.46601983989486845,0.977605441447834,0.31960056193227865
-0.0027011839998762636,-0.45462107406275837,-0.4141248997750621,-0.5398369985751011,0.0891825834795915
-0.820201167190539,-0.778093952708825,-0.9941048789822269,0.4090577824564506,0.3891493825389971
-0.966486195970796,0.2629093947125533,-0.6494849624685688,-0.22002082113495455,0.4832680091695291
-0.7989499910844462,-0.21291849518320452,-0.25747237061705813,-0.29082471285609446,-0.9326654578676384
0.5336221371916094,0.5586691620322405,-0.4457615195696614,-1.305920981015479,0.27885922688330694
0.751071752664549,1.0829727861879954,-0.3165060604819803,-0.7782265286876932,0.46191250505334586
-0.4473570947304805,0.12292926359379006,-0.1707196860780079,-0.18492883049185738,1.4261399452876253
-0.7248626063120825,-0.13827070534543962,0.4526820444780963,0.15812960142780472,0.3650841971757172
0.3590144878084207,0.00830650322865621,1.6004349076788587,-0.2858017664506273,0.618669662595598
-0.09790093965938279,1.4986946714706368,-0.9666759228591357,0.10977130031302922,-0.28719143826198784
-0.2935361030225575,-0.5799462477798295,0.18093066846169295,-0.6234746010723895,-0.1421995909466891
-0.640718964163939,-0.544956723988633,-0.021268052632189068,-0.4809054507555418,-0.360981876750568
-1.3583604106955693,-0.7873994486123439,0.7671006551764549,1.325605957823282,-0.8442526446536726
-0.8872956915618574,-0.5422896913048338,-1.875563239567373,0.3649058797642998,-0.6584093033524757
0.3346361106343734,0.5702629042700809,0.2173269745013549,0.32851316439751055,1.3340390396748105
0.1995645068752926,-0.19873676501356663,0.7022750460958875,1.653486335319189,-0.1421995909466891
0.11612207416266764,0.4236062334797479,-0.1339049810336345,0.02049794273115236,-0.21657270740566562
0.33144864367619803,0.9839473232209999,0.6320378564997828,2.679483011383881,1.4197293172414454
-0.08155746352444287,0.49901574401839294,-0.2962855499287939,-0.2817318385551147,2.950937804309736
0.07269599991936429,1.2488840912871992,-0.05018423549472999,0.02782391319409378,-0.5800478941228149
-0.41910598341062494,2.348088290455434,0.2510595943210471,0.03361906962693429,-1.0043011582375723
0.4989062864031051,0.20690350985913286,-0.598203441320623,-0.2701487615771288,-0.16007267340218403
-0.42124390727598243,1.6913347883629175,0.20502480211706908,1.1550508243169562,-0.18427161554489524
2.284365537604832,1.1222360974359062,1.1653252938865848,-1.1199330971792885,1.4321877580695987
-0.8753269353983506,-0.5398684369458503,-0.1331737759137453,-0.0692847281674685,-0.47972077937901825
-0.05424136441928871,-1.0576438906316243,0.4890199708173555,1.4225414911004888,1.7317260338469023
0.32336530178474376,2.01947693433648,-0.38856269962986006,-0.0935117489804843,-0.766956775368154
3.9275820583620247,-0.14557623049827736,0.34395313418212675,-2.3856786322986796,-0.5766690306784131
0.48494923718382593,0.39554061726328504,-0.2948785895369154,-0.04616837014047926,0.4684445812850607
-1.2556830162310575,-0.675355597288843,-0.15951496480783095,-0.2638789825573671,-0.23080342556128003
-0.29241053752967916,0.7580975077171703,-0.07941395640373765,-0.2306645415517153,1.4069200992592341
-0.343686915738069,1.2799337391845431,-0.5726718753336669,0.2383016664156181,0.5251923997224379
-0.21196199819180614,-0.4584898447300253,-0.0006603074933106259,1.168410478810074,1.0306054320885272
0.7580625007238315,0.2168857950272553,-0.9633644131824822,-0.03174790234371854,-0.39623146961792083
1.138809998415012,-0.016953905119331696,-0.1537377070706196,0.3881428136190018,0.6552966158991417
-0.26866338642237025,0.363611976689532,-1.060573254881218,0.19524543415534065,-0.4516596102302368
-0.4233471745456,-0.14514419045864219,-0.6878028072806391,0.22839406323422512,-0.03930167090222835
2.4953945866267078,0.1353996512157671,1.0810321994785463,-0.11077504554578774,0.6957918129685049
0.45617843581426937,-0.13822147889725955,0.3002354525506609,1.0644348617548263,0.5510459132267105
1.3342640141590882,-0.4292627660586222,-0.019949273722774583,-1.8802749380637287,0.8869315906385469
-0.2994094882810055,-0.5737829808083479,-1.937289502810643,-0.24712375061548836,-0.09903076075714864
0.06592903969879996,0.45390989888554567,-0.3370732689611699,5.958061533895512,-0.16393272686058918
-0.520528656673646,-0.3181299226964716,-0.13836856122633528,1.3297114417662357,-0.6961997734410951
-0.1567997730848772,-0.9251803659242351,0.10828258042839357,-0.1833294069748359,-0.360981876750568
-0.3237597046964713,1.8809443545802018,-0.39484274745320935,1.2063574184669188,-0.5514924936740359
0.10059464492833077,1.0633744680425592,-0.9749266562007866,-0.13472780222183467,-0.5153218181843261
-0.2270865674170446,-0.5052311188568069,0.1785785332965019,0.8053252346172765,-0.23346016959272858
0.6075924987896536,0.059351993710136226,-0.4070723554977848,-0.09439841455900683,-0.4143155533929685
1.2458742698878007,-0.18145192356385265,0.4925872070272172,-1.6566449848624225,0.34214875501070663
-0.616269429336362,0.8055105108639313,0.23694771409768686,1.6974754445858535,0.03072669096888019
0.47045564612886376,2.0650936868150334,-0.35328910064334584,1.1147479849015687,0.019797758913520744
1.4686877162602137,-0.5232250457495434,1.2651319454052068,-0.27515148948046314,0.8897946545022678
-0.5424384817372356,0.6573479172252042,0.23211148134416337,0.6259289739512002,1.0026398990370389
-0.5784227776113693,-0.2947723848683187,-1.469019802600887,-0.1703039911871602,0.06112074554691287
0.19958514421826765,0.43164944302731084,0.6769669620211644,1.6978035668788451,1.7317260338469023
-1.3085557515965198,-0.6874384391035745,0.16047376787614306,1.3313682028888827,-0.6961997734410951
2.489311037451249,1.499513782468913,0.7403844037639257,-0.3725617935805243,0.8203661917869074
0.11257180465018195,0.05778945889537976,-0.21895247851606706,-0.8402673663130926,-1.3958144410590512
2.252904454818348,-0.36891037044456704,0.9729707887521943,-1.401706838212934,-0.026827513652491777
1.2454863644871783,2.574892247997682,0.39069440852289955,0.9940748723300546,-0.6635495763860096
-0.9087008292916312,-0.5967666826728643,-0.023401952418948834,-0.5437297209115936,0.3585322885312632
0.3003180445666881,-0.6038399811768822,0.7987016195635642,-0.2103697485071517,0.5099434580834049
-0.928946141839249,-0.45380782680919723,0.4723692633368553,-1.4553780269812473,-0.6970904263961313
-0.7763722765538366,-0.6177318939117054,-0.9895073845334653,0.3186102975416712,2.838729910828953
0.035339217784953164,0.5498951673754172,-0.0932408673399969,0.16340292659495548,0.8134757112945186
1.1501227919804733,2.328454811673199,-0.644274851263573,-0.37524535301894,1.3971926374751134
0.20408645397795483,0.07337874772283708,-0.9072392415390129,-1.0081181205786358,-0.6431177267399991
-0.4089157850433392,-0.29692630234611755,-0.3943659013243139,0.09297817439448344,0.502901163646362
0.8001626675477747,-0.15449305106878555,1.7322650150505927,0.40067631615421345,-0.36553178079888826
-0.16811676524826857,-0.05774772419259777,-0.19420536832210236,-0.4660391140186702,1.7663352661327292
1.2458742698878007,-0.18145192356385265,0.4925872070272172,-0.04009223921241538,0.9411733086173097
0.5255197371460785,-0.23672048749812408,1.559440808733623,0.4964181380327734,-1.0037541766076865
-0.9524602270323748,-0.2820627416023494,-0.15976394530868007,-0.056727198347493256,0.3585322885312632
-1.5750877133913517,-0.4989043144050799,0.05586540169166893,0.0940160882171346,0.6067298636796883
-0.18619408234645266,0.26057732342389067,-0.31517389829547765,0.35869132594848885,0.04230233705278891
-0.2900383900411258,-0.43751602515430904,-1.4228448807428824,0.3215712458495657,0.4465141541214999
-0.3614348572412188,0.41197537349886104,-0.7280271784293356,-1.7460969661429449,0.495688663707493
-0.5136565831333444,-0.6704387163824934,-0.48119345165256133,-1.0975701018591582,0.0891825834795915
-0.13375410577947444,2.542469639731838,-0.9090663584361985,-0.11764594990447107,0.542054448121409
-1.2315216153499022,-0.8760417158617886,0.26648498689073424,-0.9102417594312918,-0.7124301554492031
0.11146152314872688,0.18451366502781183,-0.005285566260692648,-0.051253027846289316,0.19423713986710492
2.9089915276082476,0.10791378727952032,0.8877507681671978,0.5797027265622882,0.8869315906385469
-0.27131288321622704,-0.2568836816293063,-0.5622401659435754,1.141719936919762,-0.14307402589221938
0.5659890559422983,-0.16901875452080078,0.4252850943997721,-1.0886249037311058,0.8481772357581528
1.2954455502989652,-0.4292627660586222,-0.019949273722774583,-1.8802749380637287,0.9411733086173097
-0.10330461912886924,0.2918496825189608,0.3045153316145961,1.5391757531138617,-0.27759355335794095
-0.08308716233926758,1.2590470221056633,-0.4541020403594062,0.42098781132702584,0.188549658939022
-0.8362897289443952,-0.8182811076926805,-1.8154181551834347,0.2435579435928491,0.5333960373968908
-0.15425898299697174,0.296744698639327,0.03465890054082938,0.2370004136384069,1.718890733292702
2.3411480396698003,-0.07385374879915853,0.8943410763390617,0.6837815502175576,0.1959985739855356
0.5706654636747044,0.09537188755543065,1.321669087661147,-0.6614916931166115,1.0260436571260325
-0.2302425261616663,-0.5429602840474611,0.4164206386846147,-0.4445706385113448,-0.7124301554492031
1.6623484689246049,0.39598339929210785,0.053843868202690846,-1.1288782953073406,-0.476987961179268
-0.6095592132817645,0.6036771988626236,0.09296537226120105,-0.28873659867351714,-0.360981876750568
0.6603947217618117,-0.028969817649397583,0.9832438652930627,-3.7905634885917263,-0.47791355809293096
-0.7309093461873756,-0.10772738885438644,-0.2880266528860423,-0.08336313675937404,0.6263513144383213
0.46125910604960885,-0.7066711093790505,-0.561027790353227,0.11043604173014067,0.502901163646362
0.13050074130036288,-0.2753598356927861,-0.7750877865828478,-0.40923710590553847,0.5500724982644013
2.368220886992641,0.8669441148368707,1.3019580226395266,-1.3927616400848817,-0.42469223714525245
-0.002871084187617944,0.9318385014387309,0.1942439637327463,0.6753246812383049,-0.13501180029231136
-0.9144557985284756,-0.9694973289129437,-2.1141486057906036,0.03688707750557858,0.33845121603931044
-0.9212892184305774,-0.2866031365487667,-0.9554085305173623,-0.5456513773583351,-0.6843719958279588
-0.7462611737637662,-0.5320430163109643,0.7851240212813406,-0.05379488976095775,0.5121076427745987
0.5891045296431696,1.6536638518290399,-1.18204375169178,-1.2317480737799416,0.8316947222208173
0.6635377139786621,0.22936643747980884,-0.5653162640218493,0.1052641813351312,-0.7962284433707862
0.24417670124765015,1.3240393158115316,0.35152449116844536,1.5141538343787035,0.9939286543846455
0.5236359365764878,-0.1599105692408396,-0.11479468227932145,-2.5153840051554375,-0.09282795730700956
-1.210201173430515,-0.7664959101972671,-0.08881548426950507,-0.5649620488750063,1.6515211218047334
0.5330216620382118,1.4031957671147868,1.2566516189533432,-0.15807650926027875,0.8897946545022678
-0.44931805858449014,2.002354834058417,-0.4502830749346934,1.017427013412974,-0.009056587937286963
-0.9514534925675204,-0.47740456601532505,-0.5297815860531998,2.13461727518389,-0.4357806741600837
-0.3521338205680382,-0.37585218377975793,0.5789250488456819,1.5996923318706926,0.45291993348442555
0.42142719567925135,0.1576066088394357,0.14471241926257652,-0.5197103027869836,-0.49950257107699414
-0.5098283182575092,0.3644349301670375,-0.716663982139228,-0.9380471184481719,-0.38884642343358616
-0.6947322607223715,-0.027432521491309255,-0.1504564685932166,0.7841989438019662,0.5676421200265624
0.6311802101998852,2.4821490019474215,-1.2233458651506923,-0.22756269165337484,-1.0003486454053856
0.8988212442646156,-0.6715937720923234,1.9471841039881492,0.3781415560303533,0.3574428395627976
0.07658959416991676,0.05660960311539264,0.2400226962407335,1.2615490748085063,-0.6404007921578065
0.28951108659038666,-0.45471536012246144,1.4819485205797032,-0.4937692282156321,-0.6954012454678918
0.19692264740772497,-0.5619274027972689,-0.22415266223723618,-0.7322507643155849,0.49295133121643725
-0.5162357979494587,-0.21432481523752955,-1.3113748495170572,-0.43741448000890304,-0.6584093033524757
-0.2207724023585201,-0.4658978700849944,0.48800597437524074,1.2904573433569246,-0.3632433694987979
-0.4137560940238608,-0.47681236468670035,-0.8205641510925574,-0.26002099657141003,-1.2287696119310378
0.3195728563460763,-0.28452309167880363,0.013932457543213355,-0.775095709342875,-0.6812985994285827
-0.5940015820325181,0.06134807052043795,-0.6934219419953446,-1.0286059485575252,1.6417224345355657
0.6520212801790757,0.4846579142239425,0.10015318137673895,0.15814606163646153,0.3891493825389971
-0.15351555549813212,-0.3348716163694219,0.3856228528679453,2.288045778474476,0.7441315153501997
0.9120253469855968,1.852689457242437,-0.023344713810616993,0.23948403947606547,0.4367084446214118
0.6777436251420387,0.15342816726363165,-0.5521490627085528,-0.26481153271395397,0.028145686713784132
-0.40382333186071834,-0.04637191716508552,0.2238296401434529,-3.82585553091509,-0.47791355809293096
0.0005792594847794604,-0.27867519080033765,0.4668067037536616,-0.19802169125084418,0.5121076427745987
-0.28200163860597494,0.7860642499315061,0.4392755751904523,-0.19904815882051272,-0.11754905247742425
0.4552571307604404,-0.12347964938390825,0.1809345605404358,0.9605309284901387,-0.1289488083963812
0.09932239052855703,1.7918446362112912,-0.6035463510357303,-0.6419396973507496,0.05604400698360865
-1.228543860791889,-0.9783402109824075,0.42178896595280974,-1.2272754747159156,-0.6961997734410951
0.603368260118227,0.294193917254314,0.30131041484605176,-0.25783210399700984,-0.4143155533929685
1.7907953468534887,0.8569540838482906,0.5528750345931955,-0.7733066697172645,-0.11843569272907792
-0.0227222182538512,1.172000333811311,-1.0121326500621024,-1.0438989130908447,0.495688663707493
0.6296888283884826,-0.7356877940071993,0.13470779463624294,-0.2717541997232572,0.36540320709466023
0.21581689910875854,-0.5885323928611932,0.0942543796031199,0.0015560176667622693,-0.7124301554492031
0.06551810342963849,0.897456598574152,0.48066951844685196,1.4787707594746364,0.8473124981791313
0.5062640822623652,2.1247604876022073,-0.9891033332863836,0.011757834657054309,0.7289718563614369
-0.333041344294529,0.4647396634321229,-0.4686496370360876,1.4405109491848025,-0.009056587937286963
0.7257505804378112,0.44264073738141213,0.9607839698288838,-3.834800729043142,-0.25586927883067817
1.2454863644871783,2.574892247997682,0.39069440852289955,0.9940748887011669,-0.11261744001980269
0.03782166381328132,-0.22066120387987845,0.04021254168560169,0.7227068901734264,0.3721291667483489
-0.5640280143503371,-0.5762211230982648,-1.7194521955819864,-0.41242270029079753,0.8509065428424427
0.23736404910738865,1.3066651866809662,-0.7203150322859038,-0.6664115520870403,1.821490542915006
0.25217500190336817,-0.45867811579334333,0.5768178641129758,1.3313682028888827,-0.6961997734410951
-0.16268664813590056,-0.8697562485620363,-1.8644794028715035,0.8036801131916897,-0.3164390300443224
0.8997065275924927,-0.581849757649299,1.1512816636540546,-1.1331428045536018,0.5099434580834049
1.0796084602514364,-0.28327410183948887,-0.7125837520956259,1.3661253474468287,-0.17318133937434682
0.19471843255448146,1.5478198516520818,-0.6348730162053393,-0.09587681934764429,-0.0905196496859788
1.4481854185708334,-0.2746577173071551,1.6414288866559759,2.641736196171768,0.5881249644447311
3.0830125386164497,0.0649570726598633,0.8007582425208086,0.25458086621238674,-0.5042648140126612
-0.2712310975688535,0.35789373178613687,-0.7479231704715643,-0.36710522272241247,1.0600105224786418
-0.3069855833639408,-0.20310886347889756,-1.7914533519319162,0.30784672994117523,-0.790627378232112
0.23132456482428743,0.36005503874573136,-0.1328480486137097,0.036282235790304776,-1.1044606590171444
1.679994558548091,0.40097036954944215,0.7769598503381558,-0.15989302120611784,0.362788930840681
-0.16140487656753777,-0.26666960846151533,-0.13191454317652473,0.15491289775358272,-0.9905385052119792
-0.5494305724147215,-0.52251706685007,-0.030100686101014906,0.4228076573057099,0.3176321405168471
0.5887410222088897,-0.40060281901801553,0.16103925981904593,0.8374430839638884,0.36540320709466023
2.335046699518081,-0.40939907501094475,0.8403314179752606,-0.8313402914739293,0.8879340977003823
-0.5831545501890288,0.3094116158462751,-0.35636919617287777,-0.2489628602454676,-0.07389752751011212
2.9089915276082476,0.10791378727952032,0.8877507681671978,0.5797027265622882,0.9411733086173097
-1.124833363932673,-0.8089256977241153,-1.7581778753684758,0.011366919526632881,-0.6584093033524757
-0.6042506392848951,-0.5347529468585414,-0.824820579413351,0.2513137926655657,-1.1044606590171444
-0.1713285852313061,-0.01891901383291923,-0.7370332438757946,-1.7997681549112585,-0.1540151632537022
0.2945301135357752,1.2607562459710842,-0.7189712940427535,1.8366895994368766,-0.2624211874751322
2.1949128634815973,-0.21234076239467242,1.6568649060428093,0.5390713313164587,0.80424615912183
0.5475543443967847,1.9024168826772454,0.8460839224136235,-0.4392035196345135,-0.06112342068250149
0.0022254724239226626,-0.8016746346626482,-0.36767925166581994,0.8061390328955323,0.36540320709466023
-0.044957210886610935,-0.8488719574946365,-0.11589741224800366,-0.009158431865291371,-1.0501441208398872
-0.3252236863684085,-0.18535089794425255,0.7100048770941457,-0.39341932400892854,-0.24512894383431616
0.9578489009096889,-0.6695962475408666,1.2122842223955874,-0.4777481614423372,-0.6970683565275249
-0.24934429038070316,-0.5216792670499351,-0.45503874180107723,-2.4591756814125265,-0.39623146961792083
0.16651566880349797,-0.5141135425576073,1.1155379824633291,-0.2643008073902387,1.0026398990370389
0.12564961481886883,1.5538961714482706,-0.07033613039841172,-0.5640913915782264,0.22482550069655932
1.33817189838987,2.0248775042328373,-1.189614161200036,1.0570517744823087,-0.3281877239616203
-0.7101164520180329,-0.4135983303283104,-0.7168599985632137,-1.021535917770714,0.8509065428424427
1.1022148651488837,0.09551285534037422,-0.27766743779462194,-0.8873579458499306,1.0600105224786418
3.761465556616317,0.5599996250124915,2.0824896231722625,0.14186211368226215,0.3211909068295835
-0.4067799772184707,-0.6764992495498969,-1.0407111363388752,0.6570351975372413,0.7119432807720742
-0.5609159979448936,2.833805213677152,-0.192683314371396,-0.29588238909924786,0.028015290037868477
-0.1910548926816409,-0.177274945624642,0.5949575301468001,2.206823234225896,0.08310684896991187
-0.23590785577211118,0.14963943132636748,-0.9134966570605505,-1.4553780269812473,0.021461358857693697
0.1791801173527744,-0.1093034022923752,0.016344673976458952,-0.7127679555324292,0.5502410318064843
0.46439426655633487,-0.07268242771327024,0.7415624331077348,2.455065550002128,1.6515211218047334
2.0247443863508803,2.4082089791907544,-0.5339186964440193,-1.2675288662921507,0.2756509033326797
-0.24160436898433574,-0.8033482199644678,-0.05244200256732411,7.013717708563959,-0.23346016959272858
-0.029300534954667702,-0.05289044660655555,-0.24041143058709102,-0.17515654552344503,0.00891865125849904
0.20366844247618449,0.14377226250227473,-0.49555563472130926,0.4074683820793878,-0.5406727405898867
-0.8681067198207034,1.1193461238934224,-0.17977994887356447,-0.3533233763700614,1.5788620984741653
-0.5916256045136304,-0.4170605664558255,0.045186419507462376,-0.32978690807518374,-0.20670881370652533
0.9102524406977898,3.1640030776304653,-1.0626884543437414,-0.0069658005111848074,0.6957647295159957
-0.8107357135799552,0.5854095081704611,0.11535751657257659,-2.3856786322986796,-1.0043011582375723
0.10875711960086183,-0.634134509830968,-0.46087764205852033,-0.30717425413840405,-0.360981876750568
-0.2204330329385191,-0.1248343425230913,-1.0102690723786174,1.409759228095629,0.49715229726641685
-0.5424384817372356,0.6573479172252042,0.23211148134416337,1.090970468354138,-0.10846529519431537
-0.2695288255855484,2.071895832309141,-0.0937345932812364,0.03162680504288176,-0.45579637302608955
0.11873389427692613,0.19342274380024602,0.38614940110044327,0.7748149402112322,1.589947860353408
0.18996701415098705,0.43617001985502585,-0.1308448615621105,-0.006539376378330258,0.3891493825389971
1.4152251368769437,-0.04564732493849929,0.7020826874166164,0.6686041288663217,0.17089075452659067
-0.27294333818530625,0.7729591628263194,-0.41362473963248186,-1.2004398803317586,-0.3903471744988015
-0.23218097495290355,-0.9654752917798454,-1.7682776711717383,0.7885007499434167,-0.4804288543301312
0.4908484287947111,1.713889237382336,-0.2590423104041785,-0.17060750228350366,1.1033544068532626
-0.03555269727572245,-0.23586744613440128,-0.030852836984659248,0.34398965027624956,1.0260436571260325
-0.012270647472543372,-0.5146502921869701,0.1301289510112188,-2.823993340573239,-0.13301986317433845
-0.25618462597271263,-0.566914840179908,0.015466381832410045,-0.07248171918969143,0.5121076427745987
-0.4776436841213357,0.00041112513545776174,0.5553321928948268,0.31203766153358564,-0.1421995909466891
-0.9081764758668264,0.8068009391235507,-0.5843520791669619,0.37603751740130165,0.6450605439612346
0.1825950965302785,-0.19798355117039612,0.2252036429687856,-0.3027697786325836,-1.4214080484212914
0.4624260165917354,-0.37556297581547277,-0.3251124436039863,1.0562045550716164,0.41570745987892255
-0.21177551583063514,0.19453857506376598,0.2595175581190161,0.3952490302327408,-0.5399982720296057
0.25734213947336604,0.0041715944231432945,0.29983632970319285,0.36727161956082993,-0.360981876750568
0.01215248807232218,-0.509512566653412,-0.05565676428661094,3.74004538677831,1.0306054320885272
1.440134014691428,0.21719129536124632,-0.021194765573989405,0.9426388881164351,1.1173831522719362
0.0005792594847794604,-0.27867519080033765,0.4668067037536616,-0.19802169125084418,0.6165325636522389
-0.021264293912261447,0.7432894085764548,-0.48362732489151233,-0.06117969575678382,0.6208351848545861
-0.34454530777341763,-0.014250236897193576,-0.1007580520571551,0.09352303002091095,0.4479612352789695
0.213082161474517,0.2006512341559245,-0.6384472134462542,-0.6588081336781959,0.5561607724721526
0.48009174717258846,0.3752231113884676,-0.5185390907958225,0.01330853917263739,-0.5153218181843261
-0.7809651667213142,-0.25592266069988423,-0.8170110174233259,-0.9141935402340872,-0.5153218181843261
-0.5971248869110528,0.2700787593149949,-0.5089269957565019,1.4405109491848025,0.6347579280255606
-0.04144354165197385,-0.6262223950116519,-0.1974394182235385,-0.12702193359596706,0.3585322885312632
0.38730358209596477,-0.41174493462989864,0.1614389424390291,-0.25886365745551154,4.521926226364707
3.2058889408569335,-0.48394064949328375,0.5990535103681298,1.0964811286315204,0.9411733086173097
2.524236147896428,-0.08634838403254498,1.2659446285581915,-0.5483809763502657,-0.16987119347537774
-1.3870462998581685,-0.2177746272446063,0.23934093582574406,-0.6328670591068444,-0.2562397851097021
-0.07223829891400259,1.5414458845228591,0.01848415491484838,0.49132066613901604,-0.009056587937286963
-0.3421084978459692,0.32565077326275127,0.33071921683099864,0.7203199654052987,0.7829631147707151
-0.4680054923657881,0.5116503299044287,0.6407097424899468,-0.5577273948312057,-0.8221551887117973
0.8329139247407087,0.594702737254154,0.14465448898622232,-1.3372251142388953,0.5305549507002905
-0.32941021832910033,-0.08196653384384214,-1.665258085109206,-0.17430862217594253,-0.362164788268661
-0.18794500389150534,0.21784088099390986,-0.08861288098594089,0.0951597167001987,-0.5457593437156739
0.10175257548759029,-0.09384679387770457,0.4828304079360189,-0.13940280170139194,0.8879340977003823
1.9429594081983914,-0.0005668078641809578,0.30278280158500753,0.32841919932806846,-0.6900111816487705
-0.15351555549813212,-0.3348716163694219,0.3856228528679453,2.288045778474476,0.7441315153501997
-0.3559522876845638,1.0261663224891469,-1.1795453791329231,-0.15918520363249392,-0.5283545771841615
-0.5844151880180726,-0.3154492961429159,-0.3685587622648878,1.5167903397295348,-0.23346016959272858
0.6042718484899915,-0.3189804071418258,1.5421351723192072,0.6509292191278715,0.29340159833499563
-0.22301380239879529,-0.645156329108318,-1.242847919422322,-0.37574947396032377,0.5026293029921685
2.560198412348391,-0.12889164936792263,1.836160446529337,-0.10294056482972389,-0.06703965023270962
-0.12379999974765481,-0.17799165712322806,-0.6076603814816898,0.33013754278437063,-0.4046606546616892
0.7958398228073533,-0.7234448343844875,0.704176758366548,0.8189143478653752,-0.10846529519431537
0.36270802544389436,0.336514946801333,0.8936589649655273,-0.42757476206804557,-0.47791355809293096
-0.6893092833613296,0.6996798060288351,-0.9312606566281673,2.4522153405941305,0.6353377636643941
0.4081107378872088,0.4282966097896237,0.2015648476405074,-0.7053231639440675,-0.23849444037856346
-0.6473138881276949,-0.20203247761984003,-0.36977716859737475,-0.20115060873361784,0.08720432071180677
-0.8299029087183323,-0.024037689092310632,-0.802489878550715,0.25754554905153987,1.1736058081540723
0.3316460433397146,-0.22597288038707014,-0.20056133201451895,0.9407948563512311,0.23515888069150248
1.5157342144306816,0.3063401885009608,1.1450256750606254,-0.3703673290875923,0.5410676574811567
0.032272421395335,0.1202118907766751,1.2824633221501507,0.36278301381699474,0.8897946545022678
1.5298032275690603,-0.041110928812811184,0.8084152400951575,0.630091340161682,0.6226713310442253
1.6535544915705787,-0.46864670608419784,1.3118398813842223,-3.9242527103236644,0.5099434580834049
-0.42095228808599944,0.58998334223761,-0.5184444191212911,0.03696780214895743,2.369082772498821
-0.5173251425312066,-0.5786986134225519,1.013326968990662,-1.1825494840756543,-0.1421995909466891
1.553753625371681,0.0808867239837466,1.0214757247249557,-2.7479591564847956,-0.16456991071860402
-0.820201167190539,-0.778093952708825,-0.9941048789822269,0.4090577824564506,0.1297421532943814
0.28484768125387677,-0.0580686546006215,0.43415735699533914,1.9021673352886166,-0.23080342556128003
-0.40232225860666404,0.4511871603377742,0.2323891928544556,0.6259289739512002,-0.2502036760459292
-0.12637654407768928,0.5577592432881046,0.28174918169597485,-1.1601864887555235,-0.6843719958279588
1.3943131662649613,1.4319362312726944,-0.28817338192674274,-0.9991729224505833,0.4762592262638905
-0.4421622559964531,0.5006685248380067,-0.415394165514268,-0.2942086122960269,-0.23587264030574093
0.8126652423473211,1.1892375720675672,-0.40541719485270095,-0.38776863039821313,-0.20976290308955278
0.44228043325217187,2.647620589543637,0.10208581618751322,0.7833362592586173,-0.17676568667114947
-1.051816355362478,-0.5590486461396541,0.2203729240951253,-0.2635408199262028,-0.1421995909466891
1.3734389314126645,0.859074275619476,1.6372871630550403,-0.6592553935845985,0.8879340977003823
3.2058889408569335,-0.48394064949328375,0.5990535103681298,1.0964811286315204,0.8869315906385469
-0.9739971607160681,-0.17002555296511432,0.9541324923149713,-1.70584357456671,-0.6970683565275249
0.6158952663806151,0.6674341248527683,0.266346313114441,-0.7604547888801699,0.13985388881436592
0.006382119735428544,1.4745838578242894,-1.0140617787342614,-1.1959672812677327,2.4950769772355574
1.9555306602728162,0.5596936860654494,0.10490721448313996,-0.9455017336822701,-0.11855406747887405
0.1801846042116771,1.67251533185489,-0.6665577872737893,-0.5351132925941009,-0.4792489523395754
-0.7841964454887744,-0.5620686469352031,-1.2024741341417535,0.29357885675344614,-0.11537634079154169
1.5241295181141865,-0.4503497577073111,1.4058341360391846,-1.3077822578683858,1.238362480955856
3.006346538703341,0.9084159451348013,0.8269283883613284,-1.4643232251092997,0.6439349806623226
0.9634890378657692,0.12504720229478108,1.0976777101869462,-1.053185776940924,0.5099434580834049
0.3337245193450258,-0.14886174413720882,0.3087668248039465,0.1266014067070527,-0.3050554921348715
0.13831186454952332,0.363566192510513,-0.21741621357020463,-0.5941278307858647,2.838729910828953
1.3933557053830568,0.674026876776448,0.846956942303734,1.4208156270628178,-0.3455883105937755
-0.6051199897352696,0.11723773650891756,0.5307182502052511,0.8167528308154293,0.6094989634058589
-0.7487932783292849,-0.8026708516368086,0.32908461706115816,1.3313682028888827,-0.6961997734410951
1.1362580923363659,0.027808918779494724,-0.6360764807577455,-0.6126319306988396,-0.3581547600213192
1.0156104002798896,-0.16859168526034213,1.936186536624047,2.0655861323244493,-0.35247207153716653
1.8753506574122882,-0.6835010615785845,0.8195540012211189,1.3313682028888827,0.9397762190561528
0.3449776614255532,-0.65653582457259,0.6349010470191415,-0.3025335194153841,-0.20670881370652533
0.45261904189573404,-0.350421943950094,-0.558606948620203,-1.1244056962433147,0.40642239864277024
-0.8491221263273118,-0.7556361340088682,-0.5203401532953879,0.21601007378203646,-1.0202953759319975
0.7633565469576604,0.5907765567410147,-0.0032647448022282183,0.3421082161471826,-0.3917950916361426
0.8625004527081755,0.13266315870390027,-0.5238001482539871,-0.5282082410086332,0.03009769971360615
-0.5701254761724351,-1.0030969000294616,0.3348964879435661,0.5349629114727183,-0.9697330561614202
-0.5001595380265763,-0.9759416256283886,-0.16777654767626765,0.44446708922556116,0.502901163646362
0.3497879856147637,-0.1810776332763378,-0.4325492685557686,-1.0872391731039797,-1.1044606590171444
1.4850078859629459,2.3266204157571035,0.3403726783017919,0.42109970374623196,1.0404693257876676
2.2883493809757716,-0.5731185904922321,1.3157482510903158,-0.40326211945406654,0.6181975011642065
1.1138929473716286,0.2262367751851213,1.0834980734151511,0.6237599300532941,1.6336181112698405
-0.25618462597271263,-0.566914840179908,0.015466381832410045,-0.07248165807191333,0.3650841971757172
-0.017618598967136294,-0.3958603838884944,-0.4165109403181455,2.2779565184091224,-0.09282795730700956
-0.4325084251317585,-0.08917843161990728,-0.3262582916978432,-0.5850311277819485,-0.15818118534505549
0.11561666419142548,1.5127943480301327,-0.04179830520504595,-0.5872302189618921,-1.123176994368965
-0.3548977054417578,1.1099319545137083,-0.4418452322830099,-0.21077116781949087,0.733196229847817
-0.08702665723748823,-0.6137623014562928,1.716125783870821,-0.7411039564562764,1.0260436571260325
0.8088888714123648,1.4702445938931832,0.0014229791988034917,-1.0707345074750012,-0.46946899101952805
0.17195746915249724,-0.6389276630122147,0.7817315213112729,-1.0773847315913077,1.7317260338469023
2.5089539898477073,1.087398507609015,0.1747360810687218,1.20268051916636,1.9347444144109387
-0.18832501142191538,-0.6150200402657611,-0.17759335767481627,0.31346004149273154,-0.1289488083963812
1.7988439268409762,-0.11578759330523718,0.1496959916644792,-1.4553780269812473,0.30587608997668075
-0.8668310909981239,-0.697127294272269,-0.6093462567008845,0.2187078724237632,0.41570745987892255
-1.3176704510005488,-0.3916735737408929,-0.18700488050908645,-0.43651996019609784,0.6214467877285345
-1.0597571181721226,-0.12636228842297365,-0.41074065669998977,-1.6163915932861876,0.2571150560351038
-0.42828502290571313,-0.11158120621088984,-0.7535349153161797,0.10135057295290473,-0.5283545771841615
-0.31980604155342135,-0.07926476383246289,-0.2958504266371813,0.998218335466809,-1.1044606590171444
2.1050088707852077,-0.195373901957449,-0.09204133075564709,-1.258583668164098,-0.07521486459153334
0.08533371609920319,0.6041612384905426,0.2444962882076943,-0.9007757430420088,-0.04014417141666946
-0.1028804467308106,0.7392195126969053,0.18320580071546483,1.0749679731747521,-0.323566594428253
-0.8681067198207034,1.1193461238934224,-0.17977994887356447,-0.21348649796638594,-0.5136033779605862
1.9890610314169688,0.5721069790920631,0.6971239656308643,-1.7237339708228145,-0.4189325030269783
0.9619418066057195,0.9831777269071901,0.326555246039594,-1.5358848101337175,0.7784230752848779
-0.8128788403902542,-0.3161799899521777,-2.0617005947383147,-0.1791107648017336,0.06112074554691287
-0.8285358215252365,-0.2950437647311825,-0.24021909178399595,-0.28277496115879736,-0.3806417825832876
1.866149469109228,0.6587467067529386,0.857180334530322,-0.2566751283631832,-0.6357276646764355
-0.7856742697290994,-0.0662428504555839,-0.8493545202146209,-1.048371512154871,2.2437667146337983
1.2630190504356025,0.22080213969979207,0.3287111368253824,-0.2578484720001546,0.4624149928642851
-1.023821898231386,-0.28468758745025663,-0.19055719758134465,-1.0036455215146096,0.6214467877285345
0.20038934947870438,1.563610345157832,-0.49735425197885125,0.014592648768598534,-0.39378522531810184
-0.3197797241641194,-0.3005273211700254,-1.1180996743078988,-0.026195256219197393,-0.207182814293634
-0.18020993438958569,-0.03440397401943425,-0.9115768499189855,-0.9315294437635482,-0.45627388472865826
2.8339798443519735,0.949663922291508,1.3127368956502177,-1.4419602297891692,0.3574428395627976
0.062147208222309756,-0.2811124146834671,-0.23725717067433477,-0.23382027758940807,0.6385964132032822
1.3374138518083294,-0.09669402252739656,0.7432415363904218,-0.7276861592641982,0.6859837650201026
0.28128601532819414,0.7094617388635366,0.11920652550958899,-1.7371517680148927,-0.4212548862134305
-0.21055764260786514,0.3036801542594804,-0.2207734661409595,-1.6070711098908574,0.4284953143163512
0.7630427475168801,-0.34981217902450235,1.3882852795612335,-0.8918305449139565,-0.5268650282492228
1.5765252928629359,0.7918353531796449,-0.22529321058571,-0.8739401486578521,1.821490542915006
0.9150953401775761,3.6367539366085637,0.3883331856867172,0.5041810231765324,0.4311128969498898
-0.08377210269464554,-0.03663023344713108,0.3130474636285966,0.5357805927639736,-0.24512894383431616
-0.24059133859337908,-0.5307111955944307,0.5547508420094004,0.06722769691781645,1.4069200992592341
1.7108383270289436,0.11299897083301544,1.8071346714716807,0.8810959061013882,-0.5207817699207002
-1.0342042455027771,0.6510126049919535,-0.644050363512929,0.1300581815333546,-0.10277193787783416
-0.12428153508843362,0.5044975193018837,-0.24543891554361658,0.1730926730744138,-0.316815722574395
2.7024757408232496,0.4597822612172492,1.677745537080634,-0.15433894994058006,-0.4196061356073881
-0.3588992121500838,0.6941924929612084,-0.6864862536630153,-1.0285996813987213,-0.19854513586992756
0.10678331071528407,0.25137268706531746,0.3333068562747382,0.6105063713631217,1.0260436571260325
1.163639651412505,2.0480281309894885,-0.5732131281134565,-0.06773427546377499,1.5788620984741653
-0.19458003898301718,-0.6910994664162351,-1.6684540336810307,0.36089701308004285,0.8672937546744337
2.539470770592577,-0.14593634282427317,1.24951133438261,-0.6224548004383781,-1.0767372257364263
-0.7563156280022676,0.6748461003595422,-0.6837735885281607,1.8178726713448614,0.5862162552022505
0.7922743913045578,0.06170882314569658,0.14403547963182559,2.193125104784627,-0.32450205590439835
-0.17866487646696938,-0.41206355280611734,-0.15967130238445565,0.10860949588808796,-0.025434102402769165
1.3838985127980241,1.7142208882843626,-0.646132356022593,-0.7317840148185862,-1.1141576911339444
-0.43440440330242935,-0.6722184704867018,0.3102771272008302,0.454594762939659,-0.1421995909466891
0.3903189693571512,0.7471419056816773,1.480166610538193,0.6558513328767395,-1.1066169854975465
0.5197500849759584,-0.350421943950094,-0.558606948620203,-0.0678882368952576,0.3095095928899243
0.08876500063130376,0.6003486169253639,1.5175919905787694,-0.15807650926027875,0.6067298636796883
0.21338658541195382,-0.2302992001489207,0.39675321519380996,0.7682762292362281,0.5844031820570631
0.3373264517799384,0.8317237883385554,-0.6392589559187777,-0.16767656537733422,0.5253933692835331
-0.7809651667213142,-0.25592266069988423,-0.7842656366972388,0.19313466233614063,-0.3897365748006993
-1.5547146648802448,-0.5092695971286211,-1.3310361212840334,0.529768783437227,-1.110169816353196
-0.7348537867797449,0.8823250647160692,-0.5662693995036581,0.29528352569404975,-0.23080342556128003
-0.4128804223218367,0.07845951756272919,1.408630946721426,-0.3586044219589588,-0.47846965190341506
-1.2041214030557859,-0.8891914957750265,0.2781364537420916,-0.6584909893975663,-0.24512894383431616
-0.38911256393701427,-0.3853188915832129,-0.987602496033071,-0.5789543084380847,-0.39623146961792083
-0.09687988396835295,-0.4694329390938562,-1.0418425775610385,0.3102340921595851,-0.07287077703200479
-0.006196565188872584,0.43054421508488233,0.34026230286489584,0.584318094952174,-1.0215363880511559
0.22287107936171358,-0.08680248389213666,0.3986912129735784,-0.21985621132868,1.4069200992592341
-0.21828311462848693,-0.7863581789673604,-0.11375659305363009,-0.2306645415517153,1.4069200992592341
-1.06492264867225,0.3175133378482805,-0.038317237808467235,0.936232523466436,0.4684445812850607
-0.7841964454887744,-0.5620686469352031,-1.2024741341417535,0.9762950693729983,0.5337337732649541
-0.7067023512190708,-0.3519305687654232,-0.7449655269278969,0.8009604747537998,0.0976393558591175
-0.2935361030225575,-0.5799462477798295,0.23168312773478641,-0.6234746010723895,0.6165325636522389
-0.23178344255880506,-0.5902907758810964,-0.0783565744929853,0.05152981144422138,0.5881249644447311
0.42878165457822864,0.7521573158294763,1.4529816536270557,1.254246607734078,-0.6970683565275249
0.0532680107039756,0.03415602814398566,-0.5901144226313655,0.8970997215399511,0.5026293029921685
-0.767960119816298,-0.6292737323911383,0.22087729729339578,0.18151246056093442,-0.9697330561614202
0.11612207416266764,0.4236062334797479,-0.1339049810336345,0.17200814561611324,0.5220591471642664
0.2652382326426375,0.3379940815732221,-0.5437121014661358,0.3938974859149785,-1.2160147326404704
0.49127612048334296,0.4647866904436185,-0.5568929982922729,-0.08275396904870921,0.388300528577533
-0.05002071359655634,0.4245851062615338,-1.266132131607599,0.0026647687826954827,1.6202227042017727
-0.7214925379790871,-0.4345846879586631,-1.567096672836645,0.9214390938390936,-0.5255871494177338
-0.375313000380493,0.025095502883219382,0.3227333137275015,0.8438035328205631,1.6515211218047334
-1.0744120028614415,-0.525669237522675,-0.2514782919583315,-0.2306645415517153,1.4069200992592341
-0.936216346191602,-0.5571803816727919,1.3412163797078651,-0.3193274092422246,0.5881249644447311
0.06681951700742783,-0.621254038875146,0.26765977070510655,0.07570390593111778,-0.23080342556128003
0.9478683316608066,-0.11674097772294824,0.5608444562685388,0.5016678234599935,0.5099434580834049
-0.8477325314572701,1.7626102543404567,0.46944715804578013,-0.20155635301704278,-0.1798728566573323
1.523066672121234,0.8893759244493513,-0.03231755303250022,0.42794116486109934,0.7322089376196418
-0.33648076359030993,0.6221218856322764,-0.7691875505994823,-1.7460969661429449,-0.3897365748006993
-0.6521609258131803,-0.5253022427668991,0.4522391017156845,0.3711853508881808,-0.9697330561614202
-0.22817169166335774,0.2997357009019606,-0.07821287862582603,0.24280470514489452,0.13746773599720413
-0.5024816850693644,0.13385148398501912,0.4181241889436154,0.4416429461908092,-0.3632433694987979
0.25110804581920004,0.8675505230186467,-0.1644717237142819,0.19635525676839755,-0.5366153958818211
-0.02720294824966166,0.6451481773430893,-0.11441722031121233,-0.12086940342915445,-0.5514924936740359
-0.3052348059658084,0.5348859276024918,0.19614769132702725,-1.3390904513165682,0.21948459249387886
1.9113512940576176,-0.1325686244426119,0.6936006664932173,0.3124754482690726,0.44564690860286404
-0.6825415731533391,0.2919815529256095,-1.635291313827771,1.435120241456438,-0.22054043507151244
0.34928951074471887,0.40292104884001284,0.2435586105039917,0.6784076882926723,0.4479612352789695
1.7719089308132399,-0.027648200411910878,0.06248556561642574,-0.666858811993443,0.42644762767931027
0.5957434292304084,0.7333150319565146,0.5580313511033682,-0.18891408285081715,-0.043598440245475455
-0.43190135991290846,-0.6562333440829884,0.11228221199605941,-0.4276456223268904,-0.23080342556128003
-0.3935140918212204,-0.4499818007165472,-1.1862685710594236,0.35938816028912535,-0.0738023930007418
0.991982185523072,-0.7674225898192869,1.1219043433141493,-0.7536360606082044,-0.47972077937901825
-0.3221495010763888,0.6808736679875022,-0.4529652947454427,-0.8090930514959194,-0.44834377966814193
1.019942788474075,0.3407054307147404,1.4835780379409111,-0.04817364680681743,-0.9905385052119792
0.2988865711825944,0.4358866882620695,0.10902084702486602,-0.4819341481891974,0.119293408077179
0.2936764387669276,0.26180449433418257,0.09927342590851863,-0.38195425161497915,-0.35089929071705767
2.2500402219962843,0.44341392111120775,0.9629940617340869,-3.822829575205474,-0.25586927883067817
0.6841892753830495,2.7894933714880636,0.8986174552186154,1.218098214475349,0.6820034976561842
-1.4452784608362113,0.060177106023240085,-0.7914611321171917,0.3188383437867151,-0.670069216207426
1.1531335673501533,0.24591666136201043,0.4891880387983241,0.21214798484885047,-0.4544700073620567
-0.9534420963477046,-0.561571506027775,-0.3110018394324415,-0.543415077826322,0.618669662595598
0.7323413762512448,0.3597473715507724,0.47971491452476556,1.7951622986088647,-0.09282795730700956
-0.23034911279739892,-0.3715863387434345,-0.05822509364671333,0.05317816133101975,1.0260436571260325
-0.48047124283373854,0.5534850590408319,0.7134450746422154,0.0387554214567543,-0.2229559153120623
-0.8527272574346423,-0.5125568305320499,-1.9124743831316324,-0.3622660507248917,-0.6584093033524757
0.5494815840138148,1.3399240498966574,-0.7931889158906967,-1.1288782953073406,-0.749841759460084
-0.6722949813091545,0.8070393446075559,-1.7363633701970855,0.09849416407379362,-0.5055744600792651
0.18394091316642502,-0.24117605861809904,-0.26957422398021386,0.44519767841751895,-0.09282795730700956
-0.5220377776997256,-0.8312994691206348,-1.5243579645917613,-0.8276836741971227,0.8509065428424427
0.3118607812020817,0.5970560368160744,-0.35282762898120656,-0.19920786495157164,-0.4046606546616892
0.45092627089273934,-0.36277218163448993,0.167907446504717,0.8591584259478777,0.8879340977003823
0.7995057715417759,-0.2740695428564257,0.5370348055662334,0.3365972052635386,-0.5015226328383511
0.6790054440936302,1.1508548044448985,0.5143173742641574,2.690636972877874,-0.6626575858631791
0.7558333406277297,1.525816191852856,0.8416487782185861,1.0220762027515418,1.0026398990370389
-0.2373661499762964,1.6531741292474644,-0.5896325497392866,-0.2062443207945197,1.398698404419558
0.9803314564613896,0.010112908621304638,-0.30618094785510286,1.749812510054114,2.838729910828953
-0.33592717439472697,0.7296764089939567,0.2626447398585981,-1.7192613717587883,-0.9453863963754253
0.16263956186321396,1.2722195155902258,1.14381067460383,0.25441191236314015,-0.2502036760459292
-0.23340272039632695,-0.2851984730291142,1.3686234653855067,-2.374356332177974,-0.152854154408241
-0.6812010522785036,0.8355993124884028,-0.8305706126547351,-0.5358116594174777,1.2890502813051368
0.2883005212326551,0.602523430234726,0.2673700323721112,0.06481184200002209,0.5360574629156194
-0.7665541811211677,-0.59025881565933,-1.6920174111209423,0.5071602955880047,-0.5055744600792651
0.9150953401775761,3.6367539366085637,0.3883331856867172,-0.04165695554931607,0.26557216280657836
-0.6648050075525802,0.6212435338638196,-0.4675105222480269,0.11776515760562503,2.8875257215331813
2.7468524207889295,1.5159674548940965,-0.032000250709036775,1.85049825459318,-0.08440646327805817
-0.1802744648575888,-0.6837707241007351,-0.46087764205852033,-0.30717425413840405,1.6515211218047334
2.1708080901781335,-0.1166025878263973,1.3282793814882554,-0.651651975175754,-0.44904403639247037
-0.5719040974476362,-0.21492022933145943,-0.1319836305066407,-1.3435630503805944,-0.27657382511075373
-0.2093102863276712,-0.41780304790311934,-1.8532808341916216,0.5018513165273785,0.36428617079043696
-0.8356686351882338,-0.8910700322296786,-1.5413545575255456,-0.7041751503497187,-0.320308780869236
-0.8490142136207972,-0.3836612151184665,-0.4242857098335867,-0.2469455568728463,0.6214467877285345
0.5320733016125498,1.5555429051852894,-0.14639160833099998,1.0670102851105119,-0.10862463295781256
0.498252323776491,-0.08962431321964472,-0.6575047040406317,-0.5107651046589314,2.3356813639312555
0.29065899424012376,0.9548013434113028,-0.09589061980091605,0.24322284925345397,0.5360574629156194
-1.279211223589261,-1.0034241746620642,-2.3718202414484693,1.6803822835275302,-0.5073049384131536
-0.5424868215098821,-0.6952346169897348,0.30947634660476536,-0.058323652878155684,0.6165325636522389
0.8731141699865049,0.05355916318898341,0.2630690235049037,-0.20447445493280178,-0.1289488083963812
0.628288852334948,0.37742619449529086,0.5775103344374029,0.8757101821301287,0.362788930840681
0.9530597226354659,-0.21121729105369813,0.575650681044307,-0.054588282170176076,-0.5168842645640547
1.4977668604559016,2.033172506694767,-0.13139156107485603,-0.4969000475604504,-0.1788554691537848
0.12699258094062782,0.0969959728252919,2.170540766034923,-3.8210570798025345,-0.47791355809293096
0.14217283681138684,0.2149418641578915,0.26599663781069977,0.597810988889096,0.5429910799693747
0.574508714323534,3.4556194675738072,-1.3050125506063015,-0.22756269165337484,0.9939286543846455
-0.6009181554903448,0.10045939335388276,-0.12752880609189443,-0.6869910556980249,-0.1289488083963812
1.0117580707425906,1.543580222418691,-0.7829451301625218,0.12932631384050272,-0.45579637302608955
0.5590362070633512,0.9586447477564338,0.06755345146670295,1.0310576079215006,1.5068655055937294
1.0435764554085616,0.13185482401465562,-0.08205147084770482,0.566298480669535,-0.308930426034988
-0.3940711569699606,-0.635586486978259,-1.1862685710594236,0.35899881797006755,0.38191715347516203
-0.10236526435686626,0.016289279644371237,1.2256460130234301,-2.4010918630848406,0.5099434580834049
0.15175684573985534,0.611163293062511,-0.003115124818297178,-0.7525906903566114,0.9138521488507304
-0.26606897755846004,1.3102738555087128,1.603657301652106,-3.82585553091509,-0.47791355809293096
-0.35550572014355025,-0.36635945213632914,0.07764495801538869,2.252980150916073,-0.09547132566051501
-0.700222394617007,0.3392900910634409,-0.7901987325366142,0.30989166013757924,1.380637226492988
0.8051861988537563,-0.9479380255095692,1.566839991045391,-0.17444371266694733,0.6210525396211615
-0.3644271613877,-0.10864178759744834,-0.89036435281214,-0.5013726466244766,0.7289718563614369
-0.9857993755940235,2.564226067953853,-1.5254251204367755,0.3857649018642046,-0.7065321502601928
0.2740330412543577,1.023414254594848,-0.41601106727470916,-0.5282695155736782,-1.0215363880511559
0.7409682197620439,-0.3581998452664727,0.996100549502823,-0.7455765555203026,-0.2502036760459292
0.702551933633551,0.19482068235333785,0.5426106705821065,-0.33174606686951663,1.2369642885303611
-0.17866394390453166,-0.41206355280611734,-0.15967130238445565,0.10860586272932814,0.8266209931850503
-0.8022027922441968,0.9187957723576737,0.02777481000774985,-0.2896495826890707,-1.0993214727574434
-0.44931805858449014,2.002354834058417,-0.5830756504383816,0.345767170065684,1.6417224345355657
0.16568941868692438,-0.5089260496175616,0.35152295861947974,0.5892859172084919,-0.9905385052119792
-0.28479389023275686,0.6807233298525268,-0.8061732275193446,-0.34934237348250097,-0.6741436149048691
0.6431790961218993,1.3485619262962332,0.6183381778365189,1.8111747054654053,-0.323566594428253
-0.7732401585715261,-0.30308596472606036,0.10202196919434674,0.8053252346172765,-0.6954012454678918
-0.8539619605478462,-0.4367358599452785,0.3752759923085606,-0.48571854990038515,-0.6378037370891791
0.05513295716137888,-0.5352855776664776,0.37259378000791954,0.6527636805309618,-0.48595802519986114
2.307993801734748,-0.11949925248146812,0.8256693297561936,-0.6331632513129914,-0.2562397851097021
-0.24118951538637876,-0.5003263868067801,0.3146169787250564,0.48569930639567327,-0.24512894383431616
-0.029128744652430462,0.1569647657744087,1.1266126235533662,1.9176946777471153,1.6981570949131002
3.4313626272056306,-0.031783504269300385,1.8422763288543476,-0.8336867570816171,0.34214875501070663
0.41192931062658256,2.2027516583088116,0.5560355572036217,1.4957951747019755,0.362788930840681
0.07617375969049056,0.22909387241048737,-0.1694445145306028,0.05502004486720988,-0.308930426034988
0.13779001157731569,-0.2752668944908356,0.9645903554316325,-0.9266949803600252,-0.13874010914109236
0.0052727999633771705,-0.3385366306171204,-0.3984812107525751,-0.9410291346182438,0.36428617079043696
-0.23700125941563802,-0.5662303974373537,-0.06910060555559898,0.02806844432128236,0.40935016734854063
0.4403090908464309,0.7382838616026576,-0.3372766664337739,-0.20849330415529857,-0.4634397369907007
0.7465417478345665,2.022690102873096,0.6612213350074535,0.42751562514311603,-0.6558476938303975
0.25415290892791564,-0.07807720916754585,0.28556969020767037,0.0005656506872023257,0.6263513144383213
0.21282560060228,0.13049389771247444,-0.7052565470292137,-0.8828853467859044,0.8078552514228273
0.08185408420244729,-0.5677880401091218,0.19939903942161355,0.9414461351394421,1.0260436571260325
1.2424744709792404,-0.11946883521390056,-0.7291219954630207,-0.07447024734451023,-0.09282795730700956
-0.7197684312504354,-0.5566328775470561,0.468155341472292,0.09900559140962775,-0.20670881370652533
0.3184423229073278,-0.7081441770094444,0.7281528193613267,2.925968194105853,-0.23346016959272858
0.032272421395335,0.1202118907766751,1.1783616549696225,0.7784645298825501,-0.2502036760459292
1.2311444415785118,-0.4216401064344906,1.7805912914308428,0.31330351362541103,1.4321877580695987
-0.9217670320717756,-0.34825615520616987,-0.42021603550349207,0.07580916278457905,0.5284085814838567
-0.17022461916307324,0.45374475702866307,-0.35127829696347257,-0.12198114806412412,0.1297421532943814
-1.5341769767928592,-0.4524645852377473,0.0701466269322739,-0.030988685251697342,0.9104253001617078
-0.750920740392413,1.0905101872118772,-1.6712954262604018,-1.6790079801825533,-0.028832862168110977
-0.923425016033544,-0.9597095600577876,0.47962600527045757,0.14504989186195988,-0.48595802519986114
-0.6961398853005406,0.23042908038891974,0.2030375096670259,0.22524462448566412,-0.4471817676468349
0.521832793166334,0.30964869376807735,0.5726880732634475,-0.1392448146414652,-0.6839311000437593
-0.3968903127001261,-0.3902490218807872,-1.339333036768865,0.2275674230528714,-0.362164788268661
-0.6971891741604913,1.0633629468537122,0.42386694347403747,-0.3605452278272452,0.48071442505421613
0.4253041917951821,-0.08149203188685696,0.2736781338962935,-0.5447568575455298,-0.08347428198472255
-0.028962278874167264,-0.597751482081055,1.5116002922486533,0.19231292214736426,-0.10846529519431537
-0.4765240434065698,0.4184913737586582,0.10765176755361179,2.4282695240332925,-0.4516311869146077
-0.5740250417908516,-0.2972076140284638,-0.96753606371138,0.10233981798032867,-1.0944663524580587
0.4074514232904942,-0.17108125639040367,0.7544691850032156,0.4832899404454956,0.618669662595598
-0.8420905141054147,0.48403278757310436,-0.19309327822717148,0.9386706438161629,0.362788930840681
-0.9452353023930385,-0.885857132988489,-2.257296782721933,0.5087370088721044,-0.4326561157925752
-0.9876623045098158,0.4472478868498989,-0.29354327932808566,-0.7451292956139,1.6515211218047334
-0.8456215957268601,-0.23717695404694508,-0.44704311181727596,-0.6292889798556235,0.7477539833291402
0.19495348594882977,0.8826332838359208,0.2862536118564189,0.2552892188658542,-0.308930426034988
-0.7380804594313901,0.06592129569071234,-0.8415064953694461,-0.7889607664413559,-0.9141045311739193
0.36807529844923476,0.381048272476558,-0.07296320945437601,1.2944513917933598,-0.15878610038003227
-0.12492966338122549,1.843462016155522,-1.4096772868925045,0.1829680074702505,-0.8774027576718814
0.7268474173521285,0.2636550643369162,-0.19997785141437152,-0.15902251778241203,0.19553276600116679
1.7907953468534887,0.8569540838482906,0.5528750345931955,-0.7733066697172645,-0.5440748442747145
-0.09155233389792798,-0.2760002404305969,-0.07350233715713024,0.2403023477248851,1.0230311200612974
-0.6488674245470615,0.19974289954370716,-0.9962472399440211,-1.589555998902031,-0.39623146961792083
-0.38538588405329544,0.03811059798780664,-0.879351756443363,0.13151513606637166,2.838729910828953
2.5285101226131284,-0.22213260159986956,0.8601693624016798,-0.37192092349941236,-0.20670881370652533
-1.0879633023400341,-0.24877594293079208,-0.3591311443763672,0.040249903735372516,-0.9919478836772464
-0.22456819995075447,0.11366421394764317,-1.0109766535708005,0.19128813483339338,-1.146710078544071
-1.0108969993895964,0.2031334626294856,-0.21802374871742192,-0.12120424088802734,0.3891493825389971
-0.5748666351289565,-0.2649328905696437,-0.4094808083053383,-0.7889607664413559,-0.10846529519431537
2.957108395117817,0.9834075134175311,0.45531164315605555,-2.162048679097374,0.022420896554136947
1.3374138518083294,-0.09669402252739656,0.7432415363904218,-2.734541359292717,0.3721291667483489
-0.3566208626386182,-0.2603751329822999,0.18313314436731154,0.29229214912877916,-0.3632433694987979
-0.6362352672754602,0.3113354312610435,-1.9227128663264563,2.3719420167752845,-0.7964646912824562
-1.2264000788914975,-0.5155229574760017,-0.10311796959436947,-0.9723373280664267,0.36540320709466023
-0.8198920335160894,-0.5743135359661008,-1.2063676189456458,1.060827912204699,0.6385964132032822
-0.05956879517065976,0.27745893326514554,-0.04556875541375273,-2.922390519981814,-0.4230314795326421
0.668019811308627,-0.6964440988642905,0.15620731990829628,1.3313682028888827,0.9397762190561528
-0.755175678070895,-0.4667903491035538,-1.567096672836645,0.7419859062251927,2.4950769772355574
-0.5525871224124215,0.4474973167763503,-0.7316656029752883,-0.10477085027277108,0.9947168162074427
0.3886514230836105,-0.7118769653054224,0.6743259960702275,1.9820561121886018,0.362788930840681
0.4907974967097838,1.1111948678381474,-0.5632970068754484,0.14779832497295042,0.7531229804555012
-0.20288033230355346,-0.2983651616658769,-0.6163739504682436,-0.13750250419136867,-1.296366442748065
-0.3644271613877,-0.10864178759744834,-0.89036435281214,-0.9678647290024007,0.33697437399841806
-0.3518070152230835,-0.6655622878919754,-0.4157131866516505,-1.8400215464874936,-0.3917950916361426
-0.03988113618813274,0.1890868824830745,-0.2358774848463843,-0.39253713337302004,0.8078552514228273
0.1044542708406188,-1.0549550129418142,0.18453100874591905,2.281148271596479,-0.09547132566051501
1.7806623822723728,1.3142745746734346,0.4637309643479933,1.1806242174382102,-0.2537798307399914
-0.2729715358091851,0.43992155650080345,-0.2489685886817273,0.45874180941450327,0.6565626238164562
0.138807088242581,0.6728548140126113,-0.7741402967902486,0.03404193645196438,0.49715229726641685
-0.2554709471875404,-0.10777762486502361,-2.072223323661416,-0.7402094366434713,2.4950769772355574
0.33042475694946416,0.3100640229093836,-0.8933188502937293,-0.6959307059096127,2.3356813639312555
0.01510713489996796,-0.4633283179027535,0.5344734525162789,-0.1409626369858338,1.2277224635440673
1.0363853450860845,-0.004152392289682391,0.5883339886414852,1.0198235818260748,-0.9697330561614202
-1.0058862680291427,-0.5684097058941218,-0.06320927719190303,0.2653898108652177,0.6214467877285345
-1.7863670311747222,-0.44608915171592484,0.8007585265982743,-0.7138211021657171,-0.47791355809293096
-0.585790942655258,-0.1986772674202107,-0.30065147128463604,-0.5103178447525287,-1.2512422556392175
0.48373238599539325,-0.9871125838029875,-0.5734638148343961,0.19391165039794928,-0.4062414925985895
1.328946520946092,0.571278278208257,0.45722386484973304,-0.5246301617574123,0.40536454971344493
-0.2324783357144163,-0.8672514449098782,0.6025431462368783,1.3199999418961479,-0.6961997734410951
0.9520496361901468,0.9416359326144413,1.1433820562246526,0.4951359049142039,1.4913824895906922
-0.7354898709006842,-0.9034157894556031,0.7069165624962817,-1.3330668145458622,-0.6970683565275249
-0.10154088600091306,-0.22739644742539478,0.27072013982676507,1.2706973345965271,-0.6961997734410951
0.8655850551839496,2.0292913295377204,0.31178395418268906,-1.1199330971792885,-0.3831207972940669
-0.5953722112537749,-0.5565176449971599,0.6836900094165382,-2.6853427695884298,0.29340159833499563
0.16476454216828032,0.5412050498908074,0.9175049938236841,1.510666817119641,0.908035400905224
1.4593491033258195,0.22316274432197225,0.318117624457254,-0.3059715824942259,-0.04666999748913445
-0.17015639732303306,-0.001903733344965263,-0.15467915944806646,-0.048277005921133626,-0.5585785934563425
-0.820201167190539,-0.778093952708825,-0.9941048789822269,0.4937170477941438,0.5337337732649541
0.48850303046250954,0.20418458776484924,1.838662858253678,1.0513448623173627,0.8963790328377182
0.9787252956993745,0.20452379505421814,0.1207129259614943,0.19085608472289595,-1.3653413863831667
1.1023098252738346,2.51216135642831,-0.041743884590730126,-0.5013726466244766,0.3868430812696581
0.44781646095113453,0.7953893763493395,0.2416361587088768,-0.006573084382535648,1.6616505227110443
-0.4049029463931868,1.591695993441773,-0.08046391668530004,0.13639138041089302,-0.14307402589221938
0.41486599557669307,-0.4104739269417075,-0.4290381736182597,0.04393822686036945,-0.5920045798321277
0.7922741144745173,0.6176983087621295,0.16559109012911497,3.516167690718732,-0.4665181492693055
0.12970114917832787,1.9747582753235624,0.31287619809549233,0.5836270417899653,-1.0043011582375723
3.2132903731787037,0.5978600676138562,0.8334090620183026,-3.834800729043142,-0.06703965023270962
0.03570096639991347,-0.5898750665380058,-0.018415996011291392,0.4649563996089731,-0.24512894383431616
-0.07856590594815475,-0.8271194491192434,-0.037213668082705535,-0.6189755268013082,-0.2562397851097021
-0.17582970440007975,-0.5039391154080896,0.3862020860052672,-0.19802169125084418,-0.1421995909466891
1.5114028353704043,0.2041662168655533,0.5300172711906064,-0.7066649436632754,-0.09282795730700956
-0.38082988554723407,-0.4921244785668883,0.14740785716317178,-0.4773992678974653,1.7317260338469023
0.3049518909500252,0.2187905512550312,0.8552228034010182,0.45652758543436345,-0.08830396863470401
-0.4490604574349836,-0.37918538808711266,0.9355489036211247,0.17038063101729567,0.618669662595598
-0.06630753481092376,2.1178511658666834,-0.5937648838620888,0.1374221152709024,1.4261399452876253
0.7866735478289654,0.3202301910742126,0.5180029720013839,2.206035366702737,-0.1421995909466891
0.7462866617645075,-0.2816676492401679,0.4976385145734703,-0.7317114984218215,-0.4301453338466807
-0.17064156238179073,1.6828073898501261,-0.5543954431078149,0.2383016664156181,-0.10094716101444622
-0.44505544718250556,0.053077294267114966,-0.6465827119025714,0.841122770702143,-0.4408443714373934
0.15175684573985534,0.611163293062511,-0.003115124818297178,-0.7525906862984811,-0.3704204238911176
0.013950432774017826,-0.6665124593075016,-0.8530956430704314,-0.621685561446779,0.8708075452700865
0.37652869796440186,0.9781343166634762,0.21484052748210897,0.22672922421746894,-0.9819402850382049
0.7246551116135467,2.9306306004084366,-0.03669092132593296,0.5922305997275843,1.6417224345355657
0.12398433577796875,-0.02279647842808241,-0.4290381736182597,0.30874631369954875,-0.606813628862807
-0.3807461280657624,-0.5298496660755727,-1.099502521878522,1.287010051505879,0.8672937546744337
0.3346361106343734,0.5702629042700809,0.2173269745013549,0.32851316439751055,1.5963374217068276
-1.050493001613246,-0.11096739211347344,-0.7873226925535362,1.1345325685660383,1.0481426178316764
0.3030273518737896,0.6128839887189135,-0.003810432482963526,-1.6432271876703444,0.12147397797385315
0.8907156909095956,-0.053613880548121544,1.4478935823621113,0.05964913302333707,0.5881249644447311
0.1684668949190376,-0.4904242440855408,0.2793974512195787,-0.7522854541163417,0.10362630930644978
-0.8008084655655802,-0.8886182098274042,0.6514881127036404,-0.9007757430420088,-0.7124301554492031
0.5445670737362553,0.36467584447352025,0.011485017050588358,-0.05159630891895161,-0.2711829253117609
-0.25608595156106473,-0.6909090770438094,-1.1326681392442681,0.7339891475656919,2.4950769772355574
-0.5751167245643621,-0.28471650839051527,-0.9685579411732681,0.10235964329074296,-0.19854513586992756
0.9509581267442854,2.7397817749635545,0.8207821398534868,0.9514338059650616,-0.3471915527912302
-0.4709078799469185,2.2096461710446493,-1.1508959822125,0.3723085945270272,-0.6857052165269375
-0.7248626063120825,-0.13827070534543962,0.4526820444780963,-0.647179376111728,0.5121076427745987
1.283956101854324,-0.05593966349855906,0.6913956560682852,-1.4643232251092997,0.0032816389853528383
-0.5837787231811138,-0.37869287628251086,-1.5201962208289181,0.7882252730284274,2.4950769772355574
-1.0144885804945656,-0.3969270178639595,-0.19035128913678476,-0.18695820373138675,0.502901163646362
0.22840855201054017,0.07642856669220366,-0.37557359250639777,0.5415920376604477,0.7297937917710405
0.36646342728617565,-0.9113801633541984,0.273515990234954,-0.1425794133533477,-0.1289488083963812
1.453805431994415,0.5946594018936978,0.10627814268115277,-0.0951471884728229,3.690309501065895
-1.3176704510005488,-0.572861651846607,-0.21259168420136162,-0.1098442787405785,-0.1289488083963812
-1.721343638382748,-0.7907806154897852,0.020721647636928495,-0.6905635870327813,-0.6970683565275249
0.1018047170377732,0.45579437797934425,0.6935278093922727,-0.6458375963925201,-0.20670881370652533
0.04538642275477256,-1.134334652401597,0.3699814855980911,0.644460359245393,-0.48595802519986114
-1.5214747634709942,-0.4052395809304533,0.49022156179954485,-0.13985945738684968,1.108735776481721
-1.5415726357114603,-0.3918654271306028,-1.9810751963867064,-0.04846274390052212,-0.5549721762909336
0.3003180445666881,-0.6038399811768822,0.7987016195635642,-0.2103697485071517,0.618669662595598
-0.7048309580877823,-0.2643572801688363,-1.188259065348388,0.16913002857665718,-0.3917950916361426
0.06762042157627335,-0.39000159923783856,-0.8530956430704314,-1.4240698335330646,1.229555934598118
-0.07958645413074744,-0.4745345259453063,-0.2077843214593198,-0.4247144244100368,-0.3632433694987979
0.9509581267442854,2.7397817749635545,0.8207821398534868,0.9514338059650616,1.6336181112698405
0.13467784349955236,2.0842919333288044,0.08366216164268181,0.40277890897302954,0.40234298406609825
0.16450636904696322,-0.383178529810852,0.33141702144063917,0.5778091090767812,-0.360981876750568
-0.7290459083845425,-0.8374854993383506,-1.5249904094815796,-0.9331179246852963,-0.320308780869236
-1.0264695439808655,-0.410436068048388,-0.12843312675751833,-0.3794613265522996,-0.24512894383431616
-0.45105886529876155,0.16915711865889113,1.1766478478557314,-0.4824425194277978,-0.10846529519431537
-0.45458268988768724,-0.5605272880011398,0.17634865300803396,0.6695407557679677,-0.24512894383431616
-0.9671705597497678,-0.7783612776780681,-0.3881649601439512,0.05831415576492812,-0.3632433694987979
-0.49661659944084335,-0.6577738376401097,-1.72250746464254,-0.3811912876085711,2.882986350831241
-1.5508788913215208,0.02239298346289116,0.5897362732902409,-0.2646705724675526,0.6067298636796883
-0.4236877509893207,0.28538137637517047,-0.7158126252465722,1.036502516968228,-0.17426309732799516
0.1620710766113128,0.5561996875203953,0.2593040713103184,0.4942053482400319,1.4918646827805409
-0.9699167309659066,-0.3625590326129864,-1.6331008074334747,-0.5850102491217649,-0.320308780869236
0.12470089978136582,-0.8097888867424711,-0.43284866650801085,-1.0188426114338094,-0.360981876750568
-1.0597571181721226,-0.12636228842297365,-0.41074065669998977,-0.8023785636334342,0.35268410774259057
-0.7392169298738458,-0.2918546844557739,-1.9357193338252372,0.32505958612907765,-0.320308780869236
0.9120253469855968,1.852689457242437,-0.023344713810616993,0.21220199937142192,-0.564488135167579
-0.5931699232508806,-0.7719967181064319,-1.3585951232043587,-0.3051631977759903,-0.09903076075714864
-1.2393466905255377,-0.9689213738792471,-1.6302882901032067,0.33686114427793995,0.06112074554691287
1.0812715984955539,1.579443529351413,-0.1959803583645299,0.013532618564607198,-0.08667899096059145
0.2773503462564749,-0.6431423549082277,0.11982959160636951,-0.45323638759130486,0.6165325636522389
-0.8170778667317212,0.5241508885762108,-0.19289042976067064,0.4078932914824394,-0.11754905247742425
0.26405620980472394,0.5117044254097844,-0.9418448513551541,-0.009598914399608905,0.04230233705278891
0.24010614545401235,0.3965730626874797,0.3301236102892184,0.7163498211498611,-0.48595802519986114
0.39906702245300896,-0.14608363045502268,-0.10018503596421476,1.2172254380470742,-0.7149523067213489
0.002329992371730707,-0.6769900670127981,-0.11568836782898402,1.1228736914002182,-0.7420253476620841
0.22491513107206992,0.9317037179963543,-0.31677126680604606,-0.775095709342875,-0.3360472723209865
-0.9197931669543737,-0.8231694748564601,-0.2804761432144477,-0.3949446697178112,-1.0043011582375723
-0.5363454129370795,-0.5762961814062356,-0.9832221054422057,-0.5004781268116714,-0.6584093033524757
0.33024892782245674,-0.3141405221674746,-0.33516568798600926,-0.06576969546366092,-0.9905385052119792
2.1050088707852077,-0.195373901957449,-0.10140544898538581,-1.258583668164098,0.9616705318892673
-0.343032928192425,-0.20995128441663502,-0.29828923432957627,-0.3446741741873609,-0.27669470780016453
-0.42967114875237156,-0.12825948497875295,0.8118693024859918,-0.19085924629825685,-0.3632433694987979
-1.441627247210908,-0.648234265524547,0.6677707218011143,1.325605957823282,-0.4119244837646645
-0.06947433538403047,-0.6261432183101845,-0.2112475163138547,-0.4805376423120978,0.2787809791673398
2.0414426211140495,0.5761812145991773,0.31858377429915863,0.1485624611309104,-0.4776761398094409
-0.09242012549627765,-0.8260860110893029,-1.908259897360519,0.9106212480697109,0.8672937546744337
0.6807182678123719,0.47826445394699163,0.9295042952715495,0.12191245874994505,0.9766399218592895
-0.7586220018481223,0.3804128099306064,0.21928379120445632,0.9716479835563608,-0.48587191927310214
-0.07226619795071769,-0.801656650383504,0.3702968845234908,-0.3422090125844135,-0.20670881370652533
0.07215720520153138,0.8149900134976381,0.21260799219896231,0.9862745658068838,-0.10094716101444622
0.07721318344805077,0.44310003604473425,0.13808286434421352,-0.9947003233865573,1.4913824895906922
-0.5097946329348694,1.7055227191015385,0.5228494093096672,0.595237591839944,-0.11754905247742425
-0.8033793461083459,-0.4050295617573023,-1.541177815641449,-0.8267020929578336,0.04657194173478246
-0.6247718351106595,0.059206644549212484,0.47846585672779884,-0.8963031439779828,-1.358780867146037
0.27970623486396046,1.7250654307902527,-0.055501077238586195,-0.04135663155276338,1.5325150400093697
0.2042537168711397,1.8307715106140467,-0.6460812231659305,-0.20234296870801166,0.06068787516947956
1.7777342774533784,1.222398426826071,-0.8727592656988983,-0.663280732742222,0.00891865125849904
1.090838138196049,-0.5625574237425414,1.3828712064978554,-0.33798860281560245,-0.062482556757494596
0.08826337874368573,-0.3734348487792185,0.18055445088789313,0.7167873823250954,0.5121076427745987
-0.1993576430225719,0.39699810850599127,-0.16726264055506482,-1.1467686915634454,-0.21052874013110057
0.6520448885202895,0.04718272101237575,1.4662334977263647,-0.3152330853350673,-0.9827771844875074
-0.21531336370464496,1.3738367207073834,-0.9978338369365284,0.05775575861165278,0.6696935268531992
0.20350006448257238,-0.14037026607822153,0.2450992142400016,-0.27973907677253884,-1.0043011582375723
2.0538529120512568,-0.4628871755178006,1.1193390496471194,0.14622953897683866,0.017692761597224816
-0.60678596578521,1.2211360419825916,-0.22692702286232877,0.38769589511726726,0.1297421532943814
0.5390463905542557,-0.3799349070228978,1.8039192346247943,0.32989598856054464,-0.5321800082199019
-0.5717934216428264,-0.8612460969726496,-0.24415377280240536,-0.07284839142479381,-0.9697330561614202
2.1496526739548267,0.9466132950097755,1.521955121574382,-0.3310657153980987,-0.17627533064081005
0.20425181539188075,0.2247034526629217,0.23666382808159758,0.3520924898326703,0.5349850679365312
-0.7758778208361459,-0.3924674332159968,-1.5496326997858632,-2.050233702496721,2.3356813639312555
-0.826400547110794,0.397305500210813,-1.1268430314490983,0.3845292606588383,-1.1216048506227276
-0.7085723781684365,-0.31674299389591076,1.0777295444312784,-0.2982908972414932,0.11013658615330592
0.1824415859551205,-0.6445304610242859,-0.2786872437975002,0.23320937265346287,0.6214467877285345
-0.34872068766016195,0.25649193170265766,-1.0465910267103624,0.5138450099136821,-0.8580008352274896
0.6058154044501081,0.6629309002258501,-0.44304117449268116,-1.2253158873323502,-0.4804288543301312
-0.2141865229511714,2.577573096245068,-0.4751823928126839,-0.5842031466974481,-1.0341484819796805
0.43068632665614104,-0.3454887747205584,-0.6889227687420991,-2.993952105006232,0.5500724982644013
-0.33202844604349085,0.07598564540401015,-0.5787735206193846,0.40059244221943713,-0.25480524365030444
2.5500503959403127,0.1382496819393353,0.604077890872506,0.1485624611309104,1.1084013845331435
0.7372992216219051,1.8009876335467119,0.6282397822462047,-0.08944478727585092,1.13587368946048
0.14509485709559214,0.20959277042034744,0.42873939018006213,1.496834581297555,1.5068655055937294
-0.008724170131791291,-0.33165067487802613,-0.9253894002570002,-0.13019435817840241,-0.6741436149048691
1.253916367815186,2.4709166618576375,0.08554014445381955,-0.34118790253238407,-0.11506017320416162
0.41987503802756926,-0.5385246507044038,0.6184164208628794,0.37439911666963893,1.0306054320885272
0.2947735568162673,-0.44382665077098493,0.15521381102995027,2.281148271596479,-0.09547132566051501
1.575027957958634,-0.21121736530531623,1.3016195207324837,-1.3077822578683858,1.70940804641494
1.518110283801568,0.53289172651397,1.4098016421384485,-1.9115831315119114,1.4321877580695987
0.16265466754527436,-0.08610251522261719,0.22763089770825223,0.794798903227754,0.23515888069150248
0.47045564612886376,2.0650936868150334,-0.35328910064334584,0.8539154892558001,-0.2997190982234968
0.07198325804005823,-0.03125736213086237,0.02694163219099331,0.4732146661566158,1.589947860353408
-0.17368896476082393,0.08266018802504314,-0.15587367522443746,-0.08244935052692563,0.43949777506047166
-0.47875594800571514,0.9164631561168133,-0.7030368874246725,-1.1699612610604424,-1.0202953759319975
0.6098934364906679,0.21924277858609859,-0.2737662578240624,0.005773850875369334,-0.4634397369907007
1.1348944560847924,-0.5105990216917573,0.02648953544878767,-1.1691316868835757,0.2739155763155366
-0.28720956313164897,-0.6005537026989904,-1.3452263415848327,1.1838322776331962,-0.3937904083933048
-0.4263758786000125,-0.48030461984042355,-1.1600612908135477,-0.2768845949570718,2.3356813639312555
-0.26790386940520045,0.2368646641383956,0.4823763247995469,-1.0707345074750012,0.4155541411704997
-0.7961968198398951,-0.45321112201341,0.4664731649666417,-0.1912442771557909,-0.965959610217697
-0.983188527912543,-0.3489206848971828,-1.1158928901194303,0.9115841103028216,0.0976393558591175
-1.0017991494818026,0.40359141501246054,1.0721421621859317,-0.6037951651906746,0.8897946545022678
-0.9002843799587975,-0.9732752269295173,-1.491609540651729,-0.8068511626974605,0.3876855817840989
-0.8558301207333416,0.09425779121967887,-0.18123386734846886,-0.2816945617848769,0.6019801604420929
-0.9629391090272232,0.021873818322937555,-1.3133427207725756,-2.8553015340214225,-0.5802903282855336
0.06498863676316352,-0.8337719727070196,0.037215180207333734,-0.2297776471055496,-0.37696698226439446
1.11166564672274,-0.20783796132857646,1.603489441439435,0.46912434542960485,0.6210525396211615
0.9360213674092772,1.1983135210687805,-0.42028293761993146,-0.9812825261944789,-0.10094716101444622
0.7838833734286722,0.1920444878579381,0.5678167861730451,0.8984350481148974,-0.11754905247742425
-0.17669001033673856,-0.050004242880049184,-0.7385786722533905,0.0766498123599308,-0.04887063090272325
-0.49832053695160833,-0.4430070273551229,-1.539147367283451,-0.7598454429176636,0.7259890801801252
0.4005101817802764,1.2893993477203798,0.6267181763622965,3.122431956975788,0.23129329485348823
0.372344454492256,-0.37556297581547277,-0.3251124436039863,-0.9812825261944789,0.5251923997224379
-0.9524602270323748,-0.2820627416023494,-0.15976394530868007,-0.28371097437275916,0.618669662595598
-0.0016208379389562983,-0.6666883262125932,-0.12088402341667655,0.02404521482259936,-0.1421995909466891
-0.06862271090684569,0.6529643346294214,0.2129261030798087,0.45056747179944,0.2890678786814307
-1.1825491144304139,-0.5131350842794946,-2.0617005947383147,0.8732854277456741,0.5333960373968908
0.33189043380074346,1.8430065430191853,0.5181807894665338,-1.017063318706688,1.4913824895906922
-0.36962305107163074,-0.1104265035197702,-0.25101481377380513,-0.4070275804278222,0.37768692812968185
-0.09650265923968199,-0.17987596812711382,-0.4369693171115178,0.6872382944805379,1.0600105224786418
0.0061942577032980135,0.12477021368281013,0.017250662712026906,0.47687494176483425,0.6208351848545861
1.2427693690731447,0.6590193704673367,0.11004937021924951,1.216058679204245,0.5337337732649541
-1.060504836255,-0.4736684867556564,-0.12503033258300686,-0.08050949942255675,0.36540320709466023
-0.7455849642245022,-0.8459556367476203,0.32765593642984536,0.4284859627006541,0.9397762190561528
-0.10452417914313686,1.1985599714713175,-0.4452934587230973,0.4429799448472575,0.13182641830986522
0.13726993800241413,-0.017783823841255368,-0.49222364175366146,-0.5489620862404945,0.0891825834795915
0.3176288062210794,0.16294875431703437,0.17261933499544607,0.8975675390918235,0.36540320709466023
0.03980973814446135,-0.10368074258832002,-0.1133935118393621,0.1873636600900924,-1.0215363880511559
-0.2605808601344782,0.5240599067816859,-0.29633422233988155,-0.09520682626381761,-0.4991962680520971
-0.31581789385773373,-0.2625358323955537,0.12264247993009436,-0.4309333765692606,0.502901163646362
-0.7113297215837362,-0.1668346762985105,-1.8594981641648622,0.04208683357031392,0.5333960373968908
-0.5755591722216932,0.20306853495322688,-0.7963142903591262,0.40813764183183204,-0.9004316623865194
-0.5497906171895468,-0.7428160541372997,0.03129057842266787,-0.4230587788731213,-0.1421995909466891
-0.917292537486445,-0.7549123275615444,-0.9908729535598126,0.1238313570176733,-0.826384578077406
0.7915619253102834,0.6846091432469591,0.019452503031603726,0.3936585911775683,-0.41909317835827015
-0.191668545579995,-0.19218340868519307,0.0599295447708098,-0.002766874142744619,-0.1798728566573323
-1.251299216409578,-0.29349377655455955,0.2850625207034588,-0.43294188094487696,0.830252824138551
0.2695067100095095,0.7099845711695985,0.6368091269239687,2.1745032125851487,-0.555175831372484
-0.7917088118805952,1.7262404313010953,-0.1661183991546009,-0.196689189825185,1.6515211218047334
1.5117817360888404,0.6473532077220716,0.2807504928412239,7.915391531481145,-0.4189325030269783
-0.310380063370389,0.01047749366931152,0.9019097484873334,-0.7478128550523157,-0.23346016959272858
-0.008428225740296313,0.6036853583261317,-0.7752238885304238,0.05305629608752896,-0.6857052165269375
0.2516622237945306,0.30489963818010707,0.30550349253536097,0.47724336791971517,1.5892747293609213
0.8008544490834579,0.10999497138305275,0.12612744742178342,0.9099304988787735,-0.5059193853742229
-1.266406399118734,0.02239298346289116,0.5897362732902409,1.2808085977797639,1.0026398990370389
0.10973185794708507,-0.8269320937698199,-1.2234205118344235,1.378373217637847,0.8672937546744337
0.8291789763874245,-0.27910288784980214,1.4507965493931891,0.7243012622499063,0.3585322885312632
0.15401194775318336,0.44116625320650515,0.47563220395739825,1.746525960135663,0.4479612352789695
0.1801285832622069,-0.045605781061473165,0.19446149096356188,1.053651093392894,2.8210817069588763
0.49135024810553557,2.0350584369252185,-0.5122245740397188,-0.050728937301528235,0.3891493825389971
1.6799939342121983,0.40097036954944215,0.7769598503381558,-0.2765634484985357,0.6263513144383213
-0.34215998112359947,-0.8910700322296786,-1.5413545575255456,-1.0186811816520653,2.882986350831241
0.6311802101998852,2.4821490019474215,-1.2233458651506923,0.2753213561422288,-0.6831924282293512
-0.6060026239924117,-0.4862456250455297,-1.6442856330465365,0.5791921984111611,-0.16954532852148893
0.1376860766144009,-0.4965177493960791,0.977435774167969,0.48245167368319053,1.4532119830525145
0.9365935525802103,2.5321916110039413,0.5282346444004762,0.7974551654165954,0.44564690860286404
-0.07582382927641462,-0.007185401630472089,-0.7920698824076069,0.7609257565007698,0.005056591448402424
-0.8774505515756528,-0.288309904939882,-0.1820031458567537,0.3842158977902846,0.5360574629156194
1.2484372774181522,-0.033875051306793524,1.7805912914308428,-0.004052054238553193,-0.4196061356073881
0.4837323459625244,-0.9871125838029875,-0.5734638148343961,0.19391154157388463,0.6859837650201026
0.057922344885518194,-0.46459677793018805,0.5228799198062073,2.2103043937547677,-0.9697330561614202
0.2723718979475701,-0.7198585908080994,0.5427318527744778,-0.20807455955366358,1.4069200992592341
0.7060097083139087,-0.0843891292676624,0.556523455840427,2.281148271596479,-0.09547132566051501
0.39397588017721874,0.7879872924845739,-0.5375912949875261,-0.4172738882980999,-0.2984460680752621
1.4532569110552571,0.17257345564685483,1.0844642313835464,-1.1742923983782994,-1.0037541766076865
-0.9086175221116704,-0.13432782773679844,-0.8313631959931952,0.16141931527253706,0.8672937546744337
0.520677495870178,-0.7586242553365212,0.26305533979395496,-1.2362206728439677,0.7631467135060616
-0.9960777947844554,1.2603235205108423,-0.4959596758869314,-0.1504958033996603,0.6347579280255606
0.563961442567534,0.26670982527400106,1.839485157485555,-0.22163898680779542,1.4069200992592341
2.0564662429549143,0.4194397725925229,0.5286896601538539,0.5209995037487969,2.950937804309736
-0.24257790888089195,-0.11190790993188947,-0.8869249933562675,-1.0516851390287372,-0.45627388472865826
0.3373264517799384,0.8317237883385554,-0.6392589559187777,-0.2909271029775795,0.14990381424594135
-0.414486292042251,-0.08262269073606243,0.45892043805550436,1.4002620922325217,-0.9697330561614202
0.39147538119109954,1.0242306541420805,0.47173056651076123,0.9476006041905565,-0.4817799649983588
-0.7856742697290994,-0.0662428504555839,-0.8493545202146209,-1.048371512154871,-0.5153218181843261
0.917560036085315,0.041095010867270854,1.4944355247631584,-0.4266802422552403,-0.9827771844875074
0.08257978183605462,0.6578418242648894,0.3456712671037219,-0.4609752044063831,0.41485191807848687
1.4152251368769437,-0.04564732493849929,0.7020826874166164,0.6686041288663217,0.7453450237315876
-0.12328333629109717,-0.6328043702736675,-0.08875378469029829,-0.38642685067900534,0.6347579280255606
-0.14544817055514925,1.1965258297408832,-0.1561916096803911,-0.8729937544349844,1.821490542915006
1.1463342338125821,-0.48704291317845755,0.5228014841958921,1.0343156473489967,-0.1421995909466891
-0.5613035610838406,1.1297527509359286,0.4888038077519489,-0.3272042489505563,-0.23080342556128003
-0.18879097462713545,-0.5605367404613909,-1.400023932619237,-0.008930161977965239,-0.6584093033524757
-0.45864818025699206,-0.4162297856037764,1.8770712450073646,1.753713723502374,-0.10846529519431537
0.10570986789419683,2.6543716814328935,-0.3220329426315232,0.6470650046877958,0.5272850245366362
-0.9430478052683795,-0.07345807144485192,1.0222573284722138,-0.4740897923339172,0.6067298636796883
-0.10966645179052723,0.7314888624890089,-0.2755229792765436,0.37412651089022614,0.4519858095760742
-0.5158130688153851,-0.08037722062789537,-0.8792890076994802,0.0659873113882687,-0.09282795730700956
-1.7745330688364036,-0.164195526070456,0.5216439963370044,-1.093097502795132,1.0026398990370389
0.5183751203175736,0.9297401682960365,0.49124676056955885,2.479060688921591,-0.24512894383431616
2.281901503873129,0.0687357708904661,1.3145024724956824,-0.6296373887099074,-0.2562397851097021
0.6437626222821656,-0.4454574724084108,0.15448084639011303,-0.25886365745551154,-0.13149720943649063
-0.22301380239879529,-0.645156329108318,-1.242847919422322,0.30049908339225073,-0.39623146961792083
-0.10923330460038264,0.12152168683867536,-1.0336687707287011,0.17291583773477637,-0.4516596102302368
0.7086019107495729,1.4645232610985321,-0.8483685511023912,0.012512028265544439,-0.4046606546616892
-0.3092900987954108,-0.16104592263198148,-0.9102304094980279,0.6090490065655656,0.8481073478409001
-0.9534420963477046,-0.561571506027775,-0.3110018394324415,-0.247563085609529,0.3585322885312632
1.6847098361346855,-0.31743190060524645,1.3672969388638274,1.2213076350323615,0.6210525396211615
-0.8627433076858843,-0.5159699954029058,0.21429064555948885,-0.047313862608360575,-0.32725995350029163
-0.7377915152433481,-0.4071074358266106,-0.3657294094714513,-0.10489346846165819,-0.360981876750568
-0.03040988532767547,0.6536248298687355,-0.262191363436239,1.6744783626911321,-0.4471817676468349
-1.534277311477393,-0.6912097829989126,0.6232971109138542,-1.2764740644202028,0.9397762190561528
0.25036155486901396,0.24955701722532755,-0.42127939577215767,-0.8605223514657737,0.4065574929899953
0.0192194650539323,0.57469874836756,0.014609308849288478,0.47687494176483425,0.9947168162074427
-0.3092900987954108,-0.16104592263198148,-0.9102304094980279,0.6090489916002403,-0.42593483762616663
-0.95926194085638,0.25548574697632703,-0.8330426917389733,-0.6152611672359034,0.3185556757235435
-0.0043537154332334614,0.2528875719522339,-0.5870805388579575,0.4443496518978887,-0.5866576525743729
-0.7236531843696654,-0.4283029914763164,-0.6355430036804502,1.3771989014604218,0.0976393558591175
-0.6070811316370295,0.09814093450960705,-0.6227113452126678,-0.20282223574636607,2.2437667146337983
-0.40909652495418747,-0.4241548666908093,-0.23140812190444984,-0.2306645415517153,-0.37696698226439446
-0.08669698871724213,-0.05183011004864287,1.6195801801495762,-1.1743027669346895,0.618669662595598
0.40458089052644025,0.09494433168748241,0.9404836031658192,-3.82585553091509,-0.47791355809293096
-0.17860967711338005,-0.9336449150493809,-0.2512445061308273,0.5449458363084448,-0.3632433694987979
-0.08727536465071911,0.9713470349195954,-0.24699733218681313,0.3927432196353591,0.41570745987892255
-0.9114899404053459,-0.5641547063446687,0.062361892234320634,0.1747313982113798,-0.23080342556128003
-0.1289963217539689,-0.23969754736281496,0.08668545968911533,-0.13793184121195032,-0.23080342556128003
0.37188414729114777,0.5434694831030353,2.14561242752735,0.39713391477459414,-0.2502036760459292
-0.4769362469298465,0.02347361010054509,0.6722993140511473,0.03525397451365835,0.04870560847610023
-1.6216445990412962,-0.38613606930971167,0.6927011098742872,-1.6253367914142398,1.0026398990370389
-0.7304935935155861,0.42590650511613565,-0.22020657801196614,-0.8292141580175909,0.2501202452547588
-0.09020686534754829,-0.36188782403551145,0.7341907434750387,0.5050179838207433,-0.48001086439440926
0.14183727359650314,1.8023938473316383,0.15755647815802337,0.41642963765924906,-0.0386636510643424
-0.26467645920495475,1.4040826805950777,0.1742155278598768,0.657269312567127,-0.0983656551714276
-0.5189230149737548,-0.6004575422102519,0.149660106756894,0.008139259564413241,-0.23080342556128003
0.10917964135077293,-0.6445304610242859,-0.5054192861209802,-0.30717425413840405,-0.1289488083963812
2.0611516913718346,0.311970791467925,1.1087050856446052,-0.5465458971711403,0.5295946697254613
0.5720519255582339,1.0323112406414932,0.29797504129547436,0.38133952144140765,0.6622536403892975
0.1285136097328078,-0.1502991449227354,-0.5901144226313655,-1.6521723857983965,0.0891825834795915
1.659256808224614,0.8218931837705631,0.14491519519429605,-0.45215229338400936,0.9881864758436719
0.0446660019425216,-0.7422138950382912,-0.22415329579832252,-0.6328670591068444,-0.2562397851097021
-0.3804464119765662,0.46861724420627066,-1.1418616134269726,0.38318420111398066,-0.5177342888973387
-0.8893645455548542,0.08767129274992347,-0.7157579380372034,-0.3705108809570601,0.32432181864411475
2.480721915188662,1.0409130857641278,-0.055792268102371825,1.85049825459318,-0.2787236309481588
0.3432774966247293,-0.1342678909325984,-0.30537036610383106,-0.15044009323784757,0.7119432807720742
0.44770667135909137,-0.5724455325906196,-0.3205236245419496,-0.22750639690860816,-0.207182814293634
0.4446355162730616,1.5417902308703433,0.05971573134136435,-0.6950361860968074,-0.1599066477997156
0.2434277146941864,2.6020243128367495,-0.4168872218262291,0.07106651618157264,-0.9305921441884707
1.3607994551844835,0.1331856672557433,1.5482319201589048,-1.9115831315119114,0.6210525396211615
-0.5872966296917935,-0.5919819050441467,-1.472443691957302,-1.3122548569324117,0.7259890801801252
-0.6370533349437421,0.12750290849003842,-0.2092544645288025,-0.763466951776407,0.08595486519594679
-0.7058827640926717,1.2144825700803779,-0.835714519245422,-0.1963941744245815,-1.1989708586194603
0.0828080501188607,-0.2205248041435475,0.309550496631755,-2.117322688457113,0.10548887246002668
1.6825276037064558,0.46405852560831423,0.8423451969170843,-0.013136004122868437,0.8897946545022678
-0.343686915738069,1.2799337391845431,-0.5726718753336669,-0.44054529935372133,0.6385964132032822
0.13363536204382956,0.36824899709030307,-0.15920585836168524,-0.5457938919746629,-1.123176994368965
-0.1629545893687196,0.773629394319232,-0.4367670570456451,0.30411514793417654,-0.15791969084126786
0.4641653948847766,0.1655422171908382,0.6882393699753998,2.25015090269032,0.6165325636522389
0.5603885635682371,0.6175228276909366,0.18135235270690295,0.594231073207037,-0.1714140779261142
-0.11392232882416303,-0.430366910124096,-0.2362525927946708,-0.18612297721872598,-0.9697330561614202
-0.9217670320717756,-0.34825615520616987,-0.42021603550349207,0.0758092130408557,0.06284804715729016
-0.7533731403054093,0.5048310909060145,0.46361989537560655,0.1469239479294256,-0.48595802519986114
0.6678316808866572,-0.028593591898085375,1.736667752235449,2.4014033222694717,0.35535573221575084
-0.3768699581991946,-0.5438684562589893,-1.597571288759646,1.566814515314745,0.05090356675410041
0.31018629765067834,0.5995727766504011,-0.6129158146660235,-0.18907495803060168,1.0600105224786418
-0.10364407920537165,0.5301150499140931,-0.2642854075352821,1.2650109939125465,-0.3189909105315187
0.20715068217353574,-0.674088756503175,1.0315948955358958,0.5792668795803281,-0.4196061356073881
1.8661424590825055,0.6587467067529386,0.857180334530322,-0.821058233391531,-0.2503956170244121
0.8613169846905825,-0.36072231926261444,1.7578169741286547,0.4292967671973169,-0.03579991841672434
1.3465549282351492,1.6071651878773865,0.4452516182373608,0.13594374669572473,0.08247752332268894
0.022977775236066405,0.01682926133922467,-0.5311531521386818,0.19507275665615242,-0.45627388472865826
0.5544686137705771,1.7960315047775772,-0.014620534083577386,0.5410124952816924,0.010321927070704376
0.2925191935862012,-0.4509115580286957,0.09987357424855588,-0.25626183400648517,0.3585322885312632
-1.3696839295050127,0.13640138574115207,-0.6754484746529608,-0.5664286119503276,0.0976393558591175
0.6388215143320476,0.4644603007371831,-0.41610830189093295,1.6542143848216633,-0.7764357839344815
0.5272831384058784,0.06248958096236312,0.841112961354037,-0.0030961502289161293,0.9203109293375056
-0.23590785577211118,0.14963943132636748,-1.0737295205372341,-1.7595147633350234,3.339240757228896
0.8625004527081755,0.1281346058882646,-0.5238001482539871,-0.34858866259734433,0.6485235069807036
0.5129980818510979,0.21696480077268457,0.949537431862541,-0.793433365505382,0.9651381763960164
-0.09541935173520419,1.3621315982307802,-1.0593270683434441,0.06769792403795123,-0.955233570477137
0.5038959427150211,-0.17202823690972532,1.554902420010076,0.07307883543024758,-0.10846529519431537
-0.3975375617538737,-0.4647916539335247,-1.0841351843406968,0.5642393888976396,-0.4634397369907007
-0.4122451876138916,-0.4965596448165018,-1.4808744077865015,1.195192496413561,0.5333960373968908
-0.4957793329980525,0.27134815978711874,-0.5641826647373186,-0.02792842164929741,-0.28251981554438527
1.335100252819885,0.6623393262626781,-0.08921273796780911,-0.6198455420691364,-0.7829875253829613
-0.7462611737637662,-0.5320430163109643,0.7851240212813406,0.0074796058610983015,0.3650841971757172
-0.3158178606456865,-0.2625358323955537,0.12264247993009436,-0.3011816108341097,0.6214467877285345
2.5209333711399697,0.17815040339548097,1.7176247222800465,-1.1467686915634454,-0.4196061356073881
-1.0829337050864534,-0.171168619413644,0.7726635023685463,0.09721056253065578,-0.7124301554492031
-0.1101268342598304,-0.36285795401132437,-0.0412458753191655,0.19811760591593877,-0.323566594428253
0.08185408420244729,-0.5677880401091218,0.19939903942161355,0.9414461351394421,0.5881249644447311
0.3531464140959329,1.0242178576929744,-1.2046400019437924,-0.11969568083462827,0.09153419485796337
-0.09446449471084453,1.0235866469775488,0.19558352915513075,0.9751453810964865,-0.5750953821684073
-0.7145629780799532,0.015514481662191328,0.3222697000133797,-0.08310244399919156,1.4913824895906922
0.8115923116355168,2.6792948338213094,-0.4431737533948595,-1.0239585887887708,1.3312214531160962
-0.49826213511982553,0.12832398908643428,-0.6229202226848831,-1.853439343679572,1.0027709806808813
-0.3841052572282762,-0.013556643548834792,-0.9198715608408672,1.6093574026657222,-0.4804288543301312
-0.07543058472731597,-0.5467188762016681,0.012762413960394353,0.5934843355527908,0.4313864295638262
-0.006700896228190433,-0.23586744613440128,0.07402498799066635,7.181374740937173,-0.23346016959272858
0.01510713489996796,-0.4633283179027535,0.5344734525162789,0.027299096678659596,0.3397755753516518
0.04049235910681415,1.1354470746693555,0.015586466547186166,1.22055533330283,-0.32679046720448873
-0.5206332432517728,-0.24052697714738094,-0.12768416047427858,-0.38642685067900534,-0.1289488083963812
1.523066672121234,0.8893759244493513,-0.03231755303250022,0.42794116486109934,0.7322089376196418
0.9974236162037182,0.7443092640844832,0.32784245163085746,-1.6029737960941093,-0.44097378112149294
0.0008556802032769038,0.9296886870320058,-0.27798723641672063,0.8035260969323779,0.6648695886030195
0.2945301135357752,1.2607562459710842,-0.7189712940427535,2.91605601040829,-0.580352525187969
-0.11852816384743106,-0.3642643681480644,1.4901110233582577,0.23181219681657309,-0.37696698226439446
0.03818586557249197,0.03032919886705723,0.21333275597610588,0.8167528308154293,1.4913824895906922
-1.1822210669782667,-0.17495426666321987,0.6815656781184937,0.48455647259833173,-1.523030764769852
-0.19759910918372764,-0.3543795637255181,0.12819548646510995,1.6208382667588328,-0.09547132566051501
-0.5966677608946002,0.230914822023375,-0.9085872128959197,0.20397805609731517,-0.9283636726451626
-0.015084252637578727,-0.47157067140762765,-0.002760844532661079,0.4341220203810002,0.7119432807720742
2.41110700919841,0.4475294187909448,1.1273842219236188,-0.8068511626974605,0.5295946697254613
2.312917979046981,0.9317847715101246,0.7217013209062935,-0.7066649436632754,-0.308930426034988
-0.3532360171789407,0.8564576311561023,-0.41338435242920935,-0.31469266659566647,-0.0023617267348160246
0.7886052779192175,0.4537413497806008,0.7181540458681115,0.3365972052635386,1.6324634558714022
0.4935265032353532,0.282841056078765,1.568479506860552,0.21281354549355957,-0.37575915854613234
-0.5153989140497042,-0.7623995742462898,-1.6022391624998034,-0.6044182085910345,0.36428617079043696
0.2668125072447766,0.06683784685672821,0.4401545462829139,-1.093097502795132,-0.884187235916571
-0.06329798944477179,-0.26592197148268204,-0.4538780529094122,-2.1606212956429505,-0.5815060102145873
-0.10169165415643208,-0.21660364088117864,-1.2617616549140331,0.8400462350618595,-0.5268464694960767
-0.7235561963741387,-0.9821394331654946,-0.23792664438395697,3.2305940592102966,-0.7124301554492031
1.0201062612067695,-0.1635971247969736,0.49849023793419056,-1.2675288662921507,0.3721291667483489
0.31071234812879966,0.04670968623705593,0.17376518416854825,0.9083680101369022,0.6659546904761536
-0.5144344604307582,-0.40518978373524883,-1.542345834560573,0.926408735728304,0.5333960373968908
-0.8029437415621321,1.0798205306993378,-0.7746088223257293,0.2150039518402985,-0.5255871494177338
0.10752886347372552,-0.9555844571223936,0.21984171441745975,0.8889030214112034,0.5099434580834049
1.3425680162111326,0.606642582431307,0.08708691773570623,-0.9141935402340872,1.6616505227110443
-1.272837427586063,-0.8485463830214817,-0.1206560913043841,-0.40923710590553847,-0.23080342556128003
0.6927461298538078,3.467756435825383,0.02876226974544804,1.128313003395298,-0.03324098403023472
-0.48330020414537656,0.6122379422499286,0.006801172647493126,0.5739184091699607,-0.009056587937286963
-0.6919041724757649,-0.3811684715553916,-0.3921484596111692,0.36417833000313105,-0.3164390300443224
1.0840488264583732,-0.2267482774252307,2.2319773929609465,-2.135213084713217,-0.13090884680296844
-0.1793365177042283,0.1885797148446993,-1.194965918102743,0.26325746521765486,-0.749841759460084
0.2829948949135601,-0.4280133430787248,-1.2627123673777108,1.4722798245282744,0.7119432807720742
1.0518916777420397,-0.2497642507079423,1.1982100568245138,-0.5215875807441762,0.5881249644447311
-0.5305348574371639,-0.3346490732613085,-1.283272251460849,1.7235636785428778,-0.5059193853742229
-0.49808725339552845,1.1733680647271594,-1.4448562725292529,-0.5770191436286105,-0.028464362240778838
2.575012618636233,0.05286805906989997,2.0345305915918184,-0.15457340323820123,-0.8892124781197943
0.22509847452497864,-0.658332870572167,0.6363629473243879,2.2070157432672315,0.6067298636796883
2.46448354078427,0.5117265186040639,1.273749587127495,-0.5008792833504853,-0.3891189528716765
-0.20213958392634673,-0.1344107038418768,-0.003810432482963526,-1.0707345074750012,0.0787500562718951
-0.03303468932215032,-0.21366970797339366,-0.24234788406438634,-0.11385910886863987,-0.23587264030574093
-0.02368826076785526,2.3242297152149347,-0.9585599219279854,-0.17334899680754057,0.6957647295159957
-0.1748885760368757,-0.4621577156490054,0.02648953544878767,-1.1691316868835757,0.7688297046721368
-0.0610245738012202,0.4157455225688704,0.2527748664568974,1.330829685474232,-0.6961997734410951
-0.5979073515516545,-1.0068045276955038,-0.16777654767626765,0.32834330924844146,0.36540320709466023
1.5665997082121492,-0.7446883297249877,0.8233799632877717,2.281148271596479,-0.09547132566051501
0.3598399314129488,0.25502009328655756,-0.004938556672321862,0.604001214580507,-0.15818118534505549
0.5174744103112345,-0.9158061616530345,0.17123518844538782,0.5648901748803188,0.5099434580834049
-0.39004485788265336,-0.33788034215717416,0.7219567852902118,1.2872955399103942,-0.09547132566051501
0.45462337986720275,0.26744583747709255,0.22579313640402957,0.13852709118794856,0.351079360781367
-0.11692465853760434,0.5998454536305118,0.20766609442614564,1.3298679994036104,-0.6961997734410951
-0.0005792594847794604,1.6681680215407315,0.12885687319518319,1.2444309933340099,-0.35864313946221665
-0.21696796803487348,1.1289439978106386,0.25424684177445406,1.168015235828084,-0.4996028886615674
0.2829948949135601,-0.4280133430787248,-1.2627123673777108,1.4722798245282744,0.8672937546744337
-0.5042153940244708,0.12517959045484447,-0.8227583448978579,1.9427441686582252,0.3720084512549124
-0.09242012549627765,-0.8260860110893029,-1.908259897360519,0.9106212480697109,0.7119432807720742
-0.30483990408428135,-0.7980443063593063,-1.5795779017513905,-0.587246548653778,-0.05767767884838423
-0.42124390727598243,1.6913347883629175,0.20502480211706908,0.26185022170128236,1.770300151467013
0.3647557183736272,1.2061134488820067,0.956267957714926,0.4880723638392494,-0.055814614106884146
0.0967589917320727,0.6286116958485697,-0.23896727010275426,-0.20090314972735088,-0.9004316623865194
1.5957670930735526,-0.21427723287917994,0.7127194144563177,-0.7151628818849249,-0.09282795730700956
-0.4383980804462436,-0.7623995742462898,-1.6022391624998034,-0.5459483850708848,0.8509065428424427
-0.6488674245470615,0.19974289954370716,-0.7840204044872804,-1.589555998902031,0.5500724982644013
0.29065899424012376,0.9548013434113028,-0.09589061980091605,0.6611673911574483,0.6347579280255606
0.7957829064423498,1.0693310417392536,0.1799090660411862,0.3985346862175388,0.6587171111411414
-0.2895037059394443,-0.5408541050021036,-1.4180019532043837,0.3219187977903106,0.438365858314537
0.11146152314872688,0.18451366502781183,-0.005285566260692648,-0.051253027846289316,0.19423713986710492
-0.8508113913267061,0.14400679263326474,1.1633052514400548,-1.133350894371367,-0.10846529519431537
-0.3081278457119563,0.21049564522794734,-0.9535619370002816,-2.7121783639725865,0.5026293029921685
-0.025355129253902976,-0.11116015048288964,0.0050958782232050255,-0.5197103027869836,0.987069606735423
1.1400540424445516,-0.16374888558052372,1.4712115991414947,0.7197841334996925,-0.233763797482037
-0.10920799361727268,0.8888744138334477,0.07093726833432111,0.19551491014748357,0.42524921871067645
-0.9513074093095669,-0.5131746063479836,0.3397515118802859,2.281148271596479,-0.09547132566051501
2.6093175944618943,0.7942329615539874,0.7527867205676099,0.6837815502175576,0.07092043599192627
0.8413922659031292,-0.41153485726104727,1.8536921701851272,-1.2272754747159156,1.0260436571260325
-0.35180477651913855,0.6617792944962064,0.42891467223846463,4.013544644585719,-0.6469446753954945
0.3524751418691948,0.7062942011298459,0.5681907412211971,-0.07426697302583125,-1.1689131187437096
-0.4769037627757544,1.4214611608589283,0.05885281381461202,0.7166078730808191,-0.10094716101444622
-0.580785955269559,-0.45424151508704014,0.593792911557673,0.42839035386384017,-0.20670881370652533
0.22638586338945546,-0.5810530385894838,0.21143586688221808,0.7581256938229625,-0.1289488083963812
0.8126652423473211,1.1892375720675672,-0.40541719485270095,-0.08667514785413716,-0.3207425327694951
1.5173627472582305,-0.34365709211400114,1.5137083074775164,2.1117213678944515,1.224445088056059
1.4095570049162087,1.9927178558114917,0.23168998861152473,-0.14093437714745743,-0.5810532435162132
-0.2549295838749703,-0.36285795401132437,-0.0412458753191655,0.25414453809593895,-0.11754905247742425
-0.29784270866219564,-0.3875951281480452,1.8988478570229366,2.3812058374693867,0.29340159833499563
0.8991294107841332,0.2216856650182474,1.6455367009361417,-1.526939612005665,-0.46932135697423133
0.3927155384203131,-0.28767205334344703,-0.2999204354545372,1.6633320207062983,0.3721291667483489
-0.596137959436394,-0.13351280299546953,0.2884714380006941,-0.11689019823253141,0.5121076427745987
0.0758811183889298,-0.3476722805287223,0.12897022275471995,-0.4535404765588284,1.6515211218047334
1.575027957958634,-0.21121736530531623,1.3016195207324837,-1.2406932719079937,-0.10820229592675913
0.3647557183736272,1.2061134488820067,0.8170628900930376,-0.0050727180401808035,-0.39112413419132175
1.5254373199527322,-0.03404216139445996,1.3824120797993567,-1.9115831315119114,-0.2208204883284461
0.5704918608110686,-0.4436334874716175,1.1567472174557978,-0.5756177910873101,0.8897946545022678
-0.016091067296634644,0.3508717883151979,0.08022915283095867,0.35869132594848885,0.04230233705278891
-0.3880080627906638,-0.3952585313514858,-0.12482255909355061,-1.32567265412449,-0.19845301088809444
0.025884831630564445,0.3336245290627394,-1.120001800753844,0.3407157943197776,-0.4621098602112078
0.09909000768962521,1.846345860328965,0.2208566468143356,0.8617533433202381,-0.06468001344757221
-0.08324476000417826,1.0958600376266827,-0.006650968633788038,0.5221164969746691,0.8089768020183563
0.5475543443967847,1.9024168826772454,0.8460839224136235,-0.9499743327462961,0.9756257110792538
0.8382757477454154,0.8081113045028392,0.26334512752600564,0.2977576599448877,-0.4665181492693055
1.2721644815542172,0.2343747402863179,0.11281771694117042,-0.3534729373464551,1.2508831186864449
-0.9912597161526538,-0.6681831902113466,0.25346572949519103,-0.23809369045425277,1.4069200992592341
-0.33220615121713976,-0.09410012923180015,-1.6675226535823158,0.23094777593865423,-0.3937904083933048
0.2147482023524784,0.7665975797889485,-0.7752644012777489,0.22422061625312292,-0.15818118534505549
-0.231170744393186,0.22093685274891678,-0.5825635124784,0.40035327752305405,2.136346979464698
-0.12492966338122549,1.843462016155522,-1.4096772868925045,-1.9876173156003554,0.9939286543846455
-0.16831947070422573,-0.6742186295873458,-0.12937580597706866,0.15984431253961068,-0.3632433694987979
0.02905466550757959,0.5613790625263931,-0.3763384038742485,-0.24860753532438368,0.43310486978756624
-1.721343638382748,-0.7907806154897852,0.020721647636928495,0.0940160882171346,0.8897946545022678
-0.19689631566527876,1.1087665997320175,-0.9312635631524984,0.32380129288324466,-0.4674708094092993
-0.42802597126573083,-0.6150200402657611,0.13470779463624294,-0.46797452955241525,0.502901163646362
0.33522944265255766,-0.19766914507105104,0.11426661244296611,-0.45468950060284413,-0.48595802519986114
1.7719089308132399,-0.027648200411910878,0.14491519519429605,-0.6952328933587284,1.2342752081683928
0.40561439294499885,-0.1818181201967263,0.032649798818830976,0.9259723493886012,-0.14307402589221938
0.13090448549978992,0.3616167554864348,-0.2086106155579588,-1.9071105324478852,1.0404693257876676
0.7212644173375653,-0.0968324665834419,0.05738698129056121,-1.8436554660795785,1.3536200290076656
2.11943221439552,0.8777760739831725,1.2166756781347319,-0.4413198412881149,-0.4196061356073881
-0.2928697641934239,0.8237724579936113,-0.7605982173626396,-0.39850286815187586,0.461771288363273
-0.19943391960373386,-0.7111834607224119,-0.03916247673374001,0.19341861131485988,0.6165325636522389
0.21832955820324457,-0.7446883297249877,0.8233799632877717,-0.36689534739431023,1.0306054320885272
0.08430595348668285,0.4916225951690976,0.23214633897855722,0.261603086748662,-0.23080342556128003
0.7952328588365288,0.6307676105345847,0.14397548474807667,-0.3138181260525872,0.8134757112945186
0.4660111065700148,-0.20770012144312155,0.44799804367273216,1.5306545811980496,-0.1421995909466891
0.5706654636747044,-0.15366451496532044,1.321669087661147,-0.6614916931166115,0.5881249644447311
-0.11904845868788938,0.12699603515111896,-0.6479385819778789,-0.19516665448539106,0.38561402366266107
1.193090310803604,2.137243633505293,-0.5256862008574348,-0.0395674274399256,-1.2153687709938057
-0.7186531596691067,-0.5083739374258838,-0.03114863056405407,-0.025875026928384465,-0.48595802519986114
-0.3619099844259789,-0.3685390421478543,0.5752942333359643,0.43503461488040324,0.3650841971757172
0.07990610920911863,-0.4375089413185409,0.09965469393440711,-0.21518782826972027,-0.4050084222882098
-0.8623377173169801,0.2994158252186161,-1.0719269043553863,-0.8515771533377214,0.22660730819455474
2.3438309756023155,0.5859089565853494,1.0383712718162157,-0.45127953710738405,-0.7679540993547865
-0.7527305860572053,-0.5674642481671879,-0.5287601280853083,-0.537600699043088,0.5676421200265624
-0.2904750348835884,-0.5603466234618579,1.615826419475374,0.5163022532861735,-0.2636330411874475
-0.9095988202595459,-0.6677898637718501,0.5716163566105876,-1.2272754747159156,1.0306054320885272
1.6943368263051657,2.665348358170721,0.3989254484322578,-1.4643232251092997,-0.6149620918657445
-0.2093102863276712,-0.41780304790311934,-1.8532808341916216,0.06635830311617108,0.7259890801801252
-0.39148344386460543,0.18152769566660093,-0.7621965735073928,0.4571008525751565,0.0976393558591175
0.18608290899530067,-0.004231485988063959,-0.5103859852311976,-0.07622826745131751,1.145997405703665
0.6472413549654021,-0.8715968194185587,0.14377610645663882,-0.41236843024444536,0.3304268124492952
0.8860338394685171,0.22945084689911738,0.5453479858339944,-0.2306645415517153,0.5099434580834049
-0.7770827740744021,-0.3515699542307796,0.7423547682801347,-0.04001251558854717,0.5349850679365312
0.679177580650245,0.6743880129661989,0.21399653681199732,-0.8649949505297999,0.07792009545552564
0.17307865699561317,0.4864188854776924,1.1026160297257483,1.9299085731399528,2.930597076469712
-0.8642794789323383,-0.39030373301692833,-1.8853269424962056,0.1668903576505126,2.4950769772355574
0.43908968662726094,-0.4771209645360505,0.4232651247140614,-0.062786400383912,-1.476040252598006
-0.7771575375371745,-0.5822229531446891,-0.08462938375117769,-0.0731931586043337,-0.360981876750568
0.019386000139512145,0.11186516112541549,-0.7917802403148587,-1.5358848101337175,-0.16964173510853175
1.0457412596493072,-0.4696786235291596,-0.22916091430073451,1.5647900769946639,0.34214875501070663
-0.310380063370389,0.01047749366931152,0.9386169853274577,-0.7478128550523157,1.0260436571260325
0.6175398706106613,-0.22754089471359568,-0.2418325155479114,1.749812510054114,0.8672937546744337
1.0601661621508869,1.2246717463319494,-0.5067560618080653,0.5130502830123409,-0.5153218181843261
-0.16151287693981545,-0.2620226364691603,-0.36109231970147126,1.4756441325259708,-1.0043011582375723
0.7781628147815846,0.8416476569473179,0.5764547258693171,0.44250592845683134,-0.323566594428253
-0.1913470025592121,0.014987810267104908,-0.29219140868075105,0.5602126661663903,2.1797460385108347
0.01238483116568764,1.4538640288084421,-0.3409462249817839,0.24851795622878034,0.3909626228801588
-1.7331021690741322,-0.8477348859213152,-0.3536886065813757,-0.177902931021942,-0.23080342556128003
0.43949558014516915,-0.5785050425857602,0.601635264705967,1.0187085830958926,0.3650841971757172
-0.5087925051832797,0.823798938003663,-0.7854360527518061,0.2655503754478615,-1.0202953759319975
-0.21568538318785815,0.3643687738543684,-0.6694044315770454,-0.9789938435112006,0.0891825834795915
-0.126274232101597,-0.5732364504283648,0.14859913698269428,1.3313682028888827,-0.6961997734410951
-0.05002071359655634,0.4245851062615338,-1.266132131607599,0.12992920137630462,-0.7172721508646059
-0.12492966338122549,1.843462016155522,-1.4096772868925045,-1.7192613717587883,-0.028832862168110977
0.2792246062405201,0.06683784685672821,0.4401545462829139,-0.3617828298362214,0.6497550725273147
-0.9138317200331306,0.6087273046269255,-0.015897772472034943,0.7732830235989671,-0.9234161765699838
0.1186807631351802,0.18171521166422386,-0.4448884253523542,-1.1349923420632744,0.0976393558591175
-0.6414128181824156,-0.850027313758088,0.42202824855533955,-0.15270760293839655,0.3650841971757172
-0.745825409417202,-0.6706120127352005,-1.3875815914779253,-0.594325327625293,0.8509065428424427
0.48850303046250954,0.20418458776484924,1.888015756249822,1.0513448623173627,1.0840736943810596
-0.5514198040019351,-0.3794646916426322,-0.8330127126254521,-0.5586799067033325,-0.6857052165269375
-0.4272075823172823,1.0411974294099153,-0.2778873062872496,-0.2062443207945197,1.9070637832996384
0.3316460433397146,-0.22597288038707014,-0.20056133201451895,0.9407948563512311,0.7441315153501997
-0.18259927052862548,-0.2791015983092737,0.4766407193319378,1.2833414787434958,-0.3632433694987979
1.424047710594522,1.6888721995083948,0.279100092922605,0.033006905491270895,-0.4665181492693055
0.22599783806389015,-0.6086290245640829,0.4129142716836362,0.7848481420134829,-0.152854154408241
-0.05002071359655634,0.4245851062615338,-1.266132131607599,0.06925784655426322,-0.017288983319317434
0.142194023362934,-0.2393690995641881,0.5166619947572032,1.696831569177279,1.7317260338469023
-0.678201539257892,-0.6364945149806279,-0.07937191339804077,-0.11373126185904059,-0.48595802519986114
-0.6051199897352696,0.11723773650891756,0.5307182502052511,0.8167528308154293,0.5295946697254613
-0.4016870727971849,-0.8967683986100368,-0.6734372410053161,-0.9770372721581086,0.5881249644447311
1.4562569350017551,0.28573551578182754,0.8592276813264633,0.4469934638056108,-1.020299806625316
0.2771958549431053,0.34960608215490635,0.4319548835475823,1.5725942158587454,0.5187988256656354
0.3660193579395486,0.26180449433418257,0.09927342590851863,-0.643601296860507,0.9756257110792538
0.6110959222500664,1.2027880353237796,0.169579537172545,0.7524154463969829,-0.8570917907152815
-0.04380841439867064,0.4235534448614175,0.14906262071885168,1.4125445179174583,1.1296045092085483
0.679177580650245,0.6743880129661989,0.21399653681199732,-0.511212364565334,1.0826495261812386
3.0830125386164497,0.0649570726598633,0.8007582425208086,-0.8068511626974605,-0.44804834438157365
-0.2962351010834439,0.7358894112989489,-0.4247229937614059,-0.8099263394869156,-1.0248104196196786
-0.8742970368041947,-0.23597917617457767,-0.33586453523219406,0.13176505711121025,-0.48595802519986114
0.8680555649159958,-0.5002348305671043,0.7412944023545764,-0.6328670591068444,-0.2562397851097021
0.5468548506946073,-0.24632563110645103,-0.6223168639605262,1.3661253474468287,0.3851552379092127
0.42608009601753966,2.2070100239548402,0.4300004922018223,1.5141538343787035,-0.28251981554438527
-0.4490604574349836,-0.37918538808711266,0.9355489036211247,0.17038063101729567,0.5099434580834049
0.2543191752012369,-0.6241875387980632,0.2723066287502099,0.029192706951722637,0.3585322885312632
-0.510638847396185,-0.2214076518468995,-0.7356557960405621,-0.4606719951418389,0.8236067841605723
1.1163469032525921,0.33618953873360596,0.6340677858315426,1.5023302575254351,-0.1791638506894247
-0.3076261202468928,-0.20064829756413294,-1.7814495394771195,0.3080313416671143,0.28883764982483534
-0.06031675245364222,-0.20931435510827948,-1.2422639284891785,0.3448860276893608,-0.5055744600792651
-0.4623386763375968,0.4004759301465342,-0.8865871298268136,0.06653656202596506,-0.3164390300443224
-0.4344625767940792,1.0171193576846334,-1.0942413835189422,-0.38642685067900534,0.4406641341771104
0.6431790961218993,1.3485619262962332,0.6183381778365189,1.8111747054654053,-0.11754905247742425
0.0532680107039756,0.03415602814398566,-0.5901144226313655,0.8970997215399511,0.5500724982644013
0.41193402399773815,2.2027516583088116,0.5560355572036217,1.4469481438077454,0.4684445812850607
-0.23267241847900802,-0.27964667642484875,0.42431343029366825,1.330785779318653,1.0306054320885272
-0.3931593027051264,-0.05312684923186743,-1.2707697140848007,0.29778540691356464,-0.6584093033524757
-0.253807303060516,-0.46824197680231294,0.22130561244455957,0.261100563261799,1.7317260338469023
1.2172458154178525,0.09339156002259927,-0.6489042459987765,-0.20505079148320093,0.36428617079043696
0.8349271329389879,1.0331688148138738,0.2492841262266508,-0.10141313529903198,2.838729910828953
0.4446355162730616,1.5417902308703433,0.012670214718828848,1.2450773635866128,-0.196920158195815
2.0922755658622743,0.07655559308301825,1.0888228117965302,2.7813268039767376,-0.39050049320722463
0.025351752448520243,-0.13591412686324958,-0.27330306445292746,0.41989729725239766,0.6263513144383213
-0.6626338000289989,-0.16121284755820922,-1.1340581710921318,0.5083606656372748,-0.25098331087403714
-0.9119971101184352,-0.6619046226979927,-1.3127356836449533,0.2437775652563553,0.5333960373968908
-0.9817179142545879,1.0609053875774974,-0.46304488722442005,-1.6163915932861876,-0.19039801043478405
0.17313185992353805,-0.5948680281766412,0.6035435201852842,0.5159125138285585,0.5121076427745987
0.33203838064413654,0.3870610847284133,0.721830212838811,1.7567566299199155,-0.9697330561614202
-0.8002479796674945,-0.7928743860624552,-1.9452508276898348,0.2918092895071375,0.5333960373968908
-0.2677588132681123,0.08953159370615127,0.7843932803310882,-0.2525425374496022,0.6165325636522389
2.399785088053931,-0.34049182930823624,0.8402247468911196,-0.7134523310491365,-0.49800867504672397
1.4095570049162087,1.9927178558114917,0.23168998861152473,0.2661196717855981,0.6107452421982074
-0.6501711304546476,-0.8880668785197399,-0.2417992573421305,-0.3842274305875203,-0.24512894383431616
1.108842461355173,0.27252321065856827,-0.7010615053591617,-1.5780779617840088,0.5500724982644013
-1.0814703744584526,-0.16299111505283362,-0.8265977694660789,0.17359067352849974,1.4261399452876253
0.8686454826761397,-0.02677706015683011,1.8119912086648493,0.298719555002021,-0.6954012454678918
1.018512050854162,1.2377986535861156,-0.46109839921690104,-0.299336917843902,-0.7873655519697128
-0.9481706685059904,-0.36272216001944246,-0.9898953554307282,-0.5756177910873101,0.11576674339150597
-0.12518409994208832,0.37701995402215777,-1.817456549324595,1.577970492483031,-0.3581547600213192
-0.29101465109458596,-0.2470617765586866,0.5307182502052511,1.2178322779370088,0.29340159833499563
-0.1550805459051191,3.735363054888038,0.3020683295381435,-4.0673758803725,-0.28418659221207004
-0.4928058188234136,-0.37184023150289486,0.4132500651966742,-0.041188171965074835,0.6165325636522389
-0.6359167920931248,1.1652255511655483,-0.33028854330748086,-0.11974262250182031,-0.11754905247742425
-0.5030011266103167,-0.47699843835016964,-1.21449980183709,1.364696175799321,-0.09282795730700956
0.8251187173838161,0.03688169068837306,0.20812287758199974,-0.6638174446299051,0.6859837650201026
0.8126652423473211,1.1892375720675672,-0.40541719485270095,-0.8649949505297999,-0.3207316523374906
0.4948521109833678,-0.2642132038808675,0.6475179116224715,-0.3177288217811454,-0.5213194721740129
-0.15220350946696964,-0.164195526070456,0.5216439963370044,-1.133350894371367,0.6067298636796883
-0.7316069529560459,-0.14761245163438702,-0.9498630258256261,0.3820411488809672,1.3962539992754563
-0.0848919479292254,-0.26901237283179275,-1.4619367036963216,-0.526963056437664,-0.5299545315903368
0.31357915273403275,-0.5653507572407034,0.4308266849643397,-0.3524350977924068,-0.20670881370652533
0.4110750109248923,-0.21409009786323704,0.9563713885520628,-0.17211305557206222,-0.11958048356503281
0.9013239243561935,-0.09857124035441855,0.602758935141696,1.0163327536543654,0.3650841971757172
-0.7085723781684365,-0.31674299389591076,1.1543534857633135,-0.2982908972414932,0.49141312825298056
-0.9843735978649788,0.008438401354035216,-0.28555649962702295,-0.7451292956139,0.502901163646362
0.25791635357997345,-0.09941301331454597,0.6391971366390489,2.644918920956609,-0.21859076281533107
1.5422807007204467,3.213593030188519,0.10063661142182383,-0.9812825261944789,-0.46946899101952805
0.20715068217353574,-0.674088756503175,1.0315948955358958,1.5623110293516531,1.4321877580695987
0.6562099692629804,1.1985483512447346,0.8084207622290638,-0.1798787671166638,-0.612712470031689
-0.18664793347881062,-0.3038800881066393,-1.2596608766632662,1.418625507145213,-0.6584093033524757
0.4925887971713092,-0.2763788240206254,-0.9742958962310202,0.026167538361555196,0.05090356675410041
0.035031247861771066,0.4561243253444634,-0.07255487253911547,-0.010795145667102836,2.838729910828953
0.24123374462434893,0.44815059752317715,-0.28251917623848677,1.8198104020352641,-0.40624182699053807
-1.1338796875547084,-0.16335218475525412,-1.0265531320090362,1.099706573150415,-0.10459303642978746
-0.5471542285647057,-0.28647260390164053,-1.469019802600887,0.7908856680131277,0.499973227744617
-0.4379638669468502,0.042459151710515834,-1.1795453791329231,-0.6235443027925859,2.3356813639312555
0.3271137647859299,-0.015156982345251346,0.42236465003728835,-0.2306645415517153,-0.37696698226439446
1.7990120681554584,0.5608337043667929,0.8423451969170843,-0.9191114328804108,-0.6970683565275249
-0.04075453240672595,0.5342743704579396,-0.18241590355239032,0.23247005896207157,-0.20081097571348897
0.6335007883803898,0.4486733596515737,0.9421176589361547,0.9145332642526978,-1.0037541766076865
-0.23734223384476807,-0.3566833340206666,-0.06609586994646605,0.023158851048224818,-0.24512894383431616
-0.20027251980170196,0.09769872094466513,-0.5578789402836148,-1.598501197030083,-0.27512189527003006
2.0611516913718346,0.311970791467925,1.0909606206430047,-0.5465458971711403,-0.233763797482037
0.6593347533967359,0.31425709470214314,0.18267540435465435,-0.07426342320092892,0.7781482051031472
0.27798706607675927,-0.22753793341817347,-0.2147059056223113,-0.6428260063447665,-0.2562397851097021
-0.32213602241919703,0.1997564871649878,0.5091964651302702,-0.054588282170176076,-0.2076322370725222
0.1185262032094296,0.7091773378394399,-0.3522454109617363,0.041654168105464094,0.00891865125849904
0.04711669590083591,0.023710935133203354,1.298834148177081,0.7784645298825501,1.0026398990370389
-0.9617042053194689,-0.5255259709377179,-1.5210866963141223,0.6353044618080969,-0.5255871494177338
0.6777436251420387,0.15666238926574197,-0.5521490627085528,-0.34858866259734433,0.4484019638671944
-0.10236526435686626,0.016289279644371237,1.2256460130234301,-1.6760172875497747,0.3585322885312632
-0.0889405556615305,-0.13911302346972992,0.09695040723339857,-0.2763164461169447,-0.360981876750568
2.7323639355699534,0.44341392111120775,0.9629940617340869,-1.0956321604290016,2.894443956557303
0.4173644138721432,0.29225488794708926,-0.17890943437329546,0.27920108821466405,-0.168627088230695
-0.7841964454887744,-0.5620686469352031,-1.2024741341417535,0.3439728520423553,0.18451237774787108
0.006382119735428544,1.4745838578242894,-1.0140617787342614,-1.8355489474234672,-0.5255871494177338
0.12705671379278732,-0.29161526902702195,-1.271557156749826,0.9076152325870319,-0.3164390300443224
1.3374842900764248,2.1178716717528387,-0.6987099832086324,1.147988456859152,-0.4723730178969497
-0.08709001605366264,-0.9933110240909215,-0.2777871152336619,0.32524175064659155,-0.23080342556128003
-0.345020819059037,0.8208848097845033,0.10625897059929426,0.5091423611805129,0.6214467877285345
-0.29113830334881957,0.11574770269412106,-0.45558048154342645,2.3649045716073354,-0.6843719958279588
0.09952669667210168,-0.18199542470043786,0.441354195771554,-0.5496767165159586,1.6515211218047334
0.1501664583942147,0.2676874615546203,-0.315622006670237,0.06013311425134869,0.04230233705278891
0.2405119335472671,0.27679211137497267,-0.6153190686328182,0.16535707237514483,-0.16120007585681323
0.2467357024842357,-0.2625358323955537,0.12264247993009436,-0.30716393493443184,0.36540320709466023
0.47602983016641914,0.6994358442249233,-0.5443890316866888,-0.3395902877201139,0.5251923997224379
1.5173627472582305,-0.34365709211400114,1.4392950960992397,2.1117213678944515,-0.06664072063805662
-0.47824737415183377,-0.06113084681708045,0.7320205348281817,1.2619470003162863,0.3650841971757172
-0.5102567281647955,0.024343631022601724,-0.7118468354927446,-0.9659575679267606,0.9582349890095816
0.8756217095172033,0.2821645787464182,0.9581305298497831,-1.061789309346949,0.5755438017714497
1.7284463280156932,-0.01632666393339156,0.4371710724051655,-0.9633921299383745,-0.07521486459153334
0.13050074130036288,-0.2753598356927861,-0.7750877865828478,0.08444840314691805,0.0891825834795915
-0.2975154325717994,-0.5391593091413739,-1.9531363392520191,1.2858742608373062,-0.09282795730700956
-0.4538071845103696,-0.2632359468086272,0.4299947221814822,-0.02110951716351275,-0.7124301554492031
0.9490131797943923,-0.17858203610017678,0.582434650699697,-0.5537020556735821,-0.198162089892832
-0.31634578215559767,-0.8477441944405397,0.42587469625120977,-0.5501239764223612,-0.9697330561614202
-0.5263259399474318,-0.30878495259208816,1.2961023534411176,-0.5384952188558932,0.6067298636796883
0.9757991303272507,-0.5193115785629111,-0.12509262851855965,-1.4330150316611168,0.8672937546744337
-1.6216445990412962,-0.4265344894034007,0.6126313418982847,-1.6253367914142398,-0.2502036760459292
2.413080703900196,1.556516113292837,1.9652795455386385,-1.7147887726947622,-0.4189325030269783
-0.41427527443097784,-0.303556650084057,-2.1537562916984623,-0.37265124556180484,0.06112074554691287
1.4976707652710193,-0.30067542541144776,0.7922254693120848,0.7318391263940147,0.9411733086173097
0.04258070325081548,0.26153336078637573,-0.1687880052140306,0.045291602078695974,-0.24512894383431616
0.08041609731124612,0.6559445953368938,-0.2995957842614085,-0.6637279926486246,1.5819886631933653
-0.11856345175233828,0.9153323854489678,-0.9565424247423727,0.07257003457003278,0.7850597522882964
0.6840538869507747,0.759921517026797,0.5007891261555968,2.5253663118597665,0.5121076427745987
-0.5442908319285837,0.07794950756205972,-0.2723253665340013,1.6915505297268096,-0.12391554078639205
-0.6460169321818323,0.3916948087228738,1.703857454763572,0.08212386898609741,-0.2502036760459292
-0.777385567653218,-0.5499156523301613,-0.010378280653258553,0.3027792369042152,0.3030705415281152
-0.31200420565825554,-0.5462838499299671,0.459617231090009,0.809041202307391,-0.3632433694987979
-0.29682600517692925,-0.9582570519180583,-0.07905898796909559,-0.0710517755927046,0.502901163646362
-0.88415054757969,-0.6099717105612744,-0.2701013570878215,-1.0260085168347401,1.7317260338469023
1.7823694373146626,-0.03131499746145131,1.362670511524682,-3.9242527103236644,-0.37696698226439446
-0.9138317200331306,0.6087273046269255,-0.015897772472034943,0.3199556752631898,1.0599222430042174
1.9463447344160703,1.4605534230476724,1.2308262122276838,-3.298088841360008,-0.42469223714525245
0.9619417775906901,1.1791784808073436,0.07382249184178485,-1.5358848101337175,1.4226916955138937
1.210052615898968,-0.8872846336664688,-0.6145747472575235,7.234199151433349,-0.23346016959272858
-0.9081764758668264,0.8068009391235507,-0.5843520791669619,0.37706520654236964,2.176819774568832
-0.3831559869725927,-0.47538619674876037,-1.7034626071822427,0.512377209404575,0.06112074554691287
0.18782476176062646,-0.7275012924853939,0.32790629135710275,-0.5998601351802283,-0.2562397851097021
-0.44349239481999747,1.4865835524550244,-0.251250539026674,-0.5849962353665258,-0.7843210804738886
0.9570445178435895,0.7111568472829481,-0.2948785895369154,-0.15291190329537593,0.362788930840681
-0.6825415731533391,0.2919815529256095,-1.635291313827771,-1.316727455996438,-0.1860051034063212
-0.10399889524389788,-0.4076823810561001,0.448645714047608,0.37200870522699253,-0.360981876750568
0.33097320137702174,-0.5680830818808812,-0.5333665469045646,-0.12429199528325326,-0.1289488083963812
-0.7094009750620697,-0.6706120127352005,-1.3875815914779253,-0.594325327625293,0.7259890801801252
0.3170962676681359,0.25493294068774813,0.833860763231892,-0.0738795597375226,-0.6764321934009337
0.21773606866095738,-0.8723766256469581,0.24704957307303016,0.372300170718607,-1.0043011582375723
1.4073043026890693,0.2275439943225275,1.0910651186795761,-0.23368851268883747,1.4069200992592341
-0.008491466115524147,-0.2633744443029706,-0.12827774092664104,-0.5429678179199193,0.1046400184985629
1.30211402910519,2.050798376570276,-0.5732131281134565,-0.35840153475742337,-0.5136033779605862
0.0007119397732691309,-0.03678217505394185,-0.12301778886620962,-0.06534674378253018,0.5429910799693747
1.0460839642775546,-0.02656409564694949,0.6648545538310129,0.630091340161682,2.1291575525702813
2.381414892274102,-0.07385374879915853,0.8943410763390617,-0.7375258772050556,0.31383896544815776
0.11146152314872688,0.18451366502781183,-0.005285566260692648,-0.051253027846289316,0.19423713986710492
-1.0293765024660826,-0.290824541241857,-1.0097386158409931,0.01433729083603251,2.838729910828953
-0.3381272041890212,-0.6344864323244638,-1.7649371374676506,-0.006067501817268186,2.4950769772355574
0.10855015795973295,0.83392409942865,0.16692861163370787,0.9408410825763689,0.41570745987892255
-1.0809094543974906,-0.022205561941957313,-0.8549757438023387,-0.19231386423118857,-1.4242217894725975
2.640815886690905,0.9528180896000197,-0.09467886263540473,-1.6163915932861876,2.838729910828953
2.004540764823915,-0.545357753968925,0.9857692812167321,2.1134660337394418,0.05541167180884852
-1.3812804346257683,-0.8302543843425061,0.16947970169901952,0.3040750876864089,-0.48595802519986114
-0.7665541811211677,-0.59025881565933,-1.6920174111209423,0.5071602955880047,-0.5055744600792651
-0.6363672406943881,0.4435961494987263,-0.671103896487857,-0.7800155683133037,0.39610473506940996
0.2166775875193863,-0.2562089717625624,-0.17632923455558716,0.038583686655407526,-0.14307402589221938
-0.715447951942882,-0.5191956454469128,-1.254194750588202,1.450735818354688,-0.5255871494177338
-0.39584748153981,-0.9302576179472536,0.7324319711609782,0.09264942633908593,1.0306054320885272
0.655321098971594,-0.2847594296492712,2.233681959815836,0.6076326064093905,-0.522946456199817
0.30329961538731115,0.39028387068380516,-0.7230174365098573,-0.9046826951007978,0.6366388827363092
0.19707839060590662,1.0687138050196248,0.27275532417129245,-0.27417427335224925,0.4739326219451153
1.276596404208551,2.087160295135783,-0.5131387136995739,-0.01969417616077349,0.9947168162074427
-0.6414128181824156,-0.850027313758088,0.42202824855533955,-0.16047598339665942,0.5121076427745987
-0.6359167920931248,1.1652255511655483,-0.2650966899451563,0.39168800673622134,-0.323566594428253
-0.33648076359030993,0.6221218856322764,-0.8377316334873652,-0.10219758973637799,-0.5153218181843261
2.4258811809428584,0.09858040905670153,1.2835233854778758,-0.6308244515188081,-0.2562397851097021
-0.35480567680300756,-0.2022443269615341,1.1164801583629704,-0.3150209987618752,-0.37696698226439446
-0.08308716233926758,1.2590470221056633,-0.4541020403594062,1.7918409755023186,0.7989774795800422
-0.2837427798534055,0.4335159489317953,-0.41935298209588434,-0.1952668017610746,-0.14282005520727473
-0.28703778359658866,-0.00915047706869069,0.24705055705211693,2.0028872358417322,-0.9381789959137719
-0.7113297215837362,-0.1668346762985105,-1.918188871548089,0.04208683357031392,-0.3937904083933048
0.2651766089686463,-0.14949559813879915,1.565927762775868,1.0513448623173627,1.0859644902619627
-0.888616439784872,-0.4371082094650783,0.30265314111901465,1.3313682028888827,-0.6961997734410951
-0.08702665723748823,-0.6137623014562928,1.6862197178593479,-0.7411039564562764,-0.23346016959272858
0.6854702284544176,0.8731326184956323,-0.5590475039734091,-0.23105857583920605,-0.4634397369907007
0.4671623625325607,2.5845742871845148,0.3051201634441798,0.5178512060869486,-0.9213090057060224
-0.5802196166231923,-0.7372055332527895,-0.11200529219317641,0.038981070925611046,-0.360981876750568
2.914261116150852,1.0446934958252525,2.1484198506013796,-0.5179212631613731,0.35730222774842074
0.48364852890220933,-0.21113489588216558,-0.202510622809652,-0.23577719613892542,1.0270277726306962
1.7284463280156932,-0.01632666393339156,0.6629824937656178,-0.9633921299383745,0.9203109293375056
-0.8490142136207972,-0.3836612151184665,-0.30043063409197046,-0.2808707953777006,-0.1289488083963812
-0.267880416907337,0.5128863389522424,-0.5553438652476638,-0.2942086122960269,1.3237872513153204
0.8417715684755724,1.534086115998537,0.5463578934566504,1.7912273298665413,-1.0215363880511559
-1.0228740522780568,-0.819661809800423,-0.4950395563530561,-0.10856275552041823,-0.360981876750568
-0.8685598141633603,-0.6673990984439492,-0.9903326590142201,1.6093574026657222,-0.4804288543301312
0.724845133801932,0.6618870061173523,1.1353752838056577,-0.8784127477218783,0.2516546419279532
0.6059835979950099,2.231419183858299,-0.38677298484350525,-0.7694581783367485,0.7289718563614369
0.4894409320567537,0.9163055799090379,-0.33013802287312594,-0.16626312120175313,-0.20067839012471986
-0.9925274069151871,-0.5886399846899882,0.7919550479822977,-3.82585553091509,-0.47791355809293096
-0.10977143362326917,0.44719660634437847,-0.9858001642950974,-0.24147351531190198,-0.6857052165269375
1.8852572813379205,-0.15332213732983235,0.7929127697402492,-0.2306645415517153,-0.37696698226439446
0.062147208222309756,-0.2811124146834671,-0.23725717067433477,-0.23382027758940807,0.5251923997224379
-0.26968110130502065,-0.2885875338060122,-1.8590716944897139,0.32505958612907765,0.8509065428424427
-0.6389973122872601,-0.35005567435595164,0.2925678431364177,0.047115446437099195,-1.0215363880511559
1.5600423434433293,-0.14704098177290803,0.7355130826622991,-0.4700644531762937,-0.9827771844875074
-0.46212452279614863,0.28449288614773505,1.014965588742229,-0.14224580944396917,-0.42094604414533826
1.5019230669858796,2.7065172993512614,0.7968139028693031,2.4648335418808696,-0.040617001631958104
-0.9481706685059904,-0.36272216001944246,-0.9898953554307282,-0.749601894677926,0.46031802095475505
-1.0942154192082931,-0.8149015591876424,-0.5739613128029952,0.39081642751752027,-0.23080342556128003
-0.6020309555020427,0.18232811681683173,-0.700899491136723,-1.0273013617987987,-0.7687394188460209
-0.45824329773142797,0.45540733933438693,-0.737872596913287,-0.5323252560038266,-1.0807629704053512
-0.6247718351106595,0.059206644549212484,0.47846585672779884,-1.0036455215146096,-1.1852916363850374
0.37188982784630675,1.0836590375066126,0.018210788207207274,0.7084977276846214,-1.3690380057767044
-0.3085052759118968,0.4691118072343554,-1.856083225319233,0.0657114677236779,-0.4634397369907007
0.6379454389514818,0.25256048776303003,1.4772396661913378,-0.6271886733635502,-0.2562397851097021
0.8600642638738561,0.76373140903697,0.5642718482958596,-0.32878146979534456,-0.2634615132406253
0.2036519277727503,0.325021606295611,0.38159248007119095,0.7545449258317534,0.7501743122529444
1.11166564672274,-0.20783796132857646,1.603489441439435,0.46912434542960485,0.5410676574811567
1.8268597936212836,1.1328292255566745,0.3104119524849261,-0.10141313529903198,0.8672937546744337
-1.0743064674328768,-0.4490301730789086,-0.9729752861618125,-1.021535917770714,2.882986350831241
0.4173644138721432,0.29225488794708926,-0.17890943437329546,0.27920108821466405,1.6616505227110443
1.7236485785915505,0.4274300630435104,0.6259754125725153,-0.9410291346182438,0.3721291667483489
-1.23113902347004,-0.6126532244333238,-2.1099173963332993,0.6947237343653667,2.4950769772355574
-1.0814703744584526,-0.16299111505283362,-0.8265977694660789,-0.3736978891305321,-0.10094716101444622
-0.44229148010084496,0.2868377820671107,-0.7529673106398743,-0.17962703345582953,-0.5800478941228149
0.9842661457430832,-0.052091187771398824,-0.026273693164025405,-1.2317480737799416,-0.21456334618666317
0.24495215642317456,1.4365351743750685,0.33674317725060643,0.7382115524982661,-1.0043011582375723
0.5405634222783642,-0.3555696213413485,-0.9321657479548323,0.04605337740977293,-0.16120007585681323
-0.9596637156895804,-0.42186965029894324,-1.7073694041616734,-0.43786173991530564,0.7459469292390272
1.7831148122874576,0.2838526647029193,0.4680527187475888,-0.0581539895201601,1.5972182100993808
-0.0227222182538512,1.172000333811311,-1.0121326500621024,-1.6476997867343703,0.49715229726641685
-0.48585668244904456,-0.15192852042461508,-0.8100931504550739,0.9555713073751345,0.4304427754849404
1.3257142227545278,0.06629450922355687,0.5594960960905174,0.6811256026910435,0.3721291667483489
0.6014326831151007,-0.08204631062768572,1.731038583360155,0.5059361519885942,-0.152854154408241
0.5944469605960853,0.05737572895856254,1.565620029720582,0.7286622388463366,-0.973266492284052
0.24869124454737204,0.7780839252796823,1.2283874169202025,-0.6225800812595843,0.33033385148759065
-0.812759122784594,-0.5570684266319644,-1.804197540058791,0.27593125065781576,0.5333960373968908
0.5255877778931033,1.1390626190208764,0.38958847932808544,1.043903630679265,-1.1707473421796444
-0.7586220018481223,0.3804128099306064,0.21928379120445632,-1.8131859521033369,-0.503172689908607
-0.15771628676167618,-0.4115781709702707,-1.5520173918574969,1.3000404352128685,0.7119432807720742
0.6423138731656866,-0.08189066886725736,0.4415478789241588,1.3614702214728385,0.8672937546744337
-0.954549471313901,-0.5132295709751891,-1.5201962208289181,1.0404677299418437,-0.5255871494177338
-0.9212289912018268,-0.8133478426438646,-1.80213060465376,0.5736123130155888,-0.5255871494177338
2.278642828249537,-0.0506713200775962,0.44767593923672594,2.912727415593535,-0.2787236309481588
-0.05245534018142407,-0.035655361447489875,-0.49277499505050093,-0.4663626575944227,-0.16120007585681323
0.3173383518931452,-0.30822491232262744,-0.2498258159633175,0.5357629550293429,-0.07670341035062626
0.8627967344119655,-0.09474827810445308,0.6128571101619336,-0.23785537065988696,-0.3632433694987979
-0.1543747591949833,-0.5624174990454335,0.33782035142214406,0.5783756035793463,-0.6954012454678918
-0.0945967712690695,0.25582349835443374,0.361016247591424,0.5000206373747724,0.5349850679365312
0.14369820032821676,0.2938888930105681,0.3436752312530375,0.581042009332392,0.8672937546744337
1.3593772713997536,0.24025078264855915,0.5186154808168146,0.4792383151078079,0.29340159833499563
-0.052965503621074835,1.008202461567487,0.07060797043114897,0.7702251879650357,0.5251923997224379
1.277485774342046,1.66967004239954,-0.13139156107485603,-0.4969000475604504,0.8511406172064471
-0.26968110130502065,-0.2885875338060122,-1.8590716944897139,0.798503757714205,0.36428617079043696
-0.2203832193644215,-0.4734985382536481,0.48800597437524074,1.4328370863757725,1.7317260338469023
0.2823752264170612,-0.06648567682777755,0.19926154848929234,1.7465295389565467,-0.36666102240923465
0.40194829434454643,2.838621252326016,-0.415126858959041,0.23171259753358325,-1.0202953759319975
-0.07308440156762658,-0.3011922202401437,-0.6789092671828709,-0.9682122858507322,-0.39623146961792083
-0.4490604574349836,-0.37918538808711266,0.9355489036211247,-0.4262329823488378,0.3585322885312632
0.27970623486396046,1.7250654307902527,-0.055501077238586195,-0.04135656943668693,-0.48957313655593265
0.4780193439789394,0.3693395727029115,1.2940504416920071,-1.2764740644202028,-0.233763797482037
1.3697369711478382,-0.5415969929629382,0.7977970430737681,-0.35408275610401996,-0.20670881370652533
0.5706654636747044,-0.15366451496532044,1.1932047128251997,-0.6614916931166115,-0.23346016959272858
0.06818562210824877,0.2610639463161288,-0.30535163522709696,-0.11240251732181143,0.8672937546744337
1.6847098361346855,-0.31743190060524645,1.3672969388638274,-2.220192466929714,0.3574428395627976
0.8125160694783345,1.4467528785155392,-0.3005589616407791,0.3789876290509139,0.9537039755803373
1.907294871240755,-0.10129530374887644,0.022280460188902406,-1.321200055060464,-0.308930426034988
-0.13853154384830327,0.0464368791174108,-0.09800568782415309,0.5063645019764385,-0.49234390824184615
-0.33046988950634654,1.2601741184867017,0.14875149708437624,-0.0399001560543137,2.0064688122452323
1.1273247161601865,-0.4248339563522369,0.4326407059590624,-2.135213084713217,0.34214875501070663
-0.03402741814558429,-0.38834979834280825,0.04915033264771486,0.6088074933943346,0.36540320709466023
0.705622188554825,0.17117895022644267,0.5057874807159669,2.7513307926065567,-0.308930426034988
-1.5508788913215208,-0.35181236218991796,0.1720063147840731,0.33792684394395156,0.8897946545022678
0.3458468195786897,-0.10098305397122743,0.1831985691692825,-1.3927616400848817,0.7441315153501997
2.00447161854258,0.1505288328581282,1.5207007295079356,0.14673461586541614,-0.233763797482037
-0.8573777082767849,1.0273157990313055,-0.9329097703369807,-1.589555998902031,2.3356813639312555
-0.7431877640416534,0.08039505257117024,-0.2781076777576665,-0.20202376582091072,-0.9683347126304562
0.8756217095172033,0.2821645787464182,0.9581305298497831,-1.061789309346949,0.8230242733861503
-0.8764706153842486,-0.16310491664668253,0.2831929371244512,-0.7953621325569256,-0.7124301554492031
0.022459099480930726,1.4033983001537376,0.04113113771420926,0.8030543789434826,0.40935016734854063
-0.07391933771007285,-0.49115978285454004,0.23302766773837832,0.43476172693767545,-0.9697330561614202
0.040053679897696516,0.5574986244308585,1.4329028948588414,-0.07165190248157982,-0.10846529519431537
0.14460187577461842,0.5936140575692852,-0.28894745403576394,-0.24941119464226988,-0.5760865199039911
-0.7007387839125997,0.010757327689398423,0.132679316933224,0.4524669021610703,-0.08667899096059145
-0.267880416907337,0.5128863389522424,-0.5553438652476638,0.02830097054048235,0.6019801604420929
0.07484373348090363,1.6432467919802956,0.08174420141315225,0.3205395507591879,-0.3512488974992958
0.48580232107977,-0.1520575223014875,0.6556548614332381,-3.82585553091509,-0.47791355809293096
-0.4632217256022824,-0.8516304491889465,-0.9324574730387412,0.09673692860717531,0.36428617079043696
0.0737841214552243,-0.8839737774791177,0.09262258827046362,0.0760418996515763,0.5881249644447311
-1.1650110948565817,-1.022996850180303,0.5024449247306925,-2.1665212781614,-0.7124301554492031
0.12656121128700804,0.43443431038588753,-0.6384472134462542,0.01975968827041114,1.0992577710912392
0.5877062587220164,0.14925348835063412,0.47085062940576367,0.14725624167466728,0.6094989634058589
0.10852943591150094,0.9520429838161852,-0.7702689470455771,-0.6999560450672362,0.495688663707493
-0.05276161529533215,-0.31304946069030504,0.15659055684685547,0.064020169632313,0.6214467877285345
0.14078509474145712,0.36264054659864936,2.2601160803110014,1.211298416597622,0.6067298636796883
-0.9796485105638303,-0.7287068465949609,0.12986914269166167,-0.2635408199262028,1.7317260338469023
-0.37473827551581995,-0.905428747568136,0.054761445483558276,0.21861551426542955,-0.9697330561614202
-0.2619246328152318,-0.557151679156143,0.35586952303720115,2.281148271596479,-0.09547132566051501
-0.3074340890149137,0.5092976034485724,1.0158827966963198,-0.8918305449139565,-0.6954012454678918
0.5600382308808738,-0.49170420090853667,0.5856644104973056,-0.12761949767049588,0.3554712646339844
-0.2837427798534055,0.4335159489317953,-0.41935298209588434,-0.3962665686198628,-0.14953431114276317
-0.5961414669814656,-0.3955218857881544,-0.22132792765375364,-0.42176038328481164,0.8078552514228273
-1.4758595230883522,-0.8933267280004428,-0.172975435826779,-0.2306645415517153,1.4069200992592341
-0.015087944141189307,-0.47157067140762765,-0.002760844532661079,0.43411533888030457,0.36428617079043696
0.4492245658647889,0.04990492030936929,-0.3558206708136931,-1.061789309346949,0.7487855824905019
-0.10043475047094796,-0.10983794708763059,0.0027689187995699038,-0.00684277447787392,1.6515211218047334
2.120981109976111,0.3885210875364394,2.2259447634492284,-0.3682521588654673,-1.0037541766076865
1.1148501010434062,0.7178272813084979,-0.20241330110002875,-0.31866599631717546,0.05422259731432226
2.3438309756023155,0.5859089565853494,1.0383712718162157,-0.45127953710738405,0.03069241579415068
-0.9862072665355854,1.3490964313601463,-0.8423923046932724,-0.6901163271263787,-0.3608019738822333
0.29794849219364017,1.976307140919624,-0.17331770326099655,-0.4414758357830963,0.21451736729373408
-0.39636276002099835,-0.5050449461295033,-0.5145804079387122,-0.4799040626888463,0.36540320709466023
-0.47016153581147657,-0.6928085249469544,0.06439100320070557,0.04887188518336464,-0.9697330561614202
0.4806087937070297,-0.5615494561753445,0.12297651540351222,7.076759449120112,-0.23346016959272858
-0.5645418143488684,0.5324173021101063,0.13569642271360605,0.17913498362953229,1.6515211218047334
0.10178209226532361,-0.7442386378331906,0.28258525024549436,0.8434190739313483,1.0306054320885272
-0.4286483514303949,0.2204755940523831,-1.1135777314289903,0.8763119897574486,0.06112074554691287
2.1708080901781335,-0.1166025878263973,1.3282793814882554,-0.651651975175754,-0.44904403639247037
1.1130477905028193,0.04301913450535579,1.5821488001468973,-0.489296629151606,-0.42169106940676904
-0.9108490026596955,1.1796000003477207,-0.8297123661355623,-0.5634414177465541,0.3464132068587697
0.544294587372522,-0.5506933570822122,1.1671572987783934,-0.38196462323352093,-0.6970683565275249
0.7726979701150051,-0.2693400216601397,0.059977865431853926,-0.4096843658119411,-0.09282795730700956
-0.46454888358704965,0.1946431062397332,-1.0905432739698433,0.8427800527677141,-0.3917950916361426
0.8161610054865468,0.5816724423986707,0.5510934327214501,0.8007034766299967,0.018888714401312387
-0.8583749273956539,-0.7537030408077,-2.0967144605078936,-0.2500728300690586,0.8509065428424427
-0.33283301043914737,0.07717237088587611,0.644068349542978,0.6454586821480236,0.3650841971757172
1.3305251145662786,0.9623475845235538,-0.09675861317833288,-0.666858811993443,-0.021283462341050444
-0.6293177087266619,-0.4696507217335127,0.4099802161627422,-0.45424283805137705,-0.24512894383431616
0.32592768021172,-0.2551229766222728,0.787895167581858,1.9872592836795941,0.5295946697254613
0.06592903969879996,0.45390989888554567,-0.3370732689611699,-0.48676089842653486,6.137355003993685
0.21565627769495535,1.1226170672610103,0.008826570946234265,-0.10481192482294277,0.3362439460175871
-0.9472114178377192,-0.4744286419183292,-0.8250836108178576,-1.021535917770714,-0.0652832565228061
-0.6724515962404892,-0.476516555511599,-1.7839973117070556,0.24373455901614685,-0.5055744600792651
1.2630190504356025,0.22080213969979207,0.3287111368253824,-0.43428366066408475,0.32784313305861085
1.7066011854613234,-0.36911738298148256,0.5959797772533417,-1.7282065698868405,0.8495234977431261
-0.39004485788265336,-0.33788034215717416,0.7219567852902118,0.42839035386384017,1.0306054320885272
0.06498723004898586,-0.8337719727070196,0.037215180207333734,-0.2306645415517153,1.4069200992592341
-0.5424384817372356,0.6573479172252042,0.23211148134416337,0.6528273773942176,0.6067298636796883
0.6896706416516223,0.823781479206886,-0.2838394338719729,-0.40537117714945464,0.8672937546744337
-0.08669698871724213,-0.05183011004864287,1.6195801801495762,-1.0974748679488826,0.5099434580834049
0.7330695296114313,-0.4446322360987959,0.5630206485098973,0.9049130814553121,-0.23080342556128003
-0.640718964163939,-0.544956723988633,-0.021268052632189068,-0.4809054507555418,-0.360981876750568
1.095538690445899,0.43853399546276084,-0.2906082023813217,-0.8873579458499306,-0.5020365932633147
0.42673879726621405,0.4603133563352306,-0.38523265613193675,0.12309724710566904,0.8009386883584494
-0.39885215106741817,1.5516983888586902,-0.9815875476437269,-0.21278036125126434,2.4950769772355574
-0.343223842523458,0.7519758502746631,0.08900687610538306,2.29267281087726,-0.44712809773908824
0.11501711171885379,0.87599882573655,-0.7563230091034985,1.8366895994368766,1.0270277726306962
-0.7010946450271155,-0.8235609457089821,-0.09731488411009036,-0.7366313573922504,-0.23346016959272858
0.09608213595995449,1.2455013211193966,0.14001863451696556,1.1921673007545073,1.9841337708238929
0.14217283681138684,-0.04061635869150498,0.22413523359025087,0.6255789609535756,-0.32450205590439835
0.2656983734598448,4.0318654919926376,0.02728136921747772,0.21976060378497783,-0.009056587937286963
-0.596524281562181,-0.7327955973422641,-0.01607036142162675,1.3241557807933737,-0.6961997734410951
0.6507879520847244,1.262587915237692,0.013212783944456874,0.6369720941022494,1.9841337708238929
0.2523838186875064,-0.450252642906059,1.0622652919050666,-0.6507574553629488,0.34638382903944115
-0.39483776988308467,-0.5198981837527119,-1.2939384788450197,1.1838322776331962,2.4950769772355574
-0.5993249922872945,-0.18944512459668525,-1.8594981641648622,0.39931127217594337,0.06112074554691287
-1.5128660848399267,-0.574756913563748,0.1298619302421116,-0.0012605617316815447,1.0306054320885272
0.4908484287947111,1.713889237382336,-0.2590423104041785,0.26498250440850557,0.8762153318624825
0.44228043325217187,2.647620589543637,0.10208581618751322,0.7833362592586173,0.30414811958240634
0.06607534963340161,1.5821057227296789,-0.08293930568814276,-0.06251016692370175,1.111504541815943
-0.9131424348508982,-0.3107184412148459,1.056647502015222,-0.6037951651906746,0.6067298636796883
4.2034098069015,0.8535587035951291,1.8404063447407402,0.19390027750192146,-0.4189325030269783
2.9089915276082476,0.10791378727952032,0.880149079064015,0.5797154839228331,0.34214875501070663
1.3365579688634763,1.9294035786672592,1.0166187240891484,0.9866692886623754,-0.45082797745412445
0.8880758665794252,1.4943416064367896,-0.29853285932358326,0.1375251641865165,2.838729910828953
0.3261780246681542,-0.18361215205459894,-0.3959011507682072,0.8064796475532445,-0.09282795730700956
-0.42593317598593905,-0.15890941933763808,-0.07260017379876237,0.1386378966169826,0.6214467877285345
0.14004410586546578,2.071895832309141,-0.0937345932812364,-1.1352144371174528,-0.45579637302608955
4.1911077403365455,0.7043344390918076,1.6700520918448492,-0.5062925055949052,-0.25586927883067817
0.38102967035807905,-0.15278220269136833,1.628686817110982,-1.7952955558472323,0.13872893691240282
0.4869709259554737,-0.02580805280279377,0.8909406746057051,0.5590186183846115,-0.8032062001617537
-0.5807239586397002,-0.11324714864814672,-1.6385304907633726,-0.19209349458354555,-0.6584093033524757
0.5590362070633512,0.9586447477564338,0.06755345146670295,0.643906912156928,-0.4665181492693055
-0.4877842435342577,2.1742114978475473,-0.08086317162640906,0.14029021161550861,-0.670069216207426
-0.13644203224530377,0.4163960350918135,-0.4773382529687215,-0.13103303187644513,-0.2272277724551404
-1.5089333262822027,-0.853870721235731,0.19226578467097433,-1.1109878990512363,2.5986271287757194
-0.36649558194740084,-0.3867003512265024,0.65418425357249,0.1276950971632175,-0.1421995909466891
-0.024246861674179505,2.1595099857018742,-0.712232923720265,-0.23247423740280898,-0.10094716101444622
1.0558546259890587,0.40348414298190316,0.3002354525506609,-1.0036455215146096,1.0420439774735193
0.1109407779355587,1.4469833598572646,-0.07701938823204987,-0.38463781105339484,0.8777675792877794
-0.6370533349437421,0.12750290849003842,-0.2092544645288025,0.6787681044947148,0.1347286060315697
-0.3619099844259789,-0.3685390421478543,0.5752942333359643,0.1276950971632175,0.6165325636522389
-1.554110299266344,-0.5136975807803283,0.10463892443218613,-0.2414232996253972,0.502901163646362
-1.0102149795107749,-0.6704174379476092,0.48371034015322323,-0.8157963608255127,0.5295946697254613
1.5526969272318167,0.9736952890219263,0.754919811164979,0.630091340161682,1.2046999122764521
-0.17368896476082393,0.08266018802504314,-0.15587367522443746,-0.08244935052692563,-0.0628577445237989
-1.5801605480139536,-0.7931552936007595,0.29388117946597936,-0.0012605617316815447,0.9397762190561528
-1.154093754775914,0.8106444350126703,-0.7540900088462026,0.6427661448968401,-0.512289384798651
2.0538529120512568,-0.4628871755178006,1.1193390496471194,0.43359917914478674,0.39560331434251794
1.4620042943127287,0.47206551524361834,1.2210943781602615,-0.5537020556735821,0.5423905120297294
0.5168459110168468,-0.19594097517540066,-0.007260260547845898,-0.12418616398820549,2.838729910828953
2.7059309671992646,1.0680737681496992,1.7124929492031002,-0.443228858792137,0.4616094426601615
-0.025355129253902976,-0.11116015048288964,0.0050958782232050255,-0.5197103027869836,0.7131912315241656
0.07215453761849017,0.8149941679712008,0.21260799219896231,0.9862955190134802,1.4918646827805409
-0.30825946699481444,-0.6937223129133643,-1.7215068425189368,1.206045644769452,1.2122397819329787
-0.19689631566527876,1.1087665997320175,-0.9312635631524984,-0.4199713436592012,-0.42014276916330684
-1.0700829150334181,-0.41778934016628516,-1.1786039840246836,-0.6995087851608336,0.5811589113719637
0.15500761044535438,-0.37027357406029515,-1.2265131742435738,-0.014245151974283873,-0.5055744600792651
-0.9596526282922175,-0.4233571416397596,-0.6618239427562879,-0.3128831059007096,2.1797460385108347
-0.10849598978036694,-0.8755504961167682,0.3532998915547429,-0.35502920524954196,-0.24512894383431616
-0.7870516618347155,-0.18031390574954761,0.04233882676055796,-0.06031957777065635,-1.0043011582375723
-0.7215640276928691,-0.3606689296459106,0.48428893479138185,0.6639042111799115,-0.7255759389276577
-1.0136562058019254,-0.35027702930713256,0.263373773243314,-2.0278707071765902,0.29340159833499563
0.18687756458732013,-0.5400441927560267,0.2298056069373349,0.31814252981466046,0.3585322885312632
-0.5562501287842601,-0.6706120127352005,-1.3875815914779253,-1.2474607408205305,0.36428617079043696
0.062273175150439355,0.7569732582960695,0.418974043382625,-0.03669917934046821,0.1426747619056181
0.4735500312380016,0.36650434469108595,-0.5214243423870758,-0.018314968323342347,-0.6857052165269375
0.3405112897489994,-0.647657430732097,0.3883233436262263,0.3938645022619165,0.3554712646339844
0.7957733107954379,0.568710894207031,0.694749373086354,0.42869456599998945,1.6323494282169373
-0.8627433076858843,-0.5159699954029058,0.06614628684350651,-0.7598888725251861,-0.3913518551083034
-1.0847801227366582,-0.16617227476744767,-1.1827028625934466,-0.01678788307106212,-0.3937904083933048
-0.5527660516331173,-0.28799232723215035,-1.5869672152098593,0.6082052410320514,-0.4804288543301312
0.3677635196471414,0.8346362707273398,0.43814664549830473,0.01135466867893662,-0.3512488974992958
-0.7447358588894647,-0.4718941997137204,0.2967839864966492,-0.2635408199262028,0.5121076427745987
0.13271442268171812,0.1156920178357385,0.05815899874053716,-0.13380404857332026,0.0004876270590131985
1.2098691489882005,-0.20952792638543796,-1.3286166555327428,1.4510521351709327,0.8672937546744337
0.06818562210824877,0.2610639463161288,-0.30535163522709696,-2.8597741330854483,0.36428617079043696
0.6159719486607684,-0.4055897271430802,0.5856644104973056,-0.3317309197411103,0.9203109293375056
3.2001854988841214,0.5976117744010417,0.7987796918802533,-0.8068511626974605,0.5421343677971191
1.02722061223802,0.3116864702759044,-0.7723726563108041,0.45333616941524657,2.838729910828953
-0.882376820899694,-0.48383273370504193,-1.5052070740400638,-2.050233702496721,-0.39623146961792083
0.15401194775318336,0.44116625320650515,0.47563220395739825,1.746525960135663,0.04230233705278891
-0.4669659425124639,0.458652249847522,0.777588650013771,0.37434105577995497,-0.16944601411276108
0.641712219546607,-0.5810562251395925,0.13755788180524933,-0.633233581889356,-0.2562397851097021
-0.4238381493592257,1.1936420975150093,-0.7233230775698167,-0.6167657024763504,2.112417891624489
-0.4160627675895706,0.26388450504529426,-0.5270937415817081,0.9062422805803363,-0.28719143826198784
0.6522563700632029,-0.28907176931972006,-0.28907224040495094,0.025541315801737463,-0.18600828211720855
1.7186904502581046,0.33437507862083327,0.6959268282079495,-0.7151628818849249,2.838729910828953
0.2747095406465686,-0.7075139553123316,0.7251060649001941,0.9158619093887045,0.13069483595587883
-0.9705811787254803,-0.5351059282847364,-1.198275100042965,-0.01817012345290178,-0.06405353013191219
-0.37137016459881184,-0.7405697171249472,-0.13349970590359822,-0.2306645415517153,-0.37696698226439446
0.3028851502029574,0.46772609505872625,0.75214171281883,-1.0886249037311058,-0.09547132566051501
0.046306155887766806,0.06857838460391763,0.2290182075345217,0.7303167185436423,-0.9697330561614202
0.6729730562045574,-0.031078041967426105,1.736667752235449,2.679483011383881,0.48258735435819955
0.25036155486901396,0.24955701722532755,-0.42127939577215767,-2.3677882360425753,0.04230233705278891
0.29984873815087376,-0.29224746091061027,0.49327251906839537,1.2507109865654633,0.5121076427745987
-0.3086159434361588,-0.449587211885764,1.0137786255517,1.930870054768067,0.6067298636796883
1.1088817814192593,0.1497058121810112,-0.8143092493389006,0.010463691130472587,0.5026293029921685
-0.003901462918357963,-0.7742595032497089,-0.022152957205772667,0.4418803452304191,-0.9905385052119792
-0.608070615657897,-0.35828647288714977,0.4251785365731165,0.17651550801124197,-0.3632433694987979
-1.0573258069536946,0.08929366890945853,0.2330202807405146,-0.24729112271363807,0.6565626238164562
0.231367437059009,-0.29224746091061027,0.49327251906839537,1.2507109865654633,0.6165325636522389
-0.506004479394598,-0.40625141969330303,0.17561712492149478,-0.23704748352588487,-0.1421995909466891
-0.14548200830399802,0.5655252192832314,-0.8452337938850623,-0.17419159413612953,-0.749841759460084
0.40574759500415813,0.1655422171908382,0.6882393699753998,1.9398992337292496,0.5121076427745987
0.24796920207171524,-0.23073666285943817,-0.5353988571750306,-0.7062176837568728,-0.39623146961792083
-0.31092387515079023,-0.9508616546194112,-1.6130965116511073,-0.587246548653778,2.1021333328540375
1.0941134307828828,-0.2950768504811706,0.5311476658223869,0.3158509000594989,-0.0684501154718097
-0.18149909261011068,0.11054506926351843,0.03802084382539155,-0.35860728450076285,0.4677421909970736
-0.5197287297395767,-0.3735939274850408,0.8076847848821666,0.06722769691781645,-0.152854154408241
-0.6092273715513962,-0.4722235845823526,0.1040879916299626,-0.32118027998088855,-0.23080342556128003
-0.3880080627906638,-0.3952585313514858,-0.12482255909355061,-1.32567265412449,-0.017124295284642994
0.29822612920764613,0.07026128503585298,0.3372138305996364,-0.20127112144557577,-0.9827771844875074
1.812246835949922,2.512551253954487,-0.03715022515425034,-1.3882890410208555,1.5549657810449171
-0.6893092833613296,0.6996798060288351,-0.9312606566281673,2.9821858794887715,0.4686497307455131
0.11378738270150639,-0.03688037532190855,-0.6267971052663398,-1.32567265412449,-0.09211336171289936
-0.47678548781407204,0.3566376178516985,-0.536982941805645,0.8190394074784698,-1.3246721360092437
-0.11425805006364584,-0.07653389628864214,1.1262176392694938,-0.6322280035523246,-0.2562397851097021
0.6042718484899915,-0.3189804071418258,1.5421351723192072,0.7197841334996925,0.6094989634058589
0.9365935525802103,2.5321916110039413,0.5282346444004762,0.7974551654165954,0.20751687185026296
-1.5083103741235293,-0.839631324527718,-0.2903898928922513,0.3076937460334173,-0.360981876750568
0.2883005212326551,0.602523430234726,0.2673700323721112,0.06481184200002209,0.8134757112945186
-0.345020819059037,0.8208848097845033,0.10625897059929426,0.15845916842184896,0.502901163646362
-0.1558314955574121,-0.6441060552357483,1.492900709783492,-0.16661378725078316,-0.152854154408241
0.7465417478345665,2.022690102873096,0.6612213350074535,-0.5053979857821,0.9847616335063407
0.07101802081256334,0.22947057243307414,0.025371717730717242,0.6206577822947693,-1.0202953759319975
-0.09602510012750197,-0.2725559315790517,0.12216461245636084,1.2251559327903645,-0.5774777576060479
1.030507461841228,-0.15770411404995308,1.8849376536099036,0.3234003598176769,-0.4263119118675124
0.7907316300585145,0.2648159056916069,0.11143007819806415,0.5211328790148657,0.48690485600225814
-0.3090644252891863,-0.6108716557814875,-1.5754887446498602,0.31389365328829216,-0.7608950853203147
2.040826794768653,1.286400593821056,1.2616612954182365,-0.6328670591068444,-0.2562397851097021
0.9159824194733,-0.35613694333112467,0.8380414951838314,-0.5452053430486629,-0.48595802519986114
-0.10772482398183335,1.9843455518838404,-0.828195300318482,-0.11764594990447107,-0.10459303642978746
-0.5972867538800789,-0.6934649497978644,0.37315627799098505,-0.2306645415517153,1.4069200992592341
-0.7254172750209485,-0.4896875049232722,-0.8258129307266622,0.5071602955880047,-0.5055744600792651
3.343460414299779,1.1555687161848562,1.5289040079059972,-0.666662435329328,0.17388423125025682
-0.5004604318415494,-0.6246941019980413,-0.21100864312633313,-0.621684277261567,0.6214467877285345
-0.5880300645630596,-0.3472289149006944,2.028278620085657,-0.717399181416938,-0.47791355809293096
0.2841105003580514,1.9837664584236379,0.06521257009746827,0.9110143550263289,-0.5136033779605862
-0.1490829600464279,-0.0930893744552588,-0.13029465694250622,0.07029710259439771,-0.20285243855955484
-0.46219761700215345,-0.37187234952589926,0.4132500651966742,0.2714043271817687,0.3650841971757172
-0.8073748365302255,0.8220251965573658,-0.5947357054094808,0.3160476598293011,1.5788620984741653
-1.2533595314750392,-0.5770935691065167,0.8402521469428723,-0.23037917104458475,0.5349850679365312
-0.18619408234645266,0.26057732342389067,-0.31517389829547765,0.807216664758665,-0.7217185606048415
2.7468524207889295,1.5159674548940965,0.03620998237424143,1.5714477723185873,0.9203109293375056
-0.27496754883599583,-0.8937222004975574,0.2727039997210267,-0.3748190954652197,-0.3632433694987979
-0.5215352615802193,1.3009679036536907,0.5570406511065575,0.5878019204935064,-1.0043011582375723
0.4887355934183516,2.0616431196144402,-0.032260865668643245,0.4531476273552785,0.8078552514228273
0.07387912332592253,-0.9427582953110213,0.09262258827046362,-0.12930589165439454,-0.10846529519431537
-0.7578826384200579,1.4449027762406152,0.31809972758349003,-0.2963561385111237,-0.36900126446135456
-0.19625769125698314,-0.4921244785668883,0.14740785716317178,-0.3853128266300434,-0.3632433694987979
-0.7093262731694092,0.451383144822217,0.3152275064809378,-0.3609309792180048,-0.947715519895255
-0.05402549254375082,-0.4052411338260953,0.008021535123846067,0.7352361322851599,0.8879340977003823
-0.7281617550427318,0.10607301077470115,-1.0044959992012599,0.2171463946845589,-0.3764296738135634
-0.10750727311157475,-0.089326698038463,-0.48750218915790533,-0.46201377486104667,0.03677405168901138
-0.1847415864980932,-0.579434930457659,-0.44511590439749066,-0.529859177456285,-0.9697330561614202
0.37664423583302414,0.21437235622078998,0.28664114544808145,-0.41684882657551625,-0.476987961179268
2.237898330389979,0.01789981358653341,1.4049515099943832,-0.3832604066913253,1.0026398990370389
0.12564961481886883,1.5538961714482706,-0.07033613039841172,-0.564091281009173,-0.7301405562217154
-0.640718964163939,-0.544956723988633,-0.021268052632189068,-0.4809054507555418,-0.360981876750568
-0.47183803870326707,-0.435802931704222,0.4161730690556119,0.677732253928746,1.7317260338469023
0.674174440290707,0.906618627344296,0.038857286543933986,-0.6685376137538915,2.838729910828953
0.8843783202952166,-0.1314947059024876,1.8988478570229366,2.3812058374693867,0.5295946697254613
2.5089539898477073,1.087398507609015,0.1747360810687218,1.5198087736181891,-0.40554796369723967
-0.7179020479492734,-0.058683898355055227,0.4041666966083224,-0.5209321147204988,-0.24512894383431616
0.07304407055736935,-0.4655935764354164,0.030080702454622688,0.6101182238466433,-0.2261702579177642
-0.06201781930549831,-0.40555385731091187,-0.8857298022303062,-1.1740587149039772,-0.5283545771841615
-0.06534682397525093,-0.6996496871062653,0.24403350214995767,0.12458195941623502,0.3650841971757172
-0.14117834213689753,0.5058413093390021,0.07292487712058907,0.376883625176775,-0.5607579929811966
0.000718559992484059,-0.03678217505394185,-0.12301778886620962,-0.06535564175463386,0.20751687185026296
0.745506477276916,-0.5478658516590568,1.603489441439435,-0.028625738630017616,0.3796339252502746
-1.4371194998372103,-0.6014606085691455,-2.0755578008681814,-0.3230549402508704,0.7097372970873081
-0.4781222147191591,-0.06073362129336263,0.6601378990888562,1.0300137835683811,-0.965959610217697
-0.512848854584601,-0.49508627842822317,1.059216186366451,0.17038063101729567,-0.152854154408241
-0.19583228251112114,-0.03197538160734248,-1.2742051348891,0.8367330818769195,-0.6584093033524757
2.808510170367712,0.6042041621091265,0.3551610232615798,1.3663893030455496,0.13689563305432675
0.5254253153222413,0.7380091222898236,-0.5421726723907796,-0.16459491518741493,0.27634361615933056
-0.2554709471875404,-0.5766976078180105,-2.072223323661416,-0.6735677105894821,-0.5255871494177338
-0.013228328363716206,-0.1772254059967672,-0.03090808939428906,0.39439379885261416,-0.6954012454678918
-0.4143049156682561,-0.33388480226817696,-0.08836730523689651,0.12799431442971698,1.6515211218047334
0.09909053182468186,1.846345860328965,0.2208566468143356,0.8617531711010389,1.6417224345355657
-0.5562109071163169,0.0031995942124405687,-0.7709626585373883,-0.18956529413791504,0.5360574629156194
0.161177959508947,0.07552613202155639,-0.35375306777986315,1.0354823577653884,-0.4407740458825012
0.2814901463518751,0.049972442438257936,1.0915270710012035,1.4171509024363222,-0.10846529519431537
-0.13414289663523105,-0.39272100284479317,-0.6560181572033726,-0.2524404687551118,-0.7878163123163953
1.9082958793651348,2.759810569557141,-0.7692137234305952,0.6203362910874839,0.0850943075162828
-0.606847717131201,0.300298916908932,-0.588358952258175,-0.28977106146725934,1.1418365666875145
-0.3754792319254579,-0.7538546538944234,-1.649906411248551,-1.3122548569324117,-0.09903076075714864
0.6955054089889099,0.32092497439222745,-0.17848654521441953,0.03411045862045107,-1.570853327707746
-0.1027723081456746,0.49067041737302136,-0.6688202056071116,0.0960726211778973,0.9320517650440117
-0.5056105223239009,-0.4430070273551229,-1.539147367283451,-0.7598454429176636,0.8509065428424427
-0.1013278382343208,0.11770681195812763,-0.6201879577342624,-0.7889607664413559,2.2437667146337983
-0.7707056729091571,-0.45768356842322727,0.2290978653423406,-0.34825359681443085,-0.20670881370652533
0.12200813072398489,0.0005841031090927069,-0.004113548567858885,-0.3524350977924068,-0.20670881370652533
1.523066672121234,0.8893759244493513,-0.03231755303250022,0.42794116486109934,0.7322089376196418
0.6856872938320435,-0.1655933942804016,0.06317171684819614,-0.4096843658119411,0.8672937546744337
0.4908484287947111,1.713889237382336,-0.2590423104041785,0.35027005615096873,0.7546969633574556
-0.3644820348705559,1.3299954912151533,-0.6990364877889185,0.1485279931222577,-0.3450791988520659
-0.4875866342325914,-0.44161554415107596,-0.15082621973531113,0.6594199213493108,0.6214467877285345
0.5068512711622667,0.12585325673977732,-0.18101603767679392,-1.3390904513165682,0.8783918890557737
-0.5062143366823408,0.4410858486379905,0.11275178321810465,-0.9365565355542178,0.5337337732649541
0.358372902862986,0.16757727719138696,-0.7596667497257882,-0.2511580687813501,0.5026293029921685
1.301491382234584,0.7756626604683184,0.16946895257843111,-0.4629082946738519,1.5259890467409303
0.9619418066057195,0.9831777269071901,0.326555246039594,0.1274162241111,0.14200815155612845
-0.5270433553480399,0.41207338451032643,-0.7250674557259873,-0.6422304589843612,-0.3164390300443224
-0.48449329692335824,0.9262134364307537,-0.2610649948254125,-0.3109688618095674,0.9497136789839802
-0.5887667746561582,0.2565183465057597,-0.8506170401779138,-0.18507046848134934,-0.18044332932160526
-0.24993184718005515,0.8290949675761253,-0.4201449056992835,-1.2004398803317586,1.7229793436479595
0.8011346246758739,-0.40666412788279344,0.7986705288094696,-0.1017674000623909,-0.09547132566051501
-0.928946141839249,-0.45380782680919723,0.4723692633368553,-1.4553780269812473,-0.6970683565275249
1.1088817814192593,0.1497058121810112,-0.7150364295367083,-0.6512047152693514,-0.39623146961792083
-0.6878001221007383,-0.11635947803036685,-1.9101584920793213,0.296445033728749,-0.5055744600792651
-0.3215531467008199,0.1683315748333555,-0.5296914006190071,0.40059244221943713,0.5337337732649541
-0.6838489614262929,0.09546912412381929,-0.2934484079555104,-0.08771774764123073,0.3585322885312632
-0.7803731492109226,-0.20304901622869082,-0.6355406142529122,-0.04265111653160213,0.20523063409783832
0.3337245193450258,-0.14886174413720882,0.05431651523372206,0.06827917206298106,0.9977186527298233
0.6522563700632029,-0.28907176931972006,-0.28907224040495094,0.025541315801737463,-0.18600828211720855
1.4761897750857558,0.44685413567203436,0.36302480199285825,0.6080597006488263,-0.892871562017104
0.2906606812949774,-0.07268242771327024,0.7415624331077348,1.8724814972089747,-0.360981876750568
0.8568354745549157,-0.4350722365812877,-0.5397644147178297,-0.27686304905550146,0.8672937546744337
0.0005792594847794604,-0.27867519080033765,0.4668067037536616,-0.3666579628160099,0.3789286926307246
0.7126394341151601,1.352300403233442,-0.5140566104306443,1.3198337619828693,0.08733219036011325
0.06566056205405134,-0.18726694727447957,0.1965477944017708,1.0163158858595285,-1.6070318614082473
0.4029789324151772,-0.17704451931139625,0.5500944492455183,0.705141894965728,0.6094989634058589
-0.637792628033244,-0.23644926038519237,-0.011156425645536847,-0.4298838289809695,0.6165325636522389
-0.032597892091397324,-0.3240889614557913,0.7072313724095487,1.3313682028888827,-0.6961997734410951
-0.45234646437555176,-0.3486718525698246,-1.8990311624657101,0.7597781288351734,-0.3917950916361426
0.8261288739496181,-0.24475761088194106,0.6885606520945499,0.08602867575464263,-0.233763797482037
-0.3532038531137323,1.3119502911097007,-0.9901179001906791,-0.36289195791826934,2.4950769772355574
-1.040979966191065,-0.6802498312393683,0.11585233811567558,-1.0260085168347401,1.0306054320885272
-0.8453242340754185,-0.6741792432984675,-1.8215741120933373,0.5280786550618412,-0.5255871494177338
0.21140382510521702,0.05134274032206184,-0.37456604576348923,0.5858021711030381,0.16129247216755585
-0.8839310504825006,0.12758141742882984,-1.4269303113383134,0.74181082999477,-0.4804288543301312
0.050512733793619397,0.8084630838850112,0.22004459259467618,0.025551812666604248,1.8734416760460124
-0.029597398375323405,0.1714857813817988,-0.5028565215936374,-0.37511117504701924,0.4185845682044837
-0.5747393276405043,-0.5419389647450094,-0.4113759852802981,-0.5760650509937127,1.6515211218047334
-0.062351871085313725,-0.8405989843631062,-0.15436088180030846,0.20986514126417752,0.5881249644447311
0.7907316300585145,2.033423554364041,0.22507594662194802,0.09073699537500346,-0.05658087325704958
-1.251299216409578,-0.29349377655455955,0.2850625207034588,-0.5053979857821,0.3902025499810421
-0.4632222802442528,-0.8516304491889465,-0.9324574730387412,0.09673609216819291,0.7119432807720742
0.5660656468082939,0.12962045426331723,-0.3129197785119039,-0.024533418364714763,2.838729910828953
1.5718397117918232,1.8643008715952372,-0.21765185987104788,0.35228094991249953,0.6208351848545861
-0.3988540403869541,1.5516904495974855,-0.9815875476437269,-0.2607340169572076,-0.5255871494177338
1.4095570049162087,1.9927178558114917,0.23168998861152473,-1.093097502795132,1.0270277726306962
-0.0820473786333186,0.0767030365585862,0.22607494845983828,-0.12966430546112678,0.6565626238164562
1.7186904502581046,0.33437507862083327,0.6959268282079495,1.8392619050023455,-0.308930426034988
0.20375132056246478,-0.6454012192168707,0.31954651684716173,-0.2306645415517153,-0.37696698226439446
0.3181837745903231,1.719474525309937,-0.015108001111138185,0.40692805967981033,-0.9267816643364423
-0.07542941871244263,-0.5467188762016681,0.012762413960394353,0.5934863955871655,-0.5716382710080383
-0.09650265923968199,-0.17987596812711382,-0.4369693171115178,-0.5183685230677757,1.2315479074357945
1.1745883898436473,0.23869980124219758,1.5082864899784727,0.1456458501992981,-1.0037541766076865
0.24228344078059316,1.7245385054626852,1.1085047342023222,-0.1918510172767371,0.8897946545022678
0.6960585486819847,0.3205433168365166,-0.17848654521441953,0.034111918790959,-1.3020634783759804
-0.12195804865915734,0.39576406820768906,1.7334477818348326,-0.4074480662799281,-0.2502036760459292
0.35518824962085427,0.5925987172256308,0.021478747918830574,0.7760606844536672,-0.4804288543301312
-1.3904927951930457,-0.7522604723755494,0.08306298406568248,1.0612196828996083,-0.20670881370652533
0.5240126267192866,1.746840700405011,-0.4098148320484258,0.8395150684362267,0.5251923997224379
-0.295772671238878,0.7779818924385187,-0.06924892415809167,0.07389898998135613,-0.476987961179268
-0.5652349778286718,-0.34674130605167536,-1.4889082388021728,-1.0508151706318811,0.8509065428424427
-0.3325745601559408,-0.21566982450352762,0.6836900094165382,-1.2809466634842288,0.6094989634058589
-1.688985873290888,-0.6935514121276218,0.15260384226889198,-0.6073732444418956,0.502901163646362
0.5129980818510979,0.21696480077268457,0.949537431862541,-0.793433365505382,0.23515888069150248
-0.0074242241697384,-0.5457942875806294,-1.975139620309057,0.823009116281866,-0.3164390300443224
1.3692572932146365,0.8652479167581995,-0.032519793104532575,0.27471657847710174,1.5003793049671708
-0.7157304897941266,-0.2546310453517541,-1.274550500363355,-0.20950549565153576,-0.3990090963387802
-0.040613817963195416,1.0029473505495548,-0.8552478755340638,0.729157107322742,-0.44787329019649297
-0.7397751319219047,0.6413112417171504,-0.6493473647661787,-0.22898798444021073,-0.5189141908878949
-0.28303082401855456,-0.731506168489021,-1.3571549593317598,0.3269853682831974,-0.7578643238943822
-0.7366273042288547,-0.4122824645376116,-1.0469308325332591,3.1621221333634923,0.06112074554691287
2.3629046101099886,0.003942803386112205,1.3438724075419488,-0.41881519846458054,-0.2772372587367316
-0.22186646356835546,0.4005411049812049,1.0158827966963198,-0.7478128550523157,0.8879340977003823
-0.10288613707693682,0.7392195126969053,0.18320580071546483,1.0749751896026931,1.589947860353408
-0.21531336370464496,1.5284589712340286,-0.9662369731596682,2.049725417545171,-0.16576820426633132
-0.023329654933777602,0.5406328896290943,0.41987075386358685,-0.9141935402340872,0.9939286543846455
-0.41587353134826893,0.10513913409303942,-0.7576273549784114,0.20706964357840021,-0.4958779295503879
0.456378120853804,0.8985776321062408,-0.37880606277260004,0.05462628581201788,0.5360574629156194
-0.7635509606975402,-0.1879015875658419,-1.1447273702762675,1.8638272096638815,-1.0602603132642292
0.05225074171755088,0.6911845642758958,0.08924580985182143,-0.2864617072668609,1.5325150400093697
2.3567062214231993,0.06966436331418324,0.44767593923672594,0.32422616022239664,1.7660948383217019
0.4462286957300413,0.6751475625814655,0.12913581697874096,-0.47547725001272356,-1.2152519010077778
0.6574733919722687,-0.211958777572004,0.570365982888422,0.8809085149399262,-1.0043011582375723
-0.2833150874049135,-0.36635945213632914,0.07764495801538869,-0.2830499512331526,0.5349850679365312
-1.2041868373283469,-0.46722645358738324,0.4331867496564177,1.1248488160552341,0.9397762190561528
-0.3708170342879285,-0.8884800280554097,-1.4981374214415681,-1.3122548569324117,2.882986350831241
-0.4954200675953141,-0.43706219363931553,-1.4213123104374077,-0.5841157293089597,0.06112074554691287
-0.3224807273134347,0.5286876172998548,-0.17267934914996325,1.8470741682919682,-0.3683234519815879
-0.5085944808633039,-0.5110832364375942,-0.11316416856690459,-0.5232609245301663,-0.24512894383431616
0.2094188270659368,0.07720574005424521,0.08673797572136727,0.3426922388007139,-0.09282795730700956
-0.8598250150751933,-0.5151794955272944,-0.15930980177084697,-0.0054615494431876676,-0.152854154408241
-0.9058744197213692,0.040146073132052026,1.0522390360327452,-0.35860442195156506,-0.47791355809293096
-0.2858892931427666,-0.8244147631559269,0.32506855488137526,2.281148271596479,-0.09547132566051501
0.4907974967097838,1.1111948678381474,-0.5632970068754484,0.04956303302975578,0.09851094847308517
2.5209333711399697,0.17815040339548097,1.7176247222800465,-0.6639087458543962,1.4321877580695987
1.946346312748766,0.24428281054739107,-0.3468966654476615,0.7819465255193848,0.5251923997224379
0.667446509187742,0.011087115246723043,1.5507424213483807,-0.6529937548949619,-0.09949918165388257
-0.5727450952743685,-0.4492722986749884,-0.5828334595902906,-0.7527327140227443,0.7289718563614369
-0.15642729062294394,0.04273325757702259,-1.0790658366463408,0.3109958554741282,2.2437667146337983
-0.10916051028897204,-0.19974012901398167,0.024191615835792712,-0.6165113024020129,-0.2562397851097021
-1.0932512664915102,-0.2675195348958301,0.25411959110800014,0.5194583906080388,-0.18009388973534174
0.8760626619376848,2.0247896683889417,-1.088629228625013,2.246748694116432,0.1297421532943814
-0.4978586894104406,-0.532594637890535,-1.8290343296789457,-0.171128772609715,-0.320308780869236
-0.8936662862131682,-0.7982532081399494,0.13721563450655683,1.2232750238472978,0.5349850679365312
0.6062385145397348,-0.411729380135978,0.4616813884791594,1.8982824181366251,0.5099434580834049
-0.14591582296692238,-0.38983093881089104,-0.028863231630662785,0.3731505523252489,0.6214467877285345
0.4842594650831512,0.16731436849996523,-0.7201737437616965,-0.287497027282742,-0.14307402589221938
1.1750129572933339,0.2108753113078841,-0.22529321058571,-0.8739401486578521,-0.06405353013191219
-0.19748833405613364,-0.3197572645953177,-0.0827765184247275,0.0969205251763976,-0.1421995909466891
0.867370684544986,0.9606348673710717,0.03369906034207028,0.8676622454627468,0.5652371731323927
0.4113442391173595,0.21073833186727026,-0.49222364175366146,-0.143273247116189,0.5500724982644013
0.347029117918999,-0.3476583718713741,0.5341192273551154,-0.05150950162719494,0.5118069686808364
-0.31629531036637054,-0.6344586918492217,-1.636121882084546,-0.587246548653778,0.20907396795881428
-1.3314987349065306,-0.7416291715329392,0.3914962463878132,-0.9714121664892787,-0.24512894383431616
0.30788534734132345,-0.14900498247703628,0.291714413784989,0.18581813499943298,0.5099434580834049
-0.40243560330855865,-0.008239474987621441,0.6212691458152755,-0.03396582382968652,-0.360981876750568
-0.2583366178764595,1.6252502833952487,-1.7697347705962314,1.3003156126784843,-0.28251981554438527
2.224880775087537,0.2740895909549144,1.2789943642633714,-0.5028980781169724,-0.2208204883284461
-0.15067206555176552,0.663079906477111,-0.8438106282289316,-2.273863655698027,0.495688663707493
0.2695067100095095,0.7099845711695985,0.6368091269239687,2.7460171145125316,-0.1627422663254635
0.07205832008116683,0.44815059752317715,-0.341144813662774,-0.5304445405406463,0.14563730737404051
-0.3490533819775621,-0.17660787310659218,0.41808521076408844,-0.8273657938303847,-0.24512894383431616
0.513198332516729,2.4959553240788996,-0.2556376637638953,-2.7211235621006384,0.7289718563614369
0.9888792705326578,0.6983306980652746,1.6500524977665387,-0.6327249885208365,-0.2562397851097021
-0.35287286904720855,-0.8374854993383506,-1.5249904094815796,-1.1077930628010524,2.882986350831241
0.5453444401841236,2.416973787489215,-0.6497765808705083,0.01975968827041114,1.821490542915006
-0.26790386940520045,0.2368646641383956,0.4823763247995469,-1.356980847572673,0.14835106523272154
0.1837305530183139,0.4510478086574918,-0.37160534196501294,0.4659216911551851,-0.45579637302608955
-0.05637812355442538,0.5967038399270652,-0.5476508363429964,0.1452111777667106,-0.20948192613607888
0.386262355525218,0.29677939791906677,0.11177460546708017,-0.5054291486455611,-0.2984460680752621
-1.5182246690450103,-0.8088057124582834,-2.1192432507793804,-0.05021641927640753,0.5610392166099503
-0.9513074093095669,-0.5131746063479836,0.3397515118802859,2.912124267598869,0.5349850679365312
0.574508714323534,3.4556194675738072,-1.3050125506063015,0.9963530305427097,0.10123507248217178
0.25746626923342825,-0.677515361047975,0.1396506306568205,-0.6434707604237606,-0.1421995909466891
-0.07482138920543545,0.5103048338375477,1.15386280717012,-3.799594220567416,-0.47791355809293096
-0.22817169166335774,0.2997357009019606,-0.07821287862582603,0.38905477596525045,0.1370010248425556
-0.10025630021055927,0.4603133563352306,-0.10533453237003215,-0.47089499144554975,0.00891865125849904
-0.49231762990430333,2.206154547261857,-0.08084599848429702,0.14009850858741166,0.618669662595598
-0.5828601934959138,2.8459917832006316,-0.0811579959648586,-0.9959408696804934,0.1685260663345415
0.3078848331648377,-0.14901968233142535,0.291714413784989,0.16930382195062285,0.3585322885312632
0.12557575238610363,0.024705356645138687,0.3333068562747382,0.6012664216724528,-0.10846529519431537
-0.1049665554224957,-0.6096048702877852,-1.0373772582422371,-0.9723373280664267,0.5333960373968908
-1.2763321199650666,-0.37760513484273456,-0.4012498652213477,0.5296087597192586,0.36540320709466023
0.007224424731562887,-0.7658144837093092,-0.007495238040300067,-0.21508783248847013,1.4069200992592341
0.3173383518931452,-0.30822491232262744,-0.16707046716766563,0.5357629550293429,0.5958226671009861
-0.06318018617764129,-0.8084808600115533,0.6929198138088876,2.245151872734361,-0.09547132566051501
0.26383352383026903,0.7199252069595875,1.0602783858584164,0.339792156518003,-0.9905385052119792
-0.06681207704266433,-0.01916292569564483,-1.0940493711089618,0.47584214908479483,2.4950769772355574
1.9466632703467281,0.4644066188875592,0.88791910629707,-1.6502739736836893,-0.06112342068250149
0.3927155384203131,-0.28767205334344703,-0.2999204354545372,-0.7378919131288753,0.8672937546744337
1.5472729970764985,-0.30067542541144776,0.7922254693120848,-0.4942164881220347,0.34214875501070663
1.283956101854324,-0.05593966349855906,0.6913956560682852,-1.4643232251092997,0.18508585993968155
2.0613687853146767,-0.04516463944911571,0.10852973607133426,-0.7446820357074974,0.6192100399844993
0.31269683710072627,0.797848938061529,-0.35795374525591,0.07659485694016502,-0.2984460680752621
-1.6780787357978184,-0.5948604975085773,-0.0806313102233403,-0.14471606669205378,1.6515211218047334
-0.19262846848359472,0.09006579682517919,-1.0412915504203148,-0.41460422478236986,1.5892747293609213
-0.1013278382343208,0.11770681195812763,-0.6181707048290039,-0.17775888450121458,-0.3897365748006993
1.588221261836792,0.5534696503130434,0.27084549106228867,-0.8702714339775363,0.15642964031840634
-0.11293519502294692,-0.4218150087423205,-0.23288168287178063,2.852588040375516,-0.23080342556128003
-0.3929736475552627,0.16059820878172154,-0.5465523020461844,-1.1422960924994192,-0.7878163123163953
-0.176920995432304,-0.6247285694568304,-0.41369952019662076,-0.59575751880639,-0.24512894383431616
0.46556616001378603,-0.13036856748790324,0.7023170701644497,2.4507846057393574,0.3585322885312632
0.20653541013028393,-0.5692445864845525,-1.357833407591607,0.8608422002037568,-0.3164390300443224
1.012764889190208,5.242307280798699,0.03383696935048481,0.33800727356271276,0.13182641830986522
-0.12328333629109717,-0.6328043702736675,-0.08875378469029829,-0.751838194209939,0.5360574629156194
1.5459411517961883,1.3641669718536942,-0.5863634134183852,-0.34609813042650056,-0.41909317835827015
0.6808585804313012,-0.43173484226660724,1.5899368572367951,-3.951088304707821,0.29340159833499563
-0.24487819632447924,-0.42910658867784124,-0.12081669790042052,-0.21251543312844068,1.4069200992592341
1.2351233911280544,0.22064774621706998,1.450224820451737,0.9769641426501174,-0.47972077937901825
0.20778812014550824,-0.26808463513919556,-0.7052565470292137,-0.8828853467859044,0.5502410318064843
1.4593491033258195,0.22316274432197225,0.318117624457254,-0.3059715824942259,0.9547817233566214
1.7194079269872595,-0.43380803197525447,2.1862390695677467,-0.3203833228102214,0.6635477372302925
-0.476742785936646,-0.26980523984165694,-1.7272169309818168,0.1412956905674081,-0.3937904083933048
0.0047459609112376405,0.5817016402704847,1.9249687760116612,-1.2272754747159156,0.8879340977003823
0.6917513326132932,1.0118597372832319,-0.3995663423493883,2.0802226276714464,-0.5153218181843261
0.4838634451016417,-0.789432999420714,0.12165560508960103,-0.4462783927896177,0.3585322885312632
0.2590574871811103,0.762146418994625,-0.40874599884268287,0.4465787136795759,1.4261399452876253
-0.8327890181203296,-0.8187360267553189,-1.9858283245280492,-0.23779192146184225,-0.3937904083933048
-0.9850689967848417,-0.13645151870782452,-0.25413454082246856,-0.2403293004520552,0.36540320709466023
-0.0769903230762336,0.9241973427459997,-0.6372260892878483,-0.21798755911810333,-0.6764321934009337
-1.0108969993895964,0.2031334626294856,-0.21802374871742192,0.3712750076047311,0.5337337732649541
1.43086580934853,1.3792371844305116,0.8887330612365162,0.9339281213331765,-0.19574811441605072
-0.6363672406943881,0.4435961494987263,-0.671103896487857,-0.9035761311773083,0.8074626752751972
-0.18134138325893306,-0.26545852271895726,-0.2545789903928887,0.047652681090327234,0.4684445812850607
-0.054734586936960865,0.41893874937036246,0.6144273601932895,0.2635439221354732,0.362788930840681
0.4894409320567537,0.9163055799090379,-0.33013802287312594,-0.3211874334118031,-0.2442835096434218
-0.6345651363905471,-0.18836427402796171,0.5620027120860721,0.1604222937915222,0.5121076427745987
0.6927461298538078,3.467756435825383,0.02876226974544804,1.6099232052062964,0.022023973311175407
0.20636674145629805,0.2599895374485895,1.0878143394881679,-0.021133017950894756,-0.2562397851097021
-0.7803731492109226,-0.20304901622869082,-0.6355406142529122,-0.04265111653160213,-0.23820418816719846
0.5865071990170735,0.10366220319849612,-0.7882532551688608,0.9067422452935509,-0.5055744600792651
0.012985133166742747,1.4396650309930112,-0.9506036830133298,0.33976064032007375,0.49715229726641685
-0.7304935935155861,0.42590650511613565,-0.35748067168859,-0.10099208030034496,2.518585400004455
0.8054151936829025,0.3645637153582411,2.0369680633846343,0.26519227242459126,0.3574428395627976
-0.990892227057766,-0.7968871808275676,-0.750996610558682,-1.674535381118527,0.6146512745495416
-0.35855600862978554,0.95915738760784,-0.44658885064040715,-0.5089760650333209,0.6347579280255606
0.16263956186321396,1.2722195155902258,0.9677301753266526,-0.7030868644120544,-0.6970683565275249
-0.9087008292916312,-0.5967666826728643,-0.023401952418948834,-0.5514112370415993,0.5099434580834049
-1.0932512664915102,-0.2675195348958301,0.06683017572231359,0.3597794755058079,1.0601623364232962
0.6225232674533953,0.6738312811890563,-0.5612598761155972,-0.036209342075293915,-1.0215363880511559
0.7894956513976936,-0.31416954921966905,0.7324440861090106,0.7827613236798115,-0.05935816558596065
-0.140684731084307,0.045539986405727324,-0.45113689016276576,-0.43070558141286386,-0.19854513586992756
-0.06235902945315907,-0.8405989843631062,-0.15436088180030846,0.20988208418637433,-0.10846529519431537
-1.0336857103289294,-0.3258159789831595,-1.2316985820343234,0.8258367922633215,-0.28251981554438527
-1.1214330322190726,-0.1913774453333063,0.05095604518592449,-0.4327370353496219,-0.23080342556128003
-0.751523389207625,-0.6080089308652264,-0.1588170618345911,-0.42401159797549265,0.5121076427745987
0.0828080501188607,-0.2205248041435475,0.11186120427124305,-2.0636514996887994,0.5941724428347559
-0.8277798409744789,-1.0118826311279916,-0.977518075336333,0.02627201660245501,-0.6954012454678918
0.3898218321976752,-0.5039288495891072,0.1227608466777974,-2.3990964294907586,-0.37696698226439446
-0.4894956240234828,0.3644349301670375,-0.6930591820248948,-1.1377462112064314,2.1797460385108347
-0.8653764821637258,0.6571066685428483,-0.6263778543289064,-0.28060765304713314,-0.5759335355875168
0.615207070801669,1.3295948638265962,-1.2100919426844465,1.1831680413076737,1.2866754296863392
0.6469706696249946,0.4417491320408354,0.3147715403034015,0.7217869823315394,-1.0093068385118036
-0.6190228843589328,0.4901263865496716,-0.9597970791364342,0.9012824995234235,0.17777866018021377
0.16661831277675543,0.002941461173313722,0.04263434949735551,-0.19846863186680647,-0.5456107064945311
-0.37873275740298434,-0.6050659120867863,0.3372618877103261,0.5164757781625443,-0.09992749755997263
-0.5619097382553356,-0.2852214413206588,-1.708449213507558,-0.7163443363659358,-0.6584093033524757
1.5157342144306816,0.3063401885009608,1.1450256750606254,-0.49696295138717905,0.6210525396211615
-0.1859373078749466,0.264611807897154,-0.9720043190242804,-0.6585152576745158,-0.45627388472865826
-0.39517379773054684,0.09921158053285943,0.2048896822000372,-0.16521408682674338,0.0004876270590131985
0.2042537168711397,1.8307715106140467,-0.6460812231659305,-0.20234298616418056,0.5854665484535396
-0.02827331281352714,-0.10448760731660652,-0.01243156672485274,0.6041812017981616,-0.7538730215961607
-0.4344625767940792,1.0171193576846334,-1.0942413835189422,-0.2928191328475064,0.5865115232928445
0.16878270436640888,-0.5161908265037252,-1.157656728347754,-0.009045726978436594,0.499973227744617
0.19094817672096695,-0.07526224606889659,0.37484191580490206,-0.6189160537955568,-0.2562397851097021
0.3185406427084253,-0.4288661328371698,0.7414878218270609,2.6700384490588105,-0.6954012454678918
-0.07481085659518885,0.5260665874047191,-0.025990570403614178,0.049428583438545566,-0.360981876750568
-0.07466154212895947,0.5843670726684989,-0.184412277691957,0.048015086280937966,-0.10094716101444622
1.1138929473716286,0.2262367751851213,1.124939518901376,0.172306503671286,-0.1256137502972431
0.6125315295266295,-0.221396488232735,0.06132136171725362,0.055330141122737424,-0.5353844991191071
-0.646191614131765,-0.9759416256283886,-0.06501927926132045,0.22997911351908268,-0.1289488083963812
-0.23272855239493928,-0.4093665614658373,-1.1967492851485766,0.37427795947140907,0.5333960373968908
-0.6530948783654938,-0.4921502113796452,-0.2109361658478913,-0.2700298034855989,-0.0673539786643722
-0.9817179142545879,1.0609053875774974,-0.46304488722442005,0.01766063825454944,1.3187633466798914
-0.5445763240210273,-0.5155265701131688,-0.7513282374788387,0.26984583000275336,-0.19854513586992756
-0.2418957271008496,-0.3590623328402903,-0.3123127102681569,-0.6583608737717932,1.6366239604956034
0.5202356633259373,3.4266020367969294,1.0766092517241799,-3.8222159830827653,-0.47791355809293096
0.4704565223599937,-0.222300551162393,0.11989085629444832,0.29952799621177756,-0.4634397369907007
0.13926506236124453,0.21696480077268457,0.949537431862541,0.3455799603985509,1.2330841040475595
3.2001854988841214,0.5976117744010417,0.7987796918802533,-0.7160574016977302,-0.6645034294193272
-0.92503869398733,0.15731194691673464,-0.9088468260574183,0.05856600773714203,-0.340213963196237
0.0612772755773161,0.36093728895393945,0.6499182366777366,-0.1409626369858338,1.547470051125603
-0.23275395273740906,0.5388638064026188,-0.48985500894814,-0.7390052563169106,-0.23453423653155964
-0.8613015037126672,-0.6684889707567852,-1.8844257014797823,0.08434162158054721,-0.3937904083933048
0.12498055702089488,-0.4116054817106982,-0.12488578862924081,-3.105767081606885,0.00891865125849904
0.03800554428459241,0.8583652991968611,0.17951302661994054,0.9737747363631479,-0.4143155533929685
1.64734621136781,0.48357236431374667,0.7514698578163748,0.012549974276056084,-0.4377627824352774
-0.1319914576976907,0.6116852027926213,-0.25438177019579894,0.5238341068365284,-0.9004316623865194
-0.9629391090272232,-0.2741375460879477,-1.0013919691677053,-1.4419602297891692,-0.3897365748006993
0.13814460099261094,1.06307710178147,1.6535916264763089,0.8081572934078926,-0.2502036760459292
-0.2212467167502794,-0.7352411863823388,0.22527700028428463,0.28767947199129124,1.7317260338469023
0.07198304789274888,-0.03125736213086237,0.02694163219099331,0.7130549159431016,-0.323566594428253
-0.7336864088897845,1.1840118979247831,-0.8282322520472202,-0.856321188635613,0.5026293029921685
0.03861629847184917,-1.1269611054166742,0.07933624526672413,1.3313682028888827,0.9397762190561528
-0.35841724075654585,1.106877382822596,-1.0227977446663548,0.4484214609027169,-0.6808337946200599
-0.5730479381838979,-0.17628664380571354,0.01684959304853168,-0.6910108469391838,0.3585322885312632
-0.28256846419673654,-0.7960320610297498,-0.9096618274828615,-0.2306645415517153,-0.37696698226439446
0.506783336609729,0.26260278036439766,0.7695325406201109,-1.0796797056030534,0.12079499512226645
-0.20942702280321418,3.9425592314555646,-0.7366149974977491,-0.2923413854648631,0.30615629234705516
1.97158530974893,0.8330357775112527,2.4196123674689622,-1.1288782953073406,-0.6710983074291734
1.213296463868965,0.21452942274625036,-0.06369790188133599,-2.4035690285547844,1.0574096219026057
-0.24467191700707747,-0.6234537604479375,-0.9610514094643571,0.19321339840222312,-0.6741436149048691
0.9204727500467474,0.7663111611853175,-0.5932447892466569,-0.2997395667895198,0.6552966158991417
0.20262437324604216,0.24618359542059343,1.2711939666276815,-0.2306645415517153,-0.37696698226439446
-0.12716070127730908,0.7716988542898259,-0.1056475197002248,-0.05037875535151636,0.8927045332387896
-0.09446449471084453,1.0235866469775488,0.19558352915513075,0.2550990009286241,2.6266207507508876
0.8088888714123648,1.4702445938931832,0.0014229791988034917,0.28101261251354664,-1.0026495128055608
-0.9960777947844554,1.2603235205108423,-0.4959596758869314,-0.7357368375794451,0.8134757112945186
-0.5345734098544709,-0.21526625678111833,0.9386169853274577,-0.4445706385113448,-0.10846529519431537
0.9427446516345881,-0.23740588626368025,0.7083890967010837,2.5169576286200077,1.447916886546789
-0.9663756396823796,0.18028210354290544,1.1420388292818069,-3.8225350149384374,-0.47791355809293096
-0.14572530874488648,1.7723378067530886,-0.7204963872304716,1.2531152461846065,-1.0501441208398872
0.9619418066057195,0.9831777269071901,0.326555246039594,0.3843152667438151,1.0627247819252457
0.4073330628897293,-0.285902308193191,1.6021734455579,-0.014248552663522188,0.29340159833499563
-1.5341769767928592,-0.4524645852377473,0.0701466269322739,-0.030988685251697342,1.0762803627366822
-0.3898364332874181,0.2428936703257232,-1.0740739225436624,0.4715349345750266,-0.6741436149048691
-0.48866247231464643,0.17274023114552917,-0.2096064215633415,-0.6884214115619232,0.08901984899636681
-0.0670975687459182,1.3301789221056244,-0.8776299793687979,-1.2272754747159156,-0.6857052165269375
-0.33070630121933325,-1.1518066225290196,-0.17195303737401016,0.2935300662218011,-0.9905385052119792
1.424047710594522,1.6888721995083948,0.279100092922605,0.033006905491270895,1.5068655055937294
0.6311802101998852,2.4821490019474215,-1.2233458651506923,-1.4822136213654042,0.625891525509027
0.029951679580631663,-0.08561451849849903,0.6818574679166814,1.125930304237721,-0.7124301554492031
0.44082963099094735,-0.5467059104168516,-0.29040663660629634,0.1349473390424959,0.6214467877285345
-1.2717888489342095,-0.4106722950002111,0.43212252470264884,-0.04001251558854717,0.9397762190561528
-0.7041238138505839,-0.09009842126009117,0.21425867207178642,0.8374455822619198,-0.40750816929980155
0.08423639724358713,0.2938888930105681,0.3436752312530375,0.5536461804701871,0.6859837650201026
-0.7069113836218018,-0.7354945883490932,-0.8316559349802377,0.16182851663537476,-0.2984460680752621
-1.0136562058019254,-0.35027702930713256,0.263373773243314,-2.0278707071765902,0.5295946697254613
1.8642889356264578,2.741566561975557,0.308898273623594,-1.4598506260452735,0.4751922764154069
-0.002800535511379311,0.5476933891734683,-0.5721123695631452,-0.6664115520870403,0.00891865125849904
0.6722978011344956,-0.5433326420548885,1.7056818609812974,0.30491120245596826,-0.16987119347537774
1.2345296577297187,-0.05231175408989435,1.641977434286401,1.062297090059406,0.5045299702054407
-0.4009485702445279,-0.7549144521041565,0.24885566706906007,0.01845980009371001,-0.5498377551164999
-0.45780394295277804,1.0841396465937387,-1.9495087357543088,1.7388233769798327,-0.028832862168110977
-0.3916250283045058,0.053012762838519585,-0.36203243669645485,-0.2535090286114843,-0.23080342556128003
0.22036692825364643,1.157160040862789,-0.3392102278612908,0.8638437819584884,-0.4955510614206533
1.6555388472830852,-0.2993330760360103,0.33957409468933125,-0.7147156219785223,-0.07521486459153334
0.5660656468082939,0.12962045426331723,-0.3129197785119039,-0.024533490085879937,-0.308930426034988
3.193564674367503,-0.09436194064117326,1.90273760114206,0.14186211368226215,-0.8430976548632857
-0.471304683948432,-0.05289044660655555,-0.15808235913719917,-0.008565556933522565,0.8009386883584494
3.380970048734401,0.49804476222927707,1.792374034241505,1.7716921974616877,0.7700639453543365
1.1138929473716286,0.2262367751851213,1.0834980734151511,0.16789532507260138,-0.3471915527912302
1.115403299391984,-0.49853820655400966,-0.42487516617984866,0.04137080320360824,-0.09282795730700956
-0.5682383315808177,-0.35921190315936286,0.4078778683160834,-0.05632008737534733,-1.0043011582375723
0.5942780014460821,-0.9479380255095692,1.558844074126595,0.03970985009547989,-0.22558440322385637
-0.0641343779113201,-0.716910676728585,-0.12415285930106298,0.06579253001805614,-0.15740004575317837
0.6568569655897775,-0.28435512576414484,-0.215651595149104,-0.5188157829741784,2.894443956557303
0.47562782490916167,1.672031933192353,-0.3465367114696592,-0.11834338203647979,0.6347579280255606
1.7468307516040142,-0.18553404315500183,1.8318953988262292,-0.7686290318318686,-0.31151161436430275
-0.933242059371825,1.4803088533274782,-0.16977938212744356,0.06483060729296412,0.1297421532943814
-0.42730022153265934,-0.2022874330435276,0.15168104607827118,0.49181903229139873,0.8078552514228273
-1.7512045983638163,-0.881489754445864,-0.07166995918232705,0.09213247871377629,-0.6961997734410951
0.32700451395211794,2.227772288654445,0.27962751888811765,0.22249297365098455,0.010321927070704376
-0.9154940876984009,-0.37523549819141944,-1.1776278529372868,0.40811299767681586,-0.6857052165269375
-0.4070477403802605,-0.13012896183858055,-1.7398514519927206,-0.601884669305276,2.882986350831241
0.11146152314872688,0.18451366502781183,-0.005285566260692648,-0.051253027846289316,0.19423713986710492
1.1022148651488837,0.09551285534037422,-0.27766743779462194,-0.005956946980681995,0.7289718563614369
-0.8198920335160894,-0.5743135359661008,-1.2063676189456458,-1.3525082485086468,0.5251923997224379
0.2227087400856881,0.08057669826826741,-0.5150448099183523,-0.043111260581272355,-0.6075130096232569
0.5703994541434709,-0.5608849495597127,0.5500944492455183,0.9718886871762941,0.29340159833499563
0.13465953361787422,0.63249859551413,-0.18260253743131133,-0.8428325727102508,-0.06405353013191219
0.7393494738714415,-0.2764620126227077,0.6201907570835616,0.0773757026859716,0.29340159833499563
0.23514459787950787,-0.45247189144580907,0.4217996811670662,0.796786225637816,0.618669662595598
-0.4501049399761321,-0.6321690305431025,-2.2401207598678665,0.5087370088721044,0.2998809439266083
0.12724431143845377,-0.30486705904290845,0.29199074971561445,-0.6234746010723895,1.7317260338469023
-0.7316069529560459,-0.14761245163438702,-0.9498630258256261,0.3820411488809672,1.0372390995644085
-0.8945642311187026,-0.752390616876505,0.4478097182725819,-0.0641260140981841,-0.48595802519986114
0.49135024810553557,2.0350584369252185,-0.5122245740397188,-0.05072881050444699,0.5337337732649541
1.1059323078796388,0.9555754786475141,2.0360711085967216,-0.3521667418485652,-0.19323014304326183
-0.8071440046545258,0.17755911502141408,-0.29354327932808566,-0.21693229844466888,-0.360981876750568
-0.39602504066153554,-0.40504837065247956,0.035917417752837924,0.8053252346172765,1.0260436571260325
0.033384067494823005,-0.6319774462581349,0.05152150701333516,0.3805614870186454,-0.9905385052119792
-0.11012707070650703,-0.36285795401132437,-0.0412458753191655,0.06895880093892558,1.589947860353408
-0.1913470025592121,0.014987810267104908,-0.29219140868075105,0.5602125477601366,-0.49234390824184615
-0.7067023512190708,-0.3519305687654232,-0.7449655269278969,-1.4285424325970906,0.49715229726641685
0.7086019107495729,1.4645232610985321,-0.8483685511023912,0.5731827474169578,1.9841337708238929
1.3190407486124573,1.1478248504148216,0.5377033480861043,1.2601852572390713,-0.7798524336690726
1.195790062233695,2.087160295135783,-0.5406233659982183,0.01536786399931098,-0.5534394907946285
-0.6970885727039956,-0.6710649269385502,-1.0744854238267885,-0.17008529676009176,0.499973227744617
-1.154093754775914,0.8106444350126703,-0.8856428286426213,0.07082311453759901,1.6129001893118218
0.24774243758634348,0.35080433946756684,-0.3672212017483632,0.1959993449696502,-0.16120007585681323
-0.03971923492502036,-0.3425953745738511,0.005283165153359567,0.7328999717726905,-0.6954012454678918
-0.2024035749910353,0.6686210980193315,-0.15326956531387628,0.4749485896122052,-0.39116309085333106
0.7678798017252667,-0.28135096324722586,0.30751825866560295,-0.5970862665946355,0.6859837650201026
-1.3176704510005488,-0.6852532944354641,-0.08767075898670407,-0.9812825261944789,1.6515211218047334
-0.8855581843543363,-0.41970589630890454,-1.2317673993526732,2.0897154690592115,-0.5255871494177338
0.7240794052110089,-0.3779797910029022,0.20507163118978544,0.05021417910980199,-0.4143155533929685
-0.9086175221116704,-0.13432782773679844,-0.8313631959931952,0.16141931527253706,0.7119432807720742
-1.3632659617093807,-0.8186913105804763,-0.1737889189314187,0.3076937460334173,1.6515211218047334
0.129951700437947,-0.42207890062053055,0.2578919966237889,-0.5496767165159586,-0.1289488083963812
-0.3219139959097504,1.0705965003244817,-1.044143063304953,0.6344838809844411,-0.6741436149048691
-0.4493303240851735,-0.421651966876329,0.5003802914790572,0.563791097311921,1.0306054320885272
0.10536778867296717,0.49467616399321146,-0.35446044274373895,0.04720740971105955,-1.1044606590171444
0.425088611775342,-0.5044648922083732,-0.48119345165256133,0.9431070425802476,0.5026293029921685
1.058891454033108,0.6665808311789376,-0.28857715357575653,-0.34709131874952925,-0.011239164185652881
-0.3034248625743728,-0.0008611933678733935,-0.46789437621405566,-0.2946603455855159,0.20416225182213307
-0.26077248480131093,0.6487863196478597,-0.9487431137322151,-2.0236200462802723,0.30342960285941006
-0.44668674796395214,1.8758433380487953,0.23446790250289623,1.2328908350947743,0.5676421200265624
1.0795106826875118,1.433472046212401,0.6083476200938817,0.6317677810096215,0.3712758417135061
0.045412704284988586,-0.5511036222542414,-0.2812015207904618,0.2511055620964526,-0.23080342556128003
2.544688257185153,-0.023112253715591634,0.36072803554377303,0.1485624611309104,-0.10603593768789954
2.305190105207429,0.7672984779658217,0.8523281987721399,-0.8202188918260344,-0.47479886428790546
-1.051787444386761,-0.6079552231579388,0.889878587884495,-3.822574016430497,-0.47791355809293096
0.4382694259833237,0.4055519163392219,0.9633128885199075,1.4999766811186506,0.20751687185026296
0.551038806449885,0.15576691776559104,-0.5678944860970793,3.1125231384018277,1.5788620984741653
1.043576448506524,0.09090389652369919,-0.08803137906476009,-0.23135675141403067,-0.3089849319226062
-0.2489547650670962,-0.3469206576769683,-0.8606093946910642,-0.7527327140227443,1.3312214531160962
-0.4764009313847874,0.033272279675433836,0.2630009184543148,-0.7657032513084201,-1.7172671349853772
0.22401809957162955,-0.9599142212065374,0.25244452457797883,0.19665624650017766,-0.2562397851097021
-0.21759848873732468,-0.8428071421417606,0.053507379765140514,0.25550185944866016,0.8879340977003823
2.468973419136848,-0.42312697649122594,1.3828712064978554,-0.33798860281560245,0.6210525396211615
-0.6776316087414304,-0.13911483173086986,0.44653548893177114,-1.1870220831396805,-0.47411219042150116
1.6230900268717057,3.083236937568007,-0.5192193605770206,-0.5438623377327246,-0.5263537894005839
-0.47113985849193013,-0.49981208594097803,0.15315598468195635,0.6222600702081988,0.12479047731984519
-1.1214330322190726,-0.1913774453333063,0.05095604518592449,-0.4327370353496219,-0.23080342556128003
1.4090312372066611,1.2749305195966203,0.10490721448313996,-1.2317480737799416,1.095023365846402
0.09319664907149229,0.11808489107551251,-0.22336497812576028,-1.021535917770714,-0.23612950236381852
0.35254020910557604,1.2871873414408597,-0.9253700835165996,-3.839273328107168,-0.4516596102302368
0.10363820580099595,0.09971679386542583,0.010326924862360164,1.448081755199625,1.0306054320885272
-1.1965942979746635,0.3588502582168512,-0.5882927591622643,1.1797513409281006,0.2498550724395368
-0.527032309211423,0.41207338451032643,-0.7250674557259873,-0.6900775193850456,2.838729910828953
-0.5962497793789997,0.6521064551356888,-0.14574651216845447,-1.254111069100072,-0.7626608392141397
-0.49504169704475853,-0.405738848522081,0.4063909462577869,0.9479213976988771,0.5349850679365312
-0.6009181554903448,0.10045939335388276,-0.1446658766211617,-0.864396957469634,0.6214467877285345
0.7388684813705881,0.6725616148508369,-0.42028293761993146,-0.4200385367688964,1.4261399452876253
-0.14811044628718056,-0.8458354501254128,0.046611354209141,0.7982298939362169,-0.48595802519986114
0.7312754828073474,-0.12757588355233912,1.4944630566113255,-0.44019585506943254,-0.36750113374078
-0.053605007312349594,1.7003411395686274,-0.938508719776798,0.19859534756921268,-0.3897365748006993
0.2570398125411825,0.6553282166518365,0.9960742180598269,0.3857579323511525,0.8897946545022678
-0.035187899341771446,-0.4820164720325449,-0.016688087847415184,0.5188740145989329,1.7317260338469023
-0.23677141120304054,-0.29336069783139535,0.7320205348281817,1.6207566356568106,0.5121076427745987
0.34266124343134813,0.47617663932857185,-0.07908123221127536,0.7503394886405607,-0.6843719958279588
-0.7711877102900706,-0.18459295707672826,0.42585317969905434,-0.7860377101169587,-0.24512894383431616
-1.0144885804945656,-0.3969270178639595,-0.19035128913678476,-0.18695820373138675,0.502901163646362
0.2859565020538509,-0.5157877745957511,0.11485286289818311,-0.4452270455812884,0.3650841971757172
-0.5926741736612595,0.2231664228676712,0.3242526313170606,0.5761837687448442,-0.9697330561614202
0.21038757906764557,-0.5569408790635396,1.0371678594281657,1.5623110293516531,-0.2208204883284461
0.327113474990866,-0.01515962658938386,0.42236465003728835,-0.22342078276797075,1.4069200992592341
0.3040047985145393,0.2381494796262504,0.6304358299470367,-0.9320839364901916,0.7784943007699249
-0.011628447720639529,-0.037782103953839026,1.7488991905644073,-0.7773320088748881,0.8879340977003823
0.023862280445037357,0.21681210025982733,0.8177690517211095,3.831501918058493,-0.58735887249054
-0.48161555110143733,1.0865075030856246,-0.433573767364401,-0.24192478649745247,1.1050899010663802
-1.3290421909958083,-0.9027810197935343,-0.39220723599151475,0.0572306262067682,-0.2667682828066402
-0.23851094289616245,-0.7680446655183975,-0.06494196295930152,0.006332568266564373,-0.9905385052119792
-1.1145612674995329,0.2205882081466274,-0.6198380182289275,0.11796798795727731,0.28493780372454947
0.6946496527919289,0.5573051486832927,-1.0544443097056433,0.0016118815879771638,-0.7878163123163953
-0.16743515343029325,-0.13351280299546953,0.2884714380006941,-0.23283969023299755,0.3650841971757172
0.36085782342781175,-0.04536248492358767,0.28103963350788597,0.5690171449075915,-0.016059591320372105
-0.7664215944756373,-0.059224246240893084,0.4653137517534108,-0.8873579458499306,-0.10846529519431537
-0.23089508811508677,0.008524705133334396,-0.40089948038507156,0.13303317730667957,1.2231329340498405
0.3581352728941139,1.3135004134896853,0.4308733603839849,0.9641729519731227,2.6398957767174673
0.19164661307857012,0.3910663247689563,0.0429967102396195,-0.2626643398862805,0.6107452421982074
3.3500956047373522,1.0825035747353449,2.1259505082610457,0.17621512781321394,1.4536099094713217
0.9696312339294834,1.3181919840436445,0.012200454854836784,0.20611464276468516,-0.1097319718955271
-0.5220966948374163,-0.4854631870207496,0.029023189801664167,-0.536127674349468,-0.2765512536542248
-0.1415757598086163,-0.7749035693341748,0.054080886940746475,0.5829982260053158,-0.48595802519986114
1.7194079269872595,-0.43380803197525447,2.1862390695677467,-0.3203833228102214,0.26585706474676646
-0.3532360171789407,0.8564576311561023,-0.41338435242920935,0.1524452227308449,0.6014886042776839
-0.23613205507432974,1.4519391886672357,-0.01716404190810038,-1.3838164419568295,-0.043070100966722945
1.3679991022817326,-0.1320068712181075,0.2587710628855426,0.040142225344246774,-0.22167204412368421
-0.6891613725588261,0.5135271514319488,-0.2025917623630508,-0.20849156251659495,-0.9453863963754253
-0.990892227057766,-0.7968871808275676,-0.7059975149291814,-1.674535381118527,-0.2603116758675308
-0.5104489041483534,-0.20239603685713534,-0.7370629858929678,-0.2776318282172735,-0.1764866365900615
-1.7156095950764707,-0.5752013600515211,-1.8509204835700914,-0.04634597332618669,0.499973227744617
-0.9555358031493231,0.31069788964432177,-0.1504564685932166,-1.5812537101013575,0.8009386883584494
0.16263956186321396,1.2722195155902258,0.9677301753266526,-0.7030868644120544,0.8897946545022678
0.5758391876127291,-0.5506933570822122,1.1671572987783934,-0.42768225954700784,0.8897946545022678
-1.0170821456732129,-0.4505077100052982,1.1886540117149318,0.6097343549466703,-0.5394846459965906
0.026120163872345264,-0.30679075811911594,0.3483012432695306,0.542540986047019,0.3650841971757172
-0.5925473638782803,1.009004419546649,-0.9049122702037687,0.29682234480920583,-0.3392860255389343
0.3415065555752987,0.12054803598917069,-0.33872876959495074,-0.09106279068242053,-0.6741436149048691
-1.2450377911925812,-1.1030158475359133,0.47335314422936464,0.13503227904362333,-0.48595802519986114
0.15401194775318336,0.44116625320650515,0.47563220395739825,1.746525960135663,0.4065574929899953
-0.6216161837002429,0.38953544512695,-0.9170330421247043,0.19815774971778452,-0.2883111497017997
-0.2930900765251593,1.1449817446234605,-0.3972320316247998,-0.7244294029111588,-0.5280069767536151
0.09593546625582348,0.19664419264784855,-0.8143092493389006,-0.6512047152693514,0.5500724982644013
0.49859874935623905,1.8430065430191853,0.5181807894665338,-1.017063318706688,-0.44179253980758504
-0.7225802241720037,-0.9067390961636245,-1.5580883086591586,1.206045644769452,0.1912906697415124
-0.16236356119590475,-0.5905584621123261,0.8149671959833688,-0.7791210485004985,0.3650841971757172
0.09932239052855703,1.7918446362112912,-0.6052987596310682,-0.6415875656084115,0.5314395101057636
0.9496911453338779,0.05557892974443647,1.6895921545399684,-0.6592553935845985,-0.23346016959272858
0.2849717325584865,-0.4499580830812714,-0.3724604869996844,0.32009119821607285,-1.5673938758037371
-0.08686843536592312,-0.16233803918619552,-0.005713273644093321,-0.26310290203593745,-0.37696698226439446
1.146572226489365,-0.33310119302388086,0.7634458602613406,0.5899636451841407,0.6214467877285345
0.43087047396663203,0.20069791568883683,-0.4377071784052946,-1.24516587097202,-0.6153595166966289
1.33817189838987,2.0248775042328373,-1.189614161200036,2.2065394863981593,0.0925519167534588
-0.2550329715813355,-0.42826516552351945,1.2563639583177455,0.4452487193136955,-0.2502036760459292
-0.2499867346236534,-0.44629570904521276,0.4204040375492341,1.3446437344046116,1.0306054320885272
-0.7803731492109226,-0.20304901622869082,-0.6355406142529122,-0.039973602296296734,-0.3577780674912466
-0.4999440216799535,-0.9582570519180583,-0.07905898796909559,-0.44148854668299004,0.36540320709466023
-0.6985022028026949,0.24503493255927,-0.8275822126748676,-0.252221143371376,0.5876327394964249
0.7162850262279562,1.0068367948685537,-0.39854968239784305,-0.28100686860041,-1.427425682329906
0.7567902389681715,1.44897562184683,0.5334435269887626,2.1965856334674942,-0.23080342556128003
-0.17894182548207924,0.12673989331632768,-0.8218560361477615,0.7204537701746083,0.6552966158991417
0.6870789541997926,1.391200917409266,0.5060901169375343,0.9089465412270461,-0.06903249780684508
1.4027058740916543,1.6909366788736684,-0.4786995199769188,-0.08667514785413716,0.33863079713651467
2.579757499535438,-0.5108735472643166,0.26012088106087383,0.32422616022239664,0.704475305384492
-0.7649181255764894,-0.8715793220632905,0.32721483020568287,4.645135164897456,1.0306054320885272
0.5641360700857414,-0.5442010842992131,1.6316248039520078,-0.06300048573342963,-0.13669265714153989
-0.29544066156637966,-0.47965340795293426,0.5417177376026112,-0.30905663777134224,0.36540320709466023
0.6379735161012293,0.8934867764548704,-0.42028293761993146,-0.588960350480529,-0.12507387449626464
-0.4509890463481316,0.21995183828323417,-0.9741548112072264,0.6196767331930625,-0.2774312060669066
-0.22998678229817457,0.9951187347270243,-0.900048942269741,0.1893162208870427,-0.28569001841287467
1.2799298330363111,-0.2692939531308153,0.9747971838165232,0.08919123728523916,-0.9827771844875074
-0.5247384715641904,0.16838063504735848,0.5894696463730372,3.266246527231513,-0.4471817676468349
-0.4774823406351286,1.313423695541856,-0.6556289978840376,-0.8159529280000483,-1.3048110934194548
0.37410499624335386,-0.4722997390225776,-0.37329628532831044,2.8826992464283836,-0.7149523067213489
-0.8668310909981239,-0.697127294272269,-0.6093462567008845,0.2186992378144528,0.5251923997224379
0.6452647164285017,-0.6931720492417175,0.5489810497130895,1.1637076144157887,0.3650841971757172
0.6415446867170158,2.0767083941242173,0.07300021311285144,-0.8560497524017477,-0.24532957900346267
-0.6896676338480183,-0.34255288372447507,-1.0954389628467553,-0.32166947862836487,-0.3917950916361426
0.8491366445692516,-0.14050018808504317,-0.5971199470160483,0.001807407161269939,0.6443539737738903
2.9715222781481487,0.8287898411143405,1.3454350519168465,-0.6822601712299868,-0.3654761045394501
0.3617226107221602,-0.1884059832387742,0.14669962881945903,-0.4079985763534871,-0.9905385052119792
0.7494665106394544,-0.17500480346894695,0.4550736888783128,-0.3617828298362214,-0.17507767611473005
-0.894920663182794,0.2975939534963985,-0.07500157385971164,-1.0349537149627923,-0.009056587937286963
1.6230900268717057,3.083236937568007,-0.5192193605770206,-0.5438623377327246,-0.5782633117708987
-0.101029281648326,-0.35659278156791213,-1.6534265266917427,-0.6259015726059441,2.882986350831241
0.7137008304102809,0.13287167124777144,0.20374994639996294,-0.062786400383912,2.960922413502312
-0.21745487682684406,1.3525210883393526,0.05624525596960445,1.3313682028888827,-0.6961997734410951
-0.723342730791285,-0.31754636910144707,-0.993544624083442,0.3500299507139084,-0.207182814293634
-0.10736006385784073,0.9729324916023063,1.2519296995090718,-0.7979059645694081,-0.42469223714525245
-0.5544067827745927,1.1676222202903692,-0.7674643602895883,-0.6740149704958847,0.7307284172673147
2.285510308310811,0.1650915532747707,1.417607696910021,-0.2844836731376509,0.6013387966847212
0.9571242601712906,3.4404421658124016,0.4379498514356921,0.42109970374623196,0.6327081053807803
-0.040509899511583916,-0.0005303649066615337,-0.2240753618829584,0.7437883435906911,0.23515888069150248
-0.3167842393025428,0.2571414316713514,0.08172180262566214,-0.04957127263332865,0.618669662595598
3.448744866980941,0.8390677218547181,1.803876763583707,-0.4218603308373657,0.1308635366939362
0.7038340706871942,0.8043671656944409,0.9291101717878785,-0.2766020604855486,-0.4665181492693055
-0.6785741512846906,-0.3904617540894708,-1.7154668752087727,0.7395757487294045,-0.5255871494177338
0.6965701508994905,0.3055113477321452,-0.17848654521441953,0.12303117941249359,0.6552966158991417
-0.3740270989191769,0.8015507985214819,-1.4155034572899523,0.009914591060597269,-0.633790030530403
-0.3604579505927807,-0.7071729356733398,-1.0942382086200257,0.009864805945566157,0.5333960373968908
0.2167821231828848,1.4195479139216192,-0.11459691584152734,-0.7521182169490962,-0.308930426034988
-0.6453242384862047,-0.8191557553809891,0.32644153896716643,-0.8113237617614865,-0.24512894383431616
0.3421050042916185,0.5210258398794154,0.1133955148769134,-0.5242219791527506,-0.10846529519431537
2.3679235961727305,0.31446386407110477,1.0799287155634438,0.322823999988244,1.6545092482572223
-0.4297874364951206,-0.007434231930272542,0.5505326145480703,-0.21020244600727653,-0.323566594428253
1.4750154039033088,1.1118613068148147,-0.2854604607717332,-0.5030567149914807,-0.6764321934009337
0.3927155384203131,-0.28767205334344703,-0.2999204354545372,-0.7378919131288753,0.6859837650201026
-0.3294996588906358,-0.07729839522127448,-0.6006708374253888,-1.513521814813587,-0.7248685327604419
-0.4775519933474652,-0.22011182400496201,-0.8118562918496881,0.028548925082637122,-0.6741436149048691
-1.1087036004298823,-0.5618353062329436,0.07301590354968543,0.24535664046500774,-1.251122292527665
1.3060971370456185,0.26260278036439766,0.7695325406201109,-1.5627204045178742,0.6697025554358107
0.8659264405420445,1.7017289083823846,-0.0633631301980522,0.3502177500419245,-0.39849597189368796
-0.2818866378631795,-0.6297262324724595,-1.283921228880679,1.1838322776331962,0.499973227744617
0.10186815391505061,0.7449702184070075,0.21882493037512374,0.8489077814017851,0.1611484123007583
-0.12195804865915734,0.39576406820768906,1.943632530528263,-1.6253367914142398,-0.6970683565275249
0.8981737076064655,0.3696863794421184,0.2823284431113038,-0.3617828298362214,2.838729910828953
0.33147785347595693,0.9840765151376026,0.6320356065239562,2.679483011383881,-0.20976967040782984
-0.9119971101184352,-0.6619046226979927,-1.3127356836449533,0.5541568255939233,0.05090356675410041
-0.39944524531386144,-0.02969692853724213,0.6205761553830406,0.0260468715264424,-0.23080342556128003
0.272353725009676,-0.7198585908080994,0.5427318527744778,-0.2306645415517153,-0.37696698226439446
0.6902105650218563,-0.36164427803592736,-0.5831099721083628,0.27766476156678704,2.838729910828953
0.33241244990704033,-0.5866501718135937,-0.1911091370415488,-0.6090867578790481,-0.2562397851097021
-0.03988113618813274,0.1890868824830745,-0.2358774848463843,-0.39253713337302004,0.6565626238164562
-1.374378084609076,-0.4709295906570169,-2.158070926349647,-0.05068783668826813,0.9122153002624434
-0.7056235815401256,-0.2003756064936326,0.6288282519023934,-0.647179376111728,1.7317260338469023
-0.052276214154871,0.7789615514322568,-0.41064275465714467,1.0017953184786321,0.6957647295159957
-0.6190789154927945,0.3683648363188663,-0.8808134143186757,0.3293074351481085,-1.123176994368965
0.08646259193717308,-0.27086504364456876,0.20710200053116584,0.920137557786301,-0.9905385052119792
0.18143253616044008,0.34954275515337513,0.816172864577003,0.009193000628659681,-0.47972077937901825
1.1603626082781193,-0.6183449299479032,0.9794732414930369,-0.7455765555203026,0.8897946545022678
0.7240721380102383,-0.27905219053796787,1.0508163217434032,-0.7004033049736388,0.08981508585032591
-1.3818031566838243,-0.48576653744061593,0.5924374230946523,-1.2764740644202028,-0.04943926441127936
0.8129974099357173,0.4632542574605733,0.1297668952207219,-0.4096843658119411,0.02688318991192994
-0.4364193466686062,-0.43706219363931553,-1.4213123104374077,2.0897154690592115,0.5333960373968908
0.513198332516729,3.6430834651584885,-0.37883332600907177,-1.4643232251092997,-0.21253776695815504
0.5012043653348734,0.9051264840745791,0.3376836541643819,0.9089465412270461,-0.5250975338366206
0.4848246128089751,0.39543484433539305,-0.2948785895369154,-0.05867653704614686,0.6263513144383213
0.21140382510521702,0.05134274032206184,-0.37456604576348923,0.5858021711030381,0.16129247216755585
0.005289901002226272,0.5274195710403706,0.2573367295982449,0.47578664698102974,0.6565626238164562
0.1868562620850564,-0.3000779179473269,0.2795184212505986,0.09333818168849398,1.6515211218047334
-0.16646953581333393,0.28770332155669837,-0.7757930451534635,0.7002318091477077,0.6347579280255606
0.9659523987641473,4.165540775766149,-0.8660823469209927,1.2862381538398648,0.5865115232928445
0.26734028938488313,-0.658332870572167,0.6363629473243879,1.7875128266083555,-0.10846529519431537
-0.12894827158264618,-0.5592934422471411,0.15217178177206053,1.108931946942504,0.5121076427745987
0.7740364642411848,-0.002977094002979056,-0.2322862706465807,1.6389233479511236,-0.6644674822848551
-0.28200163860597494,0.7860642499315061,0.29262068928950635,1.0157900158808097,1.589947860353408
0.7121866359074929,-0.029025899207203117,-0.12462916867627001,-2.081541895944904,-0.4665181492693055
0.032272421395335,0.1202118907766751,1.2824633221501507,-0.06111337261712482,-0.6970683565275249
-0.8178362304394287,-0.5370113035280563,0.7047667137819482,-0.23037917104458475,-0.20670881370652533
0.41686032858906685,-0.13591412686324958,-0.27330306445292746,-0.9455017336822701,-0.28996204275192705
-0.3167842393025428,0.2571414316713514,0.08172180262566214,-0.301463726196448,0.5099434580834049
-0.5104489041483534,-0.20239603685713534,-0.7370629858929678,-0.2776318282172735,0.3891493825389971
0.006875762179872624,-0.441280703953934,-1.3266693512807395,0.9023950974200092,2.4950769772355574
-0.10746915872524415,-0.5378201609695785,0.00016797799468607584,0.4056726384903333,-0.152854154408241
0.552634602141979,-0.40949378367321426,-0.4442955579679827,0.26107387060486914,-0.19547391301821682
0.1672335423199417,0.38302348679509113,-0.21654122116888552,-0.5948166893785888,-0.03324098403023472
-0.925968249145758,-0.7341843894112194,-1.7226092690785784,-0.10640035354042465,-0.5055744600792651
0.21526535947947167,-0.647657430732097,0.3883233436262263,-1.2004398803317586,-0.6547008966427508
0.23514459787950787,-0.45247189144580907,0.4217996811670662,0.796786225637816,0.5099434580834049
1.3731040018185416,-0.1324600099161498,0.7868900228437096,1.3284430439460018,-0.6961997734410951
-0.20144631635241095,2.0537921470726412,-0.8675411316512626,0.2085159467802333,-1.1823618613275755
-0.8065910912215806,-0.08802355502120676,-0.4667506909561898,0.7804951070350818,-0.749841759460084
-0.4072746149050518,-0.2649954743387192,-0.6874796162792796,-1.0115406380337526,-0.3917950916361426
0.28073747210017624,-0.5366406173018237,0.9285614615673843,0.016015248695487826,1.0260436571260325
-0.38060463190309207,1.088512930747632,-1.0426257359965334,0.40137307974700365,-0.48703066672223616
-1.0109222903448691,-0.7435632223154223,-1.4327264734963931,2.6161072917110473,-0.09282795730700956
0.1376860766144009,-0.4965177493960791,0.8489293803526685,0.48245167368319053,-0.05632506341638807
-0.0534735771352156,0.15230377800050182,1.2444492138790577,-2.484100815987573,-0.152854154408241
-0.2214758802682513,0.0822804699274417,-0.9808264702488839,0.4618547706670674,-0.766956775368154
-0.03687013650150034,-0.9356922578966285,-0.1775159318710852,0.20627020028854814,-0.48595802519986114
1.5718397117918232,1.8643008715952372,-0.21765185987104788,0.9734555149549525,0.9582349890095816
0.18093888588557125,-0.1802753618446023,1.4937961858626352,-0.6303245604525949,-0.2562397851097021
-0.013801764552310906,0.1853956096306089,-1.222212898823164,0.8989243579651879,-0.7759134637108035
1.7745230497405062,0.41453972559889385,0.4637309643479933,-0.9633921299383745,2.950937804309736
0.42593038764572166,1.0508951305003513,0.58584805691036,0.3910087167639771,0.20751687185026296
-0.6669072666185378,-0.4756198112370811,-1.2235611281379513,0.8881020507274072,-0.3917950916361426
0.3925321219712469,0.10861951038406481,0.29456892003823765,0.9019726209918772,-1.0501441208398872
-0.4181793586969239,0.6384044251460587,0.3151669102187071,0.33527212037057835,-0.1798728566573323
-0.6033776143050067,0.9449969387055157,0.386435975588831,-0.19904815882051272,0.4684445812850607
1.137905131298684,0.7759669466006135,1.1667502045123845,-0.3084633911532867,0.3705085361695678
-0.7838697430716273,1.7857550139123843,-0.20714456451380117,-0.06893868695217821,1.6785550388874846
-0.10236526435686626,0.016289279644371237,1.2256460130234301,-2.5478685609851337,0.618669662595598
0.3082616794165977,0.08362406345631754,-1.034000718916824,0.007149415919750822,-0.44182480863062273
0.32445151840863995,1.6727333218469336,-0.12231785973809041,0.5687002273924475,-0.06468001344757221
0.3987441879009298,0.08627400860634896,-0.4320439489512861,0.024714524655767806,1.9712814162803152
-0.1173416525789429,0.11796447343327121,-0.5990430628446113,-1.9920899146643816,0.4040915195652102
1.709915667770809,-0.32118281462243764,0.16285317058317547,-2.3856786322986796,0.9411733086173097
-0.8226458696986984,1.5426571120219197,0.5763161171550061,0.595237591839944,0.4684445812850607
-0.9410478663675677,-0.48495347215639545,-0.49985569116079187,0.10566126425775718,-1.1044606590171444
-0.846235835672188,-0.6488393250953921,-0.43375163889991025,-1.1378234934353932,-0.11886772712663979
-0.022886728202493205,-0.7950176405232094,-0.24829783086218374,-0.004577091297411095,-0.15740004575317837
-0.9217670320717756,-0.34825615520616987,-0.42021603550349207,0.0758092130408557,0.13271272416957
0.12871984508073867,-0.11338568826988019,-0.012735117522395532,0.7097798670071993,-1.4139557894552925
0.21897684389444927,-0.14139664686317288,0.11919559935114862,-0.4787974038159161,-0.9905385052119792
0.47668749451339903,-0.18626133350600918,0.029692325390221198,-0.2953393616205108,0.44968435698998926
-0.12499915433226262,-0.21570763396305095,-1.1370174562538553,1.0695947543859954,0.7119432807720742
-0.21531336370464496,1.5284589712340286,-0.9662369731596682,0.06401397313962409,1.4186315084742653
-0.5556730953074898,-0.49117217966172566,-0.8208571410792308,0.27900133170918373,0.5676421200265624
0.16979290755969498,-0.30692134214588673,-0.3093686723280453,0.02503758132282486,0.8078552514228273
-1.3105940940655754,-0.7749853031400952,-1.104844230291378,-0.511212364565334,-0.362164788268661
-0.5200811017417912,-0.008491056985535941,0.24714323487970993,-1.4668133637440566,0.618669662595598
-1.522442559223599,-0.5508543577306481,0.39906427322789834,0.34646685087736645,-1.0215363880511559
0.1068239459528301,1.3669773358328403,0.11214545945743917,-0.04460665860885544,0.3703955116909486
0.19958907526697384,0.43165155087263996,0.6769669620211644,1.6978140866226572,-0.3632433694987979
-0.04380841439867064,0.4235534448614175,0.14906262071885168,0.594231073207037,0.7734326098443067
-0.16155664053517568,-0.49937341805386404,-0.09625193947715856,-0.6328670591068444,-0.2562397851097021
0.6125251452078735,0.914228844955572,0.23415436995415156,0.7554789308324289,1.5068655055937294
2.28551165230994,0.1650915532747707,1.417607696910021,-0.2844839691664103,0.35535573221575084
-0.23034911279739892,-0.3715863387434345,-0.05822509364671333,0.05317816133101975,0.5881249644447311
2.848037926760098,-0.005752720594662325,-0.580292101268876,0.5744782698058764,-0.019172916443259545
-1.1965942979746635,0.3588502582168512,-0.5882927591622643,0.6427661448968401,1.2129169256288481
2.696086175964507,0.04537992102344532,-0.6087789348942104,-0.028913787055748985,0.09738737487984277
-0.575460139456172,-0.39866476308428955,-0.03562089072584108,-0.9947003233865573,-0.233763797482037
-0.21043445399911,0.11307531462290282,-0.4382543817313417,0.828778764114141,-0.5490489245098055
-0.021264293912261447,0.7432894085764548,-0.48362732489151233,-0.06118022471751522,-0.08667899096059145
0.11146152314872688,0.18451366502781183,-0.005285566260692648,-0.051253027846289316,0.19423713986710492
0.8997055061991504,-0.581849757649299,1.1512816636540546,-1.2341882956455201,0.3585322885312632
-0.21043445399911,0.11307531462290282,-0.4382543817313417,-0.032836314197297836,-0.345900298281798
0.24897415519738922,0.569895681141621,0.26570160338341486,0.601427346155781,-0.207182814293634
-0.650171088952556,-0.8828051679353575,-0.24486753329082134,-0.23762678119589956,-0.9697330561614202
-0.45440948951439797,2.1170190002416662,-0.41363758347200175,-0.17466869433141566,-0.33234287831464454
-0.20377249694347313,-0.704374772597749,0.04871176788422478,0.6771493478218111,-0.3632433694987979
0.2775720744566466,-0.17726693910608812,1.3575130901785526,-0.7487073748651208,-0.10846529519431537
-0.3147692306068376,-0.27928753154617,0.7991054020454877,-0.7169519215105354,-0.3632433694987979
0.4897840020350867,-0.408215438092457,0.44902294996125924,1.0665813981241552,-0.27510350371285797
-0.6897740984111688,-0.531065112059603,1.1543534857633135,-0.3537768775116147,0.25584419943453485
0.6593347533967359,0.31425709470214314,0.18267540435465435,-0.43428366066408475,-0.12095867998109515
0.11146152314872688,0.18451366502781183,-0.005285566260692648,-0.051253027846289316,0.19423713986710492
1.3943131662649613,1.4319362312726944,-0.28817338192674274,-0.9991616386881053,0.4254631334837033
0.3274636435649513,0.341856155050006,-0.6781488916686946,0.11893342354813105,-0.12981321158345413
0.08041609731124612,0.6559445953368938,-0.2995957842614085,-0.31567679325472314,1.4715801327878788
1.2345296577297187,-0.05231175408989435,1.641977434286401,1.062297090059406,0.5045299702054407
-0.43240930177733056,-0.7623995742462898,-1.6022391624998034,-0.5459483850708848,0.7259890801801252
0.10570986789419683,2.6543716814328935,-0.3220329426315232,0.2746402477614844,0.05862016255545002
-0.26974979472463045,0.5696189320823616,0.13196174928809423,-0.20497801084874953,-1.398799223592054
-0.15389815766437714,-0.8456131508486333,-0.10539732321427779,0.19730241367501666,-0.9905385052119792
-1.0943868280776707,-0.8258526864205404,-2.034176822013903,-0.7844881673773297,-0.36509255697443166
-0.8668310909981239,-0.697127294272269,-0.6093462567008845,0.2186992378144528,0.6385964132032822
-0.6947322607223715,0.31069788964432177,-0.1504564685932166,-0.47543808519716024,0.6552966158991417
0.5054128513795219,0.49863783463424055,-0.45793651295295434,-0.31966366062350965,-0.45579637302608955
-1.0909757400286904,-0.5023623164164773,-2.158070926349647,-0.27696329224430377,-0.5645279278094602
0.2986552685209896,0.08165127446905278,-0.026207077347483818,-1.7237339708228145,-0.4189325030269783
0.4034052598110003,-0.7769906648994026,0.6897745908578414,1.874297088964207,0.5121076427745987
0.01791284054355176,-0.6016943421869122,0.18671606428266815,0.9487552997922494,-0.9905385052119792
0.48471020178885743,0.23169645651977927,-0.015100146941436137,0.7648841863027077,-0.7878163123163953
0.2921974537762975,0.3747361452908169,1.5859397997510332,-1.7997681549112585,-0.47972077937901825
-0.4461516354525781,-0.19701553646893466,0.4251785365731165,0.8693195840635453,1.7317260338469023
-0.48963852839666255,-0.8112307292858479,0.06675150367443128,-1.133350894371367,-0.2562397851097021
1.0415884765327275,0.27068456558554294,0.1805462119735543,0.5364915991415781,1.0577824689252697
0.40616895158537253,0.005097494636275357,0.48206591187733716,-0.4955582678412426,0.3650841971757172
-0.06947433538403047,-0.6261432183101845,-0.2112475163138547,-0.4805376423120978,0.0695397316362496
3.205888821970048,-0.42843397275397227,0.5331643900868023,1.0964811286315204,-0.06703965023270962
0.667446509187742,0.011916778020166175,1.5507424213483807,-0.6529937548949619,-0.16954532852148893
0.062203550098423994,-0.70658230887577,-0.36767925166581994,0.15647260111829236,0.6214467877285345
-0.7007891592400118,-0.5845142346482848,0.47107699703690725,0.5929970015259503,-0.7124301554492031
-0.4896988243764833,1.3850713579241725,-0.30851608195348856,0.3641629078902806,0.4684445812850607
0.3136999674174232,0.0010623425547203788,0.48975345011261284,1.3313682028888827,-0.6961997734410951
-0.6483198762121775,0.16345434364858483,1.6503388623750026,1.9384435794921158,-0.3065512273208591
-0.45383070336114234,-0.2066260543807285,-0.9698915865338782,0.10263592923354213,-0.6741436149048691
-0.7972514275649942,-0.47603873024882765,-0.526562120989295,2.281148271596479,-0.09547132566051501
-0.24142702793090365,0.6488419838384621,-0.1561916096803911,-0.7628680587413916,-0.06405353013191219
-0.12844185001502867,-0.20191984951993602,0.6844546483428896,1.5439902539516064,-0.48595802519986114
-1.3290421909958083,-0.9027810197935343,-0.39220723599151475,0.06054006577031736,2.71813212335836
1.7777342774533784,1.222398426826071,-0.742447146786783,0.9978352987343311,0.8009386883584494
-0.5839614964636088,-0.028874420652108965,1.268252435296537,-0.2618745217374289,-0.10846529519431537
2.640815886690905,0.9528180896000197,-0.09467886263540473,0.5319231765309365,-0.308930426034988
-0.31215025852982314,-0.34176225131165805,-1.5953010046387022,0.3126221109520221,-1.3859879156601642
-0.34983280330360983,1.1403227980562416,-0.974553109744118,0.40972268436560705,-1.23630346253249
-0.7288108471463862,-0.5810530385894838,0.16103925981904593,-0.020632456110361606,0.502901163646362
1.3189087201920766,2.1259917019522563,-0.11957439327461566,0.3523353765406928,-1.1052542547091062
-0.5936265732249296,-0.6457425094872533,-0.18722366127241255,-0.2306645415517153,1.4069200992592341
2.8427425603828604,-0.06410063713039157,2.193320952586971,0.0804509363592651,-0.16447745134482233
0.9900482159644555,0.3999388007141803,0.12494750258364247,-0.7844881673773297,-0.9827771844875074
-0.38542198604955885,-0.6291545542621255,-1.0574084691605083,1.287010051505879,-0.09282795730700956
1.7907953468534887,-0.09272170280000493,0.7480551595206253,0.02902443565783551,-0.6159846624444946
2.4953945866267078,0.1353996512157671,1.0810321994785463,-0.11077504554578774,0.6957918129685049
0.9886054350651384,0.5926137021862538,0.5390015040099889,0.8568485959624353,-0.2606196508521707
0.5744903108183629,-0.19580189421811758,1.6138850986913817,-0.12282819741833226,-0.9919625969229838
-0.7711162366040334,-0.6690343427004247,-0.3959610180893761,-0.5760650509937127,-0.1289488083963812
-0.7603374467401413,0.4961618859616035,-0.8389640516692477,-0.21205258010667458,-0.4804288543301312
0.6341970790968906,1.6682483225494753,-0.13992544045327618,-0.0909332216068281,-0.7481825066112423
-0.027115574727998373,-0.2956423070014715,-0.8936524817079735,-0.2447680370827552,0.17340755552755951
-0.639182888619085,-0.4118643574002192,0.42424794284371353,0.08289846490932971,-0.3632433694987979
-0.15559434104873457,-0.37469972657102735,-0.4900936788465003,-0.6366409751016704,0.8009386883584494
-1.3870462998581685,-0.9886196349122446,-0.4781530077842305,-0.6328670591068444,-0.2562397851097021
-0.18497878012048846,0.19703736549986373,-0.45308710344951425,-1.1017986548408274,0.00891865125849904
-0.6098232056739905,0.19604497013415942,-0.2614079274744795,-0.5595528843393563,1.3060414049962588
-0.22992020123463344,-0.046154618587801545,-0.852296084803784,-1.6163915932861876,0.0891825834795915
1.8268597936212836,1.1328292255566745,0.3104119524849261,0.9479709780714924,0.36148229430161427
0.2545846869351676,0.05780536568528129,0.6920130505636527,-0.3544030413805783,0.6094989634058589
-0.10330461912886924,0.2918496825189608,0.3045153316145961,0.6915487087825737,1.1173212897614493
0.23251971437490915,-0.6607262096263001,0.7230281474396624,1.81118245552827,-0.152854154408241
0.41987274471284436,-0.5385246507044038,0.6184164208628794,2.281148271596479,-0.09547132566051501
0.4747527607643113,0.19176954883283584,1.5756524127134206,0.23152409478241,0.6013387966847212
0.20285090009017595,-0.1481551159863799,0.33471026000591253,-0.2601490218903624,-0.23080342556128003
-1.0333749933330179,0.45218864785798285,-0.901938477294658,0.06150608544442309,-0.04342221568857509
0.3225629223763023,1.6562556597089813,-0.14881388976215634,1.2536172221057542,0.647407975440249
0.9638427017079523,0.17312427983012102,0.6648215759550021,-1.4956314185574824,-0.041036997919371494
0.5445670737362553,0.36467584447352025,0.011485017050588358,0.9039555055898018,0.4479612352789695
-0.43805564972834043,-0.2358091247026285,-0.8584017340533115,0.20374805904814847,0.00891865125849904
1.9296806273023828,-0.6590988877118807,1.3064808110076238,-0.4623240409989976,0.6094989634058589
-0.5238418408985588,-0.019619217731340323,1.8162488074823402,-0.6901163271263787,-0.47972077937901825
1.1101175546447362,1.1060991795020798,-0.3294396299970756,0.41542999124502394,-0.7941528725459654
0.6228720692820706,-0.37612693093436245,1.007812896776347,0.30495305947187357,-0.2502036760459292
-1.1052341930365068,-0.4743743927093678,-0.17869387568603218,0.03390455330277267,-0.23080342556128003
0.7996639828260135,0.555863441939051,0.30649118598510916,0.2661196717855981,0.853589703837829
0.07453033324713694,0.5282250082083455,-1.089422047915186,0.1963479958278459,1.821490542915006
0.26888604836302465,-0.30447600779341766,-0.3893782942479137,1.8296867620610608,0.23276797825917275
0.07215720520153138,0.8149900134976381,0.21260799219896231,0.9862745658068838,-0.2916938586536101
3.213309241357151,1.5943210588397532,0.21951090616551425,-0.5358116594174777,2.950937804309736
2.326592922835911,-0.3918780371015273,1.2722426450993147,-0.3126417597710496,0.6210525396211615
-0.2712310975688535,0.35789373178613687,-0.7479231704715643,-0.36710522272241247,0.13182641830986522
0.15542441647361743,0.46279822689443534,0.3738623734285299,3.5613486008587545,-1.253661079799253
-0.23034911279739892,-0.3715863387434345,-0.05822509364671333,0.05317963540569265,-0.10846529519431537
1.9310747025274382,1.8270662390932417,0.3789752647348095,0.18667688069758853,-0.14307402589221938
-0.5241344658813786,-0.02274494439166355,-1.460756526512521,0.5871487441842667,-0.4804288543301312
0.5598238128055305,-0.8427188151768222,0.16276195375380256,0.9123049367599868,0.36540320709466023
2.9177254437817033,2.565447049843137,0.45531164315605555,-2.162048679097374,0.49489113891013553
-0.9143162656383037,-0.3961909606428397,0.020810373192283082,0.26918546090826645,-1.0043011582375723
0.319280283143877,0.19008740448974398,0.2753320853406187,-0.18809086119504306,0.4406641341771104
-0.29924492069122544,0.021963975452218776,-1.65994126124776,-0.4001454590150883,-0.2596435811771687
-0.7236531843696654,-0.4283029914763164,-0.6355430036804502,1.3771989014604218,0.495688663707493
1.381562138095779,-0.1314279825346332,0.010164239418380735,-0.893564190960345,0.4369721796880392
-0.7972514275649942,-0.47603873024882765,-0.526562120989295,0.23774884110113248,0.5349850679365312
-0.7214077593892381,-0.12347964938390825,0.03640976387364937,-0.3512246044987848,0.502901163646362
-0.5556730953074898,-0.49117217966172566,-0.8208571410792308,0.27900133170918373,0.6552966158991417
2.1050088707852077,-0.195373901957449,-0.10140544898538581,-1.258583668164098,0.9203109293375056
0.7540221817589469,1.2409380511549526,0.5476494847950214,0.283853505253098,0.9582349890095816
-1.6780787357978184,-0.5948604975085773,0.0405223634836406,-0.11806244643452933,-0.1289488083963812
0.36085782342781175,-0.04536248492358767,0.28103963350788597,0.6915487087825737,0.8057402223480743
-0.23700106457925676,-0.5662303974373537,-0.06910060555559898,0.028068515122765657,0.6659546904761536
0.40445245304557614,-0.1864102692543792,-0.6496722146881567,-0.5107651046589314,0.5026293029921685
-0.45780394295277804,1.0841396465937387,-1.9495087357543088,1.3003156126784843,0.9939286543846455
0.09593546625582348,0.19664419264784855,-0.8143092493389006,0.327369760831055,0.0891825834795915
0.45495470279029887,1.3775341758866066,0.40296804908383227,0.8825697813427893,-0.19618382712504726
-0.30647987713369834,-0.44382665077098493,0.15521381102995027,0.10838296142135218,1.0306054320885272
0.12705671379278732,-0.29161526902702195,-1.271557156749826,0.9076152325870319,-0.3164390300443224
0.14355570522901193,-0.22288441695534772,0.5340014211277458,-0.32585376818648065,0.28918157194394734
0.47562782490916167,1.672031933192353,-0.3465367114696592,-0.11834338203647979,0.8134757112945186
-0.7232968470337597,-0.19629088490326593,0.04964417224233785,-0.09934643188951868,-1.0043011582375723
-1.0778578300524686,-0.7462656030760855,0.2090055086800545,-1.0260085168347401,-0.20670881370652533
-0.5009688715216316,-0.9968794076988993,-0.07905898796909559,0.10285668370789691,0.6214467877285345
-0.9915565770188568,-0.856236100303962,0.08847486738027602,-0.1369372830722545,-0.8509759291717726
-0.4576850097892388,-0.2962527179140775,-0.9081877483971346,-0.5671038786466082,0.0891825834795915
0.2867070369327175,0.8297559690768405,-0.040731584526196636,0.27763203505258416,-0.19770246815951215
-0.08985813612438538,-0.5044648922083732,-0.2777072092441863,0.9431070425802476,-0.39623146961792083
0.6575153693048484,-0.31574147078383386,1.2272928712881126,-0.68519646815595,-0.18146172000099817
0.16797883571925326,0.11709057044119704,-0.24160691964014047,-0.8828853467859044,-0.46889417125992294
-0.09707181562636709,0.2149418641578915,0.26599663781069977,-1.1244056962433147,0.20751687185026296
-0.7532822213164111,-0.620249521213666,-1.3221445017624311,0.45306987560999534,0.5333960373968908
-0.006843079896463118,0.680683124080311,0.44251286516882327,-0.10626729312964302,0.36540320709466023
-0.05698473168242595,0.668119333947559,0.19068875050880874,1.1934335447895856,0.21257806118795833
-0.8647730870570217,-0.5051747657108281,-0.5771286987957651,-1.1199330971792885,-1.4472345597757166
0.4173644138721432,0.29225488794708926,-0.21368886932897682,1.044249838477604,-0.06448957723285731
2.579757499535438,-0.5108735472643166,0.26012088106087383,0.32422616022239664,1.0577413387155947
0.8843783202952166,-0.1314947059024876,1.8606835166945803,0.07685156111175379,-0.233763797482037
0.4671623625325607,2.5845742871845148,0.3051201634441798,0.7138004373191349,-0.6474200135503977
-0.48585668244904456,-0.15192852042461508,-0.8100931504550739,0.30237877449593004,0.5671408664956447
-0.7080853373418166,-0.4562158655980914,0.21403752681572918,-0.2306645415517153,-0.37696698226439446
-0.3320474133434783,-0.027424723345658777,-1.1553589556434183,0.88931425516617,2.4950769772355574
-0.21207626274931143,-0.9602854105138536,0.041579750287593045,0.42870318581374295,1.6515211218047334
-0.01994060419913623,-0.007104028665695427,0.7320205348281817,1.1750222113466595,0.6165325636522389
-0.40385340505629874,-0.09397477091322219,-0.16387845380549348,0.015309714550887563,1.6515211218047334
2.502202619266188,-0.11441891731324147,1.9930832793725122,-0.10294056482972389,0.8869315906385469
-0.6460169321818323,0.3916948087228738,1.610716831897035,0.4985159241321869,0.8897946545022678
0.008785448967244206,0.3986636951738641,0.8922818367989059,2.011594002536339,1.6616505227110443
0.026147150848539063,-0.5260925857546788,0.977435774167969,0.8416299103802443,0.5833010261945515
-0.32213602241919703,0.1997564871649878,0.5091964651302702,-0.054588282170176076,-0.7755140325282273
-0.5890109238962684,-0.714176773913161,-1.2874109859948009,1.5122975487997508,-0.09282795730700956
0.6043992484275249,-0.5609675993371586,-1.232700417354118,1.4246485919161362,2.838729910828953
-0.882376820899694,-0.48383273370504193,-1.5052070740400638,-0.49958360699886606,0.5026293029921685
-0.8540785952527598,-0.10985306490877965,-1.7748095992587298,0.04208683357031392,2.4950769772355574
0.5763185234406821,0.5354667550595187,0.8537186101437989,2.021682926863787,-0.2772372587367316
0.655129565098685,-0.24216951868037723,0.13566099447623903,0.4847258682482303,-0.2372964812227844
0.16571610765722716,-0.48536827778366287,0.7325610299674964,1.6666899207642276,-0.152854154408241
0.8480778494423407,-0.18454777952454937,-0.5971199470160483,0.002211331863511142,-0.04680860295181985
-0.2533153567085099,0.16117291900702185,-0.45760027661105335,-0.651651975175754,-0.24621605205914174
2.2333499038295295,0.8254212848888629,1.391526949377417,-0.26584245450329597,1.0026398990370389
-0.054909345288393745,0.15395182776161365,-0.796049297326467,-0.705266379756692,-0.21253776695815504
-0.5793043610309817,-1.006009977836154,-2.1976099218485845,0.06519029800840695,0.499973227744617
-0.23904645443339725,-0.6528150618326319,-1.3686009981305536,-0.7028681772786711,0.36428617079043696
-0.16190458039235095,-0.7406703016489814,-0.16088337669786987,0.1578763334399035,0.6165325636522389
0.7132797502250423,-0.5321571348492683,1.396512106246983,0.5879712480337718,-0.34847979777312516
-0.08350855716017887,0.22941618068425357,-0.010397711104802587,-0.643601296860507,-0.4772996144753426
0.22955628885329726,0.8245620370099139,-0.08003225719401941,1.2536172221057542,1.6748573327201142
1.0362554442183132,-0.19348868658151522,-0.64320283764721,-0.9439604663771731,-1.1515148728551945
-0.4638361437905652,-0.8230685293360507,-1.0942382086200257,0.957739955586682,0.06112074554691287
-0.8209483766887637,-0.4958341042973018,-0.06935848313928068,0.6142275926204939,-0.6961997734410951
-0.21696796803487348,1.1289439978106386,0.23395040932618924,-2.193356872545557,-0.3512488974992958
-0.6460405044786047,-0.2666537614323514,-1.7154668752087727,0.30316079731937645,2.4950769772355574
-0.3052348059658084,0.5348859276024918,0.19614769132702725,-1.3390904513165682,0.624435248572972
-0.02550489052491312,-0.4275716856598345,-0.18171891301145054,0.48293574083822344,-0.11983997171712898
-0.9489540088445181,0.49263742258079174,-0.6032285249201199,0.8970997215399511,2.3356813639312555
-0.5007191860515325,-0.5197398653621028,0.23168312773478641,-0.22296206499434354,0.3650841971757172
-0.38538588405329544,0.03811059798780664,-0.879351756443363,0.13151513606637166,2.838729910828953
-0.4669659425124639,0.458652249847522,0.6758415633204756,0.03855092937329933,-0.05795606014557503
-0.08944584858331653,-0.6235791053562602,-0.00029722275293578396,-0.6295247254884828,-0.2562397851097021
-0.15413548487287249,-0.4790101894847075,0.053027984099680146,0.08992767885193939,0.3585322885312632
0.23695665052577877,-0.5615494561753445,0.3061446548156778,0.4213164147175101,1.0260436571260325
-0.3653412341955941,-0.14050018808504317,-0.6762117397264554,-1.0409535587206964,-0.31619759905744943
-0.19851898299675103,0.49884230819825076,1.8673294994642056,0.07853620728623759,-0.10846529519431537
-0.1866743684427089,-0.5840082666473126,0.3340354463734484,0.5717431026641883,-0.1421995909466891
1.424047710594522,1.6888721995083948,0.40907296341250066,0.34093319252869414,-0.32450205590439835
-0.22301380239879529,-0.645156329108318,-1.4830539175357476,-0.2926798764328087,0.5500724982644013
0.045432791940356675,0.38554957011366886,0.09641752415219658,1.1189653373433277,0.42085291598765945
-0.3123036475186479,-0.5438684562589893,-1.597571288759646,0.31310938616967404,-0.5644247678933233
0.7922741144745173,0.6176983087621295,0.16559109012911497,-1.2228028756518894,1.5068655055937294
0.02122775607013586,-0.16652727407116022,0.08144733391146691,-0.05169293679351014,1.589947860353408
-0.3841052572282762,-0.013556643548834792,-0.9198715608408672,1.6093574026657222,-0.4804288543301312
0.07291705982266268,0.7672021432365127,1.4291019320644718,0.7670655752791166,0.10592302127383248
-0.2583366178764595,1.6252502833952487,-1.7697347705962314,0.4305169673960865,0.8473124981791313
-0.22094374284777746,0.25582349835443374,0.361016247591424,-0.20955635788724775,-0.09547132566051501
-0.10411901007732949,-0.045605781061473165,0.014364920505753867,-1.6119189942221614,-0.30232852579422165
0.5151098443658139,0.6156898705596505,-1.1491837558479292,2.748823376410858,-0.9859491429137267
-0.6414128181824156,-0.850027313758088,0.42202824855533955,-0.22375733189825092,0.6165325636522389
1.0231989538241,1.2298475320562732,-0.0402768457489347,-0.19829621684777046,-0.360981876750568
0.28254151876506434,0.09236400350547858,0.22716531745009094,-0.10967119081785438,0.0614046443112552
1.33817189838987,2.0248775042328373,-1.189614161200036,2.156261991144552,-0.740821536647205
0.5710924546865639,-0.271181936744371,-0.288702845847755,0.023511799069282528,-1.0043011582375723
-0.5373545791794581,-0.513074152273285,-1.7790507116557215,0.06224320393895061,-0.09903076075714864
-0.37558301687559087,-0.5886289464280965,-1.1007284709464014,2.7777810724766674,-0.6843719958279588
-0.7280347760415957,2.2178499546819848,-0.38991982143272913,-0.2528815658630634,-0.1798728566573323
0.32592768021172,-0.2551229766222728,0.7788719048842376,0.07737571448184839,-0.233763797482037
0.2680929955962534,0.26841450549436674,0.15875832128825096,-0.040916081861543024,-1.2329874647744206
0.898829053385984,-0.6715937720923234,1.9471841039881492,0.44624276126185797,0.5410676574811567
-0.4596172718672776,0.02432000176745725,0.20610311458036915,-0.07976659536795416,-0.009056587937286963
-0.6278410698096566,-0.20428223401338821,0.6824560852002352,3.484337889659409,0.4020283212424868
0.5374811336306657,-0.6048037255651803,0.167907446504717,1.1077184653803542,-0.6954012454678918
2.8723466446157593,0.017724850542462933,-0.7680450069858564,0.5985099575225679,-0.058919725825366254
0.5521686431031496,0.2275439943225275,1.0910651186795761,-0.2306645415517153,-0.37696698226439446
-0.023984014262097723,0.4483849636160139,-0.04376667835896128,-0.2864617072668609,0.45662115076725607
-0.18448136043207947,0.12875952022714723,0.17947645199042067,0.864309957427351,-0.9905385052119792
0.42608009601753966,2.2070100239548402,0.4300004922018223,0.1910935388200624,-0.5514924936740359
1.31747610583783,-0.18871351197530042,0.46577991389420226,-2.582472991115829,-0.04976278862152813
-0.9842673453056974,0.47211993121211415,-0.019610644948466417,-1.0036455215146096,1.6515211218047334
-0.8613015037126672,-0.6684889707567852,-1.8136220382375516,0.7102225998202761,0.5333960373968908
1.9590845217064654,-0.07284593498740194,2.320925216455944,-0.546993157077543,-0.16987119347537774
-0.33775766327503287,1.5253147809848537,-0.960376290101141,0.6228909939623598,-0.4516596102302368
-0.02368826076785526,2.3242297152149347,-0.9585599219279854,0.909196405507038,0.6366365419926692
-0.2791681881055989,0.6636002872583517,-0.07514317064665699,0.12880527878003165,0.6019801604420929
-0.010286456181638396,0.6505555189914207,-0.23666955949268387,-0.17345746892649544,1.5788620984741653
0.14217283681138684,1.0963361983305542,0.2297878250722728,2.7148771121927786,1.5068655055937294
0.9915277483579144,0.08038429347567004,2.2319773929609465,-2.014452909984512,1.0260436571260325
0.7904093764746514,1.2552763678486152,-0.4073735712058795,-0.40815564388773706,0.6255721811981355
1.6720458364664204,1.6162813742746118,-0.9477931551243182,0.02791697247602066,1.821490542915006
1.7988439268409762,-0.11578759330523718,0.1496959916644792,-1.4553780269812473,0.1687252322676025
0.0532680107039756,0.03415602814398566,-0.53976803537943,0.8970997215399511,-0.39623146961792083
0.37341806282049494,-0.37556297581547277,-0.3251124436039863,-0.2500556645773976,0.23113982386154902
-1.2060580712686975,-0.9178361440978061,-0.026230871311370245,1.3313682028888827,-0.6961997734410951
-0.45131156928632066,0.21049564522794734,-0.9535619370002816,-0.8023785636334342,0.5500724982644013
0.28304247507287184,0.038014369580370154,0.010326924862360164,2.281148271596479,-0.09547132566051501
-0.23751808191812268,-0.8686045085067734,-0.07059261109913519,0.020627972090499675,-0.9697330561614202
-0.22892005157411746,-0.23474906916607602,-1.0143506005045795,-0.3895576700238236,0.6066466000844924
0.23268532182690754,0.5598825623701321,0.09336540754971044,-0.6431540369541044,-0.9683347126304562
1.012764889190208,5.242307280798699,0.03383696935048481,-0.36053050209829407,0.7289718563614369
0.3581352728941139,1.3135004134896853,0.4308733603839849,0.9641729519731227,-0.30589665508151825
-1.2113248726027839,-0.46722645358738324,0.4331867496564177,1.3313682028888827,-0.6961997734410951
0.5174763964364528,-0.9158061616530345,0.17123518844538782,0.8998022610776282,0.3585322885312632
-0.2900383900411258,-0.43751602515430904,-1.4228448807428824,0.3215712458495657,0.15145121298798392
1.0091720744274884,1.0804617881466159,-0.46832834289668673,-0.3006862185833297,-0.3897365748006993
0.7771828115258206,0.255108701619938,-0.8903622044505839,0.40305423017914127,0.6057942350075683
0.632824002766339,-0.2497642507079423,1.1966132985321332,6.7355034515656795,-0.23346016959272858
-0.25448010169049745,2.6600910959326947,0.4454817716549124,1.0318011057021192,-0.47969419521910633
0.11328443838916051,-0.15256917864999567,0.2781183714764179,-0.22656259458539563,-0.24512894383431616
-0.13292977207556927,-0.17766283883374553,0.6241277345684161,-0.29597545889638516,-0.9697330561614202
-0.47183803870326707,-0.435802931704222,0.4161730690556119,0.677732253928746,-0.3632433694987979
-0.9360050156210976,-0.6679901305246335,-0.06268596623272975,1.3086186853215789,-0.6961997734410951
1.440134014691428,0.21719129536124632,-0.021194765573989405,0.9426388881164351,0.6395490958647796
-1.326446335805986,-0.39760134384407414,-2.0755578008681814,-0.5049507258756974,0.6537838267237769
1.0521239455165696,1.114647292798101,-0.6429210178393745,-0.5460986372647377,0.27866845627664344
1.1463342338125821,-0.48704291317845755,0.5346983785660456,0.8939683945147229,0.5121076427745987
-0.21900498011128267,-0.15061484165006497,-0.7820987108971891,0.47210079963442186,0.7119432807720742
0.19707839060590662,1.0687138050196248,0.27275532417129245,-1.6432271876703444,0.1611484123007583
-0.37981185628112496,-0.48654795709101945,-1.6793929973203405,-0.8658945779653151,-0.09903076075714864
2.503051572594003,0.04980447329614101,0.860959399951627,-0.6350243325029971,-0.2562397851097021
1.2468830784505305,-0.1297025469732803,0.16946895257843111,-0.4629082946738519,0.1426894751513552
0.2084261667680039,-0.022332360649202618,0.7116109694132189,1.6751879259777085,-0.1421995909466891
0.8161610054865468,0.5816724423986707,0.5510934327214501,0.3877858411114268,-0.2685818575397502
-0.7004078710456821,-0.8715793220632905,0.32721483020568287,4.645135164897456,0.5349850679365312
0.319280283143877,0.19008740448974398,0.2753320853406187,0.4786087637683474,0.6957647295159957
-0.5325080435431906,0.1683659916446015,-1.0837972582143995,0.06925784655426322,0.5648890711139235
2.3411480396698003,-0.07385374879915853,0.8943410763390617,0.6837815502175576,0.48858885385529466
1.5017520270889435,0.2590550641563761,0.6018104951549348,0.35701053155938883,-0.3400716794221172
1.17451550847363,0.6600883329219908,0.3202000289678574,1.1996076668379465,0.5429910799693747
-1.2603803817561368,-0.6033515792490353,0.8148043526950691,-0.12847262904461063,-0.48595802519986114
-0.9699167309659066,-0.630186491332832,-1.5490859630535296,-0.5850102491217649,-0.320308780869236
-0.9208106425451423,-0.18269341973871492,-1.5746355530675515,-0.25051435360261676,-1.0813502462650404
-0.4247031232960322,0.3644349301670375,-0.6930591820248948,-1.116485748907023,-0.49234390824184615
0.17927355983899776,0.47758196664993335,-0.22831523269777657,-0.6049715542458046,2.838729910828953
-0.3690867713606012,-0.19695659587146266,-1.0971059177571858,0.41910213687058484,-0.3581547600213192
0.5836628080975551,0.19215886622586045,0.27798633184743304,-0.9536179264283388,0.17621210080027935
-0.4328912540557732,-0.1149261757946282,0.11160216434992946,-0.3119755917698102,-1.2116573547565437
-0.40578659856608545,1.7467749161461241,0.4788012371937899,-0.15753897289870894,0.502901163646362
0.8452816663981314,0.4424869426416964,0.04535761118686398,0.15670378637754429,0.6214467877285345
-0.3668770284652875,-0.7711491058697154,-1.3133100765643317,0.17478835592203557,-0.5055744600792651
-0.4211328898739946,1.018234704917245,-0.6683260280004608,-0.5788312100843325,0.495688663707493
0.30017719342772414,-0.5828261755683867,-0.3799352615084502,0.2498215576655356,0.618669662595598
-0.5648086816168432,-0.5692445864845525,-1.357833407591607,1.8726969668246687,2.838729910828953
-1.210509163928933,-0.6424148175696331,-1.804197540058791,0.3603258547361162,0.499973227744617
-0.5401600053407011,-0.26620950031987617,-1.5071847702674173,0.7835938470660425,-0.3917950916361426
0.13867201501543994,0.3738439111756429,-0.21741621357020463,-0.594360659000674,-0.308930426034988
1.1645849791930833,0.030129209434576025,0.7207134200815241,0.8007034766299967,-0.02063842027224437
1.1177644966038807,1.7918567250280304,1.0959609619753472,1.0220762027515418,-0.2502036760459292
-0.17653798438971233,1.0299792099824503,0.7296394572007049,0.8712975944552414,-0.6276617964847966
-0.06630753481092376,2.1178511658666834,-0.5937648838620888,0.13130921306622861,-0.2984460680752621
-0.14275437026757906,-0.7414164846969685,-0.561027790353227,0.10999057045060616,0.36540320709466023
1.0876356247630807,1.4656491496323953,-0.2928418944864902,-0.38738094725467725,-0.476987961179268
-0.5221414317523063,-0.49981208594097803,0.19533580660584426,0.6222600702081988,-0.3600146480393071
2.203079468006348,0.026248405829926543,1.3659591061668632,0.43359917914478674,-0.19018968425082022
1.1177644966038807,1.7918567250280304,0.862757469936306,1.0476293747649141,0.8897946545022678
0.3416773314485688,1.3329867689653792,-1.1096535583869307,-0.40878984599913587,2.2437667146337983
-0.7709691715646801,-0.4772936604043789,-1.0131589359229214,0.3842208664313152,-0.1730965710153824
-0.6264343749172542,-0.2798357472900973,-0.5577367625294785,0.27689412784044587,-0.6138599360032329
1.5422807007204467,3.213593030188519,0.10063661142182383,-0.36053050209829407,1.3312214531160962
1.0476963273102529,-0.16060693461667963,0.6128989726949681,-0.3824015115213818,-0.3632433694987979
0.6939356783998868,0.852512788062786,0.5053542658161789,2.8762731771595766,-0.308930426034988
0.4780193439789394,0.3693395727029115,1.6021734455579,-1.2764740644202028,0.6094989634058589
-0.5737381771114707,-0.44629570904521276,0.4204040375492341,2.2571719940850135,-0.09547132566051501
-0.6711489147504484,-0.4201635396995319,-0.014323806888935857,-0.15772141780489113,0.5293599265775598
-0.3904135967542247,-0.3454421366695609,0.007015037940727083,-0.6419080653328396,-0.7386057568692674
-0.21696796803487348,1.1289439978106386,0.25424684177445406,-1.0707345074750012,1.5844210302273183
0.04743600023362116,-0.3589843218367959,-0.8531727616513535,-0.15947000164917666,-0.5623286319636653
-0.4091290006026782,-0.4241548666908093,-0.23140812190444984,-0.2555900847701257,1.4069200992592341
0.20375537872416982,-0.6454012192168707,0.31954651684716173,-0.2027443114443116,1.4069200992592341
-0.7080853373418166,-0.4562158655980914,0.21403752681572918,-0.23049154405444347,1.4069200992592341
-0.027115574727998373,-0.2956423070014715,-0.8936524817079735,-0.2447680370827552,0.3357294327738636
0.1654697146977551,-0.0843891292676624,0.556523455840427,-0.5505795044347662,1.0306054320885272
-1.3070565156973,0.9593611100765904,-1.7817671386211034,-0.04527881034225327,-0.7065321502601928
0.07898102707173327,0.37261246806576154,-0.917602916532429,-2.200065771141596,-0.5283545771841615
0.22105595234508624,1.3503799794217783,0.37644225205954235,0.7665645230951991,0.07320667374435091
-0.7348970422856808,-0.5962482386552138,0.4090293730632837,-0.3032191043609343,1.7317260338469023
-0.18149909261011068,0.11054506926351843,0.04244520795979361,-0.0067842400463296705,-0.22637005710703897
-1.2014684079834181,1.3179186275987749,-0.18554841082444465,-0.7384203970178608,-0.23080342556128003
-0.12152525183569325,-0.041403199349608066,-0.48952627533530124,-0.5202700551996924,0.0891825834795915
-0.31751459420784245,2.011166463062565,-0.08563912253641003,0.04440449822659118,-0.35864313946221665
0.02415385079489717,-0.7863581789673604,-0.11375659305363009,-0.2306645415517153,-0.37696698226439446
1.086464448602659,0.740805608541045,0.16606405801185845,-1.674535381118527,-0.44097378112149294
0.9016005513924016,-0.6460035873607778,0.5497654769610035,1.1898013234867655,0.7797552928080108
0.028106331463111523,-0.19751102862778105,-0.5017810887739537,-2.4125142266828368,-0.4804288543301312
-0.6108097553291122,-0.34920761194733346,-1.6511736617685155,0.32505958612907765,-0.09903076075714864
0.20425181539188075,-0.11534534471118975,0.23666382808159758,0.3520924898326703,1.0306054320885272
1.585119245727827,-0.42312697649122594,1.4613435054972173,-1.526939612005665,-0.22460881471388108
-0.4457887716761148,-0.5445375080592358,-1.7338184545248887,-0.41242270029079753,0.7259890801801252
0.360175150594688,-0.48249402972576205,-0.3829176745598672,-0.07601428122489828,-1.4173693460643593
-0.6184171641388887,-0.05675825776851628,-1.372241456482358,-0.3384637995117412,-0.09903076075714864
0.24358382941721332,0.22941618068425357,-0.010397711104802587,2.2156885043698407,-0.6377176311624204
-1.5117150290847676,-0.7501440252557966,0.43889817063712205,-0.03904095787279629,-0.1798728566573323
-0.11852816384743106,-0.3642643681480644,1.4901110233582577,-0.16661378725078316,1.4069200992592341
0.12782730173525172,-0.09883932302310872,-0.8391414556998866,-0.9723373280664267,2.4950769772355574
-0.44366974119833574,0.34778104932094334,1.6915153133813325,0.49312275040129117,0.37655083148438967
-0.2706269641905359,1.8714751703218495,-0.3066291585127793,-0.16621720704652618,-0.58735887249054
-1.1822210669782667,-0.04575912462371556,0.44051728273725754,-1.1825494840756543,-1.8780721267549465
-0.1001090345057549,-0.8998074508958519,0.3053379321864857,0.21190487542802247,1.6515211218047334
-1.2963370214630598,-0.4499846297693998,0.266659870040675,-0.5053979857821,0.7489731763736539
-0.8783554661824047,-0.27960389857768086,-1.7077411667296494,-0.2499382850197487,0.005908789329352286
1.629612528392877,0.20870282246004312,-0.06887526570830609,1.4779956641521514,-0.4143155533929685
0.3171309410924296,1.644959223746846,-0.00047032975582173096,0.43499893712909904,-1.0247631031589548
1.2022869178749767,0.008549868304584127,-1.2159489427359578,1.4510521351709327,2.838729910828953
0.3234238878863329,0.6550790142221836,-0.10846043348675799,-0.35962909857145064,-0.06893344499905599
-0.21900498011128267,-0.15061484165006497,-0.7820987108971891,0.47210079963442186,0.8672937546744337
0.08175773596184459,0.30307521768502743,0.02478794492953647,0.9131877798286904,-1.1044606590171444
0.40002067742018776,0.6189822937424082,0.10015318137673895,-0.047981548706387385,0.5337337732649541
0.12422632475494454,-0.08735626662171087,-0.33450677013038294,-0.7549690135547574,-0.3164390300443224
-0.08355820317794635,-0.08307812532783992,-1.0755392430332025,0.337954568805206,-0.6584093033524757
2.255784415247696,0.2989492888279042,1.3151759477156135,0.7735810419888653,-1.1097157956850145
-0.15855809551568376,1.0779866417224506,0.17866064735540052,0.9312385380752202,0.5676421200265624
0.1679995709176352,0.48956172450086555,-0.06651233737846578,-0.7777773392294477,-0.58735887249054
-0.3325745601559408,-0.21566982450352762,0.7364716779832908,-1.2809466634842288,-0.233763797482037
-1.6040286773807328,-0.44249085197061744,0.8770831546087309,1.342323651174483,-0.10846529519431537
0.6142285458479669,-0.4702026789110615,0.49613159679161745,2.042598660711886,-0.1421995909466891
-0.6483198762121775,0.16345434364858483,1.5639754000917534,0.3601276162780563,0.6652558113036265
1.4965630514273693,1.1287318681207639,0.10627814268115277,-0.0951471884728229,-0.4320082313922062
0.03541427517602228,0.5499203556470936,-0.0932408673399969,0.24995158382723115,0.6347579280255606
1.844843396549926,0.22771173107993525,0.7880706394221086,-0.06691891015179258,-0.9905385052119792
0.8625594789913653,0.09636189891585868,1.568479506860552,0.07737571448184839,1.4913824895906922
-1.2174363797702457,-0.5970166831045917,0.5517399697490705,1.8219011150289572,1.0260436571260325
0.38865014687550836,-0.7118769653054224,0.6743259960702275,1.8483036926197172,0.6263513144383213
-0.5263259399474318,-0.30878495259208816,1.2961023534411176,-0.5384952188558932,1.0026398990370389
0.36481979215135485,2.0879267122903453,-0.2594070049374364,0.8539154892558001,1.4918646827805409
-0.8893645455548542,0.08767129274992347,-0.7157579380372034,-0.37051155471758335,-0.39473740639167637
-0.6610596118968963,-0.732008928456879,0.4971227592597769,-0.1598682488040407,-0.1798728566573323
0.09780799680831102,-0.4037905501165511,0.2106899205400047,2.2571383473021593,-0.09547132566051501
-0.5325080435431906,0.1683659916446015,-1.0837972582143995,0.22017725415211964,0.6013183987758579
0.4618626598450105,-0.027741859038509793,0.44151647386213577,1.5822819606056033,-0.1421995909466891
-0.4669659425124639,0.458652249847522,0.6758415633204756,0.03855091395722385,0.8619264295078156
-0.10772482398183335,1.9843455518838404,-0.828195300318482,-0.5384952188558932,1.5892747293609213
-0.03388761758628811,0.02496742559703617,-1.560475483077146,0.13029066456852606,-0.3917950916361426
0.012283148083203002,0.3469043511693422,0.9403399939256655,0.1301404773869936,-0.243010905232026
0.4099977495092297,-0.11760560456470995,0.6348252739469701,1.8375596937141587,-0.1421995909466891
0.6656425765477814,-0.8329142128131836,0.5149778350129968,2.2141392576579317,-0.45187027715784067
3.480585344536121,2.260591920515687,1.7634566460058116,-1.6476997867343703,0.04449176833610036
-0.14280953427884152,-0.011181908780453569,-0.9202181431944698,-1.8730849092703983,-0.45627388472865826
-0.976545947734351,-0.21871677856898855,-0.37760496725853626,0.17896089425750827,0.0976393558591175
0.01238483116568764,1.4538640288084421,-0.3409462249817839,-0.40029190777748624,0.6385964132032822
0.1672410688086117,0.38302614598982854,-0.21654122116888552,-0.5948123617516881,0.6624576194779297
0.7059563509747411,1.0207310275222357,0.12051677388966713,-0.775095709342875,2.8873187329170125
-0.1049665554224957,-0.6096048702877852,-1.0373772582422371,0.5588750095569459,0.06112074554691287
-1.040979966191065,-0.6802498312393683,0.11585233811567558,-0.2936476502387051,-0.09547132566051501
0.6896706416516223,0.823781479206886,-0.2838394338719729,-0.5499314251685781,0.3721291667483489
-1.2328700152957377,-1.0197023805108145,-0.17483388482645618,-0.11956564736005507,-0.23080342556128003
-0.714491027859123,-0.6964440988642905,0.15620731990829628,1.3172193439642566,-0.6961997734410951
-0.5120781772415981,-0.8026708516368086,0.32908461706115816,4.645135164897456,0.9397762190561528
1.0865274632975783,1.2678562105088675,-0.2637025639491155,0.0843313531861381,0.41657704614119845
-0.4720340569640027,-0.28965431041439194,-1.5639890630965676,-0.664401917553104,0.7259890801801252
0.11378738270150639,-0.4785330960765962,-1.140349695597691,-1.9518365230881465,0.9189633297847382
0.6562099692629804,1.1985483512447346,0.8084207622290638,-0.9499743327462961,-0.26243339278125527
0.1549463272736505,1.1326817339257116,-0.10047254320517157,-0.7625724319636018,0.362788930840681
-0.05980432674247174,0.5237175859737329,-0.29281957635284434,0.16543709658971445,0.02940935388745897
-0.5022689748349287,-0.6952346169897348,0.30947634660476536,0.055483907858491846,0.5121076427745987
-0.20221396681980217,-0.5786579149742527,0.5641017711652527,-0.14860407544363854,-0.1421995909466891
0.05399907496257871,-0.4630719952458992,-0.021266240342094535,0.554153917221545,-0.5580841949603705
-0.8623377173169801,0.2994158252186161,-1.0719269043553863,0.4070730981558716,-0.029370898813372553
1.946346312748766,0.24428281054739107,-0.3468966654476615,-0.01768139827182905,0.41570745987892255
0.22668764043706496,0.4268302916379262,0.20620959905317413,0.4786087637683474,1.5892747293609213
0.08275925916691419,0.23034575107219565,0.38815287003177334,0.12566867158224299,-0.22799319562543438
0.7421281629194222,-0.19468487715526914,-0.3425831821311554,0.5484839783517957,0.2702725432317586
-0.2825685101910027,-0.7960320610297498,-0.9096618274828615,-0.2306645415517153,1.4069200992592341
0.2589085435596489,0.1655422171908382,0.6882393699753998,1.92201723630173,0.3650841971757172
0.10672974494739569,-0.5827932591603417,0.29067716078442857,-0.38033825437118357,1.7317260338469023
0.3938858963911181,1.014856953371635,-0.7397063782872778,-0.9499743327462961,-0.5153218181843261
1.4786893446193616,0.8307493720984973,1.7894121240625556,-0.6327787274935003,-0.7243095966183942
-0.8598250535549983,-0.6549361385544878,-0.33746114458504617,-0.2301541971648176,1.4069200992592341
-0.016647419516095066,-0.19746030299355583,0.46616893357749695,-0.9499743327462961,0.36540320709466023
-0.849374968526681,0.04505718722294599,-1.775642847407466,-0.46281164965550814,0.8509065428424427
0.22668764043706496,0.4268302916379262,0.20620959905317413,-0.6789348294663133,-0.10459303642978746
0.10198032635865945,-0.9187147944398657,0.20846964641795693,0.8483908046571627,-0.6954012454678918
0.7824207970755883,1.7217687885234803,0.18855449292242815,0.44216082420250374,-0.2142789458343977
-0.31868123929743897,-0.4382856352995022,-2.053713443464219,-0.7402094366434713,-0.3937904083933048
-1.0181838502055764,-0.8502340442061305,0.1565744216304778,-0.9322392092681323,-0.7124301554492031
-0.43167234409394784,-0.2963788924627004,-1.3221445017624311,0.13761543232875487,0.06112074554691287
-0.01894142212050451,1.5460852823712974,-0.32496163804062184,0.22430688669614934,1.6785550388874846
2.207825964666847,0.8764499483437558,0.652490404938465,-0.701361692178213,0.9444834545162788
-0.231170744393186,0.22057622221647907,-0.5703811449989948,0.40035327752305405,2.136346979464698
-1.7512045983638163,-0.881489754445864,-0.07166995918232705,1.0612196828996083,0.9397762190561528
-0.28057405466416857,-0.4593578987991942,-0.7352947182834143,-0.10160019594466602,-0.16120007585681323
-0.703701171098502,-0.8107427937179105,-0.8096989732660627,0.22063809811076504,-0.24512894383431616
-1.5508788913215208,-0.07559355287555833,0.48933831056780946,1.2808085977797639,-0.2502036760459292
-0.22992020123463344,-0.046154618587801545,-0.852296084803784,-1.6163915932861876,0.5500724982644013
-0.3172815295174831,-0.04485279907464738,0.5979951962360069,-3.642478969290019,1.0306054320885272
0.31071234812879966,0.04670968623705593,0.17376518416854825,0.9083680101369022,0.5251923997224379
-0.47398270332989106,0.8740671186834086,0.008268637546431146,0.2859266145157622,0.7108254084879795
3.6914772401037736,-0.008696352291266071,1.5217968617715045,-3.092349284414807,0.34214875501070663
-0.26790386940520045,0.2368646641383956,0.4823763247995469,-2.193356872545557,0.5402604353172905
-0.44583383117759673,0.10952970699555216,-0.7902980997161799,0.26697756768384484,0.7575269224182674
-0.3422078608273684,0.04219860591316467,-1.6554111460832024,-0.4306228379413042,-0.33956250562358936
-0.8420905141054147,0.48403278757310436,-0.19309327822717148,0.40400477289718395,0.6263513144383213
0.42761949362153673,1.6480814037407605,-0.6136027772754982,-0.55707284172045,-0.46946899101952805
-0.8793628223887835,1.0875705853847002,0.01410425378802912,-0.5322335801662568,0.4684445812850607
-0.3614348572412188,0.41197537349886104,-0.7280271784293356,0.8169907960953686,0.8191814411130972
-0.006886990751859159,1.1484642225694597,-0.24174868097224536,-0.9126232829099198,4.1559007994517305
1.388547433814646,-0.08381732090457437,0.49062818544835923,-1.061789309346949,2.894443956557303
-1.5415726357114603,-0.3918654271306028,-2.0181502334664563,-0.048981101866608034,0.19895576918278046
-0.8635631231754709,-0.7842064335889066,-0.24298693941346097,-0.0405638157081846,-0.47972077937901825
0.9230127303840949,1.2696676721311886,0.5690789819020212,1.033475322525989,0.5815392703368458
0.4382694259833237,0.4055519163392219,0.9633128885199075,1.4999766811186506,0.44564690860286404
-0.36076106356793625,-0.6469128139543951,0.3203765096177537,-0.09759946837918458,-0.3632433694987979
-0.2774335622785056,0.1623277786927424,-0.25230732008882883,0.2710129355231176,-0.9683347126304562
1.1271942022935564,1.0804617881466159,-0.5026563830528714,0.38147197521123094,2.2437667146337983
-0.17171146461604492,1.5334776443008686,0.29346145521906364,1.4771993089279494,-0.22273220709846392
1.021604468280776,1.6473598443352062,1.3690319764686942,0.40322282223806044,-0.47972077937901825
0.40616895158537253,0.005097494636275357,0.48206591187733716,1.6360781941551683,0.5121076427745987
1.276596404208551,2.0833502310142005,-0.5131387136995739,-0.20591624203940515,0.9947168162074427
0.1755723362046738,-0.763840098864013,0.3507900557292413,0.5759875322150267,-0.9905385052119792
0.5689015139772104,1.2008261458856286,0.44460671580634703,0.646929522917467,0.09387895120138877
-0.2838893793334696,-0.25502397598801696,0.44430572362340465,1.064642065060366,1.7317260338469023
-0.17020824726571793,-0.001903733344965263,-0.15467915944806646,-0.04829832783619387,0.644333575865027
3.162002975247543,0.169310592783126,0.8267752962626996,-0.8068511626974605,-0.35710995237798865
0.0486369505904382,-0.4076501839382246,0.4101671273075132,-0.3524350977924068,-0.20670881370652533
0.28197976504748334,-0.3911619748768609,1.888015756249822,-0.032724994568822025,-0.3824882043104128
0.3096111171106907,0.11164641096868022,-0.3764817199203858,-0.3438924335801169,-0.16120007585681323
-0.15425898299697174,0.29674307625546315,0.03465890054082938,-0.019377898620064345,-0.3473002301745179
-0.3843729391913312,-0.39612648603661565,0.7875706970324252,-0.6582685922103713,0.5121076427745987
-0.101029281648326,-0.35659278156791213,-1.6534265266917427,-0.7529900988119044,-0.320308780869236
-0.4515644247545255,1.065539521832742,0.36621492443586723,0.7203199654052987,1.8619636724110884
-0.2739686807805504,0.27310354503839424,-0.3066726595732843,0.29686403719049415,-0.17781985728903985
-0.052965503621074835,1.008202461567487,0.07060797043114897,0.7702251879650357,0.6659546904761536
0.18481046645867905,0.14475032622242565,-0.023615961290414027,0.7900073481861235,-0.0673539786643722
0.004869697690932483,-0.6931720492417175,0.5489810497130895,0.6118196402025736,0.6165325636522389
0.09780870376554926,-0.4037905501165511,0.2106899205400047,0.867679687313061,1.0306054320885272
-0.29861570175237057,-0.5348688059154899,-0.6236003677941026,-0.5417867522994241,0.49715229726641685
-0.023212384335409314,0.11480391593503422,1.133153301399931,-1.0810207014837698,-0.152854154408241
-0.3274234656708371,-0.15061085908181768,-0.6496652850760612,-1.4240698335330646,2.0360691875333163
-0.722130491168885,-0.47318182359026734,-1.6436005357422063,0.5937069027276323,0.499973227744617
-1.0108969993895964,0.2031334626294856,-0.21802374871742192,0.41021023223990755,0.1347286060315697
-0.14989860425960644,2.186852562377028,-0.02541124775528882,-0.24289539854910708,0.8134757112945186
0.08195575703540313,0.8324191080792277,0.009903572712924523,0.3842720303929825,-0.9699550924152757
-1.2076738096838349,-0.7012092393333411,-1.6148670070164295,0.8290348996461545,2.4950769772355574
-0.07071013861510247,-1.0549550129418142,0.18453100874591905,0.6150369547241092,0.5349850679365312
-1.0261208493372873,0.08585617792283978,-1.804197540058791,0.1454940970579371,0.06112074554691287
0.14233284425317644,-0.4743984643266125,0.11572974066164375,-0.46278661317208425,-0.7124301554492031
-0.0043537154332334614,0.2528875719522339,-0.5870805388579575,0.44432135316142013,0.9947168162074427
0.6320816005805825,0.5230837157577052,-0.34239793899378607,0.039975637952359255,-0.41312712440772364
-0.882376820899694,-0.48383273370504193,-1.4835864544977482,-0.49958360699886606,0.5500724982644013
0.05260121991070028,-0.4899453632463118,0.038202477801912806,0.6222955716969166,4.199293505050844
-0.03402741814558429,0.05355916318898341,0.04915033264771486,-0.20447445493280178,0.502901163646362
0.15605788267864093,2.1232212974323517,-0.6264861686952108,-0.04774677124466495,0.7986394093200303
-0.3237597046964713,1.8809443545802018,-0.39484274745320935,0.7495281506147847,0.41302881317484214
1.8729913879026794,0.593330866529777,0.8912411334792758,-2.1128500893930866,0.2942258181109403
0.1068239459528301,1.3669773358328403,0.11214545945743917,0.010933470796979632,1.0972567696709512
1.1017549700736322,0.7987214311345711,0.8845906842651233,-0.8617977597506123,-0.42469223714525245
1.9321400000665072,0.5965642076884263,0.4857394463423233,-0.43517818047689,-0.4189325030269783
0.31748159976501905,-0.7081441770094444,0.704176758366548,2.925968194105853,1.0260436571260325
-0.0074911191906013724,1.8150037240311272,0.03320789872478789,0.7404431142228758,1.6821808507859108
-1.2223136015929497,-0.6730201377617213,-1.54428856721335,1.4732667700129913,-0.5073049384131536
-0.23733260080952334,-0.4093665614658373,-1.2996323749117544,0.815805302839024,-0.3937904083933048
-0.0958594730651115,-0.4042031648639903,-1.5154918539913624,0.5113127248739935,-0.3937904083933048
-0.35787751869505313,-0.6910994664162351,-1.6684540336810307,-0.43733892315010964,0.36428617079043696
1.174373443802348,-0.2074136661392595,0.5430528941121495,-0.04009223921241538,-0.06703965023270962
-0.5811744684976408,-0.016316698004241886,-0.6653215069269429,-0.6351033586388575,-0.4516596102302368
-0.7784414551653002,0.5398382194817967,0.41213647520886987,-0.649415675643741,-0.48957313655593265
-0.8623377173169801,0.2994158252186161,-1.0719269043553863,0.6999997982451639,1.457428999916026
0.08533371609920319,0.6041612384905426,0.2444962882076943,-0.48750758952599554,-0.09565440525236121
0.9125998256078482,1.4110578539426732,1.5005275596849894,0.7197841334996925,1.4913824895906922
0.49802080845930125,-0.5261830481066596,0.16605917964265726,0.6807949516522195,0.6263513144383213
2.5685889983280257,0.4597822612172492,1.677745537080634,-0.6100568038803112,1.4321877580695987
-0.2791681881055989,0.6636002872583517,-0.07514317064665699,0.12880527878003165,1.0481426178316764
-0.6560452101232067,0.14994412932946383,-0.8867951485399644,0.6683120016166353,0.4406641341771104
-0.11409659861264555,-0.3581998452664727,1.1135784816426313,-0.7455765555203026,0.6067298636796883
0.6158952663806151,0.6674341248527683,0.266346313114441,-0.7604547888801699,0.13985388881436592
-0.2647060823019023,1.404136114697034,0.1742155278598768,0.6571213041871242,8.391232309986687
2.848037926760098,-0.005752720594662325,-0.580292101268876,0.574478263690939,-0.019172916443259545
0.4713918722225388,2.92345649490511,0.08554014445381955,0.7882369726190421,0.9131663109641979
-0.8591158857537676,0.03183853858129023,-0.12084644159295971,-0.12034760712114685,-0.14307402589221938
0.28421810007097587,-0.13036856748790324,0.7023170701644497,1.9361196539857108,0.5099434580834049
-0.22682577268602397,1.9977962996607708,-0.2397145422762544,-0.32708062460552845,-0.8988454741784419
0.31588684578258447,0.43951255604133266,0.24583420102181242,-0.21160370483514596,0.023451826931601506
1.8482916089695267,1.5079705458615738,-0.09684548041867873,-1.6163915932861876,0.8672937546744337
0.3531464140959329,1.0242178576929744,-1.2046400019437924,-0.4740897923339172,-0.14823937832189665
-0.976545947734351,-0.21871677856898855,-0.37760496725853626,-0.10100298026707855,0.495688663707493
-0.17171146461604492,1.5334776443008686,0.41440423370680884,-0.029772353165179226,0.2345524608927571
-0.4896416155333776,-0.9713455611277511,0.42326147302574996,-0.39830917590953596,-0.9697330561614202
2.004540764823915,-0.545357753968925,0.9857692812167321,0.322823999988244,1.2402832283084855
0.20711299016190324,1.6432467919802956,0.24778914213638095,-0.48682787884945866,1.5844210302273183
1.3342640141590882,-0.4292627660586222,-0.019949273722774583,0.29640214678057486,0.34214875501070663
-0.6949798431981048,1.018234704917245,-0.6683260280004608,-0.9826507071872148,0.49715229726641685
-0.2955993423666283,0.8167398790089493,-0.5793089844639906,1.4790824990153641,0.8473124981791313
-0.07108290447318574,-0.6913101559889673,1.093448760979681,-0.20543375711660913,-0.10846529519431537
-0.6061783162559157,1.0473632377611808,-0.6373616379352294,-0.24657100179982475,-0.14303239409462146
-0.3891770412949296,-0.31484375868336273,-1.4362254013151814,0.07427482470888916,-0.7607601581690636
-0.8612088092066119,-0.38178793611101236,-1.0415628981934506,1.2923500215394654,-1.0202953759319975
-0.5927728472614564,-0.8105219202276859,-0.9848484943337336,0.26634680991078147,-0.09282795730700956
0.45586409728985916,0.2202457477232227,1.5837581186199332,1.0576684546477444,2.9134859060690514
2.2818923203619788,0.18780863235696243,1.7259236871257797,-0.8676127629630214,-0.4196061356073881
0.5826840066357556,-0.046154618587801545,-0.852296084803784,-0.3072451955020734,0.5026293029921685
-0.45724678894341547,0.7867162606506023,-0.6792221656078373,-0.280467165646777,0.8078552514228273
0.5254253153222413,0.7380091222898236,-0.5421726723907796,-0.4262329823488378,0.2763436161593309
-0.5471547986863708,-0.29692630234611755,-0.3943659013243139,-0.14184112424514012,-0.1289488083963812
1.5184344935408554,-0.5063163312940696,1.3182013456108048,-1.3077822578683858,-0.27452299929012736
-0.6642280310890777,0.9747659305199735,-0.40633858115127136,-0.1440701002062811,0.49715229726641685
-0.04434109046450661,-0.4301350008624979,-0.25004248561520476,0.42171684941347054,-0.9697330561614202
-0.04380841439867064,0.4235534448614175,0.14906262071885168,0.71710737363019,0.8587176043692655
0.6344334808443491,-0.019690514115502725,-0.048354001992645175,0.6641984088086752,-0.14307402589221938
-0.6483198762121775,0.16345434364858483,1.5639754000917534,0.3601276176269828,-0.6127061165846661
0.7905628064658176,0.8037379584634773,-0.20508164414547295,-0.5237886592512435,0.20928129096693235
-0.16047211281577714,-0.9182360121862566,-0.10005424808374258,0.26907829951467505,-0.1421995909466891
0.6033339150309142,0.2620812373739961,1.856516570249734,0.6946522754239666,-0.2208204883284461
-0.23533887483768642,-0.6467219486382657,-0.7729627528469791,1.287437803282182,0.9397762190561528
-0.9596433735233695,5.5949924143935315,-0.6915986411122248,0.280943949660229,-0.2984460680752621
2.553335315442553,-0.41249140391991407,1.2607261215275074,-0.5711450998887304,0.8768219188572022
-0.6642280310890777,0.9747659305199735,-0.40633858115127136,0.3110050183360644,0.495688663707493
-0.5839614964636088,-0.028874420652108965,1.268252435296537,-0.2618745217374289,-0.10846529519431537
-0.5848355581963331,-0.26979349527092106,-0.24325562209187737,-0.9678647290024007,0.7781094156371122
0.32905940448303034,0.8254212848888629,1.391526949377417,1.222349911832244,0.6067298636796883
0.14509485709559214,-0.4152861350785121,0.47708541299311724,1.3802920624514217,-0.7699146393492967
-0.4509890463481316,0.21995183828323417,-0.9741548112072264,0.6196767598903541,1.5329664691399494
-0.064523539306763,-0.5212343605163249,-0.11741851329012265,-0.019721369516692056,0.5121076427745987
-0.1655389661655171,0.3968462924742846,-0.8022647496253965,-0.5051319027111589,-0.3917950916361426
-0.7447358588894647,-0.4718941997137204,0.2967839864966492,-0.2635408199262028,0.6165325636522389
-0.25618462597271263,-0.566914840179908,0.015466381832410045,-0.07248171918969143,0.6165325636522389
0.47477968196863446,0.19174003148144905,1.5756524127134206,0.2314462127441713,0.35535573221575084
-0.8219591462428707,-0.5694458745092151,-0.14236382773281922,-0.7553852407895897,1.7317260338469023
0.189567264215453,-0.2974741728596799,0.6945829921929664,1.6287809426067685,-0.1421995909466891
0.1830907780735555,0.40706415617512226,0.0,-0.12556907671995013,-0.3163557664491266
-0.0713184691420664,-0.2873207568938797,0.37608507760723514,3.9488393584971315,-0.3675192393452589
-0.8844284195174258,0.0618605539796179,-0.1300174870353404,0.36396438722585417,0.32013339229220705
-0.3058841988083601,1.4898471992877989,-0.6608825285179218,-0.492225118629228,0.6385964132032822
-0.6919041724757649,-0.3811684715553916,-0.3921484596111692,-0.7531799739291469,2.838729910828953
-0.14929188822500278,0.025744144923449733,-0.7439959249560728,-1.216713664725372,-0.45627388472865826
-0.05980432674247174,0.5237175859737329,-0.29281957635284434,1.0259745025734457,1.5788620984741653
0.25165961634209977,0.3048975425840705,0.30550349253536097,0.47723999673518536,-0.10459303642978746
-0.2204330329385191,-0.1248343425230913,-1.0102690723786174,0.04230723161885293,0.495688663707493
0.7995057715417759,-0.2740695428564257,0.6635669694348453,0.4503655869967242,0.08433640816483148
-0.4189237635464875,0.07382645013423644,-1.6302420145756376,0.48866588826756924,0.3891493825389971
0.06280930067549631,-0.22637384173195163,-0.235740625000606,-0.4329830453104663,-0.670069216207426
0.08457084566925178,0.14080285755341573,0.18544158698295318,1.0261226276379378,-0.308930426034988
-0.09799892891100373,0.4049079905924491,0.7327372741709862,1.049504944653466,-1.0215363880511559
-0.06318365401724477,-0.8084808600115533,0.6929198138088876,0.6617006310898502,1.0306054320885272
-0.7875915695558671,-0.3347150282658394,-0.5287601280853083,-0.537600699043088,0.8009386883584494
0.9571242601712906,3.4404421658124016,0.4379498514356921,-0.18674804874198206,0.9582349890095816
0.0008556802032769038,0.9296886870320058,-0.27798723641672063,0.807216664758665,-0.4046606546616892
-0.40702570449241104,-0.28102433425868706,0.6920130505636527,-0.17787979333178724,0.29340159833499563
-0.8351903556012277,0.4870035593526313,0.45414841665102973,-0.5988447036203122,-1.0043011582375723
-0.8836228551600923,-0.37873580566333703,-0.267166826878054,0.03789701611773378,0.5898403951409339
-0.6107468743655783,-0.0764757233294586,-0.5706626805755682,0.42343517581307166,0.9086383095885094
0.2773503462564749,-0.6431423549082277,0.11982959160636951,-0.45323638759130486,0.5121076427745987
0.3938858963911181,1.014856953371635,-0.7397063782872778,-0.9499743327462961,2.2437667146337983
0.12708206678276535,-0.009803097941923269,-0.01955171704145507,2.9905039555601522,0.23555496795459258
-0.33202844604349085,0.07598564540401015,-0.5787735206193846,0.7424496399605276,1.5788620984741653
2.7468524207889295,1.5159674548940965,0.03620998237424143,1.5714477723185873,-0.32168363336581257
-1.1506718986565216,-0.8594930118770588,0.36002798247076806,-0.3931143018698102,-0.9697330561614202
-0.9901139929933765,-0.035680137423610786,-0.7285741397693652,-0.5188157829741784,0.4406641341771104
-0.5104429653926114,-0.20239603685713534,-0.7370629858929678,-0.2776426283932088,0.5277632050231021
-0.17064156238179073,1.6828073898501261,-0.5543954431078149,-0.44054529935372133,1.4261399452876253
-0.6857709393924529,0.2011984961235978,-0.7523227613254121,5.518154874076448,-1.0202953759319975
-0.006958694257860051,0.9392117269204648,0.19466505452357138,1.3111829909520112,-0.152854154408241
-0.8065126344777226,-0.6190704189033555,-1.5496326997858632,-2.050233702496721,-0.5283545771841615
-0.9926953753165255,-0.30079172564976203,0.40493363869801563,1.221424251067792,0.9397762190561528
0.3903189693571512,0.7471419056816773,1.5426503828916511,0.7887142165320855,0.8897946545022678
-1.5397596194675844,-0.93257388813227,-0.2628754132226522,-0.35883091445396414,-1.0043011582375723
1.3060971370456185,3.3048945255634847,0.5665883908034226,-0.1327028074679781,-0.25252686410867137
0.6600705314214945,-0.25871059661852397,0.2711390224990276,-0.9678647290024007,0.8086638111544878
0.36979523806758696,-0.4621577156490054,0.18014999244678703,0.4847258682482303,-0.055247652558071236
-0.6208728421466201,0.4225558117981758,-0.7417913532473773,-0.2031782655606015,-0.20698110681415716
0.08585229052703743,-0.34029029101285047,-0.6658495845687046,-0.7441589030948148,2.3356813639312555
0.6110959222500664,1.2027880353237796,0.169579537172545,1.6891445988259914,0.33442496978246256
-0.17860967711338005,-0.9336449150493809,-0.2512445061308273,0.5449457823143529,1.7317260338469023
-0.3458790035542481,0.27776227632971145,0.10993315734164501,0.07619421091750446,-1.0215363880511559
-0.10742538827003542,-0.39375082970122666,0.2749584627600979,0.2117846876985276,-0.9827771844875074
0.6785144843619072,0.20198583337697926,0.32317216252551584,0.4291577921701309,-0.4143155533929685
-0.5985403252618441,-0.17628664380571354,0.01684959304853168,-0.5232883820382045,0.5099434580834049
-0.0609614725688884,0.6130592418315836,0.1623035006311805,1.217128326501402,1.3977296709445288
-0.8028262220187868,-0.28166680069448125,-0.8088761036858965,2.0094333552204033,0.41570745987892255
-0.08077999899264092,1.321332652723756,0.054773574370721355,0.7246099402632608,-0.46889417125992294
-0.5645418143488684,0.5324173021101063,0.13569642271360605,0.17913498362953229,1.6515211218047334
-0.32964918807304616,-0.7387219051044888,0.2915671208696633,-0.0082786568994125,-0.24512894383431616
2.3161893245298986,0.7729009665389853,1.3286464919129761,-2.349897839786471,-1.1940483583424375
-0.17881862399336643,1.37320834567494,0.05624525596960445,1.3313682028888827,0.9397762190561528
0.7688009555378114,-0.2568752785159525,0.4252850943997721,-1.0886249037311058,0.5342741506538554
0.14460187577461842,0.5936140575692852,-0.28894745403576394,0.4817335849051937,-0.20787467123524092
0.024188838760987517,-0.5141135425576073,1.1155379824633291,-1.387309564516803,-0.10846529519431537
-0.6443312361642953,0.002755212503823267,0.18165229366980895,0.2973443587106389,-1.0043011582375723
-0.9493953791701616,-0.32598173644665474,-0.2724326845294534,0.2916385079059386,-0.323566594428253
1.1921240744585966,-0.08719797391292768,0.19420714041998183,-0.1690581535539426,-0.9004316623865194
0.9812858442946826,0.20441469422261307,-0.6742182620075245,-0.5640586178289957,-1.1044606590171444
1.7393097612810606,-0.4989917008210323,0.5959797772533417,-0.5572801349248031,0.3554712646339844
0.04937696173100847,-0.44382665077098493,0.15521381102995027,-0.3128015646066415,0.5349850679365312
2.0062975357738235,0.24411793997757736,-0.5307230345786016,-1.974199518408277,0.7119432807720742
-0.3008866938668836,-0.5215119448449249,-0.21100864312633313,-0.4480964532891095,0.36540320709466023
0.15910016872004878,-0.29044696066003006,-0.5322233930678538,0.6469535592203618,-0.5522861340765812
-0.035837471199995904,-0.22190924628967426,-1.2401785824998528,0.34769935074991254,-0.5055744600792651
0.5244096426314805,0.7830339984928234,-0.1817721881168074,-0.0927306055466148,-0.4143155533929685
0.21305394710988482,0.08057669826826741,-0.35566397644059394,0.15301847828273038,-0.10314328013672952
0.26484003501406284,-0.10682958306053383,-0.20322508896734173,-0.19030913983136188,0.6165325636522389
-1.0932512664915102,-0.2675195348958301,0.06683017572231359,-1.1736042859476021,-0.3483515584608457
-0.728594336428708,-0.5707194558757537,0.11171221759335799,-0.37519442628074634,-0.1289488083963812
-0.4596172718672776,0.02432000176745725,-0.03972390001572298,-0.44581173656552936,-0.06468001344757221
-1.7156095950764707,-0.5752013600515211,-2.113917209496991,0.23546449665564417,-0.3937904083933048
2.4150757733385415,0.1962205489601795,0.12205773810114266,-1.1109878990512363,0.3554712646339844
0.2460899629556952,0.49688580858448606,0.24464636875779455,0.14807552546191904,0.362788930840681
0.14078509474145712,0.36264054659864936,2.2601160803110014,0.39713391477459414,1.0026398990370389
0.061452134020402796,1.3838292684338516,-0.34235964082252873,-0.40437588140877817,-0.4566086110691844
-0.8352826409794212,-0.20735491603466885,0.18410259557945421,0.13046321017273935,0.8078552514228273
-0.5818860655535549,0.4420872077584136,-0.9743268056658713,0.022239599058579158,-0.6584093033524757
1.087985006379688,0.47421076559536685,1.5002496677764272,0.08855496512358269,-0.9981280320728694
2.468973419136848,-0.42312697649122594,1.3828712064978554,-0.33798860281560245,0.5410676574811567
-0.6512589316567163,-0.40405838885594936,-0.5764948384359142,-0.6230273411659869,-0.06405353013191219
1.6871760994335678,-0.33934106059911895,1.5473821726561205,-0.6100568038803112,-0.2208204883284461
1.8550641608398268,-0.0824209697003862,1.6482466383604928,0.5390713313164587,-0.3587541575891444
0.18570358912967755,0.17129041683036225,-0.31567280238162254,0.41897060073811015,0.29894035510725125
0.5390463905542557,-0.3799349070228978,1.8039192346247943,0.32989598856054464,-0.5321800082199019
0.09988538887019352,-0.5761051483611895,0.2570278893874124,-0.22431150792310253,1.4069200992592341
2.0220695490070617,-0.06123846453675819,0.8092607815510595,-0.2306645415517153,-0.37696698226439446
0.7736803337597083,-0.06113316612832794,1.5485203656906785,-0.29194504959693107,-0.152854154408241
0.46060688005944755,0.16915711865889113,1.1766478478557314,0.021317800326302212,1.0026398990370389
-0.8312300211583072,-0.21636325405064102,0.36483437166971494,0.8697592415231562,-0.9959316621566249
2.4644855239389805,0.5117265186040639,1.273749587127495,-0.5008812689652425,1.4234698255782336
-0.5739422334366934,0.7802603259537754,-0.04150867110015964,-0.5957444868754277,-0.5136033779605862
-0.5314021233380932,-0.5909736068516108,-0.09787029996040146,0.18156779048013602,-0.1798728566573323
-0.0609614725688884,0.6130592418315836,0.1623035006311805,1.6291696644302978,0.5189061654811288
-0.29133918085522076,-0.5209121697090888,0.3697611058450145,-0.8605223514657737,-0.24512894383431616
1.4850078859629459,2.3266204157571035,0.3403726783017919,1.1763937735469094,-0.4207365475895544
2.553335315442553,-0.41249140391991407,1.2607261215275074,-0.5711450998887304,0.8118766489964208
0.2110039714427433,-0.16524426183311344,0.3938371189214411,0.7652213637002244,-0.9905385052119792
0.36481979215135485,2.0879267122903453,-0.2594070049374364,0.2832954308216273,-0.2916938586536101
-0.15771628676167618,-0.4115781709702707,-1.5520173918574969,1.3000404352128685,0.8672937546744337
1.7468307516040142,-0.18553404315500183,1.8318953988262292,-0.7686290318318686,-0.31151161436430275
0.2042537168711397,1.8307715106140467,-0.6460812231659305,-0.20234296870801166,0.08964220521291133
0.6694851041972975,0.9456165597596048,-0.41751204966763883,-0.5477859861775776,-0.17781985728903985
-0.8583749273956539,-0.7537030408077,-2.0967144605078936,-0.2500728300690586,0.7259890801801252
0.30840918850780347,-0.6627956907730466,0.17827499345562645,0.9090106542607258,0.3585322885312632
-0.24686144764546575,-0.4566582758985792,0.5517399697490705,0.06755696373245539,-0.10846529519431537
-0.6893092833613296,0.6996798060288351,-0.9312606566281673,2.6032063295860284,0.16499826680473154
0.14595101876689667,-0.3796523562460009,0.18941277098078244,0.9801657394452971,-1.0043011582375723
-0.33046988950634654,1.2601741184867017,0.14875149708437624,-0.039900199949732235,-0.5866576525743729
0.9332880671563478,0.8243336822796062,0.5854272221093014,1.430883149946963,-0.476987961179268
-0.6060026239924117,-0.48287579008414705,-1.6442856330465365,-0.33613426984143746,-0.16954532852148893
-0.654816475316082,-0.515599298197166,-1.2439637034002835,-0.19205446310688218,-0.5586185532941975
1.7831148122874576,0.2838526647029193,0.4680527187475888,0.5413591642359682,0.9971197567499209
-0.08702665723748823,-0.6137623014562928,1.716125783870821,-0.7411039564562764,0.5881249644447311
1.0601703212414453,1.2246717463319494,-0.5067560618080653,0.5279182888246441,2.2437667146337983
-0.009112527422051655,1.6319719294151822,0.6393378482938372,0.423922406401273,-0.1798728566573323
-1.7745330688364036,-0.164195526070456,0.5216439963370044,-0.5353643995110751,-0.10846529519431537
0.7529615395608582,-0.28117120777856197,-0.5074296511636087,2.068362525265465,0.7834242412678036
0.6978718193775197,1.2852045226865054,-1.0429252159782714,-0.13398925351221058,-0.6584093033524757
-0.7856742697290994,-0.0662428504555839,-0.5708598234915264,-0.2359240754033311,-0.3897365748006993
-0.9197983515186473,0.6575362416260779,-1.315334367010263,0.23263249396017302,-1.0092460627751496
0.8500025101330145,0.5209841050415928,1.1321338714459532,-0.2306645415517153,1.4069200992592341
-1.7156095753216716,-0.43432800737563926,-1.8509204835700914,0.19277148116400625,0.06112074554691287
-0.5926493464204249,-0.6613680019400534,-1.1538222114009962,0.3149591976164699,-0.9004316623865194
0.07697136406530182,1.2589193126850644,-0.050506003516249336,0.0022044052798341437,0.8672937546744337
1.1034819175076636,1.6784658155049055,-0.6908469773795388,-0.6865382478751578,1.0286101153313651
0.4909161705082507,0.7179476372858745,-0.5443890316866888,-0.36304829221434853,0.6385964132032822
-0.1173416525789429,0.11796447343327121,-0.5990430628446113,-2.703233165844534,1.0053655278098945
0.305759790619351,-0.6931720492417175,0.5489810497130895,0.6118196402025736,0.5121076427745987
1.8482916089695267,1.5079705458615738,-0.09684548041867873,-1.6163915932861876,0.6859837650201026
-0.15425898299697174,0.29674145373126026,0.03465890054082938,-0.3824015115213818,0.2588358370024838
-0.549608550672592,0.30396126971997606,-0.7288963749492056,-0.4885632771211785,-0.4516596102302368
0.11048588947722902,-0.5373720617331821,0.21525971065372962,-0.6197455339930137,-0.2562397851097021
-0.05701991380031,0.988658342815616,-0.4713799385151897,-0.21077116781949087,0.9881189286700592
0.19016232851340842,1.1247433762501842,-0.4836611092931838,0.17408704676262365,-0.0673539786643722
-0.5928777409713947,-0.07076351495759653,-1.626277084145855,1.435120241456438,1.1145762662555763
-0.40578659856608545,1.7467749161461241,0.4788012371937899,-1.2675288662921507,0.6214467877285345
-0.34385351620736493,-0.6146361354363002,-1.2754269618714538,0.9023950974200092,0.5333960373968908
-0.4489281055884919,0.13185159372887373,-0.9474286314533021,-2.7121783639725865,2.3356813639312555
0.2707022406361714,-0.789432999420714,0.12165560508960103,-0.446278464455587,0.5099434580834049
-0.3519242985528377,-0.42865373502506987,0.2225226995082258,0.15831938862361405,0.3650841971757172
-0.4158659476007681,0.10513913409303942,-0.7576273549784114,0.20710403162661126,1.5788620984741653
1.0415884765327275,0.27068456558554294,0.1805462119735543,0.5364915991415781,0.37658276591547885
-0.15523834412139698,-0.4691240736263192,0.22781458587204734,-0.22395431497615176,0.5121076427745987
-0.3128732984532266,-0.1863122779123406,-0.07260017379876237,0.05401100354514158,0.502901163646362
-0.2856347408950521,1.6459874045425225,-1.362267809731131,1.9500158437760933,-0.6843719958279588
0.2629332433584243,1.5952865738557316,0.3174146650647301,0.6222245502762395,-0.9442401007757015
0.7907316300585145,2.033423554364041,0.22507594662194802,0.09073699537500346,2.4891983667795645
0.11089273591603296,0.08811862329028994,-0.2388716763524823,-0.2817318385551147,-0.38543077687484056
-0.061731453563841854,-0.4788316914151707,1.3642193668770792,0.08454989807367087,-0.47791355809293096
-0.5736212214541205,0.35755715688629847,-0.7400746398605408,-0.48848220361166805,-1.4625202845290932
0.24547727301609196,0.027707772699239526,0.2619945404560668,0.987130484952663,-0.207182814293634
-0.7101164520180329,-0.4135983303283104,-0.7168599985632137,-0.6176602222891556,1.3852127115253745
-0.25792956506317943,0.4309870348439711,-0.04373127036189713,-0.666858811993443,-0.06522578850609019
-0.26747189204627086,1.703455828797501,-1.0737651334989498,0.4682783063898157,-0.4516596102302368
0.07994333352831703,-0.11821702409140716,0.21427047878927694,2.281148271596479,-0.09547132566051501
-0.7489507752565782,0.2188046690447332,-0.2514807236344976,-0.5833882369740676,1.305082703279687
-0.6119262190900119,0.5190393430710912,-0.8426052792062406,0.16157879492753216,-0.15818118534505549
-0.8490142136207972,-0.3836612151184665,-0.4242857098335867,0.03995058882423131,0.502901163646362
-0.5660005983878382,0.5061958104854901,-0.2690840961256151,-0.29180858360239864,-0.5162599547960605
-0.5887610669042495,0.2565183465057597,-0.8506170401779138,-0.185070471125437,-0.5719499243041126
0.1877420083350474,-0.5785050425857602,0.601635264705967,0.49254849416152563,0.5121076427745987
0.05404485360323823,0.4023044514218382,-0.26078411344430874,-0.775095709342875,-0.0021498894353921523
-0.7174437815741062,-0.8960682375342596,0.32420611146864386,1.3959359433786624,0.9397762190561528
-0.4160627675895706,0.26388450504529426,-0.5270937415817081,1.0017953184786321,1.5892747293609213
-0.3921876704622907,-0.13012896183858055,-1.7398514519927206,-0.41268007648719335,-0.320308780869236
-1.0891599256970814,-0.10080923738921853,-0.6144371802968209,-1.1780768850116283,-1.3996690606482913
-0.723254708109078,-0.8391165073651646,-1.948414686602363,0.3076247003886053,-0.5055744600792651
-0.28588653748557874,-0.8244147631559269,0.32506855488137526,3.897926184161246,0.5349850679365312
-0.06379562081449061,-0.5487260108647987,0.5091964651302702,0.08251698119975853,-0.5007926552146063
0.8088888714123648,1.4702445938931832,0.0011068203611350196,-0.10467874288946276,0.018739575592246805
-1.4371194998372103,-0.6014606085691455,-2.0755578008681814,-0.3230549402508704,0.7597212023848332
-0.574205682139678,-0.18117353545455764,-1.2866497058327864,0.1535481100172712,-0.5055744600792651
0.573218118174987,-0.31473333110130697,-0.29187153297924706,0.10254481657134909,-0.19854513586992756
-0.06953819830891611,-0.0992515533688038,1.2324583160536762,-3.82585553091509,-0.47791355809293096
-0.42124390727598243,1.6913347883629175,0.20502480211706908,-0.9499743327462961,-0.4299222944169795
-0.12855726868620354,-0.11097310222470123,-0.1090919968555395,0.09366101024074829,0.5099434580834049
0.506783336609729,0.26260278036439766,0.7695325406201109,-1.0796797056030534,0.4150488749361991
-0.28815093935409797,-0.47894936427239865,0.3912829352464483,0.03588858587438906,-0.3632433694987979
-0.7301726019976768,-0.8341577819520677,-1.9543946906226108,0.30927879075339776,-0.5055744600792651
0.5445670737362553,0.36467584447352025,0.011485017050588358,-0.44591241823055267,0.4065574929899953
-1.1338796875547084,-0.16335218475525412,-1.0265531320090362,0.009484898916512259,-0.28719143826198784
-0.44366974119833574,0.34778104932094334,1.6915153133813325,1.9384435794921158,-0.18661152320506658
0.7136717262895961,0.9295423222373261,-0.2031562063016789,-0.14943287468917424,-1.2223631637842152
